temperature,temperature_delta,temperature_std,temperature_slope,pressure,pressure_delta,pressure_std,pressure_slope,humidity,humidity_delta,humidity_std,humidity_slope,acceleration_norm,acceleration_std,acceleration_jerk,gyro_norm,bus_voltage,bus_voltage_delta,bus_voltage_std,current_ma,current_delta,current_std,power_mw,power_slope,ewma_temperature,ewma_pressure,ewma_humidity,normalized_residual_temperature,normalized_residual_pressure,normalized_residual_humidity,cusum_temperature,cusum_pressure,cusum_humidity,wind_speed,wind_speed_std,wind_speed_slope,wind_zero_fraction,wind_gust_factor,wind_direction_sin,wind_direction_cos,wind_direction_circular_variance,wind_direction_stuck_fraction,rain_rate,rain_window_accumulation,rain_humidity_inconsistency,solar_irradiance,solar_std,solar_clear_ratio,bmp_valid,humidity_valid,mpu_valid,ina_valid,rain_valid,wind_valid,vane_valid,solar_valid,label,sequence_id,sample_index
17.93519,0.14417458,0.07734476,-0.0020427662,970.92053,0.10003662,0.11306226,0.0075674877,78.31,-0.15000153,0.26280898,0.011375874,9.781401,0.03165194,-0.11301687,0.009760916,4.919534,0.0023474693,0.014427213,74.45631,-2.237503,2.4540489,366.29037,0.7078566,17.93064,970.88983,78.32983,0.02528707,0.08774209,-0.024781853,0.0,0.0,0.0,0.0,0.0,0.0,0.0,0.0,0.0,0.0,0.0,0.0,0.0,0.0,0.0,0.0,0.0,0.0,1.0,1.0,1.0,1.0,1.0,0.0,0.0,0.0,0,test/100/0/0,19
17.835798,-0.09939194,0.08058103,-0.0036292928,970.739,-0.18151855,0.11640518,0.005001395,78.93,0.62000275,0.29727733,0.02372923,9.821513,0.031253815,0.10659756,0.0034737738,4.9108233,-0.008710861,0.01466161,77.07018,2.6138763,2.4862626,378.47806,0.7706046,17.921154,970.87476,78.38984,-0.47420132,-0.3877941,0.67519945,-0.019593606,0.0,0.042438496,0.0,0.0,0.0,0.0,0.0,0.0,0.0,0.0,0.0,0.0,0.0,0.0,0.0,0.0,0.0,1.0,1.0,1.0,1.0,1.0,0.0,0.0,0.0,0,test/100/0/0,20
18.013361,0.17756271,0.08176093,-0.0031474622,970.8969,0.15789795,0.11554554,0.006522318,78.28,-0.6500015,0.2972437,0.023879563,9.808695,0.031281468,-0.05293125,0.003955795,4.920037,0.009213448,0.013418785,76.361145,-0.7090378,2.2797246,375.69968,0.54045254,17.930376,970.87695,78.37885,0.4610324,0.057008594,-0.12357224,0.0,0.0,0.0,0.0,0.0,0.0,0.0,0.0,0.0,0.0,0.0,0.0,0.0,0.0,0.0,0.0,0.0,0.0,1.0,1.0,1.0,1.0,1.0,0.0,0.0,0.0,0,test/100/0/0,21
17.902084,-0.11127663,0.08117711,-0.0028391487,970.8721,-0.024841309,0.112715274,0.0048729,78.88,0.5999985,0.28078604,0.021608872,9.795806,0.031359296,-6.971444e-05,0.0053966497,4.9194613,-0.00057554245,0.013421621,72.94851,-3.4126358,2.2406292,358.86737,0.12632395,17.927546,970.87646,78.42897,-0.141454,-0.012569916,0.5637833,0.0,0.0,0.027943177,0.0,0.0,0.0,0.0,0.0,0.0,0.0,0.0,0.0,0.0,0.0,0.0,0.0,0.0,0.0,1.0,1.0,1.0,1.0,1.0,0.0,0.0,0.0,0,test/100/0/0,22
17.961424,0.059339523,0.08136782,-0.0024547807,970.9269,0.05480957,0.111367464,0.004250479,78.35,-0.5299988,0.28078604,0.02139829,9.78475,0.03193062,0.0018315371,0.0033021395,4.9294806,0.010019302,0.013471689,76.02943,3.0809174,2.0934775,374.78558,0.46302834,17.930933,970.88153,78.421074,0.16938902,0.12962598,-0.08884368,0.0,0.0,0.0,0.0,0.0,0.0,0.0,0.0,0.0,0.0,0.0,0.0,0.0,0.0,0.0,0.0,0.0,0.0,1.0,1.0,1.0,1.0,1.0,0.0,0.0,0.0,0,test/100/0/0,23
18.067844,0.10642052,0.08084987,-0.0025537736,970.6789,-0.24798584,0.1187212,0.00027649384,78.08,-0.26999664,0.2860324,0.015435952,9.735433,0.034651026,-0.03825991,0.00615678,4.916927,-0.012553692,0.012630502,77.88554,1.8561096,2.1692386,382.9575,0.68325865,17.944626,970.86127,78.38696,0.6845527,-0.5210145,-0.38370553,0.05871855,-0.0054810033,0.0,0.0,0.0,0.0,0.0,0.0,0.0,0.0,0.0,0.0,0.0,0.0,0.0,0.0,0.0,0.0,1.0,1.0,1.0,1.0,1.0,0.0,0.0,0.0,0,test/100/0/0,24
18.032843,-0.035001755,0.074279346,0.0012228299,970.68506,0.006164551,0.124711275,-0.003515166,78.06,-0.020004272,0.28872594,0.0076765534,9.788855,0.034864083,0.1027385,0.004488342,4.9432926,0.026365757,0.013628974,75.28902,-2.5965195,2.1580622,372.17566,0.62805,17.953447,970.8436,78.35427,0.44108865,-0.45306134,-0.36783978,0.075571895,-0.005529786,0.0,0.0,0.0,0.0,0.0,0.0,0.0,0.0,0.0,0.0,0.0,0.0,0.0,0.0,0.0,0.0,1.0,1.0,1.0,1.0,1.0,0.0,0.0,0.0,0,test/100/0/0,25
17.84648,-0.18636322,0.07699893,-0.00079854805,970.7806,0.09552002,0.12591413,-0.005271051,78.45,0.3899994,0.28125212,0.00447355,9.812576,0.034863684,-0.02970069,0.004461427,4.8869386,-0.056354046,0.015405965,74.51022,-0.77879333,2.163795,364.12692,0.5553632,17.942749,970.83734,78.363846,-0.5348363,-0.16213231,0.1076935,-0.012353971,0.0,0.0,0.0,0.0,0.0,0.0,0.0,0.0,0.0,0.0,0.0,0.0,0.0,0.0,0.0,0.0,0.0,1.0,1.0,1.0,1.0,1.0,0.0,0.0,0.0,0,test/100/0/0,26
17.994358,0.14787865,0.0731889,0.0017991374,970.84326,0.062683105,0.12594241,-0.0053329584,78.25,-0.19999695,0.2823579,0.0023907942,9.820378,0.030621972,-0.01591902,0.004455981,4.882788,-0.0041503906,0.017101161,79.23486,4.72464,2.243327,386.88705,0.5783572,17.94791,970.8379,78.352455,0.25804055,0.015266052,-0.12807241,0.0,0.0,0.0,0.0,0.0,0.0,0.0,0.0,0.0,0.0,0.0,0.0,0.0,0.0,0.0,0.0,0.0,0.0,1.0,1.0,1.0,1.0,1.0,0.0,0.0,0.0,0,test/100/0/0,27
17.970606,-0.023752213,0.07305224,0.0017069193,970.74036,-0.10290527,0.12761012,-0.008309547,78.48,0.23000336,0.27550122,0.00878188,9.773525,0.03030869,-0.054655224,0.0064486656,4.940327,0.057538986,0.017441913,77.424866,-1.8099976,2.1805427,382.50418,0.52893776,17.95018,970.8282,78.36521,0.11347544,-0.2508741,0.1434886,0.0,0.0,0.0,0.0,0.0,0.0,0.0,0.0,0.0,0.0,0.0,0.0,0.0,0.0,0.0,0.0,0.0,0.0,1.0,1.0,1.0,1.0,1.0,0.0,0.0,0.0,0,test/100/0/0,28
17.87121,-0.09939575,0.07312873,0.0016819373,970.64667,-0.093688965,0.12459995,-0.007788958,78.58,0.099998474,0.25178325,0.0037669018,9.814909,0.028707292,0.08823762,0.00598054,4.9147725,-0.025554657,0.016545296,77.31544,-0.109428406,1.8876702,379.98776,0.27137062,17.942284,970.81,78.38669,-0.39485085,-0.46670118,0.24163802,0.0,-0.018448187,0.0,0.0,0.0,0.0,0.0,0.0,0.0,0.0,0.0,0.0,0.0,0.0,0.0,0.0,0.0,0.0,1.0,1.0,1.0,1.0,1.0,0.0,0.0,0.0,0,test/100/0/0,29
17.900532,0.02932167,0.07160933,-3.750163e-06,970.93494,0.28826904,0.12483398,-0.007690889,78.18,-0.40000153,0.25468415,-0.0011429177,9.775571,0.02863397,-0.08072266,0.0028713394,4.967403,0.052630424,0.019514007,80.77385,3.4584122,2.1312957,401.23627,0.67816514,17.938108,970.8225,78.36602,-0.20875743,0.3212322,-0.2325275,0.0,0.0,0.0,0.0,0.0,0.0,0.0,0.0,0.0,0.0,0.0,0.0,0.0,0.0,0.0,0.0,0.0,0.0,1.0,1.0,1.0,1.0,1.0,0.0,0.0,0.0,0,test/100/0/0,30
17.954815,0.054283142,0.06949139,0.0014679385,970.85565,-0.07928467,0.12458151,-0.006992059,78.06,-0.12000275,0.26321876,-0.0077895373,9.8566675,0.03018731,0.12043471,0.0021393423,4.9177833,-0.049619675,0.018528394,77.04988,-3.7239685,2.1291237,378.9146,0.74499243,17.93978,970.8258,78.33542,0.083534025,0.08523411,-0.34427783,0.0,0.0,0.0,0.0,0.0,0.0,0.0,0.0,0.0,0.0,0.0,0.0,0.0,0.0,0.0,0.0,0.0,0.0,1.0,1.0,1.0,1.0,1.0,0.0,0.0,0.0,0,test/100/0/0,31
17.981731,0.026916504,0.07021352,0.0023029873,970.83826,-0.01739502,0.124561325,-0.0069105565,78.52,0.45999908,0.2444887,0.0014360127,9.823146,0.029705241,-0.11461838,0.0081184395,4.88774,-0.030043125,0.019790886,76.387924,-0.6619568,2.049078,373.36432,0.4939901,17.943974,970.8271,78.353874,0.20976314,0.03198065,0.20764892,0.0,0.0,0.0,0.0,0.0,0.0,0.0,0.0,0.0,0.0,0.0,0.0,0.0,0.0,0.0,0.0,0.0,0.0,1.0,1.0,1.0,1.0,1.0,0.0,0.0,0.0,0,test/100/0/0,32
17.927183,-0.054548264,0.07017191,0.002379426,970.9916,0.15332031,0.12577125,-0.006557562,78.14,-0.37999725,0.24137686,-0.0061429017,9.809956,0.02973176,0.02033116,0.0047576707,4.90513,0.017389774,0.020058108,80.982155,4.5942307,2.2667289,397.228,0.81171143,17.942295,970.8435,78.33249,-0.08395449,0.42303482,-0.24061288,0.0,0.0,0.0,0.0,0.0,0.0,0.0,0.0,0.0,0.0,0.0,0.0,0.0,0.0,0.0,0.0,0.0,0.0,1.0,1.0,1.0,1.0,1.0,0.0,0.0,0.0,0,test/100/0/0,33
17.86787,-0.05931282,0.070315205,0.0003918067,970.84766,-0.1439209,0.12494031,-0.0077070883,78.25,0.11000061,0.2374427,-0.011293271,9.722629,0.03392451,-0.07413569,0.0027131948,4.902176,-0.0029540062,0.020422665,80.09457,-0.8875885,2.3061256,392.63763,0.83584607,17.934853,970.84393,78.32424,-0.37212315,0.010649024,-0.09280091,0.0,0.0,0.0,0.0,0.0,0.0,0.0,0.0,0.0,0.0,0.0,0.0,0.0,0.0,0.0,0.0,0.0,0.0,1.0,1.0,1.0,1.0,1.0,0.0,0.0,0.0,0,test/100/0/0,34
18.017136,0.14926529,0.07131227,0.00070435804,970.82623,-0.02142334,0.11688678,-0.005131496,78.38,0.12999725,0.2374548,-0.011120318,9.815305,0.032944676,0.18000187,0.0042763306,4.938698,0.03652191,0.020862704,78.66981,-1.4247589,2.3306186,388.5264,0.9439532,17.94308,970.84216,78.32982,0.4114156,-0.045504466,0.062726095,0.0,0.0,0.0,0.0,0.0,0.0,0.0,0.0,0.0,0.0,0.0,0.0,0.0,0.0,0.0,0.0,0.0,0.0,1.0,1.0,1.0,1.0,1.0,0.0,0.0,0.0,0,test/100/0/0,35
17.907759,-0.10937691,0.07091122,0.00092067575,970.86285,0.036621094,0.112745866,-0.0027816887,78.23,-0.1499939,0.23682213,-0.01563154,9.828652,0.03216005,-0.07932765,0.00113984,4.924555,-0.01414299,0.020837853,79.9055,1.2356949,2.2170131,393.499,0.84314924,17.939548,970.84424,78.31983,-0.17661048,0.053214505,-0.11228965,0.0,0.0,0.0,0.0,0.0,0.0,0.0,0.0,0.0,0.0,0.0,0.0,0.0,0.0,0.0,0.0,0.0,0.0,1.0,1.0,1.0,1.0,1.0,0.0,0.0,0.0,0,test/100/0/0,36
17.850986,-0.056772232,0.07247305,0.00041979452,970.84845,-0.014404297,0.089386605,0.002043301,77.79,-0.44000244,0.2647468,-0.021248035,9.830399,0.032795012,-0.011601171,0.002782099,4.906705,-0.017849922,0.019893497,76.91161,-2.9938889,2.1096592,377.38257,1.0585517,17.930693,970.84467,78.26685,-0.4428106,0.010853436,-0.59606344,-0.005749064,0.0,-0.058869086,0.0,0.0,0.0,0.0,0.0,0.0,0.0,0.0,0.0,0.0,0.0,0.0,0.0,0.0,0.0,1.0,1.0,1.0,1.0,1.0,0.0,0.0,0.0,0,test/100/0/0,37
17.738525,-0.11246109,0.07823478,-0.0045555,970.8318,-0.016662598,0.08937424,0.0019844228,78.03,0.23999786,0.27094766,-0.023571359,9.777579,0.031472676,-0.05456598,0.0030921164,4.908555,0.0018501282,0.019990912,75.19945,-1.7121658,2.1557555,369.1206,0.8536132,17.911476,970.8434,78.243164,-0.960835,-0.03307859,-0.2664595,-0.13453992,0.0,-0.054761324,0.0,0.0,0.0,0.0,0.0,0.0,0.0,0.0,0.0,0.0,0.0,0.0,0.0,0.0,0.0,1.0,1.0,1.0,1.0,1.0,0.0,0.0,0.0,0,test/100/0/0,38
18.018156,0.27963066,0.08062218,-0.0031806976,970.818,-0.013793945,0.08684627,0.003291034,78.32,0.29000092,0.27095366,-0.023473639,9.844765,0.032717578,0.120004416,0.004834017,4.9666314,0.05807638,0.022719983,75.76617,0.56671906,2.0895255,376.30264,0.5923418,17.922144,970.8408,78.25085,0.53340185,-0.065240875,0.086437486,0.006285702,0.0,0.0,0.0,0.0,0.0,0.0,0.0,0.0,0.0,0.0,0.0,0.0,0.0,0.0,0.0,0.0,0.0,1.0,1.0,1.0,1.0,1.0,0.0,0.0,0.0,0,test/100/0/0,39
17.933823,-0.08433342,0.07748029,-0.004704765,970.8027,-0.015319824,0.084843956,0.0016669022,78.14,-0.1800003,0.23289178,-0.016172877,9.85553,0.034519434,-0.05642015,0.0033198323,4.9242287,-0.042402744,0.022651426,76.63611,0.8699417,2.093951,377.37372,0.52375257,17.923311,970.83704,78.23976,0.05839454,-0.09811062,-0.1247066,0.0,0.0,0.0,0.0,0.0,0.0,0.0,0.0,0.0,0.0,0.0,0.0,0.0,0.0,0.0,0.0,0.0,0.0,1.0,1.0,1.0,1.0,1.0,0.0,0.0,0.0,0,test/100/0/0,40
17.890041,-0.04378128,0.07612771,-0.0041980627,970.80725,0.0045776367,0.08335751,0.002505562,78.93,0.7900009,0.27348652,-0.006661597,9.790319,0.034620162,-0.075975604,0.0040138573,4.8960633,-0.02816534,0.023253677,79.34552,2.7094116,2.129979,388.48068,0.57162565,17.919985,970.83405,78.308784,-0.16635132,-0.07652849,0.77651507,0.0,0.0,0.05218829,0.0,0.0,0.0,0.0,0.0,0.0,0.0,0.0,0.0,0.0,0.0,0.0,0.0,0.0,0.0,1.0,1.0,1.0,1.0,1.0,0.0,0.0,0.0,0,test/100/0/0,41
17.897154,0.007112503,0.07623135,-0.0051613096,970.7564,-0.050842285,0.08369147,0.0023605002,78.31,-0.62000275,0.23969306,0.0024887142,9.805918,0.034587607,0.08080909,0.0048468537,4.9263735,0.030310154,0.02330952,79.28966,-0.055862427,1.9006865,390.61044,0.36493114,17.917702,970.8263,78.30891,-0.11415367,-0.19961295,0.0013604875,0.0,0.0,0.0,0.0,0.0,0.0,0.0,0.0,0.0,0.0,0.0,0.0,0.0,0.0,0.0,0.0,0.0,0.0,1.0,1.0,1.0,1.0,1.0,0.0,0.0,0.0,0,test/100/0/0,42
17.878971,-0.018182755,0.07673077,-0.005439956,970.96436,0.20794678,0.08652086,0.006225448,78.4,0.09000397,0.24070531,0.0054135374,9.818804,0.03446839,-0.0027117217,0.005183119,4.9312787,0.004905224,0.023351934,75.76202,-3.5276413,1.9135351,373.60364,0.11888852,17.913828,970.8401,78.318016,-0.19365208,0.35506862,0.1024789,0.0,0.0,0.0,0.0,0.0,0.0,0.0,0.0,0.0,0.0,0.0,0.0,0.0,0.0,0.0,0.0,0.0,0.0,1.0,1.0,1.0,1.0,1.0,0.0,0.0,0.0,0,test/100/0/0,43
17.896034,0.01706314,0.069834046,-0.0036705304,970.8522,-0.11218262,0.08062804,0.004515867,78.18,-0.22000122,0.23753753,0.0008571883,9.789427,0.030833118,-0.042263657,0.004011209,4.9442143,0.012935638,0.023955857,73.871124,-1.890892,2.088381,365.23468,-0.11590319,17.912048,970.8413,78.304214,-0.08897116,0.031092182,-0.15527037,0.0,0.0,0.0,0.0,0.0,0.0,0.0,0.0,0.0,0.0,0.0,0.0,0.0,0.0,0.0,0.0,0.0,0.0,1.0,1.0,1.0,1.0,1.0,0.0,0.0,0.0,0,test/100/0/0,44
17.93367,0.037635803,0.06490825,-0.0016577484,970.7733,-0.07885742,0.074971385,0.0015165171,91.0,12.82,2.778514,0.17897746,9.845902,0.031583216,0.085852064,0.0032354174,4.925339,-0.018875122,0.023426065,78.226234,4.35511,2.0286822,385.2907,-0.20776877,17.914211,970.8345,79.57379,0.10810497,-0.17479326,4.1123443,0.0,0.0,0.8192556,0.0,0.0,0.0,0.0,0.0,0.0,0.0,0.0,0.0,0.0,0.0,0.0,0.0,0.0,0.0,1.0,1.0,1.0,1.0,1.0,0.0,0.0,0.0,0,test/100/0/0,45
17.944178,0.010507584,0.06331073,-0.0022883036,970.85815,0.08483887,0.07425948,0.0011046445,91.0,0.0,3.8207138,0.34379697,9.772263,0.032660704,-0.13011515,0.0025509903,4.877278,-0.04806137,0.024187649,73.1588,-5.067436,2.1515186,356.81577,-0.8532265,17.917208,970.83685,80.716415,0.14983238,0.060843147,2.691535,0.0,0.0,1.3904879,0.0,0.0,0.0,0.0,0.0,0.0,0.0,0.0,0.0,0.0,0.0,0.0,0.0,0.0,0.0,1.0,1.0,1.0,1.0,1.0,0.0,0.0,0.0,0,test/100/0/0,46
18.089415,0.14523697,0.0718072,0.0013439666,970.861,0.0028686523,0.074458905,0.0016068307,91.0,0.0,4.544363,0.48658645,9.839985,0.033288293,0.14136273,0.0049594245,4.9129696,0.035691738,0.022755336,76.855125,3.6963272,2.1234508,377.58688,-0.83158916,17.93443,970.8393,81.744774,0.861034,0.06213537,2.0366387,0.0868076,0.0,1.8564248,0.0,0.0,0.0,0.0,0.0,0.0,0.0,0.0,0.0,0.0,0.0,0.0,0.0,0.0,0.0,1.0,1.0,1.0,1.0,1.0,0.0,0.0,0.0,0,test/100/0/0,47
18.023495,-0.065919876,0.07441998,0.0035165471,970.94867,0.087646484,0.07493529,0.001709581,91.0,0.0,5.0939617,0.6138346,9.821962,0.032326408,-0.08574575,0.009136831,4.939684,0.026714325,0.022728309,75.80701,-1.0481186,2.1546466,374.46265,-0.9098019,17.943335,970.8502,82.670296,0.44533122,0.28129852,1.6352112,0.096834734,0.0,2.2524614,0.0,0.0,0.0,0.0,0.0,0.0,0.0,0.0,0.0,0.0,0.0,0.0,0.0,0.0,0.0,1.0,1.0,1.0,1.0,1.0,0.0,0.0,0.0,0,test/100/0/0,48
18.010614,-0.012880325,0.075470276,0.0038561842,970.7745,-0.17419434,0.06196522,-0.0024687115,91.0,0.0,5.5218716,0.72383463,9.804322,0.03236084,0.00038361145,0.005103353,4.9214516,-0.018232346,0.02268516,75.675644,-0.13136292,2.1872716,372.43405,-1.0446349,17.950064,970.84265,83.503265,0.33639646,-0.19475964,1.3576436,0.090549864,0.0,2.6018658,0.0,0.0,0.0,0.0,0.0,0.0,0.0,0.0,0.0,0.0,0.0,0.0,0.0,0.0,0.0,1.0,1.0,1.0,1.0,1.0,0.0,0.0,0.0,0,test/100/0/0,49
17.8481,-0.16251373,0.0774411,0.0021275398,970.87213,0.09765625,0.059249733,-0.00089249003,91.0,0.0,5.8407736,0.8088422,9.79406,0.03157715,0.007376793,0.004673116,4.911907,-0.009544373,0.02011394,80.50727,4.831627,2.1668913,395.44424,-0.50388926,17.939867,970.8456,84.25294,-0.5098118,0.0758324,1.1551654,-0.008529993,0.0,2.9189708,0.0,0.0,0.0,0.0,0.0,0.0,0.0,0.0,0.0,0.0,0.0,0.0,0.0,0.0,0.0,1.0,1.0,1.0,1.0,1.0,0.0,0.0,0.0,0,test/100/0/0,50
18.027203,0.17910194,0.080138355,0.0038934406,970.89294,0.020812988,0.059994407,-0.00017635948,91.0,0.0,6.0713387,0.87267673,9.843544,0.03077619,0.05974648,0.002819496,4.9169044,0.0049972534,0.020116283,74.75242,-5.7548523,2.2371342,367.5505,-0.705363,17.9486,970.85034,84.92764,0.43667907,0.12176827,1.0001673,0.012442767,0.0,3.2127826,0.0,0.0,0.0,0.0,0.0,0.0,0.0,0.0,0.0,0.0,0.0,0.0,0.0,0.0,0.0,1.0,1.0,1.0,1.0,1.0,0.0,0.0,0.0,0,test/100/0/0,51
17.96679,-0.06041336,0.0797596,0.005112437,970.8383,-0.054626465,0.05999374,-0.0005713441,91.0,0.0,6.2453156,0.9243158,9.789587,0.03102152,-0.10344035,0.0064373906,4.919843,0.0029387474,0.018847015,73.69571,-1.0567093,2.359034,362.57135,-1.0485147,17.950418,970.8491,85.53488,0.09094435,-0.030876609,0.87507486,0.0,0.0,3.4884403,0.0,0.0,0.0,0.0,0.0,0.0,0.0,0.0,0.0,0.0,0.0,0.0,0.0,0.0,0.0,1.0,1.0,1.0,1.0,1.0,0.0,0.0,0.0,0,test/100/0/0,52
17.866056,-0.1007328,0.08109749,0.004053575,970.7231,-0.115234375,0.05709987,-0.00019177889,91.0,0.0,6.33664,0.95118797,9.798665,0.031120589,0.063034415,0.0025955178,4.923357,0.003513813,0.018544223,74.16671,0.47100067,2.2572782,365.14917,-0.96181566,17.941982,970.83655,86.08139,-0.4218141,-0.32410592,0.7762168,0.0,0.0,3.75162,0.0,0.0,0.0,0.0,0.0,0.0,0.0,0.0,0.0,0.0,0.0,0.0,0.0,0.0,0.0,1.0,1.0,1.0,1.0,1.0,0.0,0.0,0.0,0,test/100/0/0,53
17.989157,0.12310028,0.08073644,0.0039086896,970.70184,-0.021240234,0.06426099,-0.001984331,91.0,0.0,6.367576,0.96045864,9.804868,0.023989245,-0.0028751828,0.0044125,4.9122515,-0.011105537,0.018161332,76.85624,2.6895294,2.121074,377.53717,-0.72238564,17.946701,970.82306,86.57326,0.2358687,-0.34631306,0.6952011,0.0,0.0,4.0,0.0,0.0,0.0,0.0,0.0,0.0,0.0,0.0,0.0,0.0,0.0,0.0,0.0,0.0,0.0,1.0,1.0,1.0,1.0,1.0,0.0,0.0,0.0,0,test/100/0/0,54
18.006954,0.01779747,0.080256216,0.0061924886,970.9463,0.2444458,0.06899568,-0.00040379574,91.0,0.0,6.341659,0.952609,9.801468,0.024129014,-0.009602625,0.0031199132,4.936824,0.024572372,0.018076558,77.02496,0.16872406,2.0686395,380.2587,-0.48628348,17.952726,970.8354,87.01593,0.3012692,0.31689316,0.628238,0.0,0.0,4.0,0.0,0.0,0.0,0.0,0.0,0.0,0.0,0.0,0.0,0.0,0.0,0.0,0.0,0.0,0.0,1.0,1.0,1.0,1.0,1.0,0.0,0.0,0.0,0,test/100/0/0,55
18.081244,0.07428932,0.08592587,0.00782587,970.7949,-0.15136719,0.06929647,-0.0005879567,91.0,0.0,6.243156,0.9234136,9.793513,0.024197347,-0.004554879,0.0076783327,4.9050603,-0.031763554,0.01839861,75.50568,-1.5192871,1.9202936,370.3599,-0.3006455,17.965578,970.83136,87.41434,0.64258885,-0.10402607,0.5743352,0.0686269,0.0,4.0,0.0,0.0,0.0,0.0,0.0,0.0,0.0,0.0,0.0,0.0,0.0,0.0,0.0,0.0,0.0,1.0,1.0,1.0,1.0,1.0,0.0,0.0,0.0,0,test/100/0/0,56
17.949345,-0.13189888,0.08320291,0.006417699,970.74677,-0.04815674,0.07168837,-0.0015853537,91.0,0.0,6.045331,0.8680677,9.831709,0.024251085,0.0461503,0.004494335,4.916043,0.010982513,0.018163502,74.41402,-1.0916595,1.9541637,365.8225,-0.39950153,17.963955,970.8229,87.7729,-0.081164405,-0.21745507,0.5338166,0.0,0.0,4.0,0.0,0.0,0.0,0.0,0.0,0.0,0.0,0.0,0.0,0.0,0.0,0.0,0.0,0.0,0.0,1.0,1.0,1.0,1.0,1.0,0.0,0.0,0.0,0,test/100/0/0,57
17.996986,0.047641754,0.068149425,0.003766516,970.95593,0.20916748,0.076912105,0.0002951715,91.0,0.0,5.7849784,0.79664665,9.732482,0.028920313,-0.13742243,0.003620538,4.9277835,0.0117406845,0.017997367,73.11646,-1.297554,2.0537298,360.3021,-0.69028914,17.967257,970.8362,88.09561,0.1651608,0.34214967,0.50205684,0.0,0.0,4.0,0.0,0.0,0.0,0.0,0.0,0.0,0.0,0.0,0.0,0.0,0.0,0.0,0.0,0.0,0.0,1.0,1.0,1.0,1.0,1.0,0.0,0.0,0.0,0,test/100/0/0,58
17.979374,-0.017612457,0.067077816,0.004890284,970.73865,-0.21728516,0.07965543,-0.0013328609,91.0,0.0,5.461277,0.71030074,9.824894,0.02799968,0.19163884,0.006391447,4.9221888,-0.0055947304,0.014777277,73.34343,0.22696686,2.1350667,361.0102,-0.84429955,17.96847,970.8264,88.38605,0.06058244,-0.25079855,0.47863334,0.0,0.0,4.0,0.0,0.0,0.0,0.0,0.0,0.0,0.0,0.0,0.0,0.0,0.0,0.0,0.0,0.0,0.0,1.0,1.0,1.0,1.0,1.0,0.0,0.0,0.0,0,test/100/0/0,59
18.018274,0.038900375,0.06792277,0.0052965106,970.9056,0.16693115,0.081005916,-0.0006987378,91.0,0.0,5.0196204,0.6020451,9.816963,0.025907086,-0.10034234,0.0043527787,4.951503,0.029314041,0.016323507,74.08009,0.7366638,2.1635196,366.80777,-0.87557954,17.97345,970.83435,88.647446,0.24902608,0.20353283,0.46867174,0.0,0.0,4.0,0.0,0.0,0.0,0.0,0.0,0.0,0.0,0.0,0.0,0.0,0.0,0.0,0.0,0.0,0.0,1.0,1.0,1.0,1.0,1.0,0.0,0.0,0.0,0,test/100/0/0,60
17.85507,-0.1632042,0.0702319,0.0025529703,970.7283,-0.17730713,0.08415618,-0.00268004,91.0,0.0,4.5361323,0.48692483,9.777634,0.02643395,-0.03139913,0.0077064503,4.9410434,-0.010459423,0.015835792,74.37927,0.29917908,2.0194035,367.5112,-0.70554876,17.96161,970.8237,88.8827,-0.5918975,-0.27275306,0.46676305,-0.009742861,0.0,4.0,0.0,0.0,0.0,0.0,0.0,0.0,0.0,0.0,0.0,0.0,0.0,0.0,0.0,0.0,0.0,1.0,1.0,1.0,1.0,1.0,0.0,0.0,0.0,0,test/100/0/0,61
18.0358,0.18073082,0.070242465,0.00255619,970.6812,-0.047058105,0.08897604,-0.0060176076,91.0,0.0,3.8131583,0.34386465,9.795096,0.02652836,0.056792464,0.0016075406,4.950767,0.009723663,0.016937057,74.12181,-0.25746155,1.8441055,366.9598,-0.47823414,17.96903,970.8095,89.09443,0.37094635,-0.3664843,0.49973506,0.013064018,0.0,4.0,0.0,0.0,0.0,0.0,0.0,0.0,0.0,0.0,0.0,0.0,0.0,0.0,0.0,0.0,0.0,1.0,1.0,1.0,1.0,1.0,0.0,0.0,0.0,0,test/100/0/0,62
18.050724,0.014923096,0.069098264,0.0022770085,970.87506,0.19384766,0.08412522,-0.003189477,91.0,0.0,2.7940543,0.18314286,9.780872,0.026817817,-0.03168727,0.0055617704,4.928837,-0.021930218,0.01689567,71.847725,-2.274086,1.9835196,354.12567,-0.667228,17.9772,970.81604,89.28499,0.4084672,0.16862951,0.61380774,0.040647972,0.0,4.0,0.0,0.0,0.0,0.0,0.0,0.0,0.0,0.0,0.0,0.0,0.0,0.0,0.0,0.0,0.0,1.0,1.0,1.0,1.0,1.0,0.0,0.0,0.0,0,test/100/0/0,63
17.955647,-0.095077515,0.06672497,0.00065072,970.79785,-0.07720947,0.084030576,-0.003101366,91.0,0.0,0.0,0.0,9.810628,0.026680576,0.043980137,0.0063051865,4.9252734,-0.003563404,0.016270034,73.178314,1.3305893,2.010032,360.4232,-0.8691086,17.975044,970.8142,89.45649,-0.1077671,-0.04677208,1.9293886,0.0,0.0,4.0,0.0,0.0,0.0,0.0,0.0,0.0,0.0,0.0,0.0,0.0,0.0,0.0,0.0,0.0,0.0,1.0,1.0,1.0,1.0,1.0,0.0,0.0,0.0,0,test/100/0/0,64
18.010155,0.05450821,0.066068105,0.00030772705,970.8315,0.03363037,0.08334318,-0.0036962524,91.0,0.0,0.0,0.0,9.802319,0.024890687,-0.038065355,0.0021241866,4.911184,-0.014089584,0.01647322,76.87699,3.698677,1.9225535,377.55704,-0.5023104,17.978556,970.8159,89.61084,0.17555065,0.044383224,1.7364497,0.0,0.0,4.0,0.0,0.0,0.0,0.0,0.0,0.0,0.0,0.0,0.0,0.0,0.0,0.0,0.0,0.0,0.0,1.0,1.0,1.0,1.0,1.0,0.0,0.0,0.0,0,test/100/0/0,65
17.862497,-0.1476574,0.07083225,-0.0020937626,970.71936,-0.11212158,0.08591843,-0.0046407827,91.0,0.0,0.0,0.0,9.78592,0.024248866,-0.008088787,0.0065939575,4.916465,0.0052809715,0.012910275,72.80238,-4.074608,1.9408079,357.93036,-0.8538682,17.96695,970.8063,89.749756,-0.5802914,-0.24836774,1.5628048,-0.0054995823,0.0,4.0,0.0,0.0,0.0,0.0,0.0,0.0,0.0,0.0,0.0,0.0,0.0,0.0,0.0,0.0,0.0,1.0,1.0,1.0,1.0,1.0,0.0,0.0,0.0,0,test/100/0/0,66
17.84322,-0.019277573,0.0723238,-0.0023546033,970.7974,0.078063965,0.08539421,-0.0042161066,91.0,0.0,0.0,0.0,9.786318,0.022886159,0.016795667,0.0031739506,4.952762,0.03629732,0.013990708,71.762924,-1.0394592,2.00711,355.42468,-0.91493237,17.954576,970.8054,89.87478,-0.6186501,-0.022795053,1.4065243,-0.030508699,0.0,4.0,0.0,0.0,0.0,0.0,0.0,0.0,0.0,0.0,0.0,0.0,0.0,0.0,0.0,0.0,0.0,1.0,1.0,1.0,1.0,1.0,0.0,0.0,0.0,0,test/100/0/0,67
17.932673,0.08945274,0.07159689,-0.00200817,970.73737,-0.060058594,0.08097598,-0.0031698814,91.0,0.0,0.0,0.0,9.824627,0.023021933,0.037912257,0.0009228953,4.921029,-0.031733036,0.01370333,72.079315,0.316391,2.067437,354.7044,-1.0022897,17.952387,970.7986,89.987305,-0.10952138,-0.17495193,1.2658719,0.0,0.0,4.0,0.0,0.0,0.0,0.0,0.0,0.0,0.0,0.0,0.0,0.0,0.0,0.0,0.0,0.0,0.0,1.0,1.0,1.0,1.0,1.0,0.0,0.0,0.0,0,test/100/0/0,68
17.921112,-0.01156044,0.07135856,-0.0018936846,970.8863,0.14892578,0.08265969,-0.002428832,91.0,0.0,0.0,0.0,9.83975,0.024597362,-0.023186944,0.0049420637,4.9418197,0.020790577,0.0141063435,73.37567,1.2963562,2.0633285,362.6093,-0.9790385,17.949259,970.8074,90.08857,-0.15637144,0.22549526,1.1392846,0.0,0.0,4.0,0.0,0.0,0.0,0.0,0.0,0.0,0.0,0.0,0.0,0.0,0.0,0.0,0.0,0.0,0.0,1.0,1.0,1.0,1.0,1.0,0.0,0.0,0.0,0,test/100/0/0,69
17.947998,0.026885986,0.066708565,-0.00382653,970.66364,-0.22265625,0.087014936,-0.0034947905,91.0,0.0,0.0,0.0,9.840565,0.025923215,-0.014308256,0.005257369,4.892187,-0.04963255,0.015700907,70.21311,-3.1625595,1.7315218,343.49567,-0.8507465,17.949133,970.79297,90.17972,-0.0063043656,-0.3695989,1.0253562,0.0,-0.004052296,4.0,0.0,0.0,0.0,0.0,0.0,0.0,0.0,0.0,0.0,0.0,0.0,0.0,0.0,0.0,0.0,1.0,1.0,1.0,1.0,1.0,0.0,0.0,0.0,0,test/100/0/0,70
17.903996,-0.044002533,0.06635065,-0.0037102792,970.79193,0.1282959,0.08425178,-0.002085796,91.0,0.0,0.0,0.0,9.803597,0.024292601,-0.037780993,0.001809295,4.9021373,0.009950161,0.016425611,68.11301,-2.1001053,2.1242867,333.89932,-1.2218546,17.944618,970.7929,90.26174,-0.2256866,-0.0027352711,0.92282057,0.0,0.0,4.0,0.0,0.0,0.0,0.0,0.0,0.0,0.0,0.0,0.0,0.0,0.0,0.0,0.0,0.0,0.0,1.0,1.0,1.0,1.0,1.0,0.0,0.0,0.0,0,test/100/0/0,71
18.098528,0.1945324,0.07303392,-0.0015836157,970.87134,0.07940674,0.085437596,-0.0002530435,91.0,0.0,0.0,0.0,9.786068,0.024394954,0.019436598,0.004073711,4.9248905,0.022753239,0.016384427,71.41029,3.297287,2.1741352,351.68787,-1.3668554,17.96001,970.8007,90.33557,0.76954406,0.20172702,0.8305385,0.082550846,0.0,4.0,0.0,0.0,0.0,0.0,0.0,0.0,0.0,0.0,0.0,0.0,0.0,0.0,0.0,0.0,0.0,1.0,1.0,1.0,1.0,1.0,0.0,0.0,0.0,0,test/100/0/0,72
18.089968,-0.008560181,0.074125454,-0.0013678615,970.7416,-0.12976074,0.08475468,-0.00214316,91.0,0.0,0.0,0.0,9.806356,0.024401587,0.037819035,0.0038012178,4.92735,0.002459526,0.016385444,72.78181,1.3715134,2.1717305,358.62143,-1.3557369,17.973005,970.7948,90.402016,0.64978874,-0.15211616,0.7474847,0.15213937,0.0,4.0,0.0,0.0,0.0,0.0,0.0,0.0,0.0,0.0,0.0,0.0,0.0,0.0,0.0,0.0,0.0,1.0,1.0,1.0,1.0,1.0,0.0,0.0,0.0,0,test/100/0/0,73
18.016855,-0.07311249,0.07460737,-0.00058959157,970.8173,0.07574463,0.08205878,-0.0033143926,91.0,0.0,0.0,0.0,9.802127,0.024394376,-0.024518868,0.0029250022,4.9019713,-0.025378704,0.016940737,66.853264,-5.928543,2.444614,327.71277,-1.5807544,17.97739,970.79706,90.46181,0.21924742,0.057867352,0.6727362,0.13730001,0.0,4.0,0.0,0.0,0.0,0.0,0.0,0.0,0.0,0.0,0.0,0.0,0.0,0.0,0.0,0.0,0.0,1.0,1.0,1.0,1.0,1.0,0.0,0.0,0.0,0,test/100/0/0,74
17.958208,-0.058647156,0.074411795,-0.00040977736,970.84393,0.026611328,0.07581817,-0.0004194446,91.0,0.0,0.0,0.0,9.752123,0.02672244,-0.0457743,0.0041464707,4.9173775,0.015406132,0.016783264,69.710625,2.8573608,2.3396401,342.79343,-1.4724387,17.975471,970.80176,90.51563,-0.095913105,0.12050974,0.6054626,0.055793952,0.0,4.0,0.0,0.0,0.0,0.0,0.0,0.0,0.0,0.0,0.0,0.0,0.0,0.0,0.0,0.0,0.0,1.0,1.0,1.0,1.0,1.0,0.0,0.0,0.0,0,test/100/0/0,75
17.93361,-0.024597168,0.07077824,0.00066494045,970.7822,-0.061706543,0.07588013,-0.0006421082,91.0,0.0,0.0,0.0,9.863008,0.030010799,0.1608894,0.003720997,4.908828,-0.00854969,0.016590977,68.39491,-1.315712,2.3952432,335.73883,-1.5648609,17.971287,970.7998,90.564064,-0.20930763,-0.050215196,0.54491633,0.0,0.0,4.0,0.0,0.0,0.0,0.0,0.0,0.0,0.0,0.0,0.0,0.0,0.0,0.0,0.0,0.0,0.0,1.0,1.0,1.0,1.0,1.0,0.0,0.0,0.0,0,test/100/0/0,76
18.051054,0.117443085,0.0728778,0.0015568066,970.8194,0.03717041,0.07518803,-0.0010750447,91.0,0.0,0.0,0.0,9.841454,0.030544845,-0.13243918,0.006575102,4.9267306,0.017902851,0.016495604,72.65091,4.2559967,2.3418798,357.93146,-1.3598269,17.979263,970.80176,90.60766,0.39883855,0.05038738,0.4904247,0.021866307,0.0,4.0,0.0,0.0,0.0,0.0,0.0,0.0,0.0,0.0,0.0,0.0,0.0,0.0,0.0,0.0,0.0,1.0,1.0,1.0,1.0,1.0,0.0,0.0,0.0,0,test/100/0/0,77
18.051632,0.00057792664,0.07472357,0.0030562207,970.9965,0.17712402,0.07979518,0.0042157853,91.0,0.0,0.0,0.0,9.805459,0.025819834,-0.014440636,0.0022381905,4.921811,-0.004919529,0.016489444,70.236916,-2.4139938,2.3606138,345.69284,-1.4049284,17.9865,970.8212,90.6469,0.36184433,0.5008104,0.44138223,0.042137425,0.009197631,4.0,0.0,0.0,0.0,0.0,0.0,0.0,0.0,0.0,0.0,0.0,0.0,0.0,0.0,0.0,0.0,1.0,1.0,1.0,1.0,1.0,0.0,0.0,0.0,0,test/100/0/0,78
18.018387,-0.033245087,0.0752979,0.0037204397,970.83997,-0.15655518,0.07886619,0.0037782597,91.0,0.0,0.0,0.0,9.795359,0.025614506,0.025894102,0.005192754,4.917522,-0.0042891502,0.016550684,70.48913,0.25221252,2.3559542,346.63184,-1.4034665,17.989689,970.8231,90.682205,0.15943447,0.04815892,0.397244,0.02326414,0.0,4.0,0.0,0.0,0.0,0.0,0.0,0.0,0.0,0.0,0.0,0.0,0.0,0.0,0.0,0.0,0.0,1.0,1.0,1.0,1.0,1.0,0.0,0.0,0.0,0,test/100/0/0,79
17.97988,-0.03850746,0.07472806,0.004390103,970.8189,-0.021057129,0.07561078,0.0055233147,91.0,0.0,0.0,0.0,9.8313265,0.026113555,0.046067625,0.0023266906,4.9183335,0.00081157684,0.015336451,70.58761,0.098480225,2.3070278,347.17343,-1.281105,17.988708,970.8227,90.71398,-0.04904629,-0.010803875,0.3575196,0.0,0.0,4.0,0.0,0.0,0.0,0.0,0.0,0.0,0.0,0.0,0.0,0.0,0.0,0.0,0.0,0.0,0.0,1.0,1.0,1.0,1.0,1.0,0.0,0.0,0.0,0,test/100/0/0,80
17.83576,-0.14411926,0.07638862,0.0004817475,970.76746,-0.051452637,0.074167445,0.003864076,91.0,0.0,0.0,0.0,9.798387,0.025345737,-0.06890637,0.0066382475,4.9203305,0.001996994,0.014731007,67.469666,-3.1179428,2.380159,331.97305,-1.3352598,17.973413,970.81714,90.742584,-0.76473796,-0.14203027,0.32176763,-0.043752767,0.0,4.0,0.0,0.0,0.0,0.0,0.0,0.0,0.0,0.0,0.0,0.0,0.0,0.0,0.0,0.0,0.0,1.0,1.0,1.0,1.0,1.0,0.0,0.0,0.0,0,test/100/0/0,81
17.95537,0.11960983,0.07518347,0.0011647863,970.908,0.14056396,0.071826816,0.0034109475,91.0,0.0,0.0,0.0,9.790362,0.02548286,0.024914257,0.009363186,4.913756,-0.0065746307,0.0131645575,72.10859,4.6389236,2.2976243,354.32397,-1.0253811,17.97161,970.82623,90.768326,-0.09021501,0.23362295,0.28959087,0.0,0.0,4.0,0.0,0.0,0.0,0.0,0.0,0.0,0.0,0.0,0.0,0.0,0.0,0.0,0.0,0.0,0.0,1.0,1.0,1.0,1.0,1.0,0.0,0.0,0.0,0,test/100/0/0,82
18.048754,0.09338379,0.075079985,0.0035384558,970.797,-0.11102295,0.0705865,0.0040914663,91.0,0.0,0.0,0.0,9.795918,0.02490621,0.01358144,0.008409555,4.9094753,-0.004280567,0.013156439,70.67918,-1.4294128,2.2939212,346.99765,-1.0038072,17.979322,970.8233,90.7915,0.38572544,-0.075226925,0.2606318,0.015545427,0.0,4.0,0.0,0.0,0.0,0.0,0.0,0.0,0.0,0.0,0.0,0.0,0.0,0.0,0.0,0.0,0.0,1.0,1.0,1.0,1.0,1.0,0.0,0.0,0.0,0,test/100/0/0,83
18.05811,0.009355545,0.07733549,0.004547515,970.79095,-0.0060424805,0.07066889,0.0035839567,91.0,0.0,0.0,0.0,9.778976,0.025687603,-0.022498826,0.0040836874,4.9086747,-0.0008006096,0.013230205,69.617775,-1.0614014,2.2627966,341.73102,-0.9473176,17.987202,970.82007,90.81235,0.3939306,-0.08324204,0.23456861,0.039374996,0.0,4.0,0.0,0.0,0.0,0.0,0.0,0.0,0.0,0.0,0.0,0.0,0.0,0.0,0.0,0.0,0.0,1.0,1.0,1.0,1.0,1.0,0.0,0.0,0.0,0,test/100/0/0,84
18.024954,-0.03315544,0.07772962,0.0057895016,970.8681,0.07714844,0.07164089,0.004719945,91.0,0.0,0.0,0.0,9.816326,0.025754899,0.05429253,0.0050875293,4.9337997,0.025125027,0.0135839945,70.0284,0.41062164,1.8061242,345.5061,-0.53825516,17.990976,970.8249,90.83111,0.18876036,0.12346386,0.21111175,0.024088593,0.0,4.0,0.0,0.0,0.0,0.0,0.0,0.0,0.0,0.0,0.0,0.0,0.0,0.0,0.0,0.0,0.0,1.0,1.0,1.0,1.0,1.0,0.0,0.0,0.0,0,test/100/0/0,85
18.038017,0.013063431,0.07417556,0.0048644217,970.8984,0.030273438,0.0705654,0.0044630007,91.0,0.0,0.0,0.0,9.81881,0.025391042,-0.03486599,0.006435477,4.930766,-0.003033638,0.013813431,71.22808,1.1996841,1.7401419,351.209,-0.30942062,17.995682,970.8322,90.848,0.23520146,0.18896346,0.19000058,0.021822844,0.0,4.0,0.0,0.0,0.0,0.0,0.0,0.0,0.0,0.0,0.0,0.0,0.0,0.0,0.0,0.0,0.0,1.0,1.0,1.0,1.0,1.0,0.0,0.0,0.0,0,test/100/0/0,86
18.091913,0.05389595,0.070026994,0.0041409614,970.8848,-0.013549805,0.07161372,0.0049758796,91.0,0.0,0.0,0.0,9.845757,0.026050273,0.024461836,0.005953978,4.923936,-0.0068302155,0.011602698,69.61867,-1.6094131,1.724369,342.79785,-0.23020157,18.005304,970.8375,90.8632,0.48116106,0.13522476,0.17100051,0.077686794,0.0,4.0,0.0,0.0,0.0,0.0,0.0,0.0,0.0,0.0,0.0,0.0,0.0,0.0,0.0,0.0,0.0,1.0,1.0,1.0,1.0,1.0,0.0,0.0,0.0,0,test/100/0/0,87
18.004194,-0.08771896,0.06841548,0.0032028097,970.75824,-0.12658691,0.070453316,0.0026006484,91.0,0.0,0.0,0.0,9.818122,0.025928626,-0.054581087,0.005319635,4.9032784,-0.02065754,0.012018917,69.76767,0.14900208,1.6837444,342.0903,-0.15347545,18.005194,970.8296,90.87688,-0.005549853,-0.20380692,0.15390046,0.033167955,0.0,4.0,0.0,0.0,0.0,0.0,0.0,0.0,0.0,0.0,0.0,0.0,0.0,0.0,0.0,0.0,0.0,1.0,1.0,1.0,1.0,1.0,0.0,0.0,0.0,0,test/100/0/0,88
18.01425,0.010055542,0.0659151,0.002118224,970.8033,0.045043945,0.06929135,0.0031889721,91.0,0.0,0.0,0.0,9.828729,0.025434632,0.038242266,0.0030837215,4.9395013,0.036222935,0.011790386,67.78525,-1.9824219,1.6067028,334.82532,-0.036751907,18.0061,970.82697,90.88919,0.04528284,-0.06759895,0.13851042,0.0,0.0,4.0,0.0,0.0,0.0,0.0,0.0,0.0,0.0,0.0,0.0,0.0,0.0,0.0,0.0,0.0,0.0,1.0,1.0,1.0,1.0,1.0,0.0,0.0,0.0,0,test/100/0/0,89
18.01243,-0.0018196106,0.06455861,0.0012921025,970.87726,0.07397461,0.059676867,0.0014432749,91.0,0.0,0.0,0.0,9.817959,0.024581091,-0.021376727,0.004313608,4.91454,-0.024961472,0.010343397,67.0625,-0.7227478,1.7267985,329.58136,-0.25495604,18.006733,970.832,90.900276,0.031656504,0.12938137,0.124659374,0.0,0.0,4.0,0.0,0.0,0.0,0.0,0.0,0.0,0.0,0.0,0.0,0.0,0.0,0.0,0.0,0.0,0.0,1.0,1.0,1.0,1.0,1.0,0.0,0.0,0.0,0,test/100/0/0,90
17.86394,-0.1484909,0.06830675,-0.0024469849,970.8126,-0.06463623,0.059118252,0.00047869002,91.0,0.0,0.0,0.0,9.848074,0.025895115,0.040884398,0.002391029,4.9231067,0.008566856,0.009699689,71.22008,4.1575775,1.7049928,350.62405,-0.3031477,17.992453,970.83,90.91025,-0.7139637,-0.049764216,0.11219344,-0.023434365,0.0,4.0,0.0,0.0,0.0,0.0,0.0,0.0,0.0,0.0,0.0,0.0,0.0,0.0,0.0,0.0,0.0,1.0,1.0,1.0,1.0,1.0,0.0,0.0,0.0,0,test/100/0/0,91
17.973354,0.109415054,0.06533003,-0.001491201,970.8195,0.0068969727,0.058596272,0.00083530974,91.0,0.0,0.0,0.0,9.816246,0.02520816,-0.06194345,0.003572808,4.9196,-0.0035066605,0.0096153645,71.08367,-0.13640594,1.6927837,349.70322,-0.108772404,17.990543,970.829,90.91922,-0.095492035,-0.027052721,0.1009741,0.0,0.0,4.0,0.0,0.0,0.0,0.0,0.0,0.0,0.0,0.0,0.0,0.0,0.0,0.0,0.0,0.0,0.0,1.0,1.0,1.0,1.0,1.0,0.0,0.0,0.0,0,test/100/0/0,92
17.925915,-0.047439575,0.06393263,-0.0011600552,970.73926,-0.08026123,0.05877767,-0.0019255903,91.0,0.0,0.0,0.0,9.780497,0.026187833,-0.0039203954,0.0027418663,4.90025,-0.019350052,0.010237406,65.16321,-5.9204636,1.8653135,319.316,-0.23603833,17.98408,970.82,90.9273,-0.3231407,-0.23073347,0.09087668,0.0,0.0,4.0,0.0,0.0,0.0,0.0,0.0,0.0,0.0,0.0,0.0,0.0,0.0,0.0,0.0,0.0,0.0,1.0,1.0,1.0,1.0,1.0,0.0,0.0,0.0,0,test/100/0/0,93
17.95182,0.02590561,0.06428088,-0.0013665407,970.84503,0.105773926,0.058738165,-0.0019759787,91.0,0.0,0.0,0.0,9.792207,0.026467342,0.047459,0.0060265935,4.9299426,0.02969265,0.009901043,70.10067,4.937462,1.7584926,345.5923,-0.41685447,17.980854,970.8225,90.93457,-0.16129859,0.064329974,0.08178902,0.0,0.0,4.0,0.0,0.0,0.0,0.0,0.0,0.0,0.0,0.0,0.0,0.0,0.0,0.0,0.0,0.0,0.0,1.0,1.0,1.0,1.0,1.0,0.0,0.0,0.0,0,test/100/0/0,94
17.950998,-0.00082206726,0.06447571,-0.0024129811,970.7962,-0.048828125,0.059235122,-0.002345402,91.0,0.0,0.0,0.0,9.79489,0.023073075,-0.009025977,0.0025526257,4.94881,0.018867493,0.011815922,69.43351,-0.66716003,1.7598408,343.61328,-0.41471294,17.977869,970.8199,90.94111,-0.14927907,-0.06766106,0.07361011,0.0,0.0,4.0,0.0,0.0,0.0,0.0,0.0,0.0,0.0,0.0,0.0,0.0,0.0,0.0,0.0,0.0,0.0,1.0,1.0,1.0,1.0,1.0,0.0,0.0,0.0,0,test/100/0/0,95
17.841534,-0.109464645,0.071216844,-0.0054007364,970.8899,0.093688965,0.05943558,-0.0022789517,91.0,0.0,0.0,0.0,9.819885,0.020221312,0.022310778,0.0062685614,4.9163957,-0.032414436,0.011549453,67.73655,-1.6969604,1.7905143,333.01968,-0.6765297,17.964235,970.8269,90.947,-0.68167436,0.18001953,0.0662491,-0.04489047,0.0,4.0,0.0,0.0,0.0,0.0,0.0,0.0,0.0,0.0,0.0,0.0,0.0,0.0,0.0,0.0,0.0,1.0,1.0,1.0,1.0,1.0,0.0,0.0,0.0,0,test/100/0/0,96
17.910666,0.06913185,0.071240865,-0.0054080677,970.8411,-0.04876709,0.059310716,-0.0024841768,91.0,0.0,0.0,0.0,9.783989,0.019874372,-0.060891803,0.0026597052,4.897028,-0.019367695,0.012584049,72.73284,4.996292,1.7973342,356.17477,-0.2530607,17.958878,970.8283,90.9523,-0.2678477,0.036616486,0.059624195,-0.010269965,0.0,4.0,0.0,0.0,0.0,0.0,0.0,0.0,0.0,0.0,0.0,0.0,0.0,0.0,0.0,0.0,0.0,1.0,1.0,1.0,1.0,1.0,0.0,0.0,0.0,0,test/100/0/0,97
17.96835,0.057683945,0.06919619,-0.0043711066,970.90717,0.06604004,0.049771737,0.001018048,91.0,0.0,0.0,0.0,9.798032,0.02000349,0.04994032,0.0023532344,4.939898,0.042870045,0.013341658,72.34116,-0.39167786,1.8847111,357.35794,-0.0032889459,17.959826,970.8362,90.95707,0.0473568,0.20277208,0.053661775,0.0,0.0,4.0,0.0,0.0,0.0,0.0,0.0,0.0,0.0,0.0,0.0,0.0,0.0,0.0,0.0,0.0,0.0,1.0,1.0,1.0,1.0,1.0,0.0,0.0,0.0,0,test/100/0/0,98
17.895056,-0.073293686,0.07039994,-0.004780884,970.7029,-0.20428467,0.05724131,-0.00073563424,91.0,0.0,0.0,0.0,9.839449,0.020846307,0.027373008,0.0070053395,4.9375186,-0.0023794174,0.013825481,65.76003,-6.581131,2.0723314,324.69138,-0.22289768,17.953348,970.8229,90.961365,-0.32384732,-0.34280854,0.0482956,0.0,0.0,4.0,0.0,0.0,0.0,0.0,0.0,0.0,0.0,0.0,0.0,0.0,0.0,0.0,0.0,0.0,0.0,1.0,1.0,1.0,1.0,1.0,0.0,0.0,0.0,0,test/100/0/0,99
18.052288,0.15723228,0.07277738,-0.0033670382,970.72614,0.023254395,0.061270095,-0.002283449,91.0,0.0,0.0,0.0,9.767871,0.022246966,-0.11299373,0.0011342805,4.9086733,-0.02884531,0.0140919965,68.22939,2.4693604,2.0785127,334.9158,-0.25489852,17.963242,970.8132,90.965225,0.49469885,-0.24873069,0.043466035,0.0143263,0.0,4.0,0.0,0.0,0.0,0.0,0.0,0.0,0.0,0.0,0.0,0.0,0.0,0.0,0.0,0.0,0.0,1.0,1.0,1.0,1.0,1.0,0.0,0.0,0.0,0,test/100/0/0,100
17.857801,-0.19448662,0.07086462,-0.0071160253,970.9807,0.25457764,0.06897939,-0.0008673417,91.0,0.0,0.0,0.0,9.803828,0.022166686,0.10753427,0.004116282,4.902055,-0.0066184998,0.014683572,68.90962,0.6802292,2.0328166,337.79874,-0.467288,17.952698,970.82996,90.968704,-0.52720416,0.43077058,0.039119434,-0.023856468,0.0,4.0,0.0,0.0,0.0,0.0,0.0,0.0,0.0,0.0,0.0,0.0,0.0,0.0,0.0,0.0,0.0,1.0,1.0,1.0,1.0,1.0,0.0,0.0,0.0,0,test/100/0/0,101
18.173767,0.31596565,0.08321379,-0.0044957856,970.8914,-0.08929443,0.068158574,0.001171875,91.0,0.0,0.0,0.0,9.868077,0.025352588,0.028292237,0.003565074,4.908469,0.0064144135,0.014841243,70.40531,1.4956894,1.9572945,345.5823,-0.22433479,17.974806,970.8361,90.97183,1.1053445,0.15807927,0.03520749,0.1494936,0.0,4.0,0.0,0.0,0.0,0.0,0.0,0.0,0.0,0.0,0.0,0.0,0.0,0.0,0.0,0.0,0.0,1.0,1.0,1.0,1.0,1.0,0.0,0.0,0.0,0,test/100/0/0,102
17.918926,-0.25484085,0.08288706,-0.0043700654,970.73364,-0.15777588,0.0710974,-0.0007708786,91.0,0.0,0.0,0.0,9.834143,0.025532342,-0.09818346,0.009670657,4.911063,0.0025939941,0.014790032,69.63841,-0.7668991,1.9375302,341.99866,-0.13510999,17.969217,970.82587,90.97465,-0.27939415,-0.26343805,0.03168674,0.011040843,0.0,4.0,0.0,0.0,0.0,0.0,0.0,0.0,0.0,0.0,0.0,0.0,0.0,0.0,0.0,0.0,0.0,1.0,1.0,1.0,1.0,1.0,0.0,0.0,0.0,0,test/100/0/0,103
17.817438,-0.10148811,0.08749526,-0.0053512272,970.804,0.070373535,0.07081047,-0.0017084337,91.0,0.0,0.0,0.0,9.818094,0.024272827,0.01788552,0.0036941932,4.891559,-0.01950407,0.015868623,73.728004,4.089592,2.1561117,360.6449,0.1448496,17.954039,970.82367,90.97719,-0.75889534,-0.056133732,0.028518068,-0.07024828,0.0,4.0,0.0,0.0,0.0,0.0,0.0,0.0,0.0,0.0,0.0,0.0,0.0,0.0,0.0,0.0,0.0,1.0,1.0,1.0,1.0,1.0,0.0,0.0,0.0,0,test/100/0/0,104
17.946928,0.1294899,0.086440586,-0.0046441285,970.93005,0.1260376,0.073747925,0.0003530402,91.0,0.0,0.0,0.0,9.824425,0.02434984,0.02237942,0.0033041774,4.8992224,0.00766325,0.016045662,66.894295,-6.8337097,2.231749,327.73,-0.014238791,17.95333,970.8343,90.97947,-0.03555629,0.27357632,0.025666261,0.0,0.0,4.0,0.0,0.0,0.0,0.0,0.0,0.0,0.0,0.0,0.0,0.0,0.0,0.0,0.0,0.0,0.0,1.0,1.0,1.0,1.0,1.0,0.0,0.0,0.0,0,test/100/0/0,105
17.933556,-0.013372421,0.08473683,-0.0038044679,970.9709,0.04083252,0.07854418,0.0033826786,91.0,0.0,0.0,0.0,9.786821,0.025147244,-0.043933775,0.004012017,4.9524145,0.05319214,0.017576067,71.12844,4.234146,2.2278643,352.25754,0.293843,17.951351,970.84796,90.98152,-0.09886277,0.35121658,0.023099635,0.0,0.0,4.0,0.0,0.0,0.0,0.0,0.0,0.0,0.0,0.0,0.0,0.0,0.0,0.0,0.0,0.0,0.0,1.0,1.0,1.0,1.0,1.0,0.0,0.0,0.0,0,test/100/0/0,106
17.968027,0.03447151,0.07884389,-0.001464283,970.86255,-0.1083374,0.077995755,0.0045416583,91.0,0.0,0.0,0.0,9.806076,0.024136493,0.056857955,0.0024657077,4.931754,-0.0206604,0.01778141,72.08287,0.9544296,2.301432,355.49503,0.5137901,17.953018,970.8494,90.98337,0.08338107,0.037513044,0.020789672,0.0,0.0,4.0,0.0,0.0,0.0,0.0,0.0,0.0,0.0,0.0,0.0,0.0,0.0,0.0,0.0,0.0,0.0,1.0,1.0,1.0,1.0,1.0,0.0,0.0,0.0,0,test/100/0/0,107
17.965078,-0.002948761,0.0779319,-0.0003649647,970.779,-0.08355713,0.077106036,0.0025417241,91.0,0.0,0.0,0.0,9.813088,0.024101434,-0.012243023,0.007850431,4.937106,0.0053520203,0.017837686,68.68235,-3.4005203,2.3086836,339.09204,0.4691434,17.954224,970.84235,90.98503,0.060299158,-0.18109944,0.018710705,0.0,0.0,4.0,0.0,0.0,0.0,0.0,0.0,0.0,0.0,0.0,0.0,0.0,0.0,0.0,0.0,0.0,0.0,1.0,1.0,1.0,1.0,1.0,0.0,0.0,0.0,0,test/100/0/0,108
17.988874,0.023796082,0.07702978,0.0012918903,970.8292,0.050231934,0.07676842,0.0019394036,91.0,0.0,0.0,0.0,9.784548,0.02449927,-0.03555236,0.0041739913,4.9251175,-0.01198864,0.017337844,70.11051,1.4281616,2.277443,345.3025,0.40301585,17.95769,970.84106,90.98653,0.17324965,-0.033821676,0.016839633,0.0,0.0,4.0,0.0,0.0,0.0,0.0,0.0,0.0,0.0,0.0,0.0,0.0,0.0,0.0,0.0,0.0,0.0,1.0,1.0,1.0,1.0,1.0,0.0,0.0,0.0,0,test/100/0/0,109
17.895159,-0.09371567,0.076196395,0.0016193778,970.8929,0.06365967,0.07725284,0.0033755195,91.0,0.0,0.0,0.0,9.775446,0.025531258,0.01943876,0.0015960337,4.920912,-0.0042057037,0.017298114,68.39175,-1.7187653,2.220457,336.54974,0.11329458,17.951437,970.84625,90.98788,-0.31265366,0.13325678,0.01515567,0.0,0.0,4.0,0.0,0.0,0.0,0.0,0.0,0.0,0.0,0.0,0.0,0.0,0.0,0.0,0.0,0.0,0.0,1.0,1.0,1.0,1.0,1.0,0.0,0.0,0.0,0,test/100/0/0,110
17.96997,0.074811935,0.07438893,0.00084736187,970.8385,-0.054382324,0.07703822,0.0029906768,91.0,0.0,0.0,0.0,9.795486,0.02390251,0.029142248,0.0026648676,4.913198,-0.0077137947,0.017345155,69.55062,1.1588745,2.192521,341.716,0.21915132,17.953289,970.84546,90.98909,0.09267139,-0.019909158,0.013640103,0.0,0.0,4.0,0.0,0.0,0.0,0.0,0.0,0.0,0.0,0.0,0.0,0.0,0.0,0.0,0.0,0.0,0.0,1.0,1.0,1.0,1.0,1.0,0.0,0.0,0.0,0,test/100/0/0,111
17.87476,-0.09521103,0.0756215,0.00028334884,970.8017,-0.0368042,0.07736085,0.0021500436,91.0,0.0,0.0,0.0,9.785556,0.024125336,-0.029971145,0.003250752,4.9240026,0.010804653,0.017372318,70.7098,1.1591797,2.1814013,348.17526,0.41613922,17.945436,970.84106,90.99018,-0.3926509,-0.11255761,0.012276093,-0.0024398388,0.0,4.0,0.0,0.0,0.0,0.0,0.0,0.0,0.0,0.0,0.0,0.0,0.0,0.0,0.0,0.0,0.0,1.0,1.0,1.0,1.0,1.0,0.0,0.0,0.0,0,test/100/0/0,112
17.801287,-0.07347298,0.081463106,-0.0019310614,970.8929,0.09118652,0.074746676,0.0013715931,91.0,0.0,0.0,0.0,9.827231,0.024035614,0.051606886,0.0063798344,4.9343686,0.010365963,0.017043866,64.91741,-5.792389,2.206831,320.32648,-0.26221302,17.931023,970.84625,90.99116,-0.7207507,0.13317779,0.011048484,-0.08466752,0.0,4.0,0.0,0.0,0.0,0.0,0.0,0.0,0.0,0.0,0.0,0.0,0.0,0.0,0.0,0.0,0.0,1.0,1.0,1.0,1.0,1.0,0.0,0.0,0.0,0,test/100/0/0,113
17.88478,0.08349419,0.08204276,-0.002356251,970.9901,0.097229004,0.08109127,0.003421227,91.0,0.0,0.0,0.0,9.788297,0.024162222,-0.08061099,0.006285343,4.938033,0.0036644936,0.017333578,71.98303,7.0656204,2.2666085,355.4546,-0.025366005,17.926397,970.86066,90.99204,-0.23120469,0.36987743,0.009943635,-0.07067933,0.0,4.0,0.0,0.0,0.0,0.0,0.0,0.0,0.0,0.0,0.0,0.0,0.0,0.0,0.0,0.0,0.0,1.0,1.0,1.0,1.0,1.0,0.0,0.0,0.0,0,test/100/0/0,114
17.900839,0.016057968,0.08215242,-0.00246421,970.78906,-0.2010498,0.08135607,0.0016095843,91.0,0.0,0.0,0.0,9.772632,0.025130559,0.023269648,0.007075185,4.89583,-0.04220295,0.017061759,74.33483,2.351799,2.4826453,363.9307,0.28649026,17.923841,970.8535,90.99284,-0.12779438,-0.18409552,0.008949271,-0.03732872,0.0,4.0,0.0,0.0,0.0,0.0,0.0,0.0,0.0,0.0,0.0,0.0,0.0,0.0,0.0,0.0,0.0,1.0,1.0,1.0,1.0,1.0,0.0,0.0,0.0,0,test/100/0/0,115
18.134977,0.23413849,0.091073856,-0.0008802945,970.8704,0.08135986,0.0810209,0.0024502631,91.0,0.0,0.0,0.0,9.795078,0.024959527,0.03811162,0.0050876956,4.9086742,0.012844086,0.017208276,72.32443,-2.0103989,2.48287,355.01706,0.27318904,17.944956,970.85516,90.99355,1.0556775,0.043525115,0.008054344,0.11463748,0.0,4.0,0.0,0.0,0.0,0.0,0.0,0.0,0.0,0.0,0.0,0.0,0.0,0.0,0.0,0.0,0.0,1.0,1.0,1.0,1.0,1.0,0.0,0.0,0.0,0,test/100/0/0,116
17.861753,-0.27322388,0.09255204,-0.0025492904,970.70886,-0.16156006,0.08680686,0.0002422132,91.0,0.0,0.0,0.0,9.814633,0.02465915,-0.0028918302,0.004739752,4.913545,0.0048708916,0.016524171,69.37705,-2.94738,2.4146175,340.8873,0.39056203,17.936636,970.8406,90.9942,-0.41600963,-0.37626755,0.00724891,-0.013037358,0.0,4.0,0.0,0.0,0.0,0.0,0.0,0.0,0.0,0.0,0.0,0.0,0.0,0.0,0.0,0.0,0.0,1.0,1.0,1.0,1.0,1.0,0.0,0.0,0.0,0,test/100/0/0,117
17.955997,0.094244,0.09240511,-0.0018875925,970.94635,0.2374878,0.08860895,0.0026684755,91.0,0.0,0.0,0.0,9.793286,0.024747152,-0.04090076,0.0052094343,4.928113,0.014567852,0.015993983,76.47106,7.0940094,2.7600284,376.85803,1.0634729,17.938572,970.85114,90.99478,0.09681135,0.2720421,0.006524019,0.0,0.0,4.0,0.0,0.0,0.0,0.0,0.0,0.0,0.0,0.0,0.0,0.0,0.0,0.0,0.0,0.0,0.0,1.0,1.0,1.0,1.0,1.0,0.0,0.0,0.0,0,test/100/0/0,118
18.03585,0.07985306,0.094071455,-0.0012238309,970.6561,-0.29022217,0.09289496,-0.002335765,91.0,0.0,0.0,0.0,9.795556,0.023482488,0.023615846,0.0030118627,4.9489064,0.020793438,0.016821513,70.45098,-6.0200806,2.56689,348.6553,0.78837633,17.9483,970.83167,90.9953,0.4863955,-0.5014477,0.0058716172,0.0023897884,-0.012489993,4.0,0.0,0.0,0.0,0.0,0.0,0.0,0.0,0.0,0.0,0.0,0.0,0.0,0.0,0.0,0.0,1.0,1.0,1.0,1.0,1.0,0.0,0.0,0.0,0,test/100/0/0,119
18.158932,0.12308121,0.10253544,0.0034691272,970.4872,-0.16894531,0.11906055,-0.00931603,91.0,0.0,0.0,0.0,9.763599,0.023813682,-0.03422713,0.0039071855,4.895584,-0.053322315,0.0174777,71.78804,1.337059,2.5322566,351.4444,0.67852634,17.969362,970.7972,90.99577,1.053162,-0.8857337,0.0052844556,0.13968867,-0.119470365,4.0,0.0,0.0,0.0,0.0,0.0,0.0,0.0,0.0,0.0,0.0,0.0,0.0,0.0,0.0,0.0,1.0,1.0,1.0,1.0,1.0,0.0,0.0,0.0,0,test/100/0/0,120
17.889925,-0.26900673,0.101287596,0.0010879245,970.771,0.28381348,0.11472618,-0.007862843,91.0,0.0,0.0,0.0,9.827452,0.024438096,0.09580967,0.00448346,4.9409127,0.045328617,0.017645411,69.83123,-1.95681,2.50947,345.03,0.497707,17.961418,970.79456,90.99619,-0.39718786,-0.06735426,0.0047560097,0.0,-0.060332,4.0,0.0,0.0,0.0,0.0,0.0,0.0,0.0,0.0,0.0,0.0,0.0,0.0,0.0,0.0,0.0,1.0,1.0,1.0,1.0,1.0,0.0,0.0,0.0,0,test/100/0/0,121
17.89148,0.0015544891,0.088521436,0.0036695537,970.7999,0.028930664,0.11369813,-0.0070909085,91.0,0.0,0.0,0.0,9.769565,0.020537678,-0.121739395,0.004600152,4.9201765,-0.020736217,0.0174147,70.057495,0.22626495,2.51224,344.69525,0.42412996,17.954426,970.7951,90.996574,-0.34969664,0.013774299,0.004280409,0.0,0.0,4.0,0.0,0.0,0.0,0.0,0.0,0.0,0.0,0.0,0.0,0.0,0.0,0.0,0.0,0.0,0.0,1.0,1.0,1.0,1.0,1.0,0.0,0.0,0.0,0,test/100/0/0,122
17.904253,0.012773514,0.08875129,0.0028343517,970.7542,-0.045715332,0.11302401,-0.009325667,91.0,0.0,0.0,0.0,9.802653,0.018889636,0.09097598,0.0047638924,4.939354,0.019177437,0.017654827,74.0383,3.9808044,2.60727,365.70135,0.59539014,17.949408,970.791,90.99692,-0.25085938,-0.10515684,0.0038523679,0.0,0.0,4.0,0.0,0.0,0.0,0.0,0.0,0.0,0.0,0.0,0.0,0.0,0.0,0.0,0.0,0.0,0.0,1.0,1.0,1.0,1.0,1.0,0.0,0.0,0.0,0,test/100/0/0,123
17.872452,-0.031801224,0.085742824,-3.5532616e-05,970.8298,0.07556152,0.112995565,-0.009400745,91.0,0.0,0.0,0.0,9.790717,0.018292207,-0.04502455,0.005184498,4.8995905,-0.03976345,0.017016295,66.05299,-7.985306,2.716864,323.6326,0.42443922,17.941711,970.7949,90.99722,-0.38477957,0.099659905,0.0034671312,-0.0014325528,0.0,4.0,0.0,0.0,0.0,0.0,0.0,0.0,0.0,0.0,0.0,0.0,0.0,0.0,0.0,0.0,0.0,1.0,1.0,1.0,1.0,1.0,0.0,0.0,0.0,0,test/100/0/0,124
17.886538,0.01408577,0.08656649,-0.0007423415,970.6649,-0.16485596,0.114848256,-0.009879572,91.0,0.0,0.0,0.0,9.852421,0.02127238,0.07363958,0.006314171,4.9686956,0.06910515,0.018741833,72.35048,6.2974854,2.6173503,359.48752,0.3016503,17.936195,970.7819,90.997505,-0.27587277,-0.3342214,0.003120418,0.0,0.0,4.0,0.0,0.0,0.0,0.0,0.0,0.0,0.0,0.0,0.0,0.0,0.0,0.0,0.0,0.0,0.0,1.0,1.0,1.0,1.0,1.0,0.0,0.0,0.0,0,test/100/0/0,125
17.997196,0.110658646,0.087482825,1.1356612e-05,970.83923,0.1743164,0.108870946,-0.00682474,91.0,0.0,0.0,0.0,9.75832,0.022806395,-0.15580532,0.006318411,4.932129,-0.036566734,0.017856974,70.9774,-1.3730774,2.6164124,350.0697,0.38384223,17.942295,970.78766,90.99776,0.30500773,0.14744292,0.0028083762,0.0,0.0,4.0,0.0,0.0,0.0,0.0,0.0,0.0,0.0,0.0,0.0,0.0,0.0,0.0,0.0,0.0,0.0,1.0,1.0,1.0,1.0,1.0,0.0,0.0,0.0,0,test/100/0/0,126
17.9574,-0.03979683,0.087354735,0.0006451155,970.85114,0.0119018555,0.10857211,-0.0051124976,91.0,0.0,0.0,0.0,9.794365,0.022679422,0.13014673,0.00735589,4.9248,-0.007328987,0.017805284,78.63112,7.653717,3.1260402,387.24252,1.0514827,17.943806,970.794,90.99798,0.07552282,0.1633034,0.0025275387,0.0,0.0,4.0,0.0,0.0,0.0,0.0,0.0,0.0,0.0,0.0,0.0,0.0,0.0,0.0,0.0,0.0,0.0,1.0,1.0,1.0,1.0,1.0,0.0,0.0,0.0,0,test/100/0/0,127
18.01141,0.05401039,0.088558644,0.0020198736,970.8136,-0.03753662,0.10850524,-0.005238652,91.0,0.0,0.0,0.0,9.80683,0.022469874,-0.023579583,0.0043259826,4.9289503,0.0041503906,0.017626207,70.61544,-8.015678,3.0808508,348.05997,0.85263723,17.950565,970.79596,90.99818,0.3380225,0.05045032,0.0022747847,0.0,0.0,4.0,0.0,0.0,0.0,0.0,0.0,0.0,0.0,0.0,0.0,0.0,0.0,0.0,0.0,0.0,0.0,1.0,1.0,1.0,1.0,1.0,0.0,0.0,0.0,0,test/100/0/0,128
17.82826,-0.18314934,0.09133611,0.0010842689,970.80963,-0.003967285,0.10833752,-0.0046803867,91.0,0.0,0.0,0.0,9.846581,0.024996141,0.027285013,0.0024987527,4.931282,0.0023317337,0.017678607,77.80531,7.1898727,3.3919957,383.67993,1.2472225,17.938335,970.7973,90.99836,-0.6115264,0.0352037,0.0020473064,-0.049644154,0.0,4.0,0.0,0.0,0.0,0.0,0.0,0.0,0.0,0.0,0.0,0.0,0.0,0.0,0.0,0.0,0.0,1.0,1.0,1.0,1.0,1.0,0.0,0.0,0.0,0,test/100/0/0,129
17.91913,0.0908699,0.09095323,0.00020860945,970.86365,0.054016113,0.10727145,-0.0023158481,91.0,0.0,0.0,0.0,9.826812,0.02520685,-0.05952029,0.0019523625,4.896356,-0.034925938,0.018763801,75.298775,-2.5065384,3.406184,368.6896,1.2317486,17.936415,970.80396,90.99853,-0.09602428,0.1705819,0.0018425756,0.0,0.0,4.0,0.0,0.0,0.0,0.0,0.0,0.0,0.0,0.0,0.0,0.0,0.0,0.0,0.0,0.0,0.0,1.0,1.0,1.0,1.0,1.0,0.0,0.0,0.0,0,test/100/0/0,130
18.06436,0.14522934,0.09491161,0.0025528485,970.7943,-0.06933594,0.10688771,-0.0017565276,91.0,0.0,0.0,0.0,9.811151,0.025286678,0.004108341,0.0039681634,4.946948,0.050591946,0.019217357,74.93413,-0.3646469,3.4242718,370.69525,1.2781687,17.94921,970.803,90.99867,0.63972485,-0.024768695,0.0016583181,0.036198914,0.0,4.0,0.0,0.0,0.0,0.0,0.0,0.0,0.0,0.0,0.0,0.0,0.0,0.0,0.0,0.0,0.0,1.0,1.0,1.0,1.0,1.0,0.0,0.0,0.0,0,test/100/0/0,131
17.872519,-0.19184113,0.09499172,0.0005112297,970.8311,0.0368042,0.10714841,-0.0011861012,91.0,0.0,0.0,0.0,9.807455,0.025061408,0.011965274,0.005621564,4.8861146,-0.060833454,0.021079632,72.6072,-2.3269272,3.4093785,354.76712,1.1554545,17.94154,970.8058,90.99881,-0.38345328,0.072347544,0.0014924863,0.0,0.0,4.0,0.0,0.0,0.0,0.0,0.0,0.0,0.0,0.0,0.0,0.0,0.0,0.0,0.0,0.0,0.0,1.0,1.0,1.0,1.0,1.0,0.0,0.0,0.0,0,test/100/0/0,132
17.990866,0.11834717,0.08985023,-0.0009964448,970.5377,-0.293396,0.11878045,-0.0034114982,91.0,0.0,0.0,0.0,9.827772,0.025088629,0.024013644,0.0016711786,4.9265485,0.040433884,0.020954315,75.24432,2.637123,3.0207813,370.6948,0.8106483,17.946472,970.779,90.998924,0.2466279,-0.68933403,0.0013432377,0.0,-0.0714962,4.0,0.0,0.0,0.0,0.0,0.0,0.0,0.0,0.0,0.0,0.0,0.0,0.0,0.0,0.0,0.0,1.0,1.0,1.0,1.0,1.0,0.0,0.0,0.0,0,test/100/0/0,133
17.999733,0.008867264,0.08910751,-0.001344196,970.8028,0.26507568,0.108846255,0.00021917587,91.0,0.0,0.0,0.0,9.829885,0.02556419,-0.018205462,0.005600891,4.912522,-0.014026642,0.020808438,72.77088,-2.473442,3.015542,357.48856,0.75609416,17.9518,970.7814,90.99903,0.26630142,0.061222535,0.0012089139,0.0,0.0,4.0,0.0,0.0,0.0,0.0,0.0,0.0,0.0,0.0,0.0,0.0,0.0,0.0,0.0,0.0,0.0,1.0,1.0,1.0,1.0,1.0,0.0,0.0,0.0,0,test/100/0/0,134
17.94903,-0.05070305,0.08821163,-0.00233559,970.76654,-0.036254883,0.108770564,0.0004391319,91.0,0.0,0.0,0.0,9.772208,0.025590597,-0.059788223,0.0036871466,4.915398,0.0028762817,0.019986937,78.27098,5.500099,3.2302191,384.73306,1.2215219,17.95152,970.7799,90.99913,-0.013843959,-0.03812656,0.0010880225,0.0,0.0,4.0,0.0,0.0,0.0,0.0,0.0,0.0,0.0,0.0,0.0,0.0,0.0,0.0,0.0,0.0,0.0,1.0,1.0,1.0,1.0,1.0,0.0,0.0,0.0,0,test/100/0/0,135
18.004217,0.055187225,0.079332985,0.0010858608,970.85864,0.09210205,0.108255446,0.0032933285,91.0,0.0,0.0,0.0,9.781824,0.02598979,0.06729123,0.0057108505,4.928862,0.013463974,0.019734519,75.038765,-3.232216,3.2561164,369.85574,1.3023931,17.95679,970.7878,90.999214,0.26347655,0.20251994,0.0009792203,0.0,0.0,4.0,0.0,0.0,0.0,0.0,0.0,0.0,0.0,0.0,0.0,0.0,0.0,0.0,0.0,0.0,0.0,1.0,1.0,1.0,1.0,1.0,0.0,0.0,0.0,0,test/100/0/0,136
18.067194,0.06297684,0.08020512,0.0012895513,970.8073,-0.051330566,0.10763024,0.002880997,91.0,0.0,0.0,0.0,9.819209,0.02610533,0.02777042,0.006024936,4.9241443,-0.004717827,0.019581942,78.77938,3.7406158,3.3574195,387.92105,1.3959248,17.967833,970.78973,90.9993,0.5520131,0.05027506,0.0008812982,0.03563833,0.0,4.0,0.0,0.0,0.0,0.0,0.0,0.0,0.0,0.0,0.0,0.0,0.0,0.0,0.0,0.0,0.0,1.0,1.0,1.0,1.0,1.0,0.0,0.0,0.0,0,test/100/0/0,137
17.840988,-0.22620583,0.08449741,-0.00055914,970.8469,0.039611816,0.10169951,0.0066363113,91.0,0.0,0.0,0.0,9.787412,0.026255546,-0.06918356,0.0073107565,4.9306436,0.0064992905,0.01961129,75.146255,-3.6331253,3.3129094,370.51938,1.7380928,17.955147,970.7954,90.99937,-0.6342173,0.14710651,0.0007931684,-0.038214244,0.0,4.0,0.0,0.0,0.0,0.0,0.0,0.0,0.0,0.0,0.0,0.0,0.0,0.0,0.0,0.0,0.0,1.0,1.0,1.0,1.0,1.0,0.0,0.0,0.0,0,test/100/0/0,138
17.953766,0.11277771,0.082542896,0.00063706306,970.7256,-0.12133789,0.09892405,0.004225285,91.0,0.0,0.0,0.0,9.820545,0.026437499,0.06493168,0.0061323256,4.921949,-0.008694649,0.01882538,76.668846,1.5225906,3.3006866,377.36014,1.7422115,17.95501,970.78845,90.99943,-0.006907061,-0.17961586,0.00071385154,0.0,0.0,4.0,0.0,0.0,0.0,0.0,0.0,0.0,0.0,0.0,0.0,0.0,0.0,0.0,0.0,0.0,0.0,1.0,1.0,1.0,1.0,1.0,0.0,0.0,0.0,0,test/100/0/0,139
17.900988,-0.052778244,0.0682745,0.0031461143,970.7877,0.06213379,0.07411902,-7.012159e-05,91.0,0.0,0.0,0.0,9.775845,0.025604004,-0.07783461,0.0050137397,4.923072,0.0011229515,0.017703624,76.76222,0.09337616,3.3236198,377.90594,1.7550005,17.949608,970.7884,90.99949,-0.27010757,-0.0018816721,0.0006424664,0.0,0.0,4.0,0.0,0.0,0.0,0.0,0.0,0.0,0.0,0.0,0.0,0.0,0.0,0.0,0.0,0.0,0.0,1.0,1.0,1.0,1.0,1.0,0.0,0.0,0.0,0,test/100/0/0,140
18.004494,0.10350609,0.06863099,0.003274235,970.7441,-0.043640137,0.07465412,-0.00095962867,91.0,0.0,0.0,0.0,9.818276,0.025285924,0.087132715,0.00850648,4.9222884,-0.00078344345,0.017323785,76.17647,-0.5857544,3.2021894,374.96252,1.5846689,17.955095,970.78394,90.999535,0.2744336,-0.113911,0.00057821977,0.0,0.0,4.0,0.0,0.0,0.0,0.0,0.0,0.0,0.0,0.0,0.0,0.0,0.0,0.0,0.0,0.0,0.0,1.0,1.0,1.0,1.0,1.0,0.0,0.0,0.0,0,test/100/0/0,141
18.01398,0.009487152,0.0689741,0.0033901474,970.9487,0.20465088,0.08261768,0.0015717241,91.0,0.0,0.0,0.0,9.8195,0.024102073,-0.04120851,0.0041522407,4.9097476,-0.012540817,0.017585734,76.48812,0.31165314,3.0689557,375.53738,1.3722527,17.960983,970.8004,90.99958,0.29442602,0.42372522,0.0005203978,0.0,0.0,4.0,0.0,0.0,0.0,0.0,0.0,0.0,0.0,0.0,0.0,0.0,0.0,0.0,0.0,0.0,0.0,1.0,1.0,1.0,1.0,1.0,0.0,0.0,0.0,0,test/100/0/0,142
17.992573,-0.021408081,0.06860602,0.0032177044,970.7237,-0.22503662,0.08361209,-5.731798e-05,91.0,0.0,0.0,0.0,9.84704,0.025554458,0.026317481,0.0041187797,4.939411,0.029663563,0.017588323,74.37918,-2.1089401,3.0659962,367.38934,1.3287321,17.964144,970.7927,90.999626,0.15794301,-0.1973129,0.00046835802,0.0,0.0,4.0,0.0,0.0,0.0,0.0,0.0,0.0,0.0,0.0,0.0,0.0,0.0,0.0,0.0,0.0,0.0,1.0,1.0,1.0,1.0,1.0,0.0,0.0,0.0,0,test/100/0/0,143
17.939629,-0.052944183,0.06601142,0.0016539796,970.88245,0.15875244,0.08555618,0.0018204998,91.0,0.0,0.0,0.0,9.875384,0.02885723,0.00080269965,0.007196988,4.9293804,-0.010030746,0.01674389,78.1669,3.7877197,2.4156644,385.3144,0.8745019,17.96169,970.8017,90.999664,-0.122572206,0.23063895,0.0004215222,0.0,0.0,4.0,0.0,0.0,0.0,0.0,0.0,0.0,0.0,0.0,0.0,0.0,0.0,0.0,0.0,0.0,0.0,1.0,1.0,1.0,1.0,1.0,0.0,0.0,0.0,0,test/100/0/0,144
17.888563,-0.051065445,0.065900534,-0.0005178624,970.92834,0.045898438,0.08479166,0.0016718126,91.0,0.0,0.0,0.0,9.799122,0.02761494,-0.104605146,0.0048541683,4.8943615,-0.03501892,0.014755769,79.47051,1.3036118,2.4705825,388.95746,0.94569117,17.954378,970.8144,90.999695,-0.36564222,0.3255996,0.00037937,0.0,0.0,4.0,0.0,0.0,0.0,0.0,0.0,0.0,0.0,0.0,0.0,0.0,0.0,0.0,0.0,0.0,0.0,1.0,1.0,1.0,1.0,1.0,0.0,0.0,0.0,0,test/100/0/0,145
17.896662,0.008098602,0.066687025,-0.00082981423,970.84045,-0.087890625,0.084814444,0.0026237774,91.0,0.0,0.0,0.0,9.780416,0.025860475,0.057554547,0.0055710506,4.9132085,0.018846989,0.014633688,79.901,0.4304886,2.3794148,392.57028,0.8754741,17.948606,970.817,90.999725,-0.28858498,0.06703518,0.00034143298,0.0,0.0,4.0,0.0,0.0,0.0,0.0,0.0,0.0,0.0,0.0,0.0,0.0,0.0,0.0,0.0,0.0,0.0,1.0,1.0,1.0,1.0,1.0,0.0,0.0,0.0,0,test/100/0/0,146
18.010752,0.114089966,0.06779601,1.0899135e-05,971.03546,0.19500732,0.09797127,0.00654765,91.0,0.0,0.0,0.0,9.785306,0.0262485,0.023597818,0.0064173113,4.912822,-0.00038671494,0.014682273,76.54714,-3.353859,2.3135405,376.06244,1.0924594,17.95482,970.83887,90.999756,0.31072336,0.5617791,0.00030728968,0.0,0.03519203,4.0,0.0,0.0,0.0,0.0,0.0,0.0,0.0,0.0,0.0,0.0,0.0,0.0,0.0,0.0,0.0,1.0,1.0,1.0,1.0,1.0,0.0,0.0,0.0,0,test/100/0/0,147
18.021292,0.010540009,0.0682221,0.0017747506,970.87,-0.16546631,0.09862959,0.0072378516,91.0,0.0,0.0,0.0,9.764894,0.028176256,-0.025302924,0.0076540327,4.9274206,0.014598846,0.0146378055,73.09759,-3.4495544,2.072508,360.1826,0.48072988,17.961468,970.842,90.99978,0.33235106,0.08011637,0.00027656072,0.0,0.0,4.0,0.0,0.0,0.0,0.0,0.0,0.0,0.0,0.0,0.0,0.0,0.0,0.0,0.0,0.0,0.0,1.0,1.0,1.0,1.0,1.0,0.0,0.0,0.0,0,test/100/0/0,148
18.07875,0.057458878,0.06622739,0.0014527515,970.87396,0.003967285,0.09927746,0.007837282,91.0,0.0,0.0,0.0,9.768834,0.02820114,0.024352157,0.0027492708,4.9264426,-0.000977993,0.014482264,76.59198,3.4943924,2.041503,377.326,0.6580971,17.973196,970.84515,90.9998,0.58641034,0.082306325,0.00024890466,0.04677795,0.0,4.0,0.0,0.0,0.0,0.0,0.0,0.0,0.0,0.0,0.0,0.0,0.0,0.0,0.0,0.0,0.0,1.0,1.0,1.0,1.0,1.0,0.0,0.0,0.0,0,test/100/0/0,149
18.019724,-0.05902672,0.065956324,0.0013456244,970.61633,-0.2576294,0.108479396,0.0055124382,91.0,0.0,0.0,0.0,9.749524,0.030294545,-0.023249425,0.006867663,4.921766,-0.004676819,0.013486895,78.76632,2.1743393,2.1107187,387.6694,0.7560928,17.97785,970.82227,90.999825,0.23263572,-0.5883999,0.00022401419,0.0252351,-0.02797329,4.0,0.0,0.0,0.0,0.0,0.0,0.0,0.0,0.0,0.0,0.0,0.0,0.0,0.0,0.0,0.0,1.0,1.0,1.0,1.0,1.0,0.0,0.0,0.0,0,test/100/0/0,150
17.92562,-0.09410477,0.06349623,0.0020359699,970.83453,0.21820068,0.10852219,0.0055818716,91.0,0.0,0.0,0.0,9.815367,0.030371496,0.085151665,0.00439198,4.9389973,0.017231464,0.012805937,80.646996,1.8806763,2.2870414,398.3153,1.0092999,17.972626,970.8235,90.99984,-0.2611517,0.031527568,0.00020161277,0.0,0.0,4.0,0.0,0.0,0.0,0.0,0.0,0.0,0.0,0.0,0.0,0.0,0.0,0.0,0.0,0.0,0.0,1.0,1.0,1.0,1.0,1.0,0.0,0.0,0.0,0,test/100/0/0,151
17.976423,0.05080414,0.059553362,0.0006316508,970.6759,-0.15863037,0.11243691,0.003905791,91.0,0.0,0.0,0.0,9.807824,0.030374743,-0.073384844,0.0049692746,4.9195843,-0.019412994,0.010145724,80.79181,0.14481354,2.2724721,397.4621,0.95728755,17.973005,970.8087,90.999855,0.01898417,-0.37953186,0.00018145148,0.0,0.0,4.0,0.0,0.0,0.0,0.0,0.0,0.0,0.0,0.0,0.0,0.0,0.0,0.0,0.0,0.0,0.0,1.0,1.0,1.0,1.0,1.0,0.0,0.0,0.0,0,test/100/0/0,152
17.940382,-0.03604126,0.059844103,0.0004248483,970.7878,0.11187744,0.09444388,-0.00057120644,91.0,0.0,0.0,0.0,9.796081,0.029826757,-0.0042004343,0.0023338331,4.935278,0.015693665,0.010516102,76.665115,-4.1266937,2.2388973,378.36365,0.81972677,17.969744,970.80664,90.99987,-0.16312055,-0.053893823,0.00016330634,0.0,0.0,4.0,0.0,0.0,0.0,0.0,0.0,0.0,0.0,0.0,0.0,0.0,0.0,0.0,0.0,0.0,0.0,1.0,1.0,1.0,1.0,1.0,0.0,0.0,0.0,0,test/100/0/0,153
18.023552,0.08316994,0.06063116,0.0016221126,970.88745,0.09967041,0.09556419,0.0001850329,91.0,0.0,0.0,0.0,9.816857,0.02932079,0.032519117,0.002818405,4.9087186,-0.026559353,0.0107246945,77.45171,0.7865982,2.011828,380.18863,0.48818555,17.975124,970.8147,90.999886,0.26904118,0.2077909,0.00014697571,0.0,0.0,4.0,0.0,0.0,0.0,0.0,0.0,0.0,0.0,0.0,0.0,0.0,0.0,0.0,0.0,0.0,0.0,1.0,1.0,1.0,1.0,1.0,0.0,0.0,0.0,0,test/100/0/0,154
17.974266,-0.04928589,0.0603932,0.0012789002,970.89844,0.010986328,0.096052684,0.0003984724,91.0,0.0,0.0,0.0,9.83309,0.029429974,-0.004543522,0.002868647,4.906524,-0.0021944046,0.011170188,76.78156,-0.67015076,2.0016916,376.7306,0.50328475,17.975039,970.8231,90.99989,-0.0042923684,0.21526237,0.00013227813,0.0,0.0,4.0,0.0,0.0,0.0,0.0,0.0,0.0,0.0,0.0,0.0,0.0,0.0,0.0,0.0,0.0,0.0,1.0,1.0,1.0,1.0,1.0,0.0,0.0,0.0,0,test/100/0/0,155
17.972805,-0.001461029,0.05998598,0.0017482442,970.8247,-0.07373047,0.09580801,0.00081452104,91.0,0.0,0.0,0.0,9.811394,0.029063579,-0.037927996,0.00367348,4.9400406,0.033516407,0.011776249,79.486145,2.7045822,1.9944997,392.66476,0.52314377,17.974815,970.82324,90.99991,-0.011168277,0.0041434974,0.000119050324,0.0,0.0,4.0,0.0,0.0,0.0,0.0,0.0,0.0,0.0,0.0,0.0,0.0,0.0,0.0,0.0,0.0,0.0,1.0,1.0,1.0,1.0,1.0,0.0,0.0,0.0,0,test/100/0/0,156
17.93372,-0.03908539,0.05635208,0.002700833,970.7831,-0.041625977,0.09620161,-0.00012353883,91.0,0.0,0.0,0.0,9.774386,0.029574001,-0.015312046,0.0031813928,4.91849,-0.021550655,0.011796195,78.08924,-1.396904,1.9768907,384.08115,0.6713221,17.970705,970.8192,90.999916,-0.20547839,-0.10330908,0.00010714529,0.0,0.0,4.0,0.0,0.0,0.0,0.0,0.0,0.0,0.0,0.0,0.0,0.0,0.0,0.0,0.0,0.0,0.0,1.0,1.0,1.0,1.0,1.0,0.0,0.0,0.0,0,test/100/0/0,157
17.978268,0.044548035,0.048602156,0.0009188645,970.6543,-0.12878418,0.10300477,-0.0022394855,91.0,0.0,0.0,0.0,9.800484,0.029380336,0.0631051,0.0076623634,4.8874874,-0.031002522,0.013796589,75.60488,-2.4843597,1.953088,369.5179,0.34246525,17.971462,970.80273,90.99992,0.03780962,-0.4241375,9.643076e-05,0.0,-0.0035575393,4.0,0.0,0.0,0.0,0.0,0.0,0.0,0.0,0.0,0.0,0.0,0.0,0.0,0.0,0.0,0.0,1.0,1.0,1.0,1.0,1.0,0.0,0.0,0.0,0,test/100/0/0,158
17.941359,-0.036909103,0.04891309,0.0001838885,970.9009,0.24658203,0.10238174,-0.0024590285,91.0,0.0,0.0,0.0,9.804864,0.029109871,-0.0217177,0.0031007344,4.9326296,0.045142174,0.014071492,79.16227,3.5573883,1.9801278,390.47815,0.4225583,17.968452,970.81256,90.99993,-0.15051685,0.25234434,8.678769e-05,0.0,0.0,4.0,0.0,0.0,0.0,0.0,0.0,0.0,0.0,0.0,0.0,0.0,0.0,0.0,0.0,0.0,0.0,1.0,1.0,1.0,1.0,1.0,0.0,0.0,0.0,0,test/100/0/0,159
17.94783,0.006471634,0.046535235,-0.0012733187,970.82184,-0.07904053,0.102031425,-0.0030902606,91.0,0.0,0.0,0.0,9.742543,0.031431038,-0.066700935,0.0035583344,4.9235654,-0.009064198,0.014076616,76.11705,-3.0452194,1.9978967,374.76724,0.26710153,17.966389,970.8135,90.99994,-0.103107005,0.023862835,7.810892e-05,0.0,0.0,4.0,0.0,0.0,0.0,0.0,0.0,0.0,0.0,0.0,0.0,0.0,0.0,0.0,0.0,0.0,0.0,1.0,1.0,1.0,1.0,1.0,0.0,0.0,0.0,0,test/100/0/0,160
17.990294,0.042463303,0.046171963,-0.0005600406,970.75775,-0.064086914,0.10152065,-0.0053773806,91.0,0.0,0.0,0.0,9.785534,0.031318095,0.105312325,0.0059254295,4.9219103,-0.0016551018,0.014074331,74.59195,-1.5251007,2.0793247,367.1349,-0.039144117,17.96878,970.8079,90.99995,0.11952021,-0.14331837,7.0298025e-05,0.0,0.0,4.0,0.0,0.0,0.0,0.0,0.0,0.0,0.0,0.0,0.0,0.0,0.0,0.0,0.0,0.0,0.0,1.0,1.0,1.0,1.0,1.0,0.0,0.0,0.0,0,test/100/0/0,161
17.979622,-0.010671616,0.045257337,0.00017193673,970.67267,-0.08508301,0.102831446,-0.005669202,91.0,0.0,0.0,0.0,9.7858515,0.031070303,-0.042674396,0.00218388,4.8983088,-0.023601532,0.014713085,75.5003,0.9083481,2.1128082,369.82376,-0.28612968,17.969864,970.7944,90.99995,0.05421011,-0.3477714,6.326822e-05,0.0,0.0,4.0,0.0,0.0,0.0,0.0,0.0,0.0,0.0,0.0,0.0,0.0,0.0,0.0,0.0,0.0,0.0,1.0,1.0,1.0,1.0,1.0,0.0,0.0,0.0,0,test/100/0/0,162
17.940645,-0.03897667,0.045468934,6.074977e-05,970.741,0.068359375,0.102141604,-0.00812254,91.0,0.0,0.0,0.0,9.836437,0.03029689,0.05026975,0.0033399712,4.94251,0.044201374,0.014933289,78.90226,3.4019623,2.0183382,389.97522,-0.3652986,17.966942,970.78906,90.999954,-0.14609425,-0.13721302,5.69414e-05,0.0,0.0,4.0,0.0,0.0,0.0,0.0,0.0,0.0,0.0,0.0,0.0,0.0,0.0,0.0,0.0,0.0,0.0,1.0,1.0,1.0,1.0,1.0,0.0,0.0,0.0,0,test/100/0/0,163
18.02145,0.080804825,0.046314575,0.00034604323,970.7006,-0.040405273,0.10375655,-0.008672545,91.0,0.0,0.0,0.0,9.847206,0.027091151,-0.039817978,0.0075500375,4.930329,-0.012181282,0.014964563,75.96908,-2.9331818,2.0450418,374.55252,-0.41572845,17.972393,970.7802,90.99996,0.27253932,-0.22739099,5.124726e-05,0.0,0.0,4.0,0.0,0.0,0.0,0.0,0.0,0.0,0.0,0.0,0.0,0.0,0.0,0.0,0.0,0.0,0.0,1.0,1.0,1.0,1.0,1.0,0.0,0.0,0.0,0,test/100/0/0,164
17.998714,-0.022735596,0.04231076,-0.0006227938,970.97174,0.27111816,0.10671897,-0.004351302,91.0,0.0,0.0,0.0,9.785413,0.027159136,-0.07256195,0.0064827357,4.932374,0.0020451546,0.013965674,72.23739,-3.7316895,2.2906086,356.3018,-0.6531777,17.975025,970.7994,90.99996,0.1316074,0.4925091,4.6122535e-05,0.0,0.0030480837,4.0,0.0,0.0,0.0,0.0,0.0,0.0,0.0,0.0,0.0,0.0,0.0,0.0,0.0,0.0,0.0,1.0,1.0,1.0,1.0,1.0,0.0,0.0,0.0,0,test/100/0/0,165
18.075977,0.07726288,0.04298981,-0.00052564376,970.72784,-0.24389648,0.10779418,-0.004967298,91.0,0.0,0.0,0.0,9.8296175,0.027977563,0.105998226,0.009936549,4.933253,0.0008788109,0.014023625,76.47458,4.2371902,2.2046006,377.26843,-0.48495254,17.98512,970.79224,90.99997,0.50476104,-0.1839042,4.151028e-05,0.036350615,0.0,4.0,0.0,0.0,0.0,0.0,0.0,0.0,0.0,0.0,0.0,0.0,0.0,0.0,0.0,0.0,0.0,1.0,1.0,1.0,1.0,1.0,0.0,0.0,0.0,0,test/100/0/0,166
18.146576,0.0705986,0.055129375,0.0021118307,970.7177,-0.010131836,0.09482262,-0.0024796335,91.0,0.0,0.0,0.0,9.817577,0.028182115,-0.056245323,0.007143812,4.9124236,-0.0208292,0.014038225,75.492775,-0.9818039,2.2266681,370.85248,-0.64602375,18.001266,970.7848,90.99997,0.807278,-0.19156706,3.7359252e-05,0.14861712,0.0,4.0,0.0,0.0,0.0,0.0,0.0,0.0,0.0,0.0,0.0,0.0,0.0,0.0,0.0,0.0,0.0,1.0,1.0,1.0,1.0,1.0,0.0,0.0,0.0,0,test/100/0/0,167
18.007135,-0.13944054,0.054869357,0.002719472,970.683,-0.034729004,0.09529123,-0.0026229054,91.0,0.0,0.0,0.0,9.844591,0.028750587,0.03905366,0.0007852916,4.9001718,-0.012251854,0.014833393,81.07002,5.5772476,2.2201142,397.25705,-0.67278683,18.001852,970.7746,90.99997,0.029347476,-0.2617135,3.3623328e-05,0.10190435,0.0,4.0,0.0,0.0,0.0,0.0,0.0,0.0,0.0,0.0,0.0,0.0,0.0,0.0,0.0,0.0,0.0,1.0,1.0,1.0,1.0,1.0,0.0,0.0,0.0,0,test/100/0/0,168
18.029942,0.022806168,0.052042924,0.0045814486,970.70776,0.024780273,0.09366933,-0.0020683117,91.0,0.0,0.0,0.0,9.811573,0.027726013,-0.060031444,0.010855228,4.919698,0.019526482,0.01479472,80.8815,-0.18852234,2.3432374,397.91257,-0.47525108,18.004662,970.7679,90.99998,0.14044356,-0.17182146,3.0260995e-05,0.079666026,0.0,4.0,0.0,0.0,0.0,0.0,0.0,0.0,0.0,0.0,0.0,0.0,0.0,0.0,0.0,0.0,0.0,1.0,1.0,1.0,1.0,1.0,0.0,0.0,0.0,0,test/100/0/0,169
17.91786,-0.11208153,0.053953093,0.003983657,970.9579,0.25012207,0.09552924,-0.001758455,91.0,0.0,0.0,0.0,9.807047,0.024655225,0.02849233,0.0056462325,4.907539,-0.0121593475,0.015089641,74.778366,-6.103134,2.398918,366.97778,-0.58728105,17.995981,970.7869,90.99998,-0.43400842,0.4885317,2.7234895e-05,0.0,0.0,4.0,0.0,0.0,0.0,0.0,0.0,0.0,0.0,0.0,0.0,0.0,0.0,0.0,0.0,0.0,0.0,1.0,1.0,1.0,1.0,1.0,0.0,0.0,0.0,0,test/100/0/0,170
18.03912,0.12125969,0.053255413,0.0037854603,970.7963,-0.16156006,0.09490649,-0.0008249383,91.0,0.0,0.0,0.0,9.833113,0.02522833,0.030592103,0.0018536226,4.92552,0.017981052,0.014539066,76.89018,2.1118164,2.2761493,378.72412,-0.33229774,18.000296,970.78784,90.99998,0.21569087,0.0242384,2.4511406e-05,0.0,0.0,4.0,0.0,0.0,0.0,0.0,0.0,0.0,0.0,0.0,0.0,0.0,0.0,0.0,0.0,0.0,0.0,1.0,1.0,1.0,1.0,1.0,0.0,0.0,0.0,0,test/100/0/0,171
17.98404,-0.055080414,0.053171284,0.003431894,970.7797,-0.016601562,0.091666944,-0.0025758212,91.0,0.0,0.0,0.0,9.793314,0.025447162,-0.065865494,0.002627914,4.911517,-0.0140028,0.014651417,78.58896,1.6987762,2.1467266,385.99103,0.042487215,17.99867,970.78705,90.999985,-0.08128029,-0.020875173,2.2060265e-05,0.0,0.0,4.0,0.0,0.0,0.0,0.0,0.0,0.0,0.0,0.0,0.0,0.0,0.0,0.0,0.0,0.0,0.0,1.0,1.0,1.0,1.0,1.0,0.0,0.0,0.0,0,test/100/0/0,172
18.021658,0.037618637,0.052153476,0.0030352112,970.6009,-0.17883301,0.10038772,-0.005271097,91.0,0.0,0.0,0.0,9.774116,0.026387976,0.020600468,0.0034034068,4.886371,-0.025146008,0.015833339,73.735794,-4.8531647,2.2638237,360.30048,-0.23404045,18.000969,970.76843,90.999985,0.11494092,-0.47864395,1.9854238e-05,0.0,-0.02746421,4.0,0.0,0.0,0.0,0.0,0.0,0.0,0.0,0.0,0.0,0.0,0.0,0.0,0.0,0.0,0.0,1.0,1.0,1.0,1.0,1.0,0.0,0.0,0.0,0,test/100/0/0,173
17.795948,-0.22570992,0.067520805,0.0006050913,970.7795,0.17858887,0.09728062,-0.003560323,91.0,0.0,0.0,0.0,9.809792,0.026297452,0.054875202,0.0065816897,4.936831,0.05045986,0.016280053,78.68168,4.9458847,2.294735,388.43817,-0.05262288,17.980467,970.76953,90.999985,-1.0251027,0.02844895,1.7868815e-05,-0.10540955,0.0,4.0,0.0,0.0,0.0,0.0,0.0,0.0,0.0,0.0,0.0,0.0,0.0,0.0,0.0,0.0,0.0,1.0,1.0,1.0,1.0,1.0,0.0,0.0,0.0,0,test/100/0/0,174
17.829268,0.033319473,0.07557352,-0.0017849728,970.8346,0.055114746,0.094137855,-0.00072636426,91.0,0.0,0.0,0.0,9.828406,0.026078695,-0.017061234,0.004375136,4.945781,0.008950233,0.017079858,76.39621,-2.285469,2.2976992,377.83896,-0.08962857,17.965347,970.776,90.999985,-0.7559951,0.16732769,1.6081933e-05,-0.16988927,0.0,4.0,0.0,0.0,0.0,0.0,0.0,0.0,0.0,0.0,0.0,0.0,0.0,0.0,0.0,0.0,0.0,1.0,1.0,1.0,1.0,1.0,0.0,0.0,0.0,0,test/100/0/0,175
18.118513,0.2892456,0.08154623,0.00015201712,970.8021,-0.032470703,0.09361717,0.00057556614,91.0,0.0,0.0,0.0,9.817653,0.026176944,-0.029369704,0.005866985,4.902229,-0.0435524,0.016885882,76.49832,0.10211182,2.22272,375.0123,0.08291039,17.980663,970.7786,90.999985,0.7658324,0.067098826,1.447374e-05,0.07999388,0.0,4.0,0.0,0.0,0.0,0.0,0.0,0.0,0.0,0.0,0.0,0.0,0.0,0.0,0.0,0.0,0.0,1.0,1.0,1.0,1.0,1.0,0.0,0.0,0.0,0,test/100/0/0,176
17.88711,-0.23140335,0.083615296,-0.0020530026,970.87396,0.07183838,0.09632945,0.0022804663,78.49,-12.510002,2.7264917,-0.17871432,9.815301,0.025168533,0.008403558,0.008560138,4.9180484,0.01581955,0.0168861,77.92926,1.4309387,2.2182887,383.2599,0.26428628,17.971308,970.78815,89.74899,-0.46776757,0.2451162,-4.1294794,-0.000520831,0.0,4.0,0.0,0.0,0.0,0.0,0.0,0.0,0.0,0.0,0.0,0.0,0.0,0.0,0.0,0.0,0.0,1.0,1.0,1.0,1.0,1.0,0.0,0.0,0.0,0,test/100/0/0,177
18.019794,0.13268471,0.083997495,-0.0015890466,970.68744,-0.18652344,0.0945223,-0.0008493524,78.54,0.05000305,3.7455084,-0.33790228,9.820356,0.02522382,0.007406421,0.0062931995,4.9104247,-0.0076236725,0.015465085,78.752975,0.8237152,2.2412372,386.71057,0.26624689,17.976156,970.7781,88.62809,0.24243273,-0.25902712,-2.6933832,0.0,0.0,4.0,0.0,0.0,0.0,0.0,0.0,0.0,0.0,0.0,0.0,0.0,0.0,0.0,0.0,0.0,0.0,1.0,1.0,1.0,1.0,1.0,0.0,0.0,0.0,0,test/100/0/0,178
17.937069,-0.082725525,0.08411314,-0.0029521054,970.6894,0.001953125,0.0917221,-0.0001077064,78.34,-0.20000458,4.478987,-0.4812106,9.7886305,0.02561854,-0.036781915,0.0019991596,4.952452,0.042027473,0.016843911,74.6552,-4.0977783,2.232284,369.72626,0.33067188,17.972248,970.7692,87.59928,-0.19543816,-0.22810209,-2.067272,0.0,0.0,4.0,0.0,0.0,0.0,0.0,0.0,0.0,0.0,0.0,0.0,0.0,0.0,0.0,0.0,0.0,0.0,1.0,1.0,1.0,1.0,1.0,0.0,0.0,0.0,0,test/100/0/0,179
18.017015,0.07994652,0.08395939,-0.0030644366,970.76746,0.078063965,0.0908039,0.00081915606,78.22,-0.11999512,5.041316,-0.60719556,9.777186,0.022002587,0.020282526,0.0028448175,4.9280896,-0.024362564,0.016912954,75.70907,1.0538712,2.2394364,373.1011,0.22644787,17.976725,970.76904,86.661354,0.22383824,-0.004555963,-1.6744342,0.0,0.0,4.0,0.0,0.0,0.0,0.0,0.0,0.0,0.0,0.0,0.0,0.0,0.0,0.0,0.0,0.0,0.0,1.0,1.0,1.0,1.0,1.0,0.0,0.0,0.0,0,test/100/0/0,180
18.157091,0.14007568,0.09171058,-0.0006092516,970.8708,0.10333252,0.093802676,0.0022920766,77.65,-0.5699997,5.52409,-0.72210526,9.839893,0.022115795,0.07415046,0.0058261473,4.918884,-0.009205818,0.016915785,75.483406,-0.22566223,2.2059188,371.29413,-0.021595478,17.99476,970.77924,85.760216,0.9018328,0.26161182,-1.4681543,0.119679205,0.0,4.0,0.0,0.0,0.0,0.0,0.0,0.0,0.0,0.0,0.0,0.0,0.0,0.0,0.0,0.0,0.0,1.0,1.0,1.0,1.0,1.0,0.0,0.0,0.0,0,test/100/0/0,181
17.914356,-0.24273491,0.093389176,-0.002041031,970.8467,-0.024108887,0.09260805,0.001907188,78.49,0.83999634,5.8276186,-0.80493987,9.795227,0.021626016,-0.10737216,0.003647446,4.910432,-0.008451939,0.016311197,72.332825,-3.1505814,2.39428,355.18542,-0.46356177,17.986721,970.78595,85.033195,-0.40202498,0.17345637,-1.122791,0.0,0.0,4.0,0.0,0.0,0.0,0.0,0.0,0.0,0.0,0.0,0.0,0.0,0.0,0.0,0.0,0.0,0.0,1.0,1.0,1.0,1.0,1.0,0.0,0.0,0.0,0,test/100/0/0,182
17.878225,-0.036130905,0.09608946,-0.004506243,970.79486,-0.051818848,0.09231043,0.0015997177,78.14,-0.34999847,6.0755663,-0.87396246,9.780426,0.022111448,0.029863976,0.0061243568,4.9034557,-0.0069761276,0.015982816,72.61902,0.28619385,2.47877,356.08414,-0.55249584,17.975872,970.78687,84.34388,-0.542477,0.022862261,-1.0211191,-0.013080888,0.0,4.0,0.0,0.0,0.0,0.0,0.0,0.0,0.0,0.0,0.0,0.0,0.0,0.0,0.0,0.0,0.0,1.0,1.0,1.0,1.0,1.0,0.0,0.0,0.0,0,test/100/0/0,183
17.98177,0.103544235,0.09582566,-0.0041225217,970.77356,-0.02130127,0.09054556,0.0002690136,78.53,0.3899994,6.224271,-0.91807526,9.831161,0.021041963,0.06553652,0.008250628,4.9392633,0.03580761,0.01640438,76.7513,4.1322784,2.4800603,379.09488,-0.5052573,17.976461,970.7855,83.76249,0.029491857,-0.034198657,-0.8406591,0.0,0.0,4.0,0.0,0.0,0.0,0.0,0.0,0.0,0.0,0.0,0.0,0.0,0.0,0.0,0.0,0.0,0.0,1.0,1.0,1.0,1.0,1.0,0.0,0.0,0.0,0,test/100/0/0,184
17.92344,-0.05832863,0.09679868,-0.00487138,970.95605,0.18249512,0.08896279,0.005716516,78.33,-0.19999695,6.319043,-0.94629323,9.843112,0.021422448,-0.038783804,0.00415313,4.908449,-0.03081417,0.016311374,76.41667,-0.33462524,2.2985504,375.08737,-0.81026894,17.971159,970.80255,83.21924,-0.26510048,0.43849435,-0.77373075,0.0,0.0,4.0,0.0,0.0,0.0,0.0,0.0,0.0,0.0,0.0,0.0,0.0,0.0,0.0,0.0,0.0,0.0,1.0,1.0,1.0,1.0,1.0,0.0,0.0,0.0,0,test/100/0/0,185
18.040148,0.11670685,0.09540311,-0.0026198637,970.88666,-0.06939697,0.09080953,0.006345224,77.97,-0.3600006,6.367904,-0.9606015,9.855298,0.023090372,0.00023510723,0.006725712,4.926768,0.018318653,0.016078508,72.61623,-3.8004456,2.4500885,357.76328,-1.0599643,17.978058,970.811,82.69431,0.34494382,0.21619557,-0.7418947,0.0,0.0,4.0,0.0,0.0,0.0,0.0,0.0,0.0,0.0,0.0,0.0,0.0,0.0,0.0,0.0,0.0,0.0,1.0,1.0,1.0,1.0,1.0,0.0,0.0,0.0,0,test/100/0/0,186
18.07424,0.03409195,0.090343885,0.001287274,970.8081,-0.078552246,0.08932074,0.0054529635,77.91,-0.05999756,6.3527517,-0.9561729,9.792832,0.023534328,-0.07465171,0.0071672588,4.9184875,-0.008280277,0.016023474,71.84304,-0.77318573,2.633511,353.3591,-1.44455,17.987677,970.8107,82.21588,0.48090917,-0.0074154753,-0.6777978,0.025922418,0.0,4.0,0.0,0.0,0.0,0.0,0.0,0.0,0.0,0.0,0.0,0.0,0.0,0.0,0.0,0.0,0.0,1.0,1.0,1.0,1.0,1.0,0.0,0.0,0.0,0,test/100/0/0,187
17.913212,-0.16102791,0.09118031,0.00080109644,970.726,-0.082092285,0.08709101,0.002703674,78.1,0.18999481,6.2615314,-0.92934585,9.79401,0.022701396,0.06364367,0.0032896956,4.953516,0.035028458,0.017147522,71.83643,-0.0066070557,2.5347905,355.8429,-1.3504329,17.98023,970.80225,81.8043,-0.37232128,-0.21776837,-0.5915961,0.0,0.0,4.0,0.0,0.0,0.0,0.0,0.0,0.0,0.0,0.0,0.0,0.0,0.0,0.0,0.0,0.0,0.0,1.0,1.0,1.0,1.0,1.0,0.0,0.0,0.0,0,test/100/0/0,188
18.05306,0.13984871,0.09202494,0.0028140936,970.86755,0.14154053,0.08586,0.0023029528,77.94,-0.15999603,6.107267,-0.88540596,9.799664,0.022819286,0.004475156,0.0035733262,4.9354525,-0.018063545,0.01742068,76.22865,4.3922195,2.2424486,376.2229,-0.8925455,17.987513,970.8088,81.41787,0.3641544,0.16796982,-0.5694633,0.0013778437,0.0,4.0,0.0,0.0,0.0,0.0,0.0,0.0,0.0,0.0,0.0,0.0,0.0,0.0,0.0,0.0,0.0,1.0,1.0,1.0,1.0,1.0,0.0,0.0,0.0,0,test/100/0/0,189
17.986763,-0.06629753,0.091100916,0.0020755094,970.78424,-0.08331299,0.07841563,0.0044210562,78.94,1.0,5.846056,-0.80754125,9.8188715,0.02289267,0.0135546625,0.0027174936,4.9052386,-0.030213833,0.017522905,73.13097,-3.0976868,2.294781,358.72482,-1.1404587,17.987438,970.80634,81.17008,-0.0037487,-0.06306056,-0.38146707,0.0,0.0,4.0,0.0,0.0,0.0,0.0,0.0,0.0,0.0,0.0,0.0,0.0,0.0,0.0,0.0,0.0,0.0,1.0,1.0,1.0,1.0,1.0,0.0,0.0,0.0,0,test/100/0/0,190
18.096691,0.10992813,0.09383646,0.0047183405,970.81195,0.027709961,0.07848984,0.0046451883,78.37,-0.5699997,5.521488,-0.71968406,9.80353,0.022327239,-0.034549624,0.003289209,4.9099,0.00466156,0.017689692,71.82632,-1.3046494,2.3888402,352.66003,-1.2771326,17.998363,970.8069,80.890076,0.54626685,0.014499679,-0.45641133,0.047711004,0.0,4.0,0.0,0.0,0.0,0.0,0.0,0.0,0.0,0.0,0.0,0.0,0.0,0.0,0.0,0.0,0.0,1.0,1.0,1.0,1.0,1.0,0.0,0.0,0.0,0,test/100/0/0,191
18.017912,-0.07877922,0.09417261,0.0052794893,970.8173,0.0053710938,0.07850198,0.0046604243,77.94,-0.4300003,5.1101556,-0.61897725,9.805975,0.022053044,0.017786963,0.008031266,4.9074755,-0.002424717,0.017820379,76.24629,4.4199753,2.2694213,374.17682,-0.9524893,18.000319,970.8079,80.59506,0.09774404,0.026861096,-0.519566,0.0051353206,0.0,4.0,0.0,0.0,0.0,0.0,0.0,0.0,0.0,0.0,0.0,0.0,0.0,0.0,0.0,0.0,0.0,1.0,1.0,1.0,1.0,1.0,0.0,0.0,0.0,0,test/100/0/0,192
18.181147,0.16323471,0.10339561,0.008715605,970.82245,0.005126953,0.064077646,0.0018686854,77.95,0.009994507,4.57007,-0.4984886,9.800905,0.02062615,-0.007515161,0.0038797606,4.911704,0.004228592,0.016144186,74.58773,-1.6585617,2.2535236,366.35287,-1.1274911,18.0184,970.8094,80.33056,0.9041432,0.03735858,-0.5209027,0.14298305,0.0,4.0,0.0,0.0,0.0,0.0,0.0,0.0,0.0,0.0,0.0,0.0,0.0,0.0,0.0,0.0,0.0,1.0,1.0,1.0,1.0,1.0,0.0,0.0,0.0,0,test/100/0/0,193
17.968367,-0.21278,0.09347348,0.0053083333,971.0043,0.18182373,0.07628475,0.004161083,78.21,0.26000214,3.843051,-0.35466155,9.815238,0.020645509,0.019401932,0.003334816,4.8972735,-0.014430523,0.016639253,69.62286,-4.9648666,2.38027,340.9622,-1.230039,18.013397,970.82886,80.1185,-0.25017112,0.50116944,-0.4966116,0.039851606,0.023697028,4.0,0.0,0.0,0.0,0.0,0.0,0.0,0.0,0.0,0.0,0.0,0.0,0.0,0.0,0.0,0.0,1.0,1.0,1.0,1.0,1.0,0.0,0.0,0.0,0,test/100/0/0,194
18.009804,0.04143715,0.084896855,0.0027598417,970.7929,-0.21136475,0.076461606,0.003966184,78.7,0.48999786,2.7953544,-0.18460147,9.797542,0.020453114,-0.03202844,0.0101056285,4.911637,0.014363289,0.015645487,69.69171,0.068847656,2.5649986,342.30035,-1.4094337,18.013039,970.82526,79.976654,-0.017968265,-0.09245683,-0.45670605,0.0,0.0,4.0,0.0,0.0,0.0,0.0,0.0,0.0,0.0,0.0,0.0,0.0,0.0,0.0,0.0,0.0,0.0,1.0,1.0,1.0,1.0,1.0,0.0,0.0,0.0,0,test/100/0/0,195
18.133373,0.12356949,0.08591286,0.0062721814,970.64514,-0.14776611,0.08535127,0.0012103317,78.47,-0.22999573,0.3085651,0.00066922413,9.812025,0.020379541,0.032180354,0.0012032087,4.900374,-0.011262894,0.015746595,67.243324,-2.4483871,2.9251919,329.51743,-1.7626317,18.025072,970.80725,79.82599,0.601676,-0.46318117,-1.6949823,0.079808444,-0.0036074114,4.0,0.0,0.0,0.0,0.0,0.0,0.0,0.0,0.0,0.0,0.0,0.0,0.0,0.0,0.0,0.0,1.0,1.0,1.0,1.0,1.0,0.0,0.0,0.0,0,test/100/0/0,196
18.05525,-0.07812309,0.08164272,0.0049923933,970.9313,0.2861328,0.08831626,0.003912445,78.39,-0.08000183,0.30561817,0.0061127855,9.831919,0.02093603,0.005409832,0.0042407857,4.9392533,0.038879395,0.016390227,71.34031,4.096985,2.8075738,352.36786,-1.5907564,18.02809,970.81964,79.68239,0.15089294,0.31890705,-1.6154861,0.06941728,0.0,4.0,0.0,0.0,0.0,0.0,0.0,0.0,0.0,0.0,0.0,0.0,0.0,0.0,0.0,0.0,0.0,1.0,1.0,1.0,1.0,1.0,0.0,0.0,0.0,0,test/100/0/0,197
17.888832,-0.16641808,0.08634743,0.0031773832,970.9288,-0.0025024414,0.08664256,0.0035475192,78.06,-0.33000183,0.3012283,0.0077819307,9.784955,0.021490866,-0.06685821,0.0043690186,4.9281,-0.011153221,0.016357519,69.77277,-1.5675354,2.6358933,343.8472,-1.4396663,18.014164,970.83057,79.52015,-0.69628674,0.2805815,-1.8251896,-0.016892312,0.0,4.0,0.0,0.0,0.0,0.0,0.0,0.0,0.0,0.0,0.0,0.0,0.0,0.0,0.0,0.0,0.0,1.0,1.0,1.0,1.0,1.0,0.0,0.0,0.0,0,test/100/0/0,198
17.996878,0.10804558,0.084742524,0.0017966249,970.9079,-0.020874023,0.08236439,0.0025523251,79.0,0.94000244,0.3442739,0.020443525,9.767516,0.02290886,0.029526185,0.003298297,4.92114,-0.006959915,0.014611526,72.08943,2.316658,2.6144524,354.7622,-1.3363646,18.012436,970.8383,79.46813,-0.08643017,0.19884728,-0.5851679,0.0,0.0,4.0,0.0,0.0,0.0,0.0,0.0,0.0,0.0,0.0,0.0,0.0,0.0,0.0,0.0,0.0,0.0,1.0,1.0,1.0,1.0,1.0,0.0,0.0,0.0,0,test/100/0/0,199
17.917624,-0.07925415,0.08731741,0.00045603988,971.00775,0.099853516,0.08860456,0.0038876182,78.42,-0.58000183,0.3457087,0.021932231,9.810671,0.021840882,0.060592655,0.002128744,4.9051466,-0.015993595,0.014732948,72.1735,0.0840683,2.534787,354.0216,-1.1678535,18.002954,970.8552,79.36332,-0.4740579,0.43572873,-1.1791532,0.0,0.021544958,4.0,0.0,0.0,0.0,0.0,0.0,0.0,0.0,0.0,0.0,0.0,0.0,0.0,0.0,0.0,0.0,1.0,1.0,1.0,1.0,1.0,0.0,0.0,0.0,0,test/100/0/0,200
17.934584,0.016960144,0.08179242,0.0017189255,970.92676,-0.08099365,0.090112835,0.005336079,78.68,0.26000214,0.32477814,0.017834513,9.790151,0.021001808,-0.06367453,0.004831525,4.937175,0.0320282,0.015339624,69.314804,-2.858696,2.5516827,342.2193,-1.1677871,17.996117,970.8624,79.29499,-0.34185138,0.18388647,-0.7687354,0.0,0.0,4.0,0.0,0.0,0.0,0.0,0.0,0.0,0.0,0.0,0.0,0.0,0.0,0.0,0.0,0.0,0.0,1.0,1.0,1.0,1.0,1.0,0.0,0.0,0.0,0,test/100/0/0,201
18.050388,0.11580467,0.080170386,0.0011381049,970.8767,-0.050048828,0.09026155,0.0056047253,78.18,-0.5,0.32402566,0.018308166,9.802528,0.020864801,0.032897945,0.0020826838,4.934808,-0.0023670197,0.015615108,70.441315,1.1265106,2.5866485,347.61432,-1.3012754,18.001545,970.86383,79.18349,0.27135712,0.03680084,-1.2543619,0.0,0.0,4.0,0.0,0.0,0.0,0.0,0.0,0.0,0.0,0.0,0.0,0.0,0.0,0.0,0.0,0.0,0.0,1.0,1.0,1.0,1.0,1.0,0.0,0.0,0.0,0,test/100/0/0,202
17.945557,-0.104831696,0.07608198,-0.0017153589,970.831,-0.045715332,0.08942727,0.0043569463,78.15,-0.02999878,0.3237682,0.013293136,9.7842,0.02064022,-0.030706976,0.0029824865,4.9410114,0.0062036514,0.015802044,74.61514,4.173828,2.6354818,368.6743,-1.1083316,17.995945,970.86053,79.08014,-0.2799371,-0.08443296,-1.1626743,0.0,0.0,4.0,0.0,0.0,0.0,0.0,0.0,0.0,0.0,0.0,0.0,0.0,0.0,0.0,0.0,0.0,0.0,1.0,1.0,1.0,1.0,1.0,0.0,0.0,0.0,0,test/100/0/0,203
17.940304,-0.005252838,0.0773355,-0.0031102044,970.88763,0.056640625,0.08765093,0.0035276485,78.22,0.069999695,0.32036328,0.015420945,9.784268,0.020436848,0.018397702,0.0039514983,4.9211698,-0.019841671,0.015274535,70.768234,-3.8469086,2.456908,348.26248,-0.8625901,17.990381,970.8633,78.994125,-0.27820757,0.06965766,-0.9676572,0.0,0.0,4.0,0.0,0.0,0.0,0.0,0.0,0.0,0.0,0.0,0.0,0.0,0.0,0.0,0.0,0.0,0.0,1.0,1.0,1.0,1.0,1.0,0.0,0.0,0.0,0,test/100/0/0,204
17.97422,0.033916473,0.07537976,-0.004879153,970.9419,0.054260254,0.08693471,0.006183458,78.4,0.1800003,0.3210917,0.017428502,9.781821,0.019001171,-0.002515862,0.008730543,4.9225936,0.0014238358,0.015016017,69.6392,-1.129036,2.2991462,342.80545,-0.7117181,17.988766,970.8711,78.934715,-0.08080444,0.20221826,-0.66839117,0.0,0.0,4.0,0.0,0.0,0.0,0.0,0.0,0.0,0.0,0.0,0.0,0.0,0.0,0.0,0.0,0.0,0.0,1.0,1.0,1.0,1.0,1.0,0.0,0.0,0.0,0,test/100/0/0,205
18.06807,0.09384918,0.076199345,-0.0035410186,970.8397,-0.10217285,0.086825356,0.006305207,78.21,-0.19000244,0.3129152,0.010932257,9.789953,0.014615317,0.010578919,0.00626105,4.9062777,-0.016315937,0.015311684,71.571,1.9318008,2.2907586,351.14722,-0.66667217,17.996695,970.868,78.86224,0.39652193,-0.080733754,-0.8153048,0.006961481,0.0,4.0,0.0,0.0,0.0,0.0,0.0,0.0,0.0,0.0,0.0,0.0,0.0,0.0,0.0,0.0,0.0,1.0,1.0,1.0,1.0,1.0,0.0,0.0,0.0,0,test/100/0/0,206
18.011557,-0.056512833,0.07478146,-0.0025139041,970.95294,0.113220215,0.08839053,0.00687467,78.11,-0.099998474,0.30294564,0.0016992325,9.798107,0.014559433,2.2261618e-05,0.004250163,4.938358,0.032080173,0.015793301,70.89849,-0.67250824,2.2970333,350.12213,-0.6958609,17.998182,970.87646,78.78702,0.07430556,0.21847732,-0.8462726,0.0,0.0,4.0,0.0,0.0,0.0,0.0,0.0,0.0,0.0,0.0,0.0,0.0,0.0,0.0,0.0,0.0,0.0,1.0,1.0,1.0,1.0,1.0,0.0,0.0,0.0,0,test/100/0/0,207
18.005594,-0.005962372,0.07162095,-0.0040202523,970.8964,-0.056518555,0.08258458,0.005122731,78.17,0.05999756,0.30075705,-0.003977513,9.761088,0.01669956,-0.045172296,0.005263051,4.919099,-0.019258976,0.013967525,70.668495,-0.22999573,2.306427,347.6253,-0.7166332,17.998922,970.8785,78.72532,0.037063144,0.05129616,-0.69414806,0.0,0.0,4.0,0.0,0.0,0.0,0.0,0.0,0.0,0.0,0.0,0.0,0.0,0.0,0.0,0.0,0.0,0.0,1.0,1.0,1.0,1.0,1.0,0.0,0.0,0.0,0,test/100/0/0,208
17.924677,-0.08091736,0.07336714,-0.004613346,970.9426,0.046203613,0.08391395,0.006009439,78.09,-0.08000183,0.29281604,-0.013428658,9.835525,0.0186908,0.11145461,0.0025898302,4.931079,0.011980057,0.013751115,68.2869,-2.3815918,2.1527648,336.72812,-0.5589328,17.991499,970.8849,78.66178,-0.37122998,0.16497584,-0.7147353,0.0,0.0,4.0,0.0,0.0,0.0,0.0,0.0,0.0,0.0,0.0,0.0,0.0,0.0,0.0,0.0,0.0,0.0,1.0,1.0,1.0,1.0,1.0,0.0,0.0,0.0,0,test/100/0/0,209
17.870878,-0.053798676,0.078970656,-0.006828737,970.7514,-0.19122314,0.08601716,0.0027360271,78.33,0.2400055,0.25766027,-0.0038872338,9.823252,0.018948134,-0.08670888,0.0067146975,4.930842,-0.00023698807,0.013559825,71.31596,3.0290604,2.1070728,351.64774,-0.40498972,17.979437,970.8715,78.62861,-0.60310036,-0.3432384,-0.37325564,-0.03391401,0.0,4.0,0.0,0.0,0.0,0.0,0.0,0.0,0.0,0.0,0.0,0.0,0.0,0.0,0.0,0.0,0.0,1.0,1.0,1.0,1.0,1.0,0.0,0.0,0.0,0,test/100/0/0,210
17.975187,0.10430908,0.07587979,-0.005644028,970.8062,0.05480957,0.08623904,0.00073251367,78.2,-0.13000488,0.25809702,-0.0042857234,9.810539,0.01909186,-0.00044046843,0.008236332,4.9221916,-0.008650303,0.013332103,70.37277,-0.9431915,2.1060312,346.38828,-0.4112994,17.979012,970.865,78.58575,-0.021244898,-0.16797566,-0.48218554,0.0,0.0,4.0,0.0,0.0,0.0,0.0,0.0,0.0,0.0,0.0,0.0,0.0,0.0,0.0,0.0,0.0,0.0,1.0,1.0,1.0,1.0,1.0,0.0,0.0,0.0,0,test/100/0/0,211
17.987047,0.011859894,0.07568142,-0.0053510624,970.76685,-0.039367676,0.08861227,-0.0017399609,78.09,-0.11000061,0.24974586,-0.012789481,9.798788,0.019032426,0.00096237066,0.005813242,4.912079,-0.010112762,0.013129025,72.01617,1.6433945,1.7550064,353.74908,0.03671526,17.979815,970.85516,78.53617,0.04017906,-0.25240928,-0.5577177,0.0,0.0,4.0,0.0,0.0,0.0,0.0,0.0,0.0,0.0,0.0,0.0,0.0,0.0,0.0,0.0,0.0,0.0,1.0,1.0,1.0,1.0,1.0,0.0,0.0,0.0,0,test/100/0/0,212
18.015198,0.028150558,0.062420852,-0.0020321424,970.8277,0.06085205,0.08846972,-0.0031862645,78.19,0.1000061,0.23806065,-0.019932326,9.807529,0.019119272,0.020491922,0.0042598704,4.939338,0.02725935,0.013468223,69.530334,-2.4858322,1.5460396,343.43384,0.24455169,17.983353,970.8524,78.50156,0.17691395,-0.07069164,-0.38943905,0.0,0.0,4.0,0.0,0.0,0.0,0.0,0.0,0.0,0.0,0.0,0.0,0.0,0.0,0.0,0.0,0.0,0.0,1.0,1.0,1.0,1.0,1.0,0.0,0.0,0.0,0,test/100/0/0,213
17.939968,-0.075229645,0.063072406,-0.0028980686,970.8591,0.03137207,0.08322579,-0.0013213882,78.93,0.73999786,0.27174422,-0.0127593875,9.830829,0.020045353,0.01455848,0.005651183,4.923607,-0.015731335,0.012112972,69.27227,-0.25806427,1.5586004,341.06943,0.052169982,17.979015,970.8531,78.544395,-0.21692567,0.017048562,0.48200244,0.0,0.0,4.0,0.0,0.0,0.0,0.0,0.0,0.0,0.0,0.0,0.0,0.0,0.0,0.0,0.0,0.0,0.0,1.0,1.0,1.0,1.0,1.0,0.0,0.0,0.0,0,test/100/0/0,214
18.05028,0.11031151,0.06455599,-0.0014911408,970.7245,-0.13458252,0.08745987,-0.0044981074,78.29,-0.6399994,0.2597292,-0.008075198,9.779233,0.020555608,-0.07489567,0.005541751,4.926258,0.0026512146,0.011765044,72.54285,3.2705765,1.6032268,357.3648,0.11354707,17.986141,970.8403,78.51896,0.35632443,-0.33072564,-0.2861971,0.0,0.0,4.0,0.0,0.0,0.0,0.0,0.0,0.0,0.0,0.0,0.0,0.0,0.0,0.0,0.0,0.0,0.0,1.0,1.0,1.0,1.0,1.0,0.0,0.0,0.0,0,test/100/0/0,215
17.980898,-0.069381714,0.054757487,0.0008148509,970.806,0.08154297,0.07334785,-0.008740189,78.14,-0.15000153,0.26072782,-0.008548863,9.75602,0.02235947,0.028382657,0.004740833,4.9173193,-0.008938789,0.010504016,71.21948,-1.3233643,1.3962069,350.20892,-0.15179177,17.985617,970.8368,78.481064,-0.026216578,-0.08797115,-0.4263291,0.0,0.0,4.0,0.0,0.0,0.0,0.0,0.0,0.0,0.0,0.0,0.0,0.0,0.0,0.0,0.0,0.0,0.0,1.0,1.0,1.0,1.0,1.0,0.0,0.0,0.0,0,test/100/0/0,216
17.9343,-0.046598434,0.052369673,0.0014509144,970.77545,-0.030578613,0.07475754,-0.009143158,78.37,0.23000336,0.2604669,-0.006503709,9.813826,0.021244051,0.08101904,0.007083942,4.920998,0.0036787987,0.010083735,67.04687,-4.172615,1.6225644,329.9375,-0.3770411,17.980486,970.8307,78.469955,-0.2565871,-0.15780476,-0.12494243,0.0,0.0,4.0,0.0,0.0,0.0,0.0,0.0,0.0,0.0,0.0,0.0,0.0,0.0,0.0,0.0,0.0,0.0,1.0,1.0,1.0,1.0,1.0,0.0,0.0,0.0,0,test/100/0/0,217
17.959787,0.0254879,0.04900539,5.3176304e-06,970.90125,0.12579346,0.07377848,-0.007554271,78.68,0.30999756,0.26553524,-0.0052105035,9.853686,0.024554973,-0.017944777,0.0051565655,4.884122,-0.0368762,0.013401753,73.181984,6.1351166,1.6959516,357.42975,-0.3103509,17.978415,970.83777,78.49096,-0.103488885,0.18144462,0.23629907,0.0,0.0,4.0,0.0,0.0,0.0,0.0,0.0,0.0,0.0,0.0,0.0,0.0,0.0,0.0,0.0,0.0,0.0,1.0,1.0,1.0,1.0,1.0,0.0,0.0,0.0,0,test/100/0/0,218
18.164856,0.20506859,0.06421528,0.0030885553,970.82825,-0.07299805,0.073314205,-0.0072964085,78.71,0.02999878,0.2354489,0.010421065,9.814111,0.023653444,-0.07943609,0.0063537294,4.9190273,0.034905434,0.0134221865,69.28911,-3.8928757,1.703282,340.835,-0.3288113,17.997059,970.8368,78.51286,0.93220294,-0.024409113,0.24641779,0.11525742,0.0,4.0,0.0,0.0,0.0,0.0,0.0,0.0,0.0,0.0,0.0,0.0,0.0,0.0,0.0,0.0,0.0,1.0,1.0,1.0,1.0,1.0,0.0,0.0,0.0,0,test/100/0/0,219
25.954493,0.0064582825,0.048750237,-0.0003814009,975.3384,-0.0546875,0.11438976,0.0051528355,72.0,0.0,0.0,0.0,9.822185,0.032324143,0.13598637,0.0075278888,4.9094453,-0.0031132698,0.014098367,75.84536,1.150116,1.9862925,372.35867,0.7994091,25.925434,975.3061,72.0,0.16144039,0.092257135,0.0,0.0,0.0,0.0,0.0,0.0,0.0,0.0,0.0,0.0,0.0,0.0,0.0,0.0,0.008049386,0.0,0.0,0.0,0.0,1.0,1.0,1.0,1.0,1.0,0.0,0.0,0.0,0,test/100/1/0,19
25.909029,-0.045463562,0.04792822,-0.0014305516,975.41455,0.076171875,0.11558718,0.005590132,72.0,0.0,0.0,0.0,9.808234,0.031551376,-0.07737802,0.0044652573,4.915772,0.0063266754,0.014126456,72.591255,-3.2541046,1.9301746,356.84207,0.62102157,25.923794,975.31696,72.0,-0.08202147,0.27890196,0.0,0.0,0.0032491852,0.0,0.0,0.0,0.0,0.0,0.0,0.0,0.0,0.0,0.0,0.0,0.008049386,0.0,0.0,0.0,0.0,1.0,1.0,1.0,1.0,1.0,0.0,0.0,0.0,0,test/100/1/0,20
26.02364,0.11461067,0.05183969,-9.840628e-05,975.25824,-0.15631104,0.110107414,0.0022654599,73.0,1.0,0.21794495,0.014285714,9.788215,0.031404775,-0.0060694693,0.00307328,4.904939,-0.010832787,0.013790483,76.30817,3.7169113,2.0462155,374.2869,0.92378074,25.933777,975.31104,72.1,0.49923405,-0.1509309,1.125,0.045704078,0.0,0.16,0.0,0.0,0.0,0.0,0.0,0.0,0.0,0.0,0.0,12.780932,0.011599645,0.0875,0.0,0.0,0.0,1.0,1.0,1.0,1.0,1.0,0.0,0.0,0.0,0,test/100/1/0,21
25.967972,-0.055667877,0.05135711,0.0010280609,975.2774,0.019165039,0.10708889,-0.00016534561,72.0,-1.0,0.21794495,0.012781955,9.815754,0.03143422,0.047557913,0.0041051973,4.923464,0.018524647,0.014211805,76.649704,0.34153748,2.1731205,377.38205,1.1485667,25.937197,975.3077,72.09,0.17097124,-0.086556286,-0.1125,0.026840879,0.0,0.065,0.0,0.0,0.0,0.0,0.0,0.0,0.0,0.0,0.0,0.0,0.010002752,0.0,0.0,0.0,0.0,1.0,1.0,1.0,1.0,1.0,0.0,0.0,0.0,0,test/100/1/0,22
25.844744,-0.12322807,0.05481029,-0.0007770883,975.05334,-0.22406006,0.121540815,-0.003577165,72.0,0.0,0.21794495,0.011278195,9.793606,0.031551536,-0.04968691,0.0063509685,4.914164,-0.009299755,0.013878314,78.906456,2.256752,2.4020414,387.75928,1.3345692,25.927952,975.2823,72.081,-0.46226624,-0.6540551,-0.10125,0.0,-0.025320007,0.0,0.0,0.0,0.0,0.0,0.0,0.0,0.0,0.0,0.0,0.0,0.010002752,0.0,0.0,0.0,0.0,1.0,1.0,1.0,1.0,1.0,0.0,0.0,0.0,0,test/100/1/0,23
25.93034,0.085596085,0.05288002,0.00016608847,975.50555,0.45220947,0.12605788,0.0013787979,72.0,0.0,0.21794495,0.009774436,9.816635,0.03158418,0.045177612,0.008489208,4.8984423,-0.015721798,0.012997687,75.378204,-3.5282516,2.2080102,369.23578,1.0721349,25.92819,975.30457,72.0729,0.011940808,0.57417476,-0.091125,0.0,0.055391807,0.0,0.0,0.0,0.0,0.0,0.0,0.0,0.0,0.0,0.0,0.0,0.010002752,0.0,0.0,0.0,0.0,1.0,1.0,1.0,1.0,1.0,0.0,0.0,0.0,0,test/100/1/0,24
25.959097,0.028757095,0.05313523,0.00035810543,975.55145,0.045898438,0.13640305,0.004360572,72.0,0.0,0.21794495,0.008270676,9.796452,0.031470213,-0.043212503,0.0034567574,4.8930893,-0.005352974,0.013251076,74.938416,-0.43978882,2.2133772,366.6804,1.0703753,25.931282,975.3293,72.06561,0.15453221,0.63478184,-0.0820125,0.0,0.13410346,0.0,0.0,0.0,0.0,0.0,0.0,0.0,0.0,0.0,0.0,0.0,0.0069041103,0.0,0.0,0.0,0.0,1.0,1.0,1.0,1.0,1.0,0.0,0.0,0.0,0,test/100/1/0,25
26.0308,0.07170296,0.05323688,0.00037559136,975.17035,-0.38110352,0.13890152,0.00068051904,72.0,0.0,0.21794495,0.006766917,9.788039,0.023849573,0.011770561,0.0044012773,4.919307,0.026217937,0.012613878,74.00488,-0.9335327,2.1831481,364.05276,0.9684141,25.941233,975.3134,72.05905,0.49759376,-0.4086768,-0.07381125,0.04907,0.0,0.0,0.0,0.0,0.0,0.0,0.0,0.0,0.0,0.0,0.0,0.0,0.0069041103,0.0,0.0,0.0,0.0,1.0,1.0,1.0,1.0,1.0,0.0,0.0,0.0,0,test/100/1/0,26
25.959852,-0.07094765,0.05306953,0.0010426973,975.4376,0.26727295,0.14087346,0.0017233024,72.0,0.0,0.21794495,0.005263158,9.828698,0.021349937,0.0490716,0.00624379,4.9069295,-0.012377739,0.012549629,72.769,-1.2358856,2.1938689,357.07236,0.9312879,25.943094,975.3258,72.05315,0.09309616,0.31946418,-0.06643012,0.016527884,0.011340098,0.0,0.0,0.0,0.0,0.0,0.0,0.0,0.0,0.0,0.0,5.280867,0.008371018,0.1,0.0,0.0,0.0,1.0,1.0,1.0,1.0,1.0,0.0,0.0,0.0,0,test/100/1/0,27
25.897732,-0.062120438,0.052130163,0.0013345962,975.16394,-0.27368164,0.1422466,0.0013135409,72.0,0.0,0.21794495,0.0037593986,9.833736,0.019929592,-0.035620525,0.0072275847,4.9091296,0.0022001266,0.011365136,76.653625,3.8846283,2.1901784,376.30258,0.95303977,25.938559,975.30963,72.04783,-0.22681564,-0.41623503,-0.059787113,0.0,0.0,0.0,0.0,0.0,0.0,0.0,0.0,0.0,0.0,0.0,0.0,0.0,0.008371018,0.0,0.0,0.0,0.0,1.0,1.0,1.0,1.0,1.0,0.0,0.0,0.0,0,test/100/1/0,28
25.999804,0.10207176,0.05232545,0.0031895572,975.439,0.27508545,0.14467221,0.0037370955,73.0,1.0,0.3,0.016541352,9.822423,0.019548537,-0.016352434,0.008416223,4.8817067,-0.027422905,0.011937215,74.03439,-2.6192322,1.9436328,361.4142,0.57842284,25.944683,975.3226,72.14304,0.30622473,0.33275107,1.0711915,0.010953365,0.0112569975,0.15565938,0.0,0.0,0.0,0.0,0.0,0.0,0.0,0.0,0.0,0.0,0.008371018,0.0,0.0,0.0,0.0,1.0,1.0,1.0,1.0,1.0,0.0,0.0,0.0,0,test/100/1/0,29
25.995104,-0.004699707,0.053787462,0.003873894,975.4228,-0.016235352,0.14627501,0.004777309,73.0,0.0,0.35707143,0.02781955,9.866645,0.022842523,0.05553615,0.011625424,4.9201846,0.038477898,0.0120832315,76.923996,2.8896027,1.9486625,378.4803,0.5889127,25.949726,975.3326,72.228745,0.25210372,0.2577279,0.96407247,0.014665766,0.011211511,0.30640554,0.0,0.0,0.0,0.0,0.0,0.0,0.0,0.0,0.0,0.0,0.008371018,0.0,0.0,0.0,0.0,1.0,1.0,1.0,1.0,1.0,0.0,0.0,0.0,0,test/100/1/0,30
26.057394,0.06229019,0.057667784,0.0046079922,975.3595,-0.06329346,0.14308493,0.0074687297,72.0,-1.0,0.35707143,0.023308272,9.8106985,0.022532158,-0.100168444,0.009915806,4.899467,-0.02071762,0.009972986,76.70493,-0.2190628,1.9915235,375.8133,0.71023375,25.960491,975.33527,72.20587,0.5383443,0.06920051,-0.2573348,0.08571524,0.0,0.20233682,0.0,0.0,0.0,0.0,0.0,0.0,0.0,0.0,0.0,0.0,0.008371018,0.0,0.0,0.0,0.0,1.0,1.0,1.0,1.0,1.0,0.0,0.0,0.0,0,test/100/1/0,31
25.95384,-0.10355377,0.057528015,0.0049700527,975.2262,-0.13330078,0.11774302,0.0002993935,72.0,0.0,0.35707143,0.018796992,9.796749,0.022236547,0.041997068,0.0033575986,4.8993883,-7.867813e-05,0.010088671,75.51953,-1.1854019,1.9274105,369.9995,0.5779386,25.959827,975.32434,72.18528,-0.033258986,-0.280493,-0.23160133,0.038483985,0.0,0.098549455,0.0,0.0,0.0,0.0,0.0,0.0,0.0,0.0,0.0,0.0,0.008371018,0.0,0.0,0.0,0.0,1.0,1.0,1.0,1.0,1.0,0.0,0.0,0.0,0,test/100/1/0,32
25.839104,-0.11473656,0.062091865,0.003019228,975.1222,-0.104003906,0.1261951,-0.003364322,72.0,0.0,0.35707143,0.014285714,9.799834,0.021760544,0.01703424,0.0076658325,4.898678,-0.00071048737,0.009732214,76.54213,1.0225983,1.9448992,374.95523,0.6266708,25.947754,975.30414,72.166756,-0.6036159,-0.5198823,-0.2084412,0.0,0.0,0.0,0.0,0.0,0.0,0.0,0.0,0.0,0.0,0.0,0.0,14.46956,0.01239034,0.1,0.0,0.0,0.0,1.0,1.0,1.0,1.0,1.0,0.0,0.0,0.0,0,test/100/1/0,33
25.854977,0.015872955,0.059359435,-0.0001532863,975.1077,-0.014465332,0.13475044,-0.00649928,72.0,0.0,0.35707143,0.009774436,9.853572,0.023479685,0.050652593,0.0030476877,4.928155,0.02947712,0.010837204,74.90474,-1.6373901,1.4932208,369.14215,0.2119703,25.938477,975.2845,72.15008,-0.4638895,-0.50509065,-0.18759707,0.0,-0.00073312136,0.0,0.0,0.0,0.0,0.0,0.0,0.0,0.0,0.0,0.0,0.0,0.01239034,0.0,0.0,0.0,0.0,1.0,1.0,1.0,1.0,1.0,0.0,0.0,0.0,0,test/100/1/0,34
25.972424,0.1174469,0.05913859,-0.0002853236,975.1753,0.06756592,0.13808414,-0.008691957,72.0,0.0,0.35707143,0.005263158,9.807176,0.023511257,-0.10013409,0.003993093,4.9194846,-0.00867033,0.011029621,73.82572,-1.0790176,1.5225652,363.1845,0.044505436,25.941872,975.27356,72.13507,0.16973394,-0.28084064,-0.16883737,0.0,0.0,0.0,0.0,0.0,0.0,0.0,0.0,0.0,0.0,0.0,0.0,0.0,0.01239034,0.0,0.0,0.0,0.0,1.0,1.0,1.0,1.0,1.0,0.0,0.0,0.0,0,test/100/1/0,35
25.950321,-0.022102356,0.058788355,0.00018578005,975.26544,0.090148926,0.13779874,-0.008444512,72.0,0.0,0.35707143,0.0007518797,9.823811,0.023638204,0.06303174,0.005374809,4.9121165,-0.007368088,0.011034378,74.16073,0.3350067,1.5370479,364.28613,0.00845945,25.942717,975.27277,72.12156,0.042248767,-0.020945054,-0.15195362,0.0,0.0,0.0,0.0,0.0,0.0,0.0,0.0,0.0,0.0,0.0,0.0,0.0,0.010915407,0.0,0.0,0.0,0.0,1.0,1.0,1.0,1.0,1.0,0.0,0.0,0.0,0,test/100/1/0,36
25.98251,0.032188416,0.057989553,-0.00013455556,975.39215,0.12670898,0.13838919,-0.0060811206,72.0,0.0,0.35707143,-0.0037593986,9.8285885,0.023540618,-0.011857666,0.0043508196,4.9203796,0.008263111,0.011313276,72.00916,-2.1515656,1.6705068,354.31244,-0.31516486,25.946695,975.2847,72.109406,0.19896597,0.30697256,-0.13675827,0.0,0.0,0.0,0.0,0.0,0.0,0.0,0.0,0.0,0.0,0.0,0.0,0.0,0.010915407,0.0,0.0,0.0,0.0,1.0,1.0,1.0,1.0,1.0,0.0,0.0,0.0,0,test/100/1/0,37
25.98647,0.0039596558,0.058475677,0.00030846705,975.4696,0.07745361,0.1418229,-0.002300337,72.0,0.0,0.35707143,-0.008270676,9.806665,0.020083668,-0.026700523,0.0016307029,4.9385,0.018120289,0.012973235,77.63046,5.6212997,1.7495664,383.37802,-0.1429752,25.950672,975.3032,72.098465,0.19886765,0.47544172,-0.12308244,0.0,0.0273392,0.0,0.0,0.0,0.0,0.0,0.0,0.0,0.0,0.0,0.0,0.0,0.009036489,0.0,0.0,0.0,0.0,1.0,1.0,1.0,1.0,1.0,0.0,0.0,0.0,0,test/100/1/0,38
25.935795,-0.05067444,0.05860138,7.174499e-05,975.55206,0.082458496,0.15146501,0.0016798435,72.0,0.0,0.35707143,-0.012781955,9.787428,0.020907048,0.0026851622,0.0028661108,4.911949,-0.02655077,0.012973211,76.18488,-1.4455795,1.7562641,374.21628,-0.04089688,25.949184,975.32806,72.08862,-0.074391305,0.6399337,-0.1107742,0.0,0.09945075,0.0,0.0,0.0,0.0,0.0,0.0,0.0,0.0,0.0,0.0,0.0,0.009036489,0.0,0.0,0.0,0.0,1.0,1.0,1.0,1.0,1.0,0.0,0.0,0.0,0,test/100/1/0,39
26.024063,0.08826828,0.05968311,0.00040626957,975.3819,-0.17016602,0.15059133,0.0041104653,72.0,0.0,0.35707143,-0.017293233,9.767488,0.023195423,-0.00070272153,0.0035321342,4.8997498,-0.012199402,0.013132838,77.869156,1.6842728,1.7207808,381.5394,-0.08199493,25.956673,975.3335,72.07976,0.37438923,0.13837057,-0.09969678,0.02742723,0.07108235,0.0,0.0,0.0,0.0,0.0,0.0,0.0,0.0,0.0,0.0,10.29485,0.01189617,0.1,0.0,0.0,0.0,1.0,1.0,1.0,1.0,1.0,0.0,0.0,0.0,0,test/100/1/0,40
25.91153,-0.11253357,0.058536746,0.0007698303,975.3226,-0.059326172,0.14999652,0.003274605,72.0,0.0,0.3,-0.0060150377,9.798945,0.02276824,0.051398024,0.0035073783,4.908617,0.008867264,0.013086898,77.03924,-0.8299179,1.7431421,378.1561,0.06687991,25.952158,975.3324,72.071785,-0.22571754,-0.0280195,-0.089727096,0.0,0.007580657,0.0,0.0,0.0,0.0,0.0,0.0,0.0,0.0,0.0,0.0,0.0,0.00834591,0.0,0.0,0.0,0.0,1.0,1.0,1.0,1.0,1.0,0.0,0.0,0.0,0,test/100/1/0,41
25.976551,0.065021515,0.058678396,0.00135189,975.23413,-0.08843994,0.15090193,0.0013811843,72.0,0.0,0.3,-0.009022556,9.784348,0.023535443,-0.046055056,0.003889784,4.8963957,-0.012221336,0.013039098,79.99378,2.954544,1.9773473,391.68124,0.45202363,25.954597,975.3226,72.064606,0.12196178,-0.25263456,-0.08075439,0.0,0.0,0.0,0.0,0.0,0.0,0.0,0.0,0.0,0.0,0.0,0.0,0.0,0.00834591,0.0,0.0,0.0,0.0,1.0,1.0,1.0,1.0,1.0,0.0,0.0,0.0,0,test/100/1/0,42
25.938751,-0.037799835,0.05333001,-0.0005646555,975.4015,0.1673584,0.13902244,-0.001594119,72.0,0.0,0.3,-0.012030075,9.812925,0.02321332,0.043175045,0.0032726857,4.9256387,0.029242992,0.013506918,76.07652,-3.9172592,1.8469185,374.72546,0.7372903,25.953012,975.33044,72.05814,-0.07923357,0.20297907,-0.07267895,0.0,0.0,0.0,0.0,0.0,0.0,0.0,0.0,0.0,0.0,0.0,0.0,0.0,0.00834591,0.0,0.0,0.0,0.0,1.0,1.0,1.0,1.0,1.0,0.0,0.0,0.0,0,test/100/1/0,43
25.914225,-0.024526596,0.05385829,-0.0016214284,975.18256,-0.2189331,0.13702385,-0.001080414,72.0,0.0,0.3,-0.015037594,9.788752,0.023697909,-0.052751552,0.006116476,4.9070287,-0.01861,0.013287581,77.26933,1.19281,1.8783075,379.16287,0.813072,25.949135,975.3157,72.05233,-0.19394319,-0.38028967,-0.06541105,0.0,0.0,0.0,0.0,0.0,0.0,0.0,0.0,0.0,0.0,0.0,0.0,0.0,0.00834591,0.0,0.0,0.0,0.0,1.0,1.0,1.0,1.0,1.0,0.0,0.0,0.0,0,test/100/1/0,44
25.989258,0.07503319,0.054315727,-0.001128006,975.1985,0.015930176,0.1283939,0.00087128836,73.0,1.0,0.35707143,-0.0037593986,9.840774,0.024376065,0.07619588,0.0039160107,4.9145384,0.0075097084,0.012750731,75.00225,-2.2670822,1.8769748,368.60144,0.6826999,25.953146,975.30396,72.147095,0.20061706,-0.3012974,1.06613,0.0,0.0,0.14939721,0.0,0.0,0.0,0.0,0.0,0.0,0.0,0.0,0.0,0.0,0.00834591,0.0,0.0,0.0,0.0,1.0,1.0,1.0,1.0,1.0,0.0,0.0,0.0,0,test/100/1/0,45
25.91819,-0.07106781,0.052332204,-0.0005630407,975.1801,-0.018371582,0.12791282,-0.002926108,72.0,-1.0,0.35707143,-0.008270676,9.833014,0.0241012,-0.05978135,0.0046376046,4.917726,0.0031876564,0.012702967,76.603645,1.6013947,1.8408625,376.71576,0.623869,25.949652,975.29156,72.132385,-0.17478369,-0.31840888,-0.16548295,0.0,0.0,0.044006474,0.0,0.0,0.0,0.0,0.0,0.0,0.0,0.0,0.0,0.0,0.00834591,0.0,0.0,0.0,0.0,1.0,1.0,1.0,1.0,1.0,0.0,0.0,0.0,0,test/100/1/0,46
25.937618,0.019428253,0.0524087,-0.0006714168,975.47546,0.29534912,0.1301688,0.0017011829,73.0,1.0,0.4,0.0015037594,9.84995,0.025144612,0.02469516,0.0034376325,4.9136333,-0.0040926933,0.012685162,77.67923,1.0755844,1.7330797,381.68726,0.5068004,25.948448,975.30994,72.21915,-0.060164057,0.4729012,0.97606534,0.0,0.025478791,0.18892355,0.0,0.0,0.0,0.0,0.0,0.0,0.0,0.0,0.0,0.0,0.006879003,0.0,0.0,0.0,0.0,1.0,1.0,1.0,1.0,1.0,0.0,0.0,0.0,0,test/100/1/0,47
25.834269,-0.103349686,0.05728008,-0.0032036316,975.4903,0.014831543,0.13207625,0.002162159,73.0,0.0,0.4330127,0.009774436,9.780791,0.025880136,-0.086093776,0.004802224,4.8974094,-0.016223907,0.013029763,78.75936,1.0801315,1.8232275,385.71683,0.71391743,25.93703,975.328,72.29723,-0.5708961,0.46374932,0.8784588,-0.008794973,0.057123173,0.3291423,0.0,0.0,0.0,0.0,0.0,0.0,0.0,0.0,0.0,0.0,0.006879003,0.0,0.0,0.0,0.0,1.0,1.0,1.0,1.0,1.0,0.0,0.0,0.0,0,test/100/1/0,48
25.879087,0.04481888,0.057924118,-0.0033884838,975.4558,-0.034484863,0.13288108,0.005983189,72.0,-1.0,0.4,0.018045112,9.848923,0.026982047,0.13728896,0.010465493,4.907529,0.010119438,0.0112694325,71.32318,-7.43618,2.0664937,350.02057,0.1618516,25.931236,975.34076,72.26751,-0.28971207,0.32869902,-0.33438706,0.0,0.06662903,0.21475665,0.0,0.0,0.0,0.0,0.0,0.0,0.0,0.0,0.0,0.0,0.006879003,0.0,0.0,0.0,0.0,1.0,1.0,1.0,1.0,1.0,0.0,0.0,0.0,0,test/100/1/0,49
25.917242,0.038154602,0.0568697,-0.0029209482,975.4102,-0.04559326,0.13242598,0.008871299,72.0,0.0,0.35707143,0.02781955,9.815181,0.024181105,-0.1018729,0.0032219938,4.920808,0.013278961,0.011293331,75.90444,4.5812607,2.0581238,373.5112,0.23196381,25.929836,975.3477,72.24076,-0.069967866,0.17858931,-0.30094835,0.0,0.048091482,0.100858726,0.0,0.0,0.0,0.0,0.0,0.0,0.0,0.0,0.0,0.0,0.006879003,0.0,0.0,0.0,0.0,1.0,1.0,1.0,1.0,1.0,0.0,0.0,0.0,0,test/100/1/0,50
25.858027,-0.059215546,0.052491993,-0.002198734,975.6512,0.2409668,0.15074952,0.014221329,72.0,0.0,0.35707143,0.023308272,9.818401,0.024222115,0.03696323,0.0068304455,4.909623,-0.011184692,0.010947728,73.41863,-2.4858093,2.1292422,360.45786,0.08096158,25.922655,975.37805,72.21668,-0.3590488,0.78035927,-0.27085352,0.0,0.16582,0.0,0.0,0.0,0.0,0.0,0.0,0.0,0.0,0.0,0.0,0.0,0.006879003,0.0,0.0,0.0,0.0,1.0,1.0,1.0,1.0,1.0,0.0,0.0,0.0,0,test/100/1/0,51
25.954277,0.096250534,0.052502535,-0.0014367714,975.42163,-0.22955322,0.14972728,0.01374865,72.0,0.0,0.35707143,0.018796992,9.82876,0.024208153,0.0071373037,0.005581244,4.920148,0.01052475,0.010647973,74.78976,1.3711243,2.1414247,367.97665,-0.03133492,25.925817,975.3824,72.195015,0.15810874,0.11204364,-0.24376817,0.0,0.14822067,0.0,0.0,0.0,0.0,0.0,0.0,0.0,0.0,0.0,0.0,0.0,0.006879003,0.0,0.0,0.0,0.0,1.0,1.0,1.0,1.0,1.0,0.0,0.0,0.0,0,test/100/1/0,52
25.911955,-0.04232216,0.048534967,-0.0030916973,975.34235,-0.07928467,0.1408046,0.0102072805,72.0,0.0,0.35707143,0.014285714,9.828191,0.024181051,-0.010927645,0.0058124056,4.9050894,-0.015058517,0.010290253,70.81896,-3.9707947,2.3968806,347.37332,-0.35667464,25.92443,975.3784,72.175514,-0.06931292,-0.103035584,-0.21939136,0.0,0.0838678,0.0,0.0,0.0,0.0,0.0,0.0,0.0,0.0,0.0,0.0,0.0,0.0028596807,0.0,0.0,0.0,0.0,1.0,1.0,1.0,1.0,1.0,0.0,0.0,0.0,0,test/100/1/0,53
25.900007,-0.011947632,0.045863096,-0.004776229,975.2508,-0.091552734,0.13135079,0.0047985567,72.0,0.0,0.35707143,0.009774436,9.7976675,0.022772124,-0.029954553,0.004147052,4.8845596,-0.020529747,0.011543909,76.63319,5.8142242,2.402736,374.31937,-0.3473798,25.92199,975.36566,72.15796,-0.12211979,-0.32815334,-0.19745222,0.0,0.0,0.0,0.0,0.0,0.0,0.0,0.0,0.0,0.0,0.0,0.0,0.0,0.0028596807,0.0,0.0,0.0,0.0,1.0,1.0,1.0,1.0,1.0,0.0,0.0,0.0,0,test/100/1/0,54
25.894781,-0.0052261353,0.04578558,-0.00474871,975.35956,0.10876465,0.124149084,0.0017953055,73.0,1.0,0.4,0.019548872,9.818076,0.022771271,0.05093207,0.0045949044,4.929174,0.044614315,0.012058735,71.758484,-4.8747025,2.5205486,353.71005,-0.73435706,25.919268,975.36505,72.242165,-0.13603848,-0.015657485,0.947293,0.0,0.0,0.13839817,0.0,0.0,0.0,0.0,0.0,0.0,0.0,0.0,0.0,0.0,0.0028596807,0.0,0.0,0.0,0.0,1.0,1.0,1.0,1.0,1.0,0.0,0.0,0.0,0,test/100/1/0,55
25.985312,0.090530396,0.04714836,-0.003660129,975.45416,0.09460449,0.12286509,0.001289861,72.0,-1.0,0.4,0.013533834,9.81713,0.022657981,-0.021353593,0.005239966,4.9253535,-0.0038204193,0.012403614,74.10087,2.3423843,2.522227,364.97296,-0.9287942,25.925873,975.37396,72.21795,0.33021733,0.22917695,-0.2724363,0.0,0.0,0.022228375,0.0,0.0,0.0,0.0,0.0,0.0,0.0,0.0,0.0,0.0,0.0028596807,0.0,0.0,0.0,0.0,1.0,1.0,1.0,1.0,1.0,0.0,0.0,0.0,0,test/100/1/0,56
26.020573,0.035261154,0.049821217,-0.0016121957,975.30054,-0.15362549,0.12407793,0.0003066443,73.0,1.0,0.4330127,0.021804512,9.835015,0.022926413,0.018829547,0.0055777193,4.9491825,0.023828983,0.014676412,73.35657,-0.74430084,2.443703,363.05502,-1.3091427,25.935343,975.36664,72.29616,0.47350138,-0.1887777,0.87980735,0.021497225,0.0,0.15658198,0.0,0.0,0.0,0.0,0.0,0.0,0.0,0.0,0.0,0.0,0.0028596807,0.0,0.0,0.0,0.0,1.0,1.0,1.0,1.0,1.0,0.0,0.0,0.0,0,test/100/1/0,57
25.872915,-0.1476574,0.05003362,-0.0016683708,975.20123,-0.0993042,0.12776686,-0.00073448697,72.0,-1.0,0.4330127,0.014285714,9.817495,0.022900155,-0.03540347,0.0051107607,4.9148855,-0.03429699,0.0135773,71.467766,-1.8888016,2.555562,351.2559,-1.4122667,25.9291,975.3501,72.26654,-0.31213573,-0.4252536,-0.3331734,0.0,0.0,0.036448505,0.0,0.0,0.0,0.0,0.0,0.0,0.0,0.0,0.0,0.0,0.0028596807,0.0,0.0,0.0,0.0,1.0,1.0,1.0,1.0,1.0,0.0,0.0,0.0,0,test/100/1/0,58
25.895914,0.02299881,0.050504465,-0.002025356,975.3335,0.13226318,0.12028455,0.0018193984,72.0,0.0,0.4330127,0.006766917,9.789237,0.022800518,-0.010739848,0.0055795945,4.899672,-0.0152134895,0.013882859,72.31436,0.84659576,2.6269658,354.31668,-1.5680203,25.925781,975.3484,72.23988,-0.16592811,-0.0426229,-0.29985607,0.0,0.0,0.0,0.0,0.0,0.0,0.0,0.0,0.0,0.0,0.0,0.0,9.667915,0.005545213,0.1,0.0,0.0,0.0,1.0,1.0,1.0,1.0,1.0,0.0,0.0,0.0,0,test/100/1/0,59
25.921827,0.025913239,0.045299634,-0.00055847166,975.3244,-0.009094238,0.12023225,0.0018852062,72.0,0.0,0.4330127,-0.0007518797,9.782863,0.021453844,0.021884553,0.0058036307,4.929481,0.029808998,0.014046162,70.04343,-2.270935,2.7658403,345.27774,-1.7073492,25.925386,975.346,72.2159,-0.019769108,-0.061745796,-0.26987046,0.0,0.0,0.0,0.0,0.0,0.0,0.0,0.0,0.0,0.0,0.0,0.0,0.0,0.002685532,0.0,0.0,0.0,0.0,1.0,1.0,1.0,1.0,1.0,0.0,0.0,0.0,0,test/100/1/0,60
25.960697,0.038869858,0.04601409,-0.00015941133,975.43756,0.11315918,0.121548094,0.0027173036,73.0,1.0,0.45825756,0.0060150377,9.795879,0.021573782,0.019391457,0.0045645894,4.8807364,-0.04874468,0.0157714,74.00764,3.9642105,2.7170963,361.21176,-1.617941,25.928917,975.35516,72.294304,0.1765571,0.23540953,0.8821166,0.0,0.0,0.13163862,0.0,0.0,0.0,0.0,0.0,0.0,0.0,0.0,0.0,0.0,0.002685532,0.0,0.0,0.0,0.0,1.0,1.0,1.0,1.0,1.0,0.0,0.0,0.0,0,test/100/1/0,61
26.007587,0.04689026,0.04822781,0.0018622291,975.0991,-0.33843994,0.13143551,-0.0028547933,73.0,0.0,0.4769696,0.011278195,9.796889,0.020868612,-0.012006855,0.0052456744,4.9030385,0.02230215,0.015497788,71.77871,-2.2289276,2.4757545,351.93378,-1.4220402,25.936785,975.3296,72.364876,0.3933527,-0.65840554,0.7939049,0.005586451,-0.026855016,0.25884447,0.0,0.0,0.0,0.0,0.0,0.0,0.0,0.0,0.0,0.0,0.002685532,0.0,0.0,0.0,0.0,1.0,1.0,1.0,1.0,1.0,0.0,0.0,0.0,0,test/100/1/0,62
25.992153,-0.015434265,0.050313752,0.0030198693,975.5155,0.41638184,0.13600236,0.0003669452,57.968784,-15.031216,3.1733508,-0.19969405,9.768547,0.023180703,-0.0293523,0.0046570012,4.9132814,0.010242939,0.015215901,74.02423,2.2455215,2.436214,363.7019,-1.2659756,25.942322,975.34814,70.92527,0.27684608,0.47813115,-4.0829024,0.0,0.03341456,-0.803678,0.0,0.0,0.0,0.0,0.0,0.0,0.0,0.0,0.0,0.0,0.002685532,0.0,0.0,0.0,0.0,1.0,1.0,1.0,1.0,1.0,0.0,0.0,0.0,1,test/100/1/0,63
25.850378,-0.14177513,0.05305602,0.0016845847,975.46875,-0.04675293,0.13219002,-0.000707503,57.968784,0.0,4.3506823,-0.38956675,9.818844,0.022553552,0.07863891,0.0044902856,4.889615,-0.023666382,0.015963595,71.08006,-2.944168,2.4008048,347.55414,-1.2539521,25.933126,975.3602,69.629616,-0.45971417,0.3100962,-2.680231,0.0,0.03764487,-1.3655192,0.0,0.0,0.0,0.0,0.0,0.0,0.0,0.0,0.0,9.511929,0.0053277346,0.2753902,0.0,0.0,0.0,1.0,1.0,1.0,1.0,1.0,0.0,0.0,0.0,1,test/100/1/0,64
25.89698,0.04660225,0.05125826,0.002295791,975.2762,-0.19256592,0.12821752,-0.0047117304,72.0,14.031216,4.3325076,-0.34210443,9.857372,0.023791902,-0.011769208,0.006385615,4.9030414,0.013426304,0.016042512,73.50774,2.4276733,2.383652,360.41147,-1.1774802,25.929512,975.3518,69.86665,-0.18073152,-0.21608292,0.49240378,0.0,0.0,-1.2823768,0.0,0.0,0.0,0.0,0.0,0.0,0.0,0.0,0.0,0.0,0.0053277346,0.0,0.0,0.0,0.0,1.0,1.0,1.0,1.0,1.0,0.0,0.0,0.0,0,test/100/1/0,65
25.972746,0.07576561,0.05249991,0.0030060029,975.2364,-0.039794922,0.12453103,-0.009691373,72.0,0.0,4.3325076,-0.30892783,9.836111,0.023918964,-0.059788562,0.0060509555,4.8977556,-0.00528574,0.016194858,68.917145,-4.5905914,2.4964206,337.5393,-1.2873167,25.933836,975.3403,70.079994,0.21616969,-0.29680443,0.4431634,0.0,0.0,-1.1990972,0.0,0.0,0.0,0.0,0.0,0.0,0.0,0.0,0.0,0.0,0.0053277346,0.0,0.0,0.0,0.0,1.0,1.0,1.0,1.0,1.0,0.0,0.0,0.0,0,test/100/1/0,66
25.934574,-0.03817177,0.052462336,0.003395627,975.4559,0.21948242,0.1238137,-0.0069567687,72.0,0.0,4.3136773,-0.25996178,9.823723,0.022656158,0.008872605,0.004989537,4.929436,0.031680584,0.016743658,71.40497,2.4878235,2.3118074,351.9862,-1.0533597,25.933908,975.3518,70.271996,0.0036938742,0.2972594,0.40058815,0.0,0.0,-1.1157119,0.0,0.0,0.0,0.0,0.0,0.0,0.0,0.0,0.0,0.0,0.0053277346,0.0,0.0,0.0,0.0,1.0,1.0,1.0,1.0,1.0,0.0,0.0,0.0,0,test/100/1/0,67
25.987352,0.052778244,0.05006108,0.0029119663,975.1935,-0.26239014,0.12676826,-0.0077069504,72.0,0.0,4.2941823,-0.20949197,9.811859,0.021371448,0.0005253313,0.0034886026,4.9217496,-0.007686615,0.016632814,68.01768,-3.387291,2.146379,334.766,-0.9571178,25.939253,975.336,70.44479,0.2672157,-0.40718403,0.3621661,0.0,0.0,-1.0322239,0.0,0.0,0.0,0.0,0.0,0.0,0.0,0.0,0.0,8.855468,0.0077875867,0.1,0.0,0.0,0.0,1.0,1.0,1.0,1.0,1.0,0.0,0.0,0.0,0,test/100/1/0,68
25.926298,-0.06105423,0.04866441,0.0020335678,975.37115,0.17767334,0.12487807,-0.006017103,72.0,0.0,4.2941823,-0.17330785,9.80417,0.020035971,0.004172711,0.008015303,4.899077,-0.022672653,0.016839711,70.68141,2.6637344,2.1674309,346.27368,-1.1834877,25.937958,975.33954,70.60031,-0.06477701,0.09040867,0.3259495,0.0,0.0,-0.9486056,0.0,0.0,0.0,0.0,0.0,0.0,0.0,0.0,0.0,0.0,0.0077875867,0.0,0.0,0.0,0.0,1.0,1.0,1.0,1.0,1.0,0.0,0.0,0.0,0,test/100/1/0,69
25.87356,-0.05273819,0.05027965,0.00093321403,975.19824,-0.1729126,0.12869419,-0.0073900265,72.0,0.0,4.2941823,-0.13712375,9.80573,0.02009201,0.009250484,0.0042262753,4.8899426,-0.009134293,0.017304217,74.16459,3.4831772,2.0571942,362.66058,-0.79921967,25.931519,975.3254,70.74028,-0.32199025,-0.3632646,0.29335454,0.0,0.0,-0.86485964,0.0,0.0,0.0,0.0,0.0,0.0,0.0,0.0,0.0,0.0,0.0077875867,0.0,0.0,0.0,0.0,1.0,1.0,1.0,1.0,1.0,0.0,0.0,0.0,0,test/100/1/0,70
25.935501,0.061941147,0.047419425,-0.00015156108,975.2485,0.050231934,0.10917084,-0.003921853,72.0,0.0,4.2941823,-0.10093965,9.8174925,0.020079853,0.010202661,0.0033066575,4.892201,0.0022583008,0.017721767,70.39811,-3.7664795,2.0813107,344.4017,-0.86558163,25.931917,975.3177,70.86626,0.0199145,-0.19777031,0.2640191,0.0,0.0,-0.78098863,0.0,0.0,0.0,0.0,0.0,0.0,0.0,0.0,0.0,13.840635,0.011632208,0.1,0.0,0.0,0.0,1.0,1.0,1.0,1.0,1.0,0.0,0.0,0.0,0,test/100/1/0,71
25.928684,-0.006816864,0.047220636,6.952214e-05,975.5265,0.27801514,0.116015635,0.00049901975,73.0,1.0,4.3136773,-0.050469823,9.81785,0.019778064,-0.011405046,0.0027212563,4.9080477,0.01584673,0.017531984,68.33012,-2.0679932,2.1487849,335.36746,-0.9181417,25.931593,975.33856,71.07963,-0.01616127,0.5369028,0.445182,0.0,0.037226465,-0.6506037,0.0,0.0,0.0,0.0,0.0,0.0,0.0,0.0,0.0,12.442718,0.015088518,0.0875,0.0,0.0,0.0,1.0,1.0,1.0,1.0,1.0,0.0,0.0,0.0,0,test/100/1/0,72
25.899057,-0.029626846,0.047596898,-0.0007623945,975.2257,-0.30078125,0.11814479,-0.00078652747,72.0,-1.0,4.3136773,-0.015789473,9.827287,0.019742033,0.009079329,0.00449019,4.9030023,-0.005045414,0.017556775,68.62235,0.29223633,2.2518475,336.45557,-1.2314368,25.928339,975.3273,71.17167,-0.16267937,-0.290225,0.1920251,0.0,0.0,-0.5673906,0.0,0.0,0.0,0.0,0.0,0.0,0.0,0.0,0.0,0.0,0.015088518,0.0,0.0,0.0,0.0,1.0,1.0,1.0,1.0,1.0,0.0,0.0,0.0,0,test/100/1/0,73
25.875397,-0.02366066,0.048734482,-0.0021015727,975.1974,-0.028320312,0.12034892,-0.0037468243,72.0,0.0,4.3136773,0.018890874,9.779636,0.02075971,-0.05708796,0.007975027,4.9088006,0.00579834,0.016701467,70.417465,1.7951126,1.964331,345.6653,-0.97128266,25.923046,975.3143,71.2545,-0.26471475,-0.33402616,0.1728226,0.0,0.0,-0.48404184,0.0,0.0,0.0,0.0,0.0,0.0,0.0,0.0,0.0,0.0,0.015088518,0.0,0.0,0.0,0.0,1.0,1.0,1.0,1.0,1.0,0.0,0.0,0.0,0,test/100/1/0,74
25.774334,-0.101062775,0.05922671,-0.0049300143,975.3649,0.1675415,0.120440215,-0.0025160252,72.0,0.0,4.2941823,0.069360696,9.794993,0.020978067,0.06300843,0.00533333,4.9087834,-1.7166138e-05,0.016072165,70.205376,-0.21208954,1.980039,344.62302,-1.0083398,25.908175,975.31934,71.32905,-0.74355716,0.13019748,0.15624647,-0.075145565,0.0,-0.40058962,0.0,0.0,0.0,0.0,0.0,0.0,0.0,0.0,0.0,3.1891718,0.015974399,0.1,0.0,0.0,0.0,1.0,1.0,1.0,1.0,1.0,0.0,0.0,0.0,0,test/100/1/0,75
25.991203,0.21686935,0.05953686,-0.0030497715,975.3972,0.032287598,0.11791589,0.0006617037,73.0,1.0,4.3136773,0.11983052,9.833464,0.021553433,0.023112196,0.0020566145,4.915339,0.0065555573,0.015686115,67.266884,-2.9384918,2.0624201,330.63953,-1.053661,25.916477,975.32715,71.49615,0.41514534,0.20020297,0.348625,0.0,0.0,-0.27061328,0.0,0.0,0.0,0.0,0.0,0.0,0.0,0.0,0.0,10.556222,0.018906683,0.0875,0.0,0.0,0.0,1.0,1.0,1.0,1.0,1.0,0.0,0.0,0.0,0,test/100/1/0,76
25.822508,-0.16869545,0.059436098,-0.0030315686,975.3498,-0.047424316,0.1180271,0.0008219095,72.0,-1.0,4.2941823,0.17030033,9.802005,0.020883527,-0.0699289,0.0027496116,4.9090347,-0.006304264,0.012517578,68.38752,1.120636,2.0629091,335.71674,-1.0051045,25.90708,975.3294,71.54653,-0.46984643,0.05823444,0.10560105,-0.019898562,0.0,-0.18783326,0.0,0.0,0.0,0.0,0.0,0.0,0.0,0.0,0.0,0.0,0.018906683,0.0,0.0,0.0,0.0,1.0,1.0,1.0,1.0,1.0,0.0,0.0,0.0,0,test/100/1/0,77
26.028454,0.20594597,0.063339606,-0.002104871,975.3507,0.00091552734,0.11489309,-0.00064683496,72.0,0.0,4.2941823,0.20648445,9.79644,0.020962931,0.025894593,0.0043670908,4.9350543,0.026019573,0.01393712,70.77247,2.3849487,2.0564,349.266,-0.9081793,25.919218,975.33154,71.59187,0.606868,0.05476521,0.09504095,0.031128263,0.0,-0.10490884,0.0,0.0,0.0,0.0,0.0,0.0,0.0,0.0,0.0,9.402809,0.021518575,0.1,0.0,0.0,0.0,1.0,1.0,1.0,1.0,1.0,0.0,0.0,0.0,0,test/100/1/0,78
25.922642,-0.10581207,0.06301914,-0.002560528,975.3872,0.036499023,0.115603015,0.00026942661,72.0,0.0,4.2941823,0.24266855,9.778503,0.021565666,-0.012372353,0.0033443705,4.9191465,-0.015907764,0.014080856,72.74171,1.9692383,2.0750215,357.82712,-0.6376316,25.91956,975.3371,71.63269,0.017120883,0.14314333,0.08553685,0.0,0.0,-0.021842906,0.0,0.0,0.0,0.0,0.0,0.0,0.0,0.0,0.0,0.0,0.018833043,0.0,0.0,0.0,0.0,1.0,1.0,1.0,1.0,1.0,0.0,0.0,0.0,0,test/100/1/0,79
25.890999,-0.031642914,0.06345577,-0.0030992622,975.20917,-0.17803955,0.11863168,-0.0015820955,72.0,0.0,4.2941823,0.27885267,9.810604,0.02081664,0.05003766,0.002057836,4.9097223,-0.00942421,0.013192106,65.79552,-6.94619,2.3362558,323.03772,-1.0120742,25.916704,975.32434,71.66942,-0.14280577,-0.328987,0.07698317,0.0,0.0,0.0,0.0,0.0,0.0,0.0,0.0,0.0,0.0,0.0,0.0,0.0,0.018833043,0.0,0.0,0.0,0.0,1.0,1.0,1.0,1.0,1.0,0.0,0.0,0.0,0,test/100/1/0,80
25.900015,0.009016037,0.063056804,-0.0028491027,975.2616,0.0524292,0.11649799,-0.00072462036,85.29114,13.291138,5.322012,0.5206996,9.8102455,0.020602755,-0.032459352,0.0062452005,4.930854,0.021131516,0.012748101,68.077614,2.2820969,2.250304,335.68076,-0.9208687,25.915035,975.31805,73.03159,-0.08344501,-0.16127037,2.3035548,0.0,0.0,0.4041046,0.0,0.0,0.0,0.0,0.0,0.0,0.0,0.0,0.0,0.0,0.018833043,0.0,0.0,0.0,0.0,1.0,1.0,1.0,1.0,1.0,0.0,0.0,0.0,1,test/100/1/0,81
25.859505,-0.040510178,0.06106114,-0.002346036,975.3983,0.13671875,0.10637176,-0.0029932007,85.29114,0.0,6.1198254,0.7440637,9.806975,0.020408276,-0.0029112862,0.007940282,4.8991857,-0.031668186,0.012870487,69.35267,1.2750549,2.2288144,339.7716,-0.87932444,25.909481,975.32605,74.257545,-0.2776514,0.20641917,1.8029258,0.0,0.0,0.73520124,0.0,0.0,0.0,0.0,0.0,0.0,0.0,0.0,0.0,0.0,0.018833043,0.0,0.0,0.0,0.0,1.0,1.0,1.0,1.0,1.0,0.0,0.0,0.0,1,test/100/1/0,82
26.007132,0.14762688,0.0621088,0.0002449681,975.14465,-0.2536621,0.10501724,-0.002760992,72.0,-13.291138,5.2038302,0.52173644,9.787135,0.018859679,-0.016570767,0.002956614,4.940399,0.041213512,0.014552442,66.054016,-3.2986526,2.2054303,326.3332,-0.825656,25.919247,975.3079,74.03179,0.48824814,-0.46649674,-0.3904416,0.007497202,-0.0042491388,0.619695,0.0,0.0,0.0,0.0,0.0,0.0,0.0,0.0,0.0,13.320558,0.022533197,0.1,0.0,0.0,0.0,1.0,1.0,1.0,1.0,1.0,0.0,0.0,0.0,0,test/100/1/0,83
25.894003,-0.11312866,0.060588256,-0.0010412303,975.0948,-0.049865723,0.10885836,-0.003421686,72.0,0.0,3.9652324,0.27830967,9.790509,0.019278457,0.023215272,0.005903957,4.9058213,-0.034577847,0.013798087,68.36899,2.314972,2.2003515,335.40607,-0.84114623,25.916723,975.2866,73.82861,-0.12622,-0.54807323,-0.46116155,0.0,-0.035107993,0.4968909,0.0,0.0,0.0,0.0,0.0,0.0,0.0,0.0,0.0,10.19485,0.022722898,0.1,0.0,0.0,0.0,1.0,1.0,1.0,1.0,1.0,0.0,0.0,0.0,0,test/100/1/0,84
25.910933,0.016929626,0.060444854,-0.001415353,975.5219,0.42712402,0.11946118,-0.00045877328,72.0,0.0,3.9652324,0.2353288,9.801675,0.015904868,0.007790838,0.003280042,4.897994,-0.007827282,0.013991985,69.11448,0.745491,2.0075443,338.5223,-0.59084046,25.916143,975.3101,73.64575,-0.028949866,0.605053,-0.4150454,0.0,0.035629194,0.37474293,0.0,0.0,0.0,0.0,0.0,0.0,0.0,0.0,0.0,0.0,0.022722898,0.0,0.0,0.0,0.0,1.0,1.0,1.0,1.0,1.0,0.0,0.0,0.0,0,test/100/1/0,85
25.9781,0.06716728,0.06070358,0.00034537495,975.3008,-0.22113037,0.118386425,-0.0016527219,72.0,0.0,3.9652324,0.19234793,9.79886,0.014483334,-0.013980307,0.0060158935,4.8946047,-0.0033893585,0.014157742,70.12407,1.0095901,2.0116248,343.2296,-0.6015108,25.922338,975.3092,73.48118,0.30978152,-0.024073226,-0.37354085,0.0,0.0,0.2532379,0.0,0.0,0.0,0.0,0.0,0.0,0.0,0.0,0.0,0.0,0.022722898,0.0,0.0,0.0,0.0,1.0,1.0,1.0,1.0,1.0,0.0,0.0,0.0,0,test/100/1/0,86
25.970926,-0.007173538,0.06173763,0.0013928607,975.3803,0.07952881,0.114819504,0.0016581371,72.0,0.0,3.9652324,0.14936706,9.785071,0.014429133,-0.0109739965,0.0054456615,4.920502,0.025897503,0.013699687,70.55654,0.43247223,1.9778734,347.1736,-0.33628622,25.927198,975.31635,73.33306,0.24293569,0.18283674,-0.33618677,0.0,0.0,0.13236296,0.0,0.0,0.0,0.0,0.0,0.0,0.0,0.0,0.0,13.164509,0.026379706,0.1,0.0,0.0,0.0,1.0,1.0,1.0,1.0,1.0,0.0,0.0,0.0,0,test/100/1/0,87
25.922955,-0.047971725,0.059726484,0.002533712,975.32733,-0.052978516,0.11192368,0.00018278424,72.0,0.0,3.9652324,0.10638621,9.812216,0.014440234,0.04093308,0.0046888175,4.8745503,-0.045951843,0.015499324,66.019646,-4.5368958,2.0910053,321.8161,-0.697973,25.926773,975.31744,73.19975,-0.021216508,0.028322604,-0.3025681,0.0,0.0,0.01210553,0.0,0.0,0.0,0.0,0.0,0.0,0.0,0.0,0.0,13.641999,0.027709298,0.1,0.0,0.0,0.0,1.0,1.0,1.0,1.0,1.0,0.0,0.0,0.0,0,test/100/1/0,88
25.936115,0.013160706,0.059852514,0.002995398,975.3305,0.0031738281,0.11121251,0.001356862,72.0,0.0,3.9652324,0.06340534,9.857162,0.018651627,0.01780292,0.004735329,4.8817077,0.0071573257,0.016438894,67.431496,1.41185,2.1014605,329.18085,-0.7532752,25.927708,975.3187,73.07978,0.04670867,0.033651616,-0.2723113,0.0,0.0,0.0,0.0,0.0,0.0,0.0,0.0,0.0,0.0,0.0,0.0,0.0,0.027709298,0.0,0.0,0.0,0.0,1.0,1.0,1.0,1.0,1.0,0.0,0.0,0.0,0,test/100/1/0,89
25.856977,-0.0791378,0.060546912,0.0014790728,975.2365,-0.09399414,0.10957706,-0.0014809057,72.0,0.0,3.9652324,0.020424474,9.834211,0.019660147,-0.0678983,0.0044076038,4.8982058,0.016498089,0.016099438,68.8863,1.4548035,1.7525944,337.41928,-0.40644142,25.920635,975.3105,72.9718,-0.3536512,-0.21141276,-0.24508016,0.0,0.0,0.0,0.0,0.0,0.0,0.0,0.0,0.0,0.0,0.0,0.0,0.0,0.027709298,0.0,0.0,0.0,0.0,1.0,1.0,1.0,1.0,1.0,0.0,0.0,0.0,0,test/100/1/0,90
25.911457,0.0544796,0.060371764,0.0017439821,975.394,0.1574707,0.10990199,-0.0013335034,72.0,0.0,3.9652324,-0.02255639,9.813176,0.019568553,0.0019159229,0.0022056247,4.9219904,0.023784637,0.015979003,67.67009,-1.2162094,1.7325453,333.07153,-0.3720596,25.919718,975.31885,72.87462,-0.045888092,0.21465318,-0.22057214,0.0,0.0,0.0,0.0,0.0,0.0,0.0,0.0,0.0,0.0,0.0,0.0,0.0,0.023864677,0.0,0.0,0.0,0.0,1.0,1.0,1.0,1.0,1.0,0.0,0.0,0.0,0,test/100/1/0,91
25.79987,-0.111587524,0.06515115,0.00034330555,975.2872,-0.10681152,0.09927948,0.0014589238,72.0,0.0,3.9766166,-0.049747784,9.830317,0.020098785,0.03817585,0.001097595,4.8970327,-0.024957657,0.016195428,65.92071,-1.749382,1.835466,322.81586,-0.6097955,25.907732,975.3157,72.787155,-0.5992369,-0.08147034,-0.19794662,-0.044929292,0.0,0.0,0.0,0.0,0.0,0.0,0.0,0.0,0.0,0.0,0.0,14.80543,0.024520986,0.1,0.0,0.0,0.0,1.0,1.0,1.0,1.0,1.0,0.0,0.0,0.0,0,test/100/1/0,92
25.85634,0.05647087,0.06609057,-0.00052473025,975.4474,0.16021729,0.1018157,0.0021508697,72.0,0.0,3.9766166,-0.09122489,9.794076,0.019766603,-0.05338203,0.0057000886,4.89319,-0.0038428307,0.016502872,68.12697,2.2062607,1.8381933,333.35822,-0.66087115,25.902594,975.32886,72.70844,-0.25695887,0.338664,-0.17815197,-0.02441459,0.0,0.0,0.0,0.0,0.0,0.0,0.0,0.0,0.0,0.0,0.0,0.0,0.024520986,0.0,0.0,0.0,0.0,1.0,1.0,1.0,1.0,1.0,0.0,0.0,0.0,0,test/100/1/0,93
25.88633,0.029989243,0.06588426,-0.0012737015,975.4563,0.008911133,0.101979315,0.0021896018,72.0,0.0,3.9766166,-0.132702,9.806866,0.018828733,0.049031876,0.0074224644,4.941012,0.047822,0.017997196,68.279594,0.15262604,1.7888316,337.3703,-0.5045565,25.900967,975.3416,72.637596,-0.08131676,0.32771194,-0.16033676,0.0,0.0,0.0,0.0,0.0,0.0,0.0,0.0,0.0,0.0,0.0,0.0,0.0,0.024520986,0.0,0.0,0.0,0.0,1.0,1.0,1.0,1.0,1.0,0.0,0.0,0.0,0,test/100/1/0,94
25.864592,-0.021738052,0.05948904,-0.003945385,975.3889,-0.06738281,0.102498926,0.0035217744,72.0,0.0,3.9766166,-0.1741791,9.806836,0.018619822,-0.012820628,0.006778133,4.954718,0.013706207,0.020491065,68.874146,0.5945511,1.7468349,341.25198,-0.29677284,25.89733,975.3463,72.57384,-0.18187535,0.121670656,-0.14430308,0.0,0.0,0.0,0.0,0.0,0.0,0.0,0.0,0.0,0.0,0.0,0.0,0.0,0.023635104,0.0,0.0,0.0,0.0,1.0,1.0,1.0,1.0,1.0,0.0,0.0,0.0,0,test/100/1/0,95
26.073462,0.20886993,0.06725897,-0.00034468513,975.36615,-0.022766113,0.10175008,0.0050024507,72.0,0.0,3.9873414,-0.19986673,9.77843,0.01869282,-0.028376296,0.0021784203,4.905833,-0.048885345,0.020518413,67.75708,-1.1170654,1.7342833,332.4049,-0.43109873,25.914942,975.3483,72.51646,0.88066185,0.050962154,-0.12952346,0.08501023,0.0,0.0,0.0,0.0,0.0,0.0,0.0,0.0,0.0,0.0,0.0,0.0,0.02070282,0.0,0.0,0.0,0.0,1.0,1.0,1.0,1.0,1.0,0.0,0.0,0.0,0,test/100/1/0,96
25.888298,-0.1851635,0.06421104,-0.002176487,975.23615,-0.13000488,0.10373364,0.0039238264,72.0,0.0,3.9873414,-0.23984008,9.796756,0.01877064,0.046732437,0.003987696,4.949888,0.044055462,0.022138147,62.997826,-4.7592545,2.0982566,311.83218,-0.7818089,25.912277,975.3371,72.464806,-0.13322182,-0.28843233,-0.11657111,0.0,0.0,0.0,0.0,0.0,0.0,0.0,0.0,0.0,0.0,0.0,0.0,0.0,0.02070282,0.0,0.0,0.0,0.0,1.0,1.0,1.0,1.0,1.0,0.0,0.0,0.0,0,test/100/1/0,97
25.882206,-0.0060920715,0.059354767,-0.0009424726,975.20996,-0.026184082,0.10655401,0.0026564978,72.0,0.0,3.9873414,-0.27981344,9.794479,0.018819112,-0.02060194,0.005606285,4.9082465,-0.041641712,0.021601869,64.539406,1.5415802,2.1473408,316.77533,-0.8120505,25.909271,975.3244,72.41833,-0.15035999,-0.3269196,-0.104914,0.0,0.0,0.0,0.0,0.0,0.0,0.0,0.0,0.0,0.0,0.0,0.0,0.0,0.01809093,0.0,0.0,0.0,0.0,1.0,1.0,1.0,1.0,1.0,0.0,0.0,0.0,0,test/100/1/0,98
16.163666,-9.71854,2.124994,-0.13999555,975.42725,0.21728516,0.10818125,0.005281193,72.0,0.0,3.9873414,-0.31978676,9.840636,0.019357976,0.048432242,0.0045128074,4.92234,0.014093399,0.021664113,67.49849,2.9590836,1.8286402,332.25052,-0.43718415,24.93471,975.33466,72.376495,-4.127562,0.26450562,-0.0944226,-0.82803506,0.0,0.0,0.0,0.0,0.0,0.0,0.0,0.0,0.0,0.0,0.0,0.0,0.01809093,0.0,0.0,0.0,0.0,1.0,1.0,1.0,1.0,1.0,0.0,0.0,0.0,1,test/100/1/0,99
16.348692,0.18502617,2.8972178,-0.26222986,975.30347,-0.1237793,0.10522076,0.0032662528,72.0,0.0,3.9873414,-0.3597601,9.822619,0.01962,-0.06417239,0.0029702645,4.9163384,-0.0060014725,0.021671366,67.07521,-0.4232788,1.7872717,329.7644,-0.60867894,24.076109,975.33154,72.338844,-2.6671853,-0.08023456,-0.084980346,-1.3986045,0.0,0.0,0.0,0.0,0.0,0.0,0.0,0.0,0.0,0.0,0.0,0.0,0.01809093,0.0,0.0,0.0,0.0,1.0,1.0,1.0,1.0,1.0,0.0,0.0,0.0,1,test/100/1/0,100
25.935951,9.587259,2.8978202,-0.23301163,975.2974,-0.0060424805,0.10441655,0.0018510174,72.0,0.0,2.8967364,-0.1898734,9.847863,0.02142562,0.04325972,0.0017215976,4.9192123,0.0028738976,0.021330161,69.17561,2.1004028,1.8166085,340.28952,-0.4403034,24.262093,975.3281,72.30496,0.57762676,-0.08774891,-0.10527747,-1.3073491,0.0,0.0,0.0,0.0,0.0,0.0,0.0,0.0,0.0,0.0,0.0,9.826773,0.020820588,0.1,0.0,0.0,0.0,1.0,1.0,1.0,1.0,1.0,0.0,0.0,0.0,0,test/100/1/0,101
25.899992,-0.035959244,2.8984709,-0.20500077,975.2251,-0.07232666,0.10536,0.0015073848,72.0,0.0,0.0,0.0,9.810471,0.021412091,-0.0626364,0.002746729,4.9007087,-0.018503666,0.021286456,71.560036,2.3844223,1.974402,350.6949,-0.065617815,24.425882,975.3178,72.27447,0.50858176,-0.26495686,-0.3430812,-1.2186003,0.0,-0.023025323,0.0,0.0,0.0,0.0,0.0,0.0,0.0,0.0,0.0,13.46749,0.024561558,0.1,0.0,0.0,0.0,1.0,1.0,1.0,1.0,1.0,0.0,0.0,0.0,0,test/100/1/0,102
25.898777,-0.0012149811,2.8965893,-0.17473722,975.4613,0.23620605,0.1017301,0.00079341116,72.0,0.0,0.0,0.0,9.782396,0.021693315,0.0093186125,0.0071876766,4.8852963,-0.015412331,0.021024615,74.03961,2.479576,2.3519838,361.70544,0.23774995,24.573172,975.33215,72.24702,0.4576434,0.3689258,-0.30877307,-1.1299112,0.0,-0.04379014,0.0,0.0,0.0,0.0,0.0,0.0,0.0,0.0,0.0,0.0,0.020861404,0.0,0.0,0.0,0.0,1.0,1.0,1.0,1.0,1.0,0.0,0.0,0.0,0,test/100/1/0,103
25.907803,0.009025574,2.8968172,-0.14596802,975.35126,-0.11004639,0.08556906,-0.0027561733,72.0,0.0,0.0,0.0,9.782578,0.022118526,0.028255967,0.0072006425,4.9071035,0.021807194,0.021015376,68.921165,-5.1184464,2.3570313,338.2033,0.29543748,24.706635,975.3341,72.22231,0.41465077,0.04905682,-0.27789578,-1.0405725,0.0,-0.06233966,0.0,0.0,0.0,0.0,0.0,0.0,0.0,0.0,0.0,0.0,0.0180295,0.0,0.0,0.0,0.0,1.0,1.0,1.0,1.0,1.0,0.0,0.0,0.0,0,test/100/1/0,104
25.868387,-0.03941536,2.8961225,-0.11751534,975.3865,0.035217285,0.07635847,0.00055574114,73.0,1.0,0.21794495,0.014285714,9.821415,0.02217274,0.038654335,0.0033627204,4.899343,-0.0077605247,0.020980397,64.789406,-4.1317596,2.4618933,317.42554,0.101297155,24.822811,975.33936,72.30009,0.3610265,0.13470986,0.8748938,-0.9539428,0.0,0.05362147,0.0,0.0,0.0,0.0,0.0,0.0,0.0,0.0,0.0,0.0,0.0180295,0.0,0.0,0.0,0.0,1.0,1.0,1.0,1.0,1.0,0.0,0.0,0.0,0,test/100/1/0,105
25.85623,-0.01215744,2.8940647,-0.08811183,975.2872,-0.0993042,0.076770626,-0.00083884335,72.0,-1.0,0.21794495,0.012781955,9.82561,0.022217603,-0.034640677,0.004136897,4.888217,-0.011126041,0.021252956,66.74478,1.9553757,2.4268658,326.26297,0.13945623,24.926153,975.3341,72.27007,0.32137415,-0.13411477,-0.33759558,-0.8680882,0.0,-0.01925096,0.0,0.0,0.0,0.0,0.0,0.0,0.0,0.0,0.0,10.678476,0.020995744,0.1,0.0,0.0,0.0,1.0,1.0,1.0,1.0,1.0,0.0,0.0,0.0,0,test/100/1/0,106
25.981644,0.1254139,2.894257,-0.056846693,975.2267,-0.06048584,0.07997241,-0.0018213257,72.0,0.0,0.21794495,0.011278195,9.770095,0.023341862,-0.05971037,0.0038989116,4.920949,0.03273201,0.021264981,70.76302,4.018242,2.4387965,348.22125,0.5790925,25.031702,975.32336,72.24307,0.32821628,-0.27623832,-0.30383602,-0.773484,0.0,-0.0363169,0.0,0.0,0.0,0.0,0.0,0.0,0.0,0.0,0.0,0.0,0.017338935,0.0,0.0,0.0,0.0,1.0,1.0,1.0,1.0,1.0,0.0,0.0,0.0,0,test/100/1/0,107
25.936455,-0.045188904,2.8944886,-0.027000677,975.2673,0.04058838,0.081221335,-0.0028294614,72.0,0.0,0.21794495,0.009774436,9.811517,0.023341155,0.096936174,0.0015129034,4.9057865,-0.015162468,0.019748894,69.14677,-1.6162567,2.4163501,339.2193,0.4881722,25.122177,975.31775,72.218765,0.28132018,-0.14424436,-0.27345243,-0.68209463,0.0,-0.05124152,0.0,0.0,0.0,0.0,0.0,0.0,0.0,0.0,0.0,0.0,0.013549492,0.0,0.0,0.0,0.0,1.0,1.0,1.0,1.0,1.0,0.0,0.0,0.0,0,test/100/1/0,108
25.892889,-0.04356575,2.8937583,0.0024104714,975.18304,-0.084228516,0.08724861,-0.0049004345,72.0,0.0,0.21794495,0.008270676,9.790217,0.021240681,-0.06272084,0.0055398108,4.9209867,0.015200138,0.018676516,68.627235,-0.51953125,2.4160924,337.7137,0.46585885,25.199247,975.30426,72.196884,0.2397025,-0.34640753,-0.24610718,-0.59374374,0.0,-0.06406765,0.0,0.0,0.0,0.0,0.0,0.0,0.0,0.0,0.0,0.0,0.013549492,0.0,0.0,0.0,0.0,1.0,1.0,1.0,1.0,1.0,0.0,0.0,0.0,0,test/100/1/0,109
25.951836,0.05894661,2.8953419,0.031479172,975.528,0.3449707,0.095697895,-0.0033056273,72.0,0.0,0.21794495,0.006766917,9.816265,0.020481093,0.047347452,0.0027276424,4.8915668,-0.029419899,0.018989686,72.05276,3.4255219,2.5636575,352.4509,0.7713258,25.274508,975.32666,72.1772,0.23393744,0.57530075,-0.22149646,-0.50128716,0.03347223,-0.07483726,0.0,0.0,0.0,0.0,0.0,0.0,0.0,0.0,0.0,11.782735,0.016822474,0.1,0.0,0.0,0.0,1.0,1.0,1.0,1.0,1.0,0.0,0.0,0.0,0,test/100/1/0,110
25.862858,-0.08897781,2.894546,0.05999432,975.3403,-0.18774414,0.09479717,-0.0023448514,72.0,0.0,0.21794495,0.005263158,9.790775,0.020730872,-0.051537707,0.009252133,4.913602,0.022035122,0.018867418,68.97141,-3.0813446,2.5651855,338.89807,0.79192835,25.333342,975.328,72.15948,0.18293576,0.035000015,-0.19934681,-0.415027,0.0,-0.08359147,0.0,0.0,0.0,0.0,0.0,0.0,0.0,0.0,0.0,0.0,0.016822474,0.0,0.0,0.0,0.0,1.0,1.0,1.0,1.0,1.0,0.0,0.0,0.0,0,test/100/1/0,111
25.931087,0.068229675,2.8966405,0.087795354,975.3657,0.02545166,0.09440877,-0.0026262098,72.0,0.0,0.21794495,0.0037593986,9.804576,0.019966876,0.039290313,0.0057467734,4.9009953,-0.012606621,0.018728783,71.17087,2.1994553,2.5775864,348.80804,0.7834086,25.393116,975.3318,72.14353,0.18572241,0.09694714,-0.17941213,-0.32397845,0.0,-0.0903706,0.0,0.0,0.0,0.0,0.0,0.0,0.0,0.0,0.0,0.0,0.012709854,0.0,0.0,0.0,0.0,1.0,1.0,1.0,1.0,1.0,0.0,0.0,0.0,0,test/100/1/0,112
25.85196,-0.079128265,2.8965716,0.11516031,975.3589,-0.0068359375,0.09118602,-0.0005936013,72.0,0.0,0.21794495,0.002255639,9.800399,0.01984546,-0.017977374,0.0073349937,4.922427,0.021431923,0.01831928,70.89077,-0.28009796,2.6245625,348.95465,0.9043554,25.439001,975.3345,72.12917,0.14256804,0.069674306,-0.16147092,-0.23841442,0.0,-0.09521415,0.0,0.0,0.0,0.0,0.0,0.0,0.0,0.0,0.0,0.0,0.012709854,0.0,0.0,0.0,0.0,1.0,1.0,1.0,1.0,1.0,0.0,0.0,0.0,0,test/100/1/0,113
25.970675,0.118715286,2.8980014,0.14470129,975.08093,-0.2779541,0.10194208,-0.0022579795,72.0,0.0,0.21794495,0.0007518797,9.823153,0.020234015,0.026930457,0.0051511973,4.881542,-0.04088497,0.018475201,72.189804,1.2990341,2.729953,352.39758,1.1143824,25.492168,975.30914,72.11626,0.16511601,-0.65203226,-0.14532383,-0.14456664,-0.04577762,-0.098160826,0.0,0.0,0.0,0.0,0.0,0.0,0.0,0.0,0.0,0.0,0.012709854,0.0,0.0,0.0,0.0,1.0,1.0,1.0,1.0,1.0,0.0,0.0,0.0,0,test/100/1/0,114
25.805048,-0.16562653,2.8970892,0.17140612,975.4421,0.36114502,0.104506716,0.00073737814,72.0,0.0,0.21794495,-0.0007518797,9.817428,0.02039079,-0.028477803,0.0030624538,4.9071937,0.025651455,0.015481702,69.99666,-2.1931458,2.7405834,343.48715,1.2358099,25.523457,975.32245,72.10463,0.097198226,0.3418296,-0.13079144,-0.06222861,0.0,-0.099248566,0.0,0.0,0.0,0.0,0.0,0.0,0.0,0.0,0.0,14.751249,0.016807424,0.1,0.0,0.0,0.0,1.0,1.0,1.0,1.0,1.0,0.0,0.0,0.0,0,test/100/1/0,115
25.910921,0.10587311,2.8941398,0.2030109,975.3919,-0.0501709,0.10525763,0.0025766015,72.0,0.0,0.21794495,-0.002255639,9.826841,0.01979341,0.015137919,0.00469382,4.9151626,0.007968903,0.015538416,69.93285,-0.06380463,2.7344308,343.73135,1.2176741,25.562202,975.3294,72.09417,0.12049125,0.17863576,-0.1177123,0.0,0.0,-0.09851456,0.0,0.0,0.0,0.0,0.0,0.0,0.0,0.0,0.0,0.0,0.016807424,0.0,0.0,0.0,0.0,1.0,1.0,1.0,1.0,1.0,0.0,0.0,0.0,0,test/100/1/0,116
25.82939,-0.081531525,2.8932002,0.23077175,975.30054,-0.09136963,0.10366148,0.0010191036,82.79304,10.793037,2.3509133,0.15042685,9.842923,0.02091401,0.0066676415,0.0019575686,4.900002,-0.015160561,0.012446075,70.474174,0.5413208,2.3673227,345.3236,0.88042015,25.58892,975.3265,73.164055,0.08311499,-0.07417829,4.0958467,0.0,0.0,0.79843044,0.0,0.0,0.0,0.0,0.0,0.0,0.0,0.0,0.0,0.0,0.016807424,0.0,0.0,0.0,0.0,1.0,1.0,1.0,1.0,1.0,0.0,0.0,0.0,1,test/100/1/0,117
25.891754,0.06236458,2.8933573,0.2594159,975.67065,0.3701172,0.12521,0.0042387308,72.0,-10.793037,2.3509133,0.13269296,9.821757,0.020672875,-0.037246976,0.009605691,4.89878,-0.0012221336,0.012544607,71.91554,1.4413681,2.1407175,352.29843,0.67049307,25.619205,975.3609,73.04765,0.09419838,0.8849695,-0.4456357,0.0,0.11179026,0.67866135,0.0,0.0,0.0,0.0,0.0,0.0,0.0,0.0,0.0,0.0,0.016807424,0.0,0.0,0.0,0.0,1.0,1.0,1.0,1.0,1.0,0.0,0.0,0.0,0,test/100/1/0,118
26.014673,0.12291908,2.083405,0.13635105,975.313,-0.35766602,0.123916596,0.0050868904,72.0,0.0,2.3509133,0.11495907,9.821343,0.019766666,0.02075132,0.004405838,4.898222,-0.0005578995,0.012053759,68.879135,-3.0364075,2.087079,337.38528,0.43844798,25.65875,975.35614,72.94289,0.17083658,-0.123240106,-0.40107214,0.0,0.015164133,0.55948764,0.0,0.0,0.0,0.0,0.0,0.0,0.0,0.0,0.0,0.0,0.016807424,0.0,0.0,0.0,0.0,1.0,1.0,1.0,1.0,1.0,0.0,0.0,0.0,0,test/100/1/0,119
25.986303,-0.028369904,0.0537279,0.0009888355,975.39734,0.084350586,0.124256894,0.0053574643,73.0,1.0,2.3484735,0.111510895,9.818906,0.019678684,-0.0020234946,0.002060703,4.88222,-0.016002178,0.012679976,67.08053,-1.7986069,2.0867238,327.5019,0.018235652,25.691507,975.3602,72.9486,1.6377594,0.10598541,0.021887723,0.0,0.0,0.5260294,0.0,0.0,0.0,0.0,0.0,0.0,0.0,0.0,0.0,0.0,0.016807424,0.0,0.0,0.0,0.0,1.0,1.0,1.0,1.0,1.0,0.0,0.0,0.0,0,test/100/1/0,120
25.97323,-0.0130729675,0.055247698,0.0023249935,975.3927,-0.004638672,0.12421576,0.005325203,72.0,-1.0,2.3484735,0.09227324,9.823238,0.018057736,0.0067709084,0.0030448677,4.9069695,0.024749756,0.01216598,71.46582,4.385292,2.108416,350.6806,0.09873609,25.719679,975.36346,72.85374,1.4086187,0.083458856,-0.3635287,0.0,0.0,0.40627864,0.0,0.0,0.0,0.0,0.0,0.0,0.0,0.0,0.0,0.0,0.014077764,0.0,0.0,0.0,0.0,1.0,1.0,1.0,1.0,1.0,0.0,0.0,0.0,0,test/100/1/0,121
25.948923,-0.024307251,0.055782653,0.0026900687,975.31335,-0.0793457,0.121285975,0.0028741593,73.0,1.0,2.3449655,0.087321304,9.832093,0.018684253,0.004521381,0.0032682703,4.902689,-0.004280567,0.012160247,73.35744,1.8916168,2.2096968,359.64868,0.4560215,25.742603,975.35846,72.86836,1.1462206,-0.12891884,0.056135677,0.0,0.0,0.3723684,0.0,0.0,0.0,0.0,0.0,0.0,0.0,0.0,0.0,0.0,0.010336795,0.0,0.0,0.0,0.0,1.0,1.0,1.0,1.0,1.0,0.0,0.0,0.0,0,test/100/1/0,122
25.991879,0.0429554,0.05818904,0.0035760277,975.4921,0.17877197,0.12283913,0.0065738535,72.0,-1.0,2.3449655,0.06657989,9.842606,0.018655196,0.0016585169,0.00268516,4.8806562,-0.022032738,0.012524177,70.92665,-2.4307861,2.0266936,346.16858,0.78112054,25.76753,975.3718,72.781525,1.2463756,0.3436724,-0.33327886,0.0,0.0044301576,0.25204724,0.0,0.0,0.0,0.0,0.0,0.0,0.0,0.0,0.0,10.28499,0.013193737,0.1,0.0,0.0,0.0,1.0,1.0,1.0,1.0,1.0,0.0,0.0,0.0,0,test/100/1/0,123
25.911175,-0.080703735,0.058163553,0.003311583,975.2706,-0.22149658,0.124194,0.0053253863,72.0,0.0,2.3449655,0.045838486,9.791434,0.017993018,-0.061684374,0.006040228,4.905436,0.024779797,0.012496915,69.66112,-1.2655334,2.014936,341.71817,0.6949197,25.781895,975.3617,72.70338,0.7182193,-0.26025748,-0.29995096,0.0,0.0,0.13233249,0.0,0.0,0.0,0.0,0.0,0.0,0.0,0.0,0.0,5.0114894,0.014585816,0.1,0.0,0.0,0.0,1.0,1.0,1.0,1.0,1.0,0.0,0.0,0.0,0,test/100/1/0,124
25.843224,-0.0679512,0.059488155,0.0014489883,975.2747,0.0040893555,0.1249587,0.004812645,72.0,0.0,2.3484735,0.04088655,9.836434,0.018564882,0.09617078,0.0031275724,4.918625,0.013188839,0.012978637,68.362755,-1.2983627,1.6798123,336.25073,0.19725704,25.788029,975.353,72.63303,0.30664134,-0.22371624,-0.26955262,0.0,0.0,0.013255545,0.0,0.0,0.0,0.0,0.0,0.0,0.0,0.0,0.0,0.0,0.014585816,0.0,0.0,0.0,0.0,1.0,1.0,1.0,1.0,1.0,0.0,0.0,0.0,0,test/100/1/0,125
25.868975,0.025751114,0.058897946,-0.00019985285,975.35876,0.08404541,0.12427866,0.0041006445,71.0,-1.0,2.3720863,0.007363186,9.808411,0.01846922,-0.07302288,0.0037493878,4.9307976,0.012172699,0.013827106,72.050995,3.68824,1.5370874,355.2689,0.082512185,25.796124,975.3536,72.469734,0.4047328,0.01477215,-0.6195953,0.0,0.0,-0.022525713,0.0,0.0,0.0,0.0,0.0,0.0,0.0,0.0,0.0,4.637789,0.012907848,0.1125,0.0,0.0,0.0,1.0,1.0,1.0,1.0,1.0,0.0,0.0,0.0,0,test/100/1/0,126
25.873028,0.004053116,0.057752073,0.0001702617,975.3249,-0.03387451,0.12127518,0.0018420226,72.0,1.0,2.3720863,-0.010370705,9.818115,0.015404953,0.03772804,0.0050394763,4.8933587,-0.03743887,0.013563887,73.13638,1.0853882,1.6484385,357.88257,0.30819738,25.803814,975.3507,72.42276,0.3845251,-0.07381095,-0.17822291,0.0,0.0,0.0,0.0,0.0,0.0,0.0,0.0,0.0,0.0,0.0,0.0,0.0,0.012907848,0.0,0.0,0.0,0.0,1.0,1.0,1.0,1.0,1.0,0.0,0.0,0.0,0,test/100/1/0,127
25.880081,0.0070533752,0.057880618,9.096188e-05,975.2829,-0.041992188,0.120767474,-0.0005232961,72.0,0.0,2.3720863,-0.028104596,9.8148575,0.015363495,-0.012962416,0.0061406638,4.9128547,0.019495964,0.013701102,73.06229,-0.07409668,1.7058879,358.94437,0.39238673,25.81144,975.34393,72.380486,0.38133946,-0.17440976,-0.16040061,0.0,0.0,0.0,0.0,0.0,0.0,0.0,0.0,0.0,0.0,0.0,0.0,0.0,0.012907848,0.0,0.0,0.0,0.0,1.0,1.0,1.0,1.0,1.0,0.0,0.0,0.0,0,test/100/1/0,128
25.985281,0.105199814,0.060018413,0.0009114086,975.2573,-0.02557373,0.11651651,-0.0046073743,72.0,0.0,2.3720863,-0.045838486,9.808969,0.01422498,-0.0026307423,0.003956179,4.9101043,-0.0027503967,0.013231865,73.986275,0.92398834,1.7770537,363.2803,0.4850839,25.828825,975.33527,72.34244,0.8692046,-0.22272982,-0.14436056,0.0,0.0,0.0,0.0,0.0,0.0,0.0,0.0,0.0,0.0,0.0,0.0,0.0,0.012907848,0.0,0.0,0.0,0.0,1.0,1.0,1.0,1.0,1.0,0.0,0.0,0.0,0,test/100/1/0,129
25.960424,-0.024856567,0.06031676,0.0021685623,975.2443,-0.013000488,0.11212103,-0.0035419664,72.0,0.0,2.3720863,-0.06357238,9.847763,0.015618227,0.04468297,0.0026503687,4.889801,-0.02030325,0.013317873,72.555664,-1.4306107,1.7955425,354.78278,0.65063417,25.841984,975.3262,72.30819,0.6580013,-0.23388666,-0.1299245,0.0,0.0,0.0,0.0,0.0,0.0,0.0,0.0,0.0,0.0,0.0,0.0,0.0,0.009634866,0.0,0.0,0.0,0.0,1.0,1.0,1.0,1.0,1.0,0.0,0.0,0.0,0,test/100/1/0,130
25.84583,-0.114593506,0.06115463,0.00037083734,975.40295,0.15863037,0.112856396,-0.0027481883,72.0,0.0,2.3720863,-0.08130627,9.770558,0.017933752,-0.11599919,0.0048171342,4.9134445,0.023643494,0.013311991,71.12934,-1.4263229,1.7339796,349.49005,0.5230755,25.84237,975.33386,72.277374,0.019233625,0.19740868,-0.11693205,0.0,0.0,0.0,0.0,0.0,0.0,0.0,0.0,0.0,0.0,0.0,0.0,0.0,0.009634866,0.0,0.0,0.0,0.0,1.0,1.0,1.0,1.0,1.0,0.0,0.0,0.0,0,test/100/1/0,131
25.934614,0.088783264,0.06120959,0.00094435987,975.61145,0.2084961,0.1267676,0.0013317136,72.0,0.0,2.3720863,-0.09904016,9.840357,0.018228767,0.1470036,0.006352202,4.9161024,0.0026578903,0.013570892,76.000435,4.8710938,2.0355344,373.62592,0.8808604,25.851593,975.36163,72.24963,0.46122658,0.7138006,-0.10523885,0.0,0.07307734,0.0,0.0,0.0,0.0,0.0,0.0,0.0,0.0,0.0,0.0,0.0,0.009634866,0.0,0.0,0.0,0.0,1.0,1.0,1.0,1.0,1.0,0.0,0.0,0.0,0,test/100/1/0,132
25.91529,-0.019323349,0.059540275,-1.2862413e-05,975.40924,-0.20220947,0.12723807,0.002045458,73.0,1.0,2.3696685,-0.10248834,9.845903,0.018431596,-0.0642526,0.007104737,4.913972,-0.0021305084,0.01312457,72.361855,-3.6385803,2.0440736,355.5841,0.94589984,25.857964,975.3664,72.32467,0.31848717,0.12245335,0.28498837,0.0,0.027344877,0.0,0.0,0.0,0.0,0.0,0.0,0.0,0.0,0.0,0.0,0.0,0.009634866,0.0,0.0,0.0,0.0,1.0,1.0,1.0,1.0,1.0,0.0,0.0,0.0,0,test/100/1/0,133
25.81272,-0.10257149,0.062313024,-0.00065617525,975.3364,-0.07281494,0.11008884,-0.0027454807,72.0,-1.0,2.3696685,-0.121725984,9.77928,0.020711552,-0.07216992,0.0015621289,4.8962126,-0.017759323,0.01223448,75.36159,2.999733,2.2132032,368.98636,1.246793,25.85344,975.3634,72.292206,-0.22621897,-0.07703041,-0.12331044,-0.02431471,0.0,0.0,0.0,0.0,0.0,0.0,0.0,0.0,0.0,0.0,0.0,0.0,0.009634866,0.0,0.0,0.0,0.0,1.0,1.0,1.0,1.0,1.0,0.0,0.0,0.0,0,test/100/1/0,134
25.831219,0.018499374,0.060357552,-0.0034128404,961.32697,-14.00946,3.062723,-0.20235348,72.0,0.0,2.3696685,-0.14096363,9.770175,0.023438439,0.05751899,0.005343119,4.9356847,0.039472103,0.013983696,74.43713,-0.92445374,2.2648666,367.39822,1.3593621,25.851217,973.9597,72.262985,-0.111100204,-4.1246886,-0.1109794,-0.025788266,-0.8246383,0.0,0.0,0.0,0.0,0.0,0.0,0.0,0.0,0.0,0.0,9.561283,0.008193209,0.1,0.0,0.0,0.0,1.0,1.0,1.0,1.0,1.0,0.0,0.0,0.0,1,test/100/1/0,135
25.87329,0.04207039,0.060897596,-0.003936174,961.38574,0.058776855,4.2054024,-0.38068825,73.0,1.0,2.3661916,-0.14591557,9.792264,0.023998348,0.03119324,0.003231546,4.90856,-0.027124882,0.013841997,73.37916,-1.0579758,2.246759,360.18597,1.3367983,25.853424,972.70233,72.336685,0.11036176,-2.6909676,0.2803298,0.0,-1.3979585,0.0,0.0,0.0,0.0,0.0,0.0,0.0,0.0,0.0,0.0,0.0,0.008193209,0.0,0.0,0.0,0.0,1.0,1.0,1.0,1.0,1.0,0.0,0.0,0.0,1,test/100/1/0,136
25.84758,-0.025709152,0.059834864,-0.006057531,975.33545,13.949707,4.205962,-0.34012225,72.0,-1.0,0.4769696,0.0037593986,9.862057,0.025379436,0.04770442,0.0049110684,4.920439,0.011878967,0.014133107,78.84821,5.469055,2.6680546,387.9678,1.7115148,25.85284,972.96564,72.30302,-0.029220177,0.5634369,-0.37877166,0.0,-1.3078603,0.0,0.0,0.0,0.0,0.0,0.0,0.0,0.0,0.0,0.0,0.0,0.008193209,0.0,0.0,0.0,0.0,1.0,1.0,1.0,1.0,1.0,0.0,0.0,0.0,0,test/100/1/0,137
25.939056,0.09147644,0.06002225,-0.0059147323,975.25714,-0.078308105,4.1985617,-0.29488352,72.0,0.0,0.4769696,-0.0007518797,9.812285,0.025380703,-0.119564176,0.0040060706,4.9206495,0.00021076202,0.014319236,75.31332,-3.5348969,2.7391598,370.59042,1.8839853,25.861462,973.1948,72.27271,0.43108404,0.49120104,-0.34089452,0.0,-1.2214941,0.0,0.0,0.0,0.0,0.0,0.0,0.0,0.0,0.0,0.0,14.830228,0.012312717,0.1,0.0,0.0,0.0,1.0,1.0,1.0,1.0,1.0,0.0,0.0,0.0,0,test/100/1/0,138
25.851587,-0.0874691,0.056470875,-0.005151796,975.5427,0.2855835,4.202589,-0.25059053,73.0,1.0,0.50990194,0.009022556,9.848993,0.02632325,0.08647977,0.008473305,4.901488,-0.019161701,0.014226949,75.97837,0.6650543,2.6978295,372.40707,1.8194304,25.860474,973.42957,72.34544,-0.049369868,0.5028161,0.8181949,0.0,-1.121461,0.090272576,0.0,0.0,0.0,0.0,0.0,0.0,0.0,0.0,0.0,0.0,0.012312717,0.0,0.0,0.0,0.0,1.0,1.0,1.0,1.0,1.0,0.0,0.0,0.0,0,test/100/1/0,139
25.924301,0.07271385,0.053472552,-0.003552794,975.36127,-0.18145752,4.2019796,-0.20790341,73.0,0.0,0.50990194,0.033082705,9.842631,0.026855968,-0.043070853,0.003827765,4.8980465,-0.0034413338,0.013171844,80.13338,4.1550064,2.7830558,392.497,1.8331566,25.866858,973.62274,72.4109,0.31913638,0.4137346,0.73637545,0.0,-1.0302639,0.17693971,0.0,0.0,0.0,0.0,0.0,0.0,0.0,0.0,0.0,6.8295913,0.014209826,0.0875,0.0,0.0,0.0,1.0,1.0,1.0,1.0,1.0,0.0,0.0,0.0,0,test/100/1/0,140
25.848156,-0.07614517,0.051901657,-0.0031547588,975.184,-0.1772461,4.1986647,-0.16776738,73.0,0.0,0.5361903,0.041353382,9.794192,0.027390342,-0.042077042,0.004540831,4.8964996,-0.0015468597,0.013439313,78.34327,-1.7901077,2.922543,383.6078,1.9881366,25.864986,973.7789,72.46981,-0.09350312,0.33466178,0.6627379,0.0,-0.94753283,0.26007348,0.0,0.0,0.0,0.0,0.0,0.0,0.0,0.0,0.0,7.1530576,0.016196785,0.0875,0.0,0.0,0.0,1.0,1.0,1.0,1.0,1.0,0.0,0.0,0.0,0,test/100/1/0,141
26.02304,0.1748848,0.057959806,-0.00045408664,975.444,0.25994873,4.2008834,-0.12485682,72.0,-1.0,0.50990194,0.04962406,9.821783,0.027216133,0.0760302,0.007539306,4.905414,0.008914471,0.013395771,75.089874,-3.253395,2.9302707,368.34695,2.0171914,25.880793,973.9454,72.42283,0.79027116,0.3567281,-0.5285359,0.037450965,-0.8522766,0.0897446,0.0,0.0,0.0,0.0,0.0,0.0,0.0,0.0,0.0,0.0,0.016196785,0.0,0.0,0.0,0.0,1.0,1.0,1.0,1.0,1.0,0.0,0.0,0.0,0,test/100/1/0,142
25.756588,-0.2664528,0.06149006,-0.0009930948,975.42474,-0.019226074,4.199676,-0.07959462,72.0,0.0,0.50990194,0.043609023,9.810777,0.026622947,-0.03859676,0.006139601,4.8536186,-0.051795483,0.017005969,76.46332,1.3734436,2.8875082,371.12378,1.8599913,25.868372,974.0933,72.38055,-0.6210199,0.3170274,-0.4756823,-0.08115671,-0.7580397,0.0,0.0,0.0,0.0,0.0,0.0,0.0,0.0,0.0,0.0,0.0,0.013339844,0.0,0.0,0.0,0.0,1.0,1.0,1.0,1.0,1.0,0.0,0.0,0.0,0,test/100/1/0,143
25.816202,0.05961418,0.063031495,-0.0016009209,975.3413,-0.08343506,4.2008142,-0.038920328,72.0,0.0,0.50990194,0.037593983,9.803382,0.026198804,0.0036108675,0.005024232,4.912269,0.058650494,0.017038612,76.93167,0.46835327,2.7364988,377.90903,1.6919271,25.863155,974.21814,72.34249,-0.260847,0.2673719,-0.42811406,-0.092652306,-0.667861,0.0,0.0,0.0,0.0,0.0,0.0,0.0,0.0,0.0,0.0,0.0,0.011947763,0.0,0.0,0.0,0.0,1.0,1.0,1.0,1.0,1.0,0.0,0.0,0.0,0,test/100/1/0,144
25.913504,0.09730148,0.062756725,-0.0017488236,975.4574,0.11608887,4.2038703,0.003370655,72.0,0.0,0.50990194,0.031578947,9.794049,0.026211595,-0.0019378306,0.009544505,4.9257903,0.013521194,0.017343538,74.40355,-2.528122,2.3293817,366.4963,1.2200736,25.868189,974.34204,72.30824,0.25174513,0.26531303,-0.38530266,0.0,-0.57216305,0.0,0.0,0.0,0.0,0.0,0.0,0.0,0.0,0.0,0.0,12.018281,0.015286175,0.1,0.0,0.0,0.0,1.0,1.0,1.0,1.0,1.0,0.0,0.0,0.0,0,test/100/1/0,145
25.938223,0.024719238,0.06367846,-0.0012426821,975.4297,-0.027709961,4.205075,0.04631811,72.0,0.0,0.4330127,0.009774436,9.827915,0.026335392,0.04319897,0.009550037,4.9016337,-0.02415657,0.016552897,76.055725,1.6521759,2.2422142,372.79727,1.0930387,25.875193,974.4508,72.27742,0.3501668,0.23278266,-0.3467724,0.0,-0.47789854,0.0,0.0,0.0,0.0,0.0,0.0,0.0,0.0,0.0,0.0,0.0,0.0139979,0.0,0.0,0.0,0.0,1.0,1.0,1.0,1.0,1.0,0.0,0.0,0.0,0,test/100/1/0,146
25.850842,-0.08738136,0.06412999,-0.002024982,975.31366,-0.11602783,4.2048945,0.086966515,72.0,0.0,0.4330127,0.002255639,9.810103,0.026350688,-0.0516782,0.0033763705,4.901491,-0.00014257431,0.016328435,76.316864,0.26113892,2.2063649,374.06644,0.99904466,25.872757,974.5371,72.24968,-0.121756695,0.18467923,-0.31209517,0.0,-0.38923785,0.0,0.0,0.0,0.0,0.0,0.0,0.0,0.0,0.0,0.0,0.0,0.0139979,0.0,0.0,0.0,0.0,1.0,1.0,1.0,1.0,1.0,0.0,0.0,0.0,0,test/100/1/0,147
25.93859,0.087747574,0.06505756,-0.0014090129,975.55475,0.24108887,4.2095613,0.1304129,72.0,0.0,0.4330127,-0.005263158,9.82758,0.026494805,0.035289314,0.0042701825,4.951602,0.050110817,0.019020127,78.06396,1.7470932,2.2211092,386.54163,1.0756963,25.879341,974.63885,72.22471,0.32915685,0.21757157,-0.28088564,0.0,-0.2890946,0.0,0.0,0.0,0.0,0.0,0.0,0.0,0.0,0.0,0.0,0.0,0.0139979,0.0,0.0,0.0,0.0,1.0,1.0,1.0,1.0,1.0,0.0,0.0,0.0,0,test/100/1/0,148
25.850069,-0.08852005,0.061780784,-0.0004845483,975.33575,-0.21899414,4.210785,0.16991821,72.0,0.0,0.4330127,-0.012781955,9.782595,0.027429461,-0.062462848,0.003020485,4.923359,-0.028243065,0.019288588,74.73832,-3.3256378,2.200458,367.9636,0.91391003,25.876413,974.70856,72.20224,-0.14635909,0.1489504,-0.25279707,0.0,-0.19955868,0.0,0.0,0.0,0.0,0.0,0.0,0.0,0.0,0.0,0.0,0.0,0.0139979,0.0,0.0,0.0,0.0,1.0,1.0,1.0,1.0,1.0,0.0,0.0,0.0,0,test/100/1/0,149
25.786718,-0.06335068,0.062568955,-0.0006542392,975.1718,-0.16394043,4.20973,0.20675829,72.0,0.0,0.4330127,-0.020300752,9.781757,0.027166115,0.044148326,0.0053539197,4.8946466,-0.028712273,0.019071303,74.008675,-0.7296448,2.1214724,362.24634,0.52923465,25.867445,974.7549,72.182014,-0.44847658,0.099040054,-0.22751737,-0.04137257,-0.117802225,0.0,0.0,0.0,0.0,0.0,0.0,0.0,0.0,0.0,0.0,0.0,0.0139979,0.0,0.0,0.0,0.0,1.0,1.0,1.0,1.0,1.0,0.0,0.0,0.0,0,test/100/1/0,150
25.919207,0.13248825,0.0629089,-0.0004793999,975.30945,0.13763428,4.2082005,0.2481783,72.0,0.0,0.4330127,-0.02781955,9.877604,0.029156582,0.096683644,0.0071288166,4.9012575,0.0066108704,0.01913161,75.23794,1.2292633,1.8541199,368.7605,0.14282592,25.87262,974.81036,72.16381,0.25881234,0.11860404,-0.20476563,0.0,-0.029342597,0.0,0.0,0.0,0.0,0.0,0.0,0.0,0.0,0.0,0.0,5.033011,0.015395959,0.1,0.0,0.0,0.0,1.0,1.0,1.0,1.0,1.0,0.0,0.0,0.0,0,test/100/1/0,151
25.893019,-0.026187897,0.061696596,0.00061282824,975.68854,0.37908936,4.209731,0.29844654,72.0,0.0,0.4330127,-0.035338346,9.780642,0.029592818,-0.19280824,0.008372162,4.9140816,0.0128240585,0.019098807,74.79813,-0.4398117,1.8684598,367.5641,0.0914401,25.87466,974.89813,72.14743,0.10199162,0.18775049,-0.18428907,0.0,0.0,0.0,0.0,0.0,0.0,0.0,0.0,0.0,0.0,0.0,0.0,0.0,0.015395959,0.0,0.0,0.0,0.0,1.0,1.0,1.0,1.0,1.0,0.0,0.0,0.0,0,test/100/1/0,152
25.939728,0.04670906,0.06268752,0.0021297727,968.2818,-7.4067383,4.3722453,0.23959553,72.0,0.0,0.4,-0.027067669,9.78672,0.029140078,0.10304021,0.010834928,4.9043274,-0.009754181,0.019084789,77.69303,2.894905,1.7323912,381.0321,-0.04330061,25.881166,974.2365,72.13269,0.32533777,-1.3619372,-0.16586016,0.0,-0.23323704,0.0,0.0,0.0,0.0,0.0,0.0,0.0,0.0,0.0,0.0,0.0,0.015395959,0.0,0.0,0.0,0.0,1.0,1.0,1.0,1.0,1.0,0.0,0.0,0.0,1,test/100/1/0,153
25.939219,-0.0005092621,0.062193673,0.001983145,975.3143,7.0324707,4.3718143,0.2907766,72.0,0.0,0.4,-0.033082705,9.76952,0.029731868,-0.02327884,0.0046314346,4.915673,0.0113453865,0.018936496,77.18052,-0.5125122,1.740029,379.39417,-0.02809361,25.886972,974.3443,72.11942,0.2902577,0.22186959,-0.14927414,0.0,-0.13832194,0.0,0.0,0.0,0.0,0.0,0.0,0.0,0.0,0.0,0.0,0.0,0.015395959,0.0,0.0,0.0,0.0,1.0,1.0,1.0,1.0,1.0,0.0,0.0,0.0,0,test/100/1/0,154
25.934547,-0.004671097,0.06188497,0.0018716583,975.17194,-0.14233398,3.3457222,0.11875569,72.0,0.0,0.4,-0.039097745,9.805987,0.028333975,0.05366851,0.008549924,4.896496,-0.01917696,0.018117538,75.01553,-2.1649857,1.715611,367.31326,-0.22619757,25.89173,974.42706,72.107475,0.23787643,0.22263499,-0.13434674,0.0,-0.050536294,0.0,0.0,0.0,0.0,0.0,0.0,0.0,0.0,0.0,0.0,0.0,0.012740047,0.0,0.0,0.0,0.0,1.0,1.0,1.0,1.0,1.0,0.0,0.0,0.0,0,test/100/1/0,155
25.878126,-0.05642128,0.06183185,0.0014630411,975.2373,0.06536865,1.5485684,-0.07222285,72.0,0.0,0.35707143,-0.029323308,9.816302,0.027994277,-0.026153283,0.0070693986,4.9345016,0.03800583,0.019060584,76.10075,1.0852203,1.5898226,375.5193,-0.4208225,25.89037,974.50806,72.09673,-0.06801762,0.47089887,-0.12091206,0.0,0.0,0.0,0.0,0.0,0.0,0.0,0.0,0.0,0.0,0.0,0.0,0.0,0.012740047,0.0,0.0,0.0,0.0,1.0,1.0,1.0,1.0,1.0,0.0,0.0,0.0,0,test/100/1/0,156
25.855118,-0.023008347,0.06159823,0.00031252552,975.15454,-0.08276367,1.5471561,-0.06495462,72.0,0.0,0.35707143,-0.033834588,9.843274,0.026608348,0.016657578,0.0062855305,4.9144125,-0.02008915,0.018919174,77.537796,1.4370422,1.5099211,381.0527,-0.120795734,25.886845,974.57275,72.08706,-0.17625758,0.3760512,-0.108820856,0.0,0.0,0.0,0.0,0.0,0.0,0.0,0.0,0.0,0.0,0.0,0.0,10.13492,0.015555303,0.1,0.0,0.0,0.0,1.0,1.0,1.0,1.0,1.0,0.0,0.0,0.0,0,test/100/1/0,157
25.951698,0.096580505,0.062162794,0.0019747613,975.5035,0.348938,1.5501413,-0.053665966,72.0,0.0,0.35707143,-0.038345866,9.800667,0.026720295,-0.06958009,0.0069534034,4.9496393,0.035226822,0.020820022,77.12724,-0.41055298,1.5041877,381.75204,-0.07475944,25.89333,974.66583,72.078354,0.3242707,0.54038495,-0.09793877,0.0,0.0,0.0,0.0,0.0,0.0,0.0,0.0,0.0,0.0,0.0,0.0,0.0,0.011435795,0.0,0.0,0.0,0.0,1.0,1.0,1.0,1.0,1.0,0.0,0.0,0.0,0,test/100/1/0,158
25.927479,-0.024219513,0.061992355,0.0018909024,975.37994,-0.123535156,1.5477543,-0.040003315,72.0,0.0,0.3,-0.027067669,9.78483,0.02584233,0.026771193,0.0027422607,4.9024677,-0.047171593,0.02080152,75.389946,-1.737297,1.5170814,369.59677,-0.19047035,25.896744,974.73724,72.07052,0.17074606,0.41526237,-0.08814489,0.0,0.0,0.0,0.0,0.0,0.0,0.0,0.0,0.0,0.0,0.0,0.0,0.0,0.011435795,0.0,0.0,0.0,0.0,1.0,1.0,1.0,1.0,1.0,0.0,0.0,0.0,0,test/100/1/0,159
25.968552,0.041072845,0.06379011,0.0034277895,975.35,-0.029968262,1.5476255,-0.029389117,72.0,0.0,0.21794495,-0.014285714,9.816868,0.024706857,0.047874145,0.0055521033,4.895691,-0.0067768097,0.020874623,75.56742,0.17747498,1.2473499,369.9547,0.020367706,25.903925,974.7985,72.06346,0.35903567,0.3563396,-0.0793304,0.0,0.0,0.0,0.0,0.0,0.0,0.0,0.0,0.0,0.0,0.0,0.0,0.0,0.009538686,0.0,0.0,0.0,0.0,1.0,1.0,1.0,1.0,1.0,0.0,0.0,0.0,0,test/100/1/0,160
25.969667,0.001115799,0.06468322,0.0037117822,975.2816,-0.068359375,1.5483441,-0.022533124,72.0,0.0,0.0,0.0,9.820133,0.024690421,-0.028771318,0.0032030593,4.907332,0.011641026,0.020663427,78.351715,2.7842941,1.2481093,384.49786,0.33250713,25.9105,974.8468,72.05712,0.32871112,0.28082183,-0.071397364,0.0,0.0,0.0,0.0,0.0,0.0,0.0,0.0,0.0,0.0,0.0,0.0,0.0,0.0075517255,0.0,0.0,0.0,0.0,1.0,1.0,1.0,1.0,1.0,0.0,0.0,0.0,0,test/100/1/0,161
26.07475,0.105083466,0.07024396,0.008075582,975.4117,0.13006592,1.5479047,-0.009861354,72.0,0.0,0.0,0.0,9.851964,0.026345918,0.028564213,0.0025409793,4.918534,0.0112018585,0.020706581,77.92696,-0.42475128,1.2854981,383.2864,0.38504106,25.926924,974.9033,72.05141,0.82125735,0.32843575,-0.06425762,0.096107624,0.0,0.0,0.0,0.0,0.0,0.0,0.0,0.0,0.0,0.0,0.0,0.0,0.0075517255,0.0,0.0,0.0,0.0,1.0,1.0,1.0,1.0,1.0,0.0,0.0,0.0,0,test/100/1/0,162
25.87721,-0.19754028,0.06191957,0.005332469,975.23425,-0.1774292,1.5458816,2.0696883e-05,72.0,0.0,0.0,0.0,9.813101,0.02635583,-0.07069356,0.0033028512,4.905948,-0.01258564,0.016089417,74.03749,-3.889473,1.3708302,363.22412,0.17235015,25.921953,974.9364,72.046265,-0.24856982,0.19268115,-0.05783186,0.0,0.0,0.0,0.0,0.0,0.0,0.0,0.0,0.0,0.0,0.0,0.0,0.0,0.0075517255,0.0,0.0,0.0,0.0,1.0,1.0,1.0,1.0,1.0,0.0,0.0,0.0,0,test/100/1/0,163
25.870935,-0.006275177,0.05879452,0.0032596,975.5714,0.3371582,1.5492601,0.01368835,72.0,0.0,0.0,0.0,9.800483,0.026398392,0.026245061,0.0062955366,4.919392,0.013443947,0.016135722,78.9351,4.897606,1.4938558,388.3127,0.43708238,25.916851,974.9999,72.04164,-0.25508872,0.36889765,-0.052048676,0.0,0.0,0.0,0.0,0.0,0.0,0.0,0.0,0.0,0.0,0.0,0.0,13.878271,0.011406801,0.1,0.0,0.0,0.0,1.0,1.0,1.0,1.0,1.0,0.0,0.0,0.0,0,test/100/1/0,164
25.844719,-0.026216507,0.060695842,0.0022662429,975.31396,-0.2574463,1.5474927,0.025165163,73.0,1.0,0.21794495,0.014285714,9.787964,0.026610164,9.878298e-05,0.004764704,4.923807,0.0044150352,0.016068386,74.76197,-4.173126,1.4739223,368.11353,0.21740931,25.909637,975.0313,72.137474,-0.3606624,0.18265994,1.0781562,0.0,0.0,0.10952556,0.0,0.0,0.0,0.0,0.0,0.0,0.0,0.0,0.0,0.0,0.008068389,0.0,0.0,0.0,0.0,1.0,1.0,1.0,1.0,1.0,0.0,0.0,0.0,0,test/100/1/0,165
25.911314,0.06659508,0.06036197,0.0027179832,975.297,-0.016967773,1.545922,0.03617774,72.0,-1.0,0.21794495,0.012781955,9.828993,0.026648859,0.053548515,0.0040233196,4.8967357,-0.027071476,0.016288,75.238014,0.4760437,1.4897853,368.42065,0.099180795,25.909805,975.05786,72.123726,0.00837924,0.15468273,-0.15465944,0.0,0.0,0.0,0.0,0.0,0.0,0.0,0.0,0.0,0.0,0.0,0.0,0.0,0.008068389,0.0,0.0,0.0,0.0,1.0,1.0,1.0,1.0,1.0,0.0,0.0,0.0,0,test/100/1/0,166
25.929438,0.018123627,0.058985557,0.0020893915,975.437,0.14001465,1.547431,0.047558043,72.0,0.0,0.21794495,0.011278195,9.869809,0.029731445,-0.00021308856,0.006104084,4.9132733,0.016537666,0.016051842,76.52076,1.2827454,1.4912378,375.9674,0.11538386,25.91177,975.09576,72.11135,0.09815945,0.2205125,-0.13919349,0.0,0.0,0.0,0.0,0.0,0.0,0.0,0.0,0.0,0.0,0.0,0.0,0.0,0.008068389,0.0,0.0,0.0,0.0,1.0,1.0,1.0,1.0,1.0,0.0,0.0,0.0,0,test/100/1/0,167
25.846024,-0.08341408,0.060410883,0.0015364683,975.20294,-0.23406982,1.5430185,0.059215665,72.0,0.0,0.21794495,0.009774436,9.818013,0.029558849,-0.09261164,0.0041991305,4.930181,0.016907692,0.014115615,75.79503,-0.7257309,1.4310929,373.68326,0.2930743,25.905195,975.1065,72.10022,-0.3287269,0.062502325,-0.12527414,0.0,0.0,0.0,0.0,0.0,0.0,0.0,0.0,0.0,0.0,0.0,0.0,0.0,0.008068389,0.0,0.0,0.0,0.0,1.0,1.0,1.0,1.0,1.0,0.0,0.0,0.0,0,test/100/1/0,168
25.913345,0.06732178,0.058912728,0.0006867961,975.4026,0.199646,1.5438522,0.0707966,72.0,0.0,0.21794495,0.008270676,9.77058,0.030261282,0.0043622754,0.007543054,4.9123945,-0.017786503,0.013917589,78.01125,2.2162247,1.4532028,383.22208,0.3330321,25.90601,975.1361,72.090195,0.04075469,0.17260683,-0.11274672,0.0,0.0,0.0,0.0,0.0,0.0,0.0,0.0,0.0,0.0,0.0,0.0,0.0,0.008068389,0.0,0.0,0.0,0.0,1.0,1.0,1.0,1.0,1.0,0.0,0.0,0.0,0,test/100/1/0,169
25.85799,-0.055355072,0.053125907,-0.002049089,975.3407,-0.06188965,1.5453078,0.078804374,72.0,0.0,0.21794495,0.006766917,9.815545,0.029500632,0.09239849,0.002696199,4.8977003,-0.014694214,0.013736022,73.1311,-4.88015,1.5316999,358.17422,-0.0980541,25.901207,975.15656,72.08118,-0.24009614,0.119154766,-0.10147205,0.0,0.0,0.0,0.0,0.0,0.0,0.0,0.0,0.0,0.0,0.0,0.0,0.0,0.008068389,0.0,0.0,0.0,0.0,1.0,1.0,1.0,1.0,1.0,0.0,0.0,0.0,0,test/100/1/0,170
25.903004,0.045013428,0.053180687,-0.0021571813,968.2943,-7.0463867,2.122361,-0.011931318,72.0,0.0,0.21794495,0.005263158,9.783026,0.026147503,-0.07748467,0.008760912,4.9061575,0.008457184,0.013572611,77.22088,4.089775,1.5292349,378.8578,-0.12468218,25.901386,974.47034,72.07306,0.008980614,-2.9099813,-0.09132484,0.0,-0.5648388,0.0,0.0,0.0,0.0,0.0,0.0,0.0,0.0,0.0,0.0,0.0,0.006670331,0.0,0.0,0.0,0.0,1.0,1.0,1.0,1.0,1.0,0.0,0.0,0.0,1,test/100/1/0,171
25.844538,-0.058465958,0.055163167,-0.0034896291,975.48474,7.1904297,2.1178033,0.016588116,72.0,0.0,0.21794495,0.0037593986,9.829758,0.025745334,0.07925163,0.0056732283,4.921999,0.015841484,0.013714931,73.33132,-3.889557,1.6320386,360.93668,-0.44140074,25.895702,974.5718,72.06575,-0.28424725,0.43108794,-0.08219236,0.0,-0.45204085,0.0,0.0,0.0,0.0,0.0,0.0,0.0,0.0,0.0,0.0,0.0,0.006670331,0.0,0.0,0.0,0.0,1.0,1.0,1.0,1.0,1.0,0.0,0.0,0.0,0,test/100/1/0,172
25.941132,0.09659386,0.05519945,-0.0026317495,975.3941,-0.09063721,1.5396463,-0.072829306,72.0,0.0,0.21794495,0.002255639,9.821292,0.02523434,-0.055198234,0.0032102147,4.9047318,-0.017267227,0.013701932,73.26951,-0.061813354,1.7181066,359.36728,-0.55792034,25.900246,974.654,72.05918,0.22714677,0.48068833,-0.07397313,0.0,-0.3430829,0.0,0.0,0.0,0.0,0.0,0.0,0.0,0.0,0.0,0.0,5.1647835,0.008104993,0.1,0.0,0.0,0.0,1.0,1.0,1.0,1.0,1.0,0.0,0.0,0.0,0,test/100/1/0,173
25.850306,-0.090826035,0.056391068,-0.0030815369,975.63965,0.24554443,1.5447092,-0.058395132,72.0,0.0,0.21794495,0.0007518797,9.813504,0.02323867,0.0006779783,0.005423779,4.8949184,-0.009813309,0.014261465,72.53847,-0.73104095,1.8541574,355.0699,-0.7291148,25.89525,974.75256,72.05326,-0.24969807,0.57426405,-0.06657581,0.0,-0.20277333,0.0,0.0,0.0,0.0,0.0,0.0,0.0,0.0,0.0,0.0,0.0,0.008104993,0.0,0.0,0.0,0.0,1.0,1.0,1.0,1.0,1.0,0.0,0.0,0.0,0,test/100/1/0,174
25.878675,0.028369904,0.056365617,-0.0030660902,975.3214,-0.3182373,1.5458592,-0.05124388,72.0,0.0,0.21794495,-0.0007518797,9.792946,0.02365066,-0.012770283,0.0027044022,4.9195733,0.024654865,0.01386284,75.731,3.1925354,1.845745,372.5642,-0.8045635,25.893593,974.80945,72.047935,-0.08287875,0.33117524,-0.059918232,0.0,-0.1046795,0.0,0.0,0.0,0.0,0.0,0.0,0.0,0.0,0.0,0.0,14.43493,0.012114695,0.1,0.0,0.0,0.0,1.0,1.0,1.0,1.0,1.0,0.0,0.0,0.0,0,test/100/1/0,175
25.799295,-0.079380035,0.06067745,-0.0049914885,975.2572,-0.064208984,1.5460099,-0.044202533,73.0,1.0,0.3,0.012030075,9.814333,0.023644771,0.041946184,0.0019810372,4.9334297,0.013856411,0.013783265,75.67942,-0.051582336,1.8448952,373.3591,-0.746984,25.884163,974.85425,72.14314,-0.47149107,0.2606498,1.0710737,-0.026403418,-0.015054738,0.11549817,0.0,0.0,0.0,0.0,0.0,0.0,0.0,0.0,0.0,0.0,0.012114695,0.0,0.0,0.0,0.0,1.0,1.0,1.0,1.0,1.0,0.0,0.0,0.0,0,test/100/1/0,176
25.916872,0.1175766,0.059841804,-0.005481968,975.4343,0.17712402,1.5484855,-0.03596756,72.0,-1.0,0.3,0.009022556,9.838622,0.023375547,0.0029010186,0.008922328,4.892475,-0.04095459,0.014513836,75.773094,0.093673706,1.8016093,370.718,-0.6365166,25.887434,974.91223,72.12883,0.16354105,0.3371566,-0.16103376,0.0,0.0,0.0,0.0,0.0,0.0,0.0,0.0,0.0,0.0,0.0,0.0,0.0,0.00929944,0.0,0.0,0.0,0.0,1.0,1.0,1.0,1.0,1.0,0.0,0.0,0.0,0,test/100/1/0,177
25.86573,-0.05114174,0.05933569,-0.0052709524,975.4378,0.003479004,1.5475423,-0.022594068,72.0,0.0,0.3,0.0060150377,9.842967,0.02401269,-0.0199441,0.0030004587,4.8672447,-0.025230408,0.015020779,75.947395,0.17430115,1.7735606,369.65457,-0.5146576,25.885263,974.9648,72.115944,-0.10852175,0.30564916,-0.14493039,0.0,0.0,0.0,0.0,0.0,0.0,0.0,0.0,0.0,0.0,0.0,0.0,0.0,0.00929944,0.0,0.0,0.0,0.0,1.0,1.0,1.0,1.0,1.0,0.0,0.0,0.0,0,test/100/1/0,178
25.914303,0.04857254,0.05909458,-0.004619181,975.46313,0.02532959,1.548604,-0.0107105225,73.0,1.0,0.35707143,0.017293233,9.853939,0.024287477,0.0066277185,0.0040291306,4.894662,0.027417183,0.015264075,71.60211,-4.3452835,1.982051,350.46814,-0.8406243,25.888168,975.01465,72.20435,0.14519313,0.2896164,0.9945626,0.0,0.0,0.113313235,0.0,0.0,0.0,0.0,0.0,0.0,0.0,0.0,0.0,0.0,0.00929944,0.0,0.0,0.0,0.0,1.0,1.0,1.0,1.0,1.0,0.0,0.0,0.0,0,test/100/1/0,179
25.891771,-0.02253151,0.056897525,-0.0036209566,975.42554,-0.037597656,1.5494757,3.7630696e-05,73.0,0.0,0.4,0.027067669,9.801518,0.024589416,-0.06339303,0.006609867,4.913754,0.019092083,0.015053273,76.126656,4.524544,1.9871873,374.06766,-0.79503834,25.888529,975.0557,72.28391,0.018016266,0.23866986,0.8951064,0.0,0.0,0.2225602,0.0,0.0,0.0,0.0,0.0,0.0,0.0,0.0,0.0,0.0,0.00929944,0.0,0.0,0.0,0.0,1.0,1.0,1.0,1.0,1.0,0.0,0.0,0.0,0,test/100/1/0,180
25.866793,-0.024978638,0.054519873,-0.0028464927,975.3071,-0.1184082,1.5496908,0.007901253,72.0,-1.0,0.4,0.021052632,9.833477,0.024806783,0.08437833,0.006450716,4.9159684,0.0022144318,0.015131159,72.92327,-3.2033844,1.9490217,358.4885,-0.7485681,25.886354,975.0809,72.25552,-0.10867855,0.14600617,-0.31940424,0.0,0.0,0.07782223,0.0,0.0,0.0,0.0,0.0,0.0,0.0,0.0,0.0,0.0,0.00929944,0.0,0.0,0.0,0.0,1.0,1.0,1.0,1.0,1.0,0.0,0.0,0.0,0,test/100/1/0,181
25.944994,0.078201294,0.037063368,0.000859044,975.36255,0.055419922,1.5491283,0.018571896,73.0,1.0,0.4330127,0.029323308,9.819486,0.023637203,-0.045948688,0.001846951,4.9096737,-0.0062947273,0.014978696,75.4163,2.4930267,1.8492529,370.2694,-0.51381546,25.89222,975.109,72.32997,0.29319578,0.16365069,0.83753616,0.0,0.0,0.18417902,0.0,0.0,0.0,0.0,0.0,0.0,0.0,0.0,0.0,0.0,0.00929944,0.0,0.0,0.0,0.0,1.0,1.0,1.0,1.0,1.0,0.0,0.0,0.0,0,test/100/1/0,182
25.9469,0.0019054413,0.039510883,0.0016678674,975.1811,-0.18145752,1.548823,0.023922661,72.0,-1.0,0.4330127,0.021804512,9.823535,0.023650214,0.018040674,0.0068620346,4.918226,0.008552074,0.015104358,74.38437,-1.031929,1.8408185,365.8391,-0.63955134,25.897686,975.1162,72.296974,0.2734034,0.04187215,-0.37121746,0.0,0.0,0.03660867,0.0,0.0,0.0,0.0,0.0,0.0,0.0,0.0,0.0,0.0,0.00929944,0.0,0.0,0.0,0.0,1.0,1.0,1.0,1.0,1.0,0.0,0.0,0.0,0,test/100/1/0,183
25.889484,-0.05741501,0.03934251,0.0014525994,975.1509,-0.030212402,1.5441563,0.034245312,72.0,0.0,0.4330127,0.014285714,9.82106,0.023311399,-0.0065249605,0.005546145,4.8902507,-0.027975082,0.015463285,73.051,-1.3333664,1.6692792,357.2377,-0.49596116,25.896866,975.1197,72.26727,-0.041011978,0.020189751,-0.33409572,0.0,0.0,0.0,0.0,0.0,0.0,0.0,0.0,0.0,0.0,0.0,0.0,4.633892,0.006731557,0.1,0.0,0.0,0.0,1.0,1.0,1.0,1.0,1.0,0.0,0.0,0.0,0,test/100/1/0,184
25.966593,0.07710838,0.041568436,0.0018970418,975.32214,0.17126465,1.5442386,0.043582037,72.0,0.0,0.4,0.02255639,9.842959,0.022722192,0.024374153,0.007975799,4.900497,0.010246277,0.015091216,73.27888,0.22787476,1.7029302,359.10294,-0.59792995,25.90384,975.13995,72.24055,0.34863114,0.11798482,-0.30068612,0.0,0.0,0.0,0.0,0.0,0.0,0.0,0.0,0.0,0.0,0.0,0.0,0.0,0.006731557,0.0,0.0,0.0,0.0,1.0,1.0,1.0,1.0,1.0,0.0,0.0,0.0,0,test/100/1/0,185
25.891987,-0.07460594,0.041377164,0.0021439171,975.5536,0.23144531,1.54765,0.055944916,73.0,1.0,0.4330127,0.030827068,9.793958,0.02343692,-0.070899926,0.005623229,4.9172378,0.016740799,0.015076392,72.22809,-1.0507889,1.7840858,355.16266,-0.7377893,25.902655,975.18134,72.3165,-0.059261687,0.24054395,0.85438246,0.0,0.0,0.10581525,0.0,0.0,0.0,0.0,0.0,0.0,0.0,0.0,0.0,0.0,0.006731557,0.0,0.0,0.0,0.0,1.0,1.0,1.0,1.0,1.0,0.0,0.0,0.0,0,test/100/1/0,186
25.846428,-0.04555893,0.04167209,0.0020551768,975.37274,-0.18084717,1.5468485,0.06754917,73.0,0.0,0.45825756,0.037593983,9.809633,0.020534432,0.06467622,0.0017237227,4.900439,-0.016798973,0.015099379,73.832,1.6039124,1.734755,361.8092,-0.64360183,25.897032,975.20044,72.38484,-0.28113016,0.111379735,0.7689442,0.0,0.0,0.2077142,0.0,0.0,0.0,0.0,0.0,0.0,0.0,0.0,0.0,0.0,0.006731557,0.0,0.0,0.0,0.0,1.0,1.0,1.0,1.0,1.0,0.0,0.0,0.0,0,test/100/1/0,187
25.901764,0.055336,0.040566757,0.0015647128,975.3351,-0.03765869,1.5479087,0.075016245,72.0,-1.0,0.45825756,0.028571429,9.799275,0.020891521,-0.02603298,0.0044753384,4.8987365,-0.0017023087,0.0142233465,76.86548,3.0334778,1.790623,376.54373,-0.3536961,25.897505,975.2139,72.34636,0.023662843,0.07827723,-0.4329502,0.0,0.0,0.055775158,0.0,0.0,0.0,0.0,0.0,0.0,0.0,0.0,0.0,0.0,0.006731557,0.0,0.0,0.0,0.0,1.0,1.0,1.0,1.0,1.0,0.0,0.0,0.0,0,test/100/1/0,188
25.938576,0.03681183,0.041602593,0.0025792874,975.5473,0.21221924,1.5499982,0.088468626,72.0,0.0,0.45825756,0.019548872,9.815913,0.018106585,0.026995562,0.001843864,4.91168,0.012943745,0.014206885,73.3594,-3.5060806,1.6151719,360.31793,-0.1492761,25.901611,975.24725,72.31172,0.2053557,0.19357875,-0.38965517,0.0,0.0,0.0,0.0,0.0,0.0,0.0,0.0,0.0,0.0,0.0,0.0,0.0,0.006731557,0.0,0.0,0.0,0.0,1.0,1.0,1.0,1.0,1.0,0.0,0.0,0.0,0,test/100/1/0,189
25.946184,0.0076084137,0.042340733,0.0027905859,975.3285,-0.21881104,1.5498786,0.09760031,72.0,0.0,0.45825756,0.010526316,9.818926,0.018095506,-0.013625313,0.0024863118,4.9285574,0.016877174,0.014936372,69.62397,-3.7354279,1.8967173,343.14572,-0.55122346,25.906069,975.2554,72.28055,0.2228622,0.0471728,-0.35068965,0.0,0.0,0.0,0.0,0.0,0.0,0.0,0.0,0.0,0.0,0.0,0.0,0.0,0.006731557,0.0,0.0,0.0,0.0,1.0,1.0,1.0,1.0,1.0,0.0,0.0,0.0,0,test/100/1/0,190
25.80004,-0.14614487,0.047299504,0.0014922164,975.3067,-0.02178955,0.11865629,-0.0048196665,72.0,0.0,0.45825756,0.0015037594,9.85183,0.017555302,0.02989063,0.0004070885,4.896105,-0.032452583,0.015124582,70.853035,1.229065,1.8820527,346.90387,-0.55030113,25.895466,975.2605,72.252495,-0.5301483,0.1319723,-0.3156207,-0.025397403,0.0,0.0,0.0,0.0,0.0,0.0,0.0,0.0,0.0,0.0,0.0,0.0,0.006731557,0.0,0.0,0.0,0.0,1.0,1.0,1.0,1.0,1.0,0.0,0.0,0.0,0,test/100/1/0,191
25.874924,0.074884415,0.046222534,0.00049531116,975.26483,-0.041870117,0.11874859,-0.004849633,73.0,1.0,0.4769696,0.006766917,9.808986,0.017676495,-0.0757467,0.0034794481,4.8995795,0.0034747124,0.014761366,69.1313,-1.7217331,2.1384542,338.7143,-0.90128666,25.893412,975.2609,72.32725,-0.10271145,0.011109056,0.84094137,0.0,0.0,0.10286941,0.0,0.0,0.0,0.0,0.0,0.0,0.0,0.0,0.0,0.0,0.006731557,0.0,0.0,0.0,0.0,1.0,1.0,1.0,1.0,1.0,0.0,0.0,0.0,0,test/100/1/0,192
25.837654,-0.037269592,0.04640771,0.00044545624,975.42535,0.16052246,0.119256236,-0.0036868446,72.0,-1.0,0.4769696,-0.0037593986,9.794451,0.018591613,0.028309178,0.0052990173,4.8957515,-0.0038280487,0.014910298,75.79931,6.668007,2.19049,371.09457,-0.7810596,25.887836,975.2774,72.294525,-0.27878827,0.4227702,-0.36815277,0.0,0.0,0.0,0.0,0.0,0.0,0.0,0.0,0.0,0.0,0.0,0.0,3.363999,0.006231339,0.1,0.0,0.0,0.0,1.0,1.0,1.0,1.0,1.0,0.0,0.0,0.0,0,test/100/1/0,193
25.817402,-0.020252228,0.048276864,-0.0011722062,975.2401,-0.1852417,0.1053794,-0.0013403412,72.0,0.0,0.4769696,-0.014285714,9.822424,0.018547779,0.042507343,0.0044371495,4.9358196,0.04006815,0.016149273,72.42509,-3.3742218,2.1936517,357.47717,-0.94085544,25.880793,975.2737,72.26507,-0.3521706,-0.09584262,-0.33133748,-0.001786042,0.0,0.0,0.0,0.0,0.0,0.0,0.0,0.0,0.0,0.0,0.0,6.320243,0.007986962,0.1,0.0,0.0,0.0,1.0,1.0,1.0,1.0,1.0,0.0,0.0,0.0,0,test/100/1/0,194
25.79205,-0.025352478,0.05251322,-0.002654622,975.28925,0.0491333,0.10607515,-0.0027159269,73.0,1.0,0.48989794,-0.010526316,9.828615,0.01754737,-0.021781793,0.0033371805,4.9014997,-0.034319878,0.015923567,72.76217,0.3370819,2.15134,356.64374,-0.83995134,25.871918,975.2752,72.33856,-0.4437159,0.04008441,0.8267963,-0.029905783,0.0,0.101427145,0.0,0.0,0.0,0.0,0.0,0.0,0.0,0.0,0.0,9.205566,0.0065343613,0.0875,0.0,0.0,0.0,1.0,1.0,1.0,1.0,1.0,0.0,0.0,0.0,0,test/100/1/0,195
25.902292,0.11024284,0.049037606,-0.0036852441,975.1542,-0.1350708,0.1127604,-0.006986552,72.0,-1.0,0.4769696,-0.006766917,9.840968,0.0179369,0.006161834,0.0049054553,4.9115734,0.010073662,0.0147130145,72.65414,-0.10803223,2.102316,356.84613,-0.6996645,25.874956,975.2631,72.30471,0.15186991,-0.31124896,-0.38088337,0.0,0.0,0.0,0.0,0.0,0.0,0.0,0.0,0.0,0.0,0.0,0.0,0.0,0.0065343613,0.0,0.0,0.0,0.0,1.0,1.0,1.0,1.0,1.0,0.0,0.0,0.0,0,test/100/1/0,196
25.862259,-0.04003334,0.048853844,-0.0035861812,975.2944,0.14019775,0.11134044,-0.006302729,72.0,0.0,0.4769696,-0.017293233,9.839161,0.01796053,-0.014160708,0.005499908,4.9046707,-0.0069026947,0.014431882,71.364624,-1.2895126,2.0730464,350.02,-0.6737641,25.873686,975.26624,72.27424,-0.06348379,0.080384456,-0.342795,0.0,0.0,0.0,0.0,0.0,0.0,0.0,0.0,0.0,0.0,0.0,0.0,0.0,0.0065343613,0.0,0.0,0.0,0.0,1.0,1.0,1.0,1.0,1.0,0.0,0.0,0.0,0,test/100/1/0,197
25.891178,0.02891922,0.04866888,-0.0037993626,975.3897,0.095336914,0.10966812,-0.0039915615,72.0,0.0,0.4769696,-0.02781955,9.82124,0.017376896,-0.016112288,0.0053818617,4.890095,-0.014575481,0.012060091,70.4475,-0.9171219,2.052581,344.495,-0.71245825,25.875435,975.27856,72.24681,0.08746069,0.3174981,-0.30851552,0.0,0.0,0.0,0.0,0.0,0.0,0.0,0.0,0.0,0.0,0.0,0.0,0.0,0.0065343613,0.0,0.0,0.0,0.0,1.0,1.0,1.0,1.0,1.0,0.0,0.0,0.0,0,test/100/1/0,198
25.823446,-0.06773186,0.050052393,-0.0042514745,975.28314,-0.10656738,0.10617153,-0.0027305202,72.0,0.0,0.45825756,-0.02255639,9.791327,0.016988661,-0.011993119,0.0046493085,4.9346952,0.04460001,0.01316148,69.650696,-0.79680634,2.1560376,343.705,-1.027548,25.870235,975.27905,72.22213,-0.25994468,0.011717857,-0.27766398,0.0,0.0,0.0,0.0,0.0,0.0,0.0,0.0,0.0,0.0,0.0,0.0,0.0,0.0065343613,0.0,0.0,0.0,0.0,1.0,1.0,1.0,1.0,1.0,0.0,0.0,0.0,0,test/100/1/0,199
25.969473,0.14602661,0.05357965,-0.002836626,975.59753,0.3143921,0.1199058,0.0026988552,73.0,1.0,0.45825756,-0.0015037594,9.793252,0.017500268,0.031837877,0.0019907486,4.9191294,-0.015565872,0.013315105,70.910416,1.2597198,2.0518997,348.8175,-0.88680744,25.88016,975.3109,72.29992,0.49618286,0.8189829,0.8751024,0.0,0.08639887,0.102442935,0.0,0.0,0.0,0.0,0.0,0.0,0.0,0.0,0.0,0.0,0.0065343613,0.0,0.0,0.0,0.0,1.0,1.0,1.0,1.0,1.0,0.0,0.0,0.0,0,test/100/1/0,200
25.93938,-0.03009224,0.054636184,-0.002362911,975.2182,-0.3793335,0.12248935,0.0005809354,72.0,-1.0,0.45825756,-0.010526316,9.820154,0.017168857,0.024977526,0.004930581,4.9136763,-0.0054531097,0.01326448,69.361244,-1.5491714,2.1631737,340.8187,-1.0683523,25.886082,975.30164,72.26993,0.2961034,-0.2383444,-0.33740783,0.0,0.0,0.0,0.0,0.0,0.0,0.0,0.0,0.0,0.0,0.0,0.0,0.0,0.0065343613,0.0,0.0,0.0,0.0,1.0,1.0,1.0,1.0,1.0,0.0,0.0,0.0,0,test/100/1/0,201
25.90649,-0.03289032,0.053296477,-0.0012334551,975.11206,-0.10614014,0.13111176,-0.0020444943,72.0,0.0,0.4330127,-0.0037593986,9.769385,0.020145537,-0.07767189,0.00442529,4.901194,-0.012482166,0.013367919,70.51539,1.1541443,2.0801997,345.60962,-0.9688699,25.888123,975.28265,72.242935,0.10204144,-0.48744175,-0.30366704,0.0,-0.01366479,0.0,0.0,0.0,0.0,0.0,0.0,0.0,0.0,0.0,0.0,0.0,0.0065343613,0.0,0.0,0.0,0.0,1.0,1.0,1.0,1.0,1.0,0.0,0.0,0.0,0,test/100/1/0,202
25.908129,0.0016384125,0.051774062,7.3927686e-06,975.3892,0.27716064,0.12802884,-0.0031989305,73.0,1.0,0.45825756,0.0030075188,9.789206,0.020826258,0.07058994,0.0035336656,4.912735,0.01154089,0.013220326,70.17164,-0.34375,2.0538664,344.73468,-0.9147563,25.890123,975.29333,72.31864,0.10002936,0.27400124,0.85169965,0.0,0.0,0.10102575,0.0,0.0,0.0,0.0,0.0,0.0,0.0,0.0,0.0,0.0,0.0065343613,0.0,0.0,0.0,0.0,1.0,1.0,1.0,1.0,1.0,0.0,0.0,0.0,0,test/100/1/0,203
25.95262,0.044490814,0.05381815,0.0010355727,975.36786,-0.021362305,0.12152519,-0.005448558,72.0,-1.0,0.45825756,-0.0060150377,9.8187275,0.020790862,0.009702138,0.0060551055,4.925101,0.012365818,0.013035609,67.111755,-3.059883,2.2844646,330.53217,-1.1676115,25.896374,975.3008,72.28677,0.31248048,0.19166946,-0.3584703,0.0,0.0,0.0,0.0,0.0,0.0,0.0,0.0,0.0,0.0,0.0,0.0,0.0,0.0052471687,0.0,0.0,0.0,0.0,1.0,1.0,1.0,1.0,1.0,0.0,0.0,0.0,0,test/100/1/0,204
25.831219,-0.12140083,0.052047525,0.0014520157,975.31244,-0.055419922,0.12161324,-0.0061120056,72.0,0.0,0.45825756,-0.015037594,9.817525,0.019700525,-0.030725315,0.0008033611,4.886946,-0.038154602,0.013836307,71.387215,4.2754593,2.2526515,348.86548,-1.0889524,25.889858,975.30194,72.2581,-0.32577172,0.02999415,-0.32262325,0.0,0.0,0.0,0.0,0.0,0.0,0.0,0.0,0.0,0.0,0.0,0.0,9.572667,0.007906243,0.1,0.0,0.0,0.0,1.0,1.0,1.0,1.0,1.0,0.0,0.0,0.0,0,test/100/1/0,205
25.913818,0.08259964,0.05247949,0.0020740351,975.15674,-0.15570068,0.117298335,-0.0053307554,72.0,0.0,0.4330127,-0.008270676,9.831003,0.019635202,0.014680599,0.0071291933,4.906276,0.019330025,0.013726148,70.11863,-1.2685852,2.2664974,344.02136,-1.1263152,25.892254,975.2874,72.23229,0.119803645,-0.37337846,-0.29036093,0.0,0.0,0.0,0.0,0.0,0.0,0.0,0.0,0.0,0.0,0.0,0.0,0.0,0.007906243,0.0,0.0,0.0,0.0,1.0,1.0,1.0,1.0,1.0,0.0,0.0,0.0,0,test/100/1/0,206
25.91146,-0.002357483,0.052140858,0.0019101953,975.34064,0.18389893,0.11677404,-0.0041810917,72.0,0.0,0.4,0.0,9.79097,0.020258887,-0.053510245,0.0056729144,4.903287,-0.0029892921,0.013654151,68.61162,-1.5070114,2.2739627,336.42245,-1.1505346,25.894175,975.2927,72.20906,0.09603587,0.13684234,-0.26132485,0.0,0.0,0.0,0.0,0.0,0.0,0.0,0.0,0.0,0.0,0.0,0.0,0.0,0.007906243,0.0,0.0,0.0,0.0,1.0,1.0,1.0,1.0,1.0,0.0,0.0,0.0,0,test/100/1/0,207
25.86432,-0.04714012,0.052214038,0.0018488576,975.4312,0.09057617,0.1193424,-0.0022838162,72.0,0.0,0.4,-0.0060150377,9.782853,0.021119786,0.031915676,0.006110278,4.9208746,0.017587662,0.013686268,65.12995,-3.4816666,2.2388897,320.4963,-1.1314443,25.89119,975.3066,72.188156,-0.14926833,0.35606825,-0.23519236,0.0,0.0,0.0,0.0,0.0,0.0,0.0,0.0,0.0,0.0,0.0,0.0,0.0,0.007906243,0.0,0.0,0.0,0.0,1.0,1.0,1.0,1.0,1.0,0.0,0.0,0.0,0,test/100/1/0,208
25.913265,0.048944473,0.051175874,0.0031242715,975.5028,0.07159424,0.11548269,0.0038425073,72.0,0.0,0.4,-0.012030075,9.806224,0.021143518,0.03148715,0.0063009015,4.91631,-0.004564762,0.013752357,71.6559,6.5259476,2.1622212,352.28262,-0.8301789,25.893396,975.32623,72.16934,0.11038087,0.5045609,-0.21167313,0.0,0.028877046,0.0,0.0,0.0,0.0,0.0,0.0,0.0,0.0,0.0,0.0,0.0,0.007906243,0.0,0.0,0.0,0.0,1.0,1.0,1.0,1.0,1.0,0.0,0.0,0.0,0,test/100/1/0,209
25.913395,0.0001296997,0.04962328,0.004559732,975.2189,-0.28393555,0.117544055,0.0025246069,73.0,1.0,0.4330127,-0.0037593986,9.85119,0.022787873,0.021595823,0.0044348086,4.9220705,0.0057606697,0.013387078,68.61611,-3.0397873,2.193207,337.73334,-0.99581736,25.895397,975.3155,72.2524,0.099991284,-0.27601516,0.9344942,0.0,0.0,0.10437374,0.0,0.0,0.0,0.0,0.0,0.0,0.0,0.0,0.0,0.0,0.007906243,0.0,0.0,0.0,0.0,1.0,1.0,1.0,1.0,1.0,0.0,0.0,0.0,0,test/100/1/0,210
25.831362,-0.08203316,0.047483988,0.002565047,975.32904,0.11016846,0.11756829,0.0026013367,72.0,-1.0,0.4330127,-0.011278195,9.8264675,0.021273624,-0.069688186,0.0042991433,4.895033,-0.02703762,0.013444103,67.39903,-1.2170792,2.2873707,329.92047,-1.2055901,25.888992,975.31683,72.227165,-0.32017362,0.034876674,-0.28395525,0.0,0.0,0.0,0.0,0.0,0.0,0.0,0.0,0.0,0.0,0.0,0.0,0.0,0.007906243,0.0,0.0,0.0,0.0,1.0,1.0,1.0,1.0,1.0,0.0,0.0,0.0,0,test/100/1/0,211
25.98279,0.15142822,0.05217629,0.003868906,975.5367,0.2076416,0.12627341,0.004949676,72.0,0.0,0.4,-0.0030075188,9.849413,0.022741554,0.047667086,0.0041527753,4.9089117,0.013878822,0.013241145,71.95464,4.5556107,2.3003683,353.219,-1.1862969,25.898373,975.3388,72.204445,0.46898484,0.56532454,-0.2555597,0.006398059,0.046408977,0.0,0.0,0.0,0.0,0.0,0.0,0.0,0.0,0.0,0.0,0.0,0.007906243,0.0,0.0,0.0,0.0,1.0,1.0,1.0,1.0,1.0,0.0,0.0,0.0,0,test/100/1/0,212
25.954762,-0.028028488,0.052743293,0.004021686,975.2157,-0.3209839,0.12658048,0.004838298,72.0,0.0,0.4,-0.009022556,9.822357,0.02233785,-0.05000105,0.004495315,4.916209,0.007297516,0.012863918,68.056725,-3.8979187,1.9901174,334.58112,-0.9438032,25.90401,975.3265,72.184006,0.28194392,-0.31659505,-0.23000374,0.0,0.0,0.0,0.0,0.0,0.0,0.0,0.0,0.0,0.0,0.0,0.0,0.0,0.006971799,0.0,0.0,0.0,0.0,1.0,1.0,1.0,1.0,1.0,0.0,0.0,0.0,0,test/100/1/0,213
25.914835,-0.03992653,0.04985902,0.003108214,975.23175,0.016052246,0.12685382,0.0023466412,72.0,0.0,0.4,-0.015037594,9.825929,0.022404166,0.030627968,0.0037566288,4.912447,-0.0037622452,0.011581557,61.88811,-6.1686134,2.587494,304.02206,-1.2979715,25.905094,975.317,72.1656,0.054116882,-0.24365833,-0.20700337,0.0,0.0,0.0,0.0,0.0,0.0,0.0,0.0,0.0,0.0,0.0,0.0,0.0,0.005216176,0.0,0.0,0.0,0.0,1.0,1.0,1.0,1.0,1.0,0.0,0.0,0.0,0,test/100/1/0,214
25.871515,-0.043319702,0.044006392,0.0010290705,975.24774,0.015991211,0.12765352,0.00087179313,72.0,0.0,0.35707143,-0.005263158,9.788947,0.022931399,-0.040553913,0.0014118075,4.909447,-0.0029997826,0.011413519,67.95755,6.069439,2.4937317,333.634,-1.1618879,25.901735,975.3101,72.14904,-0.16789332,-0.17817225,-0.18630303,0.0,0.0,0.0,0.0,0.0,0.0,0.0,0.0,0.0,0.0,0.0,0.0,0.0,0.0026590743,0.0,0.0,0.0,0.0,1.0,1.0,1.0,1.0,1.0,0.0,0.0,0.0,0,test/100/1/0,215
25.90472,0.033205032,0.044007894,0.0010454637,975.3175,0.06976318,0.122112215,-0.0016767229,72.0,0.0,0.35707143,-0.009774436,9.774739,0.023544928,0.022774309,0.0025493084,4.921115,0.011667728,0.011644076,65.129524,-2.8280258,2.5189803,320.5099,-1.1754949,25.902035,975.31085,72.13414,0.014921178,0.019036027,-0.16767272,0.0,0.0,0.0,0.0,0.0,0.0,0.0,0.0,0.0,0.0,0.0,0.0,0.0,0.0026590743,0.0,0.0,0.0,0.0,1.0,1.0,1.0,1.0,1.0,0.0,0.0,0.0,0,test/100/1/0,216
25.878195,-0.026525497,0.043402743,4.7164573e-05,975.2117,-0.10583496,0.12444588,-0.0037691274,72.0,0.0,0.35707143,-0.014285714,9.871456,0.026390452,0.11092442,0.005470498,4.8927464,-0.028368473,0.012243324,73.019905,7.890381,2.6245043,357.26788,-0.717128,25.89965,975.3009,72.12073,-0.11919843,-0.25501463,-0.15090545,0.0,0.0,0.0,0.0,0.0,0.0,0.0,0.0,0.0,0.0,0.0,0.0,0.0,0.0026590743,0.0,0.0,0.0,0.0,1.0,1.0,1.0,1.0,1.0,0.0,0.0,0.0,0,test/100/1/0,217
25.908691,0.030496597,0.043315463,-8.281335e-05,975.56433,0.35266113,0.13469696,0.0008061689,73.0,1.0,0.4,-0.004511278,9.7832775,0.027023735,-0.18489556,0.0031055335,4.895342,0.0025954247,0.011855189,67.17448,-5.8454285,2.6283588,328.84204,-0.7629803,25.900555,975.3273,72.20865,0.0452044,0.6773298,0.9891851,0.0,0.06264045,0.1083346,0.0,0.0,0.0,0.0,0.0,0.0,0.0,0.0,0.0,0.0,0.0026590743,0.0,0.0,0.0,0.0,1.0,1.0,1.0,1.0,1.0,0.0,0.0,0.0,0,test/100/1/0,218
25.829393,-0.07929802,0.04277371,-0.0024414062,975.20966,-0.3546753,0.13688923,-0.0016305565,72.0,-1.0,0.4,-0.010526316,9.78967,0.027084036,0.09457091,0.003971984,4.9300604,0.034718513,0.011420767,68.89882,1.7243423,2.6211612,339.67535,-0.6430065,25.893438,975.3155,72.18779,-0.35580614,-0.3024254,-0.23473342,0.0,0.0,0.0,0.0,0.0,0.0,0.0,0.0,0.0,0.0,0.0,0.0,0.0,0.0026590743,0.0,0.0,0.0,0.0,1.0,1.0,1.0,1.0,1.0,0.0,0.0,0.0,0,test/100/1/0,219
21.246439,-0.022855759,0.03783253,0.0004925721,965.1616,0.12371826,0.115130134,0.0025373187,79.0,0.0,0.31622776,0.016541352,9.815049,0.02843152,0.04321957,0.0049266173,4.9104576,-0.016108513,0.011835625,97.562584,-1.7811584,1.9914969,479.07693,0.9593447,21.242329,965.1132,78.90796,0.022832543,0.13829733,0.115048066,0.0,-0.09146904,2.487283,0.0,0.0,0.0,0.0,0.0,0.0,0.0,0.0,0.0,5.1704235,0.019848937,0.0125,0.0,0.0,0.0,1.0,1.0,1.0,1.0,1.0,0.0,0.0,0.0,0,test/100/2/0,19
21.227972,-0.01846695,0.0375205,-0.00018457255,965.30066,0.13903809,0.11825994,0.008669149,79.0,0.0,0.21794495,0.0007518797,9.767007,0.02706333,-0.060014743,0.0036190327,4.927918,0.017460346,0.011712858,95.62862,-1.9339676,1.9916856,471.24997,0.96898454,21.240894,965.13196,78.91717,-0.07178546,0.48199412,0.10354326,0.0,0.0,2.5633373,0.0,0.0,0.0,0.0,0.0,0.0,0.0,0.0,0.0,0.0,0.018525595,0.0,0.0,0.0,0.0,1.0,1.0,1.0,1.0,1.0,0.0,0.0,0.0,0,test/100/2/0,20
21.208948,-0.019023895,0.038200445,-0.00097560167,965.16095,-0.13970947,0.11721268,0.011521556,79.0,0.0,0.21794495,-0.0007518797,9.837536,0.024555953,0.11857122,0.006903726,4.897048,-0.03086996,0.0129623385,95.63313,0.0045166016,1.9935343,468.32,0.87937623,21.2377,965.1349,78.925446,-0.1597264,0.07454177,0.093188934,0.0,0.0,2.6360705,0.0,0.0,0.0,0.0,0.0,0.0,0.0,0.0,0.0,0.0,0.018525595,0.0,0.0,0.0,0.0,1.0,1.0,1.0,1.0,1.0,0.0,0.0,0.0,0,test/100/2/0,21
21.318964,0.11001587,0.036262717,-0.0012484816,965.0718,-0.08917236,0.1110957,0.0088439025,79.0,0.0,0.21794495,-0.002255639,9.82832,0.024670033,-0.07974417,0.005766169,4.9057994,0.008751392,0.01329893,95.78236,0.14922333,1.9933249,469.88904,0.78621244,21.245825,965.12854,78.93291,0.4063256,-0.16221277,0.08387004,0.012823063,0.0,2.7055492,0.0,0.0,0.0,0.0,0.0,0.0,0.0,0.0,0.0,0.0,0.018525595,0.0,0.0,0.0,0.0,1.0,1.0,1.0,1.0,1.0,0.0,0.0,0.0,0,test/100/2/0,22
21.210995,-0.107969284,0.037349813,-0.0019702238,964.79846,-0.27331543,0.12752695,0.004174942,79.0,0.0,0.21794495,-0.0037593986,9.867629,0.027573321,0.04852497,0.0049022106,4.917484,0.011684418,0.013211449,97.9686,2.1862411,1.9652274,481.75897,0.749681,21.242342,965.0955,78.93961,-0.17415339,-0.8488026,0.07548303,0.0,-0.14046623,2.7718382,0.0,0.0,0.0,0.0,0.0,0.0,0.0,0.0,0.0,0.0,0.016480342,0.0,0.0,0.0,0.0,1.0,1.0,1.0,1.0,1.0,0.0,0.0,0.0,0,test/100/2/0,23
21.304028,0.09303284,0.038537953,-0.00071015896,965.00793,0.20947266,0.12817077,0.0027442875,79.0,0.0,0.21794495,-0.005263158,9.830086,0.027756266,-0.0768523,0.0039760633,4.928666,0.011182308,0.012876406,96.604324,-1.3642731,1.8297817,476.13046,0.5552494,21.24851,965.0868,78.945656,0.30842614,-0.22527836,0.06793473,0.0,-0.15662445,2.8350015,0.0,0.0,0.0,0.0,0.0,0.0,0.0,0.0,0.0,0.0,0.016480342,0.0,0.0,0.0,0.0,1.0,1.0,1.0,1.0,1.0,0.0,0.0,0.0,0,test/100/2/0,24
21.25434,-0.04968834,0.038531642,-0.0006132212,965.38025,0.37231445,0.14384457,0.006263308,79.0,0.0,0.21794495,-0.006766917,9.823012,0.02784238,0.030469052,0.0070950426,4.9486647,0.01999855,0.013765047,98.69895,2.0946274,1.8943262,488.428,0.7999519,21.249094,965.11615,78.95109,0.029141828,0.7546295,0.061141256,0.0,0.018716045,2.8951013,0.0,0.0,0.0,0.0,0.0,0.0,0.0,0.0,0.0,0.0,0.013992775,0.0,0.0,0.0,0.0,1.0,1.0,1.0,1.0,1.0,0.0,0.0,0.0,0,test/100/2/0,25
21.233002,-0.02133751,0.033052843,0.00049738487,965.22815,-0.15209961,0.14176936,0.0056699365,79.0,0.0,0.21794495,-0.008270676,9.83192,0.028063847,0.015981583,0.0054562185,4.927249,-0.02141571,0.013374031,95.49447,-3.204483,1.8712229,470.525,0.5805395,21.247484,965.1273,78.95598,-0.0804599,0.28805327,0.05502713,0.0,0.0,2.9521992,0.0,0.0,0.0,0.0,0.0,0.0,0.0,0.0,0.0,0.0,0.013992775,0.0,0.0,0.0,0.0,1.0,1.0,1.0,1.0,1.0,0.0,0.0,0.0,0,test/100/2/0,26
21.182167,-0.050834656,0.034956448,9.68718e-05,964.8741,-0.35406494,0.1504008,0.0018767623,78.0,-1.0,0.31622776,-0.02406015,9.790372,0.028208766,-0.050455313,0.004722611,4.9360833,0.008834362,0.013513902,96.451805,0.9573364,1.7406583,476.09415,0.35164824,21.240953,965.102,78.86038,-0.3265872,-0.65120476,-1.0754756,0.0,-0.09308772,2.7405114,0.0,0.0,0.0,0.0,0.0,0.0,0.0,0.0,0.0,0.0,0.013992775,0.0,0.0,0.0,0.0,1.0,1.0,1.0,1.0,1.0,0.0,0.0,0.0,0,test/100/2/0,27
21.263966,0.08179855,0.035267614,0.0005256882,964.83295,-0.041137695,0.16032028,-0.0011105645,79.0,1.0,0.31622776,-0.02406015,9.791703,0.028431952,0.042879004,0.010139033,4.932328,-0.0037550926,0.012874577,98.658615,2.20681,1.7872466,486.61667,0.42671996,21.243254,965.0751,78.874344,0.1150643,-0.69186693,0.15707198,0.0,-0.20602094,2.8126283,0.0,0.0,0.0,0.0,0.0,0.0,0.0,0.0,0.0,0.0,0.013992775,0.0,0.0,0.0,0.0,1.0,1.0,1.0,1.0,1.0,0.0,0.0,0.0,0,test/100/2/0,28
21.207134,-0.05683136,0.03602291,-0.00016621898,964.9809,0.14794922,0.15992573,-0.0042710383,79.0,0.0,0.31622776,-0.02406015,9.807903,0.027100977,0.014868388,0.0036730578,4.9426193,0.0102911,0.013216074,99.34419,0.6855774,1.7788295,491.02057,0.43457636,21.239641,965.0657,78.88691,-0.18059893,-0.2422394,0.14136478,0.0,-0.23035307,2.8659756,0.0,0.0,0.0,0.0,0.0,0.0,0.0,0.0,0.0,0.0,0.011032688,0.0,0.0,0.0,0.0,1.0,1.0,1.0,1.0,1.0,0.0,0.0,0.0,0,test/100/2/0,29
21.239534,0.03240013,0.03597929,-0.00031697552,965.21063,0.22973633,0.15855812,-0.0047420184,79.0,0.0,0.31622776,-0.02406015,9.810478,0.025247077,-0.013624614,0.0055272453,4.9380713,-0.004548073,0.013068222,96.64375,-2.7004395,1.6272994,477.23376,0.1882611,21.239632,965.0802,78.89822,-0.00053838233,0.3727351,0.1272283,0.0,-0.12112067,2.9164562,0.0,0.0,0.0,0.0,0.0,0.0,0.0,0.0,0.0,0.0,0.011032688,0.0,0.0,0.0,0.0,1.0,1.0,1.0,1.0,1.0,0.0,0.0,0.0,0,test/100/2/0,30
21.21589,-0.023643494,0.035543073,-0.00015790695,964.94586,-0.2647705,0.16114242,-0.0059472104,79.0,0.0,0.21794495,-0.008270676,9.793908,0.025419813,-0.01914523,0.004187181,4.918654,-0.019417286,0.013238881,98.16598,1.5222244,1.5047818,482.84448,0.02830237,21.237257,965.0668,78.908394,-0.11870201,-0.34537685,0.11450547,0.0,-0.16357034,2.964127,0.0,0.0,0.0,0.0,0.0,0.0,0.0,0.0,0.0,0.0,0.009910601,0.0,0.0,0.0,0.0,1.0,1.0,1.0,1.0,1.0,0.0,0.0,0.0,0,test/100/2/0,31
21.27558,0.059688568,0.03644204,0.00035824883,964.968,0.022155762,0.16226757,-0.0065460894,79.0,0.0,0.21794495,-0.006766917,9.83182,0.025295516,0.05448138,0.006735903,4.924499,0.00584507,0.012714095,99.05823,0.89225006,1.4999844,487.81213,0.30307844,21.241089,965.0569,78.91756,0.19161104,-0.2538672,0.103054926,0.0,-0.19071059,3.0090444,0.0,0.0,0.0,0.0,0.0,0.0,0.0,0.0,0.0,0.0,0.0063967872,0.0,0.0,0.0,0.0,1.0,1.0,1.0,1.0,1.0,0.0,0.0,0.0,0,test/100/2/0,32
21.256264,-0.01931572,0.034705184,-0.00020664904,964.93756,-0.030456543,0.1647482,-0.009243293,79.0,0.0,0.21794495,-0.005263158,9.808094,0.024195725,-0.061637376,0.00901325,4.973478,0.048978806,0.015954768,97.04341,-2.0148163,1.3019867,482.64322,0.108855516,21.242607,965.0449,78.925804,0.075871326,-0.30679733,0.09274943,0.0,-0.23291178,3.0512636,0.0,0.0,0.0,0.0,0.0,0.0,0.0,0.0,0.0,3.5417092,0.0073805954,0.0125,0.0,0.0,0.0,1.0,1.0,1.0,1.0,1.0,0.0,0.0,0.0,0,test/100/2/0,33
21.223715,-0.032548904,0.034980565,-0.00051639817,965.0533,0.115722656,0.16472176,-0.0098236315,79.0,0.0,0.21794495,-0.0037593986,9.805403,0.024148546,0.021034965,0.0050562406,4.926601,-0.046876907,0.015900606,97.42289,0.37947845,1.3015956,479.96365,0.10106353,21.240717,965.0458,78.93322,-0.09446032,0.02145496,0.08347449,0.0,-0.2063417,3.0908384,0.0,0.0,0.0,0.0,0.0,0.0,0.0,0.0,0.0,0.0,0.0054187686,0.0,0.0,0.0,0.0,1.0,1.0,1.0,1.0,1.0,0.0,0.0,0.0,0,test/100/2/0,34
21.236132,0.01241684,0.033985756,-0.001197346,964.96704,-0.086242676,0.16493346,-0.009934137,79.0,0.0,0.21794495,-0.002255639,9.803841,0.02422364,0.001129677,0.0039152987,4.9358997,0.009298801,0.015928153,98.286095,0.86320496,1.3110957,485.1303,0.15450548,21.24026,965.0379,78.939896,-0.022930095,-0.20245741,0.07512704,0.0,-0.22778456,3.1278217,0.0,0.0,0.0,0.0,0.0,0.0,0.0,0.0,0.0,12.055179,0.00876743,0.0125,0.0,0.0,0.0,1.0,1.0,1.0,1.0,1.0,0.0,0.0,0.0,0,test/100/2/0,35
21.22207,-0.014060974,0.0326958,-0.00081101037,965.0486,0.08154297,0.16272591,-0.011982532,79.0,0.0,0.21794495,-0.0007518797,9.7851715,0.02224679,-0.017108189,0.0009020206,4.948234,0.012334347,0.016444178,99.691154,1.4050598,1.3221384,493.29514,0.48431978,21.23844,965.03894,78.94591,-0.09094196,0.027470244,0.06761434,0.0,-0.20040257,3.162265,0.0,0.0,0.0,0.0,0.0,0.0,0.0,0.0,0.0,9.98436,0.008542131,0.0125,0.0,0.0,0.0,1.0,1.0,1.0,1.0,1.0,0.0,0.0,0.0,0,test/100/2/0,36
21.209595,-0.012475967,0.03322243,-0.0015258832,965.1358,0.08721924,0.14943893,-0.0063769347,79.0,0.0,0.21794495,0.0007518797,9.813017,0.021719942,0.046515055,0.006521365,4.913982,-0.034252167,0.016607324,95.786835,-3.9043198,1.3749733,470.69476,0.37838095,21.235556,965.04865,78.95132,-0.1442276,0.24900126,0.060852904,0.0,-0.12192867,3.1942198,0.0,0.0,0.0,0.0,0.0,0.0,0.0,0.0,0.0,0.0,0.008542131,0.0,0.0,0.0,0.0,1.0,1.0,1.0,1.0,1.0,0.0,0.0,0.0,0,test/100/2/0,37
21.263514,0.05391884,0.03299327,-0.0007364918,965.1831,0.047302246,0.15193243,-0.0048204465,79.0,0.0,0.21794495,0.002255639,9.859333,0.023882646,0.018470893,0.0055902507,4.9503345,0.036352634,0.017228376,95.04594,-0.74089813,1.3999404,470.5092,0.37933314,21.238352,965.0621,78.956184,0.13978936,0.3457355,0.054767612,0.0,-0.016194386,3.2237353,0.0,0.0,0.0,0.0,0.0,0.0,0.0,0.0,0.0,0.0,0.008542131,0.0,0.0,0.0,0.0,1.0,1.0,1.0,1.0,1.0,0.0,0.0,0.0,0,test/100/2/0,38
21.235722,-0.027791977,0.032971565,-0.0006963156,965.24097,0.057861328,0.15546684,-0.0007022714,79.0,0.0,0.21794495,0.0037593986,9.789164,0.024541589,-0.11648613,0.0028381182,4.907549,-0.042785645,0.017405812,100.60607,5.560135,1.5796767,493.72922,0.57707596,21.238089,965.07996,78.96056,-0.013149466,0.4599482,0.04929085,0.0,0.0,3.2508607,0.0,0.0,0.0,0.0,0.0,0.0,0.0,0.0,0.0,0.0,0.0071059023,0.0,0.0,0.0,0.0,1.0,1.0,1.0,1.0,1.0,0.0,0.0,0.0,0,test/100/2/0,39
21.256725,0.021003723,0.033065323,-0.00063155324,965.28534,0.04437256,0.15434419,0.0061258185,79.0,0.0,0.21794495,0.005263158,9.795309,0.022537608,0.076315075,0.0055276384,4.933482,0.025933266,0.017413849,98.44763,-2.1584396,1.5405456,485.68964,0.5143504,21.239952,965.1005,78.96451,0.0931841,0.52805424,0.044361766,0.0,0.0,3.2756436,0.0,0.0,0.0,0.0,0.0,0.0,0.0,0.0,0.0,0.0,0.0071059023,0.0,0.0,0.0,0.0,1.0,1.0,1.0,1.0,1.0,0.0,0.0,0.0,0,test/100/2/0,40
21.225126,-0.031599045,0.03246587,-0.0013618211,965.1567,-0.12866211,0.15421495,0.008932977,79.0,0.0,0.21794495,0.006766917,9.831452,0.022273656,0.029998772,0.004116525,4.945261,0.0117788315,0.015911086,96.45283,-1.9948044,1.4995832,476.98438,0.25928766,21.23847,965.10614,78.968056,-0.07412954,0.1444034,0.03992559,0.0,0.0,3.2981308,0.0,0.0,0.0,0.0,0.0,0.0,0.0,0.0,0.0,0.0,0.0071059023,0.0,0.0,0.0,0.0,1.0,1.0,1.0,1.0,1.0,0.0,0.0,0.0,0,test/100/2/0,41
21.234873,0.0097465515,0.027210157,-0.00024008787,965.12195,-0.034729004,0.15470606,0.009842447,79.0,0.0,0.21794495,0.008270676,9.783349,0.023061087,-0.08424749,0.0033504427,4.913443,-0.031817913,0.015340794,95.193794,-1.2590332,1.539859,467.7293,-0.11624526,21.23811,965.1077,78.97125,-0.017983826,0.04065991,0.03593303,0.0,0.0,3.318368,0.0,0.0,0.0,0.0,0.0,0.0,0.0,0.0,0.0,0.0,0.0071059023,0.0,0.0,0.0,0.0,1.0,1.0,1.0,1.0,1.0,0.0,0.0,0.0,0,test/100/2/0,42
21.266268,0.03139496,0.027182814,-0.00024818047,965.0282,-0.09375,0.1423078,0.0050216787,79.0,0.0,0.21794495,0.009774436,9.832385,0.019925866,0.09713895,0.0053178193,4.9109654,-0.0024776459,0.015733924,97.3951,2.2013092,1.5371956,478.304,-0.15004367,21.240925,965.0998,78.97413,0.14078934,-0.2044775,0.032339726,0.0,0.0,3.3364007,0.0,0.0,0.0,0.0,0.0,0.0,0.0,0.0,0.0,0.0,0.0071059023,0.0,0.0,0.0,0.0,1.0,1.0,1.0,1.0,1.0,0.0,0.0,0.0,0,test/100/2/0,43
21.197117,-0.069150925,0.024501408,0.00014167871,965.3815,0.35327148,0.15559876,0.008209641,79.0,0.0,0.21794495,0.011278195,9.785677,0.020135857,-0.0957433,0.005923646,4.9165573,0.0055918694,0.01610995,95.1853,-2.2098007,1.6091013,467.98404,-0.4149456,21.236546,965.1279,78.976715,-0.21904421,0.72438264,0.029105755,0.0,0.038324893,3.3522727,0.0,0.0,0.0,0.0,0.0,0.0,0.0,0.0,0.0,0.0,0.0071059023,0.0,0.0,0.0,0.0,1.0,1.0,1.0,1.0,1.0,0.0,0.0,0.0,0,test/100/2/0,44
21.218729,0.021612167,0.02431995,0.00021649842,964.87634,-0.50512695,0.14849779,0.009498447,79.0,0.0,0.21794495,0.012781955,9.799142,0.01995676,0.060172573,0.0035909873,4.884789,-0.031768322,0.018658834,90.53389,-4.651413,2.1769598,442.23895,-0.84121245,21.234764,965.1028,78.97904,-0.08907895,-0.6469535,0.02619518,0.0,-0.07288558,3.366027,0.0,0.0,0.0,0.0,0.0,0.0,0.0,0.0,0.0,0.0,0.0071059023,0.0,0.0,0.0,0.0,1.0,1.0,1.0,1.0,1.0,0.0,0.0,0.0,0,test/100/2/0,45
21.291798,0.07306862,0.027472857,0.0010517966,964.8315,-0.04486084,0.15285641,0.008502564,79.0,0.0,0.21794495,0.014285714,9.809597,0.019166829,-0.003009773,0.008394643,4.9210353,0.0362463,0.018737037,94.51447,3.9805832,2.2218826,465.10904,-1.1539857,21.240467,965.0756,78.98114,0.28517205,-0.6976146,0.023575662,0.0,-0.1681482,3.3777068,0.0,0.0,0.0,0.0,0.0,0.0,0.0,0.0,0.0,0.0,0.0071059023,0.0,0.0,0.0,0.0,1.0,1.0,1.0,1.0,1.0,0.0,0.0,0.0,0,test/100/2/0,46
21.255253,-0.0365448,0.024785832,0.00047395893,964.92065,0.08917236,0.15044878,0.003786566,79.0,0.0,0.0,0.0,9.804826,0.018819889,-0.01522546,0.004839737,4.9474545,0.026419163,0.019121237,94.1028,-0.4116745,2.307983,465.5693,-1.3641055,21.241945,965.0601,78.983025,0.07393084,-0.39855278,0.021218095,0.0,-0.20874995,3.3873525,0.0,0.0,0.0,0.0,0.0,0.0,0.0,0.0,0.0,0.0,0.0071059023,0.0,0.0,0.0,0.0,1.0,1.0,1.0,1.0,1.0,0.0,0.0,0.0,0,test/100/2/0,47
21.168468,-0.08678436,0.028570492,-0.00016200273,964.9662,0.045532227,0.14323032,-0.0009985444,79.0,0.0,0.0,0.0,9.788542,0.018961146,-0.011514253,0.004199352,4.9291034,-0.018351078,0.019108292,95.410484,1.3076859,2.291259,470.28815,-1.3248414,21.234598,965.0508,78.984726,-0.36738408,-0.24161464,0.019096285,0.0,-0.22072124,3.3950055,0.0,0.0,0.0,0.0,0.0,0.0,0.0,0.0,0.0,0.0,0.0071059023,0.0,0.0,0.0,0.0,1.0,1.0,1.0,1.0,1.0,0.0,0.0,0.0,2,test/100/2/0,48
21.117577,-0.050891876,0.038034044,-0.0022787238,965.09894,0.13275146,0.1421949,-0.0017515254,79.0,0.0,0.0,0.0,9.80274,0.01898115,0.030483114,0.009131947,4.911444,-0.017659187,0.019213194,94.76254,-0.6479416,2.2456775,465.42096,-1.261019,21.222895,965.05554,78.98625,-0.58510506,0.12390774,0.017186657,-0.036512982,-0.15479514,3.4007053,0.0,0.0,0.0,0.0,0.0,0.0,0.0,0.0,0.0,0.0,0.0071059023,0.0,0.0,0.0,0.0,1.0,1.0,1.0,1.0,1.0,0.0,0.0,0.0,2,test/100/2/0,49
20.975971,-0.14160538,0.0671418,-0.0057721245,965.23553,0.13659668,0.14354187,0.0028967836,79.0,0.0,0.0,0.0,9.802209,0.018983582,-0.014728778,0.00320637,4.9316034,0.020159245,0.019087264,98.36627,3.6037292,2.2827451,485.10345,-1.0952089,21.198202,965.07355,78.987625,-1.2346214,0.46276557,0.015467991,-0.22783501,-0.010332303,3.4044912,0.0,0.0,0.0,0.0,0.0,0.0,0.0,0.0,0.0,0.0,0.0071059023,0.0,0.0,0.0,0.0,1.0,1.0,1.0,1.0,1.0,0.0,0.0,0.0,2,test/100/2/0,50
20.93718,-0.038791656,0.09076141,-0.009796674,964.9988,-0.23675537,0.14172111,-5.5161097e-05,79.0,0.0,0.0,0.0,9.814134,0.018837402,0.01245432,0.002673722,4.9303875,-0.0012159348,0.018995106,100.81069,2.4444199,2.442193,497.03577,-0.68218094,21.1721,965.0661,78.98886,-1.3051176,-0.19231051,0.013921192,-0.45663244,-0.002247508,3.4064014,0.0,0.0,0.0,0.0,0.0,0.0,0.0,0.0,0.0,0.0,0.0071059023,0.0,0.0,0.0,0.0,1.0,1.0,1.0,1.0,1.0,0.0,0.0,0.0,2,test/100/2/0,51
20.873552,-0.06362724,0.11407188,-0.01336862,965.26495,0.26617432,0.14557284,0.0010656371,79.0,0.0,0.0,0.0,9.811923,0.018021839,-0.014133743,0.004613358,4.9094534,-0.020934105,0.019404665,95.2402,-5.5704956,2.3997033,467.57733,-0.63289154,21.142246,965.086,78.989975,-1.4927421,0.51136875,0.012529073,-0.74975085,0.0,3.4064734,0.0,0.0,0.0,0.0,0.0,0.0,0.0,0.0,0.0,11.333763,0.01025417,0.0125,0.0,0.0,0.0,1.0,1.0,1.0,1.0,1.0,0.0,0.0,0.0,2,test/100/2/0,52
20.747282,-0.1262703,0.1469804,-0.018444858,965.00543,-0.25952148,0.14282306,-0.0024484275,79.0,0.0,0.0,0.0,9.831783,0.018861977,0.02206931,0.001914836,4.8987455,-0.010707855,0.017172074,95.12429,-0.11590576,2.4149733,465.9897,-0.657469,21.102749,965.07794,78.99098,-1.9748193,-0.20710906,0.011276166,-1.1755072,0.0,3.404744,0.0,0.0,0.0,0.0,0.0,0.0,0.0,0.0,0.0,0.0,0.009270362,0.0,0.0,0.0,0.0,1.0,1.0,1.0,1.0,1.0,0.0,0.0,0.0,2,test/100/2/0,53
20.6462,-0.10108185,0.18341438,-0.024713669,965.10095,0.09552002,0.14258741,-0.0028727825,79.0,0.0,0.0,0.0,9.787989,0.01933242,-0.06365342,0.0037553748,4.939568,0.040822506,0.017525021,97.02656,1.9022675,2.4082708,479.2693,-0.5096038,21.057095,965.0802,78.99188,-2.2402518,0.059224755,0.010148549,-1.6917617,0.0,3.4012492,0.0,0.0,0.0,0.0,0.0,0.0,0.0,0.0,0.0,0.0,0.009270362,0.0,0.0,0.0,0.0,1.0,1.0,1.0,1.0,1.0,0.0,0.0,0.0,2,test/100/2/0,54
20.586864,-0.05933571,0.21611547,-0.030765632,965.2332,0.13226318,0.14268579,-0.0028410717,79.0,0.0,0.0,0.0,9.811325,0.01934823,0.06713034,0.002393517,4.9595227,0.019954681,0.019021772,97.24895,0.22238922,2.3780577,482.30838,-0.23570006,21.01007,965.0955,78.99269,-1.9582452,0.3934076,0.009133694,-2.1711931,0.0,3.396024,0.0,0.0,0.0,0.0,0.0,0.0,0.0,0.0,0.0,0.0,0.005921701,0.0,0.0,0.0,0.0,1.0,1.0,1.0,1.0,1.0,0.0,0.0,0.0,2,test/100/2/0,55
20.529612,-0.057252884,0.24654913,-0.036881167,964.8676,-0.3656006,0.15148923,-0.007144968,79.0,0.0,0.0,0.0,9.777278,0.019862177,-0.05738357,0.005033557,4.953026,-0.0064969063,0.019338608,92.622025,-4.6269226,2.3801334,458.75925,-0.16505072,20.962025,965.07275,78.99342,-1.7538654,-0.58604896,0.008220324,-2.6167953,-0.065755755,3.3891037,0.0,0.0,0.0,0.0,0.0,0.0,0.0,0.0,0.0,0.0,0.0031482675,0.0,0.0,0.0,0.0,1.0,1.0,1.0,1.0,1.0,0.0,0.0,0.0,2,test/100/2/0,56
20.400763,-0.12884903,0.282689,-0.0439931,965.2665,0.39886475,0.15579268,-0.0041015167,79.0,0.0,0.0,0.0,9.788705,0.020171298,0.045473438,0.007462102,4.9325504,-0.020475388,0.019214181,93.34533,0.72330475,2.4492283,460.43054,-0.37544006,20.9059,965.0921,78.99408,-1.7868991,0.49820817,0.0073982924,-3.0757415,0.0,3.3805215,0.0,0.0,0.0,0.0,0.0,0.0,0.0,0.0,0.0,8.093043,0.005396335,0.0125,0.0,0.0,0.0,1.0,1.0,1.0,1.0,1.0,0.0,0.0,0.0,2,test/100/2/0,57
20.356417,-0.044345856,0.31150904,-0.04967091,965.4036,0.137146,0.16835386,0.0014515354,79.0,0.0,0.0,0.0,9.7999115,0.015930546,-0.00021976735,0.00460147,4.9368505,0.0043001175,0.018585788,92.66851,-0.67681885,2.5423472,457.4906,-0.6153238,20.85095,965.1232,78.994675,-1.587544,0.80104846,0.006658463,-3.5024087,0.062145572,3.370311,0.0,0.0,0.0,0.0,0.0,0.0,0.0,0.0,0.0,0.0,0.005396335,0.0,0.0,0.0,0.0,1.0,1.0,1.0,1.0,1.0,0.0,0.0,0.0,2,test/100/2/0,58
20.220928,-0.13548851,0.34583938,-0.05635903,965.11646,-0.2871704,0.16583581,0.0034841436,79.0,0.0,0.0,0.0,9.76031,0.018205417,-0.050807435,0.010167512,4.900219,-0.036631584,0.01900642,93.54947,0.88095856,2.324677,458.4129,-0.45582289,20.787949,965.12256,78.99521,-1.6395488,-0.017494574,0.0059926165,-3.946834,0.0,3.3585048,0.0,0.0,0.0,0.0,0.0,0.0,0.0,0.0,0.0,0.0,0.005396335,0.0,0.0,0.0,0.0,1.0,1.0,1.0,1.0,1.0,0.0,0.0,0.0,2,test/100/2/0,59
20.174198,-0.04673004,0.37335584,-0.061857082,964.9227,-0.19372559,0.16527887,0.0036370987,79.0,0.0,0.0,0.0,9.789943,0.018325405,0.06923381,0.0073490376,4.941929,0.0417099,0.019276071,91.048805,-2.5006638,2.3978221,449.95673,-0.49095803,20.726574,965.1026,78.99568,-1.4794881,-0.51389664,0.005393355,-4.0,-0.035395157,3.3451347,0.0,0.0,0.0,0.0,0.0,0.0,0.0,0.0,0.0,0.0,0.005396335,0.0,0.0,0.0,0.0,1.0,1.0,1.0,1.0,1.0,0.0,0.0,0.0,2,test/100/2/0,60
20.08247,-0.09172821,0.4012144,-0.06753661,964.9434,0.020690918,0.16749002,0.0025994093,79.0,0.0,0.0,0.0,9.831753,0.01835069,0.012176485,0.004536722,4.9229527,-0.018976212,0.018749887,93.52926,2.4804535,2.3957474,460.4401,-0.46004856,20.662163,965.0867,78.99612,-1.4448469,-0.40930176,0.0048540197,-4.0,-0.05645903,3.3302321,0.0,0.0,0.0,0.0,0.0,0.0,0.0,0.0,0.0,0.0,0.005396335,0.0,0.0,0.0,0.0,1.0,1.0,1.0,1.0,1.0,0.0,0.0,0.0,2,test/100/2/0,61
19.89807,-0.18440056,0.43543687,-0.07397825,964.94586,0.0024414062,0.16962704,0.0013689314,79.0,0.0,0.0,0.0,9.813199,0.018092837,-0.06036281,0.0047967397,4.918305,-0.004647732,0.018635087,96.89839,3.369133,2.4352498,476.57584,-0.3198825,20.585754,965.0726,78.996506,-1.5792979,-0.36209366,0.0043686177,-4.0,-0.07390653,3.3138275,0.0,0.0,0.0,0.0,0.0,0.0,0.0,0.0,0.0,0.0,0.005396335,0.0,0.0,0.0,0.0,1.0,1.0,1.0,1.0,1.0,0.0,0.0,0.0,2,test/100/2/0,62
19.940111,0.04204178,0.45200813,-0.07731336,965.06683,0.12097168,0.16935503,0.00065114873,79.0,0.0,0.0,0.0,9.830416,0.01793283,0.03577046,0.003921863,4.938055,0.019750118,0.018562984,93.7821,-3.1162949,2.3820171,463.10114,-0.21854663,20.521189,965.072,78.99686,-1.2855487,-0.014814267,0.0039317557,-4.0,-0.020078417,3.295951,0.0,0.0,0.0,0.0,0.0,0.0,0.0,0.0,0.0,0.0,0.005396335,0.0,0.0,0.0,0.0,1.0,1.0,1.0,1.0,1.0,0.0,0.0,0.0,2,test/100/2/0,63
19.763447,-0.17666435,0.47742942,-0.082269885,965.3787,0.31188965,0.16910525,0.009908806,79.0,0.0,0.0,0.0,9.793717,0.017648682,-0.05391525,0.008913839,4.909768,-0.028286934,0.018796414,93.446266,-0.3358307,2.3976352,458.7995,-0.3187478,20.445415,965.10266,78.99717,-1.4284176,0.7886691,0.0035385801,-4.0,0.052774213,3.2766318,0.0,0.0,0.0,0.0,0.0,0.0,0.0,0.0,0.0,10.012767,0.0081776595,0.0125,0.0,0.0,0.0,1.0,1.0,1.0,1.0,1.0,0.0,0.0,0.0,2,test/100/2/0,64
19.741596,-0.021850586,0.49147853,-0.08504142,965.2124,-0.1663208,0.16546515,0.008818892,79.0,0.0,0.0,0.0,9.801557,0.017633736,0.04453705,0.003916447,4.9490194,0.039251328,0.016899955,95.103264,1.6569977,2.199102,470.6679,-0.6420903,20.375034,965.11365,78.99745,-1.28884,0.28212014,0.0031847223,-4.0,0.007652483,3.2558992,0.0,0.0,0.0,0.0,0.0,0.0,0.0,0.0,0.0,0.0,0.0081776595,0.0,0.0,0.0,0.0,1.0,1.0,1.0,1.0,1.0,0.0,0.0,0.0,2,test/100/2/0,65
19.66224,-0.07935715,0.4943927,-0.08557166,965.04755,-0.16485596,0.1550221,0.0041602114,79.0,0.0,0.0,0.0,9.824295,0.018207291,0.014899691,0.0044731693,4.9258947,-0.023124695,0.016817717,93.1306,-1.9726639,2.232605,458.75156,-0.8173101,20.303755,965.10706,78.9977,-1.2975817,-0.17000718,0.00286625,-4.0,0.0,3.2337813,0.0,0.0,0.0,0.0,0.0,0.0,0.0,0.0,0.0,0.0,0.0081776595,0.0,0.0,0.0,0.0,1.0,1.0,1.0,1.0,1.0,0.0,0.0,0.0,2,test/100/2/0,66
19.469223,-0.19301605,0.50281435,-0.086985834,965.1941,0.14654541,0.15061328,0.0026781126,79.0,0.0,0.0,0.0,9.8277235,0.018969432,-0.019310506,0.006416509,4.913317,-0.012577534,0.016618975,92.46403,-0.6665726,2.2882998,454.3051,-1.039223,20.2203,965.1158,78.99794,-1.493748,0.22382459,0.002579625,-4.0,0.0,3.2103057,0.0,0.0,0.0,0.0,0.0,0.0,0.0,0.0,0.0,0.0,0.0081776595,0.0,0.0,0.0,0.0,1.0,1.0,1.0,1.0,1.0,0.0,0.0,0.0,2,test/100/2/0,67
19.458681,-0.010541916,0.5042217,-0.08723512,965.1735,-0.020568848,0.1472148,0.0012099188,79.0,0.0,0.0,0.0,9.815923,0.018757131,-0.0152285155,0.004152359,4.9080796,-0.0052375793,0.01714627,91.7487,-0.7153244,2.37528,450.30997,-1.2267628,20.144138,965.1215,78.998146,-1.3594375,0.14855081,0.0023216626,-4.0,0.0,3.1854994,0.0,0.0,0.0,0.0,0.0,0.0,0.0,0.0,0.0,0.0,0.0081776595,0.0,0.0,0.0,0.0,1.0,1.0,1.0,1.0,1.0,0.0,0.0,0.0,2,test/100/2/0,68
19.362057,-0.096624374,0.50342274,-0.08709721,964.8418,-0.33172607,0.15954217,-0.0032129274,79.0,0.0,0.0,0.0,9.795082,0.018894201,-0.009040191,0.0010890937,4.949966,0.04188633,0.017502865,90.910675,-0.83802795,2.5064883,450.00476,-1.4654706,20.065931,965.09357,78.99833,-1.3981767,-0.71931416,0.0020894962,-4.0,-0.07792139,3.1593895,0.0,0.0,0.0,0.0,0.0,0.0,0.0,0.0,0.0,0.0,0.0081776595,0.0,0.0,0.0,0.0,1.0,1.0,1.0,1.0,1.0,0.0,0.0,0.0,2,test/100/2/0,69
19.288277,-0.07378006,0.50626874,-0.08760929,965.1513,0.30950928,0.15729508,-0.0006707442,79.0,0.0,0.0,0.0,9.750399,0.022390522,-0.023843113,0.0051046545,4.937894,-0.012072086,0.017612688,89.62901,-1.281662,2.5388968,442.57852,-1.476309,19.988165,965.0993,78.9985,-1.3824449,0.14849824,0.0018805467,-4.0,0.0,3.1320016,0.0,0.0,0.0,0.0,0.0,0.0,0.0,0.0,0.0,0.0,0.0081776595,0.0,0.0,0.0,0.0,1.0,1.0,1.0,1.0,1.0,0.0,0.0,0.0,2,test/100/2/0,70
19.273293,-0.014984131,0.49967322,-0.086410046,965.1569,0.0056152344,0.15563291,-0.0016599268,79.0,0.0,0.0,0.0,9.819043,0.022539126,0.113329165,0.0036399465,4.9197407,-0.01815319,0.017716505,87.3887,-2.2403107,2.4117737,429.92972,-1.4154924,19.916677,965.1051,78.99865,-1.2876126,0.14808759,0.0016924919,-4.0,0.0,3.1033616,0.0,0.0,0.0,0.0,0.0,0.0,0.0,0.0,0.0,0.0,0.0081776595,0.0,0.0,0.0,0.0,1.0,1.0,1.0,1.0,1.0,0.0,0.0,0.0,2,test/100/2/0,71
19.104042,-0.16925049,0.4980289,-0.086131215,965.2303,0.07336426,0.15413557,0.0023638962,79.0,0.0,0.0,0.0,9.815297,0.022616927,-0.0723913,0.0017893778,4.924512,0.0047712326,0.017214863,89.849976,2.4612732,2.4795916,442.4673,-1.5397896,19.835415,965.1176,78.99878,-1.468534,0.32192978,0.0015232428,-4.0,0.0,3.0734944,0.0,0.0,0.0,0.0,0.0,0.0,0.0,0.0,0.0,0.0,0.0050293915,0.0,0.0,0.0,0.0,1.0,1.0,1.0,1.0,1.0,0.0,0.0,0.0,2,test/100/2/0,72
19.068176,-0.035865784,0.4955924,-0.085697584,964.82135,-0.40893555,0.16536862,-0.0034997927,79.0,0.0,0.0,0.0,9.78416,0.02198923,-0.027392386,0.007189211,4.8964868,-0.02802515,0.017419148,86.94224,-2.9077377,2.7588527,425.71152,-1.8907635,19.75869,965.088,78.9989,-1.393311,-0.76181173,0.0013709185,-4.0,-0.08793566,3.0424247,0.0,0.0,0.0,0.0,0.0,0.0,0.0,0.0,0.0,0.0,0.0050293915,0.0,0.0,0.0,0.0,1.0,1.0,1.0,1.0,1.0,0.0,0.0,0.0,2,test/100/2/0,73
18.939484,-0.12869263,0.49830955,-0.086173475,964.9438,0.12243652,0.16900933,-0.005829362,79.0,0.0,0.0,0.0,9.803613,0.021793285,0.050591685,0.0071908236,4.951758,0.05527115,0.017986383,91.87925,4.9370117,2.5690174,454.96378,-1.5536014,19.67677,965.07355,78.999016,-1.4795749,-0.3707938,0.0012338266,-4.0,-0.10234888,3.0101762,0.0,0.0,0.0,0.0,0.0,0.0,0.0,0.0,0.0,10.821114,0.0080352565,0.0125,0.0,0.0,0.0,1.0,1.0,1.0,1.0,1.0,0.0,0.0,0.0,2,test/100/2/0,74
18.928888,-0.010595322,0.4927338,-0.08517111,965.0885,0.14471436,0.1660474,-0.0037668787,79.0,0.0,0.0,0.0,9.787906,0.02187275,-0.03516068,0.003758133,4.9498596,-0.0018982887,0.017289495,90.953026,-0.92622375,2.324691,450.2047,-1.1998906,19.601982,965.0751,78.999115,-1.3660387,0.03840821,0.001110444,-4.0,-0.03197991,2.9767725,0.0,0.0,0.0,0.0,0.0,0.0,0.0,0.0,0.0,0.0,0.0080352565,0.0,0.0,0.0,0.0,1.0,1.0,1.0,1.0,1.0,0.0,0.0,0.0,2,test/100/2/0,75
18.747955,-0.180933,0.4926929,-0.0851643,965.00775,-0.08074951,0.1593953,-0.008412985,79.0,0.0,0.0,0.0,9.781958,0.021646855,0.009759367,0.006146524,4.927204,-0.022655487,0.01638849,91.72778,0.7747574,2.3217506,451.9615,-1.1446353,19.516579,965.0683,78.9992,-1.5600464,-0.17307422,0.0009993996,-4.0,-0.0073609063,2.9422371,0.0,0.0,0.0,0.0,0.0,0.0,0.0,0.0,0.0,7.0502415,0.0099936575,0.0125,0.0,0.0,0.0,1.0,1.0,1.0,1.0,1.0,0.0,0.0,0.0,2,test/100/2/0,76
18.684229,-0.063726425,0.4941899,-0.08542315,965.00543,-0.002319336,0.15551475,-0.007005092,79.0,0.0,0.0,0.0,9.798674,0.021477975,0.022664327,0.0027288215,4.910751,-0.016453266,0.016751755,94.3288,2.6010132,2.3598304,463.22522,-0.89185846,19.433344,965.062,78.99928,-1.5158448,-0.1617308,0.00089945964,-4.0,0.0,2.9065924,0.0,0.0,0.0,0.0,0.0,0.0,0.0,0.0,0.0,0.0,0.0077455896,0.0,0.0,0.0,0.0,1.0,1.0,1.0,1.0,1.0,0.0,0.0,0.0,2,test/100/2/0,77
18.647955,-0.036273956,0.4878034,-0.08431914,964.85565,-0.14978027,0.14442125,-0.005178902,79.0,0.0,0.0,0.0,9.8319645,0.022490779,0.016574834,0.0066250353,4.933493,0.022742271,0.016665071,89.70142,-4.6273727,2.4089706,442.54138,-0.98518765,19.354805,965.0414,78.99935,-1.4490473,-0.530707,0.0008095137,-4.0,-0.059679464,2.8698604,0.0,0.0,0.0,0.0,0.0,0.0,0.0,0.0,0.0,11.134365,0.010838469,0.0125,0.0,0.0,0.0,1.0,1.0,1.0,1.0,1.0,0.0,0.0,0.0,2,test/100/2/0,78
18.490053,-0.15790176,0.49204352,-0.085041046,965.1917,0.33605957,0.14692637,-0.0022621097,79.0,0.0,0.0,0.0,9.825838,0.020762086,-0.03941782,0.002578057,4.9165444,-0.0169487,0.01573354,92.05165,2.3502274,2.3796494,452.57605,-0.8981217,19.26833,965.05646,78.99942,-1.5817235,0.3865169,0.0007285623,-4.0,0.0,2.8320632,0.0,0.0,0.0,0.0,0.0,0.0,0.0,0.0,0.0,0.0,0.010838469,0.0,0.0,0.0,0.0,1.0,1.0,1.0,1.0,1.0,0.0,0.0,0.0,2,test/100/2/0,79
18.434093,-0.0559597,0.49001893,-0.084697396,965.4209,0.22918701,0.16305797,0.00075679005,79.0,0.0,0.0,0.0,9.816815,0.020539867,-0.0028960754,0.004277209,4.900238,-0.0163064,0.016401777,92.97419,0.92253876,2.3852122,455.59567,-0.8926597,19.184906,965.0929,78.99947,-1.5322119,0.9372032,0.00065570604,-4.0,0.08540521,2.793222,0.0,0.0,0.0,0.0,0.0,0.0,0.0,0.0,0.0,0.0,0.010838469,0.0,0.0,0.0,0.0,1.0,1.0,1.0,1.0,1.0,0.0,0.0,0.0,2,test/100/2/0,80
18.264095,-0.16999817,0.49564105,-0.085613936,965.00214,-0.4187622,0.16101827,-0.002629055,79.0,0.0,0.0,0.0,9.800161,0.019813366,-0.0076319613,0.0043340074,4.928534,0.028295994,0.016408782,92.28089,-0.69329834,2.3585193,454.8095,-0.74138135,19.092825,965.0838,78.99953,-1.6720365,-0.2333342,0.00059013546,-4.0,0.0,2.7533576,0.0,0.0,0.0,0.0,0.0,0.0,0.0,0.0,0.0,0.0,0.010838469,0.0,0.0,0.0,0.0,1.0,1.0,1.0,1.0,1.0,0.0,0.0,0.0,2,test/100/2/0,81
18.219826,-0.04426956,0.5052645,-0.08734009,965.1587,0.15655518,0.1583614,-0.0038281435,79.0,0.0,0.0,0.0,9.77658,0.020724108,-0.006926226,0.005909637,4.9131823,-0.015351772,0.016557945,89.78948,-2.4914093,2.093092,441.15207,-0.52196735,19.005526,965.0913,78.99957,-1.555026,0.19256967,0.0005311219,-4.0,0.0,2.7124906,0.0,0.0,0.0,0.0,0.0,0.0,0.0,0.0,0.0,0.0,0.010838469,0.0,0.0,0.0,0.0,1.0,1.0,1.0,1.0,1.0,0.0,0.0,0.0,2,test/100/2/0,82
18.149258,-0.070568085,0.5025868,-0.08688687,964.9755,-0.1831665,0.16048074,-0.006053861,79.0,0.0,0.0,0.0,9.820948,0.020218534,0.06794896,0.0028361282,4.9114103,-0.0017719269,0.01654314,92.207695,2.418213,2.03473,452.86984,-0.29464617,18.919899,965.0797,78.99962,-1.5333488,-0.29768687,0.00047800972,-4.0,0.0,2.6706407,0.0,0.0,0.0,0.0,0.0,0.0,0.0,0.0,0.0,0.0,0.010838469,0.0,0.0,0.0,0.0,1.0,1.0,1.0,1.0,1.0,0.0,0.0,0.0,2,test/100/2/0,83
18.09011,-0.05914688,0.5052816,-0.08737502,964.8774,-0.09814453,0.15285116,-0.0046197646,79.0,0.0,0.0,0.0,9.815107,0.020234138,-0.050209068,0.0055687344,4.9187145,0.0073041916,0.01627421,88.306854,-3.9008408,2.0871403,434.35617,-0.3843412,18.83692,965.0595,78.99966,-1.4780054,-0.52028984,0.00043020875,-4.0,-0.046170536,2.627828,0.0,0.0,0.0,0.0,0.0,0.0,0.0,0.0,0.0,0.0,0.0080571445,0.0,0.0,0.0,0.0,1.0,1.0,1.0,1.0,1.0,0.0,0.0,0.0,2,test/100/2/0,84
18.05717,-0.03293991,0.49851608,-0.08616246,964.9322,0.05480957,0.15179643,-0.004274893,79.0,0.0,0.0,0.0,9.822523,0.020586671,0.013257055,0.005476068,4.901724,-0.016990662,0.015947761,92.39484,4.087982,1.9075818,452.89395,0.01494198,18.758945,965.04675,78.99969,-1.4077258,-0.32732195,0.00038718787,-4.0,-0.058297906,2.5840712,0.0,0.0,0.0,0.0,0.0,0.0,0.0,0.0,0.0,0.0,0.0080571445,0.0,0.0,0.0,0.0,1.0,1.0,1.0,1.0,1.0,0.0,0.0,0.0,2,test/100/2/0,85
17.89207,-0.1651001,0.4977247,-0.08602851,965.2681,0.3359375,0.15879184,-0.0013125312,79.0,0.0,0.0,0.0,9.838243,0.02142395,0.008303207,0.0052935556,4.918061,0.016336918,0.01594264,89.72782,-2.667015,1.864161,441.28687,0.08698451,18.672258,965.0689,78.99972,-1.5675064,0.5692495,0.0003484691,-4.0,0.0018794636,2.5393898,0.0,0.0,0.0,0.0,0.0,0.0,0.0,0.0,0.0,10.302861,0.01091905,0.0125,0.0,0.0,0.0,1.0,1.0,1.0,1.0,1.0,0.0,0.0,0.0,2,test/100/2/0,86
17.809067,-0.083004,0.50563335,-0.087466046,964.91583,-0.35229492,0.15904874,-0.0014007798,79.0,0.0,0.0,0.0,9.799698,0.020893255,-0.054264303,0.0046424884,4.9139276,-0.0041332245,0.015927384,91.20369,1.4758682,1.8299577,448.16833,0.21338946,18.585938,965.0536,78.99975,-1.5364326,-0.39357665,0.00031362218,-4.0,-0.02126951,2.493802,0.0,0.0,0.0,0.0,0.0,0.0,0.0,0.0,0.0,0.0,0.01091905,0.0,0.0,0.0,0.0,1.0,1.0,1.0,1.0,1.0,0.0,0.0,0.0,2,test/100/2/0,87
17.729902,-0.079164505,0.50698686,-0.08770448,964.91766,0.0018310547,0.15896426,-0.0013692067,79.0,0.0,0.0,0.0,9.805904,0.020744864,0.044751998,0.006663591,4.9328594,0.018931866,0.015790353,89.0906,-2.1130905,1.8526032,439.47137,0.16169909,18.500336,965.04,78.99977,-1.5196301,-0.34951058,0.00028225995,-4.0,-0.039267313,2.447326,0.0,0.0,0.0,0.0,0.0,0.0,0.0,0.0,0.0,6.5259314,0.012731809,0.0125,0.0,0.0,0.0,1.0,1.0,1.0,1.0,1.0,0.0,0.0,0.0,2,test/100/2/0,88
17.632696,-0.097206116,0.5101136,-0.08825755,964.896,-0.02166748,0.15602875,-0.006500198,80.0,1.0,0.21794495,0.014285714,9.784539,0.021108117,-0.027571663,0.004818368,4.910235,-0.022624493,0.014715783,92.34609,3.2554932,1.8881197,453.44098,0.32105407,18.41357,965.0256,79.0998,-1.5307859,-0.37027588,1.125254,-4.0,-0.06748658,2.6499796,0.0,0.0,0.0,0.0,0.0,0.0,0.0,0.0,0.0,0.0,0.012731809,0.0,0.0,0.0,0.0,1.0,1.0,1.0,1.0,1.0,0.0,0.0,0.0,2,test/100/2/0,89
17.514576,-0.11812019,0.5147455,-0.08906246,965.13306,0.23706055,0.15543237,-0.0034391244,79.0,-1.0,0.21794495,0.012781955,9.81593,0.017276626,0.052755095,0.0057531605,4.8669233,-0.043311596,0.018299935,91.784,-0.56209564,1.8832016,446.70566,0.26176655,18.323671,965.0363,79.08982,-1.571836,0.27633595,-0.11227137,-4.0,0.0,2.5967798,0.0,0.0,0.0,0.0,0.0,0.0,0.0,0.0,0.0,0.0,0.012731809,0.0,0.0,0.0,0.0,1.0,1.0,1.0,1.0,1.0,0.0,0.0,0.0,2,test/100/2/0,90
17.49537,-0.019205093,0.50692624,-0.0877111,964.75555,-0.37750244,0.16466996,-0.0056548384,79.0,0.0,0.21794495,0.011278195,9.834784,0.018133404,-0.012537039,0.00300188,4.93613,0.069206715,0.0187519,87.84026,-3.9437332,1.8439076,433.59094,-0.19079824,18.24084,965.00824,79.08083,-1.47057,-0.7220182,-0.10104423,-4.0,-0.10649955,2.5428443,0.0,0.0,0.0,0.0,0.0,0.0,0.0,0.0,0.0,0.0,0.012731809,0.0,0.0,0.0,0.0,1.0,1.0,1.0,1.0,1.0,0.0,0.0,0.0,2,test/100/2/0,91
17.346594,-0.14877701,0.51136124,-0.08848394,965.00507,0.24951172,0.15743807,-0.0025441565,79.0,0.0,0.21794495,0.009774436,9.782866,0.018847238,-0.070770994,0.00400426,4.8822145,-0.0539155,0.020238817,89.36038,1.5201187,1.8604498,436.27658,-0.41254076,18.151417,965.00793,79.072754,-1.573883,-0.008214815,-0.09093981,-4.0,-0.06649099,2.4881873,0.0,0.0,0.0,0.0,0.0,0.0,0.0,0.0,0.0,0.0,0.012731809,0.0,0.0,0.0,0.0,1.0,1.0,1.0,1.0,1.0,0.0,0.0,0.0,2,test/100/2/0,92
17.27111,-0.07548332,0.51004314,-0.08825863,965.2613,0.2562256,0.16044231,-0.0018913097,79.0,0.0,0.21794495,0.008270676,9.803434,0.018165257,0.07248633,0.0061068786,4.8870873,0.004872799,0.020788442,87.879395,-1.4809875,1.7712377,429.47427,-0.98671454,18.063387,965.03326,79.065475,-1.5533499,0.65147245,-0.08184583,-4.0,0.0074230097,2.4328237,0.0,0.0,0.0,0.0,0.0,0.0,0.0,0.0,0.0,11.317108,0.01587545,0.0125,0.0,0.0,0.0,1.0,1.0,1.0,1.0,1.0,0.0,0.0,0.0,2,test/100/2/0,93
17.212809,-0.058301926,0.5096896,-0.08819584,964.7724,-0.4888916,0.16918938,-0.0069509866,79.0,0.0,0.21794495,0.006766917,9.809616,0.01815021,-0.014387587,0.0059605804,4.928758,0.0416708,0.019338869,89.77045,1.8910522,1.7720613,442.4568,-0.91920435,17.978329,965.0072,79.05893,-1.5019329,-0.67082465,-0.073661245,-4.0,-0.09389208,2.3767672,0.0,0.0,0.0,0.0,0.0,0.0,0.0,0.0,0.0,0.0,0.012869585,0.0,0.0,0.0,0.0,1.0,1.0,1.0,1.0,1.0,0.0,0.0,0.0,2,test/100/2/0,94
17.123543,-0.08926582,0.5024734,-0.08697907,964.8918,0.119384766,0.17075077,-0.0077624787,79.0,0.0,0.21794495,0.005263158,9.777233,0.018866343,-0.038563915,0.002568619,4.8894997,-0.03925848,0.018247487,89.472244,-0.2982025,1.7943292,437.47452,-0.9792051,17.892849,964.99567,79.05304,-1.5310401,-0.29675275,-0.066295125,-4.0,-0.11588645,2.320032,0.0,0.0,0.0,0.0,0.0,0.0,0.0,0.0,0.0,9.475102,0.015501558,0.0125,0.0,0.0,0.0,1.0,1.0,1.0,1.0,1.0,0.0,0.0,0.0,2,test/100/2/0,95
17.057526,-0.06601715,0.50173664,-0.08684743,965.097,0.2052002,0.17173903,-0.006621718,79.0,0.0,0.21794495,0.0037593986,9.834663,0.018845676,0.08981375,0.0079831295,4.896349,0.006849289,0.018148012,87.68094,-1.7913055,1.8937849,429.3165,-1.1088672,17.809317,965.0058,79.04773,-1.4983791,0.26058015,-0.05966561,-4.0,-0.018383682,2.2626312,0.0,0.0,0.0,0.0,0.0,0.0,0.0,0.0,0.0,0.0,0.013543158,0.0,0.0,0.0,0.0,1.0,1.0,1.0,1.0,1.0,0.0,0.0,0.0,2,test/100/2/0,96
16.95798,-0.09954643,0.50033134,-0.08660209,965.1312,0.034240723,0.17350672,-0.0051626107,78.0,-1.0,0.31622776,-0.012030075,9.84435,0.020088516,-0.04774465,0.004892098,4.9310007,0.034651756,0.018726695,90.23292,2.551979,1.6789844,444.93857,-0.8034559,17.724184,965.0183,78.94296,-1.5313938,0.32256973,-1.178699,-4.0,0.0,1.8265259,0.0,0.0,0.0,0.0,0.0,0.0,0.0,0.0,0.0,0.0,0.013543158,0.0,0.0,0.0,0.0,1.0,1.0,1.0,1.0,1.0,0.0,0.0,0.0,2,test/100/2/0,97
16.85112,-0.10685921,0.49588203,-0.08586019,964.92505,-0.20617676,0.17079896,-0.009203,79.0,1.0,0.31622776,-0.012030075,9.828101,0.019913998,-0.025934963,0.009083535,4.916475,-0.01452589,0.018052747,90.65213,0.41921234,1.6746817,445.68896,-0.78641284,17.636877,965.009,78.94866,-1.5845647,-0.23985606,0.06417086,-4.0,-0.0014348254,1.8991429,0.0,0.0,0.0,0.0,0.0,0.0,0.0,0.0,0.0,0.0,0.010450278,0.0,0.0,0.0,0.0,1.0,1.0,1.0,1.0,1.0,0.0,0.0,0.0,2,test/100/2/0,98
16.713858,-0.13726234,0.50186145,-0.086870365,964.945,0.019958496,0.16728917,-0.007756421,79.0,0.0,0.31622776,-0.012030075,9.820451,0.019759027,0.008598409,0.0028204678,4.9265714,0.01009655,0.01836426,88.219505,-2.4326248,1.6884627,434.61966,-0.77379376,17.544575,965.0026,78.9538,-1.6552726,-0.1645486,0.05775377,-4.0,0.0,1.8464693,0.0,0.0,0.0,0.0,0.0,0.0,0.0,0.0,0.0,0.0,0.010450278,0.0,0.0,0.0,0.0,1.0,1.0,1.0,1.0,1.0,0.0,0.0,0.0,2,test/100/2/0,99
16.674646,-0.039211273,0.50059474,-0.0866533,965.15063,0.20562744,0.14304094,0.0006174188,79.0,0.0,0.31622776,-0.012030075,9.7805195,0.020834023,-0.03228161,0.0013210236,4.932404,0.005832672,0.018798944,91.419945,3.2004395,1.5900844,450.92007,-0.45363128,17.457582,965.0174,78.95842,-1.5640116,0.38066253,0.051978394,-4.0,0.0,1.7913399,0.0,0.0,0.0,0.0,0.0,0.0,0.0,0.0,0.0,0.0,0.010450278,0.0,0.0,0.0,0.0,1.0,1.0,1.0,1.0,1.0,0.0,0.0,0.0,2,test/100/2/0,100
16.620346,-0.05430031,0.5038435,-0.08725035,965.02985,-0.120788574,0.14318344,0.0010600843,79.0,0.0,0.31622776,-0.012030075,9.815334,0.020745922,0.074746944,0.0047562877,4.920549,-0.011855125,0.01852859,91.64339,0.22344208,1.5516304,450.93576,-0.13862683,17.37386,965.0187,78.96258,-1.4955292,0.03199709,0.046780556,-4.0,0.0,1.7355131,0.0,0.0,0.0,0.0,0.0,0.0,0.0,0.0,0.0,0.0,0.010450278,0.0,0.0,0.0,0.0,1.0,1.0,1.0,1.0,1.0,0.0,0.0,0.0,2,test/100/2/0,101
16.473072,-0.14727402,0.5091649,-0.08817851,965.35736,0.32751465,0.15965578,0.008611785,79.0,0.0,0.31622776,-0.012030075,9.814466,0.019232968,-0.035682842,0.005616844,4.9067135,-0.01383543,0.018556397,87.20292,-4.440468,1.6712343,427.87976,-0.36281243,17.28378,965.0525,78.96632,-1.5922306,0.8709779,0.0421025,-4.0,0.06875555,1.6790029,0.0,0.0,0.0,0.0,0.0,0.0,0.0,0.0,0.0,0.0,0.010450278,0.0,0.0,0.0,0.0,1.0,1.0,1.0,1.0,1.0,0.0,0.0,0.0,2,test/100/2/0,102
16.332539,-0.14053345,0.51753896,-0.08960182,964.83167,-0.5256958,0.16430546,0.0054626926,78.0,-1.0,0.38405728,-0.02631579,9.830667,0.019561874,0.017068123,0.005403818,4.9363728,0.029659271,0.019339418,92.12243,4.91951,1.6654963,454.75064,0.0018475296,17.188656,965.03046,78.86969,-1.6542084,-0.56790906,-1.0871078,-4.0,-0.05481716,1.2446427,0.0,0.0,0.0,0.0,0.0,0.0,0.0,0.0,0.0,0.0,0.010450278,0.0,0.0,0.0,0.0,1.0,1.0,1.0,1.0,1.0,0.0,0.0,0.0,2,test/100/2/0,103
16.328814,-0.0037250519,0.51571685,-0.08928034,964.84247,0.010803223,0.16582732,0.0011346114,79.0,1.0,0.38405728,-0.02481203,9.824558,0.019722473,-0.022308603,0.0019602075,4.918774,-0.017598629,0.01934036,91.71569,-0.40673828,1.6663673,451.12875,0.019616837,17.102673,965.01166,78.88272,-1.5005484,-0.48333848,0.14660302,-4.0,-0.1005647,1.3189698,0.0,0.0,0.0,0.0,0.0,0.0,0.0,0.0,0.0,0.0,0.010450278,0.0,0.0,0.0,0.0,1.0,1.0,1.0,1.0,1.0,0.0,0.0,0.0,2,test/100/2/0,104
16.192446,-0.1363678,0.5126913,-0.0887785,965.5064,0.6639404,0.19772956,0.0072093075,79.0,0.0,0.38405728,-0.023308272,9.784827,0.020544063,-0.033622783,0.005825503,4.9131827,-0.0055913925,0.019177793,88.89065,-2.8250427,1.5973988,436.73596,0.099254705,17.011648,965.0611,78.89445,-1.597849,1.2722708,0.13194272,-4.0,0.15636194,1.2654066,0.0,0.0,0.0,0.0,0.0,0.0,0.0,0.0,0.0,9.222987,0.013012219,0.0125,0.0,0.0,0.0,1.0,1.0,1.0,1.0,1.0,0.0,0.0,0.0,2,test/100/2/0,105
16.067259,-0.12518692,0.519097,-0.0898678,965.0558,-0.45062256,0.19030963,0.011287328,79.0,0.0,0.38405728,-0.021804512,9.852261,0.021653352,0.10716394,0.005831998,4.917767,0.0045843124,0.019174179,92.36833,3.477684,1.6834579,454.2459,0.27006266,16.91721,965.0606,78.905,-1.637365,-0.013700027,0.11874845,-4.0,0.050298028,1.2110984,0.0,0.0,0.0,0.0,0.0,0.0,0.0,0.0,0.0,0.0,0.010150313,0.0,0.0,0.0,0.0,1.0,1.0,1.0,1.0,1.0,0.0,0.0,0.0,2,test/100/2/0,106
16.031363,-0.0358963,0.52005607,-0.09003641,965.0691,0.013305664,0.18899956,0.0103121875,79.0,0.0,0.38405728,-0.020300752,9.805597,0.021520661,-0.114096545,0.005740164,4.9176273,-0.00013971329,0.019198237,91.71185,-0.6564789,1.704461,451.0047,0.48373508,16.828625,965.06146,78.9145,-1.5330323,0.02188454,0.1068736,-4.0,0.0,1.1560766,0.0,0.0,0.0,0.0,0.0,0.0,0.0,0.0,0.0,0.0,0.010150313,0.0,0.0,0.0,0.0,1.0,1.0,1.0,1.0,1.0,0.0,0.0,0.0,2,test/100/2/0,107
15.920294,-0.111068726,0.5219733,-0.09036844,965.03876,-0.030334473,0.18727674,0.008702145,80.0,1.0,0.4472136,-0.004511278,9.778074,0.022766177,0.019140813,0.0056688203,4.9309855,0.013358116,0.01910727,91.47229,-0.23956299,1.7150267,451.04855,0.55644834,16.737793,965.05914,79.02305,-1.5661688,-0.058306843,1.2211863,-4.0,0.0,1.3503549,0.0,0.0,0.0,0.0,0.0,0.0,0.0,0.0,0.0,0.0,0.0083375545,0.0,0.0,0.0,0.0,1.0,1.0,1.0,1.0,1.0,0.0,0.0,0.0,2,test/100/2/0,108
15.878362,-0.041932106,0.52054477,-0.090113126,965.03894,0.00018310547,0.18455197,0.0065705036,79.0,-1.0,0.38405728,0.011278195,9.823977,0.022076592,0.073426545,0.0026193564,4.9371424,0.0061569214,0.019780852,88.23089,-3.2414017,1.6906083,435.6085,0.6117527,16.65185,965.0571,79.020744,-1.4859191,-0.052005317,-0.02593238,-4.0,0.0,1.2889478,0.0,0.0,0.0,0.0,0.0,0.0,0.0,0.0,0.0,0.0,0.0083375545,0.0,0.0,0.0,0.0,1.0,1.0,1.0,1.0,1.0,0.0,0.0,0.0,2,test/100/2/0,109
15.767948,-0.11041355,0.52359813,-0.0906621,964.97046,-0.068481445,0.18393846,0.006988663,79.0,0.0,0.38405728,0.012781955,9.773474,0.023683712,-0.09640744,0.0019763368,4.95158,0.0144376755,0.018107044,93.54192,5.311035,1.8224859,463.18033,0.981409,16.56346,965.04846,79.01867,-1.5193156,-0.22289993,-0.023339143,-4.0,0.0,1.2269689,0.0,0.0,0.0,0.0,0.0,0.0,0.0,0.0,0.0,0.0,0.0083375545,0.0,0.0,0.0,0.0,1.0,1.0,1.0,1.0,1.0,0.0,0.0,0.0,2,test/100/2/0,110
15.659692,-0.10825634,0.5222689,-0.09043433,964.997,0.026550293,0.17287137,0.0020700556,79.0,0.0,0.38405728,0.014285714,9.774001,0.02432322,0.051030684,0.0016298087,4.8978343,-0.053745747,0.018204032,92.02253,-1.5193939,1.7942024,450.7111,0.94108504,16.473082,965.04333,79.01681,-1.557417,-0.13233775,-0.021005228,-4.0,0.0,1.1644295,0.0,0.0,0.0,0.0,0.0,0.0,0.0,0.0,0.0,8.921343,0.010815706,0.0125,0.0,0.0,0.0,1.0,1.0,1.0,1.0,1.0,0.0,0.0,0.0,2,test/100/2/0,111
15.651326,-0.008365631,0.51945746,-0.089914754,964.9992,0.0021972656,0.1729452,0.00075940584,79.0,0.0,0.38405728,0.015789473,9.818768,0.023725118,0.044239357,0.009002476,4.937095,0.039260864,0.016847895,89.6209,-2.4016266,1.788411,442.46692,0.79964733,16.390907,965.03894,79.01512,-1.4237556,-0.113453865,-0.018904705,-4.0,0.0,1.1013409,0.0,0.0,0.0,0.0,0.0,0.0,0.0,0.0,0.0,0.0,0.010815706,0.0,0.0,0.0,0.0,1.0,1.0,1.0,1.0,1.0,0.0,0.0,0.0,2,test/100/2/0,112
15.501714,-0.14961243,0.5209295,-0.09017507,965.0202,0.020996094,0.16574104,0.0038031787,79.0,0.0,0.38405728,0.017293233,9.833798,0.024240317,-0.029735526,0.0030791156,4.912203,-0.02489233,0.015229404,87.44858,-2.1723251,1.8196805,429.56516,0.35718516,16.301987,965.03705,79.01361,-1.5362417,-0.048118524,-0.017014235,-4.0,0.0,1.0377141,0.0,0.0,0.0,0.0,0.0,0.0,0.0,0.0,0.0,0.0,0.0076720645,0.0,0.0,0.0,0.0,1.0,1.0,1.0,1.0,1.0,0.0,0.0,0.0,2,test/100/2/0,113
15.424123,-0.07759094,0.51880485,-0.08980363,965.0493,0.02911377,0.15453748,-9.3939074e-05,79.0,0.0,0.38405728,0.018796992,9.817228,0.024271619,-0.031600725,0.0017719299,4.9142156,0.0020127296,0.015186076,94.782005,7.3334274,2.0622475,465.7792,0.63691694,16.214201,965.03827,79.01225,-1.522881,0.031557307,-0.015312811,-4.0,0.0,0.97355986,0.0,0.0,0.0,0.0,0.0,0.0,0.0,0.0,0.0,0.0,0.0076720645,0.0,0.0,0.0,0.0,1.0,1.0,1.0,1.0,1.0,0.0,0.0,0.0,2,test/100/2/0,114
15.346617,-0.077506065,0.5156951,-0.08925913,965.05286,0.003540039,0.15036055,-0.002471878,79.0,0.0,0.38405728,0.020300752,9.801322,0.02310508,0.00066385895,0.0065675,4.9156713,0.0014557838,0.013518864,91.08747,-3.6945343,2.0511298,447.7561,0.5454371,16.127443,965.03973,79.011024,-1.5141228,0.03750453,-0.01378153,-4.0,0.0,0.90888864,0.0,0.0,0.0,0.0,0.0,0.0,0.0,0.0,0.0,0.0,0.0050400915,0.0,0.0,0.0,0.0,1.0,1.0,1.0,1.0,1.0,0.0,0.0,0.0,2,test/100/2/0,115
15.274415,-0.07220173,0.5090838,-0.0881164,964.94653,-0.10632324,0.15184876,-0.0033709304,79.0,0.0,0.38405728,0.021804512,9.787954,0.023139978,0.0025376128,0.0009890049,4.938073,0.02240181,0.012665111,91.050896,-0.036575317,1.9395174,449.61597,0.33625484,16.04214,965.0304,79.009926,-1.5080518,-0.23964854,-0.012403377,-4.0,0.0,0.84371084,0.0,0.0,0.0,0.0,0.0,0.0,0.0,0.0,0.0,10.7813225,0.008034904,0.0125,0.0,0.0,0.0,1.0,1.0,1.0,1.0,1.0,0.0,0.0,0.0,2,test/100/2/0,116
15.179816,-0.09459877,0.5038252,-0.08721548,965.1203,0.17376709,0.15156738,-0.0010207098,79.0,0.0,0.31622776,0.007518797,9.800959,0.02186216,0.026372783,0.0054361136,4.914608,-0.023465157,0.012690823,91.40125,0.35035706,1.9399996,449.20135,0.33728832,15.955908,965.0394,79.008934,-1.5403978,0.23114598,-0.011163039,-4.0,0.0,0.77803665,0.0,0.0,0.0,0.0,0.0,0.0,0.0,0.0,0.0,0.0,0.008034904,0.0,0.0,0.0,0.0,1.0,1.0,1.0,1.0,1.0,0.0,0.0,0.0,2,test/100/2/0,117
15.105087,-0.074728966,0.4990782,-0.08639546,964.9293,-0.190979,0.15139778,-0.004637754,79.0,0.0,0.31622776,0.007518797,9.871742,0.025588239,0.057779394,0.003014557,4.94273,0.028121948,0.013312167,89.25631,-2.1449432,1.9700279,441.16986,0.22902435,15.870826,965.0284,79.00803,-1.5343049,-0.28305748,-0.010046735,-4.0,0.0,0.7118759,0.0,0.0,0.0,0.0,0.0,0.0,0.0,0.0,0.0,0.0,0.008034904,0.0,0.0,0.0,0.0,1.0,1.0,1.0,1.0,1.0,0.0,0.0,0.0,2,test/100/2/0,118
14.994707,-0.11038017,0.5007848,-0.086693965,965.1019,0.17260742,0.14993897,-0.0054802685,79.0,0.0,0.31622776,0.007518797,9.775005,0.026601339,-0.16751999,0.0063118436,4.921086,-0.021644115,0.013315035,91.23128,1.974968,1.8832381,448.95694,0.0640215,15.783214,965.03577,79.00723,-1.5745414,0.18909591,-0.009042062,-4.0,0.0,0.6452384,0.0,0.0,0.0,0.0,0.0,0.0,0.0,0.0,0.0,0.0,0.008034904,0.0,0.0,0.0,0.0,1.0,1.0,1.0,1.0,1.0,0.0,0.0,0.0,2,test/100/2/0,119
14.8611965,-0.13351059,0.50222605,-0.08693371,965.0988,-0.003112793,0.14871372,-0.0033564747,79.0,0.0,0.31622776,0.007518797,9.771737,0.027122486,0.09346729,0.007726917,4.9421425,0.021056652,0.013789272,95.57507,4.343796,2.139654,472.34564,0.4689581,15.691011,965.04205,79.00651,-1.6522746,0.162182,-0.008137856,-4.0,0.0,0.57813364,0.0,0.0,0.0,0.0,0.0,0.0,0.0,0.0,0.0,0.0,0.008034904,0.0,0.0,0.0,0.0,1.0,1.0,1.0,1.0,1.0,0.0,0.0,0.0,2,test/100/2/0,120
14.776924,-0.084272385,0.49961987,-0.08650773,964.743,-0.35583496,0.16335079,-0.0081453025,79.0,0.0,0.31622776,0.007518797,9.818742,0.027179992,0.050273735,0.0034159548,4.9562078,0.014065266,0.015398178,93.5062,-2.0688705,2.2001505,463.4362,0.71464556,15.599603,965.01215,79.00586,-1.6466098,-0.7690404,-0.00732407,-4.0,-0.09722718,0.51057094,0.0,0.0,0.0,0.0,0.0,0.0,0.0,0.0,0.0,0.0,0.008034904,0.0,0.0,0.0,0.0,1.0,1.0,1.0,1.0,1.0,0.0,0.0,0.0,2,test/100/2/0,121
14.737388,-0.039536476,0.49783862,-0.08619987,964.75616,0.013183594,0.15709923,-0.0071431324,79.0,0.0,0.31622776,0.007518797,9.800942,0.027177881,-0.064803444,0.0022760534,4.894691,-0.06151676,0.01634863,91.896576,-1.6096268,2.0013483,449.80533,0.38276678,15.513382,964.9866,79.00527,-1.5587257,-0.65823567,-0.006591663,-4.0,-0.18317632,0.44255954,0.0,0.0,0.0,0.0,0.0,0.0,0.0,0.0,0.0,7.699285,0.010173594,0.0125,0.0,0.0,0.0,1.0,1.0,1.0,1.0,1.0,0.0,0.0,0.0,2,test/100/2/0,122
14.678093,-0.0592947,0.4986562,-0.086347975,964.87665,0.1204834,0.15485874,-0.011816177,79.0,0.0,0.21794495,-0.008270676,9.853962,0.028616276,0.07081823,0.008207821,4.9233623,0.028671265,0.016160801,91.60466,-0.2919159,1.9957803,451.00293,0.4593028,15.4298525,964.9756,79.004745,-1.5075711,-0.28259766,-0.005932497,-4.0,-0.19675884,0.37410834,0.0,0.0,0.0,0.0,0.0,0.0,0.0,0.0,0.0,0.0,0.010173594,0.0,0.0,0.0,0.0,1.0,1.0,1.0,1.0,1.0,0.0,0.0,0.0,2,test/100/2/0,123
14.583284,-0.09480858,0.49323463,-0.08542142,965.057,0.18035889,0.15019701,-0.013809732,78.0,-1.0,0.31622776,-0.02406015,9.75564,0.0305526,-0.15134157,0.0060284697,4.9306455,0.0072832108,0.016144782,92.50089,0.8962326,2.0088758,456.08908,0.5569461,15.345196,964.9837,78.904274,-1.5447242,0.2094421,-1.1303393,-4.0,-0.10520748,-0.08365599,0.0,0.0,0.0,0.0,0.0,0.0,0.0,0.0,0.0,5.4925017,0.011699289,0.025,0.0,0.0,0.0,1.0,1.0,1.0,1.0,1.0,0.0,0.0,0.0,2,test/100/2/0,124
14.48868,-0.09460449,0.4929661,-0.08537467,964.87396,-0.18304443,0.104324274,-0.008257552,79.0,1.0,0.31622776,-0.02406015,9.777177,0.030849243,0.119858496,0.0034904936,4.924907,-0.0057382584,0.015899986,90.595024,-1.9058685,1.9327819,446.1721,0.27820438,15.259544,964.9727,78.91384,-1.5637269,-0.2821878,0.10769468,-4.0,-0.118283965,-0.023186691,0.0,0.0,0.0,0.0,0.0,0.0,0.0,0.0,0.0,0.0,0.009137347,0.0,0.0,0.0,0.0,1.0,1.0,1.0,1.0,1.0,0.0,0.0,0.0,2,test/100/2/0,125
14.478663,-0.010016441,0.49033892,-0.0848856,964.64136,-0.23260498,0.1276934,-0.012192346,79.0,0.0,0.31622776,-0.02406015,9.814133,0.028966827,0.015419131,0.0046192287,4.917899,-0.0070080757,0.01589658,91.633575,1.0385513,1.9237497,450.64468,0.32564005,15.181457,964.9396,78.92246,-1.4332795,-0.8520961,0.09692521,-4.0,-0.26221606,0.0,0.0,0.0,0.0,0.0,0.0,0.0,0.0,0.0,0.0,0.0,0.009137347,0.0,0.0,0.0,0.0,1.0,1.0,1.0,1.0,1.0,0.0,0.0,0.0,2,test/100/2/0,126
14.367058,-0.111605644,0.48627737,-0.084168814,964.9325,0.2911377,0.12579848,-0.01113474,79.0,0.0,0.31622776,-0.02406015,9.82563,0.029392527,-0.025457827,0.0017364646,4.9040594,-0.013839722,0.016518274,91.877144,0.24356842,1.9249603,450.57098,0.32626122,15.100017,964.9389,78.930214,-1.5072849,-0.01824671,0.08723269,-4.0,-0.23510511,0.0,0.0,0.0,0.0,0.0,0.0,0.0,0.0,0.0,0.0,0.0,0.009137347,0.0,0.0,0.0,0.0,1.0,1.0,1.0,1.0,1.0,0.0,0.0,0.0,2,test/100/2/0,127
14.196926,-0.17013168,0.49192828,-0.08513348,964.9321,-0.00036621094,0.12469617,-0.010355922,79.0,0.0,0.21794495,-0.008270676,9.8316,0.029372992,-0.0055282037,0.0040879906,4.9269476,0.022888184,0.01647286,92.79504,0.91789246,1.9449155,457.1963,0.42287424,15.009707,964.93823,78.937195,-1.6522352,-0.017363723,0.07850942,-4.0,-0.20694564,0.0,0.0,0.0,0.0,0.0,0.0,0.0,0.0,0.0,0.0,0.0,0.009137347,0.0,0.0,0.0,0.0,1.0,1.0,1.0,1.0,1.0,0.0,0.0,0.0,2,test/100/2/0,128
14.125439,-0.07148743,0.49226272,-0.08518995,965.0313,0.09918213,0.124455996,-0.007996982,79.0,0.0,0.21794495,-0.006766917,9.799541,0.029123144,-0.03802837,0.0075031524,4.9222946,-0.004652977,0.016248947,95.49506,2.7000275,1.9632168,470.05487,0.4501461,14.921281,964.9475,78.943474,-1.6167012,0.23941241,0.070658475,-4.0,-0.12087386,0.0,0.0,0.0,0.0,0.0,0.0,0.0,0.0,0.0,0.0,0.0,0.009137347,0.0,0.0,0.0,0.0,1.0,1.0,1.0,1.0,1.0,0.0,0.0,0.0,2,test/100/2/0,129
14.092227,-0.033211708,0.49021158,-0.08482827,965.0837,0.052368164,0.12749992,-0.005959739,79.0,0.0,0.21794495,-0.005263158,9.807011,0.02820091,0.0395285,0.0034033216,4.9142175,-0.008077145,0.015127197,94.255264,-1.2397995,1.9980556,463.19092,0.76290727,14.838375,964.9611,78.94913,-1.522094,0.35013217,0.06359263,-4.0,-0.004798848,0.0,0.0,0.0,0.0,0.0,0.0,0.0,0.0,0.0,0.0,5.9002695,0.010776311,0.0125,0.0,0.0,0.0,1.0,1.0,1.0,1.0,1.0,0.0,0.0,0.0,2,test/100/2/0,130
13.958421,-0.13380623,0.49445853,-0.08556755,964.8551,-0.22857666,0.12929904,-0.006938917,79.0,0.0,0.21794495,-0.0037593986,9.778047,0.027978243,-0.036433943,0.006198452,4.9092426,-0.004974842,0.014381376,95.80323,1.547966,2.1648512,470.3213,0.9806322,14.75038,964.9505,78.954216,-1.6016691,-0.27264962,0.057233367,-4.0,-0.019860573,0.0,0.0,0.0,0.0,0.0,0.0,0.0,0.0,0.0,0.0,9.67922,0.010986833,0.0125,0.0,0.0,0.0,1.0,1.0,1.0,1.0,1.0,0.0,0.0,0.0,2,test/100/2/0,131
13.8520565,-0.10636425,0.49344447,-0.08540009,965.2207,0.3656006,0.14151442,-0.0024471427,79.0,0.0,0.21794495,-0.002255639,9.791574,0.028036328,0.04249137,0.008324582,4.926215,0.016972542,0.014044084,92.51888,-3.2843475,2.084835,455.76794,0.83079207,14.660547,964.97754,78.95879,-1.6384637,0.6947311,0.051510032,-4.0,0.015954131,0.0,0.0,0.0,0.0,0.0,0.0,0.0,0.0,0.0,0.0,0.0,0.010986833,0.0,0.0,0.0,0.0,1.0,1.0,1.0,1.0,1.0,0.0,0.0,0.0,2,test/100/2/0,132
13.843922,-0.008134842,0.49123546,-0.085005485,964.7639,-0.4567871,0.1475152,-0.004482459,79.0,0.0,0.21794495,-0.0007518797,9.790493,0.027447758,-0.01460828,0.005289477,4.9271836,0.00096845627,0.013869542,92.779274,0.26039124,1.761189,457.14053,0.47684678,14.578885,964.9562,78.96291,-1.4961524,-0.5493374,0.04635903,-4.0,-0.067186154,0.0,0.0,0.0,0.0,0.0,0.0,0.0,0.0,0.0,0.0,0.0,0.010986833,0.0,0.0,0.0,0.0,1.0,1.0,1.0,1.0,1.0,0.0,0.0,0.0,2,test/100/2/0,133
13.686488,-0.15743351,0.4946733,-0.08559212,965.1294,0.36547852,0.15110922,-0.00045156837,79.0,0.0,0.21794495,0.0007518797,9.816745,0.02743588,0.027333193,0.0027836715,4.9340343,0.0068507195,0.013891637,97.531395,4.752121,2.016344,481.22324,0.99727416,14.489645,964.9735,78.96662,-1.6236109,0.44539824,0.041723125,-4.0,0.0,0.0,0.0,0.0,0.0,0.0,0.0,0.0,0.0,0.0,0.0,0.0,0.010986833,0.0,0.0,0.0,0.0,1.0,1.0,1.0,1.0,1.0,0.0,0.0,0.0,2,test/100/2/0,134
13.611055,-0.07543278,0.49627504,-0.08586717,965.03156,-0.097839355,0.15050602,0.002117094,79.0,0.0,0.21794495,0.002255639,9.8369055,0.028374828,-0.006090728,0.00530001,4.9222984,-0.011735916,0.013760021,95.03223,-2.4991684,2.0398312,467.77698,1.0178127,14.401786,964.9793,78.96996,-1.5933318,0.1492715,0.03755081,-4.0,0.0,0.0,0.0,0.0,0.0,0.0,0.0,0.0,0.0,0.0,0.0,0.0,0.010986833,0.0,0.0,0.0,0.0,1.0,1.0,1.0,1.0,1.0,0.0,0.0,0.0,2,test/100/2/0,135
13.547497,-0.06355858,0.494613,-0.08558036,964.8906,-0.14093018,0.15117852,0.0010257119,79.0,0.0,0.21794495,0.0037593986,9.812627,0.028130151,-0.044440825,0.0056651803,4.923655,0.0013566017,0.013410734,94.912674,-0.11955261,2.0368261,467.31726,1.0310435,14.316358,964.97046,78.97296,-1.5544686,-0.22804752,0.03379573,-4.0,0.0,0.0,0.0,0.0,0.0,0.0,0.0,0.0,0.0,0.0,0.0,0.0,0.007992021,0.0,0.0,0.0,0.0,1.0,1.0,1.0,1.0,1.0,0.0,0.0,0.0,2,test/100/2/0,136
13.445665,-0.101831436,0.49499008,-0.08564507,965.309,0.418396,0.16641851,0.008739179,78.0,-1.0,0.3,-0.009022556,9.757513,0.030084621,-0.030834213,0.0077333613,4.928765,0.005109787,0.013273385,100.34154,5.4288635,2.53329,494.55988,1.4002897,14.229288,965.0043,78.87566,-1.5831078,0.87063265,-1.0945839,-4.0,0.0680479,-0.13983633,0.0,0.0,0.0,0.0,0.0,0.0,0.0,0.0,0.0,0.0,0.007992021,0.0,0.0,0.0,0.0,1.0,1.0,1.0,1.0,1.0,0.0,0.0,0.0,2,test/100/2/0,137
13.3568735,-0.08879185,0.49443406,-0.08555043,964.9057,-0.4033203,0.16673617,0.0073916786,79.0,1.0,0.3,-0.0060150377,9.819578,0.026129153,0.117179565,0.0058367997,4.9156713,-0.0130934715,0.012727241,93.64778,-6.693756,2.3334377,460.34174,1.0856838,14.142047,964.99445,78.8881,-1.5880238,-0.25354,0.13987455,-4.0,0.0,-0.025075933,0.0,0.0,0.0,0.0,0.0,0.0,0.0,0.0,0.0,0.0,0.007992021,0.0,0.0,0.0,0.0,1.0,1.0,1.0,1.0,1.0,0.0,0.0,0.0,2,test/100/2/0,138
13.253806,-0.1030674,0.497304,-0.08604213,965.0038,0.098083496,0.16395871,0.010206271,79.0,0.0,0.3,-0.0030075188,9.78424,0.0257314,-0.09740445,0.0026727968,4.934331,0.018659592,0.012938874,91.50523,-2.1425476,2.3192165,451.51712,0.73913604,14.053223,964.99536,78.89929,-1.6075006,0.02402871,0.12588708,-4.0,0.0,0.0,0.0,0.0,0.0,0.0,0.0,0.0,0.0,0.0,0.0,0.0,0.007992021,0.0,0.0,0.0,0.0,1.0,1.0,1.0,1.0,1.0,0.0,0.0,0.0,2,test/100/2/0,139
13.133522,-0.12028408,0.50702876,-0.08774234,965.0894,0.085632324,0.16356401,0.014342619,79.0,0.0,0.3,0.0,9.854741,0.027139949,0.10583981,0.0045443033,4.943386,0.009055138,0.013028881,94.834526,3.3292923,2.2962244,468.80368,1.0049845,13.961252,965.00476,78.90936,-1.6325119,0.24182324,0.11329838,-4.0,0.0,0.0,0.0,0.0,0.0,0.0,0.0,0.0,0.0,0.0,0.0,0.0,0.007992021,0.0,0.0,0.0,0.0,1.0,1.0,1.0,1.0,1.0,0.0,0.0,0.0,2,test/100/2/0,140
13.054543,-0.07897949,0.5157697,-0.08930344,964.90436,-0.1850586,0.1566747,0.01023096,79.0,0.0,0.3,0.0030075188,9.841578,0.028100925,-0.0836651,0.0072173853,4.937387,-0.0059990883,0.011223241,98.42755,3.5930252,2.510273,485.97495,1.3807874,13.870582,964.99475,78.91843,-1.5821768,-0.25822404,0.10196854,-4.0,0.0,0.0,0.0,0.0,0.0,0.0,0.0,0.0,0.0,0.0,0.0,0.0,0.007992021,0.0,0.0,0.0,0.0,1.0,1.0,1.0,1.0,1.0,0.0,0.0,0.0,2,test/100/2/0,141
13.014127,-0.040415764,0.51672804,-0.08947612,964.97125,0.06689453,0.14921527,0.007040428,79.0,0.0,0.3,0.0060150377,9.848409,0.029421603,0.019994825,0.003634054,4.9117675,-0.025619507,0.009558697,93.960625,-4.4669266,2.4636977,461.51276,1.1580135,13.784936,964.9924,78.92658,-1.4917117,-0.060387123,0.091771685,-4.0,0.0,0.0,0.0,0.0,0.0,0.0,0.0,0.0,0.0,0.0,0.0,0.0,0.005853331,0.0,0.0,0.0,0.0,1.0,1.0,1.0,1.0,1.0,0.0,0.0,0.0,2,test/100/2/0,142
12.871338,-0.14278889,0.519958,-0.0900335,965.05725,0.085998535,0.14844249,0.006657375,78.0,-1.0,0.35707143,-0.005263158,9.777379,0.028397989,-0.07786017,0.007566936,4.9297433,0.017975807,0.009641111,97.08088,3.1202545,2.4751499,478.5838,1.180416,13.693576,964.9989,78.83392,-1.5813553,0.16679068,-1.0424055,-4.0,0.0,-0.13761856,0.0,0.0,0.0,0.0,0.0,0.0,0.0,0.0,0.0,9.603201,0.008520886,0.025,0.0,0.0,0.0,1.0,1.0,1.0,1.0,1.0,0.0,0.0,0.0,2,test/100/2/0,143
12.8334465,-0.037891388,0.5192791,-0.08991224,965.12585,0.068603516,0.15086938,0.009830561,79.0,1.0,0.3,-0.016541352,9.850676,0.027506199,0.14432558,0.0028059615,4.9294186,-0.0003247261,0.009603943,99.449936,2.3690567,2.6677353,490.23038,1.4080309,13.607563,965.0116,78.85053,-1.4907527,0.32652065,0.18683507,-4.0,0.0,-0.020684754,0.0,0.0,0.0,0.0,0.0,0.0,0.0,0.0,0.0,0.0,0.006995192,0.0,0.0,0.0,0.0,1.0,1.0,1.0,1.0,1.0,0.0,0.0,0.0,2,test/100/2/0,144
12.770026,-0.063420296,0.51733404,-0.08955941,964.95074,-0.17510986,0.1488917,0.0075084716,79.0,0.0,0.3,-0.013533834,9.81319,0.026404198,-0.110780925,0.0019327038,4.9064507,-0.022967815,0.010346873,95.77697,-3.672966,2.5005555,469.92496,1.1376438,13.523809,965.0055,78.86548,-1.4570533,-0.15641391,0.16815156,-4.0,0.0,0.0,0.0,0.0,0.0,0.0,0.0,0.0,0.0,0.0,0.0,0.0,0.006995192,0.0,0.0,0.0,0.0,1.0,1.0,1.0,1.0,1.0,0.0,0.0,0.0,2,test/100/2/0,145
12.578367,-0.19165897,0.5170828,-0.08951827,964.94006,-0.010681152,0.12628734,0.0012456219,79.0,0.0,0.3,-0.010526316,9.810972,0.026403893,0.035266098,0.011245017,4.944224,0.037773132,0.011220211,93.78245,-1.9945221,2.398412,463.68143,0.8129649,13.429265,964.99896,78.87893,-1.6455742,-0.16823834,0.1513364,-4.0,0.0,0.0,0.0,0.0,0.0,0.0,0.0,0.0,0.0,0.0,0.0,0.0,0.006995192,0.0,0.0,0.0,0.0,1.0,1.0,1.0,1.0,1.0,0.0,0.0,0.0,2,test/100/2/0,146
12.446657,-0.13171005,0.52166265,-0.090263315,964.9214,-0.018676758,0.1266352,-0.0011363094,79.0,0.0,0.3,-0.007518797,9.818699,0.026273428,0.0099454345,0.0041195727,4.8840985,-0.06012535,0.013628979,94.94824,1.1657944,2.2833233,463.73657,0.46830595,13.331004,964.9912,78.89104,-1.6952474,-0.19944046,0.13620277,-4.0,0.0,0.0,0.0,0.0,0.0,0.0,0.0,0.0,0.0,0.0,0.0,11.064632,0.010068701,0.0125,0.0,0.0,0.0,1.0,1.0,1.0,1.0,1.0,0.0,0.0,0.0,2,test/100/2/0,147
12.4611025,0.014445305,0.52352446,-0.09060047,964.86865,-0.052734375,0.1292126,-0.004260667,79.0,0.0,0.3,-0.004511278,9.810516,0.025889069,-0.015910193,0.004459265,4.920391,0.036292553,0.013622563,95.50361,0.5553665,2.2133098,469.9151,0.29672387,13.244015,964.97894,78.90193,-1.4954637,-0.3150991,0.12258249,-4.0,-0.0013904601,0.0,0.0,0.0,0.0,0.0,0.0,0.0,0.0,0.0,0.0,0.0,0.010068701,0.0,0.0,0.0,0.0,1.0,1.0,1.0,1.0,1.0,0.0,0.0,0.0,2,test/100/2/0,148
12.362486,-0.0986166,0.52500284,-0.09086491,964.90344,0.03479004,0.130792,-0.0052265367,79.0,0.0,0.3,-0.0015037594,9.769604,0.027334718,-0.032729466,0.0030104935,4.9222455,0.0018544197,0.013622738,98.341965,2.838356,2.3057878,484.06326,0.51116264,13.155862,964.9714,78.91174,-1.5111834,-0.19412908,0.11032424,-4.0,0.0,0.0,0.0,0.0,0.0,0.0,0.0,0.0,0.0,0.0,0.0,0.0,0.010068701,0.0,0.0,0.0,0.0,1.0,1.0,1.0,1.0,1.0,0.0,0.0,0.0,2,test/100/2/0,149
12.337718,-0.024767876,0.51655436,-0.08935652,964.9098,0.0063476562,0.13047342,-0.0050825765,79.0,0.0,0.3,0.0015037594,9.779448,0.028110566,0.05075674,0.0026064299,4.9386897,0.016444206,0.01385479,96.79963,-1.5423355,2.3025925,478.0633,0.51044405,13.074047,964.9652,78.92056,-1.4254628,-0.15839364,0.09929182,-4.0,0.0,0.0,0.0,0.0,0.0,0.0,0.0,0.0,0.0,0.0,0.0,9.855222,0.011167299,0.0125,0.0,0.0,0.0,1.0,1.0,1.0,1.0,1.0,0.0,0.0,0.0,2,test/100/2/0,150
12.22623,-0.11148834,0.5140881,-0.0889152,964.9881,0.078308105,0.12689097,-0.0071675465,79.0,0.0,0.3,0.004511278,9.78358,0.027838862,-0.005711227,0.0031202757,4.935073,-0.0036168098,0.013577213,95.98486,-0.81476593,2.3035412,473.6923,0.53750294,12.989265,964.9675,78.92851,-1.4842508,0.058809433,0.089362636,-4.0,0.0,0.0,0.0,0.0,0.0,0.0,0.0,0.0,0.0,0.0,0.0,0.0,0.008478627,0.0,0.0,0.0,0.0,1.0,1.0,1.0,1.0,1.0,0.0,0.0,0.0,2,test/100/2/0,151
12.107235,-0.11899471,0.515965,-0.089248426,964.79083,-0.19726562,0.12306198,-0.0064979494,79.0,0.0,0.3,0.007518797,9.793165,0.027792813,0.0054525007,0.0069738,4.904142,-0.030930996,0.0143687315,101.3033,5.3184357,2.4928184,496.80573,0.6598949,12.901062,964.9498,78.93566,-1.5385295,-0.45432597,0.08042637,-4.0,-0.040971816,0.0,0.0,0.0,0.0,0.0,0.0,0.0,0.0,0.0,0.0,0.0,0.008478627,0.0,0.0,0.0,0.0,1.0,1.0,1.0,1.0,1.0,0.0,0.0,0.0,2,test/100/2/0,152
12.053889,-0.05334568,0.5078258,-0.087848395,965.0362,0.24536133,0.113927156,-0.008889196,79.0,0.0,0.3,0.010526316,9.829293,0.027822126,0.026542686,0.006446055,4.916746,0.012604237,0.014456429,97.51876,-3.7845383,2.3892636,479.475,0.49466667,12.816345,964.9585,78.94209,-1.5014119,0.22203575,0.07238373,-4.0,0.0,0.0,0.0,0.0,0.0,0.0,0.0,0.0,0.0,0.0,0.0,0.0,0.008478627,0.0,0.0,0.0,0.0,1.0,1.0,1.0,1.0,1.0,0.0,0.0,0.0,2,test/100/2/0,153
11.908496,-0.14539337,0.5105602,-0.08831943,964.93115,-0.105041504,0.10959385,-0.007419764,79.0,0.0,0.3,0.013533834,9.7927885,0.028039867,-0.07263291,0.0070680096,4.9343657,0.01761961,0.014467962,94.911446,-2.607315,2.391855,468.3278,0.51686,12.72556,964.95575,78.94788,-1.6003288,-0.07027455,0.06514536,-4.0,0.0,0.0,0.0,0.0,0.0,0.0,0.0,0.0,0.0,0.0,0.0,13.693993,0.012282513,0.0125,0.0,0.0,0.0,1.0,1.0,1.0,1.0,1.0,0.0,0.0,0.0,2,test/100/2/0,154
11.843783,-0.064712524,0.5100585,-0.08823229,965.21625,0.2850952,0.12103176,-0.0031242657,79.0,0.0,0.3,0.016541352,9.806226,0.027314475,0.04994251,0.0046765753,4.9230757,-0.011290073,0.014463999,97.53766,2.626213,2.392855,480.18524,0.51552784,12.6373825,964.9818,78.953094,-1.5558981,0.6698549,0.058630824,-4.0,0.025472982,0.0,0.0,0.0,0.0,0.0,0.0,0.0,0.0,0.0,0.0,0.0,0.012282513,0.0,0.0,0.0,0.0,1.0,1.0,1.0,1.0,1.0,0.0,0.0,0.0,2,test/100/2/0,155
11.8250475,-0.018735886,0.5017179,-0.08675882,964.848,-0.3682251,0.12304436,-0.006592072,79.0,0.0,0.3,0.019548872,9.823607,0.027517382,0.0039440603,0.0036778061,4.927499,0.0044231415,0.014481257,95.68489,-1.852768,2.375868,471.48718,0.36401996,12.556149,964.96844,78.95779,-1.4571961,-0.34399512,0.052767742,-4.0,-0.007250819,0.0,0.0,0.0,0.0,0.0,0.0,0.0,0.0,0.0,0.0,0.0,0.012282513,0.0,0.0,0.0,0.0,1.0,1.0,1.0,1.0,1.0,0.0,0.0,0.0,2,test/100/2/0,156
11.634322,-0.19072533,0.5033293,-0.08702771,964.82733,-0.020690918,0.10239205,-0.0036851468,78.0,-1.0,0.3,-0.007518797,9.825734,0.025141057,-0.0152554475,0.0076229386,4.9232135,-0.0042853355,0.014447589,94.138435,-1.5464554,2.2376523,463.46365,0.5217662,12.463966,964.9543,78.86201,-1.6483128,-0.36280084,-1.077509,-4.0,-0.024380002,-0.1392873,0.0,0.0,0.0,0.0,0.0,0.0,0.0,0.0,0.0,12.807079,0.015840035,0.025,0.0,0.0,0.0,1.0,1.0,1.0,1.0,1.0,0.0,0.0,0.0,2,test/100/2/0,157
11.606267,-0.028055191,0.49954402,-0.08637554,964.8718,0.04449463,0.10354134,-0.005786454,79.0,1.0,0.3,-0.004511278,9.752806,0.028125761,-0.07505476,0.004939099,4.9248033,0.0015897751,0.014317845,99.30946,5.171028,2.2728167,489.07953,0.55192834,12.378197,964.94604,78.87581,-1.5452679,-0.212106,0.15524188,-4.0,-0.013941101,-0.02398885,0.0,0.0,0.0,0.0,0.0,0.0,0.0,0.0,0.0,0.0,0.015840035,0.0,0.0,0.0,0.0,1.0,1.0,1.0,1.0,1.0,0.0,0.0,0.0,2,test/100/2/0,158
11.509618,-0.09664917,0.49793595,-0.08609896,964.7683,-0.103515625,0.11077645,-0.00776693,79.0,0.0,0.3,-0.0015037594,9.778318,0.028407564,0.09844176,0.002707103,4.92829,0.0034866333,0.014171344,97.791695,-1.5177689,2.0008762,481.9458,0.29762936,12.291339,964.9283,78.88823,-1.5699221,-0.45707843,0.13971768,-4.0,-0.061062764,0.0,0.0,0.0,0.0,0.0,0.0,0.0,0.0,0.0,0.0,0.0,0.015840035,0.0,0.0,0.0,0.0,1.0,1.0,1.0,1.0,1.0,0.0,0.0,0.0,2,test/100/2/0,159
11.391933,-0.117684364,0.5018803,-0.086779974,964.83234,0.06402588,0.10827762,-0.007126566,79.0,0.0,0.3,0.0015037594,9.75737,0.028329782,-0.046462208,0.008058658,4.9344993,0.0062093735,0.013695725,100.24511,2.453415,2.0998602,494.65942,0.4521418,12.201398,964.9187,78.89941,-1.6128639,-0.24673262,0.12574592,-4.0,-0.06885578,0.0,0.0,0.0,0.0,0.0,0.0,0.0,0.0,0.0,0.0,6.542584,0.01765742,0.0125,0.0,0.0,0.0,1.0,1.0,1.0,1.0,1.0,0.0,0.0,0.0,2,test/100/2/0,160
11.313189,-0.07874489,0.5043778,-0.08721402,964.8473,0.014953613,0.10974102,-0.008807969,79.0,0.0,0.3,0.004511278,9.781911,0.027248947,0.045490388,0.0013837998,4.94152,0.0070209503,0.013928303,97.91179,-2.3333206,2.0843573,483.83307,0.68423647,12.112577,964.91156,78.90946,-1.5849003,-0.1836072,0.113171324,-4.0,-0.066148005,0.0,0.0,0.0,0.0,0.0,0.0,0.0,0.0,0.0,0.0,0.0,0.01765742,0.0,0.0,0.0,0.0,1.0,1.0,1.0,1.0,1.0,0.0,0.0,0.0,2,test/100/2/0,161
11.2429285,-0.07026005,0.5011996,-0.08667135,965.0562,0.20892334,0.11284443,-0.0063627088,79.0,0.0,0.3,0.007518797,9.826524,0.025684983,0.020070864,0.0033975434,4.939556,-0.0019640923,0.0140231745,95.90498,-2.0068054,1.9881595,473.72803,0.38894916,12.025612,964.926,78.91852,-1.5616206,0.37198496,0.10185419,-4.0,0.0,0.0,0.0,0.0,0.0,0.0,0.0,0.0,0.0,0.0,0.0,0.0,0.01765742,0.0,0.0,0.0,0.0,1.0,1.0,1.0,1.0,1.0,0.0,0.0,0.0,2,test/100/2/0,162
11.088861,-0.15406704,0.50853306,-0.08792075,965.02814,-0.028076172,0.11143116,-0.003088425,79.0,0.0,0.21794495,-0.005263158,9.857077,0.028078282,-0.014058987,0.0057908767,4.927861,-0.011694908,0.014000024,99.09463,3.1896439,2.0402036,488.3246,0.5533581,11.931937,964.9362,78.92667,-1.657858,0.2625906,0.09166877,-4.0,0.0,0.0,0.0,0.0,0.0,0.0,0.0,0.0,0.0,0.0,0.0,0.0,0.014989864,0.0,0.0,0.0,0.0,1.0,1.0,1.0,1.0,1.0,0.0,0.0,0.0,2,test/100/2/0,163
11.070513,-0.018348694,0.5052337,-0.08735014,964.9848,-0.04333496,0.10316518,0.0006937816,79.0,0.0,0.21794495,-0.0037593986,9.825219,0.026419682,-0.062410492,0.002222846,4.9301586,0.0022974014,0.014011812,95.90861,-3.18602,1.9811294,472.84467,0.66587085,11.845795,964.9411,78.934,-1.5345016,0.12489878,0.082501896,-4.0,0.0,0.0,0.0,0.0,0.0,0.0,0.0,0.0,0.0,0.0,0.0,0.0,0.014989864,0.0,0.0,0.0,0.0,1.0,1.0,1.0,1.0,1.0,0.0,0.0,0.0,2,test/100/2/0,164
10.980207,-0.09030533,0.49972534,-0.08641995,965.3078,0.32299805,0.13259235,0.0065374617,79.0,0.0,0.21794495,-0.002255639,9.799016,0.026294501,0.0056540794,0.006303671,4.9450207,0.014862061,0.013932632,96.98854,1.0799332,1.9637011,479.61038,0.5805687,11.759236,964.9778,78.9406,-1.5589134,0.9429753,0.074251704,-4.0,0.086742945,0.0,0.0,0.0,0.0,0.0,0.0,0.0,0.0,0.0,0.0,0.0,0.014989864,0.0,0.0,0.0,0.0,1.0,1.0,1.0,1.0,1.0,0.0,0.0,0.0,2,test/100/2/0,165
10.899289,-0.08091831,0.50284666,-0.08698047,965.0721,-0.23571777,0.13549171,0.008308169,79.0,0.0,0.21794495,-0.0007518797,9.801164,0.02619697,0.028350731,0.003385643,4.933847,-0.011173725,0.013477533,97.746635,0.7580948,1.8261449,482.26694,0.42007074,11.673242,964.9872,78.94654,-1.5391414,0.24254636,0.06682654,-4.0,0.03525516,0.0,0.0,0.0,0.0,0.0,0.0,0.0,0.0,0.0,0.0,0.0,0.014989864,0.0,0.0,0.0,0.0,1.0,1.0,1.0,1.0,1.0,0.0,0.0,0.0,2,test/100/2/0,166
10.796879,-0.10241032,0.51138264,-0.0885587,965.25183,0.17974854,0.15027557,0.012153293,79.0,0.0,0.21794495,0.0007518797,9.85712,0.02873884,0.05380795,0.0031877342,4.9143543,-0.019492626,0.009801334,94.56723,-3.1794052,1.8511306,464.73688,-0.017934078,11.585605,965.0137,78.95188,-1.5423406,0.68050224,0.06014388,-4.0,0.08571058,0.0,0.0,0.0,0.0,0.0,0.0,0.0,0.0,0.0,0.0,0.0,0.011916355,0.0,0.0,0.0,0.0,1.0,1.0,1.0,1.0,1.0,0.0,0.0,0.0,2,test/100/2/0,167
10.725312,-0.07156658,0.51077086,-0.08845036,964.923,-0.32885742,0.14895827,0.009970896,79.0,0.0,0.21794495,0.002255639,9.824171,0.02908076,-0.088903725,0.005429025,4.9344473,0.020092964,0.009714921,94.91593,0.34870148,1.8815981,468.35767,-0.30816185,11.499576,965.0046,78.956696,-1.5158725,-0.23318136,0.054129492,-4.0,0.0,0.0,0.0,0.0,0.0,0.0,0.0,0.0,0.0,0.0,0.0,0.0,0.011916355,0.0,0.0,0.0,0.0,1.0,1.0,1.0,1.0,1.0,0.0,0.0,0.0,2,test/100/2/0,168
10.612566,-0.11274624,0.51332307,-0.08889957,964.9319,0.008911133,0.14845349,0.0083834315,79.0,0.0,0.21794495,0.0037593986,9.819582,0.028220417,0.028358854,0.0026986478,4.9407625,0.0063152313,0.0099102985,93.36481,-1.5511246,2.0283024,461.29333,-0.47357458,11.410874,964.9973,78.96103,-1.5551779,-0.18694888,0.048716545,-4.0,0.0,0.0,0.0,0.0,0.0,0.0,0.0,0.0,0.0,0.0,0.0,0.0,0.011916355,0.0,0.0,0.0,0.0,1.0,1.0,1.0,1.0,1.0,0.0,0.0,0.0,2,test/100/2/0,169
10.501344,-0.11122227,0.5121186,-0.088697284,965.194,0.26208496,0.15533996,0.010597493,79.0,0.0,0.21794495,0.005263158,9.813339,0.027603589,-0.0016528844,0.0059650983,4.9365416,-0.0042209625,0.0098256925,95.03904,1.6742325,2.0677633,469.16415,-0.5870429,11.3199215,965.01697,78.96493,-1.5984148,0.5056788,0.04384489,-4.0,0.016471634,0.0,0.0,0.0,0.0,0.0,0.0,0.0,0.0,0.0,0.0,13.310395,0.012876125,0.0125,0.0,0.0,0.0,1.0,1.0,1.0,1.0,1.0,0.0,0.0,0.0,2,test/100/2/0,170
10.431172,-0.070171356,0.51094615,-0.08849632,964.7547,-0.43927002,0.16326147,0.0073453747,79.0,0.0,0.21794495,0.006766917,9.748238,0.030091202,-0.05886021,0.00461055,4.9425945,0.006052971,0.010159036,95.16321,0.124168396,2.091446,470.35315,-0.7391592,11.231047,964.9908,78.96843,-1.5654768,-0.67444056,0.039460402,-4.0,-0.05666924,0.0,0.0,0.0,0.0,0.0,0.0,0.0,0.0,0.0,0.0,0.0,0.012876125,0.0,0.0,0.0,0.0,1.0,1.0,1.0,1.0,1.0,0.0,0.0,0.0,2,test/100/2/0,171
10.319031,-0.11214161,0.5143132,-0.089076914,964.92694,0.17224121,0.15825716,0.0037900996,79.0,0.0,0.21794495,0.008270676,9.794898,0.030057656,0.1117635,0.0023415138,4.9026012,-0.039993286,0.010359924,93.78446,-1.378746,1.9072608,459.7878,-0.67223877,11.139845,964.9844,78.97159,-1.5959426,-0.16409056,0.035514362,-4.0,-0.011981545,0.0,0.0,0.0,0.0,0.0,0.0,0.0,0.0,0.0,0.0,0.0,0.012876125,0.0,0.0,0.0,0.0,1.0,1.0,1.0,1.0,1.0,0.0,0.0,0.0,2,test/100/2/0,172
10.289438,-0.029592514,0.5094802,-0.08823352,964.73376,-0.19317627,0.16644989,0.0011446157,79.0,0.0,0.21794495,0.009774436,9.824681,0.029893147,-0.016878176,0.004913548,4.9394884,0.03688717,0.010077371,90.88973,-2.8947296,2.228831,448.94876,-0.97813874,11.054805,964.9593,78.97443,-1.5022491,-0.6444205,0.031962924,-4.0,-0.076774046,0.0,0.0,0.0,0.0,0.0,0.0,0.0,0.0,0.0,0.0,14.219472,0.016825978,0.0125,0.0,0.0,0.0,1.0,1.0,1.0,1.0,1.0,0.0,0.0,0.0,2,test/100/2/0,173
10.175352,-0.11408615,0.5118995,-0.08866232,965.0444,0.3106079,0.16711351,0.0017326183,79.0,0.0,0.21794495,0.011278195,9.786436,0.030059703,-0.06802816,0.0017369149,4.928885,-0.010603428,0.010062747,93.93198,3.042244,2.2636867,462.9799,-1.2136986,10.966859,964.96783,78.97699,-1.5462159,0.21872762,0.028766632,-4.0,0.0,0.0,0.0,0.0,0.0,0.0,0.0,0.0,0.0,0.0,0.0,0.0,0.013022092,0.0,0.0,0.0,0.0,1.0,1.0,1.0,1.0,1.0,0.0,0.0,0.0,2,test/100/2/0,174
10.173824,-0.0015277863,0.5057127,-0.087528475,965.01044,-0.033935547,0.15777306,0.0061670747,79.0,0.0,0.21794495,0.012781955,9.780686,0.030526638,0.032496136,0.007179304,4.9407797,0.011894703,0.010109624,94.88783,0.9558563,2.2470589,468.8199,-1.170565,10.887556,964.9721,78.97929,-1.4113379,0.10959203,0.025889968,-4.0,0.0,0.0,0.0,0.0,0.0,0.0,0.0,0.0,0.0,0.0,0.0,0.0,0.013022092,0.0,0.0,0.0,0.0,1.0,1.0,1.0,1.0,1.0,0.0,0.0,0.0,2,test/100/2/0,175
10.024186,-0.14963818,0.4984885,-0.086316936,964.7257,-0.284729,0.16426142,0.0010293832,79.0,0.0,0.21794495,0.014285714,9.852092,0.03204001,0.07715378,0.003920396,4.9357886,-0.0049910545,0.010093224,94.25669,-0.63114166,2.2741294,465.2311,-1.2989467,10.801219,964.94745,78.98136,-1.5587775,-0.63352746,0.023300972,-4.0,-0.066934034,0.0,0.0,0.0,0.0,0.0,0.0,0.0,0.0,0.0,0.0,0.0,0.013022092,0.0,0.0,0.0,0.0,1.0,1.0,1.0,1.0,1.0,0.0,0.0,0.0,2,test/100/2/0,176
9.9295635,-0.09462261,0.5010043,-0.08676054,964.92773,0.20202637,0.16181001,-0.0013649848,79.0,0.0,0.0,0.0,9.842154,0.032754965,-0.081342705,0.0058455095,4.925301,-0.010487556,0.010009675,95.41105,1.1543579,2.244583,469.9281,-1.4775082,10.714053,964.9455,78.98322,-1.5658344,-0.050678354,0.020970875,-4.0,-0.015285751,0.0,0.0,0.0,0.0,0.0,0.0,0.0,0.0,0.0,0.0,0.0,0.009464569,0.0,0.0,0.0,0.0,1.0,1.0,1.0,1.0,1.0,0.0,0.0,0.0,2,test/100/2/0,177
9.758377,-0.17118645,0.505695,-0.0875291,964.98236,0.054626465,0.1605989,-0.0024274094,79.0,0.0,0.0,0.0,9.78614,0.030787654,-0.046074424,0.0037977626,4.935965,0.010663986,0.009883435,95.15985,-0.25119781,2.103064,469.70572,-1.2645065,10.618485,964.94916,78.9849,-1.7008444,0.094857536,0.018873787,-4.0,0.0,0.0,0.0,0.0,0.0,0.0,0.0,0.0,0.0,0.0,0.0,0.0,0.009464569,0.0,0.0,0.0,0.0,1.0,1.0,1.0,1.0,1.0,0.0,0.0,0.0,2,test/100/2/0,178
9.709341,-0.049036026,0.50697374,-0.08774542,964.8921,-0.090270996,0.15518668,-0.006580095,78.0,-1.0,0.21794495,-0.014285714,9.809992,0.030035531,0.07986312,0.0051982,4.9403563,0.0043911934,0.0099508595,97.51054,2.3506851,2.0895853,481.7368,-0.96313643,10.527571,964.9435,78.88641,-1.6139498,-0.14675364,-1.1080136,-4.0,0.0,-0.14344834,0.0,0.0,0.0,0.0,0.0,0.0,0.0,0.0,0.0,0.0,0.009464569,0.0,0.0,0.0,0.0,1.0,1.0,1.0,1.0,1.0,0.0,0.0,0.0,2,test/100/2/0,179
21.24596,11.536619,2.382783,0.0776961,964.7571,-0.13500977,0.15936828,-0.01183669,79.0,1.0,0.21794495,-0.012781955,9.820555,0.027623849,-0.013287168,0.007477617,4.910018,-0.030338287,0.011184,90.81962,-6.690918,2.0591717,445.92596,-0.9722939,11.59941,964.9248,78.897766,4.0484385,-0.47924623,0.12778777,-4.0,-0.04381752,-0.03222772,0.0,0.0,0.0,0.0,0.0,0.0,0.0,0.0,0.0,0.0,0.007647185,0.0,0.0,0.0,0.0,1.0,1.0,1.0,1.0,1.0,0.0,0.0,0.0,0,test/100/2/0,180
21.17394,-0.07201958,3.2467902,0.22604735,964.94775,0.19067383,0.15706335,-0.0140200965,79.0,0.0,0.21794495,-0.011278195,9.775281,0.028026396,-0.055837445,0.0016138566,4.921454,0.011435986,0.011211205,98.16325,7.3436356,2.0766122,483.10593,-0.54796815,12.556863,964.9271,78.90799,2.6540296,0.05898251,0.11500899,-4.0,0.0,0.0,0.0,0.0,0.0,0.0,0.0,0.0,0.0,0.0,0.0,0.0,0.007647185,0.0,0.0,0.0,0.0,1.0,1.0,1.0,1.0,1.0,0.0,0.0,0.0,0,test/100/2/0,181
21.242989,0.06904793,3.870042,0.35944745,965.1091,0.16131592,0.15888168,-0.0107512735,79.0,0.0,0.21794495,-0.009774436,9.801235,0.027922744,0.07122805,0.0026686108,4.9273653,0.0059113503,0.011075746,93.015144,-5.1481094,2.120889,458.31958,-0.63619286,13.425476,964.9453,78.91719,2.0200071,0.4678966,0.10350809,-4.0,0.0,0.0,0.0,0.0,0.0,0.0,0.0,0.0,0.0,0.0,0.0,7.715006,0.009790243,0.0125,0.0,0.0,0.0,1.0,1.0,1.0,1.0,1.0,0.0,0.0,0.0,0,test/100/2/0,182
21.214878,-0.028110504,4.34361,0.47497562,964.8755,-0.23358154,0.15982264,-0.011342122,79.0,0.0,0.21794495,-0.008270676,9.804891,0.025852337,-0.022298675,0.007117284,4.9435306,0.016165257,0.011398187,91.391205,-1.6239395,2.0460982,451.7952,-0.56398046,14.204416,964.93835,78.925476,1.6139715,-0.17953129,0.093157284,-4.0,0.0,0.0,0.0,0.0,0.0,0.0,0.0,0.0,0.0,0.0,0.0,0.0,0.009790243,0.0,0.0,0.0,0.0,1.0,1.0,1.0,1.0,1.0,0.0,0.0,0.0,0,test/100/2/0,183
21.203924,-0.010953903,4.71502,0.57483053,964.8563,-0.019165039,0.16157624,-0.012661445,79.0,0.0,0.21794495,-0.006766917,9.803596,0.02557467,-0.0049502705,0.006904589,4.9007897,-0.04274082,0.013218156,95.333115,3.9419098,2.0321352,467.20758,-0.46107957,14.9043665,964.9301,78.93293,1.3360616,-0.2108597,0.083841555,-4.0,0.0,0.0,0.0,0.0,0.0,0.0,0.0,0.0,0.0,0.0,0.0,0.0,0.009790243,0.0,0.0,0.0,0.0,1.0,1.0,1.0,1.0,1.0,0.0,0.0,0.0,0,test/100/2/0,184
21.214388,0.010463715,5.006733,0.65817076,964.87836,0.022033691,0.14136185,-0.00837283,79.0,0.0,0.21794495,-0.005263158,9.7980385,0.025591321,-0.0042625386,0.011533694,4.9326987,0.03190899,0.012783445,94.50006,-0.8330536,1.9579489,466.14035,-0.25812086,15.535369,964.9249,78.93964,1.1342765,-0.13311566,0.0754574,-4.0,0.0,0.0,0.0,0.0,0.0,0.0,0.0,0.0,0.0,0.0,0.0,0.0,0.009790243,0.0,0.0,0.0,0.0,1.0,1.0,1.0,1.0,1.0,0.0,0.0,0.0,0,test/100/2/0,185
21.250414,0.036026,5.232571,0.7253583,964.7314,-0.14697266,0.14487259,-0.009259905,79.0,0.0,0.21794495,-0.0037593986,9.816538,0.025628904,0.024056919,0.001982775,4.962539,0.02984047,0.014674528,86.77065,-7.7294083,2.4462903,430.60275,-0.50064087,16.106873,964.9056,78.94567,0.9829853,-0.49773377,0.06791166,-4.0,-0.05281787,0.0,0.0,0.0,0.0,0.0,0.0,0.0,0.0,0.0,0.0,0.0,0.009790243,0.0,0.0,0.0,0.0,1.0,1.0,1.0,1.0,1.0,0.0,0.0,0.0,0,test/100/2/0,186
21.292915,0.04250145,5.3987155,0.7759704,964.95953,0.22814941,0.12420256,-0.0035372397,79.0,0.0,0.21794495,-0.002255639,9.796391,0.023100242,-0.038646746,0.0063053425,4.9245872,-0.037951946,0.014264415,98.00753,11.236877,2.600196,482.64664,-0.19877668,16.625477,964.911,78.9511,0.864546,0.13870952,0.06112049,-4.0,0.0,0.0,0.0,0.0,0.0,0.0,0.0,0.0,0.0,0.0,0.0,0.0,0.009790243,0.0,0.0,0.0,0.0,1.0,1.0,1.0,1.0,1.0,0.0,0.0,0.0,0,test/100/2/0,187
21.25014,-0.042776108,5.504909,0.8090579,965.34204,0.38250732,0.156178,0.0028968754,79.0,0.0,0.21794495,-0.0007518797,9.79992,0.022692177,0.023677062,0.001822492,4.9328284,0.008241177,0.014251053,93.15591,-4.8516235,2.6014094,459.5221,-0.19702475,17.087944,964.9541,78.95599,0.75608796,1.1084288,0.055008445,-4.0,0.119177006,0.0,0.0,0.0,0.0,0.0,0.0,0.0,0.0,0.0,0.0,0.0,0.009790243,0.0,0.0,0.0,0.0,1.0,1.0,1.0,1.0,1.0,0.0,0.0,0.0,0,test/100/2/0,188
21.279932,0.029792786,5.555916,0.824964,964.88214,-0.4598999,0.15650877,0.0022715174,79.0,0.0,0.21794495,0.0007518797,9.836684,0.023578221,0.033234317,0.004187741,4.96197,0.029141426,0.01564105,91.879745,-1.2761612,2.640179,455.9045,-0.34520808,17.507143,964.9469,78.960396,0.6790581,-0.1850138,0.0495076,-4.0,0.0,0.0,0.0,0.0,0.0,0.0,0.0,0.0,0.0,0.0,0.0,0.0,0.009790243,0.0,0.0,0.0,0.0,1.0,1.0,1.0,1.0,1.0,0.0,0.0,0.0,0,test/100/2/0,189
21.236372,-0.043560028,5.547836,0.8224505,964.96313,0.08099365,0.14440683,0.007016198,79.0,0.0,0.21794495,0.002255639,9.823653,0.02387488,-0.04979539,0.006430976,4.9222627,-0.039707184,0.015756791,94.23176,2.3520126,2.6294236,463.8335,-0.2477406,17.880066,964.94855,78.964355,0.6049758,0.04175697,0.04455684,-4.0,0.0,0.0,0.0,0.0,0.0,0.0,0.0,0.0,0.0,0.0,0.0,0.0,0.0060929107,0.0,0.0,0.0,0.0,1.0,1.0,1.0,1.0,1.0,0.0,0.0,0.0,0,test/100/2/0,190
21.157429,-0.07894325,5.480271,0.80155843,964.644,-0.31915283,0.1523504,0.0006128297,79.0,0.0,0.21794495,0.0037593986,9.789194,0.020415124,-0.021427974,0.0059294635,4.965778,0.043515205,0.017300809,92.88184,-1.3499146,2.6221952,461.2306,-0.16066784,18.207802,964.9181,78.96792,0.5382265,-0.78309745,0.040101156,-4.0,-0.102533944,0.0,0.0,0.0,0.0,0.0,0.0,0.0,0.0,0.0,0.0,8.737679,0.008520043,0.0125,0.0,0.0,0.0,1.0,1.0,1.0,1.0,1.0,0.0,0.0,0.0,0,test/100/2/0,191
21.197859,0.04043007,5.3526683,0.7633435,965.0236,0.37963867,0.15434827,0.0025189621,79.0,0.0,0.21794495,0.005263158,9.805944,0.020224655,0.05120923,0.006233574,4.9267416,-0.039036274,0.015944287,90.82781,-2.0540314,2.7010128,447.48517,-0.42306125,18.506807,964.92865,78.97113,0.5027495,0.27142602,0.03609104,-4.0,0.0,0.0,0.0,0.0,0.0,0.0,0.0,0.0,0.0,0.0,0.0,0.0,0.008520043,0.0,0.0,0.0,0.0,1.0,1.0,1.0,1.0,1.0,0.0,0.0,0.0,0,test/100/2/0,192
21.21855,0.020690918,5.163491,0.7085978,964.95215,-0.07147217,0.1488144,0.00020852913,79.0,0.0,0.21794495,0.006766917,9.798528,0.019928085,-0.02416655,0.0040554004,4.9324627,0.005721092,0.015895857,96.841515,6.0137024,2.7082267,477.66718,-0.40692583,18.77798,964.93097,78.974014,0.47265854,0.060497854,0.032481935,-4.0,0.0,0.0,0.0,0.0,0.0,0.0,0.0,0.0,0.0,0.0,0.0,9.808048,0.007294648,0.0125,0.0,0.0,0.0,1.0,1.0,1.0,1.0,1.0,0.0,0.0,0.0,0,test/100/2/0,193
21.135412,-0.08313751,4.8947663,0.6344283,965.03766,0.085510254,0.14855261,0.00369561,79.0,0.0,0.21794495,0.008270676,9.850662,0.021560624,0.059550904,0.0038743187,4.8950324,-0.037430286,0.017974757,89.39537,-7.446144,2.8843954,437.59326,-0.78491634,19.013725,964.94165,78.976616,0.43346044,0.27433157,0.029233743,-4.0,0.0,0.0,0.0,0.0,0.0,0.0,0.0,0.0,0.0,0.0,0.0,0.0,0.007294648,0.0,0.0,0.0,0.0,1.0,1.0,1.0,1.0,1.0,0.0,0.0,0.0,0,test/100/2/0,194
21.180063,0.04465103,4.545741,0.5443913,965.18774,0.15008545,0.15835962,0.00880104,79.0,0.0,0.21794495,0.009774436,9.803797,0.020576447,-0.098999165,0.005825517,4.931544,0.03651142,0.017859284,90.52293,1.1275558,2.9522638,446.41776,-0.9064568,19.230358,964.96625,78.97895,0.42890796,0.6328324,0.026310368,-4.0,0.03101654,0.0,0.0,0.0,0.0,0.0,0.0,0.0,0.0,0.0,0.0,0.0,0.007294648,0.0,0.0,0.0,0.0,1.0,1.0,1.0,1.0,1.0,0.0,0.0,0.0,0,test/100/2/0,195
21.192444,0.0123806,4.0773168,0.43561763,964.86255,-0.3251953,0.15205301,0.0044984748,79.0,0.0,0.21794495,0.011278195,9.828159,0.018753404,0.07122662,0.0067219213,4.944054,0.0125103,0.018049506,92.72755,2.2046204,2.9515758,458.45,-0.87908536,19.426567,964.9559,78.98106,0.43309772,-0.26666734,0.023679331,-4.0,0.0,0.0,0.0,0.0,0.0,0.0,0.0,0.0,0.0,0.0,0.0,0.0,0.007294648,0.0,0.0,0.0,0.0,1.0,1.0,1.0,1.0,1.0,0.0,0.0,0.0,0,test/100/2/0,196
21.244982,0.052537918,3.4456058,0.30930611,964.79767,-0.06488037,0.15521324,0.002253161,79.0,0.0,0.21794495,0.012781955,9.811323,0.017215583,-0.041197564,0.003121675,4.9283547,-0.015699387,0.01800621,91.48166,-1.2458878,2.9437597,450.85406,-0.8758673,19.608408,964.94006,78.98295,0.474974,-0.40683582,0.021311399,-4.0,-0.012959588,0.0,0.0,0.0,0.0,0.0,0.0,0.0,0.0,0.0,0.0,0.0,0.007294648,0.0,0.0,0.0,0.0,1.0,1.0,1.0,1.0,1.0,0.0,0.0,0.0,0,test/100/2/0,197
21.191332,-0.053649902,2.5083442,0.16250959,964.9714,0.17370605,0.15506084,0.0035474733,79.0,0.0,0.21794495,0.014285714,9.761747,0.019442918,-0.032740194,0.0051638098,4.9197817,-0.008573055,0.018173441,89.178,-2.3036575,3.0350442,438.7363,-1.0205888,19.7667,964.9432,78.98466,0.5679567,0.08052046,0.019180259,-4.0,0.0,0.0,0.0,0.0,0.0,0.0,0.0,0.0,0.0,0.0,0.0,0.0,0.007294648,0.0,0.0,0.0,0.0,1.0,1.0,1.0,1.0,1.0,0.0,0.0,0.0,0,test/100/2/0,198
21.217184,0.025852203,0.03863113,-0.0018842998,965.22644,0.25506592,0.1672347,0.007076774,79.0,0.0,0.0,0.0,9.842754,0.020963075,0.13058345,0.0026877944,4.9518733,0.032091618,0.01863092,91.18763,2.0096283,2.8662493,451.54962,-0.7457279,19.911749,964.9715,78.98619,7.2524157,0.7283522,0.017262233,-4.0,0.054144956,0.0,0.0,0.0,0.0,0.0,0.0,0.0,0.0,0.0,0.0,0.0,0.007294648,0.0,0.0,0.0,0.0,1.0,1.0,1.0,1.0,1.0,0.0,0.0,0.0,0,test/100/2/0,199
21.27548,0.058296204,0.04023785,-0.0005932643,964.7912,-0.4352417,0.16541943,0.00175382,79.0,0.0,0.0,0.0,9.807716,0.020778157,-0.1160456,0.0034586561,4.904059,-0.04781437,0.019020198,94.21011,3.0224838,2.855256,462.01193,-0.84144527,20.048122,964.9535,78.98757,6.818655,-0.46367595,0.015536009,-4.0,-0.017447487,0.0,0.0,0.0,0.0,0.0,0.0,0.0,0.0,0.0,0.0,0.0,0.007294648,0.0,0.0,0.0,0.0,1.0,1.0,1.0,1.0,1.0,0.0,0.0,0.0,0,test/100/2/0,200
21.284033,0.008552551,0.041278202,-0.00036159172,964.86774,0.076538086,0.16643779,0.00048360036,79.0,0.0,0.0,0.0,9.830718,0.019935446,0.058039576,0.010951128,4.9372783,0.033219337,0.018915296,88.693695,-5.5164185,2.7053828,437.90546,-0.7186783,20.171713,964.9449,78.988815,6.1795526,-0.22049615,0.013982409,-4.0,0.0,0.0,0.0,0.0,0.0,0.0,0.0,0.0,0.0,0.0,0.0,0.0,0.007294648,0.0,0.0,0.0,0.0,1.0,1.0,1.0,1.0,1.0,0.0,0.0,0.0,0,test/100/2/0,201
21.222193,-0.061840057,0.041048978,-8.86702e-05,964.92285,0.055114746,0.16232349,0.0026681542,79.0,0.0,0.0,0.0,9.801666,0.019925559,-0.05205313,0.00396545,4.939077,0.0017986298,0.01893546,88.48833,-0.20536804,2.82383,437.05063,-0.9315158,20.276762,964.9427,78.98993,5.2523966,-0.056722894,0.0125841675,-4.0,0.0,0.0,0.0,0.0,0.0,0.0,0.0,0.0,0.0,0.0,0.0,0.0,0.005151591,0.0,0.0,0.0,0.0,1.0,1.0,1.0,1.0,1.0,0.0,0.0,0.0,0,test/100/2/0,202
21.230528,0.0083351135,0.041035928,-0.00010925379,964.89996,-0.022888184,0.16193435,0.0011176317,79.0,0.0,0.0,0.0,9.832129,0.020413902,0.05951341,0.0013767001,4.9066978,-0.03237915,0.019588212,89.38346,0.895134,2.8818138,438.57764,-1.1935722,20.372137,964.9384,78.99094,4.7688327,-0.109905936,0.0113257505,-4.0,0.0,0.0,0.0,0.0,0.0,0.0,0.0,0.0,0.0,0.0,0.0,0.0,0.005151591,0.0,0.0,0.0,0.0,1.0,1.0,1.0,1.0,1.0,0.0,0.0,0.0,0,test/100/2/0,203
21.212164,-0.018363953,0.040875576,-0.00058866944,964.9097,0.009765625,0.16097175,-0.0006327923,79.0,0.0,0.0,0.0,9.77611,0.02180822,-0.08648073,0.002967779,4.9292574,0.022559643,0.018333917,86.037155,-3.3463058,3.0491147,424.09927,-1.3992329,20.45614,964.93555,78.991844,4.2001295,-0.07380373,0.010193176,-4.0,0.0,0.0,0.0,0.0,0.0,0.0,0.0,0.0,0.0,0.0,0.0,0.0,0.005151591,0.0,0.0,0.0,0.0,1.0,1.0,1.0,1.0,1.0,0.0,0.0,0.0,0,test/100/2/0,204
21.234411,0.022247314,0.04086843,-0.0005974404,964.76166,-0.14807129,0.16525154,-0.0042309295,79.0,0.0,0.0,0.0,9.830344,0.022014635,0.11025398,0.0072563477,4.9280863,-0.0011711121,0.018358255,91.70968,5.6725235,2.9724457,451.95322,-1.1590065,20.533968,964.91815,78.99266,3.8913534,-0.4471781,0.009173858,-4.0,-0.028845696,0.0,0.0,0.0,0.0,0.0,0.0,0.0,0.0,0.0,0.0,0.0,0.005151591,0.0,0.0,0.0,0.0,1.0,1.0,1.0,1.0,1.0,0.0,0.0,0.0,0,test/100/2/0,205
21.2577,0.023288727,0.04112332,0.00026520606,964.77454,0.012878418,0.16282022,-0.009790223,79.0,0.0,0.0,0.0,9.800684,0.022129262,-0.08389531,0.0010567105,4.922691,-0.0053954124,0.017076489,91.27551,-0.43416595,2.778968,449.32114,-1.4961672,20.60634,964.9038,78.99339,3.6186616,-0.36934435,0.008256473,-4.0,-0.047955383,0.0,0.0,0.0,0.0,0.0,0.0,0.0,0.0,0.0,0.0,0.0,0.005151591,0.0,0.0,0.0,0.0,1.0,1.0,1.0,1.0,1.0,0.0,0.0,0.0,0,test/100/2/0,206
21.205082,-0.052618027,0.038287554,0.0010362854,964.88525,0.11071777,0.1631537,-0.010230364,79.0,0.0,0.0,0.0,9.804074,0.021931052,0.033050414,0.0064312364,4.943457,0.020766258,0.017259473,92.24298,0.96746826,2.368716,455.9992,-0.9443293,20.666216,964.902,78.99406,2.9937053,-0.04770708,0.007430825,-4.0,-0.0016155741,0.0,0.0,0.0,0.0,0.0,0.0,0.0,0.0,0.0,0.0,0.0,0.005151591,0.0,0.0,0.0,0.0,1.0,1.0,1.0,1.0,1.0,0.0,0.0,0.0,0,test/100/2/0,207
21.170248,-0.034833908,0.03921259,0.00076640566,964.9723,0.08703613,0.1344213,-0.003275844,79.0,0.0,0.0,0.0,9.787118,0.022448905,-0.02034649,0.0024577493,4.9313755,-0.012081623,0.017255373,91.550735,-0.6922455,2.3319795,451.47107,-0.78223217,20.716618,964.909,78.99465,2.5201652,0.18087083,0.0066877427,-4.0,0.0,0.0,0.0,0.0,0.0,0.0,0.0,0.0,0.0,0.0,0.0,0.0,0.005151591,0.0,0.0,0.0,0.0,1.0,1.0,1.0,1.0,1.0,0.0,0.0,0.0,0,test/100/2/0,208
21.219175,0.048927307,0.036491714,0.001786037,964.93713,-0.03515625,0.13424894,-0.003529117,79.0,0.0,0.0,0.0,9.789769,0.022106731,0.019608282,0.002105053,4.925311,-0.006064415,0.015760265,91.40921,-0.14152527,2.3277497,450.21878,-0.68303776,20.766874,964.9118,78.995186,2.5127852,0.07238196,0.0060189683,-4.0,0.0,0.0,0.0,0.0,0.0,0.0,0.0,0.0,0.0,0.0,0.0,10.829674,0.008159833,0.0125,0.0,0.0,0.0,1.0,1.0,1.0,1.0,1.0,0.0,0.0,0.0,0,test/100/2/0,209
21.22761,0.008434296,0.036274023,0.0023297316,964.8858,-0.051330566,0.13404807,-0.0033195324,79.0,0.0,0.0,0.0,9.788945,0.0222349,-0.003476003,0.0051164916,4.916117,-0.009193897,0.015952406,93.785675,2.3764648,2.3007057,461.06137,-0.29520476,20.812948,964.9092,78.99567,2.3036783,-0.06684912,0.0054170713,-4.0,0.0,0.0,0.0,0.0,0.0,0.0,0.0,0.0,0.0,0.0,0.0,0.0,0.008159833,0.0,0.0,0.0,0.0,1.0,1.0,1.0,1.0,1.0,0.0,0.0,0.0,0,test/100/2/0,210
21.24712,0.01951027,0.03454374,0.0019188486,964.6622,-0.22363281,0.13225214,-0.011227669,79.0,0.0,0.0,0.0,9.823826,0.022123652,0.035704575,0.0036766736,4.93319,0.017072678,0.013598286,89.219154,-4.5665207,2.3046408,440.13504,-0.24324924,20.856365,964.8845,78.9961,2.1708617,-0.63522,0.0048753642,-4.0,-0.0792897,0.0,0.0,0.0,0.0,0.0,0.0,0.0,0.0,0.0,0.0,7.288263,0.007757218,0.0125,0.0,0.0,0.0,1.0,1.0,1.0,1.0,1.0,0.0,0.0,0.0,0,test/100/2/0,211
21.249182,0.0020618439,0.034843948,0.0020409161,965.0398,0.3776245,0.13295245,-0.007774227,79.0,0.0,0.0,0.0,9.823189,0.02233059,-0.035517752,0.006549969,4.9323564,-0.00083351135,0.013641294,93.03868,3.8195267,2.3459792,458.89993,-0.10853416,20.895647,964.9,78.99649,1.9640847,0.39933646,0.004387828,-4.0,0.0,0.0,0.0,0.0,0.0,0.0,0.0,0.0,0.0,0.0,0.0,0.0,0.007757218,0.0,0.0,0.0,0.0,1.0,1.0,1.0,1.0,1.0,0.0,0.0,0.0,0,test/100/2/0,212
21.21295,-0.036231995,0.034882937,0.001894905,965.0475,0.0076904297,0.13579567,-0.005363751,79.0,0.0,0.0,0.0,9.812933,0.022191694,-0.009618128,0.0024630276,4.915888,-0.016468525,0.01382314,87.10357,-5.935112,2.106022,428.19135,0.04687975,20.927378,964.9148,78.99684,1.5865163,0.3791782,0.003949045,-4.0,0.0,0.0,0.0,0.0,0.0,0.0,0.0,0.0,0.0,0.0,0.0,0.0,0.00503276,0.0,0.0,0.0,0.0,1.0,1.0,1.0,1.0,1.0,0.0,0.0,0.0,0,test/100/2/0,213
21.27612,0.06316948,0.030991927,0.0013470384,965.06067,0.013183594,0.13686353,-0.0015581404,79.0,0.0,0.0,0.0,9.822297,0.02040683,0.01961935,0.0019722658,4.93,0.014111996,0.011754405,89.19202,2.0884476,2.112449,439.7166,-0.1914059,20.962252,964.9294,78.997154,1.7437121,0.37516105,0.0035541407,-4.0,0.0,0.0,0.0,0.0,0.0,0.0,0.0,0.0,0.0,0.0,0.0,0.0,0.00503276,0.0,0.0,0.0,0.0,1.0,1.0,1.0,1.0,1.0,0.0,0.0,0.0,0,test/100/2/0,214
21.249695,-0.026424408,0.029334223,0.00091510714,964.9678,-0.09289551,0.123332374,0.00325556,79.0,0.0,0.0,0.0,9.800991,0.020451473,-0.03067003,0.002931182,4.917709,-0.012290955,0.01196151,86.628555,-2.5634613,2.2850318,426.014,-0.48930198,20.990995,964.9332,78.997444,1.4372188,0.098770775,0.0031987266,-4.0,0.0,0.0,0.0,0.0,0.0,0.0,0.0,0.0,0.0,0.0,0.0,0.0,0.00503276,0.0,0.0,0.0,0.0,1.0,1.0,1.0,1.0,1.0,0.0,0.0,0.0,0,test/100/2/0,215
21.187677,-0.06201744,0.02966386,-0.00031201355,965.04956,0.08178711,0.12626758,0.0044337683,79.0,0.0,0.0,0.0,9.804007,0.019981857,0.024321422,0.0046338663,4.928123,0.010414124,0.011370467,93.55574,6.927185,2.333338,461.0542,-0.06595856,21.010664,964.9448,78.997696,0.98340976,0.2992034,0.0028788538,-4.0,0.0,0.0,0.0,0.0,0.0,0.0,0.0,0.0,0.0,0.0,0.0,0.0,0.00503276,0.0,0.0,0.0,0.0,1.0,1.0,1.0,1.0,1.0,0.0,0.0,0.0,0,test/100/2/0,216
21.198046,0.010368347,0.030294498,-0.0005543013,964.92236,-0.12719727,0.12303363,0.0024892248,79.0,0.0,0.0,0.0,9.785719,0.020516457,-0.021302683,0.003947381,4.915913,-0.012209892,0.011618829,87.59798,-5.9577637,2.4015536,430.62405,-0.20118357,21.029402,964.94257,78.997925,0.9369105,-0.057795614,0.0025909685,-4.0,0.0,0.0,0.0,0.0,0.0,0.0,0.0,0.0,0.0,0.0,0.0,11.709951,0.008285524,0.0125,0.0,0.0,0.0,1.0,1.0,1.0,1.0,1.0,0.0,0.0,0.0,0,test/100/2/0,217
21.219244,0.021198273,0.029177187,-0.0012702799,965.0233,0.10095215,0.124466084,0.004542071,79.0,0.0,0.0,0.0,9.732916,0.024268612,-0.03451571,0.005176794,4.912461,-0.003452301,0.011933021,89.203316,1.605339,2.4009821,438.2078,-0.38898155,21.048386,964.9507,78.99813,0.9492108,0.20757519,0.0023318715,-4.0,0.0,0.0,0.0,0.0,0.0,0.0,0.0,0.0,0.0,0.0,0.0,0.0,0.008285524,0.0,0.0,0.0,0.0,1.0,1.0,1.0,1.0,1.0,0.0,0.0,0.0,0,test/100/2/0,218
21.160463,-0.05878067,0.032796957,-0.0024597626,965.2022,0.17889404,0.12166482,0.013099797,79.0,0.0,0.0,0.0,9.788321,0.022882903,0.10820765,0.0030751766,4.9088435,-0.0036172867,0.010918423,87.65117,-1.5521469,2.4568803,430.26587,-0.48712522,21.059593,964.9758,78.99832,0.56038636,0.6468309,0.0020986844,-4.0,0.04798334,0.0,0.0,0.0,0.0,0.0,0.0,0.0,0.0,0.0,0.0,0.0,0.008285524,0.0,0.0,0.0,0.0,1.0,1.0,1.0,1.0,1.0,0.0,0.0,0.0,0,test/100/2/0,219
23.651627,-0.011545181,0.01879968,-0.0002665068,1024.923,0.0043945312,0.060678903,0.002889487,0.0,0.0,0.0,0.0,9.809398,0.022921218,0.11142689,0.002519526,5.0704875,-0.04348564,0.015266975,84.44475,-4.833336,2.14853,428.17603,1.0495534,23.654726,1024.8651,0.0,-0.017218336,0.16526982,0.0,0.0,0.0,0.0,0.0,0.0,0.0,0.0,0.0,0.0,0.0,0.0,0.0,0.0,0.0,0.0,0.0,0.0,0.0,1.0,0.0,1.0,1.0,0.0,0.0,0.0,0.0,0,test/100/3/0,19
23.671265,0.019638062,0.019079974,-0.000101515405,1024.7982,-0.12475586,0.061512507,0.0024905098,0.0,0.0,0.0,0.0,9.808102,0.022069791,-0.04606374,0.004611238,5.1005282,0.030040741,0.015055368,90.65831,6.213562,2.2865949,462.40524,1.1666598,23.65638,1024.8584,0.0,0.08269381,-0.17205794,0.0,0.0,0.0,0.0,0.0,0.0,0.0,0.0,0.0,0.0,0.0,0.0,0.0,0.0,0.0,0.0,0.0,0.0,0.0,1.0,0.0,1.0,1.0,0.0,0.0,0.0,0.0,0,test/100/3/0,20
23.657915,-0.013349533,0.019038279,-0.00017067042,1024.8497,0.051513672,0.060498815,0.0032840585,0.0,0.0,0.0,0.0,9.788248,0.021514643,-0.018559076,0.005628762,5.1013527,0.00082445145,0.014747325,86.194435,-4.463875,2.1076736,439.7082,0.8802222,23.656534,1024.8575,0.0,0.007676759,-0.022388415,0.0,0.0,0.0,0.0,0.0,0.0,0.0,0.0,0.0,0.0,0.0,0.0,0.0,0.0,0.0,0.0,0.0,0.0,0.0,1.0,0.0,1.0,1.0,0.0,0.0,0.0,0.0,0,test/100/3/0,21
23.650997,-0.0069179535,0.019076394,-0.00022728856,1024.9459,0.096191406,0.064315684,0.0046780463,0.0,0.0,0.0,0.0,9.839089,0.020492453,0.07069579,0.0040773065,5.107112,0.005759239,0.014809774,85.538704,-0.6557312,2.1027522,436.85577,0.91710114,23.65598,1024.8665,0.0,-0.027680684,0.22719976,0.0,0.0,0.0,0.0,0.0,0.0,0.0,0.0,0.0,0.0,0.0,0.0,0.0,0.0,0.0,0.0,0.0,0.0,0.0,1.0,0.0,1.0,1.0,0.0,0.0,0.0,0.0,0,test/100/3/0,22
23.657421,0.00642395,0.016336532,0.00046479504,1024.729,-0.21691895,0.06387839,0.000945173,0.0,0.0,0.0,0.0,9.789281,0.02018525,-0.1006491,0.005140614,5.1036153,-0.0034966469,0.014691826,84.82945,-0.7092514,2.111745,432.9369,0.8642986,23.656124,1024.8527,0.0,0.0072071347,-0.3533118,0.0,0.0,0.0,0.0,0.0,0.0,0.0,0.0,0.0,0.0,0.0,0.0,0.0,0.0,0.0,0.0,0.0,0.0,0.0,1.0,0.0,1.0,1.0,0.0,0.0,0.0,0.0,0,test/100/3/0,23
23.63623,-0.021190643,0.016556002,-1.067685e-05,1024.8157,0.08666992,0.06391751,0.00092231925,0.0,0.0,0.0,0.0,9.796611,0.02030586,0.05713713,0.0013778026,5.0610986,-0.04251671,0.017110225,83.162926,-1.6665268,1.9043424,420.89575,0.23905805,23.654135,1024.849,0.0,-0.09946679,-0.0951151,0.0,0.0,0.0,0.0,0.0,0.0,0.0,0.0,0.0,0.0,0.0,0.0,0.0,0.0,0.0,0.0,0.0,0.0,0.0,1.0,0.0,1.0,1.0,0.0,0.0,0.0,0.0,0,test/100/3/0,24
23.710218,0.07398796,0.019392893,0.0013060147,1025.0359,0.22021484,0.07219862,0.0021224632,0.0,0.0,0.0,0.0,9.822624,0.020573324,0.018684162,0.0041769985,5.107503,0.04640436,0.016193962,87.911995,4.749069,1.8070679,449.01077,0.17685162,23.659742,1024.8677,0.0,0.28041968,0.48066315,0.0,0.0,0.008186126,0.0,0.0,0.0,0.0,0.0,0.0,0.0,0.0,0.0,0.0,0.0,0.0,0.0,0.0,0.0,0.0,1.0,0.0,1.0,1.0,0.0,0.0,0.0,0.0,0,test/100/3/0,25
23.65818,-0.052038193,0.019190788,0.001151214,1024.8127,-0.22314453,0.07269719,0.000935903,0.0,0.0,0.0,0.0,9.868695,0.024381299,0.02005733,0.0036356943,5.1204767,0.012973785,0.016814442,87.18846,-0.72353363,1.8201038,446.44647,0.32835212,23.659586,1024.8622,0.0,-0.007813244,-0.14120339,0.0,0.0,0.0,0.0,0.0,0.0,0.0,0.0,0.0,0.0,0.0,0.0,0.0,0.0,0.0,0.0,0.0,0.0,0.0,1.0,0.0,1.0,1.0,0.0,0.0,0.0,0.0,0,test/100/3/0,26
23.656174,-0.0020065308,0.018631645,0.00083495263,1024.867,0.05419922,0.072368935,0.0015110102,0.0,0.0,0.0,0.0,9.842278,0.024673983,-0.07248904,0.001353428,5.120574,9.727478e-05,0.017425854,89.34811,2.159645,1.925703,457.5136,0.5000389,23.659245,1024.8627,0.0,-0.017064573,0.012286371,0.0,0.0,0.0,0.0,0.0,0.0,0.0,0.0,0.0,0.0,0.0,0.0,0.0,0.0,0.0,0.0,0.0,0.0,0.0,1.0,0.0,1.0,1.0,0.0,0.0,0.0,0.0,0,test/100/3/0,27
23.656267,9.346008e-05,0.01863179,0.00080982724,1024.8402,-0.026733398,0.072429806,0.0014274884,0.0,0.0,0.0,0.0,9.844525,0.024827307,0.0286662,0.0044252784,5.11608,-0.00449419,0.01754465,88.010796,-1.3373108,1.8972026,450.27023,0.49201253,23.658947,1024.8604,0.0,-0.014890816,-0.05768529,0.0,0.0,0.0,0.0,0.0,0.0,0.0,0.0,0.0,0.0,0.0,0.0,0.0,0.0,0.0,0.0,0.0,0.0,0.0,1.0,0.0,1.0,1.0,0.0,0.0,0.0,0.0,0,test/100/3/0,28
23.686808,0.030540466,0.018585082,0.000800672,1024.7812,-0.05895996,0.07422604,0.0005609727,0.0,0.0,0.0,0.0,9.783151,0.025766201,-0.06362252,0.0028209104,5.0928507,-0.023229122,0.0155381905,89.1631,1.1523056,1.9640753,454.09436,0.5419186,23.661734,1024.8525,0.0,0.1393006,-0.20352809,0.0,0.0,0.0,0.0,0.0,0.0,0.0,0.0,0.0,0.0,0.0,0.0,0.0,0.0,0.0,0.0,0.0,0.0,0.0,1.0,0.0,1.0,1.0,0.0,0.0,0.0,0.0,0,test/100/3/0,29
23.624622,-0.062185287,0.019682493,0.00055766,1024.8875,0.10620117,0.06812993,-0.0010216276,0.0,0.0,0.0,0.0,9.791078,0.025975836,0.06930088,0.0076823016,5.0922117,-0.0006389618,0.015184622,89.658615,0.49551392,2.0422597,456.56067,0.6219283,23.658022,1024.856,0.0,-0.1855559,0.08991345,0.0,0.0,0.0,0.0,0.0,0.0,0.0,0.0,0.0,0.0,0.0,0.0,0.0,0.0,0.0,0.0,0.0,0.0,0.0,1.0,0.0,1.0,1.0,0.0,0.0,0.0,0.0,0,test/100/3/0,30
23.64737,0.02274704,0.018436985,-9.1185604e-05,1024.9242,0.036743164,0.069444925,-0.00023413637,0.0,0.0,0.0,0.0,9.789968,0.026519144,-0.009036794,0.0028745532,5.0644054,-0.027806282,0.017046355,87.65524,-2.0033722,2.030269,443.9217,0.7388778,23.656958,1024.8628,0.0,-0.05326511,0.17540452,0.0,0.0,0.0,0.0,0.0,0.0,0.0,0.0,0.0,0.0,0.0,0.0,0.0,0.0,0.0,0.0,0.0,0.0,0.0,1.0,0.0,1.0,1.0,0.0,0.0,0.0,0.0,0,test/100/3/0,31
23.660671,0.013301849,0.01842019,4.9777495e-06,1024.8269,-0.09729004,0.069068946,-0.0015706687,0.0,0.0,0.0,0.0,9.820859,0.026049195,0.032002352,0.0033515417,5.0870085,0.022603035,0.017191138,89.42441,1.769165,2.0933268,454.9027,0.8529766,23.657328,1024.8593,0.0,0.018570647,-0.09231032,0.0,0.0,0.0,0.0,0.0,0.0,0.0,0.0,0.0,0.0,0.0,0.0,0.0,0.0,0.0,0.0,0.0,0.0,0.0,1.0,0.0,1.0,1.0,0.0,0.0,0.0,0.0,0,test/100/3/0,32
23.674894,0.014223099,0.018550223,5.628256e-05,1024.8965,0.06958008,0.06747996,6.241189e-06,0.0,0.0,0.0,0.0,9.817652,0.026067808,-0.034099676,0.0040904013,5.1095624,0.02255392,0.017346395,85.67024,-3.7541656,2.0815525,437.73746,0.62298065,23.659084,1024.8629,0.0,0.087829076,0.095840916,0.0,0.0,0.0,0.0,0.0,0.0,0.0,0.0,0.0,0.0,0.0,0.0,0.0,0.0,0.0,0.0,0.0,0.0,0.0,1.0,0.0,1.0,1.0,0.0,0.0,0.0,0.0,0,test/100/3/0,33
23.702852,0.027957916,0.020780388,0.00065310486,1024.8804,-0.016113281,0.0670301,0.00084852637,0.0,0.0,0.0,0.0,9.827805,0.02602558,0.013361166,0.0028287852,5.096379,-0.013183594,0.017232457,87.85791,2.1876678,2.0354092,447.7572,0.50127286,23.663462,1024.8646,0.0,0.21883576,0.044822674,0.0,0.0,0.0,0.0,0.0,0.0,0.0,0.0,0.0,0.0,0.0,0.0,0.0,0.0,0.0,0.0,0.0,0.0,0.0,1.0,0.0,1.0,1.0,0.0,0.0,0.0,0.0,0,test/100/3/0,34
23.69688,-0.0059719086,0.021763094,0.001453817,1024.8147,-0.06567383,0.06778009,-7.0672286e-05,0.0,0.0,0.0,0.0,9.797572,0.026134064,-0.040386725,0.010368948,5.097869,0.0014901161,0.016968327,84.38374,-3.4741669,2.0672846,430.17725,0.12086457,23.666803,1024.8597,0.0,0.16709264,-0.12853515,0.0,0.0,0.0,0.0,0.0,0.0,0.0,0.0,0.0,0.0,0.0,0.0,0.0,0.0,0.0,0.0,0.0,0.0,0.0,1.0,0.0,1.0,1.0,0.0,0.0,0.0,0.0,0,test/100/3/0,35
23.673496,-0.023384094,0.020856567,0.0011571469,1024.8713,0.056640625,0.066094406,-0.00096169376,0.0,0.0,0.0,0.0,9.753303,0.027941931,-0.014035577,0.002089914,5.1016726,0.00380373,0.016973346,83.033554,-1.3501892,2.2289674,423.61002,-0.32676473,23.667473,1024.8608,0.0,0.033462897,0.029965686,0.0,0.0,0.0,0.0,0.0,0.0,0.0,0.0,0.0,0.0,0.0,0.0,0.0,0.0,0.0,0.0,0.0,0.0,0.0,1.0,0.0,1.0,1.0,0.0,0.0,0.0,0.0,0,test/100/3/0,36
23.676575,0.0030784607,0.020949503,0.0012202599,1024.77,-0.10131836,0.0691467,-0.0021213617,0.0,0.0,0.0,0.0,9.767979,0.028844085,0.05894424,0.0051239855,5.1101327,0.008460045,0.016633283,89.87073,6.8371735,2.2974072,459.25134,0.012514157,23.668383,1024.8518,0.0,0.04550891,-0.23356381,0.0,0.0,0.0,0.0,0.0,0.0,0.0,0.0,0.0,0.0,0.0,0.0,0.0,0.0,0.0,0.0,0.0,0.0,0.0,1.0,0.0,1.0,1.0,0.0,0.0,0.0,0.0,0,test/100/3/0,37
23.61934,-0.05723381,0.023262363,0.0005186167,1024.868,0.09802246,0.06785026,-0.0010643981,0.0,0.0,0.0,0.0,9.776065,0.028119711,-0.0065889633,0.0069086943,5.086612,-0.02352047,0.016448677,84.78021,-5.090515,2.2996168,431.24405,0.015463463,23.663479,1024.8534,0.0,-0.24521104,0.04185033,0.0,0.0,0.0,0.0,0.0,0.0,0.0,0.0,0.0,0.0,0.0,0.0,0.0,0.0,0.0,0.0,0.0,0.0,0.0,1.0,0.0,1.0,1.0,0.0,0.0,0.0,0.0,0,test/100/3/0,38
23.678967,0.059625626,0.023328254,0.0005523868,1024.8013,-0.06677246,0.06710527,-0.00081594364,0.0,0.0,0.0,0.0,9.8357725,0.028824287,0.051621236,0.0015118449,5.0643706,-0.022241592,0.016993644,86.07118,1.2909698,2.2378938,435.89636,-0.32530648,23.665028,1024.8481,0.0,0.0774382,-0.13403532,0.0,0.0,0.0,0.0,0.0,0.0,0.0,0.0,0.0,0.0,0.0,0.0,0.0,0.0,0.0,0.0,0.0,0.0,0.0,1.0,0.0,1.0,1.0,0.0,0.0,0.0,0.0,0,test/100/3/0,39
23.633638,-0.04532814,0.024235222,0.00020757403,1024.9152,0.1138916,0.06736165,-0.0007272821,0.0,0.0,0.0,0.0,9.835206,0.029426532,-0.060274865,0.0019586019,5.110563,0.04619217,0.017234739,85.3293,-0.7418823,2.1020358,436.08075,-0.13459048,23.661888,1024.8549,0.0,-0.15694632,0.17223233,0.0,0.0,0.0,0.0,0.0,0.0,0.0,0.0,0.0,0.0,0.0,0.0,0.0,0.0,0.0,0.0,0.0,0.0,0.0,1.0,0.0,1.0,1.0,0.0,0.0,0.0,0.0,0,test/100/3/0,40
23.639954,0.0063152313,0.024733786,-0.00020122241,1024.8126,-0.10253906,0.068034805,-0.0014659452,0.0,0.0,0.0,0.0,9.803095,0.029068956,-0.031543627,0.0035234638,5.10594,-0.0046229362,0.017313862,86.95668,1.6273804,2.098449,443.9956,-0.14959393,23.659695,1024.8507,0.0,-0.109675534,-0.10866278,0.0,0.0,0.0,0.0,0.0,0.0,0.0,0.0,0.0,0.0,0.0,0.0,0.0,0.0,0.0,0.0,0.0,0.0,0.0,1.0,0.0,1.0,1.0,0.0,0.0,0.0,0.0,0,test/100/3/0,41
23.715162,0.075208664,0.02713349,0.00038216956,1024.8213,0.008666992,0.06504614,-0.00050617877,0.0,0.0,0.0,0.0,9.804952,0.028310798,0.033967655,0.004670227,5.1051135,-0.0008263588,0.017265541,85.905045,-1.0516357,2.0890045,438.55502,-0.2938054,23.665241,1024.8478,0.0,0.27733535,-0.07550994,0.0,0.0,0.0,0.0,0.0,0.0,0.0,0.0,0.0,0.0,0.0,0.0,0.0,0.0,0.0,0.0,0.0,0.0,0.0,1.0,0.0,1.0,1.0,0.0,0.0,0.0,0.0,0,test/100/3/0,42
23.675108,-0.04005432,0.027150964,0.00039829884,1024.7844,-0.036865234,0.06094434,-0.0033106753,0.0,0.0,0.0,0.0,9.831889,0.028393216,0.025081027,0.0026144208,5.0941906,-0.010922909,0.017226286,86.0229,0.11785889,2.0482082,438.21707,-0.50727713,23.66623,1024.8414,0.0,0.0493302,-0.16275527,0.0,0.0,0.0,0.0,0.0,0.0,0.0,0.0,0.0,0.0,0.0,0.0,0.0,0.0,0.0,0.0,0.0,0.0,0.0,1.0,0.0,1.0,1.0,0.0,0.0,0.0,0.0,0,test/100/3/0,43
23.66335,-0.011758804,0.026285248,-0.000114740644,1024.8276,0.04321289,0.06064926,-0.0042127105,0.0,0.0,0.0,0.0,9.835557,0.028704014,-0.02327047,0.0066412995,5.110059,0.015868187,0.015287373,84.05941,-1.9634933,1.9750886,429.54855,-1.0426482,23.665941,1024.84,0.0,-0.014396842,-0.03536088,0.0,0.0,0.0,0.0,0.0,0.0,0.0,0.0,0.0,0.0,0.0,0.0,0.0,0.0,0.0,0.0,0.0,0.0,0.0,1.0,0.0,1.0,1.0,0.0,0.0,0.0,0.0,0,test/100/3/0,44
23.64248,-0.020868301,0.0248933,0.00020155225,1024.9053,0.07763672,0.045674287,-0.00054656295,0.0,0.0,0.0,0.0,9.796082,0.028818667,-0.043143224,0.0016282861,5.0871778,-0.022881031,0.01540856,86.66045,2.6010437,1.962297,440.85712,-0.9855586,23.663595,1024.8466,0.0,-0.11729866,0.16781248,0.0,0.0,0.0,0.0,0.0,0.0,0.0,0.0,0.0,0.0,0.0,0.0,0.0,0.0,0.0,0.0,0.0,0.0,0.0,1.0,0.0,1.0,1.0,0.0,0.0,0.0,0.0,0,test/100/3/0,45
23.64108,-0.0013999939,0.025372323,-0.0002219494,1024.8014,-0.103881836,0.046144918,-0.0016913622,0.0,0.0,0.0,0.0,9.816022,0.02567721,0.059416227,0.0037691328,5.0698457,-0.017332077,0.015771559,88.57513,1.9146729,1.9971305,449.06223,-0.8394811,23.661343,1024.842,0.0,-0.112568766,-0.11609349,0.0,0.0,0.0,0.0,0.0,0.0,0.0,0.0,0.0,0.0,0.0,0.0,0.0,0.0,0.0,0.0,0.0,0.0,0.0,1.0,0.0,1.0,1.0,0.0,0.0,0.0,0.0,0,test/100/3/0,46
23.682852,0.041770935,0.025663033,-5.4692147e-05,1024.8047,0.0032958984,0.046646554,-0.0019162286,0.0,0.0,0.0,0.0,9.8245945,0.02478942,-0.011367548,0.0069424,5.1086955,0.03884983,0.0150469085,82.66687,-5.9082565,2.1184502,422.31982,-0.9046271,23.663494,1024.8383,0.0,0.10754278,-0.09600897,0.0,0.0,0.0,0.0,0.0,0.0,0.0,0.0,0.0,0.0,0.0,0.0,0.0,0.0,0.0,0.0,0.0,0.0,0.0,1.0,0.0,1.0,1.0,0.0,0.0,0.0,0.0,0,test/100/3/0,47
23.630442,-0.052410126,0.026680315,-0.0006747927,1024.9778,0.1730957,0.05526222,3.2123767e-06,0.0,0.0,0.0,0.0,9.797765,0.023366084,-0.03540235,0.0018692134,5.084836,-0.0238595,0.014442787,86.33807,3.6712036,2.093491,439.01492,-0.79271775,23.660189,1024.8523,0.0,-0.16526212,0.35869518,0.0,0.0,0.0,0.0,0.0,0.0,0.0,0.0,0.0,0.0,0.0,0.0,0.0,0.0,0.0,0.0,0.0,0.0,0.0,1.0,0.0,1.0,1.0,0.0,0.0,0.0,0.0,0,test/100/3/0,48
23.630442,0.0,0.027025957,-0.00077384,1024.9778,0.0,0.05970493,0.0007848295,0.0,0.0,0.0,0.0,9.848561,0.024580577,0.077625036,0.004250165,5.0772333,-0.0076026917,0.014897482,91.52944,5.191368,2.2973647,464.71634,-0.23633908,23.657213,1024.8647,0.0,-0.14873591,0.32282564,0.0,0.0,0.0,0.0,0.0,0.0,0.0,0.0,0.0,0.0,0.0,0.0,0.0,0.0,0.0,0.0,0.0,0.0,0.0,1.0,0.0,1.0,1.0,0.0,0.0,0.0,0.0,3,test/100/3/0,49
23.630442,0.0,0.026666973,-0.0017699995,1024.9778,0.0,0.06491784,0.0029477687,0.0,0.0,0.0,0.0,9.795864,0.024431773,-0.10349267,0.0027716802,5.0972114,0.019978046,0.014920832,82.77683,-8.752609,2.3319554,421.931,-0.26821074,23.654537,1024.8761,0.0,-0.13386232,0.29054308,0.0,0.0,0.0,0.0,0.0,0.0,0.0,0.0,0.0,0.0,0.0,0.0,0.0,0.0,0.0,0.0,0.0,0.0,0.0,1.0,0.0,1.0,1.0,0.0,0.0,0.0,0.0,3,test/100/3/0,50
23.630442,0.0,0.027339952,-0.002415746,1024.9778,0.0,0.06840245,0.0055550253,0.0,0.0,0.0,0.0,9.769604,0.025593255,0.026437202,0.004226173,5.088419,-0.0087924,0.013427232,84.95333,2.1764984,2.3265345,432.27814,-0.29975426,23.652128,1024.8862,0.0,-0.12047609,0.26148877,0.0,0.0,0.0,0.0,0.0,0.0,0.0,0.0,0.0,0.0,0.0,0.0,0.0,0.0,0.0,0.0,0.0,0.0,0.0,1.0,0.0,1.0,1.0,0.0,0.0,0.0,0.0,3,test/100/3/0,51
23.630442,0.0,0.028083978,-0.002826008,1024.9778,0.0,0.07194309,0.0065455385,0.0,0.0,0.0,0.0,9.77256,0.02651027,0.029216465,0.005660401,5.094116,0.0056972504,0.013314006,87.164665,2.2113342,2.2167242,444.02695,0.027435968,23.64996,1024.8954,0.0,-0.10842848,0.2353399,0.0,0.0,0.0,0.0,0.0,0.0,0.0,0.0,0.0,0.0,0.0,0.0,0.0,0.0,0.0,0.0,0.0,0.0,0.0,1.0,0.0,1.0,1.0,0.0,0.0,0.0,0.0,3,test/100/3/0,52
23.630442,0.0,0.028450595,-0.0029662368,1024.9778,0.0,0.075360544,0.0084077995,0.0,0.0,0.0,0.0,9.825983,0.02676384,0.05046588,0.004731403,5.123073,0.02895689,0.0143390475,87.04446,-0.12020874,2.2257786,445.93512,0.12721002,23.648006,1024.9037,0.0,-0.09758563,0.21180591,0.0,0.0,0.0,0.0,0.0,0.0,0.0,0.0,0.0,0.0,0.0,0.0,0.0,0.0,0.0,0.0,0.0,0.0,0.0,1.0,0.0,1.0,1.0,0.0,0.0,0.0,0.0,3,test/100/3/0,53
23.630442,0.0,0.026848106,-0.0025981788,1024.9778,0.0,0.07848813,0.009893386,0.0,0.0,0.0,0.0,9.809095,0.026301736,-0.07031029,0.001645271,5.1048336,-0.018239498,0.014477514,84.488106,-2.5563507,2.2137663,431.29776,0.16375813,23.64625,1024.911,0.0,-0.08782707,0.19062531,0.0,0.0,0.0,0.0,0.0,0.0,0.0,0.0,0.0,0.0,0.0,0.0,0.0,0.0,0.0,0.0,0.0,0.0,0.0,1.0,0.0,1.0,1.0,0.0,0.0,0.0,0.0,3,test/100/3/0,54
23.630442,0.0,0.025224779,-0.002215526,1024.9778,0.0,0.079525016,0.010195533,0.0,0.0,0.0,0.0,9.780249,0.026808368,-0.011958574,0.005686258,5.0933766,-0.011456966,0.014483146,85.194855,0.70674896,2.192385,433.9295,-0.014924633,23.64467,1024.9177,0.0,-0.079044364,0.17156279,0.0,0.0,0.0,0.0,0.0,0.0,0.0,0.0,0.0,0.0,0.0,0.0,0.0,0.0,0.0,0.0,0.0,0.0,0.0,1.0,0.0,1.0,1.0,0.0,0.0,0.0,0.0,3,test/100/3/0,55
23.630442,0.0,0.024901092,-0.0021021878,1024.9778,0.0,0.08161432,0.011146763,0.0,0.0,0.0,0.0,9.782289,0.024730938,0.030886365,0.0021765626,5.07593,-0.017446518,0.01504362,84.08877,-1.1060867,2.132949,426.82874,-0.40438256,23.643248,1024.9237,0.0,-0.071139924,0.1544065,0.0,0.0,0.0,0.0,0.0,0.0,0.0,0.0,0.0,0.0,0.0,0.0,0.0,0.0,0.0,0.0,0.0,0.0,0.0,1.0,0.0,1.0,1.0,0.0,0.0,0.0,0.0,3,test/100/3/0,56
23.630442,0.0,0.02419281,-0.0018754988,1024.9778,0.0,0.07811725,0.010338162,0.0,0.0,0.0,0.0,9.803567,0.023203278,0.01923787,0.0030778977,5.0891767,0.013246536,0.014648947,86.64829,2.5595245,1.9501476,440.96844,-0.033927012,23.641966,1024.9292,0.0,-0.06402593,0.13896586,0.0,0.0,0.0,0.0,0.0,0.0,0.0,0.0,0.0,0.0,0.0,0.0,0.0,0.0,0.0,0.0,0.0,0.0,0.0,1.0,0.0,1.0,1.0,0.0,0.0,0.0,0.0,3,test/100/3/0,57
23.630442,0.0,0.023724763,-0.0024831283,1024.9778,0.0,0.07910753,0.010764858,0.0,0.0,0.0,0.0,9.795938,0.022253104,-0.02890677,0.0031859837,5.1330094,0.04383278,0.016873298,88.720314,2.0720215,2.0282934,455.4022,0.12799756,23.640814,1024.934,0.0,-0.057623338,0.12506928,0.0,0.0,0.0,0.0,0.0,0.0,0.0,0.0,0.0,0.0,0.0,0.0,0.0,0.0,0.0,0.0,0.0,0.0,0.0,1.0,0.0,1.0,1.0,0.0,0.0,0.0,0.0,3,test/100/3/0,58
23.630442,0.0,0.022620704,-0.0021659937,1024.9778,0.0,0.076110445,0.009972227,0.0,0.0,0.0,0.0,9.79941,0.021397723,0.01110114,0.002197079,5.1084037,-0.024605751,0.015432291,81.43912,-7.2811966,2.2644687,416.02386,-0.23549585,23.639776,1024.9384,0.0,-0.051861007,0.11256234,0.0,0.0,0.0,0.0,0.0,0.0,0.0,0.0,0.0,0.0,0.0,0.0,0.0,0.0,0.0,0.0,0.0,0.0,0.0,1.0,0.0,1.0,1.0,0.0,0.0,0.0,0.0,3,test/100/3/0,59
23.630442,0.0,0.022697072,-0.0024915969,1024.9778,0.0,0.07711633,0.01071245,0.0,0.0,0.0,0.0,9.806552,0.020355916,0.0036695949,0.0051220907,5.1068883,-0.0015153885,0.015303687,83.81885,2.3797302,2.3046756,428.0535,-0.3943425,23.638844,1024.9424,0.0,-0.046674903,0.10130611,0.0,0.0,0.0,0.0,0.0,0.0,0.0,0.0,0.0,0.0,0.0,0.0,0.0,0.0,0.0,0.0,0.0,0.0,0.0,1.0,0.0,1.0,1.0,0.0,0.0,0.0,0.0,3,test/100/3/0,60
23.630442,0.0,0.022850586,-0.0027126786,1024.9778,0.0,0.0735704,0.009739467,0.0,0.0,0.0,0.0,9.740712,0.024718061,-0.072981365,0.0043188343,5.1045127,-0.0023756027,0.015269211,82.09667,-1.7221756,2.4183197,419.0635,-0.54457515,23.638002,1024.9459,0.0,-0.042007413,0.0911755,0.0,0.0,0.0,0.0,0.0,0.0,0.0,0.0,0.0,0.0,0.0,0.0,0.0,0.0,0.0,0.0,0.0,0.0,0.0,1.0,0.0,1.0,1.0,0.0,0.0,0.0,0.0,3,test/100/3/0,61
23.630442,0.0,0.015680637,-0.0017319515,1024.9778,0.0,0.069629684,0.008654969,0.0,0.0,0.0,0.0,9.808137,0.024747698,0.13326432,0.0022694373,5.090376,-0.014136791,0.015254337,87.02053,4.9238586,2.4395673,442.96722,-0.4017382,23.637247,1024.9491,0.0,-0.03780667,0.082057945,0.0,0.0,0.0,0.0,0.0,0.0,0.0,0.0,0.0,0.0,0.0,0.0,0.0,0.0,0.0,0.0,0.0,0.0,0.0,1.0,0.0,1.0,1.0,0.0,0.0,0.0,0.0,3,test/100/3/0,62
23.630442,0.0,0.013237638,-0.0012562616,1024.9778,0.0,0.060212266,0.006753058,0.0,0.0,0.0,0.0,9.762698,0.025163267,-0.112863384,0.0047874996,5.0988345,0.008458614,0.015244109,80.110794,-6.9097366,2.709474,408.47168,-0.7636657,23.636566,1024.9519,0.0,-0.034026004,0.07385215,0.0,0.0,0.0,0.0,0.0,0.0,0.0,0.0,0.0,0.0,0.0,0.0,0.0,0.0,0.0,0.0,0.0,0.0,0.0,1.0,0.0,1.0,1.0,0.0,0.0,0.0,0.0,3,test/100/3/0,63
23.630442,0.0,0.011668422,-0.00089906965,1024.9778,0.0,0.053586245,0.0052426904,0.0,0.0,0.0,0.0,9.786663,0.023787817,0.069403514,0.005274326,5.116274,0.017439365,0.015561077,81.6344,1.5236053,2.8131993,417.66394,-1.0864166,23.635954,1024.9545,0.0,-0.030623404,0.066466935,0.0,0.0,0.0,0.0,0.0,0.0,0.0,0.0,0.0,0.0,0.0,0.0,0.0,0.0,0.0,0.0,0.0,0.0,0.0,1.0,0.0,1.0,1.0,0.0,0.0,0.0,0.0,3,test/100/3/0,64
23.630442,0.0,0.0115352785,-0.0008218923,1024.9778,0.0,0.052425686,0.0047323816,0.0,0.0,0.0,0.0,9.821243,0.024409918,0.010615434,0.0038329402,5.082197,-0.03407669,0.015764575,80.799385,-0.83501434,2.942728,410.6384,-1.3131045,23.635403,1024.9568,0.0,-0.027561065,0.059820246,0.0,0.0,0.0,0.0,0.0,0.0,0.0,0.0,0.0,0.0,0.0,0.0,0.0,0.0,0.0,0.0,0.0,0.0,0.0,1.0,0.0,1.0,1.0,0.0,0.0,0.0,0.0,3,test/100/3/0,65
23.630442,0.0,0.011422522,-0.00074871606,1024.9778,0.0,0.037725333,0.0024727958,0.0,0.0,0.0,0.0,9.803789,0.024086151,-0.052034363,0.0006115097,5.0792675,-0.0029296875,0.015060309,85.50809,4.708702,2.822344,434.31842,-1.0265104,23.634907,1024.959,0.0,-0.024804957,0.05383822,0.0,0.0,0.0,0.0,0.0,0.0,0.0,0.0,0.0,0.0,0.0,0.0,0.0,0.0,0.0,0.0,0.0,0.0,0.0,1.0,0.0,1.0,1.0,0.0,0.0,0.0,0.0,3,test/100/3/0,66
23.630442,0.0,0.0,0.0,1024.9778,0.0,0.0,0.0,0.0,0.0,0.0,0.0,9.780113,0.02345912,-0.006222499,0.004370786,5.087292,0.008024693,0.015010792,83.69059,-1.8174973,2.794111,425.75848,-1.2622783,23.63446,1024.9608,0.0,-0.022324461,0.048454396,0.0,0.0,0.0,0.0,0.0,0.0,0.0,0.0,0.0,0.0,0.0,0.0,0.0,0.0,0.0,0.0,0.0,0.0,0.0,1.0,0.0,1.0,1.0,0.0,0.0,0.0,0.0,3,test/100/3/0,67
23.630442,0.0,0.0,0.0,1024.9778,0.0,0.0,0.0,0.0,0.0,0.0,0.0,9.804615,0.023553526,0.048178658,0.0057537816,5.0994534,0.012161255,0.014766139,83.10445,-0.5861435,2.7912846,423.78726,-1.2677708,23.634058,1024.9625,0.0,-0.020092016,0.04360896,0.0,0.0,0.0,0.0,0.0,0.0,0.0,0.0,0.0,0.0,0.0,0.0,0.0,0.0,0.0,0.0,0.0,0.0,0.0,1.0,0.0,1.0,1.0,0.0,0.0,0.0,0.0,3,test/100/3/0,68
23.630442,0.0,0.0,0.0,1024.9778,0.0,0.0,0.0,0.0,0.0,0.0,0.0,9.806796,0.02033311,-0.022320934,0.004053569,5.0875516,-0.0119018555,0.0142193725,82.19922,-0.90522766,2.335193,418.19275,-0.9244742,23.633698,1024.964,0.0,-0.018082814,0.039248064,0.0,0.0,0.0,0.0,0.0,0.0,0.0,0.0,0.0,0.0,0.0,0.0,0.0,0.0,0.0,0.0,0.0,0.0,0.0,1.0,0.0,1.0,1.0,0.0,0.0,0.0,0.0,3,test/100/3/0,69
23.630442,0.0,0.0,0.0,1024.9778,0.0,0.0,0.0,0.0,0.0,0.0,0.0,9.795633,0.020331433,-0.013344148,0.002478192,5.0902586,0.0027070045,0.014319285,84.599045,2.399826,2.316283,430.63104,-1.0090854,23.633371,1024.9655,0.0,-0.016274532,0.035323255,0.0,0.0,0.0,0.0,0.0,0.0,0.0,0.0,0.0,0.0,0.0,0.0,0.0,0.0,0.0,0.0,0.0,0.0,0.0,1.0,0.0,1.0,1.0,0.0,0.0,0.0,0.0,3,test/100/3/0,70
23.630442,0.0,0.0,0.0,1024.9778,0.0,0.0,0.0,0.0,0.0,0.0,0.0,9.780238,0.019851709,-0.004232447,0.0011605836,5.108991,0.018732548,0.014357202,81.69581,-2.9032364,2.3725698,417.38315,-1.1326592,23.633078,1024.9667,0.0,-0.01464708,0.03179093,0.0,0.0,0.0,0.0,0.0,0.0,0.0,0.0,0.0,0.0,0.0,0.0,0.0,0.0,0.0,0.0,0.0,0.0,0.0,1.0,0.0,1.0,1.0,0.0,0.0,0.0,0.0,3,test/100/3/0,71
23.630442,0.0,0.0,0.0,1024.9778,0.0,0.0,0.0,0.0,0.0,0.0,0.0,9.801141,0.019328104,0.036298428,0.0049512526,5.0883484,-0.020642757,0.014503379,83.97549,2.2796783,2.2627285,427.29654,-0.90670705,23.632814,1024.9678,0.0,-0.013182372,0.028611837,0.0,0.0,0.0,0.0,0.0,0.0,0.0,0.0,0.0,0.0,0.0,0.0,0.0,0.0,0.0,0.0,0.0,0.0,0.0,1.0,0.0,1.0,1.0,0.0,0.0,0.0,0.0,3,test/100/3/0,72
23.630442,0.0,0.0,0.0,1024.9778,0.0,0.0,0.0,0.0,0.0,0.0,0.0,9.7570715,0.019592488,-0.06497282,0.0032223866,5.0835443,-0.0048041344,0.013676544,80.98005,-2.9954376,2.2262523,411.66565,-0.84876585,23.632578,1024.9688,0.0,-0.011864134,0.025750654,0.0,0.0,0.0,0.0,0.0,0.0,0.0,0.0,0.0,0.0,0.0,0.0,0.0,0.0,0.0,0.0,0.0,0.0,0.0,1.0,0.0,1.0,1.0,0.0,0.0,0.0,0.0,3,test/100/3/0,73
23.630442,0.0,0.0,0.0,1024.9778,0.0,0.0,0.0,0.0,0.0,0.0,0.0,9.838149,0.021809895,0.12514772,0.0035884327,5.0899997,0.0064554214,0.013602508,80.41559,-0.56446075,2.319162,409.3153,-1.0039841,23.632364,1024.9697,0.0,-0.010677721,0.023175588,0.0,0.0,0.0,0.0,0.0,0.0,0.0,0.0,0.0,0.0,0.0,0.0,0.0,0.0,0.0,0.0,0.0,0.0,0.0,1.0,0.0,1.0,1.0,0.0,0.0,0.0,0.0,3,test/100/3/0,74
23.630442,0.0,0.0,0.0,1024.9778,0.0,0.0,0.0,0.0,0.0,0.0,0.0,9.823942,0.022621471,-0.09528505,0.008696163,5.0995917,0.009592056,0.013617224,82.751686,2.3360977,2.28481,421.99985,-0.90338445,23.632172,1024.9705,0.0,-0.009609949,0.020858029,0.0,0.0,0.0,0.0,0.0,0.0,0.0,0.0,0.0,0.0,0.0,0.0,0.0,0.0,0.0,0.0,0.0,0.0,0.0,1.0,0.0,1.0,1.0,0.0,0.0,0.0,0.0,3,test/100/3/0,75
23.630442,0.0,0.0,0.0,1024.9778,0.0,0.0,0.0,0.0,0.0,0.0,0.0,9.823014,0.023216622,0.013279582,0.0024485763,5.0907683,-0.008823395,0.01288853,81.53116,-1.2205276,2.306588,415.05624,-0.9961572,23.631998,1024.9712,0.0,-0.008648954,0.018772226,0.0,0.0,0.0,0.0,0.0,0.0,0.0,0.0,0.0,0.0,0.0,0.0,0.0,0.0,0.0,0.0,0.0,0.0,0.0,1.0,0.0,1.0,1.0,0.0,0.0,0.0,0.0,3,test/100/3/0,76
23.630442,0.0,0.0,0.0,1024.9778,0.0,0.0,0.0,0.0,0.0,0.0,0.0,9.81943,0.023694452,-0.0026571779,0.0016397008,5.098533,0.0077648163,0.012774928,82.27751,0.74635315,2.166346,419.4946,-0.78456336,23.631844,1024.9719,0.0,-0.007784059,0.016895004,0.0,0.0,0.0,0.0,0.0,0.0,0.0,0.0,0.0,0.0,0.0,0.0,0.0,0.0,0.0,0.0,0.0,0.0,0.0,1.0,0.0,1.0,1.0,0.0,0.0,0.0,0.0,3,test/100/3/0,77
23.630442,0.0,0.0,0.0,1024.9778,0.0,0.0,0.0,0.0,0.0,0.0,0.0,9.811566,0.023878317,-0.004279034,0.0024809442,5.1048813,0.006348133,0.010003428,84.082985,1.8054733,1.7389688,429.23364,-0.17364757,23.631702,1024.9724,0.0,-0.007005653,0.015205503,0.0,0.0,0.0,0.0,0.0,0.0,0.0,0.0,0.0,0.0,0.0,0.0,0.0,0.0,0.0,0.0,0.0,0.0,0.0,1.0,0.0,1.0,1.0,0.0,0.0,0.0,0.0,3,test/100/3/0,78
23.630442,0.0,0.0,0.0,1024.9778,0.0,0.0,0.0,0.0,0.0,0.0,0.0,9.805805,0.023930509,0.0021026917,0.0012125326,5.1100874,0.005206108,0.010115611,84.55613,0.47314453,1.7597382,432.0892,-0.10434988,23.631577,1024.973,0.0,-0.0063050874,0.013684954,0.0,0.0,0.0,0.0,0.0,0.0,0.0,0.0,0.0,0.0,0.0,0.0,0.0,0.0,0.0,0.0,0.0,0.0,0.0,1.0,0.0,1.0,1.0,0.0,0.0,0.0,0.0,3,test/100/3/0,79
23.630442,0.0,0.0,0.0,1024.9778,0.0,0.0,0.0,0.0,0.0,0.0,0.0,9.820432,0.024341071,0.020387229,0.005498528,5.0858192,-0.02426815,0.010011146,79.25776,-5.2983704,1.9077446,403.09064,-0.28353426,23.631464,1024.9735,0.0,-0.0056745787,0.012316458,0.0,0.0,0.0,0.0,0.0,0.0,0.0,0.0,0.0,0.0,0.0,0.0,0.0,0.0,0.0,0.0,0.0,0.0,0.0,1.0,0.0,1.0,1.0,0.0,0.0,0.0,0.0,3,test/100/3/0,80
23.630442,0.0,0.0,0.0,1024.9778,0.0,0.0,0.0,0.0,0.0,0.0,0.0,9.798658,0.020272726,-0.03639896,0.0064343666,5.0928493,0.00703001,0.0097667985,81.43534,2.1775818,1.9221084,414.7379,-0.40073803,23.631361,1024.9739,0.0,-0.005107121,0.011084812,0.0,0.0,0.0,0.0,0.0,0.0,0.0,0.0,0.0,0.0,0.0,0.0,0.0,0.0,0.0,0.0,0.0,0.0,0.0,1.0,0.0,1.0,1.0,0.0,0.0,0.0,0.0,3,test/100/3/0,81
23.630442,0.0,0.0,0.0,1024.9778,0.0,0.0,0.0,0.0,0.0,0.0,0.0,9.814809,0.020417832,0.03792341,0.008149548,5.105525,0.012675762,0.010021409,80.91065,-0.5246887,1.6599364,413.09137,-0.15753211,23.63127,1024.9742,0.0,-0.004596409,0.009976331,0.0,0.0,0.0,0.0,0.0,0.0,0.0,0.0,0.0,0.0,0.0,0.0,0.0,0.0,0.0,0.0,0.0,0.0,0.0,1.0,0.0,1.0,1.0,0.0,0.0,0.0,0.0,3,test/100/3/0,82
23.630442,0.0,0.0,0.0,1024.9778,0.0,0.0,0.0,0.0,0.0,0.0,0.0,9.795872,0.018334698,-0.035087857,0.0018851977,5.126421,0.020895958,0.012130353,80.829346,-0.08130646,1.6199836,414.36523,-0.3958685,23.631186,1024.9746,0.0,-0.0041367677,0.0089786975,0.0,0.0,0.0,0.0,0.0,0.0,0.0,0.0,0.0,0.0,0.0,0.0,0.0,0.0,0.0,0.0,0.0,0.0,0.0,1.0,0.0,1.0,1.0,0.0,0.0,0.0,0.0,3,test/100/3/0,83
23.630442,0.0,0.0,0.0,1024.9778,0.0,0.0,0.0,0.0,0.0,0.0,0.0,9.823594,0.018310135,0.04665945,0.004854282,5.0936317,-0.03278923,0.011245411,81.189285,0.35993958,1.6321479,413.54834,-0.5095964,23.631111,1024.975,0.0,-0.0037230912,0.008080828,0.0,0.0,0.0,0.0,0.0,0.0,0.0,0.0,0.0,0.0,0.0,0.0,0.0,0.0,0.0,0.0,0.0,0.0,0.0,1.0,0.0,1.0,1.0,0.0,0.0,0.0,0.0,3,test/100/3/0,84
23.630442,0.0,0.0,0.0,1024.9778,0.0,0.0,0.0,0.0,0.0,0.0,0.0,9.858805,0.021410836,0.007488797,0.0040197596,5.0866117,-0.0070199966,0.011028256,80.14333,-1.0459518,1.6679654,407.65805,-0.812212,23.631044,1024.9752,0.0,-0.003350782,0.007272745,0.0,0.0,0.0,0.0,0.0,0.0,0.0,0.0,0.0,0.0,0.0,0.0,0.0,0.0,0.0,0.0,0.0,0.0,0.0,1.0,0.0,1.0,1.0,0.0,0.0,0.0,0.0,3,test/100/3/0,85
23.630442,0.0,0.0,0.0,1024.9778,0.0,0.0,0.0,0.0,0.0,0.0,0.0,9.801016,0.021447739,-0.09300042,0.002617691,5.0888968,0.0022850037,0.010508267,80.78687,0.6435394,1.5184914,411.11606,-0.68705064,23.630985,1024.9755,0.0,-0.0030157038,0.0065454706,0.0,0.0,0.0,0.0,0.0,0.0,0.0,0.0,0.0,0.0,0.0,0.0,0.0,0.0,0.0,0.0,0.0,0.0,0.0,1.0,0.0,1.0,1.0,0.0,0.0,0.0,0.0,3,test/100/3/0,86
23.630442,0.0,0.0,0.0,1024.9778,0.0,0.0,0.0,0.0,0.0,0.0,0.0,9.829591,0.020931713,0.08636484,0.003495679,5.0809083,-0.007988453,0.01085764,80.30176,-0.48511505,1.5117501,408.0059,-0.7065864,23.63093,1024.9757,0.0,-0.0027141334,0.0058909236,0.0,0.0,0.0,0.0,0.0,0.0,0.0,0.0,0.0,0.0,0.0,0.0,0.0,0.0,0.0,0.0,0.0,0.0,0.0,1.0,0.0,1.0,1.0,0.0,0.0,0.0,0.0,3,test/100/3/0,87
23.630442,0.0,0.0,0.0,1024.9778,0.0,0.0,0.0,0.0,0.0,0.0,0.0,9.7848425,0.02164163,-0.073323846,0.007512138,5.1043124,0.023404121,0.010993901,81.91996,1.6182022,1.4844469,418.14508,-0.5857055,23.630882,1024.976,0.0,-0.00244272,0.0053018313,0.0,0.0,0.0,0.0,0.0,0.0,0.0,0.0,0.0,0.0,0.0,0.0,0.0,0.0,0.0,0.0,0.0,0.0,0.0,1.0,0.0,1.0,1.0,0.0,0.0,0.0,0.0,3,test/100/3/0,88
23.630442,0.0,0.0,0.0,1024.9778,0.0,0.0,0.0,0.0,0.0,0.0,0.0,9.81382,0.021651559,0.07372518,0.0044996454,5.094961,-0.0093512535,0.010830755,83.03688,1.1169205,1.5069929,423.0697,-0.47432286,23.630836,1024.9761,0.0,-0.0021984482,0.004771648,0.0,0.0,0.0,0.0,0.0,0.0,0.0,0.0,0.0,0.0,0.0,0.0,0.0,0.0,0.0,0.0,0.0,0.0,0.0,1.0,0.0,1.0,1.0,0.0,0.0,0.0,0.0,3,test/100/3/0,89
23.630442,0.0,0.0,0.0,1024.9778,0.0,0.0,0.0,0.0,0.0,0.0,0.0,9.792512,0.0217646,-0.050284706,0.004499283,5.063269,-0.031692028,0.012964111,79.76101,-3.2758713,1.4300423,403.85147,-0.44842598,23.630798,1024.9763,0.0,-0.0019786032,0.0042944835,0.0,0.0,0.0,0.0,0.0,0.0,0.0,0.0,0.0,0.0,0.0,0.0,0.0,0.0,0.0,0.0,0.0,0.0,0.0,1.0,0.0,1.0,1.0,0.0,0.0,0.0,0.0,3,test/100/3/0,90
23.630442,0.0,0.0,0.0,1024.9778,0.0,0.0,0.0,0.0,0.0,0.0,0.0,9.798572,0.020871548,0.027367562,0.0038031011,5.0801005,0.016831398,0.012922756,81.24572,1.4847107,1.4317709,412.73645,-0.4645081,23.630762,1024.9764,0.0,-0.0017807429,0.003865035,0.0,0.0,0.0,0.0,0.0,0.0,0.0,0.0,0.0,0.0,0.0,0.0,0.0,0.0,0.0,0.0,0.0,0.0,0.0,1.0,0.0,1.0,1.0,0.0,0.0,0.0,0.0,3,test/100/3/0,91
23.630442,0.0,0.0,0.0,1024.9778,0.0,0.0,0.0,0.0,0.0,0.0,0.0,9.848564,0.022303326,0.04393356,0.0013385594,5.092363,0.012262344,0.012872991,81.39919,0.1534729,1.3211234,414.51425,-0.29167828,23.63073,1024.9766,0.0,-0.0016026687,0.0034785315,0.0,0.0,0.0,0.0,0.0,0.0,0.0,0.0,0.0,0.0,0.0,0.0,0.0,0.0,0.0,0.0,0.0,0.0,0.0,1.0,0.0,1.0,1.0,0.0,0.0,0.0,0.0,3,test/100/3/0,92
23.630442,0.0,0.0,0.0,1024.9778,0.0,0.0,0.0,0.0,0.0,0.0,0.0,9.804982,0.018398315,-0.09357588,0.005032526,5.105044,0.012681007,0.012881575,82.807335,1.4081421,1.3490036,422.73508,-0.22899014,23.630701,1024.9767,0.0,-0.0014424018,0.0031306783,0.0,0.0,0.0,0.0,0.0,0.0,0.0,0.0,0.0,0.0,0.0,0.0,0.0,0.0,0.0,0.0,0.0,0.0,0.0,1.0,0.0,1.0,1.0,0.0,0.0,0.0,0.0,3,test/100/3/0,93
23.630442,0.0,0.0,0.0,1024.9778,0.0,0.0,0.0,0.0,0.0,0.0,0.0,9.801966,0.017842855,0.04056708,0.0038447503,5.1159663,0.010922432,0.01362655,79.68084,-3.1264954,1.3883371,407.64447,-0.43563852,23.630676,1024.9768,0.0,-0.0012981616,0.0028176105,0.0,0.0,0.0,0.0,0.0,0.0,0.0,0.0,0.0,0.0,0.0,0.0,0.0,0.0,0.0,0.0,0.0,0.0,0.0,1.0,0.0,1.0,1.0,0.0,0.0,0.0,0.0,3,test/100/3/0,94
23.630442,0.0,0.0,0.0,1024.9778,0.0,0.0,0.0,0.0,0.0,0.0,0.0,9.816958,0.017704641,0.018008057,0.0060991435,5.0997524,-0.016213894,0.013628697,80.30977,0.62892914,1.3798212,409.55994,-0.41212836,23.630651,1024.9769,0.0,-0.0011683455,0.0025358493,0.0,0.0,0.0,0.0,0.0,0.0,0.0,0.0,0.0,0.0,0.0,0.0,0.0,0.0,0.0,0.0,0.0,0.0,0.0,1.0,0.0,1.0,1.0,0.0,0.0,0.0,0.0,3,test/100/3/0,95
23.630442,0.0,0.0,0.0,1024.9778,0.0,0.0,0.0,0.0,0.0,0.0,0.0,9.798516,0.01783304,-0.033434786,0.0043740366,5.0982995,-0.0014529228,0.013581937,80.29723,-0.012535095,1.3988318,409.37933,-0.48212743,23.63063,1024.9769,0.0,-0.0010515109,0.0022822644,0.0,0.0,0.0,0.0,0.0,0.0,0.0,0.0,0.0,0.0,0.0,0.0,0.0,0.0,0.0,0.0,0.0,0.0,0.0,1.0,0.0,1.0,1.0,0.0,0.0,0.0,0.0,3,test/100/3/0,96
23.630442,0.0,0.0,0.0,1024.9778,0.0,0.0,0.0,0.0,0.0,0.0,0.0,9.827257,0.018075706,0.04718344,0.00523843,5.1020837,0.0037841797,0.0136316195,78.18442,-2.1128159,1.5352843,398.90347,-0.62316567,23.630611,1024.977,0.0,-0.0009463598,0.002054038,0.0,0.0,0.0,0.0,0.0,0.0,0.0,0.0,0.0,0.0,0.0,0.0,0.0,0.0,0.0,0.0,0.0,0.0,0.0,1.0,0.0,1.0,1.0,0.0,0.0,0.0,0.0,3,test/100/3/0,97
23.630442,0.0,0.0,0.0,1024.9778,0.0,0.0,0.0,0.0,0.0,0.0,0.0,9.827504,0.018370003,-0.028494403,0.0039349403,5.1007566,-0.0013270378,0.013535471,80.151794,1.9673767,1.3860651,408.83478,-0.43758968,23.630594,1024.9772,0.0,-0.00085172383,0.0018486342,0.0,0.0,0.0,0.0,0.0,0.0,0.0,0.0,0.0,0.0,0.0,0.0,0.0,0.0,0.0,0.0,0.0,0.0,0.0,1.0,0.0,1.0,1.0,0.0,0.0,0.0,0.0,3,test/100/3/0,98
23.630442,0.0,0.0,0.0,1024.9778,0.0,0.0,0.0,0.0,0.0,0.0,0.0,9.794653,0.018751435,-0.03309816,0.0055238875,5.071517,-0.029239655,0.014177975,80.841675,0.6898804,1.1055722,409.9899,-0.15974915,23.630579,1024.9772,0.0,-0.0007665515,0.0016637709,0.0,0.0,0.0,0.0,0.0,0.0,0.0,0.0,0.0,0.0,0.0,0.0,0.0,0.0,0.0,0.0,0.0,0.0,0.0,1.0,0.0,1.0,1.0,0.0,0.0,0.0,0.0,3,test/100/3/0,99
23.630442,0.0,0.0,0.0,1024.9778,0.0,0.0,0.0,0.0,0.0,0.0,0.0,9.797547,0.018938713,0.035746664,0.006044616,5.0834227,0.01190567,0.0142603405,78.18939,-2.6522827,1.1971673,397.46973,-0.48540828,23.630566,1024.9773,0.0,-0.0006898963,0.0014973937,0.0,0.0,0.0,0.0,0.0,0.0,0.0,0.0,0.0,0.0,0.0,0.0,0.0,0.0,0.0,0.0,0.0,0.0,0.0,1.0,0.0,1.0,1.0,0.0,0.0,0.0,0.0,3,test/100/3/0,100
23.630442,0.0,0.0,0.0,1024.9778,0.0,0.0,0.0,0.0,0.0,0.0,0.0,9.859783,0.021392515,0.05934007,0.0034612808,5.1029615,0.01953888,0.014377502,79.436646,1.2472534,1.2125227,405.36215,-0.5059616,23.630554,1024.9773,0.0,-0.00062090665,0.0013476544,0.0,0.0,0.0,0.0,0.0,0.0,0.0,0.0,0.0,0.0,0.0,0.0,0.0,0.0,0.0,0.0,0.0,0.0,0.0,1.0,0.0,1.0,1.0,0.0,0.0,0.0,0.0,3,test/100/3/0,101
23.630442,0.0,0.0,0.0,1024.9778,0.0,0.0,0.0,0.0,0.0,0.0,0.0,9.8206005,0.021433108,-0.101417966,0.00094495993,5.1251993,0.022237778,0.015688224,81.55318,2.1165314,1.2294855,417.97626,-0.3582126,23.630543,1024.9774,0.0,-0.000558816,0.001212889,0.0,0.0,0.0,0.0,0.0,0.0,0.0,0.0,0.0,0.0,0.0,0.0,0.0,0.0,0.0,0.0,0.0,0.0,0.0,1.0,0.0,1.0,1.0,0.0,0.0,0.0,0.0,3,test/100/3/0,102
23.630442,0.0,0.0,0.0,1024.9778,0.0,0.0,0.0,0.0,0.0,0.0,0.0,9.808873,0.021041296,0.02745532,0.009318558,5.0840797,-0.041119576,0.014203019,80.15469,-1.3984833,1.2320727,407.51288,-0.3471725,23.630531,1024.9774,0.0,-0.0005029344,0.0010916,0.0,0.0,0.0,0.0,0.0,0.0,0.0,0.0,0.0,0.0,0.0,0.0,0.0,0.0,0.0,0.0,0.0,0.0,0.0,1.0,0.0,1.0,1.0,0.0,0.0,0.0,0.0,3,test/100/3/0,103
23.630442,0.0,0.0,0.0,1024.9778,0.0,0.0,0.0,0.0,0.0,0.0,0.0,9.843319,0.021844607,0.046173334,0.0045079244,5.099219,0.015139103,0.01425365,81.96682,1.8121262,1.2628961,417.9668,-0.18938473,23.630524,1024.9774,0.0,-0.00045264096,0.0009824401,0.0,0.0,0.0,0.0,0.0,0.0,0.0,0.0,0.0,0.0,0.0,0.0,0.0,0.0,0.0,0.0,0.0,0.0,0.0,1.0,0.0,1.0,1.0,0.0,0.0,0.0,0.0,3,test/100/3/0,104
23.630442,0.0,0.0,0.0,1024.9778,0.0,0.0,0.0,0.0,0.0,0.0,0.0,9.815334,0.019569749,-0.06243103,0.006357473,5.071671,-0.027547836,0.0149929235,82.96317,0.99635315,1.3570018,420.76193,-0.091315314,23.630514,1024.9774,0.0,-0.00040737688,0.000884196,0.0,0.0,0.0,0.0,0.0,0.0,0.0,0.0,0.0,0.0,0.0,0.0,0.0,0.0,0.0,0.0,0.0,0.0,0.0,1.0,0.0,1.0,1.0,0.0,0.0,0.0,0.0,3,test/100/3/0,105
23.630442,0.0,0.0,0.0,1024.9778,0.0,0.0,0.0,0.0,0.0,0.0,0.0,9.8425665,0.02024205,0.055217363,0.0033101127,5.0896416,0.017970562,0.014983013,79.167175,-3.7959976,1.3999999,402.93256,-0.21305625,23.630508,1024.9775,0.0,-0.00036663917,0.00079577643,0.0,0.0,0.0,0.0,0.0,0.0,0.0,0.0,0.0,0.0,0.0,0.0,0.0,0.0,0.0,0.0,0.0,0.0,0.0,1.0,0.0,1.0,1.0,0.0,0.0,0.0,0.0,3,test/100/3/0,106
23.630442,0.0,0.0,0.0,1024.9778,0.0,0.0,0.0,0.0,0.0,0.0,0.0,9.819837,0.020034505,-0.049961444,0.0036788175,5.097121,0.007479191,0.014728339,80.49579,1.3286133,1.3980963,410.29675,-0.26639625,23.6305,1024.9775,0.0,-0.00032997527,0.00071619876,0.0,0.0,0.0,0.0,0.0,0.0,0.0,0.0,0.0,0.0,0.0,0.0,0.0,0.0,0.0,0.0,0.0,0.0,0.0,1.0,0.0,1.0,1.0,0.0,0.0,0.0,0.0,3,test/100/3/0,107
23.630442,0.0,0.0,0.0,1024.9778,0.0,0.0,0.0,0.0,0.0,0.0,0.0,9.810117,0.018794367,0.013008935,0.0059489263,5.103734,0.0066132545,0.014708787,78.826164,-1.6696243,1.4230697,402.30777,-0.27721703,23.630495,1024.9775,0.0,-0.00029697773,0.0006445789,0.0,0.0,0.0,0.0,0.0,0.0,0.0,0.0,0.0,0.0,0.0,0.0,0.0,0.0,0.0,0.0,0.0,0.0,0.0,1.0,0.0,1.0,1.0,0.0,0.0,0.0,0.0,3,test/100/3/0,108
23.630442,0.0,0.0,0.0,1024.9778,0.0,0.0,0.0,0.0,0.0,0.0,0.0,9.824482,0.01884309,0.024084928,0.005348814,5.1068482,0.0031142235,0.014971097,86.15696,7.3307953,1.808797,439.9905,0.35185972,23.63049,1024.9775,0.0,-0.00026727997,0.000580121,0.0,0.0,0.0,0.0,0.0,0.0,0.0,0.0,0.0,0.0,0.0,0.0,0.0,0.0,0.0,0.0,0.0,0.0,0.0,1.0,0.0,1.0,1.0,0.0,0.0,0.0,0.0,3,test/100/3/0,109
23.630442,0.0,0.0,0.0,1024.9778,0.0,0.0,0.0,0.0,0.0,0.0,0.0,9.792261,0.018859873,-0.046584737,0.0036430499,5.0753016,-0.031546593,0.013901396,82.8067,-3.3502579,1.8527385,420.26898,0.3703098,23.630486,1024.9777,0.0,-0.00024055196,0.0005221089,0.0,0.0,0.0,0.0,0.0,0.0,0.0,0.0,0.0,0.0,0.0,0.0,0.0,0.0,0.0,0.0,0.0,0.0,0.0,1.0,0.0,1.0,1.0,0.0,0.0,0.0,0.0,3,test/100/3/0,110
23.630442,0.0,0.0,0.0,1024.9778,0.0,0.0,0.0,0.0,0.0,0.0,0.0,9.774663,0.020701323,0.014621021,0.0069734287,5.0698595,-0.0054421425,0.01462017,84.060646,1.2539444,1.9813013,426.1757,0.58874255,23.63048,1024.9777,0.0,-0.00021649677,0.00046989802,0.0,0.0,0.0,0.0,0.0,0.0,0.0,0.0,0.0,0.0,0.0,0.0,0.0,0.0,0.0,0.0,0.0,0.0,0.0,1.0,0.0,1.0,1.0,0.0,0.0,0.0,0.0,3,test/100/3/0,111
23.630442,0.0,0.0,0.0,1024.9778,0.0,0.0,0.0,0.0,0.0,0.0,0.0,9.782113,0.020619143,0.025049908,0.008130699,5.0999746,0.030115128,0.01465232,83.05776,-1.0028839,2.0315003,423.59247,0.77813333,23.630476,1024.9777,0.0,-0.00019484709,0.00042290823,0.0,0.0,0.0,0.0,0.0,0.0,0.0,0.0,0.0,0.0,0.0,0.0,0.0,0.0,0.0,0.0,0.0,0.0,0.0,1.0,0.0,1.0,1.0,0.0,0.0,0.0,0.0,3,test/100/3/0,112
23.630442,0.0,0.0,0.0,1024.9778,0.0,0.0,0.0,0.0,0.0,0.0,0.0,9.817252,0.020548908,0.027687892,0.004459655,5.0843067,-0.015667915,0.014647289,81.12593,-1.9318314,1.9916607,412.46912,0.9247702,23.630474,1024.9777,0.0,-0.00017536238,0.0003806174,0.0,0.0,0.0,0.0,0.0,0.0,0.0,0.0,0.0,0.0,0.0,0.0,0.0,0.0,0.0,0.0,0.0,0.0,0.0,1.0,0.0,1.0,1.0,0.0,0.0,0.0,0.0,3,test/100/3/0,113
23.630442,0.0,0.0,0.0,1024.9778,0.0,0.0,0.0,0.0,0.0,0.0,0.0,9.801604,0.020559454,-0.05078664,0.0055770115,5.092253,0.007946491,0.013761081,83.95861,2.8326797,2.0697546,427.53848,1.0638484,23.63047,1024.9777,0.0,-0.00015782614,0.00034255566,0.0,0.0,0.0,0.0,0.0,0.0,0.0,0.0,0.0,0.0,0.0,0.0,0.0,0.0,0.0,0.0,0.0,0.0,0.0,1.0,0.0,1.0,1.0,0.0,0.0,0.0,0.0,3,test/100/3/0,114
23.630442,0.0,0.0,0.0,1024.9778,0.0,0.0,0.0,0.0,0.0,0.0,0.0,9.798817,0.020797264,0.012859788,0.003021774,5.0782337,-0.014019489,0.014022025,80.40937,-3.54924,2.0677612,408.33755,0.9289561,23.630466,1024.9777,0.0,-0.00014204353,0.00030830008,0.0,0.0,0.0,0.0,0.0,0.0,0.0,0.0,0.0,0.0,0.0,0.0,0.0,0.0,0.0,0.0,0.0,0.0,0.0,1.0,0.0,1.0,1.0,0.0,0.0,0.0,0.0,3,test/100/3/0,115
23.630442,0.0,0.0,0.0,1024.9778,0.0,0.0,0.0,0.0,0.0,0.0,0.0,9.749535,0.024833925,-0.046494037,0.0043127467,5.0991488,0.020915031,0.01404284,82.23145,1.8220825,2.0689666,419.3104,0.9498052,23.630465,1024.9777,0.0,-0.00012783917,0.00027747007,0.0,0.0,0.0,0.0,0.0,0.0,0.0,0.0,0.0,0.0,0.0,0.0,0.0,0.0,0.0,0.0,0.0,0.0,0.0,1.0,0.0,1.0,1.0,0.0,0.0,0.0,0.0,3,test/100/3/0,116
23.630442,0.0,0.0,0.0,1024.9778,0.0,0.0,0.0,0.0,0.0,0.0,0.0,9.78165,0.025271935,0.08139761,0.004381542,5.072919,-0.026229858,0.014415492,83.757965,1.5265121,2.0067363,424.89737,0.87012595,23.630463,1024.9777,0.0,-0.00011505526,0.00024972306,0.0,0.0,0.0,0.0,0.0,0.0,0.0,0.0,0.0,0.0,0.0,0.0,0.0,0.0,0.0,0.0,0.0,0.0,0.0,1.0,0.0,1.0,1.0,0.0,0.0,0.0,0.0,3,test/100/3/0,117
23.630442,0.0,0.0,0.0,1024.9778,0.0,0.0,0.0,0.0,0.0,0.0,0.0,9.847254,0.0263718,0.033488873,0.0023393086,5.101747,0.028828144,0.014452608,80.418724,-3.339241,1.9981582,410.276,0.6992915,23.63046,1024.9777,0.0,-0.00010354973,0.00022475077,0.0,0.0,0.0,0.0,0.0,0.0,0.0,0.0,0.0,0.0,0.0,0.0,0.0,0.0,0.0,0.0,0.0,0.0,0.0,1.0,0.0,1.0,1.0,0.0,0.0,0.0,0.0,3,test/100/3/0,118
23.630442,0.0,0.0,0.0,1024.9778,0.0,0.0,0.0,0.0,0.0,0.0,0.0,9.827218,0.026433984,-0.08564017,0.0048964494,5.109967,0.008220196,0.014362259,84.26669,3.847969,2.0730007,430.60007,0.8348724,23.630459,1024.9777,0.0,-9.319476e-05,0.0002022757,0.0,0.0,0.0,0.0,0.0,0.0,0.0,0.0,0.0,0.0,0.0,0.0,0.0,0.0,0.0,0.0,0.0,0.0,0.0,1.0,0.0,1.0,1.0,0.0,0.0,0.0,0.0,3,test/100/3/0,119
23.630442,0.0,0.0,0.0,1024.9778,0.0,0.0,0.0,0.0,0.0,0.0,0.0,9.808222,0.026269464,0.0010392087,0.0071850414,5.1047673,-0.005199909,0.0144497445,84.14236,-0.12433624,1.964916,429.52716,0.7264464,23.630457,1024.9777,0.0,-8.387528e-05,0.00018204813,0.0,0.0,0.0,0.0,0.0,0.0,0.0,0.0,0.0,0.0,0.0,0.0,0.0,0.0,0.0,0.0,0.0,0.0,0.0,1.0,0.0,1.0,1.0,0.0,0.0,0.0,0.0,3,test/100/3/0,120
23.630442,0.0,0.0,0.0,1024.9778,0.0,0.0,0.0,0.0,0.0,0.0,0.0,9.820062,0.02392382,0.03083674,0.0070552025,5.084254,-0.020513535,0.014409056,85.338066,1.1957092,1.9935371,433.8804,0.7566201,23.630455,1024.9778,0.0,-7.5487755e-05,0.0001638433,0.0,0.0,0.0,0.0,0.0,0.0,0.0,0.0,0.0,0.0,0.0,0.0,0.0,0.0,0.0,0.0,0.0,0.0,0.0,1.0,0.0,1.0,1.0,0.0,0.0,0.0,0.0,3,test/100/3/0,121
23.630442,0.0,0.0,0.0,1024.9778,0.0,0.0,0.0,0.0,0.0,0.0,0.0,9.809637,0.023783552,-0.022264754,0.0056313034,5.1067123,0.022458553,0.012783837,80.786224,-4.5518417,2.0156138,412.552,0.6383879,23.630453,1024.9778,0.0,-6.793898e-05,0.00014745898,0.0,0.0,0.0,0.0,0.0,0.0,0.0,0.0,0.0,0.0,0.0,0.0,0.0,0.0,0.0,0.0,0.0,0.0,0.0,1.0,0.0,1.0,1.0,0.0,0.0,0.0,0.0,3,test/100/3/0,122
23.630442,0.0,0.0,0.0,1024.9778,0.0,0.0,0.0,0.0,0.0,0.0,0.0,9.833003,0.02436459,0.033790037,0.0069957743,5.0851946,-0.021517754,0.01275337,84.92942,4.143196,2.0295568,431.88263,0.639253,23.630453,1024.9778,0.0,-6.114508e-05,0.00013271307,0.0,0.0,0.0,0.0,0.0,0.0,0.0,0.0,0.0,0.0,0.0,0.0,0.0,0.0,0.0,0.0,0.0,0.0,0.0,1.0,0.0,1.0,1.0,0.0,0.0,0.0,0.0,3,test/100/3/0,123
23.630442,0.0,0.0,0.0,1024.9778,0.0,0.0,0.0,0.0,0.0,0.0,0.0,9.798316,0.02323039,-0.058052402,0.0037083125,5.070398,-0.014796734,0.0134265395,83.4341,-1.4953232,2.0339072,423.04407,0.64226866,23.630451,1024.9778,0.0,-5.5030574e-05,0.00011944177,0.0,0.0,0.0,0.0,0.0,0.0,0.0,0.0,0.0,0.0,0.0,0.0,0.0,0.0,0.0,0.0,0.0,0.0,0.0,1.0,0.0,1.0,1.0,0.0,0.0,0.0,0.0,3,test/100/3/0,124
23.630442,0.0,0.0,0.0,1024.9778,0.0,0.0,0.0,0.0,0.0,0.0,0.0,9.815562,0.0232342,0.051933415,0.006265542,5.0755963,0.0051984787,0.013180652,86.72156,3.2874603,2.222154,440.16367,0.9263486,23.630451,1024.9778,0.0,-4.9527516e-05,0.000107497595,0.0,0.0,0.0,0.0,0.0,0.0,0.0,0.0,0.0,0.0,0.0,0.0,0.0,0.0,0.0,0.0,0.0,0.0,0.0,1.0,0.0,1.0,1.0,0.0,0.0,0.0,0.0,3,test/100/3/0,125
23.630442,0.0,0.0,0.0,1024.9778,0.0,0.0,0.0,0.0,0.0,0.0,0.0,9.810367,0.021836583,-0.022442697,0.005075323,5.10141,0.02581358,0.013394655,84.00061,-2.7209473,2.071123,428.52158,0.7334211,23.63045,1024.9778,0.0,-4.4574765e-05,9.674783e-05,0.0,0.0,0.0,0.0,0.0,0.0,0.0,0.0,0.0,0.0,0.0,0.0,0.0,0.0,0.0,0.0,0.0,0.0,0.0,1.0,0.0,1.0,1.0,0.0,0.0,0.0,0.0,3,test/100/3/0,126
23.630442,0.0,0.0,0.0,1024.9778,0.0,0.0,0.0,0.0,0.0,0.0,0.0,9.84375,0.02317003,0.038579848,0.001551952,5.1199064,0.018496513,0.014766637,84.96523,0.9646225,2.024473,435.01404,0.71104,23.63045,1024.9778,0.0,-4.0117287e-05,8.707305e-05,0.0,0.0,0.0,0.0,0.0,0.0,0.0,0.0,0.0,0.0,0.0,0.0,0.0,0.0,0.0,0.0,0.0,0.0,0.0,1.0,0.0,1.0,1.0,0.0,0.0,0.0,0.0,3,test/100/3/0,127
23.630442,0.0,0.0,0.0,1024.9778,0.0,0.0,0.0,0.0,0.0,0.0,0.0,9.776608,0.024098268,-0.10052529,0.005249697,5.1240134,0.0041069984,0.016159434,85.642296,0.677063,1.8101195,438.8323,0.579895,23.630447,1024.9778,0.0,-3.610556e-05,7.8365745e-05,0.0,0.0,0.0,0.0,0.0,0.0,0.0,0.0,0.0,0.0,0.0,0.0,0.0,0.0,0.0,0.0,0.0,0.0,0.0,1.0,0.0,1.0,1.0,0.0,0.0,0.0,0.0,3,test/100/3/0,128
23.630442,0.0,0.0,0.0,1024.9778,0.0,0.0,0.0,0.0,0.0,0.0,0.0,9.819351,0.023922786,0.10988488,0.006278687,5.087459,-0.036554337,0.015887303,88.260124,2.6178284,2.005541,449.01978,1.1343517,23.630447,1024.9778,0.0,-3.2495005e-05,7.052917e-05,0.0,0.0,0.0,0.0,0.0,0.0,0.0,0.0,0.0,0.0,0.0,0.0,0.0,0.0,0.0,0.0,0.0,0.0,0.0,1.0,0.0,1.0,1.0,0.0,0.0,0.0,0.0,3,test/100/3/0,129
23.630442,0.0,0.0,0.0,1024.9778,0.0,0.0,0.0,0.0,0.0,0.0,0.0,9.816418,0.02384052,-0.045676995,0.0066462206,5.0887165,0.0012574196,0.015437756,83.71235,-4.5477753,1.9947009,425.98843,1.0348189,23.630447,1024.9778,0.0,-2.9245502e-05,6.3476255e-05,0.0,0.0,0.0,0.0,0.0,0.0,0.0,0.0,0.0,0.0,0.0,0.0,0.0,0.0,0.0,0.0,0.0,0.0,0.0,1.0,0.0,1.0,1.0,0.0,0.0,0.0,0.0,3,test/100/3/0,130
23.630442,0.0,0.0,0.0,1024.9778,0.0,0.0,0.0,0.0,0.0,0.0,0.0,9.844967,0.02405878,0.0314831,0.005636161,5.079704,-0.009012699,0.014842607,85.92042,2.2080688,2.0491107,436.45026,1.1694039,23.630445,1024.9778,0.0,-2.6320953e-05,5.712863e-05,0.0,0.0,0.0,0.0,0.0,0.0,0.0,0.0,0.0,0.0,0.0,0.0,0.0,0.0,0.0,0.0,0.0,0.0,0.0,1.0,0.0,1.0,1.0,0.0,0.0,0.0,0.0,3,test/100/3/0,131
23.630442,0.0,0.0,0.0,1024.9778,0.0,0.0,0.0,0.0,0.0,0.0,0.0,9.826019,0.023400402,-0.04749704,0.0040986827,5.0841546,0.004450798,0.01488911,86.85617,0.93575287,2.1405025,441.5902,1.3211786,23.630445,1024.9778,0.0,-2.3688857e-05,5.1415765e-05,0.0,0.0,0.0,0.0,0.0,0.0,0.0,0.0,0.0,0.0,0.0,0.0,0.0,0.0,0.0,0.0,0.0,0.0,0.0,1.0,0.0,1.0,1.0,0.0,0.0,0.0,0.0,3,test/100/3/0,132
23.630442,0.0,0.0,0.0,1024.9778,0.0,0.0,0.0,0.0,0.0,0.0,0.0,9.779225,0.024440926,-0.02784562,0.002273087,5.09911,0.014955521,0.014829099,87.15377,0.2975998,2.1327825,444.40665,1.3104918,23.630445,1024.9778,0.0,-2.1319973e-05,4.627419e-05,0.0,0.0,0.0,0.0,0.0,0.0,0.0,0.0,0.0,0.0,0.0,0.0,0.0,0.0,0.0,0.0,0.0,0.0,0.0,1.0,0.0,1.0,1.0,0.0,0.0,0.0,0.0,3,test/100/3/0,133
23.630442,0.0,0.0,0.0,1024.9778,0.0,0.0,0.0,0.0,0.0,0.0,0.0,9.83073,0.024740584,0.09829788,0.0016424763,5.093078,-0.00603199,0.014827324,83.72057,-3.433197,2.1355693,426.39542,1.2324128,23.630445,1024.9778,0.0,-1.9187975e-05,4.164677e-05,0.0,0.0,0.0,0.0,0.0,0.0,0.0,0.0,0.0,0.0,0.0,0.0,0.0,0.0,0.0,0.0,0.0,0.0,0.0,1.0,0.0,1.0,1.0,0.0,0.0,0.0,0.0,3,test/100/3/0,134
23.630442,0.0,0.0,0.0,1024.9778,0.0,0.0,0.0,0.0,0.0,0.0,0.0,9.78532,0.025264978,-0.09691457,0.0037798765,5.1161304,0.023052216,0.0151946675,88.182724,4.4621506,2.0929832,451.1543,1.2065785,23.630445,1024.9778,0.0,-1.7269178e-05,3.7482092e-05,0.0,0.0,0.0,0.0,0.0,0.0,0.0,0.0,0.0,0.0,0.0,0.0,0.0,0.0,0.0,0.0,0.0,0.0,0.0,1.0,0.0,1.0,1.0,0.0,0.0,0.0,0.0,3,test/100/3/0,135
23.630442,0.0,0.0,0.0,1024.9778,0.0,0.0,0.0,0.0,0.0,0.0,0.0,9.813274,0.020940261,0.07336444,0.0043206993,5.120674,0.0045437813,0.016166165,85.684875,-2.4978485,2.021624,438.7643,1.1126137,23.630444,1024.9778,0.0,-1.554226e-05,3.3733882e-05,0.0,0.0,0.0,0.0,0.0,0.0,0.0,0.0,0.0,0.0,0.0,0.0,0.0,0.0,0.0,0.0,0.0,0.0,0.0,1.0,0.0,1.0,1.0,0.0,0.0,0.0,0.0,3,test/100/3/0,136
23.630442,0.0,0.0,0.0,1024.9778,0.0,0.0,0.0,0.0,0.0,0.0,0.0,9.7957325,0.020046642,-0.045496847,0.003291613,5.1034,-0.017273903,0.015304326,89.782745,4.09787,2.264123,458.1973,1.3552244,23.630444,1024.9778,0.0,-1.3988034e-05,3.0360494e-05,0.0,0.0,0.0,0.0,0.0,0.0,0.0,0.0,0.0,0.0,0.0,0.0,0.0,0.0,0.0,0.0,0.0,0.0,0.0,1.0,0.0,1.0,1.0,0.0,0.0,0.0,0.0,3,test/100/3/0,137
23.630442,0.0,0.0,0.0,1024.9778,0.0,0.0,0.0,0.0,0.0,0.0,0.0,9.790337,0.019299272,0.012146706,0.005565153,5.104862,0.0014619827,0.015359258,86.53937,-3.2433777,1.9954299,441.77158,1.082243,23.630444,1024.9778,0.0,-1.258923e-05,2.7324444e-05,0.0,0.0,0.0,0.0,0.0,0.0,0.0,0.0,0.0,0.0,0.0,0.0,0.0,0.0,0.0,0.0,0.0,0.0,0.0,1.0,0.0,1.0,1.0,0.0,0.0,0.0,0.0,3,test/100/3/0,138
23.630442,0.0,0.0,0.0,1024.9778,0.0,0.0,0.0,0.0,0.0,0.0,0.0,9.807505,0.019008597,0.022563985,0.008029692,5.0809975,-0.023864746,0.015525175,88.410484,1.8711166,2.070141,449.21344,1.1891186,23.630444,1024.9778,0.0,-1.1330307e-05,2.4592e-05,0.0,0.0,0.0,0.0,0.0,0.0,0.0,0.0,0.0,0.0,0.0,0.0,0.0,0.0,0.0,0.0,0.0,0.0,0.0,1.0,0.0,1.0,1.0,0.0,0.0,0.0,0.0,3,test/100/3/0,139
23.630442,0.0,0.0,0.0,1024.9778,0.0,0.0,0.0,0.0,0.0,0.0,0.0,9.77128,0.020909961,-0.05339282,0.008136514,5.1121826,0.03118515,0.015803589,86.55775,-1.8527374,2.0455213,442.499,1.1551428,23.630444,1024.9778,0.0,-1.0197276e-05,2.21328e-05,0.0,0.0,0.0,0.0,0.0,0.0,0.0,0.0,0.0,0.0,0.0,0.0,0.0,0.0,0.0,0.0,0.0,0.0,0.0,1.0,0.0,1.0,1.0,0.0,0.0,0.0,0.0,3,test/100/3/0,140
23.630442,0.0,0.0,0.0,1024.9778,0.0,0.0,0.0,0.0,0.0,0.0,0.0,9.797188,0.020919604,0.06213248,0.0024595899,5.111314,-0.0008687973,0.015821524,87.95712,1.3993759,2.0931213,449.57645,1.2715024,23.630444,1024.9778,0.0,-9.177549e-06,1.991952e-05,0.0,0.0,0.0,0.0,0.0,0.0,0.0,0.0,0.0,0.0,0.0,0.0,0.0,0.0,0.0,0.0,0.0,0.0,0.0,1.0,0.0,1.0,1.0,0.0,0.0,0.0,0.0,3,test/100/3/0,141
23.630442,0.0,0.0,0.0,1024.9778,0.0,0.0,0.0,0.0,0.0,0.0,0.0,9.814448,0.020962032,-0.008647247,0.006880103,5.113518,0.0022044182,0.016071083,86.93857,-1.0185547,1.7307395,444.56195,0.955859,23.630444,1024.9778,0.0,-8.2597935e-06,1.7927568e-05,0.0,0.0,0.0,0.0,0.0,0.0,0.0,0.0,0.0,0.0,0.0,0.0,0.0,0.0,0.0,0.0,0.0,0.0,0.0,1.0,0.0,1.0,1.0,0.0,0.0,0.0,0.0,3,test/100/3/0,142
23.630442,0.0,0.0,0.0,1024.9778,0.0,0.0,0.0,0.0,0.0,0.0,0.0,9.847438,0.022016257,0.015728122,0.0050839554,5.0953727,-0.018145561,0.015797641,86.27492,-0.6636505,1.7033135,439.60284,0.8264565,23.630444,1024.9778,0.0,-7.4338145e-06,1.613481e-05,0.0,0.0,0.0,0.0,0.0,0.0,0.0,0.0,0.0,0.0,0.0,0.0,0.0,0.0,0.0,0.0,0.0,0.0,0.0,1.0,0.0,1.0,1.0,0.0,0.0,0.0,0.0,3,test/100/3/0,143
23.630442,0.0,0.0,0.0,1024.9778,0.0,0.0,0.0,0.0,0.0,0.0,0.0,9.821513,0.022023791,-0.058912568,0.0036434843,5.074533,-0.020839691,0.015443736,85.36312,-0.91179657,1.5869113,433.17798,0.4541045,23.630444,1024.9778,0.0,-6.690433e-06,1.452133e-05,0.0,0.0,0.0,0.0,0.0,0.0,0.0,0.0,0.0,0.0,0.0,0.0,0.0,0.0,0.0,0.0,0.0,0.0,0.0,1.0,0.0,1.0,1.0,0.0,0.0,0.0,0.0,3,test/100/3/0,144
23.630442,0.0,0.0,0.0,1024.9778,0.0,0.0,0.0,0.0,0.0,0.0,0.0,9.77981,0.022959407,-0.015779987,0.00538671,5.0968637,0.022330761,0.014476451,88.87239,3.5092697,1.673396,452.97046,0.61957276,23.630444,1024.9778,0.0,-6.0213897e-06,1.3069197e-05,0.0,0.0,0.0,0.0,0.0,0.0,0.0,0.0,0.0,0.0,0.0,0.0,0.0,0.0,0.0,0.0,0.0,0.0,0.0,1.0,0.0,1.0,1.0,0.0,0.0,0.0,0.0,3,test/100/3/0,145
23.630442,0.0,0.0,0.0,1024.9778,0.0,0.0,0.0,0.0,0.0,0.0,0.0,9.786657,0.023442717,0.04855176,0.004064708,5.084632,-0.012231827,0.014872599,88.18599,-0.68640137,1.6029946,448.39328,0.51657194,23.630444,1024.9778,0.0,-5.4192506e-06,1.1762277e-05,0.0,0.0,0.0,0.0,0.0,0.0,0.0,0.0,0.0,0.0,0.0,0.0,0.0,0.0,0.0,0.0,0.0,0.0,0.0,1.0,0.0,1.0,1.0,0.0,0.0,0.0,0.0,3,test/100/3/0,146
23.630442,0.0,0.0,0.0,1024.9778,0.0,0.0,0.0,0.0,0.0,0.0,0.0,9.807944,0.021914123,0.014438563,0.005965151,5.0969763,0.01234436,0.014122622,85.65844,-2.5275497,1.5712293,436.59903,0.31771216,23.630442,1024.9778,0.0,-4.877326e-06,1.0586049e-05,0.0,0.0,0.0,0.0,0.0,0.0,0.0,0.0,0.0,0.0,0.0,0.0,0.0,0.0,0.0,0.0,0.0,0.0,0.0,1.0,0.0,1.0,1.0,0.0,0.0,0.0,0.0,3,test/100/3/0,147
23.630442,0.0,0.0,0.0,1024.9778,0.0,0.0,0.0,0.0,0.0,0.0,0.0,9.798136,0.020972718,-0.031095454,0.0038724905,5.0902557,-0.006720543,0.012925234,87.275116,1.6166763,1.5521048,444.2527,0.28609526,23.630442,1024.9778,0.0,-4.389593e-06,9.527444e-06,0.0,0.0,0.0,0.0,0.0,0.0,0.0,0.0,0.0,0.0,0.0,0.0,0.0,0.0,0.0,0.0,0.0,0.0,0.0,1.0,0.0,1.0,1.0,0.0,0.0,0.0,0.0,3,test/100/3/0,148
23.630442,0.0,0.0,0.0,1024.9778,0.0,0.0,0.0,0.0,0.0,0.0,0.0,9.821537,0.02104413,0.03321097,0.005495097,5.1115413,0.021285534,0.013128713,88.47968,1.204567,1.5626715,452.26758,0.5216807,23.630442,1024.9778,0.0,-3.950634e-06,8.574699e-06,0.0,0.0,0.0,0.0,0.0,0.0,0.0,0.0,0.0,0.0,0.0,0.0,0.0,0.0,0.0,0.0,0.0,0.0,0.0,1.0,0.0,1.0,1.0,0.0,0.0,0.0,0.0,3,test/100/3/0,149
23.630442,0.0,0.0,0.0,1024.9778,0.0,0.0,0.0,0.0,0.0,0.0,0.0,9.796251,0.02104103,-0.048688,0.005236786,5.093843,-0.017698288,0.012996272,90.19993,1.7202454,1.5454767,459.4643,0.4915397,23.630442,1024.9778,0.0,-3.5555704e-06,7.717229e-06,0.0,0.0,0.0,0.0,0.0,0.0,0.0,0.0,0.0,0.0,0.0,0.0,0.0,0.0,0.0,0.0,0.0,0.0,0.0,1.0,0.0,1.0,1.0,0.0,0.0,0.0,0.0,3,test/100/3/0,150
23.630442,0.0,0.0,0.0,1024.9778,0.0,0.0,0.0,0.0,0.0,0.0,0.0,9.859768,0.022608737,0.08880276,0.0039555165,5.1154227,0.021579742,0.012790315,86.20812,-3.991806,1.5347949,440.991,0.31234145,23.630442,1024.9778,0.0,-3.2000135e-06,6.945506e-06,0.0,0.0,0.0,0.0,0.0,0.0,0.0,0.0,0.0,0.0,0.0,0.0,0.0,0.0,0.0,0.0,0.0,0.0,0.0,1.0,0.0,1.0,1.0,0.0,0.0,0.0,0.0,3,test/100/3/0,151
23.630442,0.0,0.0,0.0,1024.9778,0.0,0.0,0.0,0.0,0.0,0.0,0.0,9.845083,0.023782732,-0.07820206,0.003926327,5.101363,-0.014059544,0.0122673875,88.57373,2.3656082,1.5601519,451.84674,0.36255425,23.630442,1024.9778,0.0,-2.880012e-06,6.2509553e-06,0.0,0.0,0.0,0.0,0.0,0.0,0.0,0.0,0.0,0.0,0.0,0.0,0.0,0.0,0.0,0.0,0.0,0.0,0.0,1.0,0.0,1.0,1.0,0.0,0.0,0.0,0.0,3,test/100/3/0,152
23.630442,0.0,0.0,0.0,1024.9778,0.0,0.0,0.0,0.0,0.0,0.0,0.0,9.771887,0.024267187,-0.058510892,0.0022714485,5.1128073,0.011444092,0.012533191,91.649284,3.075554,1.8242418,468.58514,0.6809338,23.630442,1024.9778,0.0,-2.5920108e-06,5.6258596e-06,0.0,0.0,0.0,0.0,0.0,0.0,0.0,0.0,0.0,0.0,0.0,0.0,0.0,0.0,0.0,0.0,0.0,0.0,0.0,1.0,0.0,1.0,1.0,0.0,0.0,0.0,0.0,3,test/100/3/0,153
23.630442,0.0,0.0,0.0,1024.9778,0.0,0.0,0.0,0.0,0.0,0.0,0.0,9.795348,0.023763932,0.09665714,0.004200053,5.1155167,0.0027093887,0.012732836,88.17023,-3.4790573,1.6047305,451.03625,0.42786843,23.630442,1024.9778,0.0,-2.3328098e-06,5.0632734e-06,0.0,0.0,0.0,0.0,0.0,0.0,0.0,0.0,0.0,0.0,0.0,0.0,0.0,0.0,0.0,0.0,0.0,0.0,0.0,1.0,0.0,1.0,1.0,0.0,0.0,0.0,0.0,3,test/100/3/0,154
23.630442,0.0,0.0,0.0,1024.9778,0.0,0.0,0.0,0.0,0.0,0.0,0.0,9.822098,0.023567086,0.0032888728,0.0039920616,5.1264777,0.010961056,0.013461074,90.81221,2.641983,1.7371914,465.54678,0.7359721,23.630442,1024.9778,0.0,-2.0995287e-06,4.556946e-06,0.0,0.0,0.0,0.0,0.0,0.0,0.0,0.0,0.0,0.0,0.0,0.0,0.0,0.0,0.0,0.0,0.0,0.0,0.0,1.0,0.0,1.0,1.0,0.0,0.0,0.0,0.0,3,test/100/3/0,155
23.630442,0.0,0.0,0.0,1024.9778,0.0,0.0,0.0,0.0,0.0,0.0,0.0,9.787814,0.023887957,-0.061033167,0.0041500414,5.0946646,-0.031813145,0.012949773,87.127075,-3.685135,1.673348,443.8832,0.517322,23.630442,1024.9778,0.0,-1.8895759e-06,4.1012513e-06,0.0,0.0,0.0,0.0,0.0,0.0,0.0,0.0,0.0,0.0,0.0,0.0,0.0,0.0,0.0,0.0,0.0,0.0,0.0,1.0,0.0,1.0,1.0,0.0,0.0,0.0,0.0,3,test/100/3/0,156
23.630442,0.0,0.0,0.0,1024.9778,0.0,0.0,0.0,0.0,0.0,0.0,0.0,9.811896,0.023803951,0.0583654,0.0039208285,5.0733385,-0.021326065,0.014349005,88.1554,1.028328,1.621089,447.2422,0.64579636,23.630442,1024.9778,0.0,-1.7006183e-06,3.6911258e-06,0.0,0.0,0.0,0.0,0.0,0.0,0.0,0.0,0.0,0.0,0.0,0.0,0.0,0.0,0.0,0.0,0.0,0.0,0.0,1.0,0.0,1.0,1.0,0.0,0.0,0.0,0.0,3,test/100/3/0,157
23.630442,0.0,0.0,0.0,1024.9778,0.0,0.0,0.0,0.0,0.0,0.0,0.0,9.807181,0.02350632,-0.028797694,0.0016173925,5.0948906,0.021552086,0.014355899,84.661644,-3.4937592,1.7450923,431.3418,0.30424255,23.630442,1024.9778,0.0,-1.5305565e-06,3.3220133e-06,0.0,0.0,0.0,0.0,0.0,0.0,0.0,0.0,0.0,0.0,0.0,0.0,0.0,0.0,0.0,0.0,0.0,0.0,0.0,1.0,0.0,1.0,1.0,0.0,0.0,0.0,0.0,3,test/100/3/0,158
23.630442,0.0,0.0,0.0,1024.9778,0.0,0.0,0.0,0.0,0.0,0.0,0.0,9.820332,0.023671037,0.017866215,0.0034775536,5.1053033,0.010412693,0.013725536,87.01304,2.3513947,1.7462876,444.22797,0.2799639,23.630442,1024.9778,0.0,-1.3775008e-06,2.9898117e-06,0.0,0.0,0.0,0.0,0.0,0.0,0.0,0.0,0.0,0.0,0.0,0.0,0.0,0.0,0.0,0.0,0.0,0.0,0.0,1.0,0.0,1.0,1.0,0.0,0.0,0.0,0.0,3,test/100/3/0,159
23.630442,0.0,0.0,0.0,1024.9778,0.0,0.0,0.0,0.0,0.0,0.0,0.0,9.820229,0.02221493,-0.013253921,0.004312801,5.120257,0.014953613,0.014159211,85.73008,-1.282959,1.7824571,438.96005,0.08190874,23.630442,1024.9778,0.0,-1.2397508e-06,2.6908303e-06,0.0,0.0,0.0,0.0,0.0,0.0,0.0,0.0,0.0,0.0,0.0,0.0,0.0,0.0,0.0,0.0,0.0,0.0,0.0,1.0,0.0,1.0,1.0,0.0,0.0,0.0,0.0,3,test/100/3/0,160
23.630442,0.0,0.0,0.0,1024.9778,0.0,0.0,0.0,0.0,0.0,0.0,0.0,9.782343,0.022889378,-0.037782487,0.003042392,5.0821123,-0.03814459,0.014565991,90.38683,4.6567535,1.8784229,459.35602,0.2922955,23.630442,1024.9778,0.0,-1.1157756e-06,2.4217472e-06,0.0,0.0,0.0,0.0,0.0,0.0,0.0,0.0,0.0,0.0,0.0,0.0,0.0,0.0,0.0,0.0,0.0,0.0,0.0,1.0,0.0,1.0,1.0,0.0,0.0,0.0,0.0,3,test/100/3/0,161
23.630442,0.0,0.0,0.0,1024.9778,0.0,0.0,0.0,0.0,0.0,0.0,0.0,9.841373,0.023888148,0.09691646,0.0035041843,5.1090217,0.026909351,0.014388987,89.05419,-1.3326416,1.8872266,454.9798,0.34628242,23.630442,1024.9778,0.0,-1.0041981e-06,2.1795722e-06,0.0,0.0,0.0,0.0,0.0,0.0,0.0,0.0,0.0,0.0,0.0,0.0,0.0,0.0,0.0,0.0,0.0,0.0,0.0,1.0,0.0,1.0,1.0,0.0,0.0,0.0,0.0,3,test/100/3/0,162
23.630442,0.0,0.0,0.0,1024.9778,0.0,0.0,0.0,0.0,0.0,0.0,0.0,9.829014,0.0228049,-0.07139006,0.006840023,5.0928216,-0.016200066,0.014438532,90.48854,1.4343491,1.9295985,460.84204,0.39004806,23.630442,1024.9778,0.0,-9.0377824e-07,1.961615e-06,0.0,0.0,0.0,0.0,0.0,0.0,0.0,0.0,0.0,0.0,0.0,0.0,0.0,0.0,0.0,0.0,0.0,0.0,0.0,1.0,0.0,1.0,1.0,0.0,0.0,0.0,0.0,3,test/100/3/0,163
23.630442,0.0,0.0,0.0,1024.9778,0.0,0.0,0.0,0.0,0.0,0.0,0.0,9.771653,0.02413075,-0.045001194,0.0074999384,5.0893645,-0.0034570694,0.013479398,83.484924,-7.0036163,2.0989432,424.88522,-0.21323901,23.630442,1024.9778,0.0,-8.134004e-07,1.7654532e-06,0.0,0.0,0.0,0.0,0.0,0.0,0.0,0.0,0.0,0.0,0.0,0.0,0.0,0.0,0.0,0.0,0.0,0.0,0.0,1.0,0.0,1.0,1.0,0.0,0.0,0.0,0.0,3,test/100/3/0,164
23.630442,0.0,0.0,0.0,1024.9778,0.0,0.0,0.0,0.0,0.0,0.0,0.0,9.806929,0.023265246,0.09263554,0.0029913515,5.0811005,-0.008264065,0.014107793,84.63933,1.1544037,2.211645,430.0609,-0.41760448,23.630442,1024.9778,0.0,-7.3206036e-07,1.588908e-06,0.0,0.0,0.0,0.0,0.0,0.0,0.0,0.0,0.0,0.0,0.0,0.0,0.0,0.0,0.0,0.0,0.0,0.0,0.0,1.0,0.0,1.0,1.0,0.0,0.0,0.0,0.0,3,test/100/3/0,165
23.630442,0.0,0.0,0.0,1024.9778,0.0,0.0,0.0,0.0,0.0,0.0,0.0,9.786833,0.02325681,-0.055370588,0.0027784414,5.121443,0.04034233,0.014434291,85.72638,1.0870514,2.2546012,439.04276,-0.53147876,23.630442,1024.9778,0.0,-6.5885433e-07,1.4300174e-06,0.0,0.0,0.0,0.0,0.0,0.0,0.0,0.0,0.0,0.0,0.0,0.0,0.0,0.0,0.0,0.0,0.0,0.0,0.0,1.0,0.0,1.0,1.0,0.0,0.0,0.0,0.0,3,test/100/3/0,166
23.630442,0.0,0.0,0.0,1024.9778,0.0,0.0,0.0,0.0,0.0,0.0,0.0,9.8375635,0.02405998,0.07082607,0.008445413,5.1180162,-0.0034265518,0.014832861,82.80859,-2.9177856,2.4583752,423.81573,-1.035046,23.630442,1024.9778,0.0,-5.929689e-07,1.2870156e-06,0.0,0.0,0.0,0.0,0.0,0.0,0.0,0.0,0.0,0.0,0.0,0.0,0.0,0.0,0.0,0.0,0.0,0.0,0.0,1.0,0.0,1.0,1.0,0.0,0.0,0.0,0.0,3,test/100/3/0,167
23.630442,0.0,0.0,0.0,1024.9778,0.0,0.0,0.0,0.0,0.0,0.0,0.0,9.807595,0.023901507,-0.08069836,0.004188659,5.0656285,-0.052387714,0.016700977,84.61875,1.8101578,2.5391095,428.64716,-1.3295226,23.630442,1024.9778,0.0,-5.33672e-07,1.1583136e-06,0.0,0.0,0.0,0.0,0.0,0.0,0.0,0.0,0.0,0.0,0.0,0.0,0.0,0.0,0.0,0.0,0.0,0.0,0.0,1.0,0.0,1.0,1.0,0.0,0.0,0.0,0.0,3,test/100/3/0,168
23.630442,0.0,0.0,0.0,1024.9778,0.0,0.0,0.0,0.0,0.0,0.0,0.0,9.887314,0.029072486,0.10968687,0.0005323918,5.1061444,0.0405159,0.016575594,89.47594,4.8571854,2.5694058,456.8771,-1.0706964,23.630442,1024.9778,0.0,-4.803048e-07,1.0424823e-06,0.0,0.0,0.0,0.0,0.0,0.0,0.0,0.0,0.0,0.0,0.0,0.0,0.0,0.0,0.0,0.0,0.0,0.0,0.0,1.0,0.0,1.0,1.0,0.0,0.0,0.0,0.0,3,test/100/3/0,169
23.630442,0.0,0.0,0.0,1024.9778,0.0,0.0,0.0,0.0,0.0,0.0,0.0,9.796646,0.029060278,-0.17038709,0.0076815984,5.07614,-0.030004501,0.017385794,87.11604,-2.3598938,2.4910436,442.21323,-0.9146534,23.630442,1024.9778,0.0,-4.322743e-07,9.382341e-07,0.0,0.0,0.0,0.0,0.0,0.0,0.0,0.0,0.0,0.0,0.0,0.0,0.0,0.0,0.0,0.0,0.0,0.0,0.0,1.0,0.0,1.0,1.0,0.0,0.0,0.0,0.0,3,test/100/3/0,170
23.630442,0.0,0.0,0.0,1024.9778,0.0,0.0,0.0,0.0,0.0,0.0,0.0,9.813788,0.027139004,0.10781009,0.008031707,5.0938067,0.017666817,0.01706812,89.82823,2.7121887,2.5365975,457.56763,-0.80500406,23.630442,1024.9778,0.0,-3.8904687e-07,8.4441064e-07,0.0,0.0,0.0,0.0,0.0,0.0,0.0,0.0,0.0,0.0,0.0,0.0,0.0,0.0,0.0,0.0,0.0,0.0,0.0,1.0,0.0,1.0,1.0,0.0,0.0,0.0,0.0,3,test/100/3/0,171
23.630442,0.0,0.0,0.0,1024.9778,0.0,0.0,0.0,0.0,0.0,0.0,0.0,9.791261,0.026397925,-0.039669275,0.005452238,5.097648,0.0038414001,0.017061723,88.52278,-1.3054504,2.5355191,451.25803,-0.63901263,23.630442,1024.9778,0.0,-3.501422e-07,7.599692e-07,0.0,0.0,0.0,0.0,0.0,0.0,0.0,0.0,0.0,0.0,0.0,0.0,0.0,0.0,0.0,0.0,0.0,0.0,0.0,1.0,0.0,1.0,1.0,0.0,0.0,0.0,0.0,3,test/100/3/0,172
23.630442,0.0,0.0,0.0,1024.9778,0.0,0.0,0.0,0.0,0.0,0.0,0.0,9.808543,0.024959275,0.039809983,0.0024070546,5.118313,0.020664692,0.017327439,86.04966,-2.4731216,2.362194,440.42908,-0.36254466,23.630442,1024.9778,0.0,-3.1512795e-07,6.8397185e-07,0.0,0.0,0.0,0.0,0.0,0.0,0.0,0.0,0.0,0.0,0.0,0.0,0.0,0.0,0.0,0.0,0.0,0.0,0.0,1.0,0.0,1.0,1.0,0.0,0.0,0.0,0.0,3,test/100/3/0,173
23.630442,0.0,0.0,0.0,1024.9778,0.0,0.0,0.0,0.0,0.0,0.0,0.0,9.759699,0.027205793,-0.066127256,0.004513409,5.082565,-0.035748005,0.017254628,90.40792,4.358261,2.4569025,459.50412,-0.048323806,23.630442,1024.9778,0.0,-2.8361515e-07,6.155746e-07,0.0,0.0,0.0,0.0,0.0,0.0,0.0,0.0,0.0,0.0,0.0,0.0,0.0,0.0,0.0,0.0,0.0,0.0,0.0,1.0,0.0,1.0,1.0,0.0,0.0,0.0,0.0,3,test/100/3/0,174
23.630442,0.0,0.0,0.0,1024.9778,0.0,0.0,0.0,0.0,0.0,0.0,0.0,9.771514,0.028248847,0.060659528,0.0011160534,5.1097093,0.027144432,0.016199015,86.53917,-3.8687515,2.324905,442.19,0.23493248,23.630442,1024.9778,0.0,-2.5525364e-07,5.5401676e-07,0.0,0.0,0.0,0.0,0.0,0.0,0.0,0.0,0.0,0.0,0.0,0.0,0.0,0.0,0.0,0.0,0.0,0.0,0.0,1.0,0.0,1.0,1.0,0.0,0.0,0.0,0.0,3,test/100/3/0,175
23.630442,0.0,0.0,0.0,1024.9778,0.0,0.0,0.0,0.0,0.0,0.0,0.0,9.80505,0.027912045,0.021720832,0.006762035,5.1065936,-0.003115654,0.016335282,86.227356,-0.31181335,2.332478,440.3281,0.18465663,23.630442,1024.9778,0.0,-2.2972827e-07,4.986149e-07,0.0,0.0,0.0,0.0,0.0,0.0,0.0,0.0,0.0,0.0,0.0,0.0,0.0,0.0,0.0,0.0,0.0,0.0,0.0,1.0,0.0,1.0,1.0,0.0,0.0,0.0,0.0,3,test/100/3/0,176
23.630442,0.0,0.0,0.0,1024.9778,0.0,0.0,0.0,0.0,0.0,0.0,0.0,9.84455,0.02903419,0.0059652966,0.007885953,5.1121187,0.005525112,0.015674803,86.101654,-0.1257019,2.3266094,440.1619,0.19038905,23.630442,1024.9778,0.0,-2.0675544e-07,4.4875313e-07,0.0,0.0,0.0,0.0,0.0,0.0,0.0,0.0,0.0,0.0,0.0,0.0,0.0,0.0,0.0,0.0,0.0,0.0,0.0,1.0,0.0,1.0,1.0,0.0,0.0,0.0,0.0,3,test/100/3/0,177
23.630442,0.0,0.0,0.0,1024.9778,0.0,0.0,0.0,0.0,0.0,0.0,0.0,9.811274,0.029031755,-0.07277783,0.010403291,5.117753,0.005634308,0.016148979,86.73071,0.62905884,2.2680862,443.86636,0.008630692,23.630442,1024.9778,0.0,-1.8607989e-07,4.0387735e-07,0.0,0.0,0.0,0.0,0.0,0.0,0.0,0.0,0.0,0.0,0.0,0.0,0.0,0.0,0.0,0.0,0.0,0.0,0.0,1.0,0.0,1.0,1.0,0.0,0.0,0.0,0.0,3,test/100/3/0,178
23.630442,0.0,0.0,0.0,1024.9778,0.0,0.0,0.0,0.0,0.0,0.0,0.0,9.817709,0.02898922,0.039712213,0.004749692,5.0815673,-0.03618574,0.016602965,87.68801,0.9572983,2.27234,445.59253,0.036163744,23.630442,1024.9778,0.0,-1.6747191e-07,3.634893e-07,0.0,0.0,0.0,0.0,0.0,0.0,0.0,0.0,0.0,0.0,0.0,0.0,0.0,0.0,0.0,0.0,0.0,0.0,0.0,1.0,0.0,1.0,1.0,0.0,0.0,0.0,0.0,3,test/100/3/0,179
23.716274,0.085832596,0.01870678,0.0012261799,1025.045,0.06726074,0.014659139,0.00096086774,0.0,0.0,0.0,0.0,9.823104,0.029048925,-0.0010406505,0.005712078,5.073198,-0.008369446,0.016772496,87.15135,-0.53665924,2.2510977,442.13608,-0.07091065,23.639025,1024.9845,0.0,0.42916283,0.17295653,0.0,0.0032554695,0.0,0.0,0.0,0.0,0.0,0.0,0.0,0.0,0.0,0.0,0.0,0.0,0.0,0.0,0.0,0.0,0.0,1.0,0.0,1.0,1.0,0.0,0.0,0.0,0.0,0,test/100/3/0,180
23.739063,0.022789001,0.029389849,0.0026488455,1025.0636,0.018554688,0.023148088,0.0020856585,0.0,0.0,0.0,0.0,9.7983675,0.02849944,-0.030131599,0.006071471,5.0674496,-0.005748272,0.017691707,85.20745,-1.9439011,2.1601846,431.78442,-0.008600221,23.649029,1024.9924,0.0,0.50019157,0.20337293,0.0,0.029966943,0.0,0.0,0.0,0.0,0.0,0.0,0.0,0.0,0.0,0.0,0.0,0.0,0.0,0.0,0.0,0.0,0.0,1.0,0.0,1.0,1.0,0.0,0.0,0.0,0.0,0,test/100/3/0,181
23.707628,-0.031435013,0.032736998,0.0034590987,1025.1202,0.056640625,0.0372928,0.0038905554,0.0,0.0,0.0,0.0,9.843782,0.028634477,0.07015177,0.009586735,5.1214614,0.05401182,0.018344497,88.53017,3.3227158,2.1368685,453.40384,0.3349218,23.654888,1025.0052,0.0,0.29299733,0.32868296,0.0,0.019416394,0.0,0.0,0.0,0.0,0.0,0.0,0.0,0.0,0.0,0.0,0.0,0.0,0.0,0.0,0.0,0.0,0.0,1.0,0.0,1.0,1.0,0.0,0.0,0.0,0.0,0,test/100/3/0,182
23.69545,-0.012178421,0.034411546,0.0039793043,1025.0979,-0.022338867,0.04357289,0.005162106,0.0,0.0,0.0,0.0,9.775093,0.029305294,-0.11410452,0.00504478,5.0863094,-0.03515196,0.018466806,85.524956,-3.0052109,1.9846824,435.00638,0.5105546,23.658945,1025.0145,0.0,0.20280549,0.23837185,0.0,0.0,0.0,0.0,0.0,0.0,0.0,0.0,0.0,0.0,0.0,0.0,0.0,0.0,0.0,0.0,0.0,0.0,0.0,1.0,0.0,1.0,1.0,0.0,0.0,0.0,0.0,0,test/100/3/0,183
23.68441,-0.011039734,0.03509502,0.004244043,1024.9075,-0.19042969,0.047744703,0.0035326048,0.0,0.0,0.0,0.0,9.840096,0.02886413,0.13369355,0.0053588185,5.100305,0.013995647,0.01841474,84.2413,-1.2836533,1.9310844,429.65634,0.08086965,23.661491,1025.0038,0.0,0.12732628,-0.27514166,0.0,0.0,0.0,0.0,0.0,0.0,0.0,0.0,0.0,0.0,0.0,0.0,0.0,0.0,0.0,0.0,0.0,0.0,0.0,1.0,0.0,1.0,1.0,0.0,0.0,0.0,0.0,0,test/100/3/0,184
23.71152,0.027109146,0.037223026,0.0048148995,1024.988,0.080566406,0.0476114,0.0031597854,0.0,0.0,0.0,0.0,9.823421,0.028961858,-0.081680164,0.0026983866,5.0878716,-0.012433529,0.018182606,88.34694,4.1056366,1.906317,449.4979,0.00918228,23.666494,1025.0022,0.0,0.2501394,-0.040456742,0.0,0.0,0.0,0.0,0.0,0.0,0.0,0.0,0.0,0.0,0.0,0.0,0.0,0.0,0.0,0.0,0.0,0.0,0.0,1.0,0.0,1.0,1.0,0.0,0.0,0.0,0.0,0,test/100/3/0,185
23.738054,0.026535034,0.041010056,0.0056429068,1024.9849,-0.0031738281,0.04750409,0.0027262063,0.0,0.0,0.0,0.0,9.836535,0.02881401,0.029791083,0.004585169,5.095922,0.008050442,0.017311271,84.5561,-3.7908401,1.956956,430.89127,-0.21572405,23.67365,1025.0005,0.0,0.3578006,-0.044572342,0.0,0.017767427,0.0,0.0,0.0,0.0,0.0,0.0,0.0,0.0,0.0,0.0,0.0,0.0,0.0,0.0,0.0,0.0,0.0,1.0,0.0,1.0,1.0,0.0,0.0,0.0,0.0,0,test/100/3/0,186
23.728653,-0.009401321,0.043075643,0.006174786,1024.9127,-0.072143555,0.05075137,0.0012513584,0.0,0.0,0.0,0.0,9.809376,0.028344091,-0.040274125,0.0037176837,5.1206408,0.024718761,0.017487278,82.18578,-2.3703156,2.0237768,420.84384,-0.81233376,23.67915,1024.9917,0.0,0.27501395,-0.22562711,0.0,0.022933593,0.0,0.0,0.0,0.0,0.0,0.0,0.0,0.0,0.0,0.0,0.0,0.0,0.0,0.0,0.0,0.0,0.0,1.0,0.0,1.0,1.0,0.0,0.0,0.0,0.0,0,test/100/3/0,187
23.730284,0.0016307831,0.04461824,0.006582276,1025.03,0.11730957,0.051260274,0.0015502012,0.0,0.0,0.0,0.0,9.864221,0.030393314,0.08200383,0.003506478,5.0801473,-0.04049349,0.016481472,85.73685,3.5510635,1.9790096,435.55582,-1.1180178,23.684263,1024.9955,0.0,0.25566646,0.09858879,0.0,0.028008416,0.0,0.0,0.0,0.0,0.0,0.0,0.0,0.0,0.0,0.0,0.0,0.0,0.0,0.0,0.0,0.0,0.0,1.0,0.0,1.0,1.0,0.0,0.0,0.0,0.0,0,test/100/3/0,188
23.697018,-0.033266068,0.044074446,0.0063643977,1024.9895,-0.040527344,0.051123768,0.0011915164,0.0,0.0,0.0,0.0,9.80805,0.025640845,-0.11101517,0.0051543494,5.125625,0.045477867,0.017547121,84.66179,-1.075058,1.9321381,433.94458,-1.0113724,23.68554,1024.9949,0.0,0.06376948,-0.015483262,0.0,0.0,0.0,0.0,0.0,0.0,0.0,0.0,0.0,0.0,0.0,0.0,0.0,0.0,0.0,0.0,0.0,0.0,0.0,1.0,0.0,1.0,1.0,0.0,0.0,0.0,0.0,0,test/100/3/0,189
23.748367,0.05134964,0.04588578,0.006779972,1025.0878,0.0982666,0.05467539,0.002219018,0.0,0.0,0.0,0.0,9.829579,0.025652753,0.07769971,0.0045540705,5.096051,-0.029573917,0.016843114,83.87554,-0.78624725,2.0135195,427.43405,-1.1947845,23.691822,1025.0042,0.0,0.31414074,0.2387506,0.0,0.022141965,0.0,0.0,0.0,0.0,0.0,0.0,0.0,0.0,0.0,0.0,0.0,0.0,0.0,0.0,0.0,0.0,0.0,1.0,0.0,1.0,1.0,0.0,0.0,0.0,0.0,0,test/100/3/0,190
23.69786,-0.05050659,0.04468969,0.0062966915,1025.003,-0.0847168,0.054407254,0.0018708882,0.0,0.0,0.0,0.0,9.800539,0.025813807,-0.050569933,0.0011929814,5.11632,0.020268917,0.017222973,79.17574,-4.6997986,2.4080043,405.08847,-1.432757,23.692427,1025.0042,0.0,0.0301937,-0.0029676422,0.0,0.0,0.0,0.0,0.0,0.0,0.0,0.0,0.0,0.0,0.0,0.0,0.0,0.0,0.0,0.0,0.0,0.0,0.0,1.0,0.0,1.0,1.0,0.0,0.0,0.0,0.0,0,test/100/3/0,191
23.736801,0.03894043,0.044577297,0.0062683206,1024.9156,-0.087402344,0.05742714,0.00023615558,0.0,0.0,0.0,0.0,9.824904,0.025429947,0.053406574,0.0030402627,5.1164956,0.00017547607,0.01758694,81.04084,1.865097,2.5446029,414.6451,-1.5549153,23.696863,1024.9952,0.0,0.22187647,-0.22741976,0.0,0.0059722206,0.0,0.0,0.0,0.0,0.0,0.0,0.0,0.0,0.0,0.0,0.0,0.0,0.0,0.0,0.0,0.0,0.0,1.0,0.0,1.0,1.0,0.0,0.0,0.0,0.0,0,test/100/3/0,192
23.739841,0.0030403137,0.04398222,0.006123444,1024.9014,-0.014282227,0.061166458,-0.0015091746,0.0,0.0,0.0,0.0,9.7692585,0.027284633,-0.080011666,0.008232615,5.094122,-0.022373676,0.017169237,79.58021,-1.4606323,2.8472426,405.39127,-1.9251978,23.70116,1024.9858,0.0,0.2148904,-0.2414035,0.0,0.013403123,0.0,0.0,0.0,0.0,0.0,0.0,0.0,0.0,0.0,0.0,0.0,0.0,0.0,0.0,0.0,0.0,0.0,1.0,0.0,1.0,1.0,0.0,0.0,0.0,0.0,0,test/100/3/0,193
23.711517,-0.028324127,0.04173671,0.0054094256,1024.9768,0.07543945,0.061181128,-0.002061887,0.0,0.0,0.0,0.0,9.813767,0.024416579,0.100154646,0.009193546,5.1357946,0.041672707,0.018401952,78.83135,-0.7488556,2.900903,404.86163,-1.9491731,23.702196,1024.985,0.0,0.051780723,-0.023275996,0.0,0.0,0.0,0.0,0.0,0.0,0.0,0.0,0.0,0.0,0.0,0.0,0.0,0.0,0.0,0.0,0.0,0.0,0.0,1.0,0.0,1.0,1.0,0.0,0.0,0.0,0.0,0,test/100/3/0,194
23.7313,0.01978302,0.039451156,0.004856104,1025.0077,0.030883789,0.061091628,-0.0021719337,0.0,0.0,0.0,0.0,9.842071,0.022852033,-0.016206037,0.00407073,5.095551,-0.040243626,0.018374568,83.19375,4.3623962,2.8804514,423.918,-1.8921263,23.705107,1024.9872,0.0,0.14551775,0.058467064,0.0,0.0,0.0,0.0,0.0,0.0,0.0,0.0,0.0,0.0,0.0,0.0,0.0,0.0,0.0,0.0,0.0,0.0,0.0,1.0,0.0,1.0,1.0,0.0,0.0,0.0,0.0,0,test/100/3/0,195
23.754011,0.0227108,0.037417084,0.004475555,1024.9335,-0.07421875,0.06253993,-0.0033872216,0.0,0.0,0.0,0.0,9.850089,0.023570558,-0.020283863,0.002958108,5.1016293,0.0060782433,0.018338455,82.40017,-0.7935791,2.8817766,420.37512,-1.8876138,23.709997,1024.9818,0.0,0.24451998,-0.13822787,0.0,0.018251928,0.0,0.0,0.0,0.0,0.0,0.0,0.0,0.0,0.0,0.0,0.0,0.0,0.0,0.0,0.0,0.0,0.0,1.0,0.0,1.0,1.0,0.0,0.0,0.0,0.0,0,test/100/3/0,196
23.761965,0.007953644,0.034670543,0.0040228106,1025.0752,0.14172363,0.064768545,-0.0025112524,0.0,0.0,0.0,0.0,9.826858,0.023006193,-0.03125006,0.0033821957,5.1062107,0.0045814514,0.018209202,81.57846,-0.8217087,2.904049,416.55682,-1.9102682,23.715195,1024.9912,0.0,0.2598362,0.24002713,0.0,0.0431762,0.0,0.0,0.0,0.0,0.0,0.0,0.0,0.0,0.0,0.0,0.0,0.0,0.0,0.0,0.0,0.0,0.0,1.0,0.0,1.0,1.0,0.0,0.0,0.0,0.0,0,test/100/3/0,197
23.720592,-0.0413723,0.02880778,0.0027812542,1024.991,-0.084228516,0.06460802,-0.0029850323,0.0,0.0,0.0,0.0,9.810523,0.023021672,0.006896164,0.0027031456,5.107906,0.0016951561,0.017880293,85.87873,4.30027,2.8699021,438.66046,-1.5231684,23.715734,1024.9912,0.0,0.026991082,-0.00056319794,0.0,0.019832764,0.0,0.0,0.0,0.0,0.0,0.0,0.0,0.0,0.0,0.0,0.0,0.0,0.0,0.0,0.0,0.0,0.0,1.0,0.0,1.0,1.0,0.0,0.0,0.0,0.0,0,test/100/3/0,198
23.714981,-0.0056114197,0.02050012,0.0013239696,1025.074,0.08300781,0.066299275,-0.002292811,0.0,0.0,0.0,0.0,9.784152,0.024339361,-0.010035469,0.0027566634,5.098091,-0.009814739,0.017359214,81.42992,-4.4488144,2.7873638,415.13715,-1.4370323,23.715658,1024.9994,0.0,-0.0037651244,0.21294178,0.0,0.0,0.0,0.0,0.0,0.0,0.0,0.0,0.0,0.0,0.0,0.0,0.0,0.0,0.0,0.0,0.0,0.0,0.0,1.0,0.0,1.0,1.0,0.0,0.0,0.0,0.0,0,test/100/3/0,199
23.694773,-0.020208359,0.021384045,0.00080611865,1024.9769,-0.0970459,0.06591692,-0.0020695967,0.0,0.0,0.0,0.0,9.784162,0.025441049,0.026379718,0.004757629,5.094515,-0.0035762787,0.016214322,80.30047,-1.1294479,2.757611,409.09192,-1.4460346,23.71357,1024.9972,0.0,-0.10443041,-0.05789899,0.0,0.0,0.0,0.0,0.0,0.0,0.0,0.0,0.0,0.0,0.0,0.0,0.0,0.0,0.0,0.0,0.0,0.0,0.0,1.0,0.0,1.0,1.0,0.0,0.0,0.0,0.0,0,test/100/3/0,200
23.683928,-0.010845184,0.022554886,0.0005254961,1024.9529,-0.024047852,0.06514427,-0.0017945254,0.0,0.0,0.0,0.0,9.818939,0.0250908,0.03476848,0.011270928,5.107543,0.013028145,0.014108419,85.36034,5.059868,2.7630563,435.98157,-1.1846557,23.710606,1024.9928,0.0,-0.14821328,-0.11394642,0.0,0.0,0.0,0.0,0.0,0.0,0.0,0.0,0.0,0.0,0.0,0.0,0.0,0.0,0.0,0.0,0.0,0.0,0.0,1.0,0.0,1.0,1.0,0.0,0.0,0.0,0.0,0,test/100/3/0,201
23.692839,0.008911133,0.02316448,-4.1256095e-05,1024.961,0.008178711,0.05894817,-0.00034179687,0.0,0.0,0.0,0.0,9.812923,0.024382632,-0.04079318,0.0057380046,5.1053734,-0.002169609,0.013562243,79.81801,-5.542328,2.588805,407.50073,-0.9950982,23.70883,1024.9896,0.0,-0.0888363,-0.08152081,0.0,0.0,0.0,0.0,0.0,0.0,0.0,0.0,0.0,0.0,0.0,0.0,0.0,0.0,0.0,0.0,0.0,0.0,0.0,1.0,0.0,1.0,1.0,0.0,0.0,0.0,0.0,0,test/100/3/0,202
23.78407,0.09123039,0.026523838,0.0005252322,1025.0846,0.123535156,0.05777157,0.0027623686,0.0,0.0,0.0,0.0,9.8526325,0.023688445,0.045724552,0.00420867,5.1084466,0.0030732155,0.012995718,82.52901,2.7109985,2.5174587,421.59503,-0.82565254,23.716352,1024.9991,0.0,0.3761993,0.2442931,0.0,0.042865418,0.0,0.0,0.0,0.0,0.0,0.0,0.0,0.0,0.0,0.0,0.0,0.0,0.0,0.0,0.0,0.0,0.0,1.0,0.0,1.0,1.0,0.0,0.0,0.0,0.0,0,test/100/3/0,203
23.747437,-0.036632538,0.025457887,0.00026082492,1025.085,0.00036621094,0.058394518,0.0028849896,0.0,0.0,0.0,0.0,9.784016,0.024462564,-0.10832611,0.0067169205,5.0983443,-0.010102272,0.013036047,85.99387,3.4648666,2.5975564,438.42636,-0.48006615,23.719461,1025.0077,0.0,0.15541668,0.22080548,0.0,0.04237071,0.0,0.0,0.0,0.0,0.0,0.0,0.0,0.0,0.0,0.0,0.0,0.0,0.0,0.0,0.0,0.0,0.0,1.0,0.0,1.0,1.0,0.0,0.0,0.0,0.0,0,test/100/3/0,204
23.733582,-0.0138549805,0.02527124,0.0001317519,1024.8959,-0.18908691,0.06238656,0.0013115675,0.0,0.0,0.0,0.0,9.753344,0.028085463,0.037944842,0.0053026387,5.092758,-0.0055861473,0.012762584,83.192604,-2.8012695,2.2720857,423.67984,-0.04504468,23.720873,1024.9965,0.0,0.07060011,-0.28749856,0.0,0.024691472,0.0,0.0,0.0,0.0,0.0,0.0,0.0,0.0,0.0,0.0,0.0,0.0,0.0,0.0,0.0,0.0,0.0,1.0,0.0,1.0,1.0,0.0,0.0,0.0,0.0,0,test/100/3/0,205
23.765488,0.031906128,0.026526015,0.00084427855,1025.0985,0.20263672,0.06651947,0.0027214338,0.0,0.0,0.0,0.0,9.777941,0.028611911,0.05526929,0.004658798,5.0860977,-0.0066604614,0.013276412,78.61664,-4.575966,2.3782377,399.8519,-0.20538712,23.725334,1025.0067,0.0,0.22307074,0.26231715,0.0,0.04101707,0.0,0.0,0.0,0.0,0.0,0.0,0.0,0.0,0.0,0.0,0.0,0.0,0.0,0.0,0.0,0.0,0.0,1.0,0.0,1.0,1.0,0.0,0.0,0.0,0.0,0,test/100/3/0,206
23.691994,-0.07349396,0.027710585,0.0003171964,1025.0442,-0.05432129,0.064259365,0.0020452742,0.0,0.0,0.0,0.0,9.801196,0.028688671,-0.0013421513,0.0070868023,5.096373,0.010275364,0.012836797,80.6702,2.0535583,2.4036918,411.1254,-0.31664735,23.722,1025.0105,0.0,-0.16670613,0.09640211,0.0,0.0,0.0,0.0,0.0,0.0,0.0,0.0,0.0,0.0,0.0,0.0,0.0,0.0,0.0,0.0,0.0,0.0,0.0,1.0,0.0,1.0,1.0,0.0,0.0,0.0,0.0,0,test/100/3/0,207
23.739828,0.047834396,0.027846046,0.0005543386,1024.9962,-0.047973633,0.06400248,0.002338335,0.0,0.0,0.0,0.0,9.788878,0.026222372,-0.035572346,0.0065356866,5.060405,-0.035968304,0.015124463,79.18227,-1.4879303,2.3443034,400.69434,-0.33001423,23.723783,1025.009,0.0,0.089136474,-0.036598872,0.0,0.0,0.0,0.0,0.0,0.0,0.0,0.0,0.0,0.0,0.0,0.0,0.0,0.0,0.0,0.0,0.0,0.0,0.0,1.0,0.0,1.0,1.0,0.0,0.0,0.0,0.0,0,test/100/3/0,208
23.732193,-0.0076351166,0.026967939,0.00014280161,1025.0358,0.03955078,0.06432495,0.0026073484,0.0,0.0,0.0,0.0,9.816886,0.026315812,0.04032482,0.0035270012,5.106208,0.04580307,0.01418236,78.80832,-0.37394714,2.342318,402.41162,-0.29186574,23.724625,1025.0117,0.0,0.04204724,0.068763025,0.0,0.0,0.0,0.0,0.0,0.0,0.0,0.0,0.0,0.0,0.0,0.0,0.0,0.0,0.0,0.0,0.0,0.0,0.0,1.0,0.0,1.0,1.0,0.0,0.0,0.0,0.0,0,test/100/3/0,209
23.695917,-0.036275864,0.027518071,-2.9073442e-05,1024.9318,-0.104003906,0.063246414,0.002872599,0.0,0.0,0.0,0.0,9.800568,0.025833711,-0.04432542,0.0036764576,5.1152325,0.00902462,0.014447041,81.177376,2.3690567,2.2827497,415.24112,-0.12581854,23.721754,1025.0037,0.0,-0.1435368,-0.20555189,0.0,0.0,0.0,0.0,0.0,0.0,0.0,0.0,0.0,0.0,0.0,0.0,0.0,0.0,0.0,0.0,0.0,0.0,0.0,1.0,0.0,1.0,1.0,0.0,0.0,0.0,0.0,0,test/100/3/0,210
23.72097,0.025053024,0.026764188,-0.0005616482,1024.9266,-0.005126953,0.06505065,0.001961569,0.0,0.0,0.0,0.0,9.80183,0.025822384,0.01758012,0.004408268,5.100402,-0.014830589,0.0140794115,78.28623,-2.8911438,2.3344705,399.29126,-0.5221162,23.721676,1024.996,0.0,-0.0039180005,-0.1981803,0.0,0.0,0.0,0.0,0.0,0.0,0.0,0.0,0.0,0.0,0.0,0.0,0.0,0.0,0.0,0.0,0.0,0.0,0.0,1.0,0.0,1.0,1.0,0.0,0.0,0.0,0.0,0,test/100/3/0,211
23.75021,0.029239655,0.027148915,-9.641576e-05,1025.0326,0.10595703,0.06303958,0.0012990851,0.0,0.0,0.0,0.0,9.819337,0.025643755,0.016244832,0.0048553776,5.1076035,0.0072016716,0.0137309935,79.484024,1.197792,2.3706055,405.9729,-0.6633499,23.72453,1024.9996,0.0,0.14267208,0.09409867,0.0,0.0,0.0,0.0,0.0,0.0,0.0,0.0,0.0,0.0,0.0,0.0,0.0,0.0,0.0,0.0,0.0,0.0,0.0,1.0,0.0,1.0,1.0,0.0,0.0,0.0,0.0,0,test/100/3/0,212
23.743227,-0.0069828033,0.027230335,0.00029690392,1024.9769,-0.055664062,0.05921923,-0.0005599631,0.0,0.0,0.0,0.0,9.805435,0.024264628,-0.03140921,0.005173695,5.075808,-0.0317955,0.014728896,82.76282,3.2787933,2.3555448,420.0882,-0.736009,23.726398,1024.9974,0.0,0.09349085,-0.058447357,0.0,0.0,0.0,0.0,0.0,0.0,0.0,0.0,0.0,0.0,0.0,0.0,0.0,0.0,0.0,0.0,0.0,0.0,0.0,1.0,0.0,1.0,1.0,0.0,0.0,0.0,0.0,0,test/100/3/0,213
23.755524,0.012296677,0.02754202,0.0004135763,1025.0015,0.024536133,0.05892011,-0.0009909723,0.0,0.0,0.0,0.0,9.761,0.026206627,-0.030533072,0.0028521202,5.0842524,0.008444309,0.012598047,82.38766,-0.37516022,2.2823832,418.87964,-0.85639644,23.729311,1024.9978,0.0,0.14562514,0.010490291,0.0,0.0,0.0,0.0,0.0,0.0,0.0,0.0,0.0,0.0,0.0,0.0,0.0,0.0,0.0,0.0,0.0,0.0,0.0,1.0,0.0,1.0,1.0,0.0,0.0,0.0,0.0,0,test/100/3/0,214
23.707872,-0.04765129,0.027987933,9.570445e-05,1024.9838,-0.017700195,0.05907741,-0.0012242827,0.0,0.0,0.0,0.0,9.759982,0.026449947,0.043417685,0.005290965,5.0986753,0.0144228935,0.012593055,77.653534,-4.734123,2.4110944,395.93015,-1.0248235,23.727167,1024.9963,0.0,-0.10719382,-0.036073525,0.0,0.0,0.0,0.0,0.0,0.0,0.0,0.0,0.0,0.0,0.0,0.0,0.0,0.0,0.0,0.0,0.0,0.0,0.0,1.0,0.0,1.0,1.0,0.0,0.0,0.0,0.0,0,test/100/3/0,215
23.678352,-0.029520035,0.029500965,-0.00025006058,1024.9901,0.0063476562,0.057003114,-0.0025028086,0.0,0.0,0.0,0.0,9.745723,0.02645377,-0.013241126,0.0062741297,5.1130447,0.014369488,0.013014672,80.50016,2.8466263,2.4062774,411.60095,-0.98323506,23.722286,1024.9957,0.0,-0.24407461,-0.01614363,0.0,0.0,0.0,0.0,0.0,0.0,0.0,0.0,0.0,0.0,0.0,0.0,0.0,0.0,0.0,0.0,0.0,0.0,0.0,1.0,0.0,1.0,1.0,0.0,0.0,0.0,0.0,0,test/100/3/0,216
23.711905,0.03355217,0.028429495,0.00012284759,1024.9974,0.0073242188,0.05473866,-0.001524135,0.0,0.0,0.0,0.0,9.858256,0.029080315,0.12679172,0.0071604177,5.0823298,-0.030714989,0.013313745,83.83142,3.3312607,2.469493,426.05896,-0.7821983,23.721247,1024.996,0.0,-0.051906303,0.0043044393,0.0,0.0,0.0,0.0,0.0,0.0,0.0,0.0,0.0,0.0,0.0,0.0,0.0,0.0,0.0,0.0,0.0,0.0,0.0,1.0,0.0,1.0,1.0,0.0,0.0,0.0,0.0,0,test/100/3/0,217
23.744497,0.032592773,0.028791416,0.00038339858,1025.0237,0.026245117,0.054878194,-0.0013835247,0.0,0.0,0.0,0.0,9.752628,0.030429052,-0.21816117,0.004179384,5.0938506,0.011520863,0.013086994,79.417786,-4.4136353,2.2766502,404.54233,-0.5538262,23.723572,1024.9987,0.0,0.11624819,0.07136144,0.0,0.0,0.0,0.0,0.0,0.0,0.0,0.0,0.0,0.0,0.0,0.0,0.0,0.0,0.0,0.0,0.0,0.0,0.0,1.0,0.0,1.0,1.0,0.0,0.0,0.0,0.0,0,test/100/3/0,218
23.735874,-0.008623123,0.028806873,0.00039621367,1025.0048,-0.018920898,0.05245146,-0.00025175855,0.0,0.0,0.0,0.0,9.782989,0.030448925,0.13598861,0.0047957557,5.1032743,0.009423733,0.013171586,80.91533,1.4975433,2.275346,412.93314,-0.5257007,23.724802,1024.9993,0.0,0.061507758,0.015571557,0.0,0.0,0.0,0.0,0.0,0.0,0.0,0.0,0.0,0.0,0.0,0.0,0.0,0.0,0.0,0.0,0.0,0.0,0.0,1.0,0.0,1.0,1.0,0.0,0.0,0.0,0.0,0,test/100/3/0,219
36.52243,0.021484375,0.07496579,-0.005865897,985.34503,0.22302246,0.10577633,-0.008459335,40.78,-0.7800026,0.26559156,0.009180542,9.785516,0.030245604,-0.15845998,0.0035568802,4.976131,-0.0027122498,0.018160785,124.54489,-1.2891998,2.888286,619.7517,1.4861767,36.537086,985.3924,41.146343,-0.08142498,-0.13538545,-0.45792967,0.0,0.0,0.0,2.1348367,0.25190398,-0.0027553868,0.0,1.1496115,-0.9930192,0.11795261,0.0015298702,0.21052632,0.0,0.0,0.0,0.0,0.0,0.0,1.0,1.0,1.0,1.0,0.0,1.0,1.0,0.0,0,test/100/4/0,19
36.43429,-0.08813858,0.079352185,-0.008427429,985.47455,0.1295166,0.10512711,-0.0088300435,40.97,0.19000244,0.26765436,0.0058722817,9.79652,0.030204177,0.08286808,0.006851856,4.979353,0.0032219887,0.016059006,123.179184,-1.3657074,2.634024,613.3526,1.2143323,36.526806,985.40063,41.128708,-0.5139754,0.21119578,-0.19838396,-0.014340743,0.0,0.0,1.7325666,0.25042972,-0.002018765,0.0,1.1589472,-0.9964465,0.08422855,0.0015238441,0.21052632,0.0,0.0,0.0,0.0,0.0,0.0,1.0,1.0,1.0,1.0,0.0,1.0,1.0,0.0,0,test/100/4/0,20
36.58396,0.14966965,0.079540834,-0.007885774,985.5405,0.065979004,0.10760801,-0.0074634524,41.5,0.5299988,0.2669479,0.017233154,9.794715,0.030095737,-0.012810058,0.004130168,4.998706,0.019352913,0.016362956,120.405235,-2.7739487,2.5159204,601.87036,0.79345787,36.532524,985.4146,41.165836,0.2857704,0.3597365,0.41770306,0.0,0.0,0.012420325,2.0265193,0.24730693,-0.003170368,0.0,1.1464485,-0.99632305,0.08567579,0.0014512559,0.2631579,0.0,0.0,0.0,0.0,0.0,0.0,1.0,1.0,1.0,1.0,0.0,1.0,1.0,0.0,0,test/100/4/0,21
36.513145,-0.07081604,0.07267064,-0.006232507,985.2363,-0.30419922,0.11306278,-0.008612703,41.4,-0.099998474,0.27273604,0.019917367,9.822712,0.030233352,0.02980198,0.004366048,4.979002,-0.019703865,0.016173474,124.76137,4.3561325,2.3842654,621.1871,0.6535347,36.530586,985.3968,41.189255,-0.09688685,-0.4584637,0.26343447,0.0,0.0,0.0,1.889347,0.24543206,-0.005020124,0.0,1.1418917,-1.0,4.4741108e-05,0.001635628,0.2631579,0.0,0.0,0.0,0.0,0.0,0.0,1.0,1.0,1.0,1.0,0.0,1.0,1.0,0.0,0,test/100/4/0,22
36.45688,-0.056266785,0.06650128,-0.005166015,985.2662,0.029846191,0.113595515,-0.008736609,41.07,-0.33000183,0.26848865,0.0153083,9.806589,0.029440826,-0.04412,0.0052765855,4.99428,0.015277863,0.015998097,126.17161,1.4102402,2.466541,630.1363,0.8189613,36.523216,985.3837,41.17733,-0.3685321,-0.33587,-0.13416104,0.0,0.0,0.0,1.9705309,0.23811041,0.00067138486,0.0,1.1365801,-0.999918,-0.012809454,0.0017746489,0.31578946,0.0,0.0,0.0,0.0,0.0,0.0,1.0,1.0,1.0,1.0,0.0,1.0,1.0,0.0,0,test/100/4/0,23
36.513454,0.056575775,0.066633925,-0.0053231088,985.28534,0.019165039,0.11351879,-0.008714581,41.59,0.52000046,0.25529355,0.013165415,9.8035555,0.025816709,0.013090213,0.0035406004,4.991008,-0.0032720566,0.015685918,126.02988,-0.14173126,2.5203838,629.0161,0.947229,36.52224,985.3739,41.218597,-0.048800003,-0.25300145,0.46425557,0.0,0.0,0.031537224,2.233945,0.24523073,0.009827682,0.0,1.1846122,-0.99551356,0.09461884,0.0017688898,0.31578946,0.0,0.0,0.0,0.0,0.0,0.0,1.0,1.0,1.0,1.0,0.0,1.0,1.0,0.0,0,test/100/4/0,24
36.54459,0.03113556,0.05784311,-0.0028905997,985.33575,0.05041504,0.11408107,-0.009137238,41.24,-0.34999847,0.22917457,0.0059849587,9.784659,0.026215462,-0.015863787,0.002836367,4.998426,0.0074181557,0.015374293,123.21842,-2.8114548,2.4583454,615.8982,0.7456495,36.524475,985.37006,41.220737,0.11175779,-0.09806264,0.024081742,0.0,0.0,0.0,1.9967699,0.24371414,0.0142602185,0.0,1.1861945,-0.99953383,0.030529995,0.0017852213,0.31578946,0.0,0.0,0.0,0.0,0.0,0.0,1.0,1.0,1.0,1.0,0.0,1.0,1.0,0.0,0,test/100/4/0,25
36.367947,-0.17664337,0.06721704,-0.0057701482,985.3759,0.040161133,0.110883385,-0.007528939,41.26,0.019996643,0.22767241,0.004608986,9.7634325,0.027764207,-0.0023301323,0.0045852843,4.989823,-0.008603096,0.015313246,122.75456,-0.46385956,2.4578204,612.5235,0.67636317,36.50882,985.37067,41.224663,-0.78263485,0.015015107,0.04416979,-0.085520506,0.0,0.0,2.1305826,0.24403982,0.014358959,0.0,1.1711506,-0.99985546,-0.017000802,0.0018887741,0.31578946,0.0,0.0,0.0,0.0,0.0,0.0,1.0,1.0,1.0,1.0,0.0,1.0,1.0,0.0,0,test/100/4/0,26
36.349075,-0.018871307,0.07641722,-0.0076790573,985.42535,0.049438477,0.10932507,-0.005537311,40.92,-0.34000015,0.23644033,0.0016240113,9.821904,0.027672058,0.07969843,0.004217618,5.004449,0.014626026,0.01527766,126.273026,3.5184631,2.519726,631.9269,1.0779094,36.492847,985.37616,41.194195,-0.79872787,0.14064111,-0.34274736,-0.18849872,0.0,0.0,1.9652092,0.24441807,0.015777431,0.0,1.1699493,-0.9997446,-0.022599792,0.00172733,0.36842105,0.0,0.0,0.0,0.0,0.0,0.0,1.0,1.0,1.0,1.0,0.0,1.0,1.0,0.0,0,test/100/4/0,27
36.434177,0.08510208,0.078155056,-0.009113504,985.2481,-0.1772461,0.1096543,-0.005623036,41.79,0.87000275,0.25063145,0.0037894573,9.827767,0.028080499,-0.052608322,0.004582144,4.9965215,-0.007927418,0.015419684,125.888794,-0.38423157,2.262616,629.00604,0.8495086,36.48698,985.36334,41.253777,-0.2933447,-0.3291987,0.67028046,-0.1930595,0.0,0.07874997,1.4648527,0.25867522,0.012182841,0.0,1.1886281,-0.9998708,-0.016074149,0.0019589118,0.42105263,0.0,0.0,0.0,0.0,0.0,0.0,1.0,1.0,1.0,1.0,0.0,1.0,1.0,0.0,0,test/100/4/0,28
36.432415,-0.0017623901,0.079411834,-0.009648801,985.1565,-0.09161377,0.11385085,-0.006408783,41.53,-0.26000214,0.25662196,0.009165381,9.812304,0.028102115,-0.021326331,0.0063626487,5.0040903,0.007568836,0.015816005,121.79004,-4.098755,2.2483413,609.44836,0.57270366,36.48152,985.34265,41.2814,-0.27282217,-0.5318571,0.31075,-0.1976873,-0.03658395,0.0891244,2.002512,0.23469919,0.006426598,0.0,1.1694003,-0.9969438,-0.078122444,0.00250347,0.36842105,0.0,0.0,0.0,0.0,0.0,0.0,1.0,1.0,1.0,1.0,0.0,1.0,1.0,0.0,0,test/100/4/0,29
36.51761,0.085193634,0.07564462,-0.0077502546,984.9926,-0.1638794,0.1371082,-0.0131253125,41.77,0.24000168,0.27814177,0.015345818,9.807255,0.026738964,0.0104144355,0.005463734,4.9885583,-0.015532017,0.015664447,125.15651,3.3664703,1.9996502,624.3505,0.29136884,36.48513,985.3076,41.330257,0.1804282,-0.9000755,0.5496769,-0.10576292,-0.16428159,0.15749176,2.3631585,0.25466427,0.014815566,0.0,1.2258017,-0.99094623,-0.13425928,0.0034040303,0.31578946,0.0,0.0,0.0,0.0,0.0,0.0,1.0,1.0,1.0,1.0,0.0,1.0,1.0,0.0,0,test/100/4/0,30
36.44914,-0.06847,0.06968444,-0.0063322023,985.1363,0.14367676,0.14397483,-0.015714625,41.71,-0.060001373,0.2915181,0.022984894,9.83682,0.024135895,0.03461333,0.0041059125,4.98998,0.0014219284,0.0154661015,121.625946,-3.5305634,2.07213,606.911,0.123561956,36.481533,985.2905,41.368233,-0.17996462,-0.44061345,0.42720768,-0.08995482,-0.20552427,0.20769143,2.0816777,0.25264695,0.013973237,0.0,1.2142938,-0.98791105,-0.1550218,0.0043393318,0.31578946,0.0,0.0,0.0,0.0,0.0,0.0,1.0,1.0,1.0,1.0,0.0,1.0,1.0,0.0,0,test/100/4/0,31
36.52572,0.07658005,0.0663315,-0.004213316,985.4224,0.2861328,0.14117095,-0.011904563,41.37,-0.34000015,0.2903964,0.025789361,9.764493,0.024790354,-0.10189131,0.0042489646,4.983171,-0.0068092346,0.014973946,123.81131,2.1853638,2.0287154,616.97296,-0.07606963,36.48595,985.3037,41.36841,0.22093208,0.339218,0.0019867292,0.0,-0.080637634,0.17008708,1.8581535,0.24944913,0.009800997,0.0,1.2106937,-0.99605817,-0.08870235,0.0043824804,0.31578946,0.0,0.0,0.0,0.0,0.0,0.0,1.0,1.0,1.0,1.0,0.0,1.0,1.0,0.0,0,test/100/4/0,32
36.54882,0.023101807,0.062373478,-0.0014492035,985.4584,0.035949707,0.1385594,-0.007180534,41.09,-0.27999878,0.28448918,0.017278098,9.795131,0.024817457,0.10296445,0.0045789345,4.9856505,0.0024795532,0.014391111,125.205925,1.3946152,1.8033888,624.23303,0.3716798,36.492237,985.31915,41.34057,0.3143479,0.39773828,-0.31321058,0.0,0.0,0.061435115,2.4595487,0.26067892,0.011806803,0.0,1.2329478,-0.98276204,-0.1848749,0.0046315356,0.31578946,0.0,0.0,0.0,0.0,0.0,0.0,1.0,1.0,1.0,1.0,0.0,1.0,1.0,0.0,0,test/100/4/0,33
36.39228,-0.15653992,0.06531206,-0.0031157013,985.24634,-0.21203613,0.13862723,-0.007219725,41.54,0.45000076,0.2876215,0.018962335,9.791339,0.02460169,-0.03442963,0.008603519,5.0008907,0.015240192,0.014106424,121.57087,-3.6350555,1.7888881,607.96265,0.0638402,36.482243,985.3119,41.36051,-0.49978647,-0.18727131,0.22436135,-0.046887342,0.0,0.06565638,1.9071641,0.26122043,0.010487752,0.0,1.2349424,-0.97842205,-0.20661633,0.005326067,0.2631579,0.0,0.0,0.0,0.0,0.0,0.0,1.0,1.0,1.0,1.0,0.0,1.0,1.0,0.0,0,test/100/4/0,34
36.498405,0.10612488,0.06137225,-0.0012721729,985.0358,-0.21051025,0.15019417,-0.010054051,42.01,0.4699974,0.32342348,0.029405933,9.781636,0.024900876,-0.0059109963,0.0026899972,4.9874067,-0.013484001,0.013732911,126.50233,4.9314575,1.8525088,630.9186,0.32803598,36.48386,985.2843,41.42546,0.08081657,-0.7098563,0.7306723,0.0,-0.096467584,0.18549258,2.0607226,0.26154205,0.01089215,0.0,1.2310779,-0.9685811,-0.24869804,0.0062960093,0.21052632,0.0,0.0,0.0,0.0,0.0,0.0,1.0,1.0,1.0,1.0,0.0,1.0,1.0,0.0,0,test/100/4/0,35
36.37144,-0.12696457,0.065204605,-0.0024431588,985.27014,0.23431396,0.14944442,-0.009362609,41.68,-0.32999802,0.3214884,0.028819485,9.84195,0.025086308,0.07001688,0.0017879452,5.0025935,0.015186787,0.011063853,123.89424,-2.6080856,1.7741983,619.79254,0.09199251,36.47262,985.28284,41.450916,-0.56208795,-0.03634901,0.28635728,-0.066980146,-0.055312127,0.21863253,1.8256326,0.26147136,0.010927869,0.0,1.2407445,-0.97258025,-0.2325674,0.006707477,0.2631579,0.0,0.0,0.0,0.0,0.0,0.0,1.0,1.0,1.0,1.0,0.0,1.0,1.0,0.0,0,test/100/4/0,36
36.394253,0.02281189,0.06685271,-0.00407426,985.30096,0.030822754,0.14196901,-0.006033119,41.14,-0.5400009,0.32108268,0.020977387,9.809665,0.02397099,-0.09259937,0.0031600858,4.9686236,-0.03396988,0.009938133,124.026695,0.13245392,1.77117,616.24194,-0.046060756,36.46478,985.28467,41.419823,-0.3918197,0.046544403,-0.34977946,-0.105474144,0.0,0.11430947,2.1704834,0.26452243,0.015029936,0.0,1.2370731,-0.9787931,-0.2048514,0.006777948,0.2631579,0.0,0.0,0.0,0.0,0.0,0.0,1.0,1.0,1.0,1.0,0.0,1.0,1.0,0.0,0,test/100/4/0,37
36.424866,0.030612946,0.0670085,-0.004156698,985.2552,-0.045776367,0.13727322,-0.008994288,41.68,0.5400009,0.32518622,0.027624033,9.829834,0.021612676,0.05245458,0.0033300184,4.9845333,0.015909672,0.009696753,126.11323,2.0865326,1.7855668,628.61554,0.19781223,36.46079,985.28174,41.44584,-0.199573,-0.0758207,0.29269952,-0.10738388,0.0,0.14527309,1.9569488,0.21257068,0.0038566648,0.0,1.2166599,-0.97045887,-0.24126652,0.0072363163,0.2631579,0.0,0.0,0.0,0.0,0.0,0.0,1.0,1.0,1.0,1.0,0.0,1.0,1.0,0.0,0,test/100/4/0,38
36.37024,-0.054626465,0.06853612,-0.00456588,985.388,0.1328125,0.1384429,-0.006736996,41.32,-0.3600006,0.2932729,0.016631532,9.81764,0.021379907,-0.032363385,0.0039308276,5.000796,0.016262531,0.009397971,124.28597,-1.8272552,1.7835668,621.5288,0.23059528,36.451733,985.29236,41.433258,-0.45274803,0.27327922,-0.14157112,-0.1681515,0.0,0.08381729,1.6197908,0.22679795,0.00020649361,0.0,1.2323587,-0.9683949,-0.24942203,0.006970351,0.31578946,0.0,0.0,0.0,0.0,0.0,0.0,1.0,1.0,1.0,1.0,0.0,1.0,1.0,0.0,0,test/100/4/0,39
36.382458,0.012218475,0.07027123,-0.0059633153,985.16595,-0.2220459,0.13443609,-0.0056714052,42.04,0.7200012,0.30212393,0.018112771,9.835279,0.022218691,0.029833907,0.0035847407,4.990908,-0.009887695,0.008986188,125.258545,0.9725723,1.7855257,625.15393,0.21145488,36.444805,985.2797,41.49393,-0.34638083,-0.32502386,0.6825874,-0.21232767,-0.016105874,0.20179091,2.2830005,0.22779289,0.00045361876,0.0,1.215596,-0.981138,-0.19330862,0.0063794143,0.2631579,0.0,0.0,0.0,0.0,0.0,0.0,1.0,1.0,1.0,1.0,0.0,1.0,1.0,0.0,0,test/100/4/0,40
36.366142,-0.01631546,0.065961674,-0.005152678,985.30273,0.13677979,0.12039515,-0.0011459924,41.59,-0.45000076,0.30302003,0.019924806,9.807067,0.022027416,-0.045852374,0.004672818,5.002223,0.011314869,0.009149206,126.75865,1.5001068,1.6342765,634.075,0.12071364,36.43694,985.28204,41.503536,-0.39332005,0.059197973,0.108077765,-0.2719486,0.0,0.20310487,1.7494508,0.23488407,-0.0031077557,0.0,1.2239764,-0.97722083,-0.21222503,0.005661934,0.2631579,0.0,0.0,0.0,0.0,0.0,0.0,1.0,1.0,1.0,1.0,0.0,1.0,1.0,0.0,0,test/100/4/0,41
36.34839,-0.017753601,0.06692462,-0.0053862636,985.0886,-0.21411133,0.12632489,-0.004124875,41.68,0.09000015,0.30513793,0.021308297,9.762774,0.023832366,-0.016080458,0.0039395755,4.9669547,-0.035268307,0.01031687,122.25746,-4.50119,1.7079123,607.24725,-0.09670865,36.428085,985.2627,41.521183,-0.44275606,-0.4972938,0.19852015,-0.34830335,-0.05765673,0.22509259,2.0351977,0.2336124,-0.004336266,0.0,1.2195505,-0.97278506,-0.23170947,0.00556167,0.21052632,0.0,0.0,0.0,0.0,0.0,0.0,1.0,1.0,1.0,1.0,0.0,1.0,1.0,0.0,0,test/100/4/0,42
36.38259,0.034202576,0.06763254,-0.0057719094,985.4435,0.3548584,0.13266203,-0.0013409837,41.5,-0.1800003,0.28871942,0.014488748,9.759062,0.025845392,0.040580716,0.006722149,4.989019,0.022064209,0.010310836,126.59196,4.3344955,1.7316403,631.56964,0.19559735,36.423534,985.28076,41.519066,-0.22746758,0.4649286,-0.023832198,-0.38332814,0.0,0.19984047,2.1103227,0.23451321,-0.0034290357,0.0,1.2153385,-0.97301817,-0.2307285,0.005407357,0.2631579,0.0,0.0,0.0,0.0,0.0,0.0,1.0,1.0,1.0,1.0,0.0,1.0,1.0,0.0,0,test/100/4/0,43
36.38261,1.9073486e-05,0.06560932,-0.0051522707,985.3792,-0.06427002,0.13488065,0.00056074327,41.54,0.040000916,0.28834033,0.015804557,9.785244,0.02612098,0.029894343,0.0019904056,5.016644,0.027625084,0.011697432,122.85602,-3.735939,1.7250684,616.3249,0.25027874,36.41944,985.2906,41.52116,-0.20462544,0.25316998,0.02355205,-0.41583124,0.0,0.18329363,1.7695253,0.23455386,-0.0034413843,0.0,1.2294453,-0.978239,-0.20748132,0.004004671,0.2631579,0.0,0.0,0.0,0.0,0.0,0.0,1.0,1.0,1.0,1.0,0.0,1.0,1.0,0.0,0,test/100/4/0,44
36.3822,-0.0004119873,0.06001248,-0.0038501453,985.0317,-0.34753418,0.1436231,-0.0018474378,41.97,0.4300003,0.29666987,0.017812124,9.834075,0.026716633,0.022649344,0.0054892823,4.990303,-0.026340961,0.011627627,123.07407,0.21805573,1.7298405,614.1769,0.08623377,36.415718,985.2647,41.566044,-0.18622284,-0.66580635,0.5049472,-0.44634205,-0.088809215,0.2727778,2.3142083,0.2449487,0.0012809597,0.0,1.2197679,-0.98349804,-0.18091875,0.0030819396,0.2631579,0.0,0.0,0.0,0.0,0.0,0.0,1.0,1.0,1.0,1.0,0.0,1.0,1.0,0.0,0,test/100/4/0,45
36.322586,-0.059612274,0.06258898,-0.005944532,985.06323,0.031555176,0.1467241,-0.0027134486,42.19,0.2199974,0.3186238,0.022180503,9.777519,0.025801698,-0.10538745,0.008773279,5.002102,0.011798859,0.011810904,121.88095,-1.1931229,1.7782812,609.66095,-0.1930207,36.406406,985.24457,41.62844,-0.4656619,-0.5180838,0.70194954,-0.5406785,-0.15601072,0.41367164,2.0775824,0.2438753,0.0042584143,0.0,1.2213731,-0.9896214,-0.14369924,0.0025062608,0.21052632,0.0,0.0,0.0,0.0,0.0,0.0,1.0,1.0,1.0,1.0,0.0,1.0,1.0,0.0,0,test/100/4/0,46
36.45143,0.12884521,0.06126035,-0.006428029,985.0477,-0.01550293,0.14602359,-0.0025501223,41.88,-0.30999756,0.2823633,0.015353425,9.823946,0.025872592,0.10298318,0.0019227942,5.0054793,0.0033774376,0.011863863,124.34206,2.4611053,1.7166948,622.3916,0.020265048,36.410908,985.22485,41.653595,0.22513033,-0.5061401,0.28300735,-0.48816687,-0.228927,0.4724482,2.1501834,0.24573839,0.0057415687,0.0,1.2157892,-0.9909584,-0.13416955,0.0019549746,0.21052632,0.0,0.0,0.0,0.0,0.0,0.0,1.0,1.0,1.0,1.0,0.0,1.0,1.0,0.0,0,test/100/4/0,47
36.235676,-0.21575546,0.07294505,-0.008803949,985.2016,0.15386963,0.14595437,-0.0024194245,42.1,0.2199974,0.29766208,0.02396244,9.825288,0.025769137,-0.04508563,0.0059626596,4.9826307,-0.022848606,0.012032383,123.38309,-0.9589691,1.6757756,614.7724,0.09292534,36.393383,985.22253,41.698235,-0.87616,-0.05986135,0.5022037,-0.67463374,-0.21065947,0.5832486,2.1424706,0.21225905,-0.0010639838,0.0,1.1957629,-0.9830618,-0.18327448,0.0012495588,0.21052632,0.0,0.0,0.0,0.0,0.0,0.0,1.0,1.0,1.0,1.0,0.0,1.0,1.0,0.0,0,test/100/4/0,48
36.25374,0.018062592,0.08011497,-0.01065116,985.10535,-0.09625244,0.14747341,-0.0050403564,42.18,0.08000183,0.31590974,0.029142879,9.810515,0.025746439,-0.016113872,0.0049680793,4.9684024,-0.014228344,0.012750851,125.27849,1.895401,1.6151162,622.43396,-0.012364988,36.37942,985.2108,41.74641,-0.69823104,-0.3013815,0.5419854,-0.8355018,-0.24595867,0.7100334,1.886751,0.21495144,-0.0040522898,0.0,1.1991372,-0.968012,-0.25090387,0.001013798,0.21052632,0.0,0.0,0.0,0.0,0.0,0.0,1.0,1.0,1.0,1.0,0.0,1.0,1.0,0.0,0,test/100/4/0,49
36.27882,0.025081635,0.07949342,-0.010526213,985.03925,-0.066101074,0.14424407,-0.011116246,41.95,-0.22999954,0.3203373,0.033849664,9.790845,0.025916904,-0.0048982264,0.0034456202,5.013778,0.045375824,0.013722028,119.83973,-5.438759,1.8545731,600.84985,-0.21022964,36.36936,985.19366,41.76677,-0.5029998,-0.44121754,0.22903736,-0.9634839,-0.31652394,0.7749827,1.9261119,0.2029817,-0.0006098022,0.0,1.2120503,-0.9743231,-0.22515449,0.0009276948,0.21052632,0.0,0.0,0.0,0.0,0.0,0.0,1.0,1.0,1.0,1.0,0.0,1.0,1.0,0.0,0,test/100/4/0,50
36.19773,-0.08108902,0.08824212,-0.012281705,985.0525,0.013244629,0.14776345,-0.014804468,42.03,0.07999802,0.3279389,0.038481213,9.875245,0.029460322,0.10407161,0.0047213114,4.975677,-0.038101196,0.014153971,126.99592,7.156189,1.8902512,631.8907,-0.2046752,36.352196,985.17957,41.793095,-0.8581449,-0.36303815,0.2961314,-1.1772053,-0.37630954,0.8568325,2.124819,0.20386101,0.0018841373,0.0,1.2107633,-0.9652645,-0.2612746,0.0009572677,0.21052632,0.0,0.0,0.0,0.0,0.0,0.0,1.0,1.0,1.0,1.0,0.0,1.0,1.0,0.0,0,test/100/4/0,51
38.02245,1.8247185,0.3696986,0.013617425,984.159,-0.89349365,0.26728335,-0.02661298,41.83,-0.19999695,0.31829375,0.034406032,9.777818,0.028655455,-0.18182911,0.0040672943,5.0248656,0.049188614,0.015834443,123.29941,-3.6965103,1.8987386,619.5629,-0.25392213,36.519222,985.0775,41.796783,4.066088,-2.6242895,0.041521683,0.5072329,-0.94366723,0.88524604,2.2426972,0.20568337,0.0024678472,0.0,1.1994109,-0.9580436,-0.28662267,0.0007300271,0.21052632,0.0,0.0,0.0,0.0,0.0,0.0,1.0,1.0,1.0,1.0,0.0,1.0,1.0,0.0,4,test/100/4/0,52
37.337265,-0.6851845,0.41709536,0.027842248,990.22406,6.0650635,1.1385837,0.05068979,42.36,0.5299988,0.30738363,0.0327895,9.840172,0.029425645,0.15978275,0.0036909967,4.9699197,-0.054945946,0.01655308,124.37188,1.0724716,1.8846525,618.1183,-0.21306877,36.60103,985.59216,41.853107,1.765156,4.0681295,0.6336181,1.080182,0.77329844,1.043791,1.9969392,0.18191057,0.008458181,0.0,1.1414096,-0.9300217,-0.36750454,0.001290789,0.21052632,0.0,0.0,0.0,0.0,0.0,0.0,1.0,1.0,1.0,1.0,0.0,1.0,1.0,0.0,4,test/100/4/0,53
34.853703,-2.4835625,0.5490104,0.0029302926,982.03,-8.194031,1.3542389,0.00042059188,42.34,-0.020000458,0.32131717,0.036082745,9.81906,0.029220548,-0.083465904,0.004264699,5.0040345,0.034114838,0.016649624,123.82327,-0.5486069,1.7935122,619.6159,-0.39852658,36.426292,985.23596,41.901794,-2.8644114,-2.3673167,0.54775584,-0.10693134,-0.19531746,1.1923649,2.1308496,0.18165922,0.008335312,0.0,1.1351479,-0.90086025,-0.43410918,0.0024396027,0.21052632,0.0,0.0,0.0,0.0,0.0,0.0,1.0,1.0,1.0,1.0,0.0,1.0,1.0,0.0,4,test/100/4/0,54
36.664215,1.8105125,0.55148613,0.007872109,982.70856,0.67852783,1.4615885,-0.03864264,42.78,0.43999863,0.37906316,0.05187969,9.856439,0.030095212,0.058489688,0.0065217367,4.994057,-0.009977341,0.016614057,121.36702,-2.456253,1.8189074,606.11383,-0.43193278,36.450085,984.9832,41.989616,0.38827595,-1.5562835,0.9879787,0.04810836,-0.65122205,1.4461671,1.9867535,0.18172225,0.008242165,0.0,1.137211,-0.87299967,-0.48772082,0.0041741855,0.15789473,0.0,0.0,0.0,0.0,0.0,0.0,1.0,1.0,1.0,1.0,0.0,1.0,1.0,0.0,4,test/100/4/0,55
33.71709,-2.9471245,0.80746126,-0.03154189,988.1629,5.4543457,1.6059954,0.0074126967,42.73,-0.049999237,0.41726798,0.06059397,9.81807,0.02942782,-0.07574747,0.0053115217,5.008456,0.014399052,0.016836662,119.98969,-1.377327,2.0169275,600.96313,-0.67729425,36.17679,985.30115,42.063656,-3.0462096,1.7819041,0.8329317,-0.9241235,0.08846168,1.6805934,2.4298031,0.19574776,0.010877583,0.0,1.1765493,-0.8786563,-0.4774548,0.005588479,0.21052632,0.0,0.0,0.0,0.0,0.0,0.0,1.0,1.0,1.0,1.0,0.0,1.0,1.0,0.0,4,test/100/4/0,56
38.490063,4.772972,0.9395816,0.0015811117,984.1701,-3.9927979,1.6232841,-0.0074352752,42.69,-0.040000916,0.4049675,0.058631532,9.787987,0.029917669,0.008286056,0.0022704685,4.965688,-0.042768,0.017059578,122.38219,2.3924942,2.0389905,607.7118,-0.8539935,36.408115,985.18805,42.12629,2.215825,-0.62709993,0.70463747,-0.057640802,-0.17825012,1.8985308,1.9935688,0.19433026,0.011817567,0.0,1.1816105,-0.9111653,-0.41204104,0.0060818996,0.21052632,0.0,0.0,0.0,0.0,0.0,0.0,1.0,1.0,1.0,1.0,0.0,1.0,1.0,0.0,4,test/100/4/0,57
36.270817,-2.219246,0.9399219,0.000332372,985.6918,1.5216675,1.6267983,0.00043261534,42.51,-0.1800003,0.41059023,0.060293168,9.822427,0.0297361,0.06452248,0.0037996566,4.9894147,0.023726463,0.016973928,119.146065,-3.2361221,2.1879382,594.4691,-1.0116739,36.394386,985.23846,42.16466,-0.13146599,0.27866733,0.43167338,-0.15323357,-0.0649128,2.0653095,2.2224667,0.19682291,0.012921959,0.0,1.1740308,-0.90477717,-0.42588526,0.0066811577,0.21052632,0.0,0.0,0.0,0.0,0.0,0.0,1.0,1.0,1.0,1.0,0.0,1.0,1.0,0.0,4,test/100/4/0,58
36.45898,0.18816376,0.9400488,0.0011408153,981.50085,-4.190918,1.8165826,-0.05012923,42.65,0.1400032,0.39258203,0.05702251,9.803703,0.029743213,-0.05316263,0.003338191,4.980347,-0.009067535,0.017093075,122.860695,3.7146301,2.1797853,611.8889,-0.98104787,36.400845,984.8647,42.213192,0.061844017,-1.851732,0.54600966,-0.16683632,-0.40974092,2.2619536,2.187968,0.1705377,0.0078106914,0.0,1.1581336,-0.9277097,-0.37330246,0.006867058,0.21052632,0.0,0.0,0.0,0.0,0.0,0.0,1.0,1.0,1.0,1.0,0.0,1.0,1.0,0.0,4,test/100/4/0,59
34.342976,-2.116005,1.0405743,-0.028219905,984.55023,3.0493774,1.8192066,-0.054789193,42.4,-0.25,0.39641482,0.05954886,9.817837,0.029259339,0.03285703,0.0019238465,4.979966,-0.0003809929,0.017294636,121.719124,-1.141571,2.1561565,606.1571,-0.96057,36.195057,984.83325,42.231876,-1.7798649,-0.15556347,0.21015869,-0.5982008,-0.38735646,2.3903646,2.2498622,0.16878738,0.013200956,0.0,1.159049,-0.9325978,-0.36091727,0.0067397933,0.2631579,0.0,0.0,0.0,0.0,0.0,0.0,1.0,1.0,1.0,1.0,0.0,1.0,1.0,0.0,4,test/100/4/0,60
36.03356,1.6905861,1.0418489,-0.030620119,985.21234,0.6621094,1.8185551,-0.046904877,42.17,-0.23000336,0.3754114,0.051142816,9.788548,0.029620515,-0.043422107,0.003342208,4.9814434,0.0014772415,0.017243221,119.36034,-2.3587875,2.1331186,594.58673,-0.9359573,36.17891,984.87115,42.225685,-0.1395078,0.18761958,-0.06961095,-0.58763665,-0.29082632,2.4569066,2.274182,0.1545588,0.0105640115,0.0,1.1447226,-0.91841894,-0.39560914,0.006783826,0.2631579,0.0,0.0,0.0,0.0,0.0,0.0,1.0,1.0,1.0,1.0,0.0,1.0,1.0,0.0,4,test/100/4/0,61
35.2808,-0.75276184,1.063655,-0.043554273,987.8842,2.671875,1.9248556,-0.0040956885,42.68,0.51000214,0.3728723,0.050571397,9.819918,0.027736414,0.06065728,0.0045017055,4.988132,0.006688595,0.016396808,123.31908,3.9587402,2.133635,615.13184,-0.98205847,36.089096,985.1724,42.27112,-0.7599241,1.4088144,0.51110256,-0.7154304,0.19366433,2.6478183,2.1653938,0.1539015,0.010095673,0.0,1.1412226,-0.8888858,-0.4581289,0.007245177,0.21052632,0.0,0.0,0.0,0.0,0.0,0.0,1.0,1.0,1.0,1.0,0.0,1.0,1.0,0.0,4,test/100/4/0,62
36.935154,1.6543541,1.0746914,-0.030709358,986.18976,-1.694458,1.937705,0.015906082,42.85,0.16999817,0.35757855,0.048082657,9.774863,0.026419982,-0.07642367,0.0031703115,4.988399,0.0002670288,0.016402088,121.62975,-1.6893234,1.9589323,606.73773,-0.77589417,36.173702,985.2742,42.329006,0.7085302,0.4725052,0.6512402,-0.52217185,0.20491865,2.8756113,2.0186517,0.15545262,0.008521418,0.0,1.1436846,-0.90930426,-0.41613197,0.00727806,0.21052632,0.0,0.0,0.0,0.0,0.0,0.0,1.0,1.0,1.0,1.0,0.0,1.0,1.0,0.0,4,test/100/4/0,63
37.92847,0.99331665,1.1356287,-0.004504825,978.96326,-7.2265015,2.3613396,-0.06946489,42.74,-0.109996796,0.32570317,0.04262405,9.808471,0.025698045,0.078661904,0.0057106502,4.9643736,-0.02402544,0.016349657,125.65777,4.028015,2.0729585,623.8121,-0.5291761,36.34918,984.64307,42.370106,1.3906757,-2.4053438,0.4623698,0.0069324384,-0.4406409,3.069549,2.089159,0.13412894,0.0027112502,0.0,1.1351457,-0.9239622,-0.38248387,0.0069441246,0.21052632,0.0,0.0,0.0,0.0,0.0,0.0,1.0,1.0,1.0,1.0,0.0,1.0,1.0,0.0,4,test/100/4/0,64
36.394005,-1.5344658,1.1356624,-0.0025523393,982.90546,3.9421997,2.3983142,-0.09435806,43.08,0.34000015,0.3496584,0.047007557,9.82209,0.025351876,-0.019987507,0.0039823833,4.9984035,0.03402996,0.01647987,125.523636,-0.13413239,2.16269,627.4178,-0.27612278,36.35366,984.4693,42.441097,0.03552361,-0.6520706,0.798633,-0.015026207,-0.53390414,3.3428085,1.7951566,0.14578564,0.000820653,0.0,1.1490775,-0.9220969,-0.386959,0.0063254246,0.2631579,0.0,0.0,0.0,0.0,0.0,0.0,1.0,1.0,1.0,1.0,0.0,1.0,1.0,0.0,4,test/100/4/0,65
35.83941,-0.55459595,1.1405531,-0.009481654,984.3561,1.4506226,2.3985467,-0.09483248,42.95,-0.13000107,0.36497262,0.051338375,9.805649,0.024091287,-0.030061614,0.0026966478,5.0038743,0.0054707527,0.016553191,122.26019,-3.263443,2.1561267,611.77466,-0.33775795,36.30224,984.458,42.491985,-0.40579242,-0.042493556,0.5725185,-0.11319223,-0.5025263,3.576302,2.0773587,0.14578773,5.84493e-06,0.0,1.1490836,-0.90810245,-0.41874802,0.005298166,0.21052632,0.0,0.0,0.0,0.0,0.0,0.0,1.0,1.0,1.0,1.0,0.0,1.0,1.0,0.0,4,test/100/4/0,66
34.02015,-1.8192596,1.2428424,-0.03963941,980.22687,-4.1292114,2.5870953,-0.15347703,42.97,0.020000458,0.35784754,0.04991735,9.863049,0.026271138,0.073842406,0.0027080236,4.984721,-0.019153118,0.016156424,120.30061,-1.9595795,2.193764,599.66504,-0.37455592,36.074028,984.0349,42.539787,-1.6525657,-1.4719292,0.5377672,-0.41304678,-0.7850051,3.8083262,1.7925335,0.16030636,-0.0037312254,0.0,1.1588842,-0.8749095,-0.4842864,0.0042623137,0.21052632,0.0,0.0,0.0,0.0,0.0,0.0,1.0,1.0,1.0,1.0,0.0,1.0,1.0,0.0,4,test/100/4/0,67
36.003998,1.9838486,1.2433281,-0.041207075,981.9972,1.7703247,2.6353962,-0.17715229,43.25,0.27999878,0.38069808,0.05433086,9.796461,0.02653342,-0.12398807,0.005314357,5.021991,0.037269592,0.01766885,120.75723,0.45661926,2.222872,606.4417,-0.40067217,36.067024,983.8311,42.61081,-0.050692268,-0.6958826,0.79898906,-0.38583592,-0.9189943,4.0,1.896223,0.1649378,-0.0055709807,0.0,1.1657296,-0.87541234,-0.48337695,0.003480106,0.2631579,0.0,0.0,0.0,0.0,0.0,0.0,1.0,1.0,1.0,1.0,0.0,1.0,1.0,0.0,4,test/100/4/0,68
35.451397,-0.55260086,1.2527637,-0.050035454,986.0619,4.0646973,2.6580422,-0.13946156,43.01,-0.24000168,0.3825738,0.054849632,9.807363,0.026568683,0.07748911,0.00490055,5.0003376,-0.021653175,0.017050214,119.34887,-1.4083633,2.2271607,596.78467,-0.43124685,36.005463,984.0542,42.650726,-0.44227427,0.755328,0.44908828,-0.4451269,-0.7407921,4.0,2.0141165,0.15995467,-0.009393921,0.0,1.1621789,-0.8647294,-0.50223804,0.0032300423,0.2631579,0.0,0.0,0.0,0.0,0.0,0.0,1.0,1.0,1.0,1.0,0.0,1.0,1.0,0.0,4,test/100/4/0,69
35.809135,0.3577385,1.2540815,-0.052150726,983.76953,-2.2923584,2.6560874,-0.13700093,43.31,0.30000305,0.38212937,0.054774474,9.793157,0.026469056,-0.025108373,0.0036532383,4.994462,-0.0058755875,0.016314438,121.35348,2.0046082,2.1707516,606.09534,-0.63104326,35.98583,984.02576,42.716656,-0.14089516,-0.096457,0.7416829,-0.44422644,-0.73690206,4.0,2.1809256,0.15725704,-0.010403915,0.0,1.1551396,-0.8580193,-0.51361746,0.0026133535,0.31578946,0.0,0.0,0.0,0.0,0.0,0.0,1.0,1.0,1.0,1.0,0.0,1.0,1.0,0.0,4,test/100/4/0,70
33.05904,-2.7500954,1.4180242,-0.09412713,982.9887,-0.78082275,2.664568,-0.14357644,43.28,-0.030002594,0.3750719,0.05348872,9.822039,0.022673534,0.04308914,0.0043588183,5.003373,0.008911133,0.016135585,115.53674,-5.8167343,2.3532524,578.0734,-0.7489222,35.69315,983.922,42.77299,-1.8575921,-0.35027027,0.6337617,-0.81932604,-0.789629,4.0,1.725245,0.17624138,-0.015169329,0.0,1.1662163,-0.83085716,-0.5564858,0.0024254094,0.31578946,0.0,0.0,0.0,0.0,0.0,0.0,1.0,1.0,1.0,1.0,0.0,1.0,1.0,0.0,4,test/100/4/0,71
35.4263,2.36726,1.33857,-0.06875437,981.2469,-1.7418213,2.7406352,-0.18603946,42.98,-0.29999924,0.31640613,0.04287972,9.790456,0.021866698,-0.060465608,0.0052504838,4.998822,-0.004550934,0.014415139,119.32402,3.7872772,2.3775587,596.47955,-0.71757716,35.666466,983.65454,42.79369,-0.1794194,-0.878492,0.23288637,-0.8584787,-0.96273,4.0,2.0997155,0.17208368,-0.012123067,0.0,1.1702317,-0.86041534,-0.50959337,0.0019344429,0.31578946,0.0,0.0,0.0,0.0,0.0,0.0,1.0,1.0,1.0,1.0,0.0,1.0,1.0,0.0,4,test/100/4/0,72
38.605602,3.1793022,1.4356712,-0.00487771,984.671,3.4241333,2.3543365,-0.07944304,43.29,0.31000137,0.31863955,0.04333839,9.80843,0.020962017,0.04955778,0.0012632367,5.006852,0.008029938,0.013953199,116.97356,-2.3504639,2.4757159,585.6694,-0.8287615,35.96038,983.75616,42.843323,1.8424993,0.38858357,0.55834925,-0.20869476,-0.8819963,4.0,1.7338784,0.18634805,-0.01796843,0.0,1.177692,-0.8548739,-0.51883584,0.0019135207,0.36842105,0.0,0.0,0.0,0.0,0.0,0.0,1.0,1.0,1.0,1.0,0.0,1.0,1.0,0.0,4,test/100/4/0,73
38.67356,0.06795883,1.5370418,0.018848367,983.37354,-1.2974854,2.3228488,-0.11241111,43.33,0.040000916,0.3150857,0.042654205,9.809476,0.020888567,-0.016928699,0.0026882647,5.009456,0.0026040077,0.014217868,118.26164,1.2880859,2.470112,592.4265,-0.77097327,36.231697,983.7179,42.89199,1.5886775,-0.14825158,0.5475154,0.4037819,-0.9129153,4.0,2.3319118,0.19546677,-0.012760503,0.0,1.1719815,-0.8744036,-0.48519924,0.0019387312,0.36842105,0.0,0.0,0.0,0.0,0.0,0.0,1.0,1.0,1.0,1.0,0.0,1.0,1.0,0.0,4,test/100/4/0,74
35.519093,-3.1544685,1.5351764,0.020353502,986.42566,3.052124,2.3737092,-0.09308412,43.61,0.27999878,0.35141754,0.05142863,9.78908,0.018562766,-0.021441761,0.0055215163,4.9716067,-0.037849426,0.014966764,121.56572,3.3040771,2.4725556,604.37695,-0.7147688,36.16044,983.98865,42.96379,-0.4177659,1.0266557,0.80776244,0.18282141,-0.63051707,4.0,1.6868994,0.21159323,-0.019344589,0.0,1.1805184,-0.86952055,-0.4938968,0.0019537355,0.36842105,0.0,0.0,0.0,0.0,0.0,0.0,1.0,1.0,1.0,1.0,0.0,1.0,1.0,0.0,4,test/100/4/0,75
34.983532,-0.5355606,1.4636221,-0.030603787,982.7435,-3.682129,2.1869972,-0.04582735,43.5,-0.11000061,0.36975533,0.056594033,9.809047,0.018408267,0.04036329,0.008087602,4.9672155,-0.0043911934,0.015393178,114.65835,-6.9073715,2.8159373,569.5327,-1.2350541,36.042747,983.86414,43.01741,-0.72369397,-0.5124067,0.60323554,-0.1645754,-0.77825665,4.0,1.9012203,0.19461498,-0.01542052,0.0,1.1476951,-0.85249084,-0.5227422,0.0020890073,0.36842105,0.0,0.0,0.0,0.0,0.0,0.0,1.0,1.0,1.0,1.0,0.0,1.0,1.0,0.0,4,test/100/4/0,76
39.67775,4.6942177,1.579833,0.058957472,982.1577,-0.5858154,2.2113483,-0.06183412,44.26,0.7599983,0.45936802,0.07082706,9.802208,0.017928436,-0.026806807,0.0073468364,5.0001206,0.0329051,0.014482648,118.19618,3.5378342,2.8309941,590.9952,-1.2949114,36.406246,983.69354,43.14167,2.0707903,-0.6945097,1.3979101,0.33471796,-0.9220359,4.0,2.0746849,0.19482903,-0.015111434,0.0,1.1454086,-0.8516621,-0.52409124,0.0021621017,0.36842105,0.0,0.0,0.0,0.0,0.0,0.0,1.0,1.0,1.0,1.0,0.0,1.0,1.0,0.0,4,test/100/4/0,77
35.397182,-4.280567,1.5875517,0.05054105,984.9643,2.8065796,2.1831996,-0.010694415,43.99,-0.26999664,0.48628694,0.07599999,9.796561,0.017752513,0.0011926501,0.005409845,4.9639683,-0.036152363,0.015691783,118.71855,0.5223694,2.8418813,589.3151,-1.5627264,36.30534,983.8206,43.226505,-0.57204926,0.52386373,0.9543729,0.08458479,-0.80698633,4.0,2.054222,0.18972452,-0.011602475,0.0,1.150161,-0.89182806,-0.45237452,0.0021239507,0.36842105,0.0,0.0,0.0,0.0,0.0,0.0,1.0,1.0,1.0,1.0,0.0,1.0,1.0,0.0,4,test/100/4/0,78
37.51059,2.1134071,1.6159955,0.0766009,984.03375,-0.930542,2.1300268,-0.037926603,44.26,0.26999664,0.5336053,0.085015014,9.771494,0.019317918,-0.019420343,0.0062935455,4.9934864,0.029518127,0.015531665,119.6751,0.9565506,2.7863414,597.59595,-1.4294442,36.425865,983.8419,43.329853,0.67124224,0.090065286,1.1626818,0.17080446,-0.77919877,4.0,1.9277416,0.18648073,-0.010192097,0.0,1.1575899,-0.91804475,-0.39647678,0.0020151045,0.31578946,0.0,0.0,0.0,0.0,0.0,0.0,1.0,1.0,1.0,1.0,0.0,1.0,1.0,0.0,4,test/100/4/0,79
37.098953,-0.41163635,1.573437,0.061788265,980.737,-3.296753,2.2174876,-0.067916065,43.9,-0.3599968,0.52180916,0.082518816,9.800607,0.019100716,0.05418018,0.0038909125,4.978055,-0.015431404,0.01560527,116.21783,-3.4572754,2.8929892,578.53876,-1.6374166,36.493176,983.53143,43.386868,0.3850038,-1.260174,0.6414172,0.17055283,-1.0451035,4.0,1.9608811,0.17790435,-0.006939703,0.0,1.1659529,-0.8978878,-0.44022432,0.0017029922,0.31578946,0.0,0.0,0.0,0.0,0.0,0.0,1.0,1.0,1.0,1.0,0.0,1.0,1.0,0.0,4,test/100/4/0,80
34.0966,-3.0023537,1.64381,0.026633995,984.086,3.348999,2.1885521,-0.033874143,44.2,0.29999924,0.49459666,0.07842105,9.82404,0.019235782,-0.005679764,0.006064161,4.9828153,0.0047602654,0.015566278,115.01307,-1.2047577,3.0847309,573.08887,-2.0644033,36.253517,983.58685,43.46818,-1.3121449,0.22805983,0.91477466,-0.191104,-1.0024546,4.0,1.6716245,0.17824912,-0.0070009897,0.0,1.1837854,-0.8993467,-0.43723622,0.0015693695,0.36842105,0.0,0.0,0.0,0.0,0.0,0.0,1.0,1.0,1.0,1.0,0.0,1.0,1.0,0.0,4,test/100/4/0,81
37.054874,2.9582748,1.6404582,0.024767809,980.4373,-3.6486816,2.037388,-0.008074997,44.46,0.25999832,0.52148706,0.08303757,9.791094,0.01919802,-0.056379866,0.002105502,5.005607,0.022791862,0.015867012,116.12183,1.1087646,3.0629768,581.2603,-2.0179312,36.333652,983.2719,43.567364,0.43964672,-1.3912935,1.1157953,-0.016484337,-1.3204741,4.0,1.6914175,0.18083912,-0.0075911283,0.0,1.1982005,-0.9192889,-0.39358348,0.001737609,0.36842105,0.0,0.0,0.0,0.0,0.0,0.0,1.0,1.0,1.0,1.0,0.0,1.0,1.0,0.0,4,test/100/4/0,82
32.95754,-4.097336,1.7831811,-0.012178148,985.33167,4.894348,1.9804631,0.072087154,43.89,-0.5699997,0.50968677,0.079518735,9.829438,0.018694617,0.071291246,0.002565055,4.9489946,-0.05661249,0.018420078,118.07917,1.9573364,3.0286744,584.37317,-2.0085936,35.99604,983.4779,43.599625,-1.7039787,0.93602806,0.3629661,-0.30974796,-1.1475636,4.0,2.0755541,0.18255378,-0.0042978344,0.0,1.1964514,-0.8970977,-0.44183218,0.0016765997,0.36842105,0.0,0.0,0.0,0.0,0.0,0.0,1.0,1.0,1.0,1.0,0.0,1.0,1.0,0.0,4,test/100/4/0,83
37.03901,4.0814705,1.7471367,0.030847939,982.14575,-3.185913,1.7592975,-0.0060760267,44.88,0.9900017,0.55847096,0.086842075,9.789367,0.01907969,-0.078416064,0.006490034,4.987638,0.03864336,0.017480267,116.20189,-1.8772812,2.7003794,579.57294,-1.7646048,36.100338,983.34467,43.727665,0.5372627,-0.681482,1.4404213,-0.1358769,-1.3282769,4.0,1.577817,0.19511196,-0.0070873657,0.0,1.2123549,-0.9315653,-0.36357406,0.0017826183,0.31578946,0.0,0.0,0.0,0.0,0.0,0.0,1.0,1.0,1.0,1.0,0.0,1.0,1.0,0.0,4,test/100/4/0,84
35.97427,-1.0647392,1.7451687,0.035772596,985.57574,3.4299927,1.8293064,0.022220239,44.36,-0.52000046,0.56621015,0.088887215,9.782716,0.01935299,0.033420682,0.0036261121,4.9662266,-0.021411419,0.01819908,121.0397,4.8378143,2.2780168,601.1106,-1.0894779,36.08773,983.5678,43.790897,-0.06501442,1.0976602,0.71137875,-0.08561192,-1.088559,4.0,2.0697691,0.19596452,-0.006722217,0.0,1.2037618,-0.93508226,-0.35443074,0.001966714,0.36842105,0.0,0.0,0.0,0.0,0.0,0.0,1.0,1.0,1.0,1.0,0.0,1.0,1.0,0.0,4,test/100/4/0,85
34.73551,-1.2387581,1.767008,0.014875111,985.8333,0.25756836,1.896365,0.07308515,45.01,0.6499977,0.6090655,0.09624058,9.805718,0.01935328,0.029653396,0.005616941,4.989756,0.02352953,0.017898433,119.563965,-1.4757385,2.124969,596.59503,-0.6862961,35.95251,983.7943,43.912807,-0.68873334,1.0752006,1.3714883,-0.17428063,-0.8076141,4.0,2.0560048,0.19520009,-0.00251083,0.0,1.2044257,-0.9192846,-0.39359352,0.0020564944,0.36842105,0.0,0.0,0.0,0.0,0.0,0.0,1.0,1.0,1.0,1.0,0.0,1.0,1.0,0.0,4,test/100/4/0,86
35.537895,0.8023834,1.7140944,-0.021624912,984.57074,-1.2625732,1.7597115,0.038493816,44.41,-0.5999985,0.59313476,0.092240594,9.8641205,0.019517206,0.035399158,0.0016148713,4.989592,-0.00016403198,0.017874736,117.237434,-2.3265305,2.0886035,584.967,-0.61760736,35.91105,983.872,43.96253,-0.21769658,0.39708748,0.5593412,-0.17115927,-0.7930897,4.0,1.9143776,0.1928227,-0.004787818,0.0,1.2006477,-0.908068,-0.41882274,0.0021012654,0.31578946,0.0,0.0,0.0,0.0,0.0,0.0,1.0,1.0,1.0,1.0,0.0,1.0,1.0,0.0,4,test/100/4/0,87
35.170334,-0.36756134,1.7243401,-0.03433421,982.30005,-2.270691,1.7466128,-0.007115598,45.17,0.7599983,0.6403004,0.101353355,9.834716,0.020519363,-0.08780688,0.006792871,5.0048194,0.015227318,0.016640145,113.130974,-4.1064606,2.2734795,566.20013,-0.68791395,35.836975,983.7148,44.083275,-0.3866073,-0.8099897,1.3584051,-0.20842654,-0.95830613,4.0,1.8910493,0.19287427,-0.0059440895,0.0,1.2008077,-0.93219393,-0.3619592,0.0023586762,0.31578946,0.0,0.0,0.0,0.0,0.0,0.0,1.0,1.0,1.0,1.0,0.0,1.0,1.0,0.0,4,test/100/4/0,88
37.880238,2.7099037,1.7672043,-0.015802244,987.42957,5.1295166,1.861792,0.0842778,44.62,-0.54999924,0.6172229,0.09593226,9.807161,0.020518769,0.001851398,0.0034557336,4.99604,-0.008779526,0.016508734,116.77028,3.639305,2.2556515,583.389,-0.6046317,36.0413,984.08624,44.136948,1.04059,1.7957432,0.6038155,0.09499146,-0.32552412,4.0,2.3421195,0.21214573,0.0012127558,0.0,1.1959639,-0.9296975,-0.36832398,0.0024857463,0.31578946,0.0,0.0,0.0,0.0,0.0,0.0,1.0,1.0,1.0,1.0,0.0,1.0,1.0,0.0,4,test/100/4/0,89
36.989902,-0.8903351,1.7758574,-0.007993239,987.0966,-0.33294678,2.0003836,0.13266303,45.02,0.40000153,0.62912524,0.09854131,9.823866,0.020645374,0.044257533,0.0038721599,4.9736805,-0.022359371,0.016718542,116.6947,-0.07557678,2.099629,580.40216,-0.39686376,36.13616,984.3873,44.22525,0.4807481,1.3543994,0.9934357,0.08512872,0.1850618,4.0,1.7308167,0.21014498,0.0017772953,0.0,1.2098677,-0.9397296,-0.34191853,0.0026388024,0.31578946,0.0,0.0,0.0,0.0,0.0,0.0,1.0,1.0,1.0,1.0,0.0,1.0,1.0,0.0,4,test/100/4/0,90
36.330437,-0.6594658,1.6261913,-0.054803323,984.68097,-2.4156494,1.9955171,0.12920706,44.91,-0.11000061,0.6204177,0.096533775,9.798174,0.02046417,-0.04239519,0.0013904547,4.984709,0.01102829,0.016288718,118.59534,1.9006348,2.0658925,591.1632,-0.43918145,36.15559,984.4167,44.293728,0.10751924,0.13244787,0.7703414,0.0,0.20244102,4.0,1.7827588,0.20776019,-0.0034342366,0.0,1.2080731,-0.9311572,-0.36461806,0.0022967875,0.31578946,0.0,0.0,0.0,0.0,0.0,0.0,1.0,1.0,1.0,1.0,0.0,1.0,1.0,0.0,4,test/100/4/0,91
35.555397,-0.7750397,1.6228323,-0.08022701,982.458,-2.2229614,1.9285458,0.06394731,45.06,0.15000153,0.5797777,0.08948115,9.825075,0.020507392,0.052592408,0.0028557882,5.000134,0.015425205,0.016342875,115.71692,-2.878418,2.0651343,578.6001,-0.39003295,36.09557,984.2208,44.370354,-0.3328585,-0.9140532,0.862059,-0.00094375055,-0.23965342,4.0,1.9183054,0.20402336,-0.00088318443,0.0,1.2137518,-0.94084746,-0.33883044,0.002294344,0.2631579,0.0,0.0,0.0,0.0,0.0,0.0,1.0,1.0,1.0,1.0,0.0,1.0,1.0,0.0,4,test/100/4/0,92
36.391315,0.8359184,1.537752,-0.043703623,983.26276,0.80474854,1.9303894,0.062427998,45.36,0.29999924,0.5738115,0.08848118,9.836482,0.021419693,-0.015494328,0.0012695809,4.986382,-0.013751984,0.015632909,120.0085,4.29158,2.1368937,598.40826,-0.20171133,36.125145,984.125,44.46932,0.17309058,-0.4466666,1.1133522,0.0,-0.28335553,4.0,1.4191337,0.22842555,-0.010966735,0.0,1.2237319,-0.9554982,-0.29499686,0.002375136,0.2631579,0.0,0.0,0.0,0.0,0.0,0.0,1.0,1.0,1.0,1.0,0.0,1.0,1.0,0.0,4,test/100/4/0,93
33.683712,-2.7076035,1.5255868,-0.041457497,987.9699,4.7071533,2.109539,0.109784804,45.14,-0.22000122,0.53795403,0.08185714,9.844722,0.02275189,-0.0031671654,0.008164008,4.954166,-0.032216072,0.01595183,118.49347,-1.5150299,2.14122,587.0363,-0.08831062,35.881,984.50946,44.53639,-1.4402915,1.6403687,0.75451565,-0.25047404,0.23637249,4.0,1.5772367,0.21663633,-0.008875738,0.0,1.2483436,-0.9579688,-0.28687245,0.0025767414,0.2631579,0.0,0.0,0.0,0.0,0.0,0.0,1.0,1.0,1.0,1.0,0.0,1.0,1.0,0.0,4,test/100/4/0,94
35.403427,1.7197151,1.5275381,-0.056947876,981.165,-6.8049316,2.144803,0.1012079,45.21,0.069999695,0.5181839,0.07793232,9.791712,0.022630354,-0.06124933,0.008522023,4.983775,0.029609203,0.015765224,119.653534,1.1600647,1.999327,596.3263,0.35460076,35.833244,984.17505,44.60375,-0.281379,-1.4034199,0.75781375,-0.26855072,-0.22996448,4.0,1.8288612,0.21294002,-0.01223966,0.0,1.2436386,-0.95396745,-0.2999102,0.002536906,0.31578946,0.0,0.0,0.0,0.0,0.0,0.0,1.0,1.0,1.0,1.0,0.0,1.0,1.0,0.0,4,test/100/4/0,95
35.7855,0.38207245,1.5114683,-0.07526237,979.6513,-1.5136719,2.3296182,0.020779029,45.31,0.10000229,0.47807837,0.07129325,9.81444,0.02263265,0.075737245,0.0059674405,4.995074,0.011298656,0.015550758,117.37218,-2.2813568,1.8917867,586.2827,0.11596652,35.82847,983.72266,44.674374,-0.028429478,-1.7476503,0.7945349,-0.23503548,-0.5586039,4.0,1.7123905,0.21566072,-0.014096912,0.0,1.2499048,-0.9590997,-0.28306836,0.0022275767,0.2631579,0.0,0.0,0.0,0.0,0.0,0.0,1.0,1.0,1.0,1.0,0.0,1.0,1.0,0.0,4,test/100/4/0,96
37.569473,1.7839737,1.3126862,0.00482174,984.9882,5.336914,2.3118007,0.011992032,45.61,0.29999924,0.5095514,0.07821805,9.816999,0.022552392,-0.020167429,0.0063010673,5.007921,0.012847424,0.016034178,115.95303,-1.4191437,1.920871,580.68365,0.11103874,36.00257,983.84924,44.767937,1.1936616,0.4926898,1.0525806,0.11806748,-0.42032188,4.0,2.1235533,0.21829648,-0.007057542,0.0,1.2482771,-0.943873,-0.3303086,0.0015719954,0.2631579,0.0,0.0,0.0,0.0,0.0,0.0,1.0,1.0,1.0,1.0,0.0,1.0,1.0,0.0,4,test/100/4/0,97
33.544697,-4.0247765,1.4074087,-0.03700852,979.2594,-5.728821,2.510709,-0.038577247,45.69,0.07999802,0.51930016,0.07999249,9.754706,0.02565582,-0.06485353,0.0058289934,4.9684157,-0.03950548,0.015774658,116.694565,0.7415314,1.9079577,579.7871,0.082282044,35.756783,983.39026,44.86014,-1.5717438,-1.6452875,1.0373203,-0.29175872,-0.743105,4.0,1.6784621,0.21748126,-0.006773199,0.0,1.260903,-0.97044396,-0.24132648,0.0017456454,0.2631579,0.0,0.0,0.0,0.0,0.0,0.0,1.0,1.0,1.0,1.0,0.0,1.0,1.0,0.0,4,test/100/4/0,98
36.26204,2.7173424,1.3576463,-0.0038643256,990.84204,11.582642,2.9607842,0.0702058,45.86,0.17000198,0.5487373,0.08590225,9.81222,0.0240589,0.11980692,0.006661382,5.006377,0.037961483,0.01636605,116.37995,-0.31461334,1.8466794,582.6419,0.23938584,35.80731,984.13544,44.96013,0.3349405,2.265151,1.1248405,-0.18929319,0.13563362,4.0,1.1362844,0.26589668,-0.015666261,0.0,1.2883506,-0.96161777,-0.27439246,0.0018771997,0.2631579,0.0,0.0,0.0,0.0,0.0,0.0,1.0,1.0,1.0,1.0,0.0,1.0,1.0,0.0,4,test/100/4/0,99
35.58206,-0.6799774,1.3222485,0.014943904,981.99396,-8.8480835,2.9038367,-0.009704361,45.82,-0.040000916,0.53248924,0.08315039,9.785043,0.024670696,-0.08469033,0.006257992,4.9961786,-0.010198593,0.016429866,116.14361,-0.23634338,1.848817,580.27423,0.084249996,35.784782,983.92126,45.046116,-0.15331614,-0.6637131,0.96735543,-0.18960163,-0.20512702,4.0,1.7430847,0.2638613,-0.01417733,0.0,1.2961147,-0.9696908,-0.24433543,0.0019116506,0.21052632,0.0,0.0,0.0,0.0,0.0,0.0,1.0,1.0,1.0,1.0,0.0,1.0,1.0,0.0,4,test/100/4/0,100
36.802498,1.2204361,1.2916784,0.0060623917,983.42993,1.4359741,2.906993,-0.018111838,45.9,0.08000183,0.5337649,0.083391026,9.792863,0.024819333,0.03499718,0.005836013,4.9924645,-0.0037140846,0.016458724,116.21526,0.07165527,1.7940649,580.20056,-0.16059892,35.886555,983.87213,45.131504,0.70911044,-0.1521181,0.96062195,0.007142744,-0.27211294,4.0,1.6695433,0.26391116,-0.017978687,0.0,1.2961893,-0.943407,-0.33163723,0.0016329986,0.21052632,0.0,0.0,0.0,0.0,0.0,0.0,1.0,1.0,1.0,1.0,0.0,1.0,1.0,0.0,4,test/100/4/0,101
33.715157,-3.0873413,1.3354095,-0.0042834147,981.2434,-2.1865234,2.8622694,-0.11437956,45.44,-0.4600029,0.5189633,0.07860904,9.7930765,0.024747318,-0.0076064216,0.0038379822,5.0137186,0.021254063,0.01700562,117.131256,0.91599274,1.774206,587.2632,-0.18622464,35.669415,983.60925,45.162354,-1.4634153,-0.82656676,0.34705648,-0.28036287,-0.40257367,4.0,1.5414394,0.2688865,-0.023294449,0.0,1.301591,-0.93786436,-0.34700215,0.001540218,0.2631579,0.0,0.0,0.0,0.0,0.0,0.0,1.0,1.0,1.0,1.0,0.0,1.0,1.0,0.0,4,test/100/4/0,102
33.64931,-0.06584549,1.2728325,-0.07524251,984.015,2.7716064,2.8473995,-0.094985895,45.76,0.3199997,0.45043424,0.0679248,9.839273,0.025219342,0.04598296,0.0039211093,4.990788,-0.022930622,0.014562093,115.13148,-1.9997787,1.8294011,574.5968,-0.35267523,35.467403,983.64984,45.22212,-1.4283842,0.12824853,0.67235047,-0.58024496,-0.33507714,4.0,1.7067146,0.2611676,-0.01995829,0.0,1.315069,-0.93923634,-0.3432711,0.0011893502,0.31578946,0.0,0.0,0.0,0.0,0.0,0.0,1.0,1.0,1.0,1.0,0.0,1.0,1.0,0.0,4,test/100/4/0,103
33.341587,-0.307724,1.3292965,-0.08719366,985.4018,1.3867798,2.83001,-0.10410505,45.92,0.15999985,0.46709627,0.072345845,9.749508,0.028217113,-0.13596326,0.0023176665,5.0031767,0.012388706,0.01485923,118.15775,3.0262756,1.825362,591.1641,-0.34354162,35.25482,983.825,45.291904,-1.4392847,0.55715674,0.78511524,-0.90239847,-0.16926076,4.0,1.7787004,0.2573808,-0.022898125,0.0,1.307694,-0.93516606,-0.3542096,0.0011735471,0.31578946,0.0,0.0,0.0,0.0,0.0,0.0,1.0,1.0,1.0,1.0,0.0,1.0,1.0,0.0,4,test/100/4/0,104
37.674385,4.332798,1.4091712,-0.04849933,986.531,1.1292114,2.861415,-0.04783114,45.56,-0.3599968,0.41987982,0.061849646,9.83035,0.027938262,0.17060924,0.004432493,4.99201,-0.011166573,0.013807257,117.146416,-1.0113373,1.6117058,584.7961,-0.10274208,35.49678,984.09564,45.318714,1.5453095,0.85110813,0.30160734,-0.434545,0.062411375,4.0,1.5624369,0.2526303,-0.021461852,0.0,1.3264811,-0.9102935,-0.41396344,0.001359221,0.31578946,0.0,0.0,0.0,0.0,0.0,0.0,1.0,1.0,1.0,1.0,0.0,1.0,1.0,0.0,4,test/100/4/0,105
36.080856,-1.5935287,1.399318,-0.0546856,982.29486,-4.236145,2.8647273,-0.049443204,46.38,0.8199997,0.4694453,0.07152633,9.842209,0.028713781,-0.06898428,0.0070913746,4.9826093,-0.009400845,0.013938561,119.376686,2.2302704,1.5979034,594.8074,0.23431061,35.555187,983.9155,45.424843,0.37566108,-0.56574124,1.1939462,-0.42833596,-0.056554638,4.0,1.4566185,0.25076896,-0.020991696,0.0,1.3493848,-0.8742316,-0.4855092,0.0019447121,0.31578946,0.0,0.0,0.0,0.0,0.0,0.0,1.0,1.0,1.0,1.0,0.0,1.0,1.0,0.0,4,test/100/4/0,106
35.989697,-0.09115982,1.4010118,-0.051528014,983.7464,1.4515381,2.8625689,-0.044933394,46.56,0.1800003,0.47485292,0.07224064,9.840604,0.027021233,-0.013463278,0.001323056,4.983187,0.00057792664,0.014042751,116.918816,-2.4578705,1.5980437,582.62836,0.21646476,35.598637,983.8986,45.53836,0.27912578,-0.053183235,1.2770519,-0.4053419,-0.008871402,4.0,1.5937433,0.24843216,-0.019897502,0.0,1.3619645,-0.820125,-0.57218444,0.0034632669,0.31578946,0.0,0.0,0.0,0.0,0.0,0.0,1.0,1.0,1.0,1.0,0.0,1.0,1.0,0.0,4,test/100/4/0,107
32.43944,-3.5502548,1.5663842,-0.10557135,986.19977,2.4533691,2.8737457,-0.039988857,46.23,-0.33000183,0.49222574,0.077007525,9.8687315,0.029385919,0.029731689,0.009030165,4.962315,-0.020872116,0.014944742,118.55862,1.639801,1.3443851,588.3252,-0.012799577,35.28272,984.1287,45.607525,-1.8151847,0.72066766,0.7780947,-0.7773908,0.039434507,4.0,1.4601573,0.25044352,-0.020597866,0.0,1.3792442,-0.8496519,-0.527344,0.0044404683,0.2631579,0.0,0.0,0.0,0.0,0.0,0.0,1.0,1.0,1.0,1.0,0.0,1.0,1.0,0.0,4,test/100/4/0,108
35.817497,3.3780556,1.4736376,-0.0644622,978.71497,-7.4848022,3.006079,-0.06684194,46.17,-0.060001373,0.45767316,0.07063906,9.788861,0.029846037,-0.107997194,0.00556469,4.9764843,0.014169216,0.015068874,117.392525,-1.1660919,1.3376622,584.202,-0.062834315,35.336197,983.5874,45.663773,0.32660744,-1.6208516,0.6327837,-0.71023226,-0.28671592,4.0,1.141634,0.22948942,-0.018078443,0.0,1.2963563,-0.8437674,-0.53670895,0.0054362556,0.31578946,0.0,0.0,0.0,0.0,0.0,0.0,1.0,1.0,1.0,1.0,0.0,1.0,1.0,0.0,4,test/100/4/0,109
35.954693,0.13719559,1.4356436,-0.032349166,980.91077,2.1958008,2.9634821,-0.05447883,46.56,0.3900032,0.47517246,0.07382706,9.813085,0.029732056,0.10409397,0.0064740186,4.99187,0.015385628,0.014741957,119.86668,2.4741516,1.4309956,598.3589,0.040988915,35.398045,983.3197,45.753395,0.3877334,-0.812877,1.0082589,-0.6240966,-0.42301354,4.0,1.9741025,0.2407819,-0.011513518,0.0,1.2868007,-0.84739035,-0.5309704,0.006256296,0.36842105,0.0,0.0,0.0,0.0,0.0,0.0,1.0,1.0,1.0,1.0,0.0,1.0,1.0,0.0,4,test/100/4/0,110
35.418015,-0.5366783,1.4190753,-0.016758878,985.9309,5.0201416,3.001967,0.00076078257,46.36,-0.20000076,0.45590037,0.070105255,9.827956,0.02975279,-0.009351773,0.0048657516,5.0020666,0.010196686,0.0149967875,115.20152,-4.6651535,1.4961613,576.2457,-0.028181447,35.400043,983.5808,45.814056,0.012664423,0.78284526,0.6824322,-0.6135655,-0.19195703,4.0,1.1060812,0.26473215,-0.016894603,0.0,1.3137351,-0.8353162,-0.5497699,0.007201881,0.36842105,0.0,0.0,0.0,0.0,0.0,0.0,1.0,1.0,1.0,1.0,0.0,1.0,1.0,0.0,4,test/100/4/0,111
33.76967,-1.648346,1.457922,-0.035581794,989.5034,3.5725098,3.2611568,0.07005725,46.9,0.5400009,0.48313704,0.074285746,9.81989,0.02967237,-0.022938438,0.0036225594,4.9913087,-0.010757923,0.014804705,120.569565,5.368042,1.5975354,601.7999,0.09177558,35.237007,984.1731,45.92265,-1.0064577,1.6344895,1.22169,-0.8254927,0.25884226,4.0,1.5735146,0.25490502,-0.0124403,0.0,1.3278975,-0.8700982,-0.4928785,0.0074918624,0.36842105,0.0,0.0,0.0,0.0,0.0,0.0,1.0,1.0,1.0,1.0,0.0,1.0,1.0,0.0,4,test/100/4/0,112
35.763744,1.9940758,1.439523,-0.0100338925,978.6038,-10.899597,3.45558,-0.014242852,46.81,-0.09000015,0.50682867,0.07915044,9.840432,0.029839775,0.028608534,0.002970115,4.975376,-0.01593256,0.015094044,119.387764,-1.1818008,1.5562942,593.999,0.3781647,35.28968,983.61615,46.011383,0.32932097,-1.450507,0.9982708,-0.75811636,-0.24181964,4.0,1.3053395,0.25985906,-0.019180246,0.0,1.3326389,-0.9314028,-0.36399007,0.0072493483,0.31578946,0.0,0.0,0.0,0.0,0.0,0.0,1.0,1.0,1.0,1.0,0.0,1.0,1.0,0.0,4,test/100/4/0,113
34.82564,-0.9381027,1.3998586,-0.03969538,979.73627,1.1324463,3.4028614,-0.001035762,46.74,-0.069999695,0.4973483,0.07736097,9.821763,0.029041134,-0.039211363,0.0084370915,4.9644456,-0.010930538,0.014056749,119.34429,-0.04347229,1.5917102,592.4783,0.46990213,35.243275,983.22815,46.084248,-0.29834002,-1.026168,0.8196941,-0.82494396,-0.41548228,4.0,1.9950767,0.27487865,-0.013399322,0.0,1.315393,-0.9452516,-0.3263426,0.007055563,0.2631579,0.0,0.0,0.0,0.0,0.0,0.0,1.0,1.0,1.0,1.0,0.0,1.0,1.0,0.0,4,test/100/4/0,114
32.595154,-2.2304878,1.5154501,-0.075784765,982.4608,2.7245483,3.3755696,-0.043971423,46.77,0.02999878,0.48326933,0.074699305,9.811106,0.028662622,0.008012553,0.003197023,4.980963,0.01651764,0.014121996,116.1935,-3.150795,1.5498312,578.75555,0.5041012,34.978462,983.1514,46.15282,-1.5726743,-0.20459454,0.7714733,-1.1712786,-0.4245333,4.0,1.3768872,0.2740729,-0.013104986,0.0,1.3340677,-0.92740047,-0.37406996,0.006802408,0.2631579,0.0,0.0,0.0,0.0,0.0,0.0,1.0,1.0,1.0,1.0,0.0,1.0,1.0,0.0,4,test/100/4/0,115
35.23144,2.6362877,1.508244,-0.063957214,980.57153,-1.8892822,3.33188,-0.13974555,46.96,0.18999863,0.47919777,0.07398502,9.798075,0.028847285,-0.0023745592,0.008910142,4.9616213,-0.019341946,0.015222508,117.48893,1.295433,1.5497214,582.93555,0.46585387,35.00376,982.89343,46.23354,0.15095726,-0.69687825,0.90807444,-1.1613458,-0.54628253,4.0,1.5315577,0.272594,-0.011760424,0.0,1.3416888,-0.9113848,-0.41155517,0.006404058,0.2631579,0.0,0.0,0.0,0.0,0.0,0.0,1.0,1.0,1.0,1.0,0.0,1.0,1.0,0.0,4,test/100/4/0,116
33.772854,-1.4585876,1.4221212,-0.043965448,979.0506,-1.520935,3.4329116,-0.17436405,46.7,-0.25999832,0.470909,0.0718121,9.781033,0.029611556,-0.004010533,0.00764391,4.996446,0.03482485,0.014634253,118.637215,1.1482849,1.5292704,592.76447,0.4846467,34.88067,982.50916,46.280186,-0.77898884,-1.0074726,0.5247689,-1.359692,-0.7462986,4.0,1.7442937,0.24545859,-0.0006128028,0.0,1.275801,-0.9257949,-0.37802616,0.0062604556,0.2631579,0.0,0.0,0.0,0.0,0.0,0.0,1.0,1.0,1.0,1.0,0.0,1.0,1.0,0.0,4,test/100/4/0,117
35.396816,1.6239624,1.3900424,-0.05861412,986.98334,7.9327393,3.4223473,-0.177184,47.18,0.47999954,0.49305117,0.07612035,9.850876,0.027914314,0.08688504,0.008470762,4.993828,-0.0026183128,0.01409426,121.42903,2.7918167,1.7251722,606.3957,0.6658488,34.932285,982.9566,46.370167,0.33418497,1.1766068,1.0122914,-1.3251361,-0.38931537,4.0,1.2583207,0.25178623,-0.0028650928,0.0,1.2931728,-0.9338446,-0.35767892,0.0055422867,0.2631579,0.0,0.0,0.0,0.0,0.0,0.0,1.0,1.0,1.0,1.0,0.0,1.0,1.0,0.0,4,test/100/4/0,118
34.72465,-0.6721649,1.3605503,-0.042744886,982.71356,-4.2697754,2.9678833,-0.06973188,47.18,0.0,0.513766,0.08087223,9.8272705,0.028022507,-0.09344878,0.0022618445,4.9657607,-0.028067112,0.014205829,118.89924,-2.5297928,1.7063092,590.4252,0.62396336,34.911522,982.93225,46.45115,-0.13734904,-0.07369446,0.9110623,-1.3894567,-0.47383192,4.0,1.3139976,0.2405208,-0.012250909,0.0,1.2857674,-0.9026883,-0.430295,0.004970848,0.2631579,0.0,0.0,0.0,0.0,0.0,0.0,1.0,1.0,1.0,1.0,0.0,1.0,1.0,0.0,4,test/100/4/0,119
35.093056,0.3684044,1.3529359,-0.030037353,983.18866,0.47509766,2.9590068,-0.08297596,47.15,-0.02999878,0.52105975,0.08257901,9.78181,0.028209895,-0.02185516,0.002645113,4.988404,0.02264309,0.014022542,115.771576,-3.1276627,1.7278954,577.5153,0.34856302,34.929676,982.95795,46.521034,0.12076011,0.07797988,0.78620744,-1.3970822,-0.4362773,4.0,1.6854236,0.2384256,-0.0070168185,0.0,1.2881608,-0.87422353,-0.4855236,0.004143974,0.2631579,0.0,0.0,0.0,0.0,0.0,0.0,1.0,1.0,1.0,1.0,0.0,1.0,1.0,0.0,4,test/100/4/0,120
34.27498,-0.8180771,1.2859751,-0.009011247,981.28204,-1.9066162,2.9825714,-0.10258069,47.0,-0.15000153,0.5169268,0.08140609,9.792887,0.028208941,0.05653735,0.0065147965,5.002731,0.014327049,0.014451554,121.06064,5.2890625,1.8068407,605.6338,0.4778406,34.864204,982.79034,46.56893,-0.45819452,-0.5056998,0.538835,-1.5349675,-0.5251182,4.0,1.3658279,0.23928393,-0.0074228533,0.0,1.3009163,-0.8927466,-0.45055902,0.0038356595,0.21052632,0.0,0.0,0.0,0.0,0.0,0.0,1.0,1.0,1.0,1.0,0.0,1.0,1.0,0.0,4,test/100/4/0,121
34.173813,-0.10116577,1.2708455,-0.03437708,985.0417,3.7596436,2.9885156,-0.09977036,47.23,0.22999954,0.4761453,0.07460154,9.824997,0.027769828,0.021034075,0.005118351,4.989722,-0.013009071,0.013022194,122.12587,1.0652313,1.9809653,609.37415,0.7338215,34.795166,983.01544,46.63504,-0.48892903,0.6780028,0.743701,-1.6868749,-0.35842758,4.0,1.3790547,0.24128722,-0.009205912,0.0,1.3078403,-0.89391214,-0.44824228,0.0035771676,0.21052632,0.0,0.0,0.0,0.0,0.0,0.0,1.0,1.0,1.0,1.0,0.0,1.0,1.0,0.0,4,test/100/4/0,122
34.275753,0.101940155,1.2496578,-0.060016,985.5011,0.45941162,3.027467,-0.052346505,46.89,-0.34000015,0.43791425,0.06530075,9.79998,0.027551524,-0.05712776,0.0032162725,4.988994,-0.0007276535,0.012986465,119.699524,-2.4263458,1.8458874,597.18024,0.58235866,34.743225,983.26404,46.660534,-0.37407985,0.7389247,0.28683072,-1.8216486,-0.14934878,4.0,1.6596005,0.23963295,-0.004127377,0.0,1.3098631,-0.9028229,-0.4300125,0.0032758028,0.15789473,0.0,0.0,0.0,0.0,0.0,0.0,1.0,1.0,1.0,1.0,0.0,1.0,1.0,0.0,4,test/100/4/0,123
32.51311,-1.7626419,1.3105783,-0.116636336,981.3557,-4.1453857,3.0099394,-0.044480633,46.79,-0.099998474,0.40388608,0.05539846,9.77081,0.025296453,-0.004153173,0.005966399,4.9923043,0.0033102036,0.012415218,118.12104,-1.5784836,1.8464055,589.6962,0.5516106,34.520214,983.0732,46.67348,-1.531463,-0.57060415,0.14564936,-2.2106745,-0.24628943,4.0,1.699993,0.23585562,0.0027356585,0.0,1.3132563,-0.8987444,-0.43847287,0.003008662,0.21052632,0.0,0.0,0.0,0.0,0.0,0.0,1.0,1.0,1.0,1.0,0.0,1.0,1.0,0.0,4,test/100/4/0,124
35.819088,3.3059769,1.1601038,-0.05637,991.6901,10.334412,3.4838803,0.13493368,46.88,0.09000015,0.30759725,0.03978946,9.789494,0.025752066,0.047854435,0.004266273,4.9980154,0.0057110786,0.012672312,118.67863,0.55758667,1.8135312,593.1576,0.47196996,34.6501,983.9349,46.694134,1.0076573,2.2260337,0.2323346,-2.0810654,0.35730106,4.0,1.265438,0.24132165,9.443661e-05,0.0,1.32622,-0.8879235,-0.45999113,0.0029641276,0.21052632,0.0,0.0,0.0,0.0,0.0,0.0,1.0,1.0,1.0,1.0,0.0,1.0,1.0,0.0,4,test/100/4/0,125
37.06463,1.2455406,1.2361233,-0.0006812877,982.072,-9.618103,3.4873486,0.10230194,47.22,0.34000015,0.30855167,0.040000007,9.800225,0.02511879,-0.00795257,0.007411145,4.973802,-0.024213314,0.012879011,116.39935,-2.279274,1.8759613,578.9473,0.33482483,34.891552,983.7486,46.74672,1.7579757,-0.48076108,0.5916013,-1.6051588,0.1299397,4.0,1.2202802,0.2485571,-0.0044160984,0.0,1.3367202,-0.8751497,-0.48385224,0.0029608167,0.21052632,0.0,0.0,0.0,0.0,0.0,0.0,1.0,1.0,1.0,1.0,0.0,1.0,1.0,0.0,4,test/100/4/0,126
37.61867,0.5540428,1.3626045,0.060003597,989.2749,7.202881,3.7256842,0.19582263,47.28,0.05999756,0.31865355,0.042646613,9.814144,0.02428644,0.0031867588,0.0042588604,4.982927,0.009124756,0.01287994,120.521935,4.1225815,1.8800939,600.552,0.33786735,35.164265,984.3012,46.80005,1.8012607,1.3349681,0.59993845,-1.0194197,0.34600097,4.0,1.2919805,0.2504987,-0.005381819,0.0,1.3503715,-0.8621329,-0.5066822,0.0025677336,0.21052632,0.0,0.0,0.0,0.0,0.0,0.0,1.0,1.0,1.0,1.0,0.0,1.0,1.0,0.0,4,test/100/4/0,127
33.45375,-4.164921,1.2897186,0.0026833757,977.58417,-11.690735,3.8877277,0.15275668,47.4,0.12000275,0.30663142,0.040714283,9.8120575,0.020400595,-0.016004357,0.004932606,5.012927,0.03000021,0.013340599,121.28452,0.7625885,1.9572431,607.9905,0.51017106,34.993214,983.6295,46.860043,-1.1936427,-1.5549852,0.6749477,-1.6228755,-0.24621883,4.0,1.4023771,0.25089878,-0.006425919,0.0,1.3530172,-0.8320592,-0.55468684,0.002736196,0.15789473,0.0,0.0,0.0,0.0,0.0,0.0,1.0,1.0,1.0,1.0,0.0,1.0,1.0,0.0,4,test/100/4/0,128
35.083466,1.629715,1.27279,0.020457238,983.0922,5.5080566,3.7551794,0.08315196,47.22,-0.1800003,0.26239076,0.033503734,9.786464,0.020521337,-0.023507915,0.0061956206,4.986765,-0.026162148,0.013141358,122.19012,0.9055939,2.049175,609.3334,0.6069845,35.00224,983.5758,46.896038,0.063817635,-0.12877466,0.40495256,-1.6170363,-0.20398577,4.0,1.2888316,0.24336453,-0.014034526,0.0,1.3462974,-0.8217796,-0.5698055,0.0029674894,0.10526316,0.0,0.0,0.0,0.0,0.0,0.0,1.0,1.0,1.0,1.0,0.0,1.0,1.0,0.0,4,test/100/4/0,129
35.657032,0.57356644,1.2613711,0.04969496,984.83765,1.7454224,3.7262402,0.066570036,47.31,0.09000015,0.25591546,0.03215789,9.811301,0.020503866,0.05043115,0.0073599704,4.985646,-0.0011191368,0.013096296,118.82071,-3.3694077,2.0433915,592.39795,0.6476011,35.06772,983.70197,46.937435,0.4672008,0.30477515,0.46570748,-1.5193173,-0.06747816,4.0,1.1609446,0.2231534,-0.010547201,0.0,1.3842769,-0.8508623,-0.52538866,0.0029392857,0.10526316,0.0,0.0,0.0,0.0,0.0,0.0,1.0,1.0,1.0,1.0,0.0,1.0,1.0,0.0,4,test/100/4/0,130
32.486576,-3.170456,1.3512117,0.025614195,983.397,-1.4406738,3.6850903,0.10276737,47.42,0.109996796,0.22623578,0.028097704,9.8055315,0.019995777,-0.03060673,0.0026303516,4.9791927,-0.0064530373,0.012697335,120.69051,1.8698044,1.863199,600.94135,0.47007498,34.809605,983.6715,46.98569,-1.7192185,-0.07449142,0.54288316,-1.8915315,-0.00958109,4.0,1.6224285,0.21371031,-0.0129500525,0.0,1.3599163,-0.80780995,-0.589443,0.003263324,0.10526316,0.0,0.0,0.0,0.0,0.0,0.0,1.0,1.0,1.0,1.0,0.0,1.0,1.0,0.0,4,test/100/4/0,131
35.57807,3.0914955,1.3477923,0.024079315,989.764,6.3670044,3.7070503,0.2901404,47.38,-0.0399971,0.23421071,0.030398479,9.846171,0.021598568,0.04640931,0.006316072,4.9918437,0.012650967,0.012709978,118.08313,-2.6073837,1.8616763,589.45245,0.49477288,34.88645,984.2807,47.025124,0.5131508,1.4791402,0.4435981,-1.7969011,0.22223334,4.0,0.9966995,0.23400581,-0.017687825,0.0,1.3871869,-0.8135424,-0.58150554,0.0037493135,0.15789473,0.0,0.0,0.0,0.0,0.0,0.0,1.0,1.0,1.0,1.0,0.0,1.0,1.0,0.0,4,test/100/4/0,132
34.200134,-1.3779373,1.3331581,0.03162562,985.64557,-4.118408,3.5655484,0.24618828,47.14,-0.24000168,0.2264198,0.0271278,9.7755575,0.02140318,-0.11125425,0.0050248094,4.9869294,-0.0049142838,0.012493532,121.00176,2.9186325,1.9008427,603.42725,0.6145061,34.817818,984.41724,47.03661,-0.4633246,0.3445066,0.12923639,-1.9090313,0.21935423,4.0,1.0272204,0.24869727,-0.02535654,0.0,1.4007304,-0.8547444,-0.51904917,0.0035484566,0.15789473,0.0,0.0,0.0,0.0,0.0,0.0,1.0,1.0,1.0,1.0,0.0,1.0,1.0,0.0,4,test/100/4/0,133
35.607086,1.4069519,1.3478744,0.046810385,984.97546,-0.670105,3.4507587,0.19995488,47.15,0.010002136,0.21170436,0.022398515,9.825227,0.021551002,0.12028395,0.0016239706,4.994371,0.0074415207,0.011560044,122.20639,1.204628,2.0021644,610.34406,0.7948613,34.896748,984.473,47.04795,0.52700776,0.14559843,0.12756515,-1.8061901,0.1787347,4.0,0.9515028,0.23015846,-0.022798123,0.0,1.2712278,-0.8974394,-0.4411378,0.0029576444,0.15789473,0.0,0.0,0.0,0.0,0.0,0.0,1.0,1.0,1.0,1.0,0.0,1.0,1.0,0.0,4,test/100/4/0,134
34.005,-1.6020851,1.2688802,0.0027148856,983.06,-1.9154663,3.4396393,0.16149838,47.68,0.5299988,0.23018685,0.025097763,9.791783,0.021699477,-0.083113275,0.009805348,4.9690413,-0.02532959,0.012180692,121.21087,-0.99552155,1.8875654,602.3018,0.6167871,34.80757,984.3317,47.111153,-0.6325029,-0.3697298,0.71105725,-1.9553418,0.02590802,4.0,1.5358759,0.2332556,-0.020083118,0.0,1.2639054,-0.9114151,-0.4114882,0.0027743946,0.15789473,0.0,0.0,0.0,0.0,0.0,0.0,1.0,1.0,1.0,1.0,0.0,1.0,1.0,0.0,4,test/100/4/0,135
34.07777,0.072769165,1.2742356,-0.0008355306,982.89056,-0.1694336,3.3584163,0.08988959,47.73,0.049999237,0.25671512,0.030142844,9.793362,0.021791039,0.035022274,0.008047172,5.015972,0.04693079,0.012263934,121.18639,-0.024475098,1.8408741,607.86755,0.54881525,34.734592,984.1876,47.17304,-0.5154629,-0.3862099,0.69620067,-2.0873039,0.0,4.0,1.2984754,0.23070547,-0.018556468,0.0,1.2746694,-0.8921235,-0.45179158,0.002663808,0.15789473,0.0,0.0,0.0,0.0,0.0,0.0,1.0,1.0,1.0,1.0,0.0,1.0,1.0,0.0,4,test/100/4/0,136
35.75539,1.6776199,1.2719575,-0.001715435,980.57043,-2.3201294,3.2573936,-0.042365924,47.47,-0.25999832,0.2362942,0.02621053,9.810107,0.021167997,0.015167453,0.0010978032,4.981309,-0.0346632,0.012296299,119.87771,-1.3086853,1.8180069,597.1479,0.44540712,34.83667,983.8259,47.202736,0.7222874,-0.9994079,0.33408248,-1.9514308,-0.1263627,4.0,1.3650029,0.21312654,-0.012369934,0.0,1.2597544,-0.9085151,-0.417852,0.0024710996,0.15789473,0.0,0.0,0.0,0.0,0.0,0.0,1.0,1.0,1.0,1.0,0.0,1.0,1.0,0.0,4,test/100/4/0,137
35.172863,-0.58252716,1.2680119,0.0117430985,982.4679,1.8974609,3.2160652,-0.02454655,47.35,-0.12000275,0.23721862,0.026984936,9.796294,0.018491592,-0.030558955,0.0035147304,4.9731293,-0.008179665,0.012712461,122.83276,2.9550552,1.898564,610.8632,0.7465706,34.87029,983.6901,47.21746,0.23861969,-0.3800307,0.16567115,-1.9082156,-0.133124,4.0,1.4014992,0.21268493,-0.0127649205,0.0,1.2531067,-0.91898936,-0.3942823,0.0022448483,0.15789473,0.0,0.0,0.0,0.0,0.0,0.0,1.0,1.0,1.0,1.0,0.0,1.0,1.0,0.0,4,test/100/4/0,138
31.730564,-3.442299,1.4372666,-0.034250427,983.8442,1.3762817,3.2025082,-0.047693375,47.53,0.1800003,0.2446812,0.030075138,9.830606,0.018725365,0.04812486,0.0032675602,4.972191,-0.0009384155,0.01221791,122.27178,-0.56098175,1.9396911,607.9586,0.74735546,34.556316,983.7055,47.248714,-1.9660609,0.043300584,0.35160437,-2.3376718,-0.052401252,4.0,1.5172701,0.2157183,-0.010842233,0.0,1.2437885,-0.9023431,-0.43101844,0.0022426003,0.15789473,0.0,0.0,0.0,0.0,0.0,0.0,1.0,1.0,1.0,1.0,0.0,1.0,1.0,0.0,4,test/100/4/0,139
34.87959,3.149025,1.4349655,-0.02493858,982.1644,-1.6797485,3.224415,-0.08903524,47.53,0.0,0.25001973,0.032165363,9.802825,0.018088961,-0.062093154,0.0060338173,4.9966826,0.024491787,0.012353539,122.426125,0.15434265,1.7081441,611.7245,0.5717327,34.588646,983.5514,47.276844,0.20275342,-0.43014634,0.31644395,-2.3186562,-0.07562055,4.0,1.5333735,0.20648393,-0.0031305496,0.0,1.2507455,-0.90624046,-0.4227626,0.0023407564,0.21052632,0.0,0.0,0.0,0.0,0.0,0.0,1.0,1.0,1.0,1.0,0.0,1.0,1.0,0.0,4,test/100/4/0,140
32.84275,-2.0368385,1.4877276,-0.05732043,979.8418,-2.3226318,3.300078,-0.19212183,47.87,0.34000015,0.27221784,0.036172863,9.809704,0.017943507,0.03466039,0.0070953,4.9615273,-0.035155296,0.013249227,125.81691,3.3907852,2.059747,624.244,0.96749383,34.414055,983.1804,47.33616,-1.0561779,-1.0116857,0.66729975,-2.5695724,-0.23479377,4.0,1.1835722,0.20954733,-0.005233628,0.0,1.2591878,-0.85878664,-0.5123334,0.0023515078,0.15789473,0.0,0.0,0.0,0.0,0.0,0.0,1.0,1.0,1.0,1.0,0.0,1.0,1.0,0.0,4,test/100/4/0,141
33.620167,0.7774162,1.5004917,-0.07803997,985.96075,6.1189575,3.3212416,-0.14626616,47.95,0.08000183,0.30330607,0.04364655,9.873978,0.023123471,0.05739422,0.0025010612,4.991005,0.029477596,0.013266971,124.18208,-1.6348267,2.1729498,619.7934,1.3307476,34.334667,983.4585,47.397545,-0.4761771,0.75341827,0.6905718,-2.707207,0.01688699,4.0,1.3647206,0.20943725,-0.0042659603,0.0,1.2598567,-0.89804906,-0.43989527,0.0023705948,0.15789473,0.0,0.0,0.0,0.0,0.0,0.0,1.0,1.0,1.0,1.0,0.0,1.0,1.0,0.0,4,test/100/4/0,142
33.70613,0.0859642,1.5112137,-0.09508931,983.0195,-2.9412842,3.3091586,-0.13655703,47.58,-0.36999893,0.28672954,0.039383404,9.803238,0.023082906,-0.13501346,0.0043383404,4.9691834,-0.021821499,0.0137900915,125.62941,1.4473267,2.3863924,624.27563,1.5498298,34.271812,983.41455,47.41579,-0.374323,-0.119395934,0.20526583,-2.827329,0.0,4.0,1.2176267,0.19745533,-0.0009484078,0.0,1.2808331,-0.8288566,-0.5594611,0.0024786075,0.10526316,0.0,0.0,0.0,0.0,0.0,0.0,1.0,1.0,1.0,1.0,0.0,1.0,1.0,0.0,4,test/100/4/0,143
36.239895,2.533764,1.4787745,-0.102916636,978.9173,-4.102173,3.4420006,-0.24717206,47.74,0.15999985,0.26019734,0.03478945,9.743469,0.02585511,0.010971982,0.0045756926,4.961466,-0.0077176094,0.014665974,122.87193,-2.7574768,2.3060136,609.6249,1.4007021,34.46862,982.96484,47.44821,1.1977984,-1.1759282,0.3647391,-2.562834,-0.19923024,4.0,1.4229122,0.17897052,0.006604194,0.0,1.2352874,-0.8294808,-0.5585352,0.002557738,0.15789473,0.0,0.0,0.0,0.0,0.0,0.0,1.0,1.0,1.0,1.0,0.0,1.0,1.0,0.0,4,test/100/4/0,144
35.05879,-1.1811066,1.4599395,-0.081021465,982.311,3.3936768,2.9295025,-0.14246427,47.61,-0.13000107,0.228092,0.028330822,9.82881,0.026013672,0.14510857,0.008907215,5.0066786,0.045212746,0.015186423,122.451515,-0.4204178,2.227925,613.0754,1.3255525,34.527637,982.8995,47.46439,0.3638167,-0.20088121,0.18201397,-2.5456092,-0.21057329,4.0,1.4251437,0.18065347,0.007743942,0.0,1.2278225,-0.83243585,-0.55412143,0.0026374632,0.21052632,0.0,0.0,0.0,0.0,0.0,0.0,1.0,1.0,1.0,1.0,0.0,1.0,1.0,0.0,4,test/100/4/0,145
33.2073,-1.85149,1.3867018,-0.064766414,984.4642,2.1531982,2.926388,-0.14475732,47.52,-0.09000015,0.22036558,0.024857156,9.804671,0.025964871,-0.10947848,0.004817858,4.991737,-0.014941692,0.015049502,123.645615,1.1940994,1.9211627,617.2064,1.0550935,34.395603,983.0559,47.46995,-0.8569295,0.4812228,0.0625624,-2.7541413,-0.07283776,4.0,1.14428,0.18330972,0.0039181733,0.0,1.2313637,-0.85365254,-0.5208429,0.002647262,0.21052632,0.0,0.0,0.0,0.0,0.0,0.0,1.0,1.0,1.0,1.0,0.0,1.0,1.0,0.0,4,test/100/4/0,146
33.075405,-0.13189316,1.2190468,-0.035847016,981.67706,-2.7871094,2.6163485,-0.07673372,47.82,0.29999924,0.22563231,0.026165396,9.778181,0.026729478,-0.0023522852,0.006926252,4.98894,-0.0027971268,0.015054632,122.70425,-0.9413681,1.8982176,612.1641,0.9961958,34.263584,982.918,47.504955,-0.9746787,-0.4743169,0.3938053,-3.0185776,-0.14356677,4.0,1.3284134,0.1833266,0.0039692787,0.0,1.2296635,-0.8455346,-0.5339206,0.0026848104,0.2631579,0.0,0.0,0.0,0.0,0.0,0.0,1.0,1.0,1.0,1.0,0.0,1.0,1.0,0.0,4,test/100/4/0,147
35.04286,1.967453,1.2149134,-0.037751067,975.105,-6.5720825,2.913062,-0.27576226,47.79,-0.02999878,0.23120277,0.02812783,9.812653,0.026736008,0.06096131,0.0053909705,4.9987054,0.009765625,0.01406087,123.71091,1.0066605,1.9215826,618.3944,1.1262898,34.34151,982.1367,47.53346,0.5772812,-2.4138706,0.32067615,-2.953223,-0.6462521,4.0,1.4884665,0.18644314,0.007995175,0.0,1.2256649,-0.83874583,-0.5445231,0.0026497473,0.31578946,0.0,0.0,0.0,0.0,0.0,0.0,1.0,1.0,1.0,1.0,0.0,1.0,1.0,0.0,4,test/100/4/0,148
34.609844,-0.43301392,1.2049874,-0.022498326,987.8505,12.745544,3.1068835,-0.20201416,47.8,0.0099983215,0.22561634,0.026804524,9.774363,0.027313247,-0.07276092,0.007374873,5.0000906,0.001385212,0.014434003,125.76219,2.0512848,2.0732615,628.8223,1.4109128,34.368343,982.7081,47.560116,0.20041658,1.655167,0.29985663,-2.9594448,-0.09450282,4.0,1.2698301,0.18661584,0.0069754138,0.0,1.2265452,-0.8255268,-0.56436294,0.0026236062,0.31578946,0.0,0.0,0.0,0.0,0.0,0.0,1.0,1.0,1.0,1.0,0.0,1.0,1.0,0.0,4,test/100/4/0,149
33.521744,-1.0881004,1.1767368,-0.013021355,982.8962,-4.9543457,3.082503,-0.17863847,47.88,0.08000183,0.22715864,0.027172977,9.834432,0.027998924,0.09835941,0.0051392796,4.998895,-0.0011954308,0.014713883,122.19715,-3.5650406,1.9083556,610.85077,1.142091,34.283684,982.7269,47.592102,-0.6475032,0.05490944,0.35987303,-3.1509411,-0.19241092,4.0,1.4098698,0.18436271,0.0059655234,0.0,1.2151119,-0.8411715,-0.5407684,0.002658327,0.31578946,0.0,0.0,0.0,0.0,0.0,0.0,1.0,1.0,1.0,1.0,0.0,1.0,1.0,0.0,4,test/100/4/0,150
33.444168,-0.07757568,1.123472,-0.051501475,980.9534,-1.942749,3.1142404,-0.20284434,48.39,0.5099983,0.28129113,0.03570677,9.820287,0.02814326,-0.07421484,0.003581526,5.0120015,0.013106346,0.015615248,124.87203,2.674881,1.9234983,625.8588,1.1948173,34.199734,982.54956,47.671894,-0.6725267,-0.51252997,0.89763385,-3.3636968,-0.32158306,4.0,1.605974,0.18306668,0.014669387,0.0,1.2035298,-0.8404832,-0.54183763,0.00243213,0.31578946,0.0,0.0,0.0,0.0,0.0,0.0,1.0,1.0,1.0,1.0,0.0,1.0,1.0,0.0,4,test/100/4/0,151
34.83445,1.3902817,1.0913723,-0.022747332,986.25183,5.298401,2.8071947,-0.047152594,47.83,-0.55999756,0.27712092,0.034150418,9.85673,0.02894596,0.050589193,0.0037794525,4.9846554,-0.027346134,0.015607322,125.13701,0.2649765,1.6653658,623.7649,0.9987567,34.263206,982.9198,47.687702,0.52341914,1.186962,0.17787321,-3.3243473,0.058850832,4.0,1.6663289,0.18130003,0.014380275,0.0,1.2181944,-0.8421539,-0.53923726,0.002241645,0.36842105,0.0,0.0,0.0,0.0,0.0,0.0,1.0,1.0,1.0,1.0,0.0,1.0,1.0,0.0,4,test/100/4/0,152
33.59645,-1.237999,1.1001378,-0.032317564,982.45325,-3.798584,2.7272568,-0.005472421,48.2,0.36999893,0.2723949,0.03341357,9.822253,0.028079929,-0.07092132,0.009913701,4.9975533,0.012897968,0.015751315,121.99941,-3.1375961,1.6159875,609.69855,0.7708053,34.19653,982.87317,47.738934,-0.54545754,-0.15396257,0.57633466,-3.5086515,-0.03805406,4.0,1.0382378,0.18030855,0.0045933803,0.0,1.2177039,-0.8407841,-0.54137063,0.0022931981,0.42105263,0.0,0.0,0.0,0.0,0.0,0.0,1.0,1.0,1.0,1.0,0.0,1.0,1.0,0.0,4,test/100/4/0,153
34.676273,1.0798225,1.0585914,-0.0033389358,985.76556,3.312317,2.7670476,0.07774644,47.97,-0.22999954,0.24354891,0.027954957,9.805629,0.027895445,0.01785388,0.0024967478,4.9930325,-0.004520893,0.015728021,123.9622,1.9627838,1.6100428,618.94727,0.7747607,34.244503,983.1624,47.76204,0.40787187,0.9407786,0.25995174,-3.4940088,0.06567911,4.0,1.5454507,0.15842745,0.0008402758,0.0,1.1918386,-0.83011705,-0.5575892,0.0022959777,0.42105263,0.0,0.0,0.0,0.0,0.0,0.0,1.0,1.0,1.0,1.0,0.0,1.0,1.0,0.0,4,test/100/4/0,154
35.12247,0.4461975,1.0785098,0.008117581,980.45294,-5.312622,2.8045557,0.053638384,48.16,0.18999863,0.25753456,0.03234593,9.814846,0.02760745,0.02584051,0.0021358265,4.9907494,-0.0022830963,0.015105859,121.04727,-2.9149246,1.6206982,604.1166,0.4269293,34.332302,982.8914,47.801834,0.7326502,-0.8694777,0.447705,-3.3937519,-0.13833147,4.0,1.1059289,0.1659125,-0.0008579223,0.0,1.2104505,-0.7811238,-0.6243762,0.0024934732,0.42105263,0.0,0.0,0.0,0.0,0.0,0.0,1.0,1.0,1.0,1.0,0.0,1.0,1.0,0.0,4,test/100/4/0,155
33.974342,-1.1481285,1.0793827,0.0026408432,985.2848,4.831848,2.8693259,0.099801846,48.4,0.24000168,0.28964612,0.040233154,9.77582,0.028415054,-0.048242837,0.0044896225,5.0071473,0.016397953,0.014433523,125.52695,4.4796753,1.6232303,628.53186,0.5130387,34.296505,983.1308,47.861652,-0.298469,0.7507041,0.6729364,-3.5064461,0.028079538,4.0,1.1967108,0.16944711,-0.0043611284,0.0,1.2149411,-0.7754977,-0.63135046,0.0028256231,0.47368422,0.0,0.0,0.0,0.0,0.0,0.0,1.0,1.0,1.0,1.0,0.0,1.0,1.0,0.0,4,test/100/4/0,156
32.694847,-1.2794952,1.0656769,0.0055298684,980.92096,-4.3638306,2.857846,0.043390904,48.24,-0.15999985,0.29179823,0.04072191,9.810737,0.028415564,0.07394289,0.0018493026,4.9928184,-0.014328957,0.014351233,125.7352,0.20825195,1.4745626,627.773,0.3879754,34.136337,982.9098,47.899487,-1.3526536,-0.6959207,0.42564294,-3.8577693,-0.0992102,4.0,1.1173245,0.17759559,-0.007794962,0.0,1.2260112,-0.7971014,-0.60384554,0.002651064,0.47368422,0.0,0.0,0.0,0.0,0.0,0.0,1.0,1.0,1.0,1.0,0.0,1.0,1.0,0.0,4,test/100/4/0,157
35.234882,2.5400352,1.0690173,0.040109634,978.9999,-1.9210815,2.9656086,-0.011031255,47.74,-0.5,0.2693675,0.03101513,9.837895,0.028857097,-0.007758559,0.0058278153,4.968578,-0.024240494,0.014640752,123.59846,-2.1367416,1.4604052,614.1085,0.23821011,34.246193,982.5188,47.883537,0.9248579,-1.1865774,-0.17942137,-3.7237053,-0.31745562,4.0,1.4980408,0.18024518,-0.0048412844,0.0,1.2216723,-0.8149942,-0.5794691,0.0020686798,0.47368422,0.0,0.0,0.0,0.0,0.0,0.0,1.0,1.0,1.0,1.0,0.0,1.0,1.0,0.0,4,test/100/4/0,158
32.408768,-2.8261147,1.0034732,-0.020129016,981.4459,2.446045,2.9555523,-0.003564086,48.15,0.40999985,0.26319727,0.02942113,9.826482,0.028738294,-0.03857154,0.0038288494,4.955586,-0.012991905,0.015989428,123.69714,0.09868622,1.419394,612.9918,0.021749718,34.06245,982.4115,47.910187,-1.6479594,-0.3267042,0.2997706,-4.0,-0.36504194,4.0,1.1162903,0.18324232,-0.005658399,0.0,1.2398975,-0.8021072,-0.59718,0.0017396127,0.42105263,0.0,0.0,0.0,0.0,0.0,0.0,1.0,1.0,1.0,1.0,0.0,1.0,1.0,0.0,4,test/100/4/0,159
32.411987,0.0032196045,1.0493997,-0.03162008,977.3797,-4.066223,3.1472554,-0.07710177,48.15,0.0,0.25311014,0.026894797,9.84179,0.029374173,0.026721243,0.004182922,5.001794,0.046207905,0.016160475,125.40426,1.7071152,1.4185598,627.2462,0.06081589,33.897404,981.9083,47.934166,-1.415492,-1.438915,0.26979354,-4.0,-0.6600616,4.0,1.3185422,0.17744072,-0.0027289588,0.0,1.2498875,-0.7619268,-0.6476632,0.0015022246,0.42105263,0.0,0.0,0.0,0.0,0.0,0.0,1.0,1.0,1.0,1.0,0.0,1.0,1.0,0.0,4,test/100/4/0,160
33.743378,1.3313904,1.0191122,-0.05254121,981.29407,3.9143677,3.1109161,-0.12419796,48.0,-0.15000153,0.252911,0.026661674,9.760031,0.031628862,-0.09706798,0.0016942408,4.9942546,-0.0075392723,0.014946976,126.518875,1.1146164,1.4708594,631.8675,0.34023616,33.882,981.8469,47.94075,-0.13602424,-0.17770934,0.074062474,-4.0,-0.7001348,4.0,1.6921657,0.19149774,0.00033783537,0.0,1.2455099,-0.79207844,-0.6104193,0.0014981569,0.42105263,0.0,0.0,0.0,0.0,0.0,0.0,1.0,1.0,1.0,1.0,0.0,1.0,1.0,0.0,4,test/100/4/0,161
35.560497,1.8171196,1.068432,-0.036582824,981.7313,0.43725586,2.9873548,-0.070616394,48.31,0.31000137,0.26507354,0.031924836,9.822171,0.028341433,0.14390098,0.008921748,5.003963,0.009708405,0.015243835,130.15973,3.640854,1.9874631,651.31445,0.8157333,34.04985,981.8353,47.977676,1.4138907,-0.034821678,0.41540778,-4.0,-0.7136051,4.0,1.323357,0.19153596,0.000231369,0.0,1.2474087,-0.70986074,-0.70434207,0.0016517076,0.42105263,0.0,0.0,0.0,0.0,0.0,0.0,1.0,1.0,1.0,1.0,0.0,1.0,1.0,0.0,4,test/100/4/0,162
34.9505,-0.6099968,1.079381,-0.030899137,982.8079,1.0765991,2.9839528,-0.041736115,48.39,0.07999802,0.26518807,0.031947386,9.834868,0.028868759,-0.049444333,0.005532129,4.9874663,-0.016496658,0.01444173,124.128075,-6.0316544,1.9652548,619.0846,0.854176,34.139915,981.9326,48.01891,0.7509715,0.29334143,0.46386477,-4.0,-0.6529624,4.0,1.4203358,0.18980138,-0.0007500204,0.0,1.2381579,-0.67061675,-0.741804,0.0027555493,0.36842105,0.0,0.0,0.0,0.0,0.0,0.0,1.0,1.0,1.0,1.0,0.0,1.0,1.0,0.0,4,test/100/4/0,163
35.60094,0.6504402,1.0257813,0.02221212,984.1276,1.3197021,2.9350152,-0.058455985,48.08,-0.30999756,0.25850096,0.028849673,9.804298,0.024547968,-0.043266453,0.0033843126,4.9951153,0.007648945,0.012659209,123.54097,-0.5871048,1.9470117,617.1014,0.64076537,34.28602,982.1521,48.025017,1.2818737,0.67308587,0.06873103,-4.0,-0.50228405,4.0,1.2461468,0.19062528,-0.0012832986,0.0,1.246217,-0.62187666,-0.7831152,0.0044238125,0.31578946,0.0,0.0,0.0,0.0,0.0,0.0,1.0,1.0,1.0,1.0,0.0,1.0,1.0,0.0,4,test/100/4/0,164
36.23039,0.62944794,1.10691,0.06662727,985.54614,1.4185181,3.0239983,-0.009162019,48.05,-0.030002594,0.24065067,0.022759423,9.823743,0.024412846,0.050013613,0.0047628563,4.9984217,0.0033063889,0.012353244,125.49022,1.9492493,1.9159352,627.25305,0.6156174,34.480457,982.4915,48.027515,1.5809172,1.01013,0.02810501,-3.6095347,-0.19921942,4.0,1.2524852,0.1908385,-0.0014249822,0.0,1.254191,-0.6619772,-0.749524,0.00528367,0.31578946,0.0,0.0,0.0,0.0,0.0,0.0,1.0,1.0,1.0,1.0,0.0,1.0,1.0,0.0,4,test/100/4/0,165
33.85411,-2.376278,1.0867852,0.046099737,982.1208,-3.425354,2.9857597,0.02033127,48.14,0.09000015,0.20908065,0.01587218,9.836048,0.024825886,-0.0071377475,0.0029726692,4.992473,-0.0059485435,0.012350298,121.17236,-4.317856,2.039192,604.94977,0.31575823,34.41782,982.45447,48.038765,-0.5186953,-0.11174711,0.12654468,-3.915308,-0.24979426,4.0,1.5635539,0.19130218,-0.0012978803,0.0,1.2350018,-0.5615753,-0.82742566,0.007252243,0.2631579,0.0,0.0,0.0,0.0,0.0,0.0,1.0,1.0,1.0,1.0,0.0,1.0,1.0,0.0,4,test/100/4/0,166
33.547836,-0.3062744,1.0663886,0.01814168,983.6773,1.5565186,2.998259,0.031577434,48.28,0.13999939,0.20508207,0.014789432,9.8434725,0.024096077,-0.0048826127,0.0056374986,5.0151796,0.022706509,0.013201785,122.142,0.969635,2.0649614,612.5641,0.06349088,34.330822,982.5767,48.062885,-0.7342411,0.36707357,0.2713895,-4.0,-0.13310483,4.0,1.3774775,0.19119374,-0.0015521302,0.0,1.2327946,-0.53716934,-0.84347445,0.00929941,0.21052632,0.0,0.0,0.0,0.0,0.0,0.0,1.0,1.0,1.0,1.0,0.0,1.0,1.0,0.0,4,test/100/4/0,167
34.854244,1.3064079,1.0601779,0.03920122,982.74207,-0.9352417,2.4948804,-0.07731461,48.19,-0.09000015,0.19328387,0.011255574,9.8416815,0.024603572,-0.00921413,0.0049969596,4.999255,-0.015924454,0.013211241,125.18066,3.0386581,2.069189,625.81,0.098222315,34.383163,982.59326,48.0756,0.44433996,0.05964453,0.14300041,-3.996922,-0.08664479,4.0,1.3465159,0.18901284,0.00020468485,0.0,1.2392023,-0.5868198,-0.80971754,0.010212037,0.21052632,0.0,0.0,0.0,0.0,0.0,0.0,1.0,1.0,1.0,1.0,0.0,1.0,1.0,0.0,4,test/100/4/0,168
33.900497,-0.9537468,1.0591973,0.04008237,982.1063,-0.6357422,2.2030284,-0.0055275825,48.32,0.13000107,0.18355544,0.009135242,9.850389,0.023187084,0.010497359,0.005698816,5.0164394,0.017184258,0.01401614,124.001,-1.179657,2.0451312,622.0435,0.23264697,34.3349,982.54456,48.100037,-0.41012245,-0.19892734,0.27495158,-4.0,-0.10268195,4.0,1.4937291,0.1902322,0.0008258519,0.0,1.2291255,-0.52107316,-0.853512,0.011922207,0.21052632,0.0,0.0,0.0,0.0,0.0,0.0,1.0,1.0,1.0,1.0,0.0,1.0,1.0,0.0,4,test/100/4/0,169
34.59265,0.69215393,1.050175,0.034737587,980.604,-1.5023193,2.2361014,-0.024790874,48.16,-0.15999985,0.17331651,0.005210429,9.803492,0.023415813,-0.055603832,0.00573739,4.9835415,-0.03289795,0.014215556,121.33034,-2.670662,2.0972385,604.6547,-0.15490745,34.360672,982.3505,48.106033,0.22089459,-0.78104943,0.06745658,-4.0,-0.24943091,4.0,1.5642552,0.19490144,0.004328998,0.0,1.2222723,-0.58319724,-0.8123306,0.012110572,0.15789473,0.0,0.0,0.0,0.0,0.0,0.0,1.0,1.0,1.0,1.0,0.0,1.0,1.0,0.0,4,test/100/4/0,170
33.28535,-1.3073006,1.0569055,0.007881818,981.3983,0.7943115,2.2244465,-0.059934963,48.02,-0.13999939,0.1671493,0.006917179,9.8181715,0.023426427,0.061577827,0.0038437047,4.979339,-0.004202366,0.013985582,126.20194,4.871605,2.137174,628.4022,0.043074757,34.25314,982.2553,48.09743,-0.915683,-0.38525304,-0.09678839,-4.0,-0.32124397,4.0,1.6857768,0.2003416,0.012432389,0.0,1.2187597,-0.615831,-0.7878783,0.011650816,0.10526316,0.0,0.0,0.0,0.0,0.0,0.0,1.0,1.0,1.0,1.0,0.0,1.0,1.0,0.0,4,test/100/4/0,171
36.479473,3.1941223,1.1580659,0.048847005,980.61127,-0.78704834,2.0643864,-0.023332639,48.09,0.069999695,0.15203924,0.0013382474,9.811641,0.022059923,-0.021212334,0.0032546185,5.011938,0.032598972,0.0144411335,123.09046,-3.1114807,2.143571,616.92175,0.04016352,34.475773,982.0909,48.096687,1.7302114,-0.71673644,-0.008359897,-3.6916468,-0.47836596,4.0,1.5687685,0.19437113,0.019697202,0.0,1.2230567,-0.6199237,-0.7846621,0.010847598,0.10526316,0.0,0.0,0.0,0.0,0.0,0.0,1.0,1.0,1.0,1.0,0.0,1.0,1.0,0.0,4,test/100/4/0,172
33.875076,-2.6043968,1.1507382,0.030585455,983.4538,2.8425293,2.0850031,0.002381656,48.59,0.5,0.17947888,0.008353286,9.784782,0.023284456,-0.0203264,0.002372227,4.990834,-0.021103859,0.014438121,120.40626,-2.684204,2.2506595,600.9277,-0.4030443,34.415703,982.2272,48.14602,-0.46980992,0.58830494,0.5549761,-3.9682202,-0.35548654,4.0,1.5602418,0.18226258,0.017069684,0.0,1.2004113,-0.55836225,-0.82959723,0.010288633,0.10526316,0.0,0.0,0.0,0.0,0.0,0.0,1.0,1.0,1.0,1.0,0.0,1.0,1.0,0.0,4,test/100/4/0,173
31.806067,-2.0690098,1.2735145,-0.0006025372,978.4432,-5.01062,2.0560222,0.0073108184,48.3,-0.29000092,0.17531665,0.007007418,9.794942,0.023667915,0.03701756,0.0022352485,4.9822836,-0.008550644,0.014658648,121.67466,1.2684021,2.3128715,606.21765,-0.6114594,34.15474,981.84875,48.16142,-1.8442461,-1.6564034,0.17322746,-4.0,-0.7202197,4.0,1.6765299,0.18959658,0.02332708,0.0,1.194856,-0.5493505,-0.83559203,0.0096416725,0.15789473,0.0,0.0,0.0,0.0,0.0,0.0,1.0,1.0,1.0,1.0,0.0,1.0,1.0,0.0,4,test/100/4/0,174
35.6535,3.847433,1.2976437,0.034534127,980.3099,1.8666992,2.0607917,-0.033965286,48.15,-0.14999771,0.17541,0.0060224663,9.791639,0.024298906,-0.013462275,0.006308555,4.9870358,0.004752159,0.014713941,125.09009,3.4154282,2.220597,623.82874,-0.783314,34.304615,981.6949,48.160275,1.0394865,-0.67207795,-0.012842717,-4.0,-0.8936634,4.0,1.2760584,0.17947997,0.016726527,0.0,1.187722,-0.4877529,-0.8729817,0.010122945,0.10526316,0.0,0.0,0.0,0.0,0.0,0.0,1.0,1.0,1.0,1.0,0.0,1.0,1.0,0.0,4,test/100/4/0,175
36.123596,0.4700966,1.3593051,0.05745957,982.07263,1.7627563,1.8977933,0.026448322,48.09,-0.060001373,0.16954614,0.007984887,9.798893,0.022884455,0.010556521,0.005958414,5.02075,0.033714294,0.01563003,124.62234,-0.46775055,2.2023375,625.6976,-0.5726088,34.486515,981.73267,48.153248,1.2043519,0.17913926,-0.07905999,-3.695454,-0.8982435,4.0,1.5384419,0.17409831,0.015051873,0.0,1.1736466,-0.49778402,-0.86730105,0.010211105,0.15789473,0.0,0.0,0.0,0.0,0.0,0.0,1.0,1.0,1.0,1.0,0.0,1.0,1.0,0.0,4,test/100/4/0,176
34.412857,-1.7107391,1.3058318,0.03251137,982.8284,0.75579834,1.9096842,0.033586774,48.35,0.25999832,0.17340301,0.011601424,9.757935,0.026238428,-0.048212413,0.0030539054,5.007632,-0.013118267,0.01591188,124.88496,0.26261902,2.179595,625.37787,-0.37419063,34.47915,981.8422,48.172924,-0.050765928,0.51641566,0.22134411,-3.8181396,-0.82120055,4.0,1.4128852,0.15863456,0.009816202,0.0,1.161739,-0.47623286,-0.8793192,0.00978413,0.15789473,0.0,0.0,0.0,0.0,0.0,0.0,1.0,1.0,1.0,1.0,0.0,1.0,1.0,0.0,0,test/100/4/0,177
34.434338,0.02148056,1.2926368,0.045392375,982.82837,-6.1035156e-05,1.8207445,0.0075231106,48.45,0.10000229,0.15149568,0.008586419,9.8358,0.026147725,0.118824564,0.002153552,5.009335,0.0017032623,0.015035226,119.14418,-5.740776,2.4339104,596.8331,-0.79570776,34.474667,981.94086,48.20063,-0.031199858,0.48744723,0.3117123,-3.787185,-0.7445254,4.0,1.4979855,0.15863366,0.011363109,0.0,1.1617413,-0.47378597,-0.88064003,0.008508926,0.21052632,0.0,0.0,0.0,0.0,0.0,0.0,1.0,1.0,1.0,1.0,0.0,1.0,1.0,0.0,0,test/100/4/0,178
34.42587,-0.008468628,1.2104892,0.014733366,983.02026,0.19189453,1.8344103,0.01706543,48.29,-0.15999985,0.15165737,0.008691716,9.773908,0.027385587,-0.13975911,0.007180145,4.9732614,-0.036073685,0.012974887,125.1029,5.9587173,2.44747,622.16943,-0.84693176,34.469788,982.04877,48.209568,-0.03628189,0.5295817,0.10054123,-3.7603755,-0.64656484,4.0,1.5034295,0.13963197,0.0069602304,0.0,1.146505,-0.54077625,-0.8411665,0.0066455607,0.21052632,0.0,0.0,0.0,0.0,0.0,0.0,1.0,1.0,1.0,1.0,0.0,1.0,1.0,0.0,0,test/100/4/0,179
34.373367,-0.05250168,1.1140006,-0.019658066,982.8902,-0.13006592,1.5119904,-0.04182129,47.97,-0.3199997,0.16062048,0.0040150634,9.819561,0.026572073,0.10754698,0.0047581852,4.997389,0.024127483,0.012937728,121.22943,-3.8734665,2.4933598,605.8306,-0.9202988,34.460144,982.13293,48.18561,-0.07789804,0.50083905,-0.26951256,-3.747092,-0.56430453,4.0,1.6998705,0.14416537,0.0079749385,0.0,1.1370367,-0.48091802,-0.87676555,0.0056418874,0.21052632,0.0,0.0,0.0,0.0,0.0,0.0,1.0,1.0,1.0,1.0,0.0,1.0,1.0,0.0,0,test/100/4/0,180
34.436787,0.06341934,1.0979351,-0.035070997,982.7951,-0.09509277,1.5008487,-0.048547134,47.94,-0.030002594,0.16503327,-0.0031879654,9.742383,0.028455371,-0.1228318,0.006714829,5.0039854,0.0065965652,0.012997061,126.84763,5.618202,2.5125332,634.7437,-0.47545037,34.45781,982.19916,48.16105,-0.019147955,0.397078,-0.27631423,-3.7218215,-0.49461755,4.0,1.2530543,0.14438036,0.007932451,0.0,1.1539841,-0.44349045,-0.8962791,0.0038709627,0.21052632,0.0,0.0,0.0,0.0,0.0,0.0,1.0,1.0,1.0,1.0,0.0,1.0,1.0,0.0,0,test/100/4/0,181
34.397198,-0.03958893,1.0771823,-0.023400843,982.8991,0.104003906,1.5000811,-0.049140368,48.41,0.47000122,0.1695021,0.0013082948,9.806754,0.028309867,0.14154905,0.00408797,4.9881244,-0.015861034,0.013078592,120.42654,-6.421097,2.1436994,600.7025,-0.21417263,34.451748,982.26917,48.185944,-0.05064224,0.41995203,0.28006858,-3.7038293,-0.4106681,4.0,1.6384121,0.14546335,0.008232097,0.0,1.1417739,-0.45503852,-0.89047176,0.003210791,0.2631579,0.0,0.0,0.0,0.0,0.0,0.0,1.0,1.0,1.0,1.0,0.0,1.0,1.0,0.0,0,test/100/4/0,182
34.419453,0.022254944,1.0738118,-0.019294966,982.89886,-0.00024414062,1.5015565,-0.034494225,48.34,-0.069999695,0.16722657,0.0059173126,9.828595,0.028051985,-0.04253077,0.006523088,4.9855905,-0.0025339127,0.01315307,120.84957,0.42303467,2.1976619,602.5065,-0.35990843,34.44852,982.3321,48.20135,-0.027068416,0.3774391,0.17331207,-3.6804733,-0.32662433,4.0,2.2131443,0.2153615,0.01779968,0.0,1.4479777,-0.441992,-0.89701897,0.0029032312,0.31578946,0.0,0.0,0.0,0.0,0.0,0.0,1.0,1.0,1.0,1.0,0.0,1.0,1.0,0.0,0,test/100/4/0,183
34.22797,-0.19148254,1.0470366,-0.0068558785,982.86273,-0.036132812,1.4519582,0.00033638172,48.19,-0.15000153,0.16463293,0.0035639398,9.851334,0.02954112,0.00089880294,0.0021265422,4.991313,0.0057225227,0.013204815,120.03698,-0.81259155,2.2947574,599.1421,-0.5600912,34.426464,982.3852,48.200214,-0.18957697,0.32890207,-0.012770859,-3.6940308,-0.24763793,4.0,1.5130434,0.20614757,0.013423276,0.0,1.4354448,-0.39495674,-0.91869974,0.0031944374,0.31578946,0.0,0.0,0.0,0.0,0.0,0.0,1.0,1.0,1.0,1.0,0.0,1.0,1.0,0.0,0,test/100/4/0,184
34.354748,0.12677765,0.96568936,0.019397588,982.8183,-0.044433594,1.2560345,0.05883197,48.45,0.26000214,0.16752318,0.004285749,9.840884,0.030147834,-0.03318903,0.0060107247,4.9803195,-0.010993481,0.013668458,120.39066,0.35368347,2.2811944,599.584,-0.56666523,34.419292,982.42847,48.225193,-0.066838,0.31034702,0.28100863,-3.6878095,-0.17719008,4.0,1.1901803,0.21076378,0.004133273,0.0,1.438351,-0.374107,-0.92738557,0.0030600277,0.31578946,0.0,0.0,0.0,0.0,0.0,0.0,1.0,1.0,1.0,1.0,0.0,1.0,1.0,0.0,0,test/100/4/0,185
34.366096,0.011348724,0.9583598,0.011113514,982.55237,-0.26593018,1.2587246,0.06354604,47.75,-0.70000076,0.19756709,-0.004172903,9.808847,0.029623905,-0.021586165,0.0022981374,4.9785013,-0.0018181801,0.014168588,117.77584,-2.6148224,2.503541,586.34717,-1.0728861,34.413975,982.44086,48.177673,-0.049956623,0.088572815,-0.5345931,-3.678172,-0.14856416,4.0,1.6387036,0.21201839,0.006256049,0.0,1.4348471,-0.31663808,-0.9485464,0.0040284423,0.31578946,0.0,0.0,0.0,0.0,0.0,0.0,1.0,1.0,1.0,1.0,0.0,1.0,1.0,0.0,0,test/100/4/0,186
34.373386,0.0072898865,0.93840945,-0.002672234,982.78906,0.23669434,1.2205778,0.095569074,48.18,0.4300003,0.19716176,-0.003691712,9.818977,0.028717794,0.0421658,0.00535486,4.986214,0.007712841,0.01350728,121.36723,3.5913925,2.5150797,605.163,-1.162109,34.409916,982.4757,48.177906,-0.038925312,0.2567348,0.0026165617,-3.6670482,-0.08180653,4.0,1.4215446,0.21062106,0.002225498,0.0,1.4328003,-0.32790744,-0.94470984,0.004805814,0.36842105,0.0,0.0,0.0,0.0,0.0,0.0,1.0,1.0,1.0,1.0,0.0,1.0,1.0,0.0,0,test/100/4/0,187
34.2616,-0.11178589,0.93419665,0.0013311415,982.7161,-0.07293701,1.2199576,0.11311889,48.31,0.13000107,0.19823916,-0.0026240442,9.797202,0.02781109,-0.03190519,0.005451128,4.99816,0.0119457245,0.013486664,120.73768,-0.62955475,2.4626358,603.4662,-1.0552973,34.395084,982.49976,48.191116,-0.14288469,0.17737092,0.1486061,-3.6786275,-0.026552947,4.0,1.6336966,0.2070663,0.00067055575,0.0,1.4196036,-0.3818017,-0.9242443,0.0047630016,0.36842105,0.0,0.0,0.0,0.0,0.0,0.0,1.0,1.0,1.0,1.0,0.0,1.0,1.0,0.0,0,test/100/4/0,188
34.404003,0.14240265,0.926883,-0.0067991256,982.75226,0.036132812,1.227038,0.121185854,48.32,0.0099983215,0.19823916,0.00045864994,9.822213,0.026236834,0.046786193,0.0027104584,4.97592,-0.022239685,0.012935598,122.40994,1.6722641,2.4306176,609.1021,-0.8938432,34.395973,982.52496,48.204006,0.0086615365,0.18521516,0.1449936,-3.6582334,0.0,4.0,1.5175691,0.20681323,-0.0006507821,0.0,1.4185189,-0.44889233,-0.89358586,0.0047258493,0.36842105,0.0,0.0,0.0,0.0,0.0,0.0,1.0,1.0,1.0,1.0,0.0,1.0,1.0,0.0,0,test/100/4/0,189
34.35734,-0.046661377,0.9263026,-0.005424389,982.6867,-0.06555176,1.1764387,0.1036242,48.74,0.42000198,0.22790973,0.0070150592,9.803581,0.026236515,-0.043642703,0.0038720611,4.996673,0.020752907,0.0128441965,116.499405,-5.9105377,2.7253244,582.10944,-1.3730979,34.392113,982.54114,48.257603,-0.037536148,0.123714775,0.60299647,-3.6465647,0.0,4.0,2.0035317,0.22925052,0.006047924,0.0,1.3988266,-0.45004946,-0.89300364,0.004314251,0.42105263,0.0,0.0,0.0,0.0,0.0,0.0,1.0,1.0,1.0,1.0,0.0,1.0,1.0,0.0,0,test/100/4/0,190
34.36651,0.0091667175,0.8891107,-0.024206439,982.8496,0.16290283,1.1644317,0.097799614,48.16,-0.58000183,0.22294137,0.0022030277,9.8228035,0.026368313,0.037854414,0.0047604456,4.997452,0.0007786751,0.012538258,120.24664,3.7472382,2.563895,600.92676,-1.1746706,34.389553,982.572,48.247845,-0.025916686,0.23840052,-0.10980523,-3.6344783,0.0,4.0,1.4522473,0.22911261,0.0061293347,0.0,1.4092269,-0.4306904,-0.90249974,0.0035324711,0.36842105,0.0,0.0,0.0,0.0,0.0,0.0,1.0,1.0,1.0,1.0,0.0,1.0,1.0,0.0,0,test/100/4/0,191
34.307175,-0.0593338,0.761425,0.004971596,982.656,-0.19360352,1.0946101,0.07459978,48.42,0.25999832,0.22244117,0.0019999912,9.809956,0.026351677,-0.032069992,0.005475382,4.982751,-0.01470089,0.011949627,118.71561,-1.5310364,2.617031,591.5303,-1.2504328,34.381313,982.5804,48.26506,-0.09736867,0.069063716,0.1936734,-3.649223,0.0,4.0,1.5866023,0.22917788,0.0066337753,0.0,1.4084272,-0.45204318,-0.8919961,0.0025696317,0.36842105,0.0,0.0,0.0,0.0,0.0,0.0,1.0,1.0,1.0,1.0,0.0,1.0,1.0,0.0,0,test/100/4/0,192
34.1898,-0.11737442,0.7542764,-0.005382588,982.8526,0.19659424,1.0748773,0.09601569,48.45,0.030002594,0.21431538,0.009624062,9.804915,0.025920141,0.0078075337,0.007286664,4.9925523,0.009801388,0.01194944,119.66614,0.950531,2.6363075,597.43945,-1.4561337,34.362164,982.6076,48.283554,-0.22851309,0.22790775,0.20805898,-3.693968,0.0,4.0,1.6835164,0.23071752,0.008361253,0.0,1.4029242,-0.37812552,-0.92575437,0.0022824153,0.31578946,0.0,0.0,0.0,0.0,0.0,0.0,1.0,1.0,1.0,1.0,0.0,1.0,1.0,0.0,0,test/100/4/0,193
34.427948,0.23814774,0.46840563,-0.045476507,982.72015,-0.13244629,0.5663689,0.037328504,47.65,-0.79999924,0.25218,0.0014511367,9.83684,0.026581459,0.036963508,0.0015556766,4.993969,0.0014166832,0.011755812,119.50653,-0.15960693,2.6666086,596.81195,-1.5820274,34.36874,982.6189,48.2202,0.12640142,0.17881265,-0.7127461,-3.7149248,0.0,4.0,1.9341367,0.24329169,0.015319773,0.0,1.3915622,-0.33990163,-0.940461,0.0021276146,0.31578946,0.0,0.0,0.0,0.0,0.0,0.0,1.0,1.0,1.0,1.0,0.0,1.0,1.0,0.0,0,test/100/4/0,194
34.372555,-0.05539322,0.38935074,-0.029555492,982.8574,0.13726807,0.18829238,0.003644946,48.42,0.76999664,0.25472334,0.0028872183,9.82727,0.026575591,-0.04149351,0.0036019855,4.978562,-0.015407085,0.012087601,116.609215,-2.897316,2.7007136,580.5462,-1.6480752,34.36912,982.64276,48.240177,0.008816027,0.61339366,0.22477478,-3.784195,0.0,4.0,1.8136772,0.23781893,0.013846831,0.0,1.368433,-0.26435342,-0.96442586,0.0027374565,0.2631579,0.0,0.0,0.0,0.0,0.0,0.0,1.0,1.0,1.0,1.0,0.0,1.0,1.0,0.0,0,test/100/4/0,195
34.406525,0.03396988,0.06746336,-0.0038003821,982.95154,0.09411621,0.105311185,-0.0046919975,48.77,0.3500023,0.2763621,0.007969933,9.813633,0.026449442,-0.0040663895,0.0047503463,4.9846087,0.006046772,0.0101965,122.9935,6.384285,2.6088293,613.07446,-1.1548393,34.372864,982.6736,48.29316,0.18701203,0.79406744,0.59604985,-3.9940712,0.0,4.0,1.8518771,0.24303617,0.016254049,0.0,1.3553,-0.30875054,-0.951143,0.0028448368,0.2631579,0.0,0.0,0.0,0.0,0.0,0.0,1.0,1.0,1.0,1.0,0.0,1.0,1.0,0.0,0,test/100/4/0,196
34.36835,-0.038173676,0.06660221,-0.0030202193,982.81335,-0.1381836,0.105239525,-0.004390998,48.07,-0.70000076,0.2794352,0.006135315,9.774977,0.024952848,-0.025019826,0.0046397466,4.9943814,0.009772778,0.009439215,119.00634,-3.9871597,2.4555385,594.36304,-0.9149752,34.37241,982.68756,48.270844,-0.022557553,0.35933146,-0.251056,-4.0,0.0,4.0,1.7954618,0.24079475,0.015401528,0.0,1.3396075,-0.33138272,-0.9434964,0.0028576902,0.21052632,0.0,0.0,0.0,0.0,0.0,0.0,1.0,1.0,1.0,1.0,0.0,1.0,1.0,0.0,0,test/100/4/0,197
34.339,-0.02935028,0.06475129,-0.0022532528,982.8709,0.057556152,0.106006175,-0.0032460608,48.38,0.31000137,0.27751535,0.010729324,9.826846,0.0246,0.090525195,0.0043611485,4.962074,-0.032307625,0.01006139,117.824005,-1.1823349,2.5076993,584.6514,-1.217916,34.369072,982.70593,48.28176,-0.16705321,0.47139984,0.12280117,-4.0,0.0,4.0,1.7034653,0.23880267,0.014003159,0.0,1.3313282,-0.37272203,-0.92794305,0.0027135268,0.21052632,0.0,0.0,0.0,0.0,0.0,0.0,1.0,1.0,1.0,1.0,0.0,1.0,1.0,0.0,0,test/100/4/0,198
34.341953,0.0029525757,0.06296245,-0.0014344581,982.6285,-0.24243164,0.101949655,-0.0025984915,48.43,0.049999237,0.27992636,0.013616556,9.807714,0.023067484,-0.07099998,0.004541125,5.015734,0.053660393,0.011321854,121.71833,3.8943253,2.2902067,610.5068,-0.7331294,34.36636,982.6982,48.296585,-0.135585,-0.1991358,0.16677019,-4.0,-0.06624971,4.0,1.9571382,0.2450462,0.016005654,0.0,1.3134048,-0.35931975,-0.9332145,0.0020485234,0.2631579,0.0,0.0,0.0,0.0,0.0,0.0,1.0,1.0,1.0,1.0,0.0,1.0,1.0,0.0,0,test/100/4/0,199
34.349243,0.0072898865,0.06282206,-0.001214307,982.58813,-0.04034424,0.108596064,-0.003991791,48.39,-0.040000916,0.27247533,0.010669195,9.773561,0.024569435,-0.015023504,0.007220302,4.9944158,-0.021318436,0.011232707,119.02241,-2.6959229,2.2931807,594.4474,-0.7182059,34.364647,982.6872,48.305927,-0.08557707,-0.28296453,0.105092146,-4.0,-0.15242828,4.0,2.0204868,0.2563716,0.021332558,0.0,1.3010273,-0.4591569,-0.8883552,0.0019364491,0.2631579,0.0,0.0,0.0,0.0,0.0,0.0,1.0,1.0,1.0,1.0,0.0,1.0,1.0,0.0,0,test/100/4/0,200
34.29138,-0.057861328,0.061140332,-0.00078311143,982.46436,-0.1237793,0.12814723,-0.008200601,48.54,0.15000153,0.26539174,0.008759411,9.828841,0.019125408,0.08943546,0.0051017953,4.9968233,0.0024075508,0.010859288,118.8853,-0.13710785,1.7097702,594.0488,-0.2353361,34.35732,982.6649,48.329334,-0.366326,-0.5729577,0.26333463,-4.0,-0.30581433,4.0,1.6805968,0.23596993,0.01426677,0.0,1.2848804,-0.4843381,-0.8748809,0.002129157,0.21052632,0.0,0.0,0.0,0.0,0.0,0.0,1.0,1.0,1.0,1.0,0.0,1.0,1.0,0.0,0,test/100/4/0,201
34.387543,0.09616089,0.060772073,0.00061537663,982.8331,0.3687744,0.12537915,-0.00500167,48.42,-0.12000275,0.26557297,0.011654115,9.840328,0.019765494,-0.043794136,0.0023547942,4.9980354,0.00121212,0.011045933,123.26243,4.3771286,1.871258,616.07,0.0858247,34.360344,982.6817,48.338398,0.15111104,0.43261513,0.10199809,-4.0,-0.24360439,4.0,2.1379578,0.2526591,0.019176386,0.0,1.2665147,-0.42682815,-0.90433276,0.0020388965,0.15789473,0.0,0.0,0.0,0.0,0.0,0.0,1.0,1.0,1.0,1.0,0.0,1.0,1.0,0.0,0,test/100/4/0,202
34.372604,-0.0149383545,0.058750704,0.0021663723,982.83813,0.005004883,0.12263884,-0.0016358799,48.1,-0.3199997,0.26974255,0.008857102,9.817731,0.019586919,-0.034084264,0.0036377066,4.983722,-0.014313221,0.011083918,116.13871,-7.1237183,2.0241516,578.80304,-0.12002527,34.36157,982.6973,48.31456,0.061308164,0.40222332,-0.26820138,-4.0,-0.17797872,4.0,2.1048927,0.24340001,0.031937167,0.0,1.2272892,-0.39118975,-0.92031,0.0019471978,0.15789473,0.0,0.0,0.0,0.0,0.0,0.0,1.0,1.0,1.0,1.0,0.0,1.0,1.0,0.0,0,test/100/4/0,203
34.288643,-0.08396149,0.054100316,-0.00043504185,982.8149,-0.023254395,0.12097051,0.00091851025,48.13,0.030002594,0.27135587,0.0044811564,9.799912,0.018158393,0.004779032,0.0059824227,4.9796576,-0.00406456,0.011257764,124.407234,8.268524,2.2754354,619.5055,0.23811086,34.354275,982.7091,48.296104,-0.36463007,0.30220395,-0.20762832,-4.0,-0.1251538,4.0,2.0790834,0.24913426,0.033437803,0.0,1.2076687,-0.3970097,-0.91781443,0.0019484758,0.21052632,0.0,0.0,0.0,0.0,0.0,0.0,1.0,1.0,1.0,1.0,0.0,1.0,1.0,0.0,0,test/100/4/0,204
34.22128,-0.06736374,0.06050226,-0.00208828,982.8062,-0.008666992,0.120671034,0.0027194603,48.81,0.6800003,0.29162657,0.01401502,9.778731,0.01857966,-0.0033622775,0.0028261729,4.96379,-0.01586771,0.012380671,117.20724,-7.199997,2.3430278,581.7921,0.03384005,34.340977,982.7188,48.347492,-0.6649858,0.24969701,0.57813483,-4.0,-0.07653794,4.0,2.1992557,0.23000595,0.030706158,0.0,1.2078699,-0.3580032,-0.93372035,0.0019662534,0.21052632,0.0,0.0,0.0,0.0,0.0,0.0,1.0,1.0,1.0,1.0,0.0,1.0,1.0,0.0,0,test/100/4/0,205
34.399693,0.17841339,0.06166844,-0.0008128604,982.84924,0.043029785,0.11322185,0.0009543971,48.54,-0.27000046,0.26363385,0.008097736,9.820021,0.018681942,0.062470153,0.0060173296,4.973283,0.009492874,0.012624375,118.10297,0.89572906,2.3306477,587.35944,-0.27314526,34.346848,982.7319,48.366745,0.29357976,0.33537534,0.21657085,-4.0,-0.0025059467,4.0,2.1184149,0.23575254,0.032384187,0.0,1.1921651,-0.3049556,-0.9523666,0.0020144782,0.15789473,0.0,0.0,0.0,0.0,0.0,0.0,1.0,1.0,1.0,1.0,0.0,1.0,1.0,0.0,0,test/100/4/0,206
34.338715,-0.060977936,0.061228596,-0.00034397095,982.69867,-0.15057373,0.11404874,0.00032913094,48.06,-0.47999954,0.26900703,0.00092482317,9.843639,0.019920627,-0.017671265,0.0024769928,4.9962153,0.02293253,0.012763269,116.73308,-1.3698883,2.3847332,583.2236,-0.34364408,34.346035,982.7285,48.33607,-0.040667895,-0.08535179,-0.3450857,-4.0,-0.014196727,4.0,2.056218,0.22019812,0.029023487,0.0,1.1720042,-0.21065676,-0.9775601,0.0027317412,0.15789473,0.0,0.0,0.0,0.0,0.0,0.0,1.0,1.0,1.0,1.0,0.0,1.0,1.0,0.0,0,test/100/4/0,207
34.385323,0.04660797,0.05925445,-0.00092215574,982.5829,-0.11578369,0.120278366,-0.0029658955,48.4,0.34000015,0.26896104,0.0008421532,9.821168,0.01968161,-0.046088908,0.00579751,5.0090284,0.012813091,0.013402263,115.357506,-1.3755722,2.5273979,577.82904,-0.48500815,34.349964,982.714,48.342464,0.19643874,-0.3745461,0.071923025,-4.0,-0.0900158,4.0,1.5177537,0.22765067,0.020365816,0.0,1.1756362,-0.19602376,-0.98059916,0.0035930574,0.21052632,0.0,0.0,0.0,0.0,0.0,0.0,1.0,1.0,1.0,1.0,0.0,1.0,1.0,0.0,0,test/100/4/0,208
34.388535,0.003211975,0.058586612,0.00060795946,982.66113,0.07824707,0.12203685,-0.0043722284,48.88,0.47999954,0.29154086,0.007639149,9.833659,0.020082202,0.034961876,0.005902399,5.003862,-0.0051665306,0.013476083,116.72457,1.3670654,2.471238,584.0736,-0.40962374,34.35382,982.7087,48.396217,0.19285475,-0.13588475,0.6047302,-4.0,-0.11780588,4.0,1.9469091,0.21412358,0.016179692,0.0,1.1622983,-0.18526904,-0.98268783,0.0042274497,0.21052632,0.0,0.0,0.0,0.0,0.0,0.0,1.0,1.0,1.0,1.0,0.0,1.0,1.0,0.0,0,test/100/4/0,209
34.434406,0.045871735,0.06172161,0.0020798878,982.6781,0.016967773,0.12227835,-0.0064341608,48.21,-0.670002,0.2822814,0.0106541915,9.823236,0.020014117,-0.022914007,0.0023376932,5.002971,-0.0008907318,0.013702831,118.84028,2.1157074,2.4079063,594.5545,-0.57307553,34.361877,982.7056,48.377594,0.40292794,-0.07866485,-0.20949504,-4.0,-0.1335443,4.0,1.9634243,0.21316315,0.019256972,0.0,1.1635314,-0.22138597,-0.9751863,0.0043907277,0.21052632,0.0,0.0,0.0,0.0,0.0,0.0,1.0,1.0,1.0,1.0,0.0,1.0,1.0,0.0,0,test/100/4/0,210
34.41243,-0.021976471,0.063172564,0.0032667175,983.08014,0.40203857,0.14055388,-0.00016759428,48.31,0.10000229,0.27879927,0.0067369104,9.816756,0.019943863,0.003942087,0.005554832,5.0047927,0.001821518,0.01398767,118.04329,-0.79698944,2.4009578,590.78217,-0.51201665,34.366936,982.7431,48.370834,0.2527528,0.96301514,-0.076042965,-4.0,0.03611269,4.0,2.222374,0.20163375,0.017389353,0.0,1.1522878,-0.24541318,-0.9694186,0.0043987944,0.21052632,0.0,0.0,0.0,0.0,0.0,0.0,1.0,1.0,1.0,1.0,0.0,1.0,1.0,0.0,0,test/100/4/0,211
34.36368,-0.048748016,0.0624013,0.0027512428,982.73114,-0.34899902,0.13865459,-0.0022902868,48.18,-0.13000107,0.28149787,0.0048421416,9.812513,0.019919384,0.0022380913,0.0051460643,4.9901886,-0.014604092,0.013873476,114.99979,-3.0435028,2.5501316,573.87067,-0.8256611,34.366608,982.7419,48.351753,-0.016262563,-0.03071246,-0.21468987,-4.0,0.0,4.0,1.8866084,0.18700093,0.011688394,0.0,1.1433951,-0.23609674,-0.9717296,0.00420307,0.2631579,0.0,0.0,0.0,0.0,0.0,0.0,1.0,1.0,1.0,1.0,0.0,1.0,1.0,0.0,0,test/100/4/0,212
34.300804,-0.062877655,0.051543638,-0.0006007374,982.78217,0.05102539,0.13729894,-0.00069290964,48.05,-0.13000107,0.28830725,0.0019248389,9.76388,0.022773264,-0.044390727,0.005227261,4.973404,-0.016784668,0.01438018,116.56627,1.5664825,2.583868,579.73114,-0.93572587,34.360027,982.7459,48.321575,-0.32902458,0.10356694,-0.3394721,-4.0,0.0,4.0,1.997811,0.17832413,0.008655127,0.0,1.1342247,-0.17055358,-0.9853484,0.004698718,0.2631579,0.0,0.0,0.0,0.0,0.0,0.0,1.0,1.0,1.0,1.0,0.0,1.0,1.0,0.0,0,test/100/4/0,213
34.395164,0.09436035,0.049834743,0.0009885917,982.8468,0.06463623,0.13811757,-0.00015749823,48.38,0.33000183,0.24141854,-0.008308213,9.855002,0.02403074,0.13975589,0.0034086914,4.983631,0.010227203,0.014413119,116.25192,-0.3143463,2.6236703,579.3567,-1.0344188,34.36354,982.756,48.32742,0.17567964,0.25941768,0.06572718,-4.0,0.0,4.0,2.1123474,0.18175933,0.0107426355,0.0,1.1290901,-0.089161254,-0.9960172,0.0059246095,0.2631579,0.0,0.0,0.0,0.0,0.0,0.0,1.0,1.0,1.0,1.0,0.0,1.0,1.0,0.0,0,test/100/4/0,214
34.44766,0.05249405,0.053493515,0.0025025045,982.66504,-0.1817627,0.13831253,-0.00024175429,48.57,0.18999863,0.2450493,-0.0047669,9.789906,0.024374165,-0.15621874,0.004541267,4.9808855,-0.0027456284,0.014333959,116.45689,0.20496368,2.629174,580.0584,-1.3536663,34.371952,982.7469,48.351677,0.4205819,-0.23391387,0.27290294,-4.0,-0.021043098,4.0,2.0055628,0.17891489,0.009134671,0.0,1.123613,-0.091711655,-0.9957856,0.0070024314,0.31578946,0.0,0.0,0.0,0.0,0.0,0.0,1.0,1.0,1.0,1.0,0.0,1.0,1.0,0.0,0,test/100/4/0,215
34.44711,-0.0005493164,0.055874225,0.0044319984,982.6011,-0.063964844,0.13499843,0.0005355491,48.53,-0.040000916,0.23119067,0.0035037564,9.800015,0.02451172,0.075205676,0.004779713,5.0073957,0.026510239,0.014792211,113.3344,-3.12249,2.6331527,567.5102,-1.3378364,34.37947,982.7323,48.36951,0.37577716,-0.37500352,0.2006116,-4.0,-0.07641667,4.0,1.9804696,0.17693011,0.0074828384,0.0,1.1199722,0.0012612727,-0.9999992,0.009103896,0.31578946,0.0,0.0,0.0,0.0,0.0,0.0,1.0,1.0,1.0,1.0,0.0,1.0,1.0,0.0,0,test/100/4/0,216
34.31675,-0.13035965,0.056782775,0.0038354401,982.6811,0.08001709,0.13456516,0.0008011208,47.92,-0.6100006,0.24290523,-0.0076316204,9.806137,0.023095038,-0.003987345,0.0024340667,4.9814596,-0.025936127,0.014899747,115.12431,1.789917,2.6901631,573.4871,-1.4635477,34.373196,982.7272,48.32456,-0.3135988,-0.13174492,-0.50570023,-4.0,-0.083158724,4.0,2.0633616,0.17297968,0.005931038,0.0,1.1124626,-0.038326815,-0.99926525,0.01040346,0.31578946,0.0,0.0,0.0,0.0,0.0,0.0,1.0,1.0,1.0,1.0,0.0,1.0,1.0,0.0,0,test/100/4/0,217
34.36797,0.05121994,0.056569763,0.0035847656,982.78314,0.10205078,0.13145941,0.0036322342,48.33,0.41000366,0.24295925,-0.0077894772,9.812674,0.022875102,0.00041367215,0.0021590733,4.9838324,0.0023727417,0.013549107,115.77485,0.6505356,2.7242022,577.00244,-1.6609889,34.372673,982.7328,48.325104,-0.026139237,0.14384586,0.0061238976,-4.0,-0.029651202,4.0,1.8547012,0.1634309,-0.0004570589,0.0,1.1082675,-0.069599465,-0.99757504,0.01093415,0.2631579,0.0,0.0,0.0,0.0,0.0,0.0,1.0,1.0,1.0,1.0,0.0,1.0,1.0,0.0,0,test/100/4/0,218
34.34014,-0.027828217,0.05660411,0.0029396028,982.7266,-0.056518555,0.12936728,0.0019600545,48.37,0.0399971,0.24243389,-0.006511298,9.7937765,0.023213135,-0.025432726,0.002630983,5.008938,0.025105476,0.013002629,113.82296,-1.951889,2.6773639,570.13214,-1.5368328,34.369423,982.7322,48.329594,-0.1626664,-0.01587215,0.050508246,-4.0,-0.0077101476,4.0,1.6923093,0.17621247,-0.005387102,0.0,1.1156346,-0.06341894,-0.997987,0.011372105,0.31578946,0.0,0.0,0.0,0.0,0.0,0.0,1.0,1.0,1.0,1.0,0.0,1.0,1.0,0.0,0,test/100/4/0,219
29.493326,0.033452988,0.05819901,0.0026551124,965.77606,-0.10205078,0.12414053,0.009056654,66.0,-1.0,0.21794495,0.012781955,9.803019,0.015477544,0.039981265,0.0042806356,5.136078,-0.00654459,0.015628606,106.316376,-1.2935715,2.1641188,546.0492,0.6931215,29.461922,965.7545,66.09,0.17447202,0.06162227,-0.1125,0.0,0.0632538,0.065,0.0,0.0,0.0,0.0,0.0,0.0,0.0,0.0,0.0,0.0,0.0,0.0,0.0,0.0,0.0,1.0,1.0,1.0,1.0,0.0,0.0,0.0,0.0,0,test/100/5/0,19
29.458042,-0.035284042,0.056361444,0.0038397566,965.721,-0.05505371,0.12330339,0.007900703,66.0,0.0,0.21794495,0.011278195,9.81448,0.015387998,-0.0031076435,0.0021388652,5.1366625,0.00058460236,0.015616077,106.29952,-0.016853333,2.1867774,546.0248,0.8414157,29.461533,965.75116,66.081,-0.019395394,-0.08610664,-0.10125,0.0,0.0,0.0,0.0,0.0,0.0,0.0,0.0,0.0,0.0,0.0,0.0,0.0,0.0,0.0,0.0,0.0,0.0,1.0,1.0,1.0,1.0,0.0,0.0,0.0,0.0,0,test/100/5/0,20
29.52813,0.07008743,0.059178844,0.0048736082,965.83655,0.11553955,0.12502487,0.008849134,66.0,0.0,0.21794495,0.009774436,9.819859,0.015445104,-0.006082762,0.0072272415,5.141811,0.005148411,0.015629504,106.570175,0.27065277,2.161846,547.9637,0.7810914,29.468193,965.7597,66.0729,0.33298132,0.21960573,-0.091125,0.0,0.0,0.0,0.0,0.0,0.0,0.0,0.0,0.0,0.0,0.0,0.0,0.0,0.0,0.0,0.0,0.0,0.0,1.0,1.0,1.0,1.0,0.0,0.0,0.0,0.0,0,test/100/5/0,21
29.515535,-0.012594223,0.057635956,0.0045123496,965.71466,-0.12188721,0.12483261,0.00784187,66.0,0.0,0.21794495,0.008270676,9.825631,0.015622564,0.00039315206,0.0032888276,5.132975,-0.008835793,0.015040015,107.61385,1.0436783,2.1616545,552.3792,0.79522145,29.472927,965.7552,66.06561,0.23671207,-0.115779094,-0.0820125,0.0,0.0,0.0,0.0,0.0,0.0,0.0,0.0,0.0,0.0,0.0,0.0,0.0,0.0,0.0,0.0,0.0,0.0,1.0,1.0,1.0,1.0,0.0,0.0,0.0,0.0,0,test/100/5/0,22
29.363544,-0.15199089,0.060308684,0.0024489067,965.9419,0.22723389,0.1303772,0.012399131,66.0,0.0,0.21794495,0.006766917,9.819129,0.015573244,-0.012273483,0.0016639871,5.1540775,0.021102428,0.014839526,107.449554,-0.16429901,2.2124295,553.80334,0.99943393,29.461988,965.77386,66.05905,-0.5469136,0.48011452,-0.07381125,-0.0517912,0.05140739,0.0,0.0,0.0,0.0,0.0,0.0,0.0,0.0,0.0,0.0,0.0,0.0,0.0,0.0,0.0,0.0,1.0,1.0,1.0,1.0,0.0,0.0,0.0,0.0,0,test/100/5/0,23
29.405779,0.04223442,0.05426996,-0.00022808017,965.5418,-0.40008545,0.13590331,0.007766012,66.0,0.0,0.21794495,0.005263158,9.83644,0.0148859415,0.023812609,0.0039195274,5.1398325,-0.014245033,0.01485353,105.9761,-1.4734573,2.1821506,544.6994,0.89185476,29.456367,965.7507,66.05315,-0.28105015,-0.5966881,-0.06643012,-0.053819437,-4.1016072e-05,0.0,0.0,0.0,0.0,0.0,0.0,0.0,0.0,0.0,0.0,0.0,0.0,0.0,0.0,0.0,0.0,1.0,1.0,1.0,1.0,0.0,0.0,0.0,0.0,0,test/100/5/0,24
29.52634,0.1205616,0.056270637,0.0007011973,965.6554,0.113586426,0.13638842,0.0074944748,66.0,0.0,0.21794495,0.0037593986,9.799361,0.015164182,-0.05439057,0.004207492,5.129819,-0.01001358,0.014896878,103.74382,-2.232277,2.0959518,532.187,0.96269417,29.463366,965.74115,66.04783,0.34986287,-0.2449399,-0.059787113,0.0,0.0,0.0,0.0,0.0,0.0,0.0,0.0,0.0,0.0,0.0,0.0,0.0,0.0,0.0,0.0,0.0,0.0,1.0,1.0,1.0,1.0,0.0,0.0,0.0,0.0,0,test/100/5/0,25
29.276142,-0.25019836,0.06769227,-0.003105601,965.713,0.057617188,0.13574593,0.0062162243,66.0,0.0,0.21794495,0.002255639,9.820843,0.014679986,0.058561824,0.0028383543,5.1755476,0.045728683,0.014586705,108.96485,5.221031,2.234159,563.95276,1.1640972,29.444643,965.73834,66.043045,-0.9361152,-0.072287425,-0.053808402,-0.14510392,0.0,0.0,0.0,0.0,0.0,0.0,0.0,0.0,0.0,0.0,0.0,0.0,0.0,0.0,0.0,0.0,0.0,1.0,1.0,1.0,1.0,0.0,0.0,0.0,0.0,0,test/100/5/0,26
29.30828,0.032138824,0.07495681,-0.005266451,965.745,0.031982422,0.12419183,0.0025729302,66.0,0.0,0.21794495,0.0007518797,9.818423,0.014158349,-0.02390192,0.005374325,5.155105,-0.020442486,0.014601125,106.50391,-2.4609451,2.2186258,549.0389,1.121943,29.431007,965.73895,66.03874,-0.6818096,0.017181832,-0.04842756,-0.24979594,0.0,0.0,0.0,0.0,0.0,0.0,0.0,0.0,0.0,0.0,0.0,0.0,0.0,0.0,0.0,0.0,0.0,1.0,1.0,1.0,1.0,0.0,0.0,0.0,0.0,0,test/100/5/0,27
29.357977,0.04969597,0.0769594,-0.007273245,965.6875,-0.057495117,0.1242258,0.000764408,66.0,0.0,0.21794495,-0.0007518797,9.783742,0.014481607,-0.03226213,0.0051086103,5.1339912,-0.021113873,0.014548006,105.71355,-0.7903595,2.2107208,542.7324,1.0642856,29.423704,965.7338,66.03487,-0.36514878,-0.13238093,-0.043584805,-0.2953764,0.0,0.0,0.0,0.0,0.0,0.0,0.0,0.0,0.0,0.0,0.0,0.0,0.0,0.0,0.0,0.0,0.0,1.0,1.0,1.0,1.0,0.0,0.0,0.0,0.0,0,test/100/5/0,28
29.431019,0.073041916,0.07362514,-0.005942689,965.78314,0.09564209,0.11537005,-0.0019288486,66.0,0.0,0.21794495,-0.002255639,9.804413,0.013686526,0.055352386,0.0008601264,5.1409526,0.0069613457,0.01452156,108.40941,2.6958618,2.0440145,557.32764,0.911389,29.424435,965.7388,66.03138,0.036575675,0.12679395,-0.039226323,-0.25708756,0.0,0.0,0.0,0.0,0.0,0.0,0.0,0.0,0.0,0.0,0.0,0.0,0.0,0.0,0.0,0.0,0.0,1.0,1.0,1.0,1.0,0.0,0.0,0.0,0.0,0,test/100/5/0,29
29.357752,-0.07326698,0.07036192,-0.005243902,965.77936,-0.0037841797,0.11309589,-0.003237066,66.0,0.0,0.21794495,-0.0037593986,9.816047,0.013289867,-0.009036075,0.0036120727,5.1379814,-0.0029711723,0.013750172,106.34664,-2.062767,1.9636208,546.40704,0.68397444,29.417767,965.7428,66.028244,-0.33341682,0.10438381,-0.035303693,-0.29917225,0.0,0.0,0.0,0.0,0.0,0.0,0.0,0.0,0.0,0.0,0.0,0.0,0.0,0.0,0.0,0.0,0.0,1.0,1.0,1.0,1.0,0.0,0.0,0.0,0.0,0,test/100/5/0,30
29.34368,-0.014072418,0.07199927,-0.005775651,965.8089,0.029541016,0.11313746,-0.0032013627,66.0,0.0,0.21794495,-0.005263158,9.847827,0.015435204,0.020144843,0.0032617722,5.1426635,0.004682064,0.0119703105,107.594864,1.2482224,1.6714003,553.3242,0.4533739,29.410358,965.74945,66.02542,-0.3704372,0.16990805,-0.03177332,-0.35425127,0.0,0.0,0.0,0.0,0.0,0.0,0.0,0.0,0.0,0.0,0.0,0.0,0.0,0.0,0.0,0.0,0.0,1.0,1.0,1.0,1.0,0.0,0.0,0.0,0.0,0,test/100/5/0,31
29.32753,-0.01614952,0.07468937,-0.007705439,965.503,-0.3059082,0.12483284,-0.008925084,66.0,0.0,0.21794495,-0.006766917,9.829371,0.015229059,-0.05023451,0.009331272,5.1162395,-0.026423931,0.012990794,107.93549,0.34062958,1.6572361,552.2238,0.41068977,29.402075,965.7248,66.02288,-0.4141411,-0.6337038,-0.028595991,-0.4243726,-0.0237749,0.0,0.0,0.0,0.0,0.0,0.0,0.0,0.0,0.0,0.0,0.0,0.0,0.0,0.0,0.0,0.0,1.0,1.0,1.0,1.0,0.0,0.0,0.0,0.0,0,test/100/5/0,32
29.29019,-0.037340164,0.078685,-0.008694516,965.6762,0.17321777,0.12533249,-0.0112759005,66.0,0.0,0.21794495,-0.008270676,9.810376,0.015229827,-0.00054045435,0.004498528,5.1655664,0.049326897,0.013727887,105.31731,-2.618187,1.6511695,544.02356,0.2467259,29.390886,965.7199,66.02059,-0.5594278,-0.12491634,-0.025736392,-0.5327806,0.0,0.0,0.0,0.0,0.0,0.0,0.0,0.0,0.0,0.0,0.0,0.0,0.0,0.0,0.0,0.0,0.0,1.0,1.0,1.0,1.0,0.0,0.0,0.0,0.0,0,test/100/5/0,33
29.396065,0.105875015,0.07630329,-0.0075835707,965.82666,0.15045166,0.121845245,-0.008058201,66.0,0.0,0.21794495,-0.009774436,9.8024435,0.014939582,0.011063297,0.0010899095,5.156465,-0.009101391,0.013234945,104.59958,-0.71772766,1.6250178,539.3641,-0.04559101,29.391405,965.7306,66.01853,0.025890047,0.274451,-0.023162752,-0.51958156,0.0,0.0,0.0,0.0,0.0,0.0,0.0,0.0,0.0,0.0,0.0,0.0,0.0,0.0,0.0,0.0,0.0,1.0,1.0,1.0,1.0,0.0,0.0,0.0,0.0,0,test/100/5/0,34
29.328476,-0.067588806,0.07809602,-0.009014188,965.81537,-0.011291504,0.11365864,-0.0040480075,66.0,0.0,0.21794495,-0.011278195,9.810895,0.014927103,0.016383482,0.005109422,5.1567183,0.00025320053,0.013388588,108.95123,4.351654,1.6003463,561.8308,-0.06490277,29.38511,965.7391,66.01668,-0.314643,0.2179706,-0.020846477,-0.57994515,0.0,0.0,0.0,0.0,0.0,0.0,0.0,0.0,0.0,0.0,0.0,0.0,0.0,0.0,0.0,0.0,0.0,1.0,1.0,1.0,1.0,0.0,0.0,0.0,0.0,0,test/100/5/0,35
29.503551,0.17507553,0.08042102,-0.006801681,965.74164,-0.07373047,0.111260936,-0.005790538,66.0,0.0,0.21794495,-0.012781955,9.761896,0.018539263,-0.05744994,0.004376205,5.163857,0.007138729,0.013987613,106.259125,-2.6921082,1.5562885,548.7069,-0.23033309,29.396955,965.7393,66.01501,0.59219897,0.0065809055,-0.018761829,-0.44277307,0.0,0.0,0.0,0.0,0.0,0.0,0.0,0.0,0.0,0.0,0.0,0.0,0.0,0.0,0.0,0.0,0.0,1.0,1.0,1.0,1.0,0.0,0.0,0.0,0.0,0,test/100/5/0,36
29.456722,-0.046829224,0.08054647,-0.005347834,965.7662,0.024536133,0.100763515,-0.002372891,67.0,1.0,0.3,0.0,9.770408,0.020551799,0.05750958,0.005602153,5.154016,-0.009840965,0.0138275605,103.6481,-2.611023,1.4830862,534.204,-0.14664137,29.402933,965.742,66.11351,0.29883295,0.06901573,1.1081144,-0.35857692,0.0,0.15652433,0.0,0.0,0.0,0.0,0.0,0.0,0.0,0.0,0.0,0.0,0.0,0.0,0.0,0.0,0.0,1.0,1.0,1.0,1.0,0.0,0.0,0.0,0.0,0,test/100/5/0,37
29.365551,-0.091171265,0.08003707,-0.005087009,965.71594,-0.050231934,0.096192926,-0.0007034187,66.0,-1.0,0.21794495,0.012781955,9.821853,0.020154895,0.04293448,0.003375103,5.1738563,0.01984024,0.015102543,110.169914,6.5218124,1.6648233,570.0033,0.23841621,29.399195,965.73944,66.10216,-0.18690667,-0.067053676,-0.12769708,-0.3755661,0.0,0.05811816,0.0,0.0,0.0,0.0,0.0,0.0,0.0,0.0,0.0,0.0,0.0,0.0,0.0,0.0,0.0,1.0,1.0,1.0,1.0,0.0,0.0,0.0,0.0,0,test/100/5/0,38
29.445553,0.08000183,0.07795207,-0.003013258,965.68713,-0.028808594,0.09636114,-0.00081296073,66.0,0.0,0.21794495,0.011278195,9.843442,0.02126712,-0.029855836,0.0021577748,5.128197,-0.045659065,0.015485808,105.521225,-4.6486893,1.6833589,541.13367,0.07005583,29.40383,965.7342,66.09194,0.23179315,-0.13442755,-0.114927374,-0.30152458,0.0,0.0,0.0,0.0,0.0,0.0,0.0,0.0,0.0,0.0,0.0,0.0,0.0,0.0,0.0,0.0,0.0,1.0,1.0,1.0,1.0,0.0,0.0,0.0,0.0,0,test/100/5/0,39
29.413319,-0.032234192,0.07686864,-0.0018852721,965.9168,0.2296753,0.10426596,0.0016230304,66.0,0.0,0.21794495,0.009774436,9.860078,0.023632834,-0.0049538305,0.004773485,5.1601443,0.031947136,0.015561413,103.47862,-2.0426025,1.8217684,533.96466,-0.19371265,29.40478,965.75244,66.08275,0.04744288,0.4696088,-0.10343464,-0.26297966,0.031336695,0.0,0.0,0.0,0.0,0.0,0.0,0.0,0.0,0.0,0.0,0.0,0.0,0.0,0.0,0.0,0.0,1.0,1.0,1.0,1.0,0.0,0.0,0.0,0.0,0,test/100/5/0,40
29.5372,0.12388229,0.077663355,0.002186358,965.7526,-0.16418457,0.10207465,0.003243399,66.0,0.0,0.21794495,0.008270676,9.817341,0.023613976,-0.05937244,0.006250014,5.13857,-0.021574497,0.015641596,104.778275,1.2996521,1.8616278,538.4105,-0.34521902,29.41802,965.75244,66.07447,0.66211003,0.00045904054,-0.093091175,-0.08575864,0.0,0.0,0.0,0.0,0.0,0.0,0.0,0.0,0.0,0.0,0.0,0.0,0.0,0.0,0.0,0.0,0.0,1.0,1.0,1.0,1.0,0.0,0.0,0.0,0.0,0,test/100/5/0,41
29.364237,-0.1729641,0.07302897,0.003574575,965.7055,-0.04711914,0.102201484,0.0023923027,66.0,0.0,0.21794495,0.006766917,9.802524,0.023630755,0.027919354,0.007349955,5.144155,0.0055851936,0.01529674,107.44692,2.6686478,1.8567533,552.72363,-0.20816788,29.412643,965.74774,66.067024,-0.26892143,-0.12075037,-0.083782054,-0.10246438,0.0,0.0,0.0,0.0,0.0,0.0,0.0,0.0,0.0,0.0,0.0,0.0,0.0,0.0,0.0,0.0,0.0,1.0,1.0,1.0,1.0,0.0,0.0,0.0,0.0,0,test/100/5/0,42
29.414133,0.04989624,0.07294678,0.003503256,965.7671,0.061584473,0.09129671,0.0060226554,66.0,0.0,0.21794495,0.005263158,9.823061,0.023690196,0.035354495,0.0040940396,5.161174,0.017018795,0.015505479,106.7727,-0.67422485,1.8441775,551.07245,-0.072736695,29.412792,965.7497,66.060326,0.007451917,0.04968474,-0.07540385,-0.061595723,0.0,0.0,0.0,0.0,0.0,0.0,0.0,0.0,0.0,0.0,0.0,0.0,0.0,0.0,0.0,0.0,0.0,1.0,1.0,1.0,1.0,0.0,0.0,0.0,0.0,0,test/100/5/0,43
29.346863,-0.06727028,0.07353726,0.003061719,965.6991,-0.067993164,0.080990344,0.0026274028,66.0,0.0,0.21794495,0.0037593986,9.835872,0.023663634,-0.007726058,0.002726729,5.1606374,-0.0005364418,0.015570568,108.74383,1.9711304,1.9093742,561.1875,0.06755536,29.406199,965.7446,66.05429,-0.32964468,-0.1301233,-0.067863464,-0.0944892,0.0,0.0,0.0,0.0,0.0,0.0,0.0,0.0,0.0,0.0,0.0,0.0,0.0,0.0,0.0,0.0,0.0,1.0,1.0,1.0,1.0,0.0,0.0,0.0,0.0,0,test/100/5/0,44
29.544716,0.19785309,0.075333685,0.007438855,965.6214,-0.077697754,0.08302231,-0.00032087055,66.0,0.0,0.21794495,0.002255639,9.822721,0.023487559,-0.025962228,0.0041835844,5.1640654,0.0034279823,0.0151585685,108.80406,0.06023407,1.8559495,561.8713,-0.0047425237,29.42005,965.7323,66.04886,0.69258523,-0.3169052,-0.061077118,0.0094011575,0.0,0.0,0.0,0.0,0.0,0.0,0.0,0.0,0.0,0.0,0.0,0.0,0.0,0.0,0.0,0.0,0.0,1.0,1.0,1.0,1.0,0.0,0.0,0.0,0.0,0,test/100/5/0,45
29.383179,-0.16153717,0.0706815,0.0055301837,965.8708,0.24938965,0.087858506,0.0012544331,66.0,0.0,0.21794495,0.0007518797,9.819406,0.023472311,0.009836102,0.0030689195,5.1619024,-0.0021629333,0.0143459495,107.47557,-1.3284912,1.7964392,554.7784,0.27855894,29.416363,965.74615,66.043976,-0.18435913,0.356073,-0.054969408,0.0,0.0026491785,0.0,0.0,0.0,0.0,0.0,0.0,0.0,0.0,0.0,0.0,0.0,0.0,0.0,0.0,0.0,0.0,1.0,1.0,1.0,1.0,0.0,0.0,0.0,0.0,0,test/100/5/0,46
29.505634,0.1224556,0.07154516,0.0057173762,965.7968,-0.07397461,0.0886261,0.0020406852,66.0,0.0,0.21794495,-0.0007518797,9.794796,0.023866948,-0.021295097,0.009201917,5.12101,-0.0408926,0.015696816,104.17102,-3.3045502,1.880675,533.4608,0.03563751,29.425291,965.7512,66.03958,0.44635478,0.13024527,-0.049472466,0.0,0.0,0.0,0.0,0.0,0.0,0.0,0.0,0.0,0.0,0.0,0.0,0.0,0.0,0.0,0.0,0.0,0.0,1.0,1.0,1.0,1.0,0.0,0.0,0.0,0.0,0,test/100/5/0,47
29.402317,-0.10331726,0.07071518,0.0049165096,965.7467,-0.050109863,0.087603636,0.0011253414,66.0,0.0,0.21794495,-0.002255639,9.815866,0.022840466,0.045680873,0.0037377214,5.1479115,0.026901722,0.015315063,105.94931,1.7782898,1.875771,545.41766,-0.11262179,29.422993,965.7508,66.03562,-0.11486702,-0.01163319,-0.04452522,0.0,0.0,0.0,0.0,0.0,0.0,0.0,0.0,0.0,0.0,0.0,0.0,0.0,0.0,0.0,0.0,0.0,0.0,1.0,1.0,1.0,1.0,0.0,0.0,0.0,0.0,0,test/100/5/0,48
29.34371,-0.0586071,0.071838275,0.004365015,965.91583,0.16912842,0.09467587,0.0040472276,67.0,1.0,0.3,0.010526316,9.776536,0.02428162,-0.060401328,0.006806323,5.179208,0.031296253,0.016437877,105.48694,-0.46237183,1.8441436,546.3388,-0.021309117,29.415064,965.7673,66.13206,-0.39641583,0.42443177,1.0849273,-0.034192376,0.025186688,0.15326892,0.0,0.0,0.0,0.0,0.0,0.0,0.0,0.0,0.0,0.0,0.0,0.0,0.0,0.0,0.0,1.0,1.0,1.0,1.0,0.0,0.0,0.0,0.0,0,test/100/5/0,49
29.288591,-0.05511856,0.07552791,0.0020005563,965.78436,-0.13146973,0.09474479,0.00483169,66.0,-1.0,0.3,0.007518797,9.787197,0.024972454,0.04999238,0.0047445777,5.149738,-0.029469967,0.016143758,107.412605,1.9256668,1.8551061,553.1468,0.011354604,29.402418,965.769,66.11885,-0.6323671,0.043923587,-0.14856543,-0.12714376,0.0,0.051672466,0.0,0.0,0.0,0.0,0.0,0.0,0.0,0.0,0.0,0.0,0.0,0.0,0.0,0.0,0.0,1.0,1.0,1.0,1.0,0.0,0.0,0.0,0.0,0,test/100/5/0,50
29.407589,0.118997574,0.07441871,0.001217868,965.72565,-0.05871582,0.094151914,0.0052362657,66.0,0.0,0.3,0.004511278,9.833538,0.024147965,0.035679013,0.0044735316,5.1782136,0.028475761,0.016922683,106.13055,-1.2820587,1.840307,549.56665,0.09195708,29.402935,965.76465,66.106964,0.025857529,-0.11145231,-0.13370888,-0.084216565,0.0,0.0,0.0,0.0,0.0,0.0,0.0,0.0,0.0,0.0,0.0,0.0,0.0,0.0,0.0,0.0,0.0,1.0,1.0,1.0,1.0,0.0,0.0,0.0,0.0,0,test/100/5/0,51
29.34959,-0.057998657,0.07344525,-0.0007444697,965.7466,0.020935059,0.07499182,0.0012349753,67.0,1.0,0.35707143,0.015789473,9.782538,0.024614273,-0.09734049,0.0071527576,5.1496153,-0.028598309,0.01459406,103.21043,-2.9201202,1.935603,531.494,-0.0973452,29.3976,965.7629,66.19627,-0.26672152,-0.046474073,1.004662,-0.10479088,0.0,0.14886276,0.0,0.0,0.0,0.0,0.0,0.0,0.0,0.0,0.0,0.0,0.0,0.0,0.0,0.0,0.0,1.0,1.0,1.0,1.0,0.0,0.0,0.0,0.0,0,test/100/5/0,52
29.444216,0.09462547,0.069011495,-0.00197777,965.7883,0.041748047,0.072370455,0.00019880022,66.0,-1.0,0.35707143,0.011278195,9.816392,0.024658153,0.0848528,0.0071868575,5.156907,0.007291794,0.0144238975,103.625114,0.4146881,2.0086596,534.38513,-0.34365097,29.402262,965.7654,66.17664,0.233078,0.06552546,-0.2208042,-0.018014297,0.0,0.042948272,0.0,0.0,0.0,0.0,0.0,0.0,0.0,0.0,0.0,0.0,0.0,0.0,0.0,0.0,0.0,1.0,1.0,1.0,1.0,0.0,0.0,0.0,0.0,0,test/100/5/0,53
29.509632,0.065416336,0.07206635,-0.0008364584,965.80774,0.01940918,0.0717383,0.0016468478,67.0,1.0,0.4,0.021052632,9.815329,0.024622168,-0.03491654,0.0060724937,5.1589026,0.0019955635,0.01444336,100.35382,-3.2712936,2.3540382,517.7156,-0.8871702,29.412998,965.76965,66.25898,0.5368519,0.10888223,0.9262762,0.0,0.0,0.18735206,0.0,0.0,0.0,0.0,0.0,0.0,0.0,0.0,0.0,0.0,0.0,0.0,0.0,0.0,0.0,1.0,1.0,1.0,1.0,0.0,0.0,0.0,0.0,0,test/100/5/0,54
29.386003,-0.12362862,0.06955033,-0.0026992396,965.7386,-0.06915283,0.07118399,0.0019571634,66.0,-1.0,0.4,0.015037594,9.787466,0.025131589,-0.026798537,0.00584128,5.1541195,-0.0047831535,0.014442965,105.11576,4.76194,2.2533166,541.7792,-0.69963163,29.4103,965.76654,66.23308,-0.13497639,-0.07982756,-0.2913514,0.0,0.0,0.07706779,0.0,0.0,0.0,0.0,0.0,0.0,0.0,0.0,0.0,0.0,0.0,0.0,0.0,0.0,0.0,1.0,1.0,1.0,1.0,0.0,0.0,0.0,0.0,0,test/100/5/0,55
29.486843,0.100839615,0.06864354,-0.000443612,965.7713,0.032714844,0.07099597,0.0016861307,66.0,0.0,0.4,0.009022556,9.818605,0.022691213,0.05900157,0.0064613014,5.146313,-0.007806301,0.014429981,103.504944,-1.610817,2.3003006,532.6689,-0.81930673,29.417953,965.767,66.20977,0.38271934,0.012279078,-0.26221627,0.0,0.0,0.0,0.0,0.0,0.0,0.0,0.0,0.0,0.0,0.0,0.0,0.0,0.0,0.0,0.0,0.0,0.0,1.0,1.0,1.0,1.0,0.0,0.0,0.0,0.0,0,test/100/5/0,56
29.418926,-0.06791687,0.06811875,0.00012749119,965.88293,0.1116333,0.07541501,0.0033526658,66.0,0.0,0.35707143,0.018796992,9.790166,0.021231173,-0.05957928,0.0018979709,5.140269,-0.006044388,0.014757172,98.84694,-4.6580048,2.705299,508.09985,-1.4948443,29.41805,965.7786,66.1888,0.0048630447,0.29810822,-0.23599464,0.0,0.0004724298,0.0,0.0,0.0,0.0,0.0,0.0,0.0,0.0,0.0,0.0,0.0,0.0,0.0,0.0,0.0,0.0,1.0,1.0,1.0,1.0,0.0,0.0,0.0,0.0,0,test/100/5/0,57
29.518076,0.099149704,0.07033417,0.0007323086,965.8722,-0.0107421875,0.0772673,0.003897026,66.0,0.0,0.35707143,0.014285714,9.77108,0.023010056,0.00935399,0.0036717262,5.154523,0.014254093,0.014023111,105.39054,6.543602,2.4698188,543.238,-1.063902,29.428053,965.78796,66.169914,0.5001253,0.24067464,-0.21239518,0.0,0.0,0.0,0.0,0.0,0.0,0.0,0.0,0.0,0.0,0.0,0.0,0.0,0.0,0.0,0.0,0.0,0.0,1.0,1.0,1.0,1.0,0.0,0.0,0.0,0.0,0,test/100/5/0,58
29.29058,-0.2274952,0.07600765,-0.0008789794,965.7685,-0.10369873,0.074364826,0.0022701407,66.0,0.0,0.35707143,0.009774436,9.789455,0.022161402,0.03746097,0.004980244,5.1550493,0.0005264282,0.0128409555,101.720924,-3.6696167,2.574898,524.3764,-1.3179984,29.414307,965.786,66.15292,-0.6873632,-0.050046705,-0.19115566,-0.08568468,0.0,0.0,0.0,0.0,0.0,0.0,0.0,0.0,0.0,0.0,0.0,0.0,0.0,0.0,0.0,0.0,0.0,1.0,1.0,1.0,1.0,0.0,0.0,0.0,0.0,0,test/100/5/0,59
29.440672,0.15009117,0.07616123,-0.00062202796,965.8207,0.05218506,0.068496846,0.004892863,66.0,0.0,0.35707143,0.005263158,9.802021,0.018678162,-0.005809613,0.0062436583,5.1710305,0.015981197,0.013306992,99.18229,-2.5386353,2.85071,512.87463,-1.8244017,29.416943,965.7895,66.137634,0.13182895,0.08914812,-0.17204009,-0.0010877006,0.0,0.0,0.0,0.0,0.0,0.0,0.0,0.0,0.0,0.0,0.0,0.0,0.0,0.0,0.0,0.0,0.0,1.0,1.0,1.0,1.0,0.0,0.0,0.0,0.0,0,test/100/5/0,60
29.451344,0.010671616,0.07167286,0.0017022785,965.76117,-0.059509277,0.06835666,0.004217621,66.0,0.0,0.35707143,0.0007518797,9.824588,0.018980026,0.010000637,0.0014076175,5.1441803,-0.026850224,0.013020779,102.97224,3.7899475,2.8754914,529.70776,-1.9884197,29.420383,965.7866,66.12387,0.17200413,-0.07279055,-0.15483607,0.0,0.0,0.0,0.0,0.0,0.0,0.0,0.0,0.0,0.0,0.0,0.0,0.0,0.0,0.0,0.0,0.0,0.0,1.0,1.0,1.0,1.0,0.0,0.0,0.0,0.0,0,test/100/5/0,61
29.432152,-0.019191742,0.070798315,0.0011505141,965.7742,0.013000488,0.06624257,0.0029712648,66.0,0.0,0.35707143,-0.0037593986,9.76178,0.021237882,-0.085373506,0.0030175445,5.1703534,0.026173115,0.013186031,102.85059,-0.12164307,2.8232396,531.7739,-1.8838376,29.42156,965.7854,66.11148,0.058845006,-0.032081667,-0.13935247,0.0,0.0,0.0,0.0,0.0,0.0,0.0,0.0,0.0,0.0,0.0,0.0,0.0,0.0,0.0,0.0,0.0,0.0,1.0,1.0,1.0,1.0,0.0,0.0,0.0,0.0,0,test/100/5/0,62
29.357187,-0.07496452,0.07204036,0.00021353556,965.715,-0.059143066,0.067820646,0.001749139,66.0,0.0,0.35707143,-0.008270676,9.815008,0.020935906,0.116035245,0.003128755,5.1841216,0.013768196,0.01449724,102.15513,-0.6954651,2.8073838,529.5846,-1.8050997,29.415123,965.7784,66.100334,-0.3218621,-0.18095568,-0.12541722,-0.007889069,0.0,0.0,0.0,0.0,0.0,0.0,0.0,0.0,0.0,0.0,0.0,0.0,0.0,0.0,0.0,0.0,0.0,1.0,1.0,1.0,1.0,0.0,0.0,0.0,0.0,0,test/100/5/0,63
29.314976,-0.042211533,0.07386898,-0.0023029945,965.7451,0.030090332,0.06577319,-3.8410846e-05,66.0,0.0,0.35707143,-0.012781955,9.784345,0.019878138,-0.08389171,0.0061258357,4.0552654,-1.1288562,0.24060434,159.03946,56.88433,12.293045,644.9472,0.11369936,29.405107,965.775,66.0903,-0.50073355,-0.08548497,-0.1128755,-0.060722057,0.0,0.0,0.0,0.0,0.0,0.0,0.0,0.0,0.0,0.0,0.0,0.0,0.0,0.0,0.0,0.0,0.0,1.0,1.0,1.0,1.0,0.0,0.0,0.0,0.0,5,test/100/5/0,64
29.207535,-0.10744095,0.08026585,-0.0031824484,965.9152,0.17010498,0.06072625,-0.00069190003,67.0,1.0,0.4,-0.0030075188,9.823754,0.019937258,0.07007374,0.0073514655,4.051232,-0.0040335655,0.33139485,167.99922,8.959763,18.171276,680.6038,2.4267206,29.385351,965.78906,66.18127,-0.987865,0.36047634,1.023412,-0.23007722,0.013327089,0.14342627,0.0,0.0,0.0,0.0,0.0,0.0,0.0,0.0,0.0,0.0,0.0,0.0,0.0,0.0,0.0,1.0,1.0,1.0,1.0,0.0,0.0,0.0,0.0,5,test/100/5/0,65
29.47967,0.27213478,0.08217112,-0.0022178106,965.7321,-0.18310547,0.059859764,-0.0004652898,66.0,-1.0,0.4,-0.009022556,9.830326,0.02058666,-0.03283897,0.005848961,4.027167,-0.024065018,0.39735228,145.39696,-22.602264,19.75685,585.53784,3.0911183,29.394783,965.7834,66.16315,0.47159544,-0.14641392,-0.20392916,-0.0918733,0.0,0.03218401,0.0,0.0,0.0,0.0,0.0,0.0,0.0,0.0,0.0,0.0,0.0,0.0,0.0,0.0,0.0,1.0,1.0,1.0,1.0,0.0,0.0,0.0,0.0,5,test/100/5/0,66
29.433569,-0.046100616,0.07905835,-0.00012334235,965.79486,0.06274414,0.059850898,-0.00030182573,66.0,0.0,0.4,-0.015037594,9.803376,0.020541428,-0.033520896,0.006808483,4.0610323,0.03386545,0.4442353,162.91045,17.513489,22.605799,661.5846,4.45905,29.39866,965.7845,66.14683,0.19393282,0.02956954,-0.18353625,-0.0058563654,0.0,0.0,0.0,0.0,0.0,0.0,0.0,0.0,0.0,0.0,0.0,0.0,0.0,0.0,0.0,0.0,0.0,1.0,1.0,1.0,1.0,0.0,0.0,0.0,0.0,5,test/100/5/0,67
29.485699,0.052129745,0.081333496,0.0011928802,965.7206,-0.074279785,0.061062016,-0.0019877728,66.0,0.0,0.4,-0.021052632,9.818068,0.020624,0.041641314,0.0014170948,3.9991062,-0.061926126,0.48556754,178.12134,15.210892,26.400705,712.3262,6.5479865,29.407364,965.77814,66.13215,0.43518826,-0.16439258,-0.16518262,0.0,0.0,0.0,0.0,0.0,0.0,0.0,0.0,0.0,0.0,0.0,0.0,0.0,0.0,0.0,0.0,0.0,0.0,1.0,1.0,1.0,1.0,0.0,0.0,0.0,0.0,5,test/100/5/0,68
29.288681,-0.19701767,0.084151916,-0.0013561966,965.99023,0.26965332,0.07024826,0.002888202,66.0,0.0,0.35707143,-0.011278195,9.772585,0.020880261,-0.06017416,0.006222691,4.058257,0.059150934,0.5117077,176.00916,-2.1121826,29.060028,714.2904,8.428537,29.395496,965.7993,66.118935,-0.5934189,0.5454409,-0.14866436,-0.07597036,0.053752016,0.0,0.0,0.0,0.0,0.0,0.0,0.0,0.0,0.0,0.0,0.0,0.0,0.0,0.0,0.0,0.0,1.0,1.0,1.0,1.0,0.0,0.0,0.0,0.0,5,test/100/5/0,69
29.332563,0.04388237,0.08176407,-0.0040659253,965.68036,-0.3098755,0.074404486,0.0011496637,66.0,0.0,0.35707143,-0.015789473,9.8149605,0.020813951,0.087858796,0.004740018,4.058101,-0.00015592575,0.5317995,168.9101,-7.09906,30.60873,685.4542,9.752079,29.389204,965.7874,66.10704,-0.31466517,-0.30592585,-0.13379791,-0.09986312,0.0,0.0,0.0,0.0,0.0,0.0,0.0,0.0,0.0,0.0,0.0,0.0,0.0,0.0,0.0,0.0,0.0,1.0,1.0,1.0,1.0,0.0,0.0,0.0,0.0,5,test/100/5/0,70
29.376715,0.044151306,0.08193102,-0.004332135,966.112,0.43164062,0.10116308,0.004806725,66.0,0.0,0.35707143,-0.020300752,9.788108,0.01978562,-0.06922879,0.008349648,4.083968,0.025866985,0.5430228,179.84244,10.932343,32.531647,734.4708,11.5203705,29.387955,965.8199,66.09634,-0.06244212,0.8345998,-0.120418124,-0.072421014,0.12118095,0.0,0.0,0.0,0.0,0.0,0.0,0.0,0.0,0.0,0.0,0.0,0.0,0.0,0.0,0.0,0.0,1.0,1.0,1.0,1.0,0.0,0.0,0.0,0.0,5,test/100/5/0,71
29.345701,-0.031013489,0.0820555,-0.0059107356,965.7965,-0.31549072,0.100256175,0.0037063484,66.0,0.0,0.3,-0.009022556,9.838418,0.020962734,0.077162504,0.0027660145,4.0639195,-0.020048618,0.55096865,150.15388,-29.688553,32.325413,610.2133,10.950146,29.383728,965.81757,66.0867,-0.21126536,-0.06012206,-0.10837632,-0.07818719,0.057857867,0.0,0.0,0.0,0.0,0.0,0.0,0.0,0.0,0.0,0.0,0.0,0.0,0.0,0.0,0.0,0.0,1.0,1.0,1.0,1.0,0.0,0.0,0.0,0.0,5,test/100/5/0,72
29.35719,0.011487961,0.0819047,-0.005825288,965.921,0.12451172,0.10299657,0.004968812,66.0,0.0,0.3,-0.012030075,9.790656,0.020908918,-0.09807211,0.005893089,4.089937,0.026017666,0.55189687,176.58412,26.430237,33.169308,722.21796,11.907262,29.381075,965.8279,66.07803,-0.13269901,0.26606312,-0.09753868,-0.069273636,0.065150805,0.0,0.0,0.0,0.0,0.0,0.0,0.0,0.0,0.0,0.0,0.0,0.0,0.0,0.0,0.0,0.0,1.0,1.0,1.0,1.0,0.0,0.0,0.0,0.0,5,test/100/5/0,73
29.414566,0.05737686,0.07781015,-0.0037564142,965.7462,-0.17480469,0.10411055,0.003840993,66.0,0.0,0.21794495,0.0007518797,9.753857,0.023125103,0.010963602,0.0030350178,4.0802016,-0.009735584,0.5479564,159.07408,-17.51004,32.624256,649.0543,11.273524,29.384424,965.8197,66.07023,0.1674552,-0.21004094,-0.08778481,0.0,0.0,0.0,0.0,0.0,0.0,0.0,0.0,0.0,0.0,0.0,0.0,0.0,0.0,0.0,0.0,0.0,0.0,1.0,1.0,1.0,1.0,0.0,0.0,0.0,0.0,5,test/100/5/0,74
29.51297,0.09840393,0.082204394,-0.002090844,965.7825,0.036254883,0.10297665,0.00223173,65.0,-1.0,0.31622776,-0.015037594,9.808092,0.02305062,0.09103417,0.0013470466,4.0963106,0.01610899,0.538291,170.24162,11.1675415,32.50041,697.3626,11.512355,29.397278,965.816,65.9632,0.64272934,-0.09581001,-1.2040063,0.003939302,0.0,-0.17771068,0.0,0.0,0.0,0.0,0.0,0.0,0.0,0.0,0.0,0.0,0.0,0.0,0.0,0.0,0.0,1.0,1.0,1.0,1.0,0.0,0.0,0.0,0.0,5,test/100/5/0,75
29.33381,-0.17915916,0.08061864,-0.0015834135,965.8321,0.049621582,0.10253423,0.0017819053,66.0,1.0,0.31622776,-0.015037594,9.821059,0.023155814,-0.041268487,0.007925263,4.111574,0.015263557,0.5231522,153.0189,-17.222717,31.453575,629.1486,10.398893,29.390932,965.8176,65.96688,-0.31733942,0.041369345,0.0413943,-0.017005222,0.0,-0.10006715,0.0,0.0,0.0,0.0,0.0,0.0,0.0,0.0,0.0,0.0,0.0,0.0,0.0,0.0,0.0,1.0,1.0,1.0,1.0,0.0,0.0,0.0,0.0,5,test/100/5/0,76
29.457151,0.12334061,0.08173592,-0.0001562219,965.8094,-0.022705078,0.10145887,0.0026789384,67.0,1.0,0.38405728,-0.0007518797,9.797781,0.023051957,-0.036245424,0.0032335853,4.0584736,-0.053100586,0.5043445,188.22145,35.202545,31.208082,763.89185,10.67732,29.397554,965.8168,66.0702,0.33109754,-0.021152075,1.1622548,0.0,0.0,0.14789066,0.0,0.0,0.0,0.0,0.0,0.0,0.0,0.0,0.0,0.0,0.0,0.0,0.0,0.0,0.0,1.0,1.0,1.0,1.0,0.0,0.0,0.0,0.0,5,test/100/5/0,77
29.373714,-0.083436966,0.07644596,0.0015870532,965.5714,-0.23797607,0.11338339,0.00011729764,66.0,-1.0,0.38405728,-0.002255639,9.842243,0.023723893,0.06774035,0.0055000065,4.0202246,-0.038249016,0.4787247,161.31528,-26.906174,29.783646,648.5236,9.477793,29.39517,965.79224,66.06318,-0.11919703,-0.63097537,-0.07897062,0.0,-0.01615887,0.041023504,0.0,0.0,0.0,0.0,0.0,0.0,0.0,0.0,0.0,0.0,0.0,0.0,0.0,0.0,0.0,1.0,1.0,1.0,1.0,0.0,0.0,0.0,0.0,5,test/100/5/0,78
29.479221,0.1055069,0.075933784,0.0014626252,965.54315,-0.028259277,0.12635474,-0.004033093,66.0,0.0,0.38405728,-0.0037593986,9.806475,0.02349015,-0.0802306,0.0043425807,4.102696,0.08247137,0.44236952,169.4403,8.1250305,27.857082,695.16205,8.488389,29.403576,965.76733,66.05686,0.42025715,-0.64054453,-0.071073554,0.0,-0.04634272,0.0,0.0,0.0,0.0,0.0,0.0,0.0,0.0,0.0,0.0,0.0,0.0,0.0,0.0,0.0,0.0,1.0,1.0,1.0,1.0,0.0,0.0,0.0,0.0,5,test/100/5/0,79
29.377457,-0.10176468,0.07522743,0.0019706066,965.735,0.1918335,0.12663302,-0.0042801704,66.0,0.0,0.38405728,-0.005263158,9.824684,0.023868725,0.05397843,0.0037599234,4.104349,0.0016531944,0.3938997,172.97154,3.5312347,25.150991,709.93555,7.271609,29.400963,965.7641,66.05117,-0.13059196,-0.083203934,-0.0639662,0.0,0.0,0.0,0.0,0.0,0.0,0.0,0.0,0.0,0.0,0.0,0.0,0.0,0.0,0.0,0.0,0.0,0.0,1.0,1.0,1.0,1.0,0.0,0.0,0.0,0.0,5,test/100/5/0,80
29.438011,0.060554504,0.074743666,0.003607212,965.9742,0.23919678,0.13306731,-0.0019209095,66.0,0.0,0.38405728,-0.006766917,9.797995,0.023535063,-0.044899095,0.00419151,4.0905676,-0.013781548,0.33417866,157.67592,-15.295624,21.84461,644.984,5.096403,29.404669,965.7851,66.04606,0.18523976,0.54019386,-0.05756958,0.0,0.03868606,0.0,0.0,0.0,0.0,0.0,0.0,0.0,0.0,0.0,0.0,0.0,0.0,0.0,0.0,0.0,0.0,1.0,1.0,1.0,1.0,0.0,0.0,0.0,0.0,5,test/100/5/0,81
29.445477,0.0074653625,0.07517521,0.005067487,965.89923,-0.07495117,0.13488838,-0.0007474283,66.0,0.0,0.38405728,-0.008270676,9.853698,0.023683477,0.082392,0.0017718638,4.0967526,0.006185055,0.24479058,168.44987,10.773956,17.49464,690.0975,3.4249518,29.408749,965.7965,66.04145,0.2040426,0.2934429,-0.051812623,0.0,0.03196916,0.0,0.0,0.0,0.0,0.0,0.0,0.0,0.0,0.0,0.0,0.0,0.0,0.0,0.0,0.0,0.0,1.0,1.0,1.0,1.0,0.0,0.0,0.0,0.0,5,test/100/5/0,82
29.338335,-0.107141495,0.0757045,0.0037934813,965.91504,0.015808105,0.13557051,-0.0004700166,66.0,0.0,0.38405728,-0.009774436,9.795113,0.023839068,-0.11428729,0.00935266,4.048153,-0.04859972,0.029434945,147.83212,-20.617752,11.203783,598.447,0.17155913,29.401707,965.80835,66.03731,-0.35206914,0.30474803,-0.04663136,-0.009886038,0.0326198,0.0,0.0,0.0,0.0,0.0,0.0,0.0,0.0,0.0,0.0,0.0,0.0,0.0,0.0,0.0,0.0,1.0,1.0,1.0,1.0,0.0,0.0,0.0,0.0,5,test/100/5/0,83
29.36296,0.024625778,0.07404199,0.0022331239,965.8073,-0.10772705,0.13473876,-0.0015572226,66.0,0.0,0.38405728,-0.011278195,9.783435,0.023885518,0.046906486,0.010073131,4.038247,-0.009905815,0.030026896,168.56667,20.734543,11.114329,680.7138,-0.18863136,29.397833,965.8083,66.03358,-0.19373333,-0.0027391862,-0.041968223,0.0,0.0,0.0,0.0,0.0,0.0,0.0,0.0,0.0,0.0,0.0,0.0,0.0,0.0,0.0,0.0,0.0,0.0,1.0,1.0,1.0,1.0,0.0,0.0,0.0,0.0,5,test/100/5/0,84
29.308592,-0.054368973,0.064051986,-0.0018725273,965.72723,-0.080078125,0.1338984,-0.0011960596,66.0,0.0,0.31622776,0.0030075188,9.794326,0.023790345,0.022569397,0.0073936107,4.085065,0.04681778,0.030043175,181.01266,12.445999,11.575668,739.4485,0.7994599,29.388908,965.8002,66.03022,-0.44620487,-0.20838045,-0.0377714,-0.039525785,0.0,0.0,0.0,0.0,0.0,0.0,0.0,0.0,0.0,0.0,0.0,0.0,0.0,0.0,0.0,0.0,0.0,1.0,1.0,1.0,1.0,0.0,0.0,0.0,0.0,5,test/100/5/0,85
29.515368,0.20677567,0.06676777,0.001120659,965.7544,0.027160645,0.13338314,-0.0030553374,66.0,0.0,0.31622776,0.0030075188,9.788817,0.023452386,-0.016400062,0.0047470094,4.027925,-0.057139874,0.029991172,144.48918,-36.523483,11.660919,581.99164,-2.0513625,29.401554,965.7956,66.0272,0.63229394,-0.11770074,-0.03399426,0.012815471,0.0,0.0,0.0,0.0,0.0,0.0,0.0,0.0,0.0,0.0,0.0,0.0,0.0,0.0,0.0,0.0,0.0,1.0,1.0,1.0,1.0,0.0,0.0,0.0,0.0,5,test/100/5/0,86
29.37688,-0.13848686,0.066437766,0.0013538762,965.75354,-0.0008544922,0.13385318,-0.0039696256,67.0,1.0,0.38405728,0.017293233,9.843466,0.024921883,0.060157686,0.0033548817,4.0589256,0.031000614,0.030021751,179.26875,34.77957,11.93398,727.6385,-1.6154447,29.399088,965.7914,66.12447,-0.12336975,-0.10812794,1.0944052,0.0,0.0,0.14593704,0.0,0.0,0.0,0.0,0.0,0.0,0.0,0.0,0.0,0.0,0.0,0.0,0.0,0.0,0.0,1.0,1.0,1.0,1.0,0.0,0.0,0.0,0.0,5,test/100/5/0,87
29.396639,0.019758224,0.06318503,0.0027777005,965.9011,0.14758301,0.13403994,-0.0038862873,67.0,0.0,0.4358899,0.030075189,9.781956,0.02533698,-0.11615881,0.0059019085,4.0512056,-0.0077199936,0.025845341,155.02156,-24.247192,11.973694,628.02423,-1.9007341,29.398842,965.80237,66.21203,-0.012241657,0.28218403,0.98496467,0.0,0.0,0.28715536,0.0,0.0,0.0,0.0,0.0,0.0,0.0,0.0,0.0,0.0,0.0,0.0,0.0,0.0,0.0,1.0,1.0,1.0,1.0,0.0,0.0,0.0,0.0,5,test/100/5/0,88
29.433681,0.037042618,0.059149895,0.0017538243,965.8648,-0.036315918,0.12839738,-0.0003355557,66.0,-1.0,0.4358899,0.027067669,9.793568,0.02439463,0.07312127,0.0052038073,4.094129,0.04292345,0.026125135,191.68456,36.662994,13.042082,784.7813,0.2111475,29.402327,965.8086,66.19083,0.1741956,0.16058183,-0.23853181,0.0,0.0,0.1737493,0.0,0.0,0.0,0.0,0.0,0.0,0.0,0.0,0.0,0.0,0.0,0.0,0.0,0.0,0.0,1.0,1.0,1.0,1.0,0.0,0.0,0.0,0.0,5,test/100/5/0,89
29.548359,0.11467743,0.065423526,0.0028430307,965.7768,-0.088012695,0.12535104,-0.0027463066,66.0,0.0,0.4358899,0.02406015,9.81874,0.024478298,0.013560992,0.009677457,4.106447,0.012318134,0.02685779,165.7011,-25.98346,13.039657,680.4428,0.2711695,29.41693,965.8054,66.171745,0.73016316,-0.08179471,-0.21467863,0.048847347,0.0,0.060811356,0.0,0.0,0.0,0.0,0.0,0.0,0.0,0.0,0.0,0.0,0.0,0.0,0.0,0.0,0.0,1.0,1.0,1.0,1.0,0.0,0.0,0.0,0.0,5,test/100/5/0,90
29.578474,0.030115128,0.07449507,0.004735075,965.8377,0.060913086,0.10504476,0.0023834917,66.0,0.0,0.4358899,0.021052632,9.776111,0.02505272,-0.06780145,0.0040315706,4.0460067,-0.06044054,0.027522162,168.89992,3.198822,12.716066,683.3702,1.1544933,29.433084,965.80865,66.15457,0.8077225,0.08301841,-0.19321077,0.128379,0.0,0.0,0.0,0.0,0.0,0.0,0.0,0.0,0.0,0.0,0.0,0.0,0.0,0.0,0.0,0.0,0.0,1.0,1.0,1.0,1.0,0.0,0.0,0.0,0.0,5,test/100/5/0,91
29.374771,-0.20370293,0.07331071,0.0029239927,965.7898,-0.047912598,0.105057895,0.002259861,66.0,0.0,0.4358899,0.018045112,9.773552,0.024781702,0.040070288,0.0029568984,4.0654187,0.01941204,0.027497845,168.20746,-0.6924591,12.153333,683.83374,0.159322,29.427252,965.80676,66.139114,-0.29156438,-0.048487253,-0.1738897,0.0,0.0,0.0,0.0,0.0,0.0,0.0,0.0,0.0,0.0,0.0,0.0,0.0,0.0,0.0,0.0,0.0,0.0,1.0,1.0,1.0,1.0,0.0,0.0,0.0,0.0,5,test/100/5/0,92
29.29195,-0.08282089,0.077421606,6.742979e-05,965.88995,0.10015869,0.10343117,0.0055431393,66.0,0.0,0.4358899,0.015037594,9.86312,0.027916262,0.092127234,0.007728694,4.053794,-0.011624813,0.027554397,169.40724,1.1997833,11.981118,686.742,0.86348414,29.413723,965.81506,66.1252,-0.6765124,0.2139124,-0.15650073,-0.06101487,0.0,0.0,0.0,0.0,0.0,0.0,0.0,0.0,0.0,0.0,0.0,0.0,0.0,0.0,0.0,0.0,0.0,1.0,1.0,1.0,1.0,0.0,0.0,0.0,0.0,5,test/100/5/0,93
29.274273,-0.017677307,0.083522774,-0.002037612,965.8155,-0.07446289,0.10287982,0.0050493055,66.0,0.0,0.4358899,0.012030075,9.773558,0.026366934,-0.17913067,0.00618379,4.0681696,0.014375687,0.02749619,143.2831,-26.124146,12.959432,582.89996,-1.0176795,29.399778,965.8151,66.11268,-0.6972477,0.0010451477,-0.14085065,-0.1386509,0.0,0.0,0.0,0.0,0.0,0.0,0.0,0.0,0.0,0.0,0.0,0.0,0.0,0.0,0.0,0.0,0.0,1.0,1.0,1.0,1.0,0.0,0.0,0.0,0.0,5,test/100/5/0,94
29.445505,0.17123222,0.08064532,6.823432e-05,965.922,0.10650635,0.1061992,0.0065452633,66.0,0.0,0.35707143,-0.006766917,9.828889,0.026800396,0.14489348,0.0048800698,4.038228,-0.029941559,0.02775902,151.54343,8.26033,13.306507,611.9669,-1.6213582,29.40435,965.8258,66.10141,0.22863819,0.2748141,-0.1267656,-0.022676168,0.0,0.0,0.0,0.0,0.0,0.0,0.0,0.0,0.0,0.0,0.0,0.0,0.0,0.0,0.0,0.0,0.0,1.0,1.0,1.0,1.0,0.0,0.0,0.0,0.0,5,test/100/5/0,95
29.569563,0.12405777,0.08605633,0.0012189564,965.85547,-0.06652832,0.106607996,0.007664501,66.0,0.0,0.35707143,-0.011278195,9.867641,0.02970675,-0.016579505,0.004245423,4.1079383,0.069710255,0.027485697,145.7344,-5.809021,13.730631,598.66797,-3.36367,29.420872,965.8288,66.09127,0.8260632,0.07625987,-0.11408903,0.073297195,0.0,0.0,0.0,0.0,0.0,0.0,0.0,0.0,0.0,0.0,0.0,0.0,0.0,0.0,0.0,0.0,0.0,1.0,1.0,1.0,1.0,0.0,0.0,0.0,0.0,5,test/100/5/0,96
29.412159,-0.15740395,0.08562494,0.0017140195,965.8955,0.040039062,0.10833663,0.0089620715,66.0,0.0,0.3,0.0,9.814242,0.029577408,-0.092150636,0.004092754,4.0843587,-0.023579597,0.027609412,157.95479,12.220383,12.710913,645.144,-2.2686791,29.42,965.83545,66.082146,-0.043562833,0.17159146,-0.102680124,0.0,0.0,0.0,0.0,0.0,0.0,0.0,0.0,0.0,0.0,0.0,0.0,0.0,0.0,0.0,0.0,0.0,0.0,1.0,1.0,1.0,1.0,0.0,0.0,0.0,0.0,5,test/100/5/0,97
29.267296,-0.14486313,0.091274,-0.0011101586,965.78156,-0.11395264,0.09375524,0.0047447262,67.0,1.0,0.35707143,0.011278195,9.841258,0.029526262,0.08041506,0.004404496,4.0558143,-0.028544426,0.025442554,170.70403,12.749237,12.797479,692.34375,-2.1424408,29.40473,965.8301,66.17393,-0.7635222,-0.13858874,1.0325879,-0.085523814,0.0,0.14048526,0.0,0.0,0.0,0.0,0.0,0.0,0.0,0.0,0.0,0.0,0.0,0.0,0.0,0.0,0.0,1.0,1.0,1.0,1.0,0.0,0.0,0.0,0.0,5,test/100/5/0,98
29.381584,0.11428833,0.09013865,-0.00047572,965.7348,-0.04675293,0.07205051,-0.00090272375,67.0,0.0,0.4,0.021052632,9.824201,0.029641964,-0.044074073,0.0040608323,4.0823016,0.02648735,0.024553325,152.75784,-17.946182,12.951437,623.6036,-2.327704,29.402414,965.82056,66.25654,-0.115728326,-0.2449517,0.9293291,-0.040550116,0.0,0.2763608,0.0,0.0,0.0,0.0,0.0,0.0,0.0,0.0,0.0,0.0,0.0,0.0,0.0,0.0,0.0,1.0,1.0,1.0,1.0,0.0,0.0,0.0,0.0,5,test/100/5/0,99
29.45257,0.070985794,0.09039947,-0.00028718647,965.9266,0.19177246,0.07130803,-0.0010698132,67.0,0.0,0.4330127,0.029323308,9.807998,0.02950543,0.00085529644,0.005246163,4.0744953,-0.007806301,0.023307113,168.19463,15.436783,12.8096895,685.3082,-1.2905993,29.40743,965.8311,66.33089,0.2507735,0.27267265,0.8363962,0.0,0.0,0.40771884,0.0,0.0,0.0,0.0,0.0,0.0,0.0,0.0,0.0,0.0,0.0,0.0,0.0,0.0,0.0,1.0,1.0,1.0,1.0,0.0,0.0,0.0,0.0,5,test/100/5/0,100
29.511597,0.05902672,0.09290215,0.0015877573,965.8228,-0.103759766,0.064491205,0.0007695019,67.0,0.0,0.45825756,0.036090225,9.813328,0.02935418,0.021532843,0.008338067,4.027436,-0.047059536,0.024381688,174.20123,6.006607,12.983061,701.5843,-1.0094968,29.417847,965.8303,66.3978,0.52082974,-0.021405429,0.7527566,0.009637623,0.0,0.5346497,0.0,0.0,0.0,0.0,0.0,0.0,0.0,0.0,0.0,0.0,0.0,0.0,0.0,0.0,0.0,1.0,1.0,1.0,1.0,0.0,0.0,0.0,0.0,5,test/100/5/0,101
29.67465,0.16305351,0.10881168,0.0057992563,965.69275,-0.13006592,0.0694854,-0.0002050873,66.0,-1.0,0.45825756,0.027067669,9.847232,0.028924009,0.028574169,0.0021737837,4.069761,0.04232502,0.02334151,177.803,3.6017609,13.311972,723.61566,0.21354443,29.443527,965.8165,66.35802,1.2840143,-0.3537201,-0.4475191,0.19845307,0.0,0.40724197,0.0,0.0,0.0,0.0,0.0,0.0,0.0,0.0,0.0,0.0,0.0,0.0,0.0,0.0,0.0,1.0,1.0,1.0,1.0,0.0,0.0,0.0,0.0,5,test/100/5/0,102
29.325352,-0.34929848,0.10936862,0.002984447,965.76746,0.07470703,0.067140944,0.00044766764,66.0,0.0,0.45825756,0.018045112,9.788467,0.029147957,-0.0926688,0.0050521474,4.069051,-0.0007100105,0.0230663,170.12738,-7.6756134,12.826548,692.2569,-0.50891244,29.43171,965.81165,66.32221,-0.5908795,-0.12624429,-0.40276718,-0.024870288,0.0,0.28058237,0.0,0.0,0.0,0.0,0.0,0.0,0.0,0.0,0.0,0.0,0.0,0.0,0.0,0.0,0.0,1.0,1.0,1.0,1.0,0.0,0.0,0.0,0.0,5,test/100/5/0,103
29.411373,0.08602142,0.108498566,0.0018068672,965.7758,0.008361816,0.067689896,-0.00025914703,66.0,0.0,0.45825756,0.009022556,9.770072,0.029919557,0.040368848,0.0030483645,4.040064,-0.02898693,0.022963185,160.3577,-9.769684,12.844479,647.85535,-0.7077954,29.429676,965.80804,66.28999,-0.101684436,-0.092118055,-0.36249048,0.0,0.0,0.15465598,0.0,0.0,0.0,0.0,0.0,0.0,0.0,0.0,0.0,0.0,0.0,0.0,0.0,0.0,0.0,1.0,1.0,1.0,1.0,0.0,0.0,0.0,0.0,5,test/100/5/0,104
29.35363,-0.057743073,0.106454715,-0.0011268716,965.852,0.076171875,0.065078974,-0.0010948238,67.0,1.0,0.4769696,0.014285714,9.739185,0.03359962,-0.012490879,0.004145593,4.073651,0.03358698,0.022604577,191.66068,31.302979,13.697103,780.75867,1.9687414,29.422071,965.81244,66.36099,-0.38023135,0.11296429,0.79875857,0.0,0.0,0.2794481,0.0,0.0,0.0,0.0,0.0,0.0,0.0,0.0,0.0,0.0,0.0,0.0,0.0,0.0,0.0,1.0,1.0,1.0,1.0,0.0,0.0,0.0,0.0,5,test/100/5/0,105
29.513783,0.16015244,0.10639154,0.0014244338,965.8112,-0.040771484,0.06334757,-0.0022717009,66.0,-1.0,0.4769696,0.0037593986,9.816376,0.033358328,0.108076364,0.0057130465,4.054811,-0.018839836,0.021125313,159.12329,-32.537384,12.93271,645.21484,0.16065656,29.431242,965.8123,66.32489,0.45855397,-0.0031731017,-0.40611726,0.0087507805,0.0,0.1499444,0.0,0.0,0.0,0.0,0.0,0.0,0.0,0.0,0.0,0.0,0.0,0.0,0.0,0.0,0.0,1.0,1.0,1.0,1.0,0.0,0.0,0.0,0.0,5,test/100/5/0,106
29.40432,-0.10946274,0.10587719,0.00022773456,965.7607,-0.05053711,0.06297205,-0.004269478,67.0,1.0,0.4769696,0.023308272,9.781259,0.032910615,-0.11230722,0.0046028364,4.0681868,0.013375759,0.021064384,165.124,6.000702,12.574016,671.75525,0.93633497,29.42855,965.8072,66.3924,-0.13461512,-0.13280836,0.7594945,0.0,0.0,0.27123076,0.0,0.0,0.0,0.0,0.0,0.0,0.0,0.0,0.0,0.0,0.0,0.0,0.0,0.0,0.0,1.0,1.0,1.0,1.0,0.0,0.0,0.0,0.0,5,test/100/5/0,107
29.331146,-0.07317352,0.107885405,-0.0017435906,965.9075,0.14678955,0.06337609,-0.0018507419,66.0,-1.0,0.45825756,0.028571429,9.81478,0.032484476,0.06863954,0.0040233433,4.101278,0.03309107,0.022043185,177.362,12.238007,12.596977,727.4108,1.0182713,29.41881,965.8172,66.353165,-0.48702124,0.25793132,-0.44145498,-0.015656423,0.0,0.13829139,0.0,0.0,0.0,0.0,0.0,0.0,0.0,0.0,0.0,0.0,0.0,0.0,0.0,0.0,0.0,1.0,1.0,1.0,1.0,0.0,0.0,0.0,0.0,5,test/100/5/0,108
29.454796,0.1236496,0.10804097,-0.0012651243,965.76794,-0.13952637,0.06377491,-0.0020081943,66.0,0.0,0.45825756,0.019548872,9.8261795,0.032553643,-0.022123093,0.005033329,4.1130495,0.011771679,0.023459002,169.41678,-7.945221,11.231107,696.81964,2.988849,29.42241,965.81226,66.31785,0.17992888,-0.1266439,-0.39730948,0.0,0.0,0.006210811,0.0,0.0,0.0,0.0,0.0,0.0,0.0,0.0,0.0,0.0,0.0,0.0,0.0,0.0,0.0,1.0,1.0,1.0,1.0,0.0,0.0,0.0,0.0,5,test/100/5/0,109
29.387709,-0.06708717,0.10478055,3.3899178e-05,965.86395,0.0960083,0.06370689,-0.0020381154,66.0,0.0,0.45825756,0.010526316,9.834224,0.032950398,-0.003355508,0.0015937015,4.086677,-0.026372433,0.022290347,186.88995,17.473175,12.171602,763.7589,4.400525,29.41894,965.81744,66.286064,-0.17349988,0.13289899,-0.35757855,0.0,0.0,0.0,0.0,0.0,0.0,0.0,0.0,0.0,0.0,0.0,0.0,0.0,0.0,0.0,0.0,0.0,0.0,1.0,1.0,1.0,1.0,0.0,0.0,0.0,0.0,5,test/100/5/0,110
29.359142,-0.02856636,0.09902663,0.0016419131,965.68945,-0.17449951,0.06994753,-0.0037301658,66.0,0.0,0.45825756,0.0015037594,9.830441,0.03227016,-0.011825508,0.0033889445,4.029441,-0.057236195,0.023409948,167.38602,-19.503937,12.160757,674.4721,4.4576097,29.412958,965.8046,66.257454,-0.2989817,-0.32910395,-0.32182068,0.0,0.0,0.0,0.0,0.0,0.0,0.0,0.0,0.0,0.0,0.0,0.0,0.0,0.0,0.0,0.0,0.0,0.0,1.0,1.0,1.0,1.0,0.0,0.0,0.0,0.0,5,test/100/5/0,111
29.448145,0.08900261,0.09901793,0.0016348531,965.64404,-0.045410156,0.07928201,-0.0066045085,66.0,0.0,0.45825756,-0.007518797,9.832091,0.03121509,0.0054315766,0.0048320876,4.0713243,0.04188347,0.023410296,164.0244,-3.361618,12.163189,667.7965,4.4400287,29.416477,965.7886,66.23171,0.17592952,-0.41296253,-0.2896386,0.0,0.0,0.0,0.0,0.0,0.0,0.0,0.0,0.0,0.0,0.0,0.0,0.0,0.0,0.0,0.0,0.0,0.0,1.0,1.0,1.0,1.0,0.0,0.0,0.0,0.0,5,test/100/5/0,112
29.534384,0.08623886,0.09822874,0.0014417418,965.9062,0.262146,0.08018626,-0.00393328,66.0,0.0,0.45825756,-0.016541352,9.800663,0.029388264,-0.03307756,0.0063837934,4.03002,-0.04130411,0.024694733,150.69157,-13.332825,12.589296,607.2901,3.628106,29.428268,965.80035,66.20854,0.5895309,0.30242342,-0.26067474,0.033311434,0.0,0.0,0.0,0.0,0.0,0.0,0.0,0.0,0.0,0.0,0.0,0.0,0.0,0.0,0.0,0.0,0.0,1.0,1.0,1.0,1.0,0.0,0.0,0.0,0.0,5,test/100/5/0,113
29.401115,-0.13326836,0.09215761,-0.0012988801,965.7557,-0.1505127,0.08102405,-0.0046123764,66.0,0.0,0.45825756,-0.02556391,9.8227825,0.028045705,0.05354677,0.008400244,4.081319,0.05129862,0.024883378,152.57933,1.8877563,11.924975,622.72485,1.5165458,29.425552,965.7959,66.18768,-0.13576399,-0.11485156,-0.23460728,0.0,0.0,0.0,0.0,0.0,0.0,0.0,0.0,0.0,0.0,0.0,0.0,0.0,0.0,0.0,0.0,0.0,0.0,1.0,1.0,1.0,1.0,0.0,0.0,0.0,0.0,5,test/100/5/0,114
29.48987,0.088754654,0.092986405,-0.00025865226,965.6439,-0.11175537,0.08385031,-0.0051163523,66.0,0.0,0.45825756,-0.034586467,9.807059,0.027910935,-0.03784168,0.0049062395,4.056056,-0.025262833,0.02410961,164.22493,11.645599,11.4854,666.10547,0.4237732,29.431984,965.7807,66.168915,0.32158569,-0.39073735,-0.21114655,0.0,0.0,0.0,0.0,0.0,0.0,0.0,0.0,0.0,0.0,0.0,0.0,0.0,0.0,0.0,0.0,0.0,0.0,1.0,1.0,1.0,1.0,0.0,0.0,0.0,0.0,5,test/100/5/0,115
29.329334,-0.16053581,0.09020035,0.0003802995,965.7189,0.07495117,0.08402761,-0.005181885,66.0,0.0,0.45825756,-0.043609023,9.793133,0.025354527,0.0017961964,0.0024406076,4.0660605,0.01000452,0.022380574,184.49081,20.265884,11.1128645,750.1508,0.24025375,29.42172,965.7745,66.15202,-0.51325196,-0.15893203,-0.1900319,-0.017881576,0.0,0.0,0.0,0.0,0.0,0.0,0.0,0.0,0.0,0.0,0.0,0.0,0.0,0.0,0.0,0.0,0.0,1.0,1.0,1.0,1.0,0.0,0.0,0.0,0.0,5,test/100/5/0,116
29.40127,0.07193565,0.09029212,-7.7175915e-05,965.90094,0.18206787,0.08438935,-0.0018088433,66.0,0.0,0.45825756,-0.05263158,9.833824,0.025862847,0.05461817,0.00530811,4.0333567,-0.032703876,0.023123128,161.48161,-23.009201,10.975169,651.3129,-0.84919757,29.419674,965.7872,66.136826,-0.10224849,0.3251357,-0.1710287,0.0,0.0,0.0,0.0,0.0,0.0,0.0,0.0,0.0,0.0,0.0,0.0,0.0,0.0,0.0,0.0,0.0,0.0,1.0,1.0,1.0,1.0,0.0,0.0,0.0,0.0,5,test/100/5/0,117
29.324415,-0.076854706,0.08617401,-0.0039035138,965.93475,0.033813477,0.090361066,0.00023982686,66.0,0.0,0.4330127,-0.04586466,9.806792,0.0249361,-0.06772355,0.0062807226,4.1099696,0.07661295,0.02507055,190.83678,29.355164,12.01189,784.3333,0.6976253,29.410149,965.8019,66.12314,-0.47629717,0.37957105,-0.15392584,-0.02067365,0.0,0.0,0.0,0.0,0.0,0.0,0.0,0.0,0.0,0.0,0.0,0.0,0.0,0.0,0.0,0.0,0.0,1.0,1.0,1.0,1.0,0.0,0.0,0.0,0.0,5,test/100/5/0,118
29.439985,0.11557007,0.08565793,-0.004360192,965.6886,-0.24615479,0.09240898,-0.0021965771,66.0,0.0,0.4,-0.037593983,9.82138,0.02486044,0.041618843,0.0035729927,4.0618258,-0.048143864,0.024838334,167.80573,-23.031052,11.399263,681.5976,-0.44690636,29.413132,965.7906,66.110825,0.14918289,-0.2913555,-0.13853325,0.0,0.0,0.0,0.0,0.0,0.0,0.0,0.0,0.0,0.0,0.0,0.0,0.0,0.0,0.0,0.0,0.0,0.0,1.0,1.0,1.0,1.0,0.0,0.0,0.0,0.0,5,test/100/5/0,119
29.413572,-0.026412964,0.08550718,-0.0041611907,965.9319,0.24328613,0.092803314,0.0019400001,66.0,0.0,0.35707143,-0.02781955,9.815049,0.024888562,-0.020916577,0.0032243272,4.0365624,-0.02526331,0.025547102,148.53694,-19.268784,12.3377075,599.5786,-1.8760628,29.413176,965.8047,66.09975,0.002199781,0.36337298,-0.12467993,0.0,0.0,0.0,0.0,0.0,0.0,0.0,0.0,0.0,0.0,0.0,0.0,0.0,0.0,0.0,0.0,0.0,0.0,1.0,1.0,1.0,1.0,0.0,0.0,0.0,0.0,5,test/100/5/0,120
29.499,0.08542824,0.08491489,-0.0017511426,965.6844,-0.24749756,0.09536049,0.000894601,66.0,0.0,0.3,-0.016541352,9.81052,0.024875708,0.0017999568,0.004701023,4.063466,0.02690363,0.024136988,177.75288,29.215942,12.433514,722.2928,-1.1662525,29.421759,965.79266,66.08977,0.429121,-0.3093866,-0.112211935,0.0,0.0,0.0,0.0,0.0,0.0,0.0,0.0,0.0,0.0,0.0,0.0,0.0,0.0,0.0,0.0,0.0,0.0,1.0,1.0,1.0,1.0,0.0,0.0,0.0,0.0,5,test/100/5/0,121
29.421335,-0.07766533,0.06269545,0.0021428717,966.0798,0.39538574,0.112436965,0.0036520592,66.0,0.0,0.3,-0.019548872,9.774434,0.024421247,-0.031556174,0.009663276,4.141366,0.07789993,0.029232306,148.67073,-29.082153,13.05289,615.6999,-1.6624746,29.421717,965.8214,66.080795,-0.0021177519,0.73825824,-0.10099074,0.0,0.08014998,0.0,0.0,0.0,0.0,0.0,0.0,0.0,0.0,0.0,0.0,0.0,0.0,0.0,0.0,0.0,0.0,1.0,1.0,1.0,1.0,0.0,0.0,0.0,0.0,5,test/100/5/0,122
29.280424,-0.1409111,0.06645836,-0.0011104441,965.8376,-0.2421875,0.11232827,0.0035472899,66.0,0.0,0.3,-0.02255639,9.794202,0.024247542,0.055853557,0.0058166464,4.09862,-0.042746067,0.029918134,173.06029,24.389557,13.093198,709.30835,-1.1542921,29.407587,965.823,66.072716,-0.7064615,0.041664556,-0.09089167,-0.06919506,0.018504107,0.0,0.0,0.0,0.0,0.0,0.0,0.0,0.0,0.0,0.0,0.0,0.0,0.0,0.0,0.0,0.0,1.0,1.0,1.0,1.0,0.0,0.0,0.0,0.0,5,test/100/5/0,123
29.350355,0.06993103,0.06771119,-0.0019389518,965.6072,-0.23040771,0.120445624,0.00017755265,66.0,0.0,0.3,-0.02556391,9.817383,0.022874307,0.0034136758,0.0074619795,4.072787,-0.02583313,0.029072305,182.47961,9.419327,13.326958,743.20056,-0.8886535,29.401863,965.8014,66.065445,-0.2861602,-0.5549789,-0.0818025,-0.05750508,-0.013874509,0.0,0.0,0.0,0.0,0.0,0.0,0.0,0.0,0.0,0.0,0.0,0.0,0.0,0.0,0.0,0.0,1.0,1.0,1.0,1.0,0.0,0.0,0.0,0.0,5,test/100/5/0,124
29.440918,0.09056282,0.066946626,-0.0022936815,965.6898,0.0826416,0.122075,-0.0005552822,66.0,0.0,0.21794495,-0.012781955,9.828877,0.016818825,-0.011686947,0.0013476625,4.0891075,0.016320705,0.029297428,167.2898,-15.189819,12.289522,684.066,0.48730254,29.40577,965.7903,66.0589,0.19526993,-0.286974,-0.07362225,0.0,0.0,0.0,0.0,0.0,0.0,0.0,0.0,0.0,0.0,0.0,0.0,0.0,0.0,0.0,0.0,0.0,0.0,1.0,1.0,1.0,1.0,0.0,0.0,0.0,0.0,5,test/100/5/0,125
29.3311,-0.109817505,0.06476101,-0.0018197697,965.88446,0.19464111,0.12370775,0.0010925751,66.0,0.0,0.21794495,-0.014285714,9.809196,0.016821105,-0.031175137,0.009177117,4.0518575,-0.037250042,0.029397344,175.95628,8.666489,12.231693,712.9498,0.2811219,29.398302,965.7997,66.05301,-0.37334457,0.2422291,-0.066260025,-0.00861554,0.0,0.0,0.0,0.0,0.0,0.0,0.0,0.0,0.0,0.0,0.0,0.0,0.0,0.0,0.0,0.0,0.0,1.0,1.0,1.0,1.0,0.0,0.0,0.0,0.0,5,test/100/5/0,126
29.300728,-0.03037262,0.06841714,-0.003233402,965.7365,-0.14794922,0.12415318,-0.00028122062,66.0,0.0,0.0,0.0,9.832494,0.015699629,0.042977877,0.001658902,4.0616145,0.009757042,0.02948721,158.86215,-17.094131,12.400829,645.2368,-0.57518554,29.388544,965.79333,66.04771,-0.48787323,-0.16243465,-0.059634022,-0.049006127,0.0,0.0,0.0,0.0,0.0,0.0,0.0,0.0,0.0,0.0,0.0,0.0,0.0,0.0,0.0,0.0,0.0,1.0,1.0,1.0,1.0,0.0,0.0,0.0,0.0,5,test/100/5/0,127
29.45796,0.15723228,0.06790042,-0.0034004527,965.81836,0.081848145,0.121561155,0.0018683183,66.0,0.0,0.0,0.0,9.834301,0.016236166,-0.021489365,0.0033139419,4.06943,0.007815361,0.02875656,167.63898,8.776825,12.232938,682.19507,0.015131671,29.395487,965.79584,66.04294,0.34707552,0.064275466,-0.053670622,0.0,0.0,0.0,0.0,0.0,0.0,0.0,0.0,0.0,0.0,0.0,0.0,0.0,0.0,0.0,0.0,0.0,0.0,1.0,1.0,1.0,1.0,0.0,0.0,0.0,0.0,5,test/100/5/0,128
29.478418,0.020458221,0.06898312,-0.0015135787,965.8005,-0.0178833,0.12148328,0.0016933355,66.0,0.0,0.0,0.0,9.803121,0.016308755,-0.03298818,0.0049824296,4.0056934,-0.06373644,0.030414876,189.2166,21.577621,13.079145,757.94366,1.2725465,29.40378,965.7963,66.03864,0.41465908,0.011862291,-0.04830356,0.0,0.0,0.0,0.0,0.0,0.0,0.0,0.0,0.0,0.0,0.0,0.0,0.0,0.0,0.0,0.0,0.0,0.0,1.0,1.0,1.0,1.0,0.0,0.0,0.0,0.0,5,test/100/5/0,129
29.473,-0.0054187775,0.07043682,-0.00079890946,965.70746,-0.09301758,0.12156208,0.0016565309,66.0,0.0,0.0,0.0,9.833474,0.01626556,0.06153317,0.004206748,4.080443,0.07474947,0.030230993,160.6168,-28.599792,12.523312,655.38776,2.029897,29.410702,965.7874,66.034775,0.3460993,-0.22851199,-0.043473203,0.0,0.0,0.0,0.0,0.0,0.0,0.0,0.0,0.0,0.0,0.0,0.0,0.0,0.0,0.0,0.0,0.0,0.0,1.0,1.0,1.0,1.0,0.0,0.0,0.0,0.0,5,test/100/5/0,130
29.338623,-0.13437653,0.07129574,-0.0025832097,965.9969,0.2894287,0.12802486,0.003234496,66.0,0.0,0.0,0.0,9.809572,0.015910933,-0.05425404,0.0061743637,4.0211635,-0.05927944,0.030773826,187.70059,27.083786,13.260404,754.7747,2.960234,29.403494,965.8084,66.0313,-0.3603933,0.5385845,-0.039125882,0.0,0.03171824,0.0,0.0,0.0,0.0,0.0,0.0,0.0,0.0,0.0,0.0,0.0,0.0,0.0,0.0,0.0,0.0,1.0,1.0,1.0,1.0,0.0,0.0,0.0,0.0,5,test/100/5/0,131
29.503403,0.16477966,0.073835105,-0.00057735445,965.6126,-0.38427734,0.13008633,-0.0018565243,67.0,1.0,0.21794495,0.014285714,9.783414,0.016665211,-0.002256937,0.004868657,4.096402,0.075238705,0.031504046,166.06157,-21.639023,13.231922,680.255,2.5998433,29.413485,965.7888,66.128174,0.49954435,-0.5034157,1.0897866,0.00565684,-0.01030318,0.13355878,0.0,0.0,0.0,0.0,0.0,0.0,0.0,0.0,0.0,0.0,0.0,0.0,0.0,0.0,0.0,1.0,1.0,1.0,1.0,0.0,0.0,0.0,0.0,5,test/100/5/0,132
29.40001,-0.103393555,0.06814759,0.0012300219,965.98047,0.3678589,0.1341527,0.0024939973,66.0,-1.0,0.21794495,0.012781955,9.7798195,0.017920025,0.02256393,0.0065295747,4.0382276,-0.05817461,0.031078652,174.01405,7.952484,12.597335,702.7084,1.5861162,29.412138,965.808,66.11536,-0.06737784,0.4928487,-0.14419197,0.0,0.021907961,0.012646391,0.0,0.0,0.0,0.0,0.0,0.0,0.0,0.0,0.0,0.0,0.0,0.0,0.0,0.0,0.0,1.0,1.0,1.0,1.0,0.0,0.0,0.0,0.0,5,test/100/5/0,133
29.272198,-0.12781143,0.07394182,-0.0006906495,965.73566,-0.24481201,0.13455772,0.0008589895,66.0,0.0,0.21794495,0.011278195,9.794498,0.018014023,0.018272493,0.0044024903,4.106653,0.068425655,0.032144006,196.33815,22.324097,13.174787,806.2927,2.152386,29.398144,965.8007,66.10382,-0.6996972,-0.18595277,-0.12977277,-0.07272796,0.0,0.0,0.0,0.0,0.0,0.0,0.0,0.0,0.0,0.0,0.0,0.0,0.0,0.0,0.0,0.0,0.0,1.0,1.0,1.0,1.0,0.0,0.0,0.0,0.0,5,test/100/5/0,134
29.388851,0.11665344,0.07083042,0.00065040734,965.7669,0.03125,0.13004026,-0.002064044,66.0,0.0,0.21794495,0.009774436,9.803827,0.018046325,-0.00534935,0.0016692665,4.118328,0.011674881,0.033806056,174.8314,-21.506744,13.057987,720.01306,1.8950045,29.397215,965.79736,66.09344,-0.046460286,-0.087000355,-0.116795495,-0.012586436,0.0,0.0,0.0,0.0,0.0,0.0,0.0,0.0,0.0,0.0,0.0,0.0,0.0,0.0,0.0,0.0,0.0,1.0,1.0,1.0,1.0,0.0,0.0,0.0,0.0,5,test/100/5/0,135
29.285334,-0.10351753,0.07338748,-0.0018702256,965.84204,0.07513428,0.12869295,-0.0029152317,66.0,0.0,0.21794495,0.008270676,9.828009,0.018117018,0.014852525,0.0040341187,4.0642214,-0.054106712,0.033822265,190.9735,16.14209,13.422461,776.1586,3.6856701,29.386026,965.8018,66.08409,-0.5594019,0.11490211,-0.10511594,-0.06686722,0.0,0.0,0.0,0.0,0.0,0.0,0.0,0.0,0.0,0.0,0.0,0.0,0.0,0.0,0.0,0.0,0.0,1.0,1.0,1.0,1.0,0.0,0.0,0.0,0.0,5,test/100/5/0,136
29.456148,0.17081451,0.074768804,-0.0007486587,965.74915,-0.09289551,0.12768644,-0.0024039592,66.0,0.0,0.21794495,0.006766917,9.830616,0.017924843,-0.021573102,0.0046573705,4.0694885,0.0052671432,0.03270699,172.45901,-18.51448,13.161889,701.81995,2.814647,29.393038,965.7966,66.07568,0.35061085,-0.13546227,-0.09460435,0.0,0.0,0.0,0.0,0.0,0.0,0.0,0.0,0.0,0.0,0.0,0.0,0.0,0.0,0.0,0.0,0.0,0.0,1.0,1.0,1.0,1.0,0.0,0.0,0.0,0.0,5,test/100/5/0,137
29.44578,-0.010368347,0.0738932,-0.00107123,966.0474,0.2982788,0.1355627,0.0031305987,66.0,0.0,0.21794495,0.005263158,9.840577,0.01904797,0.0073523014,0.00537888,4.1039543,0.03446579,0.032390498,162.36615,-10.092865,12.748948,666.34326,3.4611855,29.398312,965.82166,66.068115,0.26370803,0.6450866,-0.08514392,0.0,0.058587715,0.0,0.0,0.0,0.0,0.0,0.0,0.0,0.0,0.0,0.0,0.0,0.0,0.0,0.0,0.0,0.0,1.0,1.0,1.0,1.0,0.0,0.0,0.0,0.0,5,test/100/5/0,138
29.443457,-0.0023231506,0.07399361,0.00021529807,965.5853,-0.46209717,0.14190257,-0.001992316,66.0,0.0,0.21794495,0.0037593986,9.812863,0.018933712,-0.037673853,0.0043578967,4.0486574,-0.055296898,0.032734033,167.24767,4.8815155,12.758992,677.1285,2.8170843,29.402826,965.79803,66.0613,0.22572146,-0.6076719,-0.07662952,0.0,-0.028439565,0.0,0.0,0.0,0.0,0.0,0.0,0.0,0.0,0.0,0.0,0.0,0.0,0.0,0.0,0.0,0.0,1.0,1.0,1.0,1.0,0.0,0.0,0.0,0.0,5,test/100/5/0,139
29.556238,0.112781525,0.08154328,0.0026907239,965.84814,0.26281738,0.13930015,0.0006359588,66.0,0.0,0.21794495,0.002255639,9.794395,0.019288916,0.00924514,0.0030302806,4.1160283,0.06737089,0.033024855,163.8991,-3.3485718,11.738745,674.61334,0.8487364,29.418167,965.80304,66.055176,0.76705694,0.1289114,-0.06896657,0.06727148,0.0,0.0,0.0,0.0,0.0,0.0,0.0,0.0,0.0,0.0,0.0,0.0,0.0,0.0,0.0,0.0,0.0,1.0,1.0,1.0,1.0,0.0,0.0,0.0,0.0,5,test/100/5/0,140
29.39534,-0.16089821,0.07872338,0.004001936,965.7876,-0.060546875,0.13679107,-0.0013826528,66.0,0.0,0.21794495,0.0007518797,9.834382,0.019962192,0.058454704,0.0020147664,4.0442667,-0.07176161,0.033644844,156.99126,-6.907837,12.171227,634.91455,0.13802096,29.415886,965.80145,66.04966,-0.114139795,-0.039671697,-0.06206991,0.0,0.0,0.0,0.0,0.0,0.0,0.0,0.0,0.0,0.0,0.0,0.0,0.0,0.0,0.0,0.0,0.0,0.0,1.0,1.0,1.0,1.0,0.0,0.0,0.0,0.0,5,test/100/5/0,141
29.396492,0.0011520386,0.07858829,0.0042591915,965.6921,-0.09552002,0.12339125,0.001321893,66.0,0.0,0.21794495,-0.0007518797,9.824614,0.01815833,-0.049755365,0.003235992,4.092007,0.04774046,0.030326677,171.15742,14.166168,10.957709,700.3774,-1.1891611,29.413946,965.7905,66.04469,-0.09696562,-0.28132743,-0.055862922,0.0,0.0,0.0,0.0,0.0,0.0,0.0,0.0,0.0,0.0,0.0,0.0,0.0,0.0,0.0,0.0,0.0,0.0,1.0,1.0,1.0,1.0,0.0,0.0,0.0,0.0,5,test/100/5/0,142
29.529799,0.1333065,0.07845144,0.0042332713,965.6264,-0.06567383,0.12751815,-0.00015277145,66.0,0.0,0.21794495,-0.002255639,9.796835,0.018019836,-0.018009882,0.0019062898,4.057729,-0.034278393,0.029868202,188.92877,17.771347,11.497591,766.62177,-0.21930102,29.425531,965.7741,66.04022,0.57926345,-0.42207024,-0.05027663,0.03569917,-0.0021426245,0.0,0.0,0.0,0.0,0.0,0.0,0.0,0.0,0.0,0.0,0.0,0.0,0.0,0.0,0.0,0.0,1.0,1.0,1.0,1.0,0.0,0.0,0.0,0.0,5,test/100/5/0,143
29.417881,-0.111917496,0.07715926,0.0033377053,965.9107,0.28430176,0.12458108,-0.00088643236,66.0,0.0,0.21794495,-0.0037593986,9.845697,0.019251913,0.07664109,0.0039906097,4.0274806,-0.030248165,0.031285945,178.55302,-10.375748,11.379796,719.11884,0.52090037,29.424767,965.7878,66.0362,-0.038250368,0.35119843,-0.045248967,0.0,0.0,0.0,0.0,0.0,0.0,0.0,0.0,0.0,0.0,0.0,0.0,0.0,0.0,0.0,0.0,0.0,0.0,1.0,1.0,1.0,1.0,0.0,0.0,0.0,0.0,5,test/100/5/0,144
29.225388,-0.19249344,0.08725857,0.0010206294,965.8276,-0.08312988,0.12259308,-0.0019592284,66.0,0.0,0.21794495,-0.005263158,9.750973,0.023639474,-0.14358637,0.0055288426,4.0731964,0.04571581,0.030943016,179.84206,1.289032,11.363073,732.53204,0.5552282,29.404829,965.79175,66.03258,-0.9968925,0.10231604,-0.04072407,-0.12502584,0.0,0.0,0.0,0.0,0.0,0.0,0.0,0.0,0.0,0.0,0.0,0.0,0.0,0.0,0.0,0.0,0.0,1.0,1.0,1.0,1.0,0.0,0.0,0.0,0.0,5,test/100/5/0,145
29.408016,0.18262863,0.0856046,-9.732067e-05,965.9382,0.1105957,0.12502596,0.0014140423,66.0,0.0,0.21794495,-0.006766917,9.745129,0.027795983,0.08887965,0.000875124,4.0686445,-0.0045518875,0.030738605,196.92198,17.079926,12.398264,801.20557,1.9537858,29.405148,965.8064,66.02932,0.015939888,0.3764734,-0.036651663,-0.042830445,0.0,0.0,0.0,0.0,0.0,0.0,0.0,0.0,0.0,0.0,0.0,0.0,0.0,0.0,0.0,0.0,0.0,1.0,1.0,1.0,1.0,0.0,0.0,0.0,0.0,5,test/100/5/0,146
29.40205,-0.0059661865,0.08198945,-0.0018957325,965.8415,-0.09667969,0.12443172,0.0009893661,66.0,0.0,0.21794495,-0.008270676,9.821999,0.027443018,0.08271442,0.0037243583,4.07088,0.0022354126,0.030705946,160.89575,-36.02623,12.271293,654.98724,0.061642066,29.404837,965.80994,66.02639,-0.015485034,0.09022114,-0.032986496,0.0,0.0,0.0,0.0,0.0,0.0,0.0,0.0,0.0,0.0,0.0,0.0,0.0,0.0,0.0,0.0,0.0,0.0,1.0,1.0,1.0,1.0,0.0,0.0,0.0,0.0,5,test/100/5/0,147
29.446314,0.04426384,0.081714064,-0.00073155283,965.97217,0.13067627,0.12961853,0.0035659675,66.0,0.0,0.21794495,-0.009774436,9.828319,0.027190547,-0.070550665,0.0037450064,4.075464,0.0045838356,0.030741798,177.84332,16.94757,12.152357,724.794,-0.26437318,29.408985,965.8261,66.02375,0.20738266,0.41722372,-0.029687846,0.0,0.013073793,0.0,0.0,0.0,0.0,0.0,0.0,0.0,0.0,0.0,0.0,0.0,0.0,0.0,0.0,0.0,0.0,1.0,1.0,1.0,1.0,0.0,0.0,0.0,0.0,5,test/100/5/0,148
29.492401,0.046087265,0.082327135,0.0014315541,965.8268,-0.14538574,0.1296138,0.0035519707,66.0,0.0,0.21794495,-0.011278195,9.770084,0.028419014,-0.06455363,0.004337046,4.0309677,-0.04449606,0.028557543,202.0896,24.246277,13.144093,814.61664,1.8247639,29.417326,965.82623,66.02138,0.41708073,0.0016522935,-0.026719062,0.0,0.0,0.0,0.0,0.0,0.0,0.0,0.0,0.0,0.0,0.0,0.0,0.0,0.0,0.0,0.0,0.0,0.0,1.0,1.0,1.0,1.0,0.0,0.0,0.0,0.0,5,test/100/5/0,149
29.377401,-0.11499977,0.08152464,0.0018452207,965.8849,0.05810547,0.12802885,0.0028597955,66.0,0.0,0.21794495,-0.012781955,9.857736,0.030019237,0.14588593,0.0047915457,4.0769,0.045932293,0.028504457,154.29018,-47.799423,13.5907545,629.02563,-0.44192532,29.413334,965.8321,66.01924,-0.1996262,0.15090112,-0.024047157,0.0,0.0,0.0,0.0,0.0,0.0,0.0,0.0,0.0,0.0,0.0,0.0,0.0,0.0,0.0,0.0,0.0,0.0,1.0,1.0,1.0,1.0,0.0,0.0,0.0,0.0,5,test/100/5/0,150
29.46988,0.0924778,0.08087106,0.0016020208,965.7875,-0.09741211,0.12184448,0.005079135,66.0,0.0,0.21794495,-0.014285714,9.764313,0.03146164,-0.1810746,0.0014329242,4.083125,0.006225109,0.02630712,170.60706,16.31688,13.374533,696.61,-0.13421375,29.41899,965.82764,66.01731,0.28272542,-0.114677265,-0.02164244,0.0,0.0,0.0,0.0,0.0,0.0,0.0,0.0,0.0,0.0,0.0,0.0,0.0,0.0,0.0,0.0,0.0,0.0,1.0,1.0,1.0,1.0,0.0,0.0,0.0,0.0,5,test/100/5/0,151
29.448944,-0.020935059,0.07875876,0.0034641554,965.6084,-0.17907715,0.122194014,-0.0010124034,66.0,0.0,0.0,0.0,9.819139,0.031175243,0.1482489,0.008427599,4.0731063,-0.0100188255,0.02576103,173.39021,2.7831573,13.215423,706.23676,-0.77813816,29.421984,965.80566,66.01558,0.14977758,-0.56369364,-0.019478196,0.0,-0.018112255,0.0,0.0,0.0,0.0,0.0,0.0,0.0,0.0,0.0,0.0,0.0,0.0,0.0,0.0,0.0,0.0,1.0,1.0,1.0,1.0,0.0,0.0,0.0,0.0,5,test/100/5/0,152
29.522451,0.07350731,0.082202666,0.004825757,965.5088,-0.099609375,0.13265514,-0.0027123014,66.0,0.0,0.0,0.0,9.832841,0.030988785,-0.041123565,0.0059776064,4.063567,-0.009539127,0.024670582,185.70058,12.310364,13.386018,754.60675,-0.41560608,29.432032,965.776,66.01402,0.5023364,-0.76346266,-0.017530376,0.026341388,-0.09098191,0.0,0.0,0.0,0.0,0.0,0.0,0.0,0.0,0.0,0.0,0.0,0.0,0.0,0.0,0.0,0.0,1.0,1.0,1.0,1.0,0.0,0.0,0.0,0.0,5,test/100/5/0,153
29.32069,-0.20176125,0.0784666,0.0011028562,965.8101,0.30133057,0.13213962,-0.003263637,66.0,0.0,0.0,0.0,9.836429,0.03129664,-0.010114909,0.003443103,4.0605464,-0.0030207634,0.023569604,168.38339,-17.317184,12.656812,683.7285,0.4918795,29.420897,965.7794,66.01262,-0.5567035,0.08773363,-0.015777338,-0.020164602,0.0,0.0,0.0,0.0,0.0,0.0,0.0,0.0,0.0,0.0,0.0,0.0,0.0,0.0,0.0,0.0,0.0,1.0,1.0,1.0,1.0,0.0,0.0,0.0,0.0,5,test/100/5/0,154
29.250366,-0.070323944,0.08671396,-0.0018556968,965.66486,-0.14526367,0.1349914,-0.0055087213,66.0,0.0,0.0,0.0,9.809807,0.031246237,-0.030209474,0.006530037,4.0503054,-0.010241032,0.021281077,169.87709,1.4936981,12.703511,688.0541,0.2831554,29.403843,965.76794,66.01136,-0.85265285,-0.2945749,-0.014199605,-0.11626363,0.0,0.0,0.0,0.0,0.0,0.0,0.0,0.0,0.0,0.0,0.0,0.0,0.0,0.0,0.0,0.0,0.0,1.0,1.0,1.0,1.0,0.0,0.0,0.0,0.0,5,test/100/5/0,155
29.430553,0.18018723,0.08151692,-0.0036663858,965.89923,0.234375,0.1367012,-0.0030658005,67.0,1.0,0.21794495,0.014285714,9.799507,0.031144248,0.016322527,0.0059154183,4.0193834,-0.030921936,0.023731858,176.88559,7.008499,12.156029,710.971,1.3363837,29.406515,965.78107,66.11022,0.13354854,0.33756116,1.1122204,-0.008432645,0.0,0.14057629,0.0,0.0,0.0,0.0,0.0,0.0,0.0,0.0,0.0,0.0,0.0,0.0,0.0,0.0,0.0,1.0,1.0,1.0,1.0,0.0,0.0,0.0,0.0,5,test/100/5/0,156
29.432505,0.0019512177,0.08118068,-0.0029705048,965.886,-0.013244629,0.13786277,-0.00236486,66.0,-1.0,0.21794495,0.012781955,9.795813,0.03096088,0.006604895,0.006690842,4.079795,0.060411453,0.023928622,173.7322,-3.1533966,12.151562,708.7917,1.2827365,29.409113,965.79156,66.099205,0.12994978,0.26974744,-0.12400168,0.0,0.0,0.02654104,0.0,0.0,0.0,0.0,0.0,0.0,0.0,0.0,0.0,0.0,0.0,0.0,0.0,0.0,0.0,1.0,1.0,1.0,1.0,0.0,0.0,0.0,0.0,5,test/100/5/0,157
29.492147,0.05964279,0.082517825,-0.0015507404,965.8314,-0.05456543,0.12580869,0.0020604644,66.0,0.0,0.21794495,0.011278195,9.816354,0.030168416,0.024234984,0.0017799754,4.050938,-0.028856754,0.0224457,167.85204,-5.8801575,11.946492,679.9582,0.24654037,29.417418,965.79553,66.08928,0.41516876,0.102461584,-0.11160151,0.0,0.0,0.0,0.0,0.0,0.0,0.0,0.0,0.0,0.0,0.0,0.0,0.0,0.0,0.0,0.0,0.0,0.0,1.0,1.0,1.0,1.0,0.0,0.0,0.0,0.0,5,test/100/5/0,158
29.44057,-0.051576614,0.0824843,-0.00097419193,965.9243,0.09289551,0.120223895,0.0008414132,66.0,0.0,0.21794495,0.009774436,9.756549,0.032134138,-0.08034521,0.008851183,4.0127153,-0.03822279,0.024844693,196.00533,28.15329,12.722089,786.5136,0.88238376,29.419733,965.8084,66.08035,0.11576881,0.3310896,-0.10044136,0.0,0.0,0.0,0.0,0.0,0.0,0.0,0.0,0.0,0.0,0.0,0.0,0.0,0.0,0.0,0.0,0.0,0.0,1.0,1.0,1.0,1.0,0.0,0.0,0.0,0.0,5,test/100/5/0,159
29.37016,-0.07041168,0.0772323,0.00038157584,965.7256,-0.19873047,0.12093035,0.00042334534,66.0,0.0,0.21794495,0.008270676,9.834839,0.032668404,0.13809492,0.0076593556,4.065462,0.052746773,0.021499712,185.83023,-10.175095,12.602937,755.4857,0.87077,29.414776,965.8002,66.07232,-0.24786648,-0.21304058,-0.090397224,0.0,0.0,0.0,0.0,0.0,0.0,0.0,0.0,0.0,0.0,0.0,0.0,0.0,0.0,0.0,0.0,0.0,0.0,1.0,1.0,1.0,1.0,0.0,0.0,0.0,0.0,5,test/100/5/0,160
29.296915,-0.073244095,0.081261314,-0.0015696805,966.0057,0.28009033,0.12908453,0.0032348633,66.0,0.0,0.21794495,0.006766917,9.834795,0.0326858,-0.078333735,0.00480442,4.11036,0.044898033,0.023948273,180.30688,-5.523346,11.768456,741.1263,-0.09441423,29.402988,965.8207,66.06509,-0.58930033,0.5284958,-0.0813575,-0.04260072,0.03186328,0.0,0.0,0.0,0.0,0.0,0.0,0.0,0.0,0.0,0.0,0.0,0.0,0.0,0.0,0.0,0.0,1.0,1.0,1.0,1.0,0.0,0.0,0.0,0.0,5,test/100/5/0,161
29.370432,0.073516846,0.08165215,-0.0023044988,965.84204,-0.16363525,0.12642604,0.0018725861,66.0,0.0,0.21794495,0.005263158,9.836692,0.033112824,0.0019399952,0.0013155742,4.0761585,-0.034201622,0.023196928,183.74872,3.4418335,11.724704,748.9889,-0.073368706,29.399733,965.8228,66.05858,-0.16278605,0.054869823,-0.07322175,-0.0008640407,0.0,0.0,0.0,0.0,0.0,0.0,0.0,0.0,0.0,0.0,0.0,0.0,0.0,0.0,0.0,0.0,0.0,1.0,1.0,1.0,1.0,0.0,0.0,0.0,0.0,5,test/100/5/0,162
29.53609,0.16565895,0.08213446,0.0014712671,965.77356,-0.068481445,0.11925015,-0.0017304614,66.0,0.0,0.21794495,0.0037593986,9.81495,0.03305114,-0.02363789,0.0055487594,4.112866,0.0367074,0.02574125,170.21222,-13.536499,11.608053,700.06006,0.22155744,29.413368,965.81793,66.05272,0.6817873,-0.1267123,-0.06589957,0.046767447,0.0,0.0,0.0,0.0,0.0,0.0,0.0,0.0,0.0,0.0,0.0,0.0,0.0,0.0,0.0,0.0,0.0,1.0,1.0,1.0,1.0,0.0,0.0,0.0,0.0,5,test/100/5/0,163
29.48623,-0.04986,0.08389598,0.0027581668,965.88495,0.11138916,0.11843732,0.000525453,66.0,0.0,0.21794495,0.002255639,9.822521,0.03212338,0.02931208,0.005708241,4.052238,-0.060627937,0.024516996,174.2534,4.0411835,11.629104,706.1162,-0.04695343,29.420656,965.8246,66.04745,0.36430857,0.1723882,-0.05930962,0.03539954,0.0,0.0,0.0,0.0,0.0,0.0,0.0,0.0,0.0,0.0,0.0,0.0,0.0,0.0,0.0,0.0,0.0,1.0,1.0,1.0,1.0,0.0,0.0,0.0,0.0,5,test/100/5/0,164
29.384777,-0.10145378,0.07271314,-0.0005464253,965.9997,0.114746094,0.12460962,0.0031467525,66.0,0.0,0.21794495,0.0007518797,9.805198,0.029417494,-0.024893688,0.004968355,4.0905037,0.038265705,0.025078364,172.00345,-2.2499542,11.673327,703.58075,-0.120344855,29.417067,965.8421,66.0427,-0.17939119,0.45021075,-0.053378657,0.0,0.02476035,0.0,0.0,0.0,0.0,0.0,0.0,0.0,0.0,0.0,0.0,0.0,0.0,0.0,0.0,0.0,0.0,1.0,1.0,1.0,1.0,0.0,0.0,0.0,0.0,5,test/100/5/0,165
29.30453,-0.08024788,0.076870024,-0.002353489,966.117,0.11730957,0.13772139,0.008931325,66.0,0.0,0.21794495,-0.0007518797,9.848927,0.026499799,0.061051488,0.00086649903,4.070147,-0.020356655,0.025087833,175.40245,3.399002,10.746227,713.9138,1.0817336,29.405813,965.8696,66.03843,-0.56269145,0.70684284,-0.048040792,-0.03411794,0.11425953,0.0,0.0,0.0,0.0,0.0,0.0,0.0,0.0,0.0,0.0,0.0,0.0,0.0,0.0,0.0,0.0,1.0,1.0,1.0,1.0,0.0,0.0,0.0,0.0,5,test/100/5/0,166
29.453886,0.14935684,0.077303804,-0.001965467,965.64044,-0.4765625,0.1444008,0.0061124186,66.0,0.0,0.21794495,-0.002255639,9.804876,0.026547398,-0.08777815,0.0056036897,4.0523276,-0.017819405,0.02524279,173.25378,-2.1486664,10.203549,702.08105,-0.06267209,29.410622,965.8467,66.03459,0.2403619,-0.5892879,-0.043236714,0.0,-0.006412228,0.0,0.0,0.0,0.0,0.0,0.0,0.0,0.0,0.0,0.0,0.0,0.0,0.0,0.0,0.0,0.0,1.0,1.0,1.0,1.0,0.0,0.0,0.0,0.0,5,test/100/5/0,167
29.363352,-0.09053421,0.07780952,-0.0022498367,965.7702,0.12976074,0.14110681,0.007512877,66.0,0.0,0.21794495,-0.0037593986,9.776018,0.027610525,0.015190882,0.0043261573,4.041034,-0.011293411,0.025664415,178.55904,5.305252,10.20916,721.5632,0.1026325,29.405893,965.83905,66.03113,-0.23634535,-0.19668859,-0.03891304,0.0,0.0,0.0,0.0,0.0,0.0,0.0,0.0,0.0,0.0,0.0,0.0,0.0,0.0,0.0,0.0,0.0,0.0,1.0,1.0,1.0,1.0,0.0,0.0,0.0,0.0,5,test/100/5/0,168
29.486483,0.1231308,0.077514686,7.725335e-05,965.7041,-0.066101074,0.14330934,0.0059771775,66.0,0.0,0.21794495,-0.005263158,9.822506,0.025958177,0.07534722,0.0023061149,4.05217,0.011135578,0.024713967,162.08934,-16.469696,8.851302,656.8136,0.7660537,29.413954,965.82556,66.028015,0.4029432,-0.34699392,-0.035021737,0.0,0.0,0.0,0.0,0.0,0.0,0.0,0.0,0.0,0.0,0.0,0.0,0.0,0.0,0.0,0.0,0.0,0.0,1.0,1.0,1.0,1.0,0.0,0.0,0.0,0.0,5,test/100/5/0,169
29.344059,-0.14242363,0.0785902,-0.0014371657,965.8931,0.18902588,0.14352584,0.008243784,66.0,0.0,0.21794495,-0.006766917,9.825127,0.024151972,-0.04386786,0.0021805188,4.051716,-0.00045394897,0.024700968,183.60439,21.515045,7.718198,743.9128,-0.019337589,29.406963,965.83234,66.025215,-0.34946927,0.17377202,-0.031519562,0.0,0.0,0.0,0.0,0.0,0.0,0.0,0.0,0.0,0.0,0.0,0.0,0.0,0.0,0.0,0.0,0.0,0.0,1.0,1.0,1.0,1.0,0.0,0.0,0.0,0.0,5,test/100/5/0,170
29.535532,0.191473,0.08229602,0.0012940586,965.86786,-0.025268555,0.14385614,0.008598936,66.0,0.0,0.21794495,-0.008270676,9.799333,0.021715429,-0.028414715,0.004386854,4.072624,0.020908356,0.024386201,189.8738,6.269409,8.163881,773.28455,0.5092265,29.41982,965.8359,66.0227,0.64284265,0.091418535,-0.028367607,0.045256756,0.0,0.0,0.0,0.0,0.0,0.0,0.0,0.0,0.0,0.0,0.0,0.0,0.0,0.0,0.0,0.0,0.0,1.0,1.0,1.0,1.0,0.0,0.0,0.0,0.0,5,test/100/5/0,171
29.472939,-0.06259346,0.08297558,0.002701811,965.6879,-0.17993164,0.13902925,0.0034352238,66.0,0.0,0.21794495,-0.009774436,9.823773,0.021787113,0.05023475,0.005564189,4.0911536,0.018529415,0.025071513,177.2555,-12.618301,8.120635,725.17944,0.38727638,29.425133,965.82104,66.020424,0.2655911,-0.38040468,-0.025530847,0.018260092,0.0,0.0,0.0,0.0,0.0,0.0,0.0,0.0,0.0,0.0,0.0,0.0,0.0,0.0,0.0,0.0,0.0,1.0,1.0,1.0,1.0,0.0,0.0,0.0,0.0,5,test/100/5/0,172
29.472788,-0.00015068054,0.08041852,0.0052319705,965.9626,0.2746582,0.122084066,0.00050282874,66.0,0.0,0.21794495,-0.011278195,9.846028,0.022509422,-0.0021850357,0.0042487383,4.1498137,0.05866003,0.031303264,181.80847,4.5529785,7.9606466,754.4712,1.4190313,29.429897,965.8352,66.01838,0.2382786,0.36389974,-0.022977762,0.0,0.0007601494,0.0,0.0,0.0,0.0,0.0,0.0,0.0,0.0,0.0,0.0,0.0,0.0,0.0,0.0,0.0,0.0,1.0,1.0,1.0,1.0,0.0,0.0,0.0,0.0,5,test/100/5/0,173
29.426723,-0.046064377,0.07765528,0.003993046,965.79596,-0.16662598,0.122322425,-0.00073448697,66.0,0.0,0.21794495,-0.012781955,9.828345,0.022200482,-0.039939128,0.005223414,4.064765,-0.085048676,0.031265758,159.90565,-21.902817,8.609906,649.97894,-0.16088633,29.42958,965.8313,66.01654,-0.015871149,-0.100957036,-0.020679986,0.0,0.0,0.0,0.0,0.0,0.0,0.0,0.0,0.0,0.0,0.0,0.0,0.0,0.0,0.0,0.0,0.0,0.0,1.0,1.0,1.0,1.0,0.0,0.0,0.0,0.0,5,test/100/5/0,174
29.364853,-0.061870575,0.06883953,0.000600429,965.63464,-0.16131592,0.124686986,-0.0065486594,66.0,0.0,0.21794495,-0.014285714,9.812954,0.02217356,0.0022925723,0.0040377546,4.07985,0.01508522,0.031076921,180.81758,20.911926,8.510913,737.7087,-0.36847246,29.423107,965.81165,66.01489,-0.32363692,-0.5056737,-0.018611986,0.0,-0.008325024,0.0,0.0,0.0,0.0,0.0,0.0,0.0,0.0,0.0,0.0,0.0,0.0,0.0,0.0,0.0,0.0,1.0,1.0,1.0,1.0,0.0,0.0,0.0,0.0,5,test/100/5/0,175
29.411255,0.046401978,0.068866014,0.00054359867,965.83655,0.2019043,0.124002896,-0.0057323943,66.0,0.0,0.0,0.0,9.823801,0.021941815,0.026238121,0.001840547,4.033381,-0.04646921,0.030075064,183.7922,2.9746246,8.631629,741.30396,-0.23751979,29.421923,965.81415,66.0134,-0.05926333,0.064076155,-0.016750788,0.0,0.0,0.0,0.0,0.0,0.0,0.0,0.0,0.0,0.0,0.0,0.0,0.0,0.0,0.0,0.0,0.0,0.0,1.0,1.0,1.0,1.0,0.0,0.0,0.0,0.0,5,test/100/5/0,176
29.338806,-0.07244873,0.07116206,-0.0004883845,965.90936,0.07281494,0.12454753,-0.0039907815,66.0,0.0,0.0,0.0,9.7992,0.02179431,-0.035448384,0.0067876484,4.103157,0.06977606,0.030856881,187.05937,3.2671661,8.826087,767.534,0.18812399,29.41361,965.82367,66.01206,-0.41558066,0.24490696,-0.01507571,0.0,0.0,0.0,0.0,0.0,0.0,0.0,0.0,0.0,0.0,0.0,0.0,0.0,0.0,0.0,0.0,0.0,0.0,1.0,1.0,1.0,1.0,0.0,0.0,0.0,0.0,5,test/100/5/0,177
29.39661,0.057804108,0.06917828,0.0003880336,965.7887,-0.120666504,0.12504777,-0.004869688,66.0,0.0,0.0,0.0,9.818529,0.021798043,0.043930978,0.004231933,4.06753,-0.03562689,0.030509455,161.38936,-25.670013,9.303732,656.45605,-1.51666,29.411911,965.8201,66.01086,-0.08500204,-0.08986903,-0.013568139,0.0,0.0,0.0,0.0,0.0,0.0,0.0,0.0,0.0,0.0,0.0,0.0,0.0,0.0,0.0,0.0,0.0,0.0,1.0,1.0,1.0,1.0,0.0,0.0,0.0,0.0,5,test/100/5/0,178
29.351383,-0.04522705,0.07011584,-5.23517e-05,965.7482,-0.04046631,0.12487436,-0.0047956654,66.0,0.0,0.0,0.0,9.828342,0.016964443,-0.009516549,0.0057569123,4.0533576,-0.014172554,0.027682379,187.69298,26.30362,8.646226,760.78674,-0.013210073,29.405857,965.813,66.009766,-0.3026371,-0.18493836,-0.012211325,0.0,0.0,0.0,0.0,0.0,0.0,0.0,0.0,0.0,0.0,0.0,0.0,0.0,0.0,0.0,0.0,0.0,0.0,1.0,1.0,1.0,1.0,0.0,0.0,0.0,0.0,5,test/100/5/0,179
29.345715,-0.00566864,0.07097935,-0.0015513642,965.72614,-0.022094727,0.12485158,-0.00791034,66.0,0.0,0.0,0.0,9.775775,0.019179408,-0.062380947,0.0019315893,4.054307,0.0009493828,0.02797036,169.2797,-18.413284,8.595756,686.3118,-0.024914552,29.399843,965.80426,66.00879,-0.30071658,-0.22325952,-0.010990192,0.0,0.0,0.0,0.0,0.0,0.0,0.0,0.0,0.0,0.0,0.0,0.0,0.0,0.0,0.0,0.0,0.0,0.0,1.0,1.0,1.0,1.0,0.0,0.0,0.0,0.0,5,test/100/5/0,180
29.424437,0.078722,0.0663667,-0.0030455037,965.8249,0.09875488,0.11812803,-0.0051925774,66.0,0.0,0.0,0.0,9.811029,0.01879629,0.08782193,0.0055547995,4.1048126,0.050505638,0.027633622,180.06763,10.787933,8.590775,739.14386,0.5954172,29.402304,965.80634,66.00791,0.122965075,0.053007554,-0.009891173,0.0,0.0,0.0,0.0,0.0,0.0,0.0,0.0,0.0,0.0,0.0,0.0,0.0,0.0,0.0,0.0,0.0,0.0,1.0,1.0,1.0,1.0,0.0,0.0,0.0,0.0,5,test/100/5/0,181
29.479477,0.05504036,0.067076355,-0.0027843218,965.74475,-0.08013916,0.119135514,-0.0059315157,66.0,0.0,0.0,0.0,9.803935,0.018361142,-0.042348105,0.005905321,4.1275167,0.022704124,0.030025909,173.15005,-6.917572,8.459559,714.67975,0.99338925,29.41002,965.8002,66.00712,0.38587037,-0.15836532,-0.008902055,0.0,0.0,0.0,0.0,0.0,0.0,0.0,0.0,0.0,0.0,0.0,0.0,0.0,0.0,0.0,0.0,0.0,0.0,1.0,1.0,1.0,1.0,0.0,0.0,0.0,0.0,5,test/100/5/0,182
29.336912,-0.14256477,0.063650526,-0.0021080892,965.8382,0.093444824,0.118829355,-0.0062705134,66.0,0.0,0.0,0.0,9.843289,0.019400736,0.04644808,0.0050897105,4.1194663,-0.008050442,0.030459538,190.82321,17.673157,8.92536,786.0897,1.6905359,29.40271,965.80396,66.00641,-0.36554053,0.0977579,-0.0080118505,0.0,0.0,0.0,0.0,0.0,0.0,0.0,0.0,0.0,0.0,0.0,0.0,0.0,0.0,0.0,0.0,0.0,0.0,1.0,1.0,1.0,1.0,0.0,0.0,0.0,0.0,5,test/100/5/0,183
29.381935,0.045022964,0.06134313,-0.0012764178,965.93756,0.099365234,0.12083089,-0.0035284287,67.0,1.0,0.21794495,0.014285714,9.835398,0.019816488,-0.0472454,0.003916636,4.061802,-0.057664394,0.030146888,175.28952,-15.533691,8.911659,711.9913,1.2953888,29.400633,965.8173,66.10577,-0.103871666,0.34349272,1.1177894,0.0,0.0,0.14606996,0.0,0.0,0.0,0.0,0.0,0.0,0.0,0.0,0.0,0.0,0.0,0.0,0.0,0.0,0.0,1.0,1.0,1.0,1.0,0.0,0.0,0.0,0.0,5,test/100/5/0,184
29.177137,-0.20479774,0.07878049,-0.0048154946,965.7443,-0.1932373,0.114649676,-0.0018142127,66.0,-1.0,0.21794495,0.012781955,9.776379,0.021565268,-0.05112807,0.0032063536,5.1501927,1.0883908,0.23594892,103.414246,-71.875275,18.390772,532.6033,-1.7113122,29.378283,965.81006,66.09519,-1.1174732,-0.18775249,-0.1189896,-0.17120725,0.0,0.037418507,0.0,0.0,0.0,0.0,0.0,0.0,0.0,0.0,0.0,0.0,0.0,0.0,0.0,0.0,0.0,1.0,1.0,1.0,1.0,0.0,0.0,0.0,0.0,0,test/100/5/0,185
29.370447,0.19330978,0.076332666,-0.0065478347,965.83875,0.09442139,0.09078277,0.0034851534,66.0,0.0,0.21794495,0.011278195,9.832218,0.020541035,0.11485933,0.0017776622,5.14457,-0.005622864,0.3225963,103.98287,0.5686264,23.843998,534.94714,-4.2642665,29.377499,965.8129,66.08567,-0.03917698,0.07382061,-0.10709064,-0.122401714,0.0,0.0,0.0,0.0,0.0,0.0,0.0,0.0,0.0,0.0,0.0,0.0,0.0,0.0,0.0,0.0,0.0,1.0,1.0,1.0,1.0,0.0,0.0,0.0,0.0,0,test/100/5/0,186
29.351982,-0.018465042,0.07574667,-0.00628482,965.6677,-0.17102051,0.08863391,-0.0007648669,66.0,0.0,0.21794495,0.009774436,9.799303,0.020704735,-0.088755384,0.0047453796,5.1230354,-0.021534443,0.38006404,99.993004,-3.9898682,28.297998,512.26764,-7.058924,29.374947,965.7984,66.0771,-0.12758449,-0.37332848,-0.096381575,-0.093289,0.0,0.0,0.0,0.0,0.0,0.0,0.0,0.0,0.0,0.0,0.0,0.0,0.0,0.0,0.0,0.0,0.0,1.0,1.0,1.0,1.0,0.0,0.0,0.0,0.0,0,test/100/5/0,187
29.355162,0.0031795502,0.07592045,-0.0072526317,965.67444,0.006713867,0.09240877,-0.0029111474,66.0,0.0,0.21794495,0.008270676,9.807612,0.018865211,0.041224428,0.002596511,5.150101,0.027065754,0.42556605,103.353546,3.3605423,31.283903,532.28125,-8.9746275,29.372969,965.786,66.0694,-0.098928295,-0.3187314,-0.086743414,-0.059425708,0.0,0.0,0.0,0.0,0.0,0.0,0.0,0.0,0.0,0.0,0.0,0.0,0.0,0.0,0.0,0.0,0.0,1.0,1.0,1.0,1.0,0.0,0.0,0.0,0.0,0,test/100/5/0,188
29.310413,-0.044748306,0.0745611,-0.006903218,965.9488,0.27435303,0.09617658,-0.002037794,67.0,1.0,0.3,0.021052632,9.7993355,0.019117989,-0.016585443,0.0007441484,5.1802306,0.030129433,0.46304482,104.340126,0.9865799,33.775814,540.5059,-11.510562,29.366713,965.80225,66.16245,-0.31277698,0.41862097,1.0469309,-0.074160025,0.0,0.1427965,0.0,0.0,0.0,0.0,0.0,0.0,0.0,0.0,0.0,0.0,0.0,0.0,0.0,0.0,0.0,1.0,1.0,1.0,1.0,0.0,0.0,0.0,0.0,0,test/100/5/0,189
29.40627,0.09585571,0.074192256,-0.0071684658,965.8426,-0.10620117,0.094437405,-6.49359e-05,66.0,-1.0,0.3,0.018045112,9.788992,0.019724766,-0.0020669624,0.0029395286,5.136767,-0.043463707,0.48791265,103.826225,-0.51390076,35.40581,533.3311,-12.5988455,29.370668,965.80634,66.14621,0.19777927,0.103670135,-0.18276216,0.0,0.0,0.03093707,0.0,0.0,0.0,0.0,0.0,0.0,0.0,0.0,0.0,0.0,0.0,0.0,0.0,0.0,0.0,1.0,1.0,1.0,1.0,0.0,0.0,0.0,0.0,0,test/100/5/0,190
29.4949,0.088630676,0.07052273,-0.003237852,966.05194,0.20935059,0.10843804,0.0045756632,66.0,0.0,0.3,0.015037594,9.786869,0.020324329,0.008220593,0.0076826364,5.1484766,0.01170969,0.50739443,105.496735,1.6705093,36.120808,543.1475,-12.766465,29.383091,965.8309,66.13159,0.6211547,0.6316332,-0.16448595,0.012267916,0.051917594,0.0,0.0,0.0,0.0,0.0,0.0,0.0,0.0,0.0,0.0,0.0,0.0,0.0,0.0,0.0,0.0,1.0,1.0,1.0,1.0,0.0,0.0,0.0,0.0,0,test/100/5/0,191
29.332508,-0.16239166,0.06822244,-0.0025543356,965.83844,-0.21350098,0.1048546,0.0030484078,66.0,0.0,0.3,0.012030075,9.816095,0.020171305,0.031348422,0.003423418,5.1526456,0.0041689873,0.5216449,100.9803,-4.5164337,37.224415,520.3157,-13.673738,29.378033,965.8316,66.11843,-0.25291905,0.01946737,-0.14803736,0.0,0.0,0.0,0.0,0.0,0.0,0.0,0.0,0.0,0.0,0.0,0.0,0.0,0.0,0.0,0.0,0.0,0.0,1.0,1.0,1.0,1.0,0.0,0.0,0.0,0.0,0,test/100/5/0,192
29.461231,0.12872314,0.067448884,0.00017687719,966.00635,0.16790771,0.10825611,0.008030207,66.0,0.0,0.3,0.009022556,9.825437,0.018875238,-0.019883879,0.0058693145,5.153555,0.00090932846,0.5327167,102.85419,1.8738861,37.595646,530.0647,-13.671171,29.386353,965.8491,66.10659,0.41598856,0.44928333,-0.13323362,0.0,0.022684377,0.0,0.0,0.0,0.0,0.0,0.0,0.0,0.0,0.0,0.0,0.0,0.0,0.0,0.0,0.0,0.0,1.0,1.0,1.0,1.0,0.0,0.0,0.0,0.0,0,test/100/5/0,193
29.357471,-0.103759766,0.066522524,0.00071585376,965.9225,-0.083862305,0.11034805,0.00911723,66.0,0.0,0.3,0.0060150377,9.845721,0.02003437,0.010942424,0.0041888678,5.1411023,-0.012452602,0.53428525,96.008095,-6.846092,38.79357,493.58746,-15.502132,29.383465,965.85645,66.09593,-0.14440912,0.18870907,-0.119910255,0.0,0.0,0.0,0.0,0.0,0.0,0.0,0.0,0.0,0.0,0.0,0.0,0.0,0.0,0.0,0.0,0.0,0.0,1.0,1.0,1.0,1.0,0.0,0.0,0.0,0.0,0,test/100/5/0,194
29.413141,0.055669785,0.06707714,0.0011773475,965.99786,0.07537842,0.107163765,0.008543729,66.0,0.0,0.3,0.0030075188,9.803757,0.020101402,-0.062248003,0.0047171456,5.121485,-0.01961708,0.5304045,107.59504,11.586945,38.284733,551.0464,-14.8918705,29.386433,965.8706,66.086334,0.14838071,0.36366838,-0.10791923,0.0,0.014332567,0.0,0.0,0.0,0.0,0.0,0.0,0.0,0.0,0.0,0.0,0.0,0.0,0.0,0.0,0.0,0.0,1.0,1.0,1.0,1.0,0.0,0.0,0.0,0.0,0,test/100/5/0,195
29.471077,0.057935715,0.06990747,0.003126543,965.8587,-0.13916016,0.10719135,0.008623992,66.0,0.0,0.3,0.0,9.806557,0.019904878,0.04476392,0.0070001613,5.1591897,0.037704468,0.51987463,101.517426,-6.077614,37.44907,523.7477,-14.334127,29.394897,965.8694,66.077705,0.42322123,-0.03053886,-0.09712731,0.0,0.0,0.0,0.0,0.0,0.0,0.0,0.0,0.0,0.0,0.0,0.0,0.0,0.0,0.0,0.0,0.0,0.0,1.0,1.0,1.0,1.0,0.0,0.0,0.0,0.0,0,test/100/5/0,196
29.321892,-0.14918518,0.070474714,0.0017106364,965.9695,0.11077881,0.109752186,0.011403203,66.0,0.0,0.3,-0.0030075188,9.766705,0.021956053,-0.042652097,0.0035331622,5.1439,-0.0152897835,0.5071925,100.11263,-1.4047928,35.92592,514.9693,-13.160479,29.387596,965.8794,66.06993,-0.3650268,0.25737482,-0.08741458,-0.0023621363,0.0,0.0,0.0,0.0,0.0,0.0,0.0,0.0,0.0,0.0,0.0,0.0,0.0,0.0,0.0,0.0,0.0,1.0,1.0,1.0,1.0,0.0,0.0,0.0,0.0,0,test/100/5/0,197
29.380428,0.05853653,0.07033774,0.0020690975,965.7903,-0.17919922,0.10970948,0.009626758,66.0,0.0,0.3,-0.0060150377,9.830695,0.022388002,0.10384246,0.009614401,5.1602087,0.016308784,0.48650333,101.48573,1.3731003,35.559147,523.68756,-13.236349,29.386879,965.8705,66.062935,-0.03584148,-0.22916065,-0.07867312,0.0,0.0,0.0,0.0,0.0,0.0,0.0,0.0,0.0,0.0,0.0,0.0,0.0,0.0,0.0,0.0,0.0,0.0,1.0,1.0,1.0,1.0,0.0,0.0,0.0,0.0,0,test/100/5/0,198
29.431402,0.050973892,0.07108441,0.0024659794,965.9366,0.14630127,0.10876996,0.009299004,66.0,0.0,0.3,-0.009022556,9.837025,0.022835225,-0.057660926,0.0039513404,5.1540446,-0.006164074,0.45696977,100.2507,-1.2350311,32.92974,516.6966,-11.565112,29.391333,965.8771,66.05665,0.22261213,0.16995868,-0.07080581,0.0,0.0,0.0,0.0,0.0,0.0,0.0,0.0,0.0,0.0,0.0,0.0,0.0,0.0,0.0,0.0,0.0,0.0,1.0,1.0,1.0,1.0,0.0,0.0,0.0,0.0,0,test/100/5/0,199
29.260548,-0.17085457,0.07544008,0.00021224775,965.7716,-0.16497803,0.10643988,0.005982317,66.0,0.0,0.3,-0.012030075,9.820919,0.021575991,-0.022435173,0.0045747366,5.144563,-0.00948143,0.41807234,98.20396,-2.0467453,31.34538,505.21643,-10.866744,29.378254,965.8666,66.05098,-0.6539219,-0.2712664,-0.063725226,-0.06879903,0.0,0.0,0.0,0.0,0.0,0.0,0.0,0.0,0.0,0.0,0.0,0.0,0.0,0.0,0.0,0.0,0.0,1.0,1.0,1.0,1.0,0.0,0.0,0.0,0.0,0,test/100/5/0,200
29.335964,0.075416565,0.07505952,0.000406945,965.8519,0.080322266,0.106153026,0.005304001,67.0,1.0,0.35707143,-0.0007518797,9.797764,0.021794239,-0.0070498874,0.0047070305,5.1495123,0.004949093,0.37348428,99.232315,1.0283585,28.075909,510.99802,-8.979268,29.374025,965.8651,66.14588,-0.21144691,-0.037596796,1.0676473,-0.05062589,0.0,0.14249647,0.0,0.0,0.0,0.0,0.0,0.0,0.0,0.0,0.0,0.0,0.0,0.0,0.0,0.0,0.0,1.0,1.0,1.0,1.0,0.0,0.0,0.0,0.0,0,test/100/5/0,201
29.389208,0.053243637,0.07103817,0.0023643652,965.8833,0.03137207,0.10276571,0.0037678424,66.0,-1.0,0.35707143,-0.005263158,9.78443,0.022521788,0.009821843,0.0037642075,5.1500072,0.00049495697,0.31756687,97.75631,-1.4760056,24.683048,503.4457,-7.2428813,29.375544,965.8669,66.131294,0.07591597,0.04683392,-0.16411744,0.0,0.0,0.03034301,0.0,0.0,0.0,0.0,0.0,0.0,0.0,0.0,0.0,0.0,0.0,0.0,0.0,0.0,0.0,1.0,1.0,1.0,1.0,0.0,0.0,0.0,0.0,0,test/100/5/0,202
29.366266,-0.02294159,0.0707038,0.0018787686,965.84705,-0.036254883,0.102652974,0.002980856,66.0,0.0,0.35707143,-0.009774436,9.765442,0.023188276,-0.0056546545,0.0053351303,5.124422,-0.025585175,0.23682424,104.45126,6.694954,16.248627,535.2523,-3.6069434,29.374615,965.8649,66.118164,-0.046383575,-0.05107631,-0.14770569,0.0,0.0,0.0,0.0,0.0,0.0,0.0,0.0,0.0,0.0,0.0,0.0,0.0,0.0,0.0,0.0,0.0,0.0,1.0,1.0,1.0,1.0,0.0,0.0,0.0,0.0,0,test/100/5/0,203
29.377382,0.011116028,0.07066739,0.0022187198,965.78894,-0.05810547,0.10280077,0.0029194078,66.0,0.0,0.3,0.0015037594,9.801903,0.022217862,0.055449415,0.008489758,5.1606736,0.036251545,0.013543196,100.062965,-4.388298,2.8060205,516.3923,-1.0332111,29.374891,965.8573,66.106346,0.013834922,-0.19538274,-0.13293512,0.0,0.0,0.0,0.0,0.0,0.0,0.0,0.0,0.0,0.0,0.0,0.0,0.0,0.0,0.0,0.0,0.0,0.0,1.0,1.0,1.0,1.0,0.0,0.0,0.0,0.0,0,test/100/5/0,204
29.430605,0.053222656,0.056583446,9.219234e-05,965.84985,0.060913086,0.099295504,0.00090052094,67.0,1.0,0.35707143,0.012781955,9.837046,0.022291124,-0.0013180493,0.0028253293,5.149939,-0.010734558,0.013540725,105.03805,4.9750824,2.8757443,540.9396,-0.64711136,29.380463,965.85657,66.19572,0.27856472,-0.01921082,1.0053583,0.0,0.0,0.13914934,0.0,0.0,0.0,0.0,0.0,0.0,0.0,0.0,0.0,0.0,0.0,0.0,0.0,0.0,0.0,1.0,1.0,1.0,1.0,0.0,0.0,0.0,0.0,0,test/100/5/0,205
29.434254,0.003648758,0.057691257,0.0006888956,965.5852,-0.26464844,0.11672923,-0.0035668854,66.0,-1.0,0.35707143,0.008270676,9.834739,0.022436054,-0.037450336,0.004182419,5.1578193,0.007880211,0.013708082,98.70728,-6.330765,2.9076807,509.11432,-0.69118536,29.385843,965.82947,66.17614,0.26895204,-0.6978143,-0.22017744,0.0,-0.047185913,0.023715695,0.0,0.0,0.0,0.0,0.0,0.0,0.0,0.0,0.0,0.0,0.0,0.0,0.0,0.0,0.0,1.0,1.0,1.0,1.0,0.0,0.0,0.0,0.0,0,test/100/5/0,206
29.352749,-0.08150482,0.057670146,-0.0002662587,965.90027,0.31506348,0.10889673,-0.0058524455,66.0,0.0,0.35707143,0.0037593986,9.818314,0.022457903,-0.014117072,0.002532027,5.149287,-0.008532047,0.0124454675,99.53215,0.82486725,2.9218252,512.5196,-1.0058638,29.382532,965.83655,66.15853,-0.16546728,0.18213037,-0.19815971,0.0,0.0,0.0,0.0,0.0,0.0,0.0,0.0,0.0,0.0,0.0,0.0,0.0,0.0,0.0,0.0,0.0,0.0,1.0,1.0,1.0,1.0,0.0,0.0,0.0,0.0,0,test/100/5/0,207
29.396328,0.0435791,0.05733267,-0.000549804,965.8113,-0.08898926,0.10064432,-0.009652962,66.0,0.0,0.35707143,-0.0007518797,9.814786,0.022493841,0.012896419,0.007272143,5.1444287,-0.004858494,0.012490731,99.71746,0.18531036,2.9164596,512.9893,-0.9982062,29.383913,965.834,66.14268,0.06897496,-0.06491219,-0.17834373,0.0,0.0,0.0,0.0,0.0,0.0,0.0,0.0,0.0,0.0,0.0,0.0,0.0,0.0,0.0,0.0,0.0,0.0,1.0,1.0,1.0,1.0,0.0,0.0,0.0,0.0,0,test/100/5/0,208
29.398819,0.0024909973,0.054664988,-0.0015662201,965.9345,0.12322998,0.10015097,-0.007566937,67.0,1.0,0.35707143,0.02481203,9.798434,0.022514315,-0.012824155,0.0045802677,5.1359963,-0.008432388,0.010550508,99.84767,0.13021088,2.850418,512.81726,-0.834133,29.385403,965.84406,66.22841,0.07453244,0.2584561,0.96449065,0.0,0.0,0.13606206,0.0,0.0,0.0,0.0,0.0,0.0,0.0,0.0,0.0,0.0,0.0,0.0,0.0,0.0,0.0,1.0,1.0,1.0,1.0,0.0,0.0,0.0,0.0,0,test/100/5/0,209
29.400328,0.0015087128,0.054595247,-0.0011805126,965.9319,-0.0026245117,0.10073204,-0.007173788,66.0,-1.0,0.35707143,0.020300752,9.829685,0.022445513,0.047603335,0.0020410537,5.1603403,0.024343967,0.010668613,97.20806,-2.6396103,2.902329,501.62668,-0.9015746,29.386896,965.85284,66.20557,0.074622765,0.22586176,-0.25695843,0.0,0.0,0.01760287,0.0,0.0,0.0,0.0,0.0,0.0,0.0,0.0,0.0,0.0,0.0,0.0,0.0,0.0,0.0,1.0,1.0,1.0,1.0,0.0,0.0,0.0,0.0,0,test/100/5/0,210
29.375097,-0.025230408,0.049087275,0.00025312667,965.6744,-0.25750732,0.1014416,-0.0072880564,66.0,0.0,0.35707143,0.015789473,9.818255,0.021782832,-0.042680543,0.0057631955,5.1682086,0.00786829,0.011536741,100.920235,3.7121735,2.696339,521.57684,-0.48134208,29.385715,965.83496,66.18501,-0.05899155,-0.45888612,-0.23126258,0.0,0.0,0.0,0.0,0.0,0.0,0.0,0.0,0.0,0.0,0.0,0.0,0.0,0.0,0.0,0.0,0.0,0.0,1.0,1.0,1.0,1.0,0.0,0.0,0.0,0.0,0,test/100/5/0,211
29.404064,0.028966904,0.047769453,-0.00028334596,965.97217,0.29779053,0.10432977,-0.0059514786,66.0,0.0,0.35707143,0.011278195,9.86527,0.024619566,0.05844386,0.0021054742,5.1411805,-0.027028084,0.01162913,100.37787,-0.542366,2.6949975,516.0607,-0.46797693,29.38755,965.8487,66.16651,0.09174212,0.3527496,-0.20813632,0.0,0.0,0.0,0.0,0.0,0.0,0.0,0.0,0.0,0.0,0.0,0.0,0.0,0.0,0.0,0.0,0.0,0.0,1.0,1.0,1.0,1.0,0.0,0.0,0.0,0.0,0,test/100/5/0,212
29.389858,-0.014205933,0.04472801,0.00090210704,965.7366,-0.2355957,0.10250395,-0.0055304733,66.0,0.0,0.35707143,0.006766917,9.766876,0.026622178,-0.14540799,0.003741002,5.173389,0.032208443,0.012804768,97.48968,-2.8881912,2.7185743,504.35202,-0.46154872,29.387781,965.83746,66.14986,0.011538248,-0.2883429,-0.18732269,0.0,0.0,0.0,0.0,0.0,0.0,0.0,0.0,0.0,0.0,0.0,0.0,0.0,0.0,0.0,0.0,0.0,0.0,1.0,1.0,1.0,1.0,0.0,0.0,0.0,0.0,0,test/100/5/0,213
29.47943,0.089571,0.048778713,0.0018361615,965.754,0.017456055,0.103179544,-0.005778561,67.0,1.0,0.4,0.016541352,9.766625,0.027219426,0.09814237,0.0042381585,5.1670613,-0.006327629,0.013198885,99.333336,1.8436584,2.548876,513.2615,-0.8651332,29.396946,965.82916,66.23487,0.4582394,-0.21462162,0.9564096,0.0005253319,0.0,0.13375016,0.0,0.0,0.0,0.0,0.0,0.0,0.0,0.0,0.0,0.0,0.0,0.0,0.0,0.0,0.0,1.0,1.0,1.0,1.0,0.0,0.0,0.0,0.0,0,test/100/5/0,214
29.349468,-0.12996101,0.049268723,0.0016092315,965.7872,0.03314209,0.09734926,-0.0041096853,66.0,-1.0,0.4,0.010526316,9.794908,0.027360618,0.02853283,0.0036558895,5.132116,-0.034945488,0.012183324,100.33889,1.0055542,1.9512502,514.9508,-0.36692327,29.392199,965.82495,66.21139,-0.2373896,-0.10793693,-0.26423138,0.0,0.0,0.013025304,0.0,0.0,0.0,0.0,0.0,0.0,0.0,0.0,0.0,0.0,0.0,0.0,0.0,0.0,0.0,1.0,1.0,1.0,1.0,0.0,0.0,0.0,0.0,0,test/100/5/0,215
29.470243,0.12077522,0.049198106,0.004118185,965.6707,-0.11645508,0.10319396,-0.005984887,66.0,0.0,0.4,0.004511278,9.838408,0.028156219,0.015219119,0.008641772,5.1597877,0.027671814,0.01220333,97.69607,-2.6428223,1.9878157,504.09094,-0.40060732,29.400003,965.8095,66.19025,0.39022547,-0.39659914,-0.23780824,0.0,0.0,0.0,0.0,0.0,0.0,0.0,0.0,0.0,0.0,0.0,0.0,0.0,0.0,0.0,0.0,0.0,0.0,1.0,1.0,1.0,1.0,0.0,0.0,0.0,0.0,0,test/100/5/0,216
29.25282,-0.2174244,0.055662327,0.001166774,965.90405,0.2333374,0.09944711,-0.0024948693,66.0,0.0,0.4,-0.0015037594,9.76318,0.028432721,-0.118729554,0.0032986477,5.16844,0.00865221,0.0126197385,99.80146,2.1053925,1.9872153,515.8178,-0.37581173,29.385284,965.819,66.17122,-0.73591906,0.24307121,-0.21402742,-0.07355298,0.0,0.0,0.0,0.0,0.0,0.0,0.0,0.0,0.0,0.0,0.0,0.0,0.0,0.0,0.0,0.0,0.0,1.0,1.0,1.0,1.0,0.0,0.0,0.0,0.0,0,test/100/5/0,217
29.425003,0.17218399,0.056372054,0.0017032637,965.7191,-0.18493652,0.10166269,-0.0043778727,67.0,1.0,0.4330127,0.006766917,9.794313,0.028164104,0.10636245,0.0061497907,5.154175,-0.01426506,0.012505151,98.348495,-1.4529648,1.9774846,506.90533,-0.3419564,29.389256,965.809,66.2541,0.19859283,-0.25678697,0.9323753,0.0,0.0,0.13108201,0.0,0.0,0.0,0.0,0.0,0.0,0.0,0.0,0.0,0.0,0.0,0.0,0.0,0.0,0.0,1.0,1.0,1.0,1.0,0.0,0.0,0.0,0.0,0,test/100/5/0,218
29.487482,0.06247902,0.0598486,0.0038701324,965.9244,0.20526123,0.10096836,-0.0009115348,66.0,-1.0,0.4330127,-0.0007518797,9.802264,0.027343897,-0.023182604,0.0080740675,5.15435,0.00017499924,0.012507495,97.56171,-0.78678894,2.0273244,502.8672,-0.45093614,29.399078,965.82056,66.22869,0.49112862,0.29670632,-0.2858622,0.009834081,0.0,0.0077423947,0.0,0.0,0.0,0.0,0.0,0.0,0.0,0.0,0.0,0.0,0.0,0.0,0.0,0.0,0.0,1.0,1.0,1.0,1.0,0.0,0.0,0.0,0.0,0,test/100/5/0,219
28.242426,-0.055290222,0.04549834,0.00020483347,970.19775,-0.2064209,0.07766639,0.00030522168,0.0,0.0,0.0,0.0,9.818269,0.024710529,0.002399899,0.0020073962,5.0162525,-0.024677753,0.012802459,162.65842,-1.8122864,2.4869244,815.93567,1.6983057,28.271778,970.2629,0.0,-0.16306545,-0.18600744,0.0,0.0,0.0,0.0,0.0,0.0,0.0,0.0,0.0,0.0,0.0,0.0,0.0,0.0,0.0,0.0,0.0,0.0,0.0,1.0,0.0,1.0,1.0,0.0,0.0,0.0,0.0,0,test/100/6/0,19
28.211437,-0.030988693,0.047401648,-0.0006780524,970.22906,0.031311035,0.07753338,0.00041554385,0.0,0.0,0.0,0.0,9.759853,0.026230823,-0.069526546,0.0070666983,5.037908,0.02165556,0.013092551,159.49837,-3.1600494,2.3819494,803.53815,1.4447132,28.265743,970.25946,0.0,-0.30170238,-0.086892605,0.0,0.0,0.0,0.0,0.0,0.0,0.0,0.0,0.0,0.0,0.0,0.0,0.0,0.0,0.0,0.0,0.0,0.0,0.0,1.0,0.0,1.0,1.0,0.0,0.0,0.0,0.0,0,test/100/6/0,20
28.31476,0.10332298,0.04576471,-0.0010865993,970.26025,0.031188965,0.0750532,0.0018838753,0.0,0.0,0.0,0.0,9.830188,0.026907945,0.12874971,0.00227433,5.02662,-0.011288166,0.0128123555,159.86986,0.37149048,2.1797729,803.60504,1.1308595,28.270645,970.2596,0.0,0.24508278,0.0019968494,0.0,0.0,0.0,0.0,0.0,0.0,0.0,0.0,0.0,0.0,0.0,0.0,0.0,0.0,0.0,0.0,0.0,0.0,0.0,1.0,0.0,1.0,1.0,0.0,0.0,0.0,0.0,0,test/100/6/0,21
28.416513,0.101753235,0.055206247,0.0010225066,970.152,-0.10827637,0.077933915,0.00049181486,0.0,0.0,0.0,0.0,9.797405,0.02311903,-0.103117704,0.0028876178,5.0009384,-0.025681496,0.013459476,162.61646,2.7465973,1.9494746,813.2349,0.9049073,28.285233,970.2488,0.0,0.7293407,-0.27662778,0.0,0.07099618,0.0,0.0,0.0,0.0,0.0,0.0,0.0,0.0,0.0,0.0,0.0,0.0,0.0,0.0,0.0,0.0,0.0,1.0,0.0,1.0,1.0,0.0,0.0,0.0,0.0,0,test/100/6/0,22
28.346502,-0.07001114,0.05697667,0.0019394996,970.2504,0.09844971,0.07766533,0.0001385911,0.0,0.0,0.0,0.0,9.795532,0.023182204,0.030910462,0.005325355,5.013034,0.012095451,0.013623993,162.88866,0.27220154,1.7142148,816.56635,0.6969101,28.291359,970.24896,0.0,0.30635092,0.0041913874,0.0,0.06098228,0.0,0.0,0.0,0.0,0.0,0.0,0.0,0.0,0.0,0.0,0.0,0.0,0.0,0.0,0.0,0.0,0.0,1.0,0.0,1.0,1.0,0.0,0.0,0.0,0.0,0,test/100/6/0,23
28.291803,-0.054698944,0.056476198,0.002569778,970.1938,-0.056640625,0.07842852,-0.00081901834,0.0,0.0,0.0,0.0,9.817297,0.02157341,0.02363791,0.005872365,4.9926724,-0.020361423,0.014420675,162.36174,-0.5269165,1.7178172,810.619,0.5805369,28.291403,970.24347,0.0,0.0022211003,-0.14187507,0.0,0.0,0.0,0.0,0.0,0.0,0.0,0.0,0.0,0.0,0.0,0.0,0.0,0.0,0.0,0.0,0.0,0.0,0.0,1.0,0.0,1.0,1.0,0.0,0.0,0.0,0.0,0,test/100/6/0,24
28.244442,-0.047361374,0.056855533,0.0023595092,970.22125,0.02746582,0.0770861,-0.00010215358,0.0,0.0,0.0,0.0,9.834226,0.022288678,-0.004836356,0.004745726,5.02196,0.029287338,0.014325122,161.53073,-0.8310089,1.6583524,811.2008,0.47460344,28.286707,970.2412,0.0,-0.23480788,-0.05706117,0.0,0.0,0.0,0.0,0.0,0.0,0.0,0.0,0.0,0.0,0.0,0.0,0.0,0.0,0.0,0.0,0.0,0.0,0.0,1.0,0.0,1.0,1.0,0.0,0.0,0.0,0.0,0,test/100/6/0,25
28.24402,-0.00042152405,0.057219543,0.001483117,970.2227,0.0014648438,0.0760723,0.000545691,0.0,0.0,0.0,0.0,9.78452,0.022258729,-0.06663417,0.004806447,5.040807,0.018846989,0.014815726,161.05898,-0.47175598,1.6583929,811.8672,0.5212059,28.282438,970.2394,0.0,-0.21343471,-0.04758831,0.0,0.0,0.0,0.0,0.0,0.0,0.0,0.0,0.0,0.0,0.0,0.0,0.0,0.0,0.0,0.0,0.0,0.0,0.0,1.0,0.0,1.0,1.0,0.0,0.0,0.0,0.0,0,test/100/6/0,26
28.26817,0.024148941,0.056790654,0.0007929838,970.2491,0.026367188,0.07517762,-7.6316894e-05,0.0,0.0,0.0,0.0,9.824753,0.02250717,0.08993841,0.0052741687,5.022329,-0.018477917,0.014618938,159.92297,-1.1360016,1.3441077,803.1858,0.05070149,28.281012,970.24036,0.0,-0.07134654,0.024971858,0.0,0.0,0.0,0.0,0.0,0.0,0.0,0.0,0.0,0.0,0.0,0.0,0.0,0.0,0.0,0.0,0.0,0.0,0.0,1.0,0.0,1.0,1.0,0.0,0.0,0.0,0.0,0,test/100/6/0,27
28.291548,0.023378372,0.05652889,0.00054419093,970.1207,-0.12835693,0.07944169,-0.001975061,0.0,0.0,0.0,0.0,9.8722515,0.026914574,0.007265129,0.003291119,5.018509,-0.0038199425,0.014426633,163.24873,3.32576,1.4006308,819.2652,0.16554038,28.282064,970.2284,0.0,0.05267998,-0.307586,0.0,0.0,0.0,0.0,0.0,0.0,0.0,0.0,0.0,0.0,0.0,0.0,0.0,0.0,0.0,0.0,0.0,0.0,0.0,1.0,0.0,1.0,1.0,0.0,0.0,0.0,0.0,0,test/100/6/0,28
28.187084,-0.10446358,0.0597273,-0.00034232033,970.1777,0.0569458,0.074536115,-0.00074260967,0.0,0.0,0.0,0.0,9.833509,0.027222136,-0.08624007,0.0087270355,5.0298114,0.011302471,0.0136185,161.09361,-2.1551208,1.4026959,810.27045,0.10891783,28.272568,970.2233,0.0,-0.4749059,-0.13039535,0.0,-0.007906035,0.0,0.0,0.0,0.0,0.0,0.0,0.0,0.0,0.0,0.0,0.0,0.0,0.0,0.0,0.0,0.0,0.0,1.0,0.0,1.0,1.0,0.0,0.0,0.0,0.0,0,test/100/6/0,29
28.333126,0.14604187,0.060688376,8.9936504e-05,970.177,-0.0006713867,0.065975554,-0.0039464505,0.0,0.0,0.0,0.0,9.765087,0.028667623,-0.029680422,0.002375634,5.031908,0.002096653,0.013721248,155.81865,-5.2749634,1.8615777,784.0651,-0.263013,28.278624,970.2187,0.0,0.30279404,-0.11908224,0.0,0.0,0.0,0.0,0.0,0.0,0.0,0.0,0.0,0.0,0.0,0.0,0.0,0.0,0.0,0.0,0.0,0.0,0.0,1.0,0.0,1.0,1.0,0.0,0.0,0.0,0.0,0,test/100/6/0,30
28.242369,-0.09075737,0.058493428,-0.0017370167,970.3003,0.123291016,0.0619932,-0.0047695073,0.0,0.0,0.0,0.0,9.795257,0.027863678,0.09859246,0.0023255893,5.0504518,0.01854372,0.014730796,160.20653,4.3878784,1.8623226,809.11536,-0.3154908,28.274998,970.22687,0.0,-0.18127222,0.20986003,0.0,0.0,0.0,0.0,0.0,0.0,0.0,0.0,0.0,0.0,0.0,0.0,0.0,0.0,0.0,0.0,0.0,0.0,0.0,1.0,0.0,1.0,1.0,0.0,0.0,0.0,0.0,0,test/100/6/0,31
28.36296,0.12059212,0.06038344,-0.0011549498,970.23413,-0.06616211,0.061095502,-0.004117441,0.0,0.0,0.0,0.0,9.822138,0.025955278,-0.0032887005,0.0055621895,5.0305705,-0.019881248,0.014757645,159.8455,-0.36102295,1.8794507,804.1141,-0.43518686,28.283794,970.2276,0.0,0.43981558,0.018742882,0.0,0.008861075,0.0,0.0,0.0,0.0,0.0,0.0,0.0,0.0,0.0,0.0,0.0,0.0,0.0,0.0,0.0,0.0,0.0,1.0,0.0,1.0,1.0,0.0,0.0,0.0,0.0,0,test/100/6/0,32
28.198515,-0.16444588,0.06002001,-0.0010802032,970.22797,-0.006164551,0.059995368,-0.0034421075,0.0,0.0,0.0,0.0,9.847973,0.026177585,-0.0010462119,0.002342486,5.0677266,0.037156105,0.017468004,166.15744,6.3119354,2.151003,842.04047,0.17766903,28.275267,970.2276,0.0,-0.42639536,0.0010168924,0.0,0.0,0.0,0.0,0.0,0.0,0.0,0.0,0.0,0.0,0.0,0.0,0.0,0.0,0.0,0.0,0.0,0.0,0.0,1.0,0.0,1.0,1.0,0.0,0.0,0.0,0.0,0,test/100/6/0,33
28.192312,-0.0062026978,0.060826182,-0.0012700246,970.20233,-0.025634766,0.06027789,-0.004160716,0.0,0.0,0.0,0.0,9.805571,0.02618965,-0.068237275,0.0033112867,5.024273,-0.043453693,0.017429937,162.74936,-3.408081,2.1733906,817.69727,0.2430842,28.266972,970.2251,0.0,-0.41476932,-0.06500277,0.0,-0.001008998,0.0,0.0,0.0,0.0,0.0,0.0,0.0,0.0,0.0,0.0,0.0,0.0,0.0,0.0,0.0,0.0,0.0,1.0,0.0,1.0,1.0,0.0,0.0,0.0,0.0,0,test/100/6/0,34
28.306208,0.113895416,0.06076103,-0.00020420963,970.26587,0.0635376,0.06063243,-0.0034635845,0.0,0.0,0.0,0.0,9.788382,0.026396979,0.025212927,0.0046753883,5.024746,0.00047302246,0.017381726,162.42627,-0.3230896,2.101174,816.1507,0.094328456,28.270895,970.2292,0.0,0.19618471,0.10487991,0.0,0.0,0.0,0.0,0.0,0.0,0.0,0.0,0.0,0.0,0.0,0.0,0.0,0.0,0.0,0.0,0.0,0.0,0.0,1.0,0.0,1.0,1.0,0.0,0.0,0.0,0.0,0,test/100/6/0,35
28.407885,0.10167694,0.066081524,0.00085123535,970.199,-0.06689453,0.059012424,-0.0028950856,0.0,0.0,0.0,0.0,9.780556,0.027008707,0.009363111,0.007915824,5.046064,0.021317959,0.017337972,161.40239,-1.02388,2.0917501,814.44684,0.107289664,28.284594,970.22614,0.0,0.68495095,-0.07762259,0.0,0.05958879,0.0,0.0,0.0,0.0,0.0,0.0,0.0,0.0,0.0,0.0,0.0,0.0,0.0,0.0,0.0,0.0,0.0,1.0,0.0,1.0,1.0,0.0,0.0,0.0,0.0,0,test/100/6/0,36
28.331657,-0.07622719,0.06580041,0.00074248493,970.2633,0.064331055,0.0578987,-0.0014335919,0.0,0.0,0.0,0.0,9.809509,0.026901647,0.03677966,0.0041332385,5.0355844,-0.01047945,0.016491728,159.97426,-1.4281311,2.118823,805.5639,-0.022522064,28.289299,970.22986,0.0,0.2353199,0.095562376,0.0,0.03148893,0.0,0.0,0.0,0.0,0.0,0.0,0.0,0.0,0.0,0.0,0.0,0.0,0.0,0.0,0.0,0.0,0.0,1.0,0.0,1.0,1.0,0.0,0.0,0.0,0.0,0,test/100/6/0,37
28.182493,-0.1491642,0.06951203,-0.00056841713,970.19403,-0.0692749,0.04166381,0.0008797323,0.0,0.0,0.0,0.0,9.80411,0.026922954,-0.034353167,0.006117879,5.0357094,0.00012493134,0.016335938,164.55849,4.5842285,2.1250749,828.66876,0.4830141,28.27862,970.22626,0.0,-0.53403306,-0.09212933,0.0,-0.015075863,0.0,0.0,0.0,0.0,0.0,0.0,0.0,0.0,0.0,0.0,0.0,0.0,0.0,0.0,0.0,0.0,0.0,1.0,0.0,1.0,1.0,0.0,0.0,0.0,0.0,0,test/100/6/0,38
28.121498,-0.060995102,0.077399805,-0.0034504137,970.0775,-0.11651611,0.051509116,-0.0014147307,0.0,0.0,0.0,0.0,9.813645,0.0268649,0.01493582,0.006244901,5.0086803,-0.027029037,0.016696706,162.43953,-2.1189575,2.1196082,813.60767,0.566392,28.262907,970.2114,0.0,-0.7856053,-0.38252926,0.0,-0.09582254,-0.012675408,0.0,0.0,0.0,0.0,0.0,0.0,0.0,0.0,0.0,0.0,0.0,0.0,0.0,0.0,0.0,0.0,1.0,0.0,1.0,1.0,0.0,0.0,0.0,0.0,0,test/100/6/0,39
28.28509,0.16359138,0.07603931,-0.0043028393,970.1297,0.05218506,0.054239027,-0.002288497,0.0,0.0,0.0,0.0,9.81749,0.02440792,-0.005692408,0.0070464127,5.0028186,-0.005861759,0.017394008,158.52275,-3.9167786,2.1752279,793.06055,0.16398999,28.265125,970.20325,0.0,0.11091217,-0.21008618,0.0,0.0,0.0,0.0,0.0,0.0,0.0,0.0,0.0,0.0,0.0,0.0,0.0,0.0,0.0,0.0,0.0,0.0,0.0,1.0,0.0,1.0,1.0,0.0,0.0,0.0,0.0,0,test/100/6/0,40
28.231579,-0.053510666,0.07621407,-0.004399043,970.15094,0.021240234,0.05399878,-0.0022169529,0.0,0.0,0.0,0.0,9.814485,0.024059318,-0.0068489173,0.0067375274,5.043937,0.04111862,0.01781624,160.15927,1.6365204,2.1657119,807.8334,-0.010559587,28.26177,970.198,0.0,-0.16773237,-0.13445981,0.0,0.0,0.0,0.0,0.0,0.0,0.0,0.0,0.0,0.0,0.0,0.0,0.0,0.0,0.0,0.0,0.0,0.0,0.0,1.0,0.0,1.0,1.0,0.0,0.0,0.0,0.0,0,test/100/6/0,41
28.295479,0.063899994,0.069159366,-0.0018506745,970.2401,0.08917236,0.05345385,-0.0024167628,0.0,0.0,0.0,0.0,9.81001,0.023854317,-0.0014693515,0.00580033,5.005345,-0.03859234,0.017515738,161.9479,1.7886353,2.1525557,810.6051,0.0001793424,28.26514,970.2022,0.0,0.16854084,0.10828653,0.0,0.0,0.0,0.0,0.0,0.0,0.0,0.0,0.0,0.0,0.0,0.0,0.0,0.0,0.0,0.0,0.0,0.0,0.0,1.0,0.0,1.0,1.0,0.0,0.0,0.0,0.0,0,test/100/6/0,42
28.320585,0.02510643,0.06791232,0.000132925,970.18243,-0.057678223,0.052605145,-0.0020186116,0.0,0.0,0.0,0.0,9.785721,0.024281206,-0.019814728,0.0054744603,5.033928,0.02858305,0.017252019,161.31937,-0.62854004,2.1258698,812.07007,0.08840235,28.270685,970.20026,0.0,0.2772189,-0.05085755,0.0,0.0,0.0,0.0,0.0,0.0,0.0,0.0,0.0,0.0,0.0,0.0,0.0,0.0,0.0,0.0,0.0,0.0,0.0,1.0,0.0,1.0,1.0,0.0,0.0,0.0,0.0,0,test/100/6/0,43
28.256678,-0.06390762,0.06770051,0.00037886397,970.237,0.05456543,0.053129107,-0.0016330347,0.0,0.0,0.0,0.0,9.784818,0.024905536,0.023386613,0.0072464766,5.009179,-0.024748802,0.01586235,161.43654,0.11717224,2.1131003,808.66455,0.04083128,28.269285,970.2039,0.0,-0.07004111,0.09453931,0.0,0.0,0.0,0.0,0.0,0.0,0.0,0.0,0.0,0.0,0.0,0.0,0.0,0.0,0.0,0.0,0.0,0.0,0.0,1.0,0.0,1.0,1.0,0.0,0.0,0.0,0.0,0,test/100/6/0,44
28.254972,-0.0017051697,0.06757798,-9.4547126e-05,970.295,0.0579834,0.056662887,-5.043431e-05,0.0,0.0,0.0,0.0,9.804239,0.024278685,0.020323642,0.0028234937,5.01403,0.0048508644,0.016135544,161.81767,0.38113403,2.115652,811.35864,0.04387239,28.267855,970.213,0.0,-0.07156285,0.23418555,0.0,0.0,0.0,0.0,0.0,0.0,0.0,0.0,0.0,0.0,0.0,0.0,0.0,0.0,0.0,0.0,0.0,0.0,0.0,1.0,0.0,1.0,1.0,0.0,0.0,0.0,0.0,0,test/100/6/0,45
28.292292,0.037319183,0.06762218,-5.731798e-05,970.3164,0.02142334,0.061414108,0.0017504699,0.0,0.0,0.0,0.0,9.818566,0.023746356,-0.005093783,0.002044205,5.0284724,0.014442444,0.015899615,161.57974,-0.2379303,2.1156647,812.4993,0.07349349,28.270298,970.2233,0.0,0.12218935,0.26585558,0.0,0.0,0.0,0.0,0.0,0.0,0.0,0.0,0.0,0.0,0.0,0.0,0.0,0.0,0.0,0.0,0.0,0.0,0.0,1.0,0.0,1.0,1.0,0.0,0.0,0.0,0.0,0,test/100/6/0,46
28.205013,-0.087278366,0.069006816,-0.0009582118,970.268,-0.04840088,0.0621194,0.0031353715,0.0,0.0,0.0,0.0,9.820496,0.023631094,-0.012397364,0.009135225,5.044362,0.015889645,0.016214598,163.54156,1.9618225,2.14205,824.9629,0.1431402,28.26377,970.22784,0.0,-0.3264214,0.114810616,0.0,0.0,0.0,0.0,0.0,0.0,0.0,0.0,0.0,0.0,0.0,0.0,0.0,0.0,0.0,0.0,0.0,0.0,0.0,1.0,0.0,1.0,1.0,0.0,0.0,0.0,0.0,0,test/100/6/0,47
28.324509,0.11949539,0.07000827,0.00031207522,970.15,-0.11798096,0.06024407,0.0007796897,0.0,0.0,0.0,0.0,9.828567,0.019385055,0.0061402326,0.0022524812,5.035591,-0.008770943,0.016072683,158.83493,-4.7066345,2.1788347,799.82776,0.07485145,28.269842,970.22003,0.0,0.30369768,-0.20005006,0.0,0.0,0.0,0.0,0.0,0.0,0.0,0.0,0.0,0.0,0.0,0.0,0.0,0.0,0.0,0.0,0.0,0.0,0.0,1.0,0.0,1.0,1.0,0.0,0.0,0.0,0.0,0,test/100/6/0,48
28.315224,-0.009284973,0.06827876,-0.00024927038,970.25336,0.10333252,0.060193054,0.00075527566,0.0,0.0,0.0,0.0,9.828722,0.019089786,-0.007914716,0.003367698,5.02732,-0.008271217,0.016084548,165.41396,6.5790253,2.3555026,831.58887,0.34749967,28.274382,970.2234,0.0,0.22690305,0.08566715,0.0,0.0,0.0,0.0,0.0,0.0,0.0,0.0,0.0,0.0,0.0,0.0,0.0,0.0,0.0,0.0,0.0,0.0,0.0,1.0,0.0,1.0,1.0,0.0,0.0,0.0,0.0,0,test/100/6/0,49
28.26651,-0.048713684,0.066875935,0.00060670753,970.11096,-0.14239502,0.06405125,-0.0014277637,0.0,0.0,0.0,0.0,9.778574,0.017781211,-0.050303165,0.00431091,5.041961,0.014641285,0.016290992,162.85321,-2.5607452,1.9740825,821.09955,0.024474455,28.273594,970.21216,0.0,-0.039355673,-0.28905818,0.0,0.0,0.0,0.0,0.0,0.0,0.0,0.0,0.0,0.0,0.0,0.0,0.0,0.0,0.0,0.0,0.0,0.0,0.0,1.0,0.0,1.0,1.0,0.0,0.0,0.0,0.0,0,test/100/6/0,50
28.191618,-0.074892044,0.0687997,-0.0009400375,970.28705,0.17608643,0.0632283,0.0009507258,0.0,0.0,0.0,0.0,9.806032,0.017550457,0.07760629,0.005905414,5.0018654,-0.040095806,0.016756209,157.14127,-5.7119446,2.2022562,785.9995,-0.46014073,28.265396,970.2196,0.0,-0.4098803,0.1926413,0.0,-0.00058049586,0.0,0.0,0.0,0.0,0.0,0.0,0.0,0.0,0.0,0.0,0.0,0.0,0.0,0.0,0.0,0.0,0.0,1.0,0.0,1.0,1.0,0.0,0.0,0.0,0.0,0,test/100/6/0,51
28.25309,0.06147194,0.065223925,0.00037179101,970.24634,-0.04071045,0.06347565,0.0017228894,0.0,0.0,0.0,0.0,9.812424,0.017298365,-0.021066684,0.0056225974,5.0038815,0.0020160675,0.01755088,161.09515,3.953888,2.166011,806.101,-0.70179856,28.264166,970.2223,0.0,-0.061532598,0.06869315,0.0,0.0,0.0,0.0,0.0,0.0,0.0,0.0,0.0,0.0,0.0,0.0,0.0,0.0,0.0,0.0,0.0,0.0,0.0,1.0,0.0,1.0,1.0,0.0,0.0,0.0,0.0,0,test/100/6/0,52
28.272545,0.019454956,0.063616164,-0.00046974697,970.19696,-0.04937744,0.063515365,0.0016739694,0.0,0.0,0.0,0.0,9.827713,0.015418637,0.008897528,0.004400258,5.0307336,0.02685213,0.014884196,158.03978,-3.0553741,2.0637183,795.0561,-0.5053911,28.265003,970.2198,0.0,0.04189544,-0.06514672,0.0,0.0,0.0,0.0,0.0,0.0,0.0,0.0,0.0,0.0,0.0,0.0,0.0,0.0,0.0,0.0,0.0,0.0,0.0,1.0,0.0,1.0,1.0,0.0,0.0,0.0,0.0,0,test/100/6/0,53
28.265633,-0.0069122314,0.061374,-0.0016192916,970.1492,-0.047790527,0.0650141,0.0005841936,0.0,0.0,0.0,0.0,9.779952,0.016508244,-0.06305042,0.0058197845,5.0285997,-0.0021338463,0.01490459,158.1583,0.118515015,2.1502314,795.3147,-0.6190024,28.265066,970.2127,0.0,0.0031447413,-0.18152198,0.0,0.0,0.0,0.0,0.0,0.0,0.0,0.0,0.0,0.0,0.0,0.0,0.0,0.0,0.0,0.0,0.0,0.0,0.0,1.0,0.0,1.0,1.0,0.0,0.0,0.0,0.0,0,test/100/6/0,54
28.282446,0.016813278,0.060870696,-0.0008405542,970.27637,0.12719727,0.06549832,0.002394689,0.0,0.0,0.0,0.0,9.803686,0.016035661,0.07149506,0.007408033,5.0439653,0.015365601,0.0154575035,159.92006,1.7617645,2.1442378,806.6312,-0.56171054,28.266804,970.21906,0.0,0.08689666,0.1637089,0.0,0.0,0.0,0.0,0.0,0.0,0.0,0.0,0.0,0.0,0.0,0.0,0.0,0.0,0.0,0.0,0.0,0.0,0.0,1.0,0.0,1.0,1.0,0.0,0.0,0.0,0.0,0,test/100/6/0,55
28.269333,-0.013113022,0.051737156,0.0013920118,970.3078,0.031433105,0.0687003,0.003582213,0.0,0.0,0.0,0.0,9.997814,0.044003315,0.17039405,1.1699421,5.034826,-0.009139538,0.0149164125,155.3961,-4.5239563,2.4646182,782.39233,-0.86327654,28.267057,970.22797,0.0,0.012641883,0.228166,0.0,0.0,0.0,0.0,0.0,0.0,0.0,0.0,0.0,0.0,0.0,0.0,0.0,0.0,0.0,0.0,0.0,0.0,0.0,1.0,0.0,1.0,1.0,0.0,0.0,0.0,0.0,6,test/100/6/0,56
28.364794,0.09546089,0.054436326,0.003993066,970.1569,-0.1508789,0.068997726,0.0034664297,0.0,0.0,0.0,0.0,11.5731735,0.38510588,1.381231,0.9159182,5.025258,-0.009567738,0.014737424,157.80655,2.4104462,2.5409617,793.0186,-1.1050931,28.27683,970.2208,0.0,0.48868215,-0.18262494,0.0,0.013940249,0.0,0.0,0.0,0.0,0.0,0.0,0.0,0.0,0.0,0.0,0.0,0.0,0.0,0.0,0.0,0.0,0.0,1.0,0.0,1.0,1.0,0.0,0.0,0.0,0.0,6,test/100/6/0,57
28.290936,-0.07385826,0.051512532,0.0031339487,970.16583,0.008911133,0.06962156,0.0025441104,0.0,0.0,0.0,0.0,12.036304,0.6019548,-1.1122279,2.0614398,5.03007,0.0048117638,0.014583411,159.61784,1.8112946,2.3790274,802.88885,-0.8222277,28.278242,970.21533,0.0,0.070522636,-0.1414481,0.0,0.0,0.0,0.0,0.0,0.0,0.0,0.0,0.0,0.0,0.0,0.0,0.0,0.0,0.0,0.0,0.0,0.0,0.0,1.0,0.0,1.0,1.0,0.0,0.0,0.0,0.0,6,test/100/6/0,58
28.267635,-0.02330017,0.03907874,0.00081582036,970.1799,0.014038086,0.06316508,2.5010646e-05,0.0,0.0,0.0,0.0,5.038428,1.2420316,-7.461008,0.48650864,5.041691,0.011620998,0.01454024,157.50131,-2.1165314,2.4056756,794.0729,-0.86434484,28.277182,970.2118,0.0,-0.053030483,-0.09120535,0.0,0.0,0.0,0.0,0.0,0.0,0.0,0.0,0.0,0.0,0.0,0.0,0.0,0.0,0.0,0.0,0.0,0.0,0.0,1.0,0.0,1.0,1.0,0.0,0.0,0.0,0.0,6,test/100/6/0,59
28.266737,-0.0008983612,0.039053507,0.0008481248,970.1777,-0.0021972656,0.060744345,-0.0018554229,0.0,0.0,0.0,0.0,11.827297,1.3199904,13.786747,2.2603085,5.023177,-0.01851368,0.013531978,156.8482,-0.6531067,2.487057,787.87634,-1.2900364,28.276136,970.2084,0.0,-0.05221924,-0.08773493,0.0,0.0,0.0,0.0,0.0,0.0,0.0,0.0,0.0,0.0,0.0,0.0,0.0,0.0,0.0,0.0,0.0,0.0,0.0,1.0,0.0,1.0,1.0,0.0,0.0,0.0,0.0,6,test/100/6/0,60
28.187653,-0.0790844,0.0424834,-0.0010666553,970.1125,-0.06518555,0.06336956,-0.0044038473,0.0,0.0,0.0,0.0,9.750334,1.3202208,-8.865833,0.14529498,4.9957995,-0.027377605,0.014615858,156.4636,-0.38461304,2.6044712,781.6607,-1.5634718,28.267288,970.1988,0.0,-0.4424193,-0.24658142,0.0,-0.005081134,0.0,0.0,0.0,0.0,0.0,0.0,0.0,0.0,0.0,0.0,0.0,0.0,0.0,0.0,0.0,0.0,0.0,1.0,0.0,1.0,1.0,0.0,0.0,0.0,0.0,6,test/100/6/0,61
28.23434,0.04668808,0.042894848,-0.0012394611,970.31836,0.20587158,0.06707611,-0.0025454413,0.0,0.0,0.0,0.0,12.557182,1.44341,4.883811,1.2209362,5.0236654,0.027865887,0.013912295,159.48225,3.0186615,2.5595863,801.1854,-1.4748611,28.263994,970.21075,0.0,-0.16473697,0.30746078,0.0,0.0,0.0,0.0,0.0,0.0,0.0,0.0,0.0,0.0,0.0,0.0,0.0,0.0,0.0,0.0,0.0,0.0,0.0,1.0,0.0,1.0,1.0,0.0,0.0,0.0,0.0,6,test/100/6/0,62
28.310865,0.076524734,0.04236082,0.00016929799,970.2893,-0.029052734,0.06816651,-0.0021304481,0.0,0.0,0.0,0.0,9.357712,1.44978,-6.0063176,1.2536929,4.9951415,-0.028523922,0.015295286,157.14539,-2.3368683,2.5901144,784.96344,-1.5806972,28.26868,970.2186,0.0,0.2343604,0.20200768,0.0,0.0,0.0,0.0,0.0,0.0,0.0,0.0,0.0,0.0,0.0,0.0,0.0,0.0,0.0,0.0,0.0,0.0,0.0,1.0,0.0,1.0,1.0,0.0,0.0,0.0,0.0,6,test/100/6/0,63
28.233477,-0.07738876,0.042985626,-0.0005219481,970.3032,0.013916016,0.070257716,-0.000815806,0.0,0.0,0.0,0.0,9.388734,1.4551647,3.2304914,0.195661,5.0471163,0.051974773,0.01568951,156.40407,-0.74131775,2.6342852,789.3896,-1.636312,28.26516,970.22705,0.0,-0.17601946,0.21759096,0.0,0.0,0.0,0.0,0.0,0.0,0.0,0.0,0.0,0.0,0.0,0.0,0.0,0.0,0.0,0.0,0.0,0.0,0.0,1.0,0.0,1.0,1.0,0.0,0.0,0.0,0.0,6,test/100/6/0,64
28.28823,0.054754257,0.04311268,-0.00042302554,970.33124,0.028015137,0.07239633,0.0017149961,0.0,0.0,0.0,0.0,7.8896003,1.524373,-1.530155,2.5270927,5.029475,-0.017641068,0.015465936,157.92032,1.5162506,2.5809743,794.25635,-1.5508785,28.267467,970.2375,0.0,0.11535377,0.26787078,0.0,0.0,0.0,0.0,0.0,0.0,0.0,0.0,0.0,0.0,0.0,0.0,0.0,0.0,0.0,0.0,0.0,0.0,0.0,1.0,0.0,1.0,1.0,0.0,0.0,0.0,0.0,6,test/100/6/0,65
28.30083,0.012599945,0.04338125,0.0003951338,970.2067,-0.12451172,0.06973868,0.002750804,0.0,0.0,0.0,0.0,8.338111,1.560876,1.9476442,0.33903706,5.0246787,-0.004796505,0.0154656675,158.8318,0.91148376,2.5153923,798.0788,-1.36711,28.270803,970.23444,0.0,0.16681813,-0.079089284,0.0,0.0,0.0,0.0,0.0,0.0,0.0,0.0,0.0,0.0,0.0,0.0,0.0,0.0,0.0,0.0,0.0,0.0,0.0,1.0,0.0,1.0,1.0,0.0,0.0,0.0,0.0,6,test/100/6/0,66
28.277687,-0.023143768,0.040787727,-0.0005082525,970.1861,-0.020629883,0.069461234,0.0028926076,0.0,0.0,0.0,0.0,12.341056,1.656129,3.5544345,2.0488224,5.064186,0.03950739,0.017127326,154.8856,-3.9461975,2.4261978,784.36957,-1.1607095,28.271492,970.22955,0.0,0.03441747,-0.12422863,0.0,0.0,0.0,0.0,0.0,0.0,0.0,0.0,0.0,0.0,0.0,0.0,0.0,0.0,0.0,0.0,0.0,0.0,0.0,1.0,0.0,1.0,1.0,0.0,0.0,0.0,0.0,6,test/100/6/0,67
28.21537,-0.062316895,0.04085947,-0.0005243947,970.26434,0.07824707,0.06813505,0.0024125408,0.0,0.0,0.0,0.0,6.233347,1.841875,-10.110654,1.0501393,5.000745,-0.06344128,0.017962584,156.49246,1.6068573,2.4628856,782.57886,-1.3157185,28.26588,970.23303,0.0,-0.28060874,0.089400984,0.0,0.0,0.0,0.0,0.0,0.0,0.0,0.0,0.0,0.0,0.0,0.0,0.0,0.0,0.0,0.0,0.0,0.0,0.0,1.0,0.0,1.0,1.0,0.0,0.0,0.0,0.0,6,test/100/6/0,68
28.239714,0.02434349,0.039772335,-0.00017525953,970.2413,-0.023071289,0.06794311,0.0030625423,0.0,0.0,0.0,0.0,10.153237,1.84394,10.027599,2.504847,5.0116515,0.010906696,0.018215096,156.90947,0.41700745,1.8739033,786.3756,-0.8890588,28.263264,970.2339,0.0,-0.13083042,0.021134717,0.0,0.0,0.0,0.0,0.0,0.0,0.0,0.0,0.0,0.0,0.0,0.0,0.0,0.0,0.0,0.0,0.0,0.0,0.0,1.0,0.0,1.0,1.0,0.0,0.0,0.0,0.0,6,test/100/6/0,69
28.332266,0.092552185,0.04247244,0.00084043515,970.1485,-0.09277344,0.06521988,0.00015703932,0.0,0.0,0.0,0.0,10.346117,1.8482996,-3.7270112,0.9008173,5.0076303,-0.0040211678,0.018146202,156.18602,-0.7234497,1.5332917,782.1219,-0.6207976,28.270163,970.22534,0.0,0.34501356,-0.21953902,0.0,0.0,0.0,0.0,0.0,0.0,0.0,0.0,0.0,0.0,0.0,0.0,0.0,0.0,0.0,0.0,0.0,0.0,0.0,1.0,0.0,1.0,1.0,0.0,0.0,0.0,0.0,6,test/100/6/0,70
28.334215,0.0019493103,0.041123442,0.0006025902,970.26935,0.12084961,0.06451912,0.0017018254,0.0,0.0,0.0,0.0,12.147263,1.9182408,1.6082659,0.1761019,5.03174,0.02410984,0.017547606,157.7497,1.5636749,1.5296763,793.7555,-0.68194,28.27657,970.22974,0.0,0.32025874,0.11317102,0.0,0.0,0.0,0.0,0.0,0.0,0.0,0.0,0.0,0.0,0.0,0.0,0.0,0.0,0.0,0.0,0.0,0.0,0.0,1.0,0.0,1.0,1.0,0.0,0.0,0.0,0.0,6,test/100/6/0,71
28.305481,-0.028734207,0.041351225,0.0007104343,970.1935,-0.0758667,0.06473016,0.0015466217,0.0,0.0,0.0,0.0,10.813959,1.9280881,-3.134448,0.10615909,5.020588,-0.011152267,0.016923148,154.39496,-3.3547363,1.4693865,775.1535,-0.70309615,28.279459,970.22614,0.0,0.14456183,-0.09323188,0.0,0.0,0.0,0.0,0.0,0.0,0.0,0.0,0.0,0.0,0.0,0.0,0.0,0.0,0.0,0.0,0.0,0.0,0.0,1.0,0.0,1.0,1.0,0.0,0.0,0.0,0.0,6,test/100/6/0,72
28.222496,-0.082984924,0.04302616,-0.00013882056,970.21185,0.018371582,0.06450298,0.0009537087,0.0,0.0,0.0,0.0,8.906792,1.9416476,-0.57386464,1.1335196,5.027204,0.0066161156,0.0168864,158.11636,3.721405,1.4713877,794.8832,-0.57025576,28.273764,970.2247,0.0,-0.28481898,-0.03666748,0.0,0.0,0.0,0.0,0.0,0.0,0.0,0.0,0.0,0.0,0.0,0.0,0.0,0.0,0.0,0.0,0.0,0.0,0.0,1.0,0.0,1.0,1.0,0.0,0.0,0.0,0.0,6,test/100/6/0,73
28.280783,0.058286667,0.042996608,-0.00018928786,970.1548,-0.05706787,0.06418595,-0.0012314416,0.0,0.0,0.0,0.0,11.498266,1.9716008,4.498641,1.3869004,5.0366993,0.009495258,0.017055508,157.81258,-0.30378723,1.4633471,794.85443,-0.4334827,28.274466,970.2177,0.0,0.035096258,-0.17974669,0.0,0.0,0.0,0.0,0.0,0.0,0.0,0.0,0.0,0.0,0.0,0.0,0.0,0.0,0.0,0.0,0.0,0.0,0.0,1.0,0.0,1.0,1.0,0.0,0.0,0.0,0.0,6,test/100/6/0,74
28.147146,-0.13363647,0.05119647,-0.0019061569,970.1395,-0.015258789,0.065599464,-0.0016346409,0.0,0.0,0.0,0.0,8.8129425,1.9882847,-5.2767973,0.2175794,5.0186496,-0.018049717,0.0165909,156.44617,-1.3664093,1.342545,785.1485,-0.25599167,28.261734,970.2099,0.0,-0.6365957,-0.2010089,0.0,-0.049207017,0.0,0.0,0.0,0.0,0.0,0.0,0.0,0.0,0.0,0.0,0.0,0.0,0.0,0.0,0.0,0.0,0.0,1.0,0.0,1.0,1.0,0.0,0.0,0.0,0.0,6,test/100/6/0,75
28.262367,0.11522102,0.051213305,-0.0019806009,970.0594,-0.08013916,0.07072501,-0.0024805972,0.0,0.0,0.0,0.0,8.992416,1.9991302,2.8647976,1.88866,5.0352607,0.0166111,0.0166047,156.22673,-0.21943665,1.3007548,786.6423,-0.40757552,28.261797,970.1948,0.0,0.0031689513,-0.38698015,0.0,0.0,-0.010313556,0.0,0.0,0.0,0.0,0.0,0.0,0.0,0.0,0.0,0.0,0.0,0.0,0.0,0.0,0.0,0.0,1.0,0.0,1.0,1.0,0.0,0.0,0.0,0.0,6,test/100/6/0,76
28.24236,-0.020008087,0.046385333,-0.00082312274,970.1722,0.11279297,0.070277624,-0.0037239706,0.0,0.0,0.0,0.0,8.9002075,1.9719771,-0.27168348,0.2726815,5.032222,-0.0030388832,0.016689293,154.49052,-1.736206,1.4144125,777.43054,-0.529363,28.259853,970.19257,0.0,-0.09718838,-0.058243066,0.0,0.0,0.0,0.0,0.0,0.0,0.0,0.0,0.0,0.0,0.0,0.0,0.0,0.0,0.0,0.0,0.0,0.0,0.0,1.0,0.0,1.0,1.0,0.0,0.0,0.0,0.0,6,test/100/6/0,77
28.313421,0.07106209,0.047335114,0.00036745716,970.19305,0.020874023,0.06974276,-0.004551387,0.0,0.0,0.0,0.0,6.04895,2.0572944,-2.7590475,0.20329441,5.0167212,-0.0155005455,0.016734831,155.47508,0.9845581,1.3151896,779.9751,-0.4355131,28.26521,970.1926,0.0,0.2678409,0.001257302,0.0,0.0,0.0,0.0,0.0,0.0,0.0,0.0,0.0,0.0,0.0,0.0,0.0,0.0,0.0,0.0,0.0,0.0,0.0,1.0,0.0,1.0,1.0,0.0,0.0,0.0,0.0,6,test/100/6/0,78
28.22829,-0.08513069,0.047921922,-5.9826212e-05,970.29803,0.10498047,0.0721055,-0.0036983634,0.0,0.0,0.0,0.0,5.703356,1.9897202,2.5056622,1.7024819,5.012652,-0.0040693283,0.016411094,158.51819,3.043106,1.3606105,794.5965,-0.23752895,28.261518,970.2032,0.0,-0.18459664,0.27108136,0.0,0.0,0.0,0.0,0.0,0.0,0.0,0.0,0.0,0.0,0.0,0.0,0.0,0.0,0.0,0.0,0.0,0.0,0.0,1.0,0.0,1.0,1.0,0.0,0.0,0.0,0.0,6,test/100/6/0,79
28.311775,0.08348465,0.049171742,0.0007505087,970.14294,-0.15509033,0.07335575,-0.0052732998,0.0,0.0,0.0,0.0,8.690184,1.9226195,3.3324225,2.1019778,5.035265,0.022613049,0.016636726,157.40663,-1.111557,1.3662112,792.5841,-0.16692065,28.266544,970.19714,0.0,0.25128627,-0.1548305,0.0,0.0,0.0,0.0,0.0,0.0,0.0,0.0,0.0,0.0,0.0,0.0,0.0,0.0,0.0,0.0,0.0,0.0,0.0,1.0,0.0,1.0,1.0,0.0,0.0,0.0,0.0,6,test/100/6/0,80
28.30829,-0.003484726,0.046849623,0.00019463417,970.07654,-0.06640625,0.07615448,-0.008773918,0.0,0.0,0.0,0.0,12.519475,2.0428813,0.8424643,0.64991385,5.0283313,-0.006933689,0.015408092,153.66849,-3.738144,1.5331793,772.6961,-0.48564762,28.270718,970.18506,0.0,0.208734,-0.31010637,0.0,0.0,0.0,0.0,0.0,0.0,0.0,0.0,0.0,0.0,0.0,0.0,0.0,0.0,0.0,0.0,0.0,0.0,0.0,1.0,0.0,1.0,1.0,0.0,0.0,0.0,0.0,6,test/100/6/0,81
28.320183,0.011892319,0.047363997,0.00036441974,970.2509,0.17437744,0.07269674,-0.006478767,0.0,0.0,0.0,0.0,9.056979,1.9180487,-7.291788,0.07893157,5.0198817,-0.008449554,0.015446267,154.92429,1.2557983,1.4429616,777.70154,-0.41110274,28.275665,970.19165,0.0,0.2473222,0.1693034,0.0,0.0,0.0,0.0,0.0,0.0,0.0,0.0,0.0,0.0,0.0,0.0,0.0,0.0,0.0,0.0,0.0,0.0,0.0,1.0,0.0,1.0,1.0,0.0,0.0,0.0,0.0,6,test/100/6/0,82
28.383846,0.06366348,0.05260346,0.002522883,970.1783,-0.072631836,0.07037392,-0.0055785216,0.0,0.0,0.0,0.0,5.5265102,2.087263,-0.06797284,0.2921627,5.0244575,0.0045757294,0.013873959,158.9006,3.9763184,1.5302656,798.3894,-0.26183945,28.286484,970.1903,0.0,0.5409074,-0.03439452,0.0,0.034413673,0.0,0.0,0.0,0.0,0.0,0.0,0.0,0.0,0.0,0.0,0.0,0.0,0.0,0.0,0.0,0.0,0.0,1.0,0.0,1.0,1.0,0.0,0.0,0.0,0.0,6,test/100/6/0,83
28.286362,-0.09748459,0.051649045,0.0019570359,970.12854,-0.049743652,0.067954116,-0.005002221,0.0,0.0,0.0,0.0,12.6347,2.2239318,10.6386595,0.22022724,4.999145,-0.025312424,0.014203335,155.33546,-3.5651398,1.5542228,776.54443,-0.37495002,28.28647,970.18414,0.0,-0.0006062885,-0.15886731,0.0,0.0,0.0,0.0,0.0,0.0,0.0,0.0,0.0,0.0,0.0,0.0,0.0,0.0,0.0,0.0,0.0,0.0,0.0,1.0,0.0,1.0,1.0,0.0,0.0,0.0,0.0,6,test/100/6/0,84
28.23428,-0.05208206,0.052552618,0.0014321735,970.148,0.019470215,0.060561396,-0.0034427498,0.0,0.0,0.0,0.0,9.663368,2.202069,-10.079521,0.3354812,5.0214458,0.02230072,0.014152307,154.09546,-1.2400055,1.6063884,773.782,-0.4313646,28.281252,970.18054,0.0,-0.26095596,-0.09291432,0.0,0.0,0.0,0.0,0.0,0.0,0.0,0.0,0.0,0.0,0.0,0.0,0.0,0.0,0.0,0.0,0.0,0.0,0.0,1.0,0.0,1.0,1.0,0.0,0.0,0.0,0.0,6,test/100/6/0,85
28.273664,0.039384842,0.05227874,0.0017500282,970.2107,0.062683105,0.0606446,-0.0026782502,0.0,0.0,0.0,0.0,7.653029,2.223026,0.9609922,1.3988528,5.0300155,0.008569717,0.014222948,154.31177,0.2163086,1.5576084,776.19055,-0.36222804,28.280493,970.18353,0.0,-0.037936162,0.07756224,0.0,0.0,0.0,0.0,0.0,0.0,0.0,0.0,0.0,0.0,0.0,0.0,0.0,0.0,0.0,0.0,0.0,0.0,0.0,1.0,0.0,1.0,1.0,0.0,0.0,0.0,0.0,6,test/100/6/0,86
28.3418,0.068136215,0.054213792,0.0027166812,970.2326,0.021911621,0.061588172,-0.0019324281,0.0,0.0,0.0,0.0,7.3508067,2.1501577,1.708117,0.37342727,5.0320053,0.0019898415,0.011012492,150.95383,-3.3579407,1.9091167,759.6004,-0.7136405,28.286623,970.1885,0.0,0.30653852,0.12615019,0.0,0.0,0.0,0.0,0.0,0.0,0.0,0.0,0.0,0.0,0.0,0.0,0.0,0.0,0.0,0.0,0.0,0.0,0.0,1.0,0.0,1.0,1.0,0.0,0.0,0.0,0.0,6,test/100/6/0,87
28.187922,-0.15387917,0.056126133,0.00040469778,970.1411,-0.0914917,0.05954394,-0.0013280883,0.0,0.0,0.0,0.0,12.271886,2.152832,5.223301,0.1089512,4.9991527,-0.03285265,0.0111713,155.05794,4.1041107,1.9132328,775.15826,-0.8338253,28.276754,970.1837,0.0,-0.49351114,-0.1217292,0.0,-0.0066691963,0.0,0.0,0.0,0.0,0.0,0.0,0.0,0.0,0.0,0.0,0.0,0.0,0.0,0.0,0.0,0.0,0.0,1.0,0.0,1.0,1.0,0.0,0.0,0.0,0.0,6,test/100/6/0,88
28.267916,0.0799942,0.05550151,-0.00033886413,970.1691,0.028015137,0.05785709,-0.0005025075,0.0,0.0,0.0,0.0,8.02222,2.164851,-9.170745,0.38344374,5.014233,0.015080452,0.0110649755,154.52573,-0.5322113,1.9177017,774.828,-0.88762057,28.27587,970.18225,0.0,-0.04418903,-0.037517358,0.0,0.0,0.0,0.0,0.0,0.0,0.0,0.0,0.0,0.0,0.0,0.0,0.0,0.0,0.0,0.0,0.0,0.0,0.0,1.0,0.0,1.0,1.0,0.0,0.0,0.0,0.0,6,test/100/6/0,89
28.277836,0.00992012,0.05415293,0.0004782311,970.2379,0.06878662,0.05900673,-5.0617877e-05,0.0,0.0,0.0,0.0,7.288183,2.19183,3.5156305,1.1271899,5.0377274,0.023494244,0.011032484,150.09334,-4.4323883,2.2721953,756.1293,-1.2583398,28.276066,970.1878,0.0,0.009830477,0.14311425,0.0,0.0,0.0,0.0,0.0,0.0,0.0,0.0,0.0,0.0,0.0,0.0,0.0,0.0,0.0,0.0,0.0,0.0,0.0,1.0,0.0,1.0,1.0,0.0,0.0,0.0,0.0,6,test/100/6/0,90
28.184023,-0.09381294,0.05601357,6.776967e-05,970.1581,-0.079833984,0.05550089,0.001034477,0.0,0.0,0.0,0.0,9.141236,2.07963,2.5870888,2.0206282,5.030495,-0.007232189,0.0109902015,151.24593,1.1525879,2.3791323,760.8419,-1.3389603,28.266863,970.1849,0.0,-0.4602173,-0.07648455,0.0,-0.009056266,0.0,0.0,0.0,0.0,0.0,0.0,0.0,0.0,0.0,0.0,0.0,0.0,0.0,0.0,0.0,0.0,0.0,1.0,0.0,1.0,1.0,0.0,0.0,0.0,0.0,6,test/100/6/0,91
28.238586,0.054563522,0.055732574,0.00020894216,970.1029,-0.05517578,0.057457082,0.00030077025,0.0,0.0,0.0,0.0,9.156159,2.0372787,-1.8381295,1.1120191,5.012476,-0.0180192,0.011240985,151.70282,0.45689392,2.488843,760.40674,-1.6700193,28.264034,970.17664,0.0,-0.14137794,-0.21071668,0.0,0.0,0.0,0.0,0.0,0.0,0.0,0.0,0.0,0.0,0.0,0.0,0.0,0.0,0.0,0.0,0.0,0.0,0.0,1.0,0.0,1.0,1.0,0.0,0.0,0.0,0.0,6,test/100/6/0,92
28.282707,0.04412079,0.05493984,-0.00022928338,970.04816,-0.054748535,0.062404692,-0.00078877615,0.0,0.0,0.0,0.0,7.4600844,2.0610101,-1.7109983,1.6599218,5.033789,0.02131319,0.011447922,153.35321,1.6503906,2.4023213,771.94775,-1.5025098,28.265902,970.1638,0.0,0.09336379,-0.33042696,0.0,0.0,-0.006077534,0.0,0.0,0.0,0.0,0.0,0.0,0.0,0.0,0.0,0.0,0.0,0.0,0.0,0.0,0.0,0.0,1.0,0.0,1.0,1.0,0.0,0.0,0.0,0.0,6,test/100/6/0,93
28.280073,-0.0026340485,0.05493224,0.00012463448,970.0958,0.047668457,0.06405336,-0.0018522564,0.0,0.0,0.0,0.0,11.020558,2.0323973,5.256549,1.2422838,5.0222673,-0.011521816,0.011042836,153.65173,0.29852295,2.3042865,771.6801,-1.3047884,28.267319,970.157,0.0,0.070857175,-0.17480823,0.0,0.0,0.0,0.0,0.0,0.0,0.0,0.0,0.0,0.0,0.0,0.0,0.0,0.0,0.0,0.0,0.0,0.0,0.0,1.0,0.0,1.0,1.0,0.0,0.0,0.0,0.0,6,test/100/6/0,94
28.276724,-0.0033493042,0.047336817,-0.0016782775,970.10535,0.009521484,0.065004155,-0.002931982,0.0,0.0,0.0,0.0,8.669502,2.0325766,-5.91153,1.2525142,5.0158205,-0.0064468384,0.011113115,151.87785,-1.77388,2.3282473,761.79205,-1.3667278,28.26826,970.15186,0.0,0.047024935,-0.13284358,0.0,0.0,0.0,0.0,0.0,0.0,0.0,0.0,0.0,0.0,0.0,0.0,0.0,0.0,0.0,0.0,0.0,0.0,0.0,1.0,0.0,1.0,1.0,0.0,0.0,0.0,0.0,6,test/100/6/0,95
28.214996,-0.061727524,0.04906915,-0.0027385855,970.14026,0.03491211,0.061179124,-0.0047269203,0.0,0.0,0.0,0.0,6.418642,2.0960765,0.10019617,1.8684285,5.0302916,0.014471054,0.01088195,153.28676,1.408905,2.2939343,771.07715,-1.2373147,28.262934,970.1507,0.0,-0.2663152,-0.029785236,0.0,0.0,0.0,0.0,0.0,0.0,0.0,0.0,0.0,0.0,0.0,0.0,0.0,0.0,0.0,0.0,0.0,0.0,0.0,1.0,0.0,1.0,1.0,0.0,0.0,0.0,0.0,6,test/100/6/0,96
28.215792,0.0007953644,0.05022008,-0.0040322137,970.2438,0.103515625,0.06373878,-0.003383734,0.0,0.0,0.0,0.0,9.121357,2.097898,4.953575,1.0651785,5.016475,-0.013816357,0.0107126,155.12807,1.8413086,2.3029432,778.19604,-1.1282452,28.258219,970.16,0.0,-0.23570684,0.23937632,0.0,0.0,0.0,0.0,0.0,0.0,0.0,0.0,0.0,0.0,0.0,0.0,0.0,0.0,0.0,0.0,0.0,0.0,0.0,1.0,0.0,1.0,1.0,0.0,0.0,0.0,0.0,6,test/100/6/0,97
28.176668,-0.039123535,0.053254608,-0.0047227656,970.1029,-0.14086914,0.064782,-0.0038310345,0.0,0.0,0.0,0.0,10.017869,2.0270169,-1.8062037,0.19278856,5.027325,0.010849953,0.01071882,153.95157,-1.1764984,2.2838194,773.96466,-1.040598,28.250063,970.1543,0.0,-0.40775383,-0.14679624,0.0,-0.012651845,0.0,0.0,0.0,0.0,0.0,0.0,0.0,0.0,0.0,0.0,0.0,0.0,0.0,0.0,0.0,0.0,0.0,1.0,0.0,1.0,1.0,0.0,0.0,0.0,0.0,6,test/100/6/0,98
28.215492,0.03882408,0.053761385,-0.005997213,970.1112,0.008300781,0.05733233,-0.0023666038,0.0,0.0,0.0,0.0,9.648812,1.8971295,-1.2655685,0.8504263,5.032422,0.0050969124,0.01070776,151.01605,-2.9355164,2.1387508,759.97656,-0.9128784,28.246607,970.14996,0.0,-0.17285804,-0.11077175,0.0,0.0,0.0,0.0,0.0,0.0,0.0,0.0,0.0,0.0,0.0,0.0,0.0,0.0,0.0,0.0,0.0,0.0,0.0,1.0,0.0,1.0,1.0,0.0,0.0,0.0,0.0,6,test/100/6/0,99
28.252699,0.03720665,0.05266412,-0.0054027126,970.2024,0.09118652,0.0583562,-0.0017673578,0.0,0.0,0.0,0.0,6.5126123,1.976436,-2.7671428,0.51883745,5.0343556,0.0019335747,0.010658042,157.11047,6.0944214,2.114088,790.95,-0.32239544,28.247215,970.1552,0.0,0.030461011,0.13478506,0.0,0.0,0.0,0.0,0.0,0.0,0.0,0.0,0.0,0.0,0.0,0.0,0.0,0.0,0.0,0.0,0.0,0.0,0.0,1.0,0.0,1.0,1.0,0.0,0.0,0.0,0.0,6,test/100/6/0,100
28.268904,0.016204834,0.051583987,-0.0045429002,970.1088,-0.093566895,0.056604918,-0.0036426974,0.0,0.0,0.0,0.0,7.313653,1.827397,3.9372408,3.257076,5.0323005,-0.0020551682,0.01078964,154.38618,-2.724289,2.1191711,776.91766,-0.24393839,28.249384,970.1506,0.0,0.10843908,-0.11929404,0.0,0.0,0.0,0.0,0.0,0.0,0.0,0.0,0.0,0.0,0.0,0.0,0.0,0.0,0.0,0.0,0.0,0.0,0.0,1.0,0.0,1.0,1.0,0.0,0.0,0.0,0.0,6,test/100/6/0,101
28.296461,0.027557373,0.050423775,-0.003042409,970.18195,0.07312012,0.052672204,-0.0017686887,0.0,0.0,0.0,0.0,11.999061,1.9637518,3.8843665,0.36507145,5.035153,0.0028524399,0.011057459,153.15372,-1.2324677,2.1050117,771.1524,-0.17515722,28.254093,970.1537,0.0,0.23538204,0.080658525,0.0,0.0,0.0,0.0,0.0,0.0,0.0,0.0,0.0,0.0,0.0,0.0,0.0,0.0,0.0,0.0,0.0,0.0,0.0,1.0,0.0,1.0,1.0,0.0,0.0,0.0,0.0,6,test/100/6/0,102
28.400764,0.10430336,0.052624486,0.0009890147,970.0843,-0.09765625,0.054320216,-0.0023328739,0.0,0.0,0.0,0.0,8.865283,1.8105295,-7.8191857,1.4985095,5.030949,-0.0042037964,0.01115895,154.75426,1.6005402,1.7531378,778.5608,0.33595687,28.268759,970.1468,0.0,0.73336065,-0.17852339,0.0,0.059101313,0.0,0.0,0.0,0.0,0.0,0.0,0.0,0.0,0.0,0.0,0.0,0.0,0.0,0.0,0.0,0.0,0.0,1.0,0.0,1.0,1.0,0.0,0.0,0.0,0.0,6,test/100/6/0,103
28.235321,-0.16544342,0.052457694,0.0010922898,970.2597,0.17541504,0.05930114,-0.0010352114,0.0,0.0,0.0,0.0,14.094782,1.9769429,8.363277,1.4680634,5.0332637,0.0023145676,0.009678636,155.65329,0.8990326,1.7715043,783.44403,0.6017284,28.265415,970.1581,0.0,-0.16719253,0.29039618,0.0,0.0,0.0,0.0,0.0,0.0,0.0,0.0,0.0,0.0,0.0,0.0,0.0,0.0,0.0,0.0,0.0,0.0,0.0,1.0,0.0,1.0,1.0,0.0,0.0,0.0,0.0,6,test/100/6/0,104
28.191616,-0.043704987,0.05414329,-0.00017438759,970.1443,-0.11541748,0.059326287,-0.0012761855,0.0,0.0,0.0,0.0,10.832861,2.0102172,-8.49142,1.3982923,5.019252,-0.01401186,0.009742963,153.48663,-2.1666565,1.765639,770.38806,0.6269931,28.258036,970.1567,0.0,-0.3689982,-0.03543124,0.0,0.0,0.0,0.0,0.0,0.0,0.0,0.0,0.0,0.0,0.0,0.0,0.0,0.0,0.0,0.0,0.0,0.0,0.0,1.0,0.0,1.0,1.0,0.0,0.0,0.0,0.0,6,test/100/6/0,105
28.240345,0.048728943,0.054025024,-5.891556e-05,970.1395,-0.004760742,0.057941332,-0.00058983825,0.0,0.0,0.0,0.0,4.800061,2.2028754,-2.7708783,1.690285,5.0260086,0.0067567825,0.009699195,157.23851,3.7518768,1.944466,790.2821,0.9795921,28.256268,970.15497,0.0,-0.08845367,-0.044130024,0.0,0.0,0.0,0.0,0.0,0.0,0.0,0.0,0.0,0.0,0.0,0.0,0.0,0.0,0.0,0.0,0.0,0.0,0.0,1.0,0.0,1.0,1.0,0.0,0.0,0.0,0.0,6,test/100/6/0,106
28.236328,-0.004016876,0.05003468,0.001125112,970.11365,-0.025878906,0.055251963,0.00017980131,0.0,0.0,0.0,0.0,11.436217,2.2297049,12.668956,2.1020968,5.0321,0.0060915947,0.009702258,153.87738,-3.3611298,1.8489876,774.3264,0.82111263,28.254272,970.1508,0.0,-0.09969269,-0.10626278,0.0,0.0,0.0,0.0,0.0,0.0,0.0,0.0,0.0,0.0,0.0,0.0,0.0,0.0,0.0,0.0,0.0,0.0,0.0,1.0,0.0,1.0,1.0,0.0,0.0,0.0,0.0,6,test/100/6/0,107
28.238684,0.0023555756,0.048225243,7.172491e-05,970.2082,0.09454346,0.05695059,0.0010343394,0.0,0.0,0.0,0.0,11.936773,2.207743,-6.1356006,0.718953,5.043084,0.010983944,0.008292959,154.38779,0.5104065,1.8305553,778.5906,0.9470559,28.252714,970.15656,0.0,-0.077945545,0.14747524,0.0,0.0,0.0,0.0,0.0,0.0,0.0,0.0,0.0,0.0,0.0,0.0,0.0,0.0,0.0,0.0,0.0,0.0,0.0,1.0,0.0,1.0,1.0,0.0,0.0,0.0,0.0,6,test/100/6/0,108
28.256561,0.017877579,0.048072837,0.00046046407,970.2177,0.009521484,0.05880943,0.0023663742,0.0,0.0,0.0,0.0,14.472131,2.469495,2.0348017,0.37523538,5.02027,-0.022814274,0.007886685,152.51707,-1.8707123,1.8372611,765.6768,0.8781408,28.2531,970.16266,0.0,0.019236906,0.15721154,0.0,0.0,0.0,0.0,0.0,0.0,0.0,0.0,0.0,0.0,0.0,0.0,0.0,0.0,0.0,0.0,0.0,0.0,0.0,1.0,0.0,1.0,1.0,0.0,0.0,0.0,0.0,6,test/100/6/0,109
28.269056,0.012495041,0.04784734,0.0012014117,970.1756,-0.042114258,0.055653393,0.0041098227,0.0,0.0,0.0,0.0,6.4220986,2.5152514,-10.58539,0.16394818,5.0281744,0.00790453,0.00758422,154.70183,2.1847534,1.6647027,777.86786,0.7019015,28.254694,970.164,0.0,0.07978842,0.033196576,0.0,0.0,0.0,0.0,0.0,0.0,0.0,0.0,0.0,0.0,0.0,0.0,0.0,0.0,0.0,0.0,0.0,0.0,0.0,1.0,0.0,1.0,1.0,0.0,0.0,0.0,0.0,6,test/100/6/0,110
28.247425,-0.02163124,0.045507584,0.00016528682,970.1612,-0.014404297,0.055687867,0.004480669,0.0,0.0,0.0,0.0,10.228347,2.5193675,11.85628,1.3398069,5.0161037,-0.012070656,0.007968637,157.69968,2.9978485,1.7566421,791.0379,0.7555263,28.253967,970.1637,0.0,-0.036346626,-0.007162702,0.0,0.0,0.0,0.0,0.0,0.0,0.0,0.0,0.0,0.0,0.0,0.0,0.0,0.0,0.0,0.0,0.0,0.0,0.0,1.0,0.0,1.0,1.0,0.0,0.0,0.0,0.0,6,test/100/6/0,111
28.2868,0.039375305,0.04602002,0.000457854,969.9856,-0.17559814,0.0653957,0.0014670924,0.0,0.0,0.0,0.0,14.019547,2.7005749,-0.015047185,0.15505476,5.020588,0.0044841766,0.007400453,158.6824,0.98272705,1.9219723,796.67896,0.8374588,28.25725,970.1459,0.0,0.16416456,-0.4579845,0.0,0.0,-0.030180786,0.0,0.0,0.0,0.0,0.0,0.0,0.0,0.0,0.0,0.0,0.0,0.0,0.0,0.0,0.0,0.0,1.0,0.0,1.0,1.0,0.0,0.0,0.0,0.0,6,test/100/6/0,112
28.391367,0.104566574,0.054669432,0.0028683713,970.16376,0.17816162,0.06190386,0.00031063682,0.0,0.0,0.0,0.0,9.201298,2.652521,-8.60945,0.7784783,5.0440097,0.023421764,0.008133677,155.7808,-2.901596,1.9226413,785.7599,0.89108646,28.270662,970.1477,0.0,0.670581,0.04594382,0.0,0.050029714,0.0,0.0,0.0,0.0,0.0,0.0,0.0,0.0,0.0,0.0,0.0,0.0,0.0,0.0,0.0,0.0,0.0,1.0,0.0,1.0,1.0,0.0,0.0,0.0,0.0,6,test/100/6/0,113
28.189547,-0.20182037,0.056504074,0.002190752,970.1251,-0.038635254,0.061008643,-0.0008189266,0.0,0.0,0.0,0.0,7.73679,2.676602,3.3537428,0.50006807,5.027724,-0.016285896,0.00802727,151.12276,-4.6580505,2.060215,759.80347,0.54891217,28.26255,970.14545,0.0,-0.405579,-0.05799836,0.0,0.0,0.0,0.0,0.0,0.0,0.0,0.0,0.0,0.0,0.0,0.0,0.0,0.0,0.0,0.0,0.0,0.0,0.0,1.0,0.0,1.0,1.0,0.0,0.0,0.0,0.0,6,test/100/6/0,114
28.196709,0.007162094,0.057650868,0.0016986948,970.103,-0.022094727,0.061093207,-0.002157845,0.0,0.0,0.0,0.0,8.966849,2.6717281,2.6945665,1.1054661,5.005249,-0.022474766,0.009106083,158.72052,7.597763,2.1634886,794.4357,0.56321675,28.255966,970.1412,0.0,-0.3292106,-0.109013535,0.0,0.0,0.0,0.0,0.0,0.0,0.0,0.0,0.0,0.0,0.0,0.0,0.0,0.0,0.0,0.0,0.0,0.0,0.0,1.0,0.0,1.0,1.0,0.0,0.0,0.0,0.0,6,test/100/6/0,115
28.286547,0.08983803,0.057520777,0.0016357164,970.2632,0.16015625,0.06593181,-0.0006540858,0.0,0.0,0.0,0.0,10.8045845,2.571321,0.6076752,1.8167765,5.0445476,0.039298534,0.009807677,152.98842,-5.7321014,2.1750941,771.7574,0.35106358,28.259024,970.1534,0.0,0.15290058,0.31371817,0.0,0.0,0.0,0.0,0.0,0.0,0.0,0.0,0.0,0.0,0.0,0.0,0.0,0.0,0.0,0.0,0.0,0.0,0.0,1.0,0.0,1.0,1.0,0.0,0.0,0.0,0.0,6,test/100/6/0,116
28.273182,-0.013364792,0.05693904,0.0012867763,970.08527,-0.17791748,0.06426529,-0.00024239677,0.0,0.0,0.0,0.0,7.7777514,2.6086311,-4.8645673,1.1587378,5.0545697,0.010022163,0.01092873,156.41075,3.4223328,2.2020385,790.58905,0.5193149,28.26044,970.14655,0.0,0.070786566,-0.17515573,0.0,0.0,0.0,0.0,0.0,0.0,0.0,0.0,0.0,0.0,0.0,0.0,0.0,0.0,0.0,0.0,0.0,0.0,0.0,1.0,0.0,1.0,1.0,0.0,0.0,0.0,0.0,6,test/100/6/0,117
28.141354,-0.13182831,0.059890155,-0.0016494665,970.17255,0.08728027,0.06367283,-0.0005697379,0.0,0.0,0.0,0.0,12.807896,2.6870663,8.056976,0.7420396,5.0006995,-0.0538702,0.01269743,154.32191,-2.0888367,2.1956844,771.7176,0.33252648,28.248531,970.1492,0.0,-0.59543365,0.06679483,0.0,-0.047932167,0.0,0.0,0.0,0.0,0.0,0.0,0.0,0.0,0.0,0.0,0.0,0.0,0.0,0.0,0.0,0.0,0.0,1.0,0.0,1.0,1.0,0.0,0.0,0.0,0.0,6,test/100/6/0,118
28.20718,0.065826416,0.0601962,-0.0029792155,970.1356,-0.03692627,0.06314248,-0.0013982558,0.0,0.0,0.0,0.0,9.601817,2.6873877,-8.236221,0.11178391,5.0122066,0.011507034,0.013183392,154.29854,-0.023376465,2.0143876,773.37616,-0.04805376,28.244396,970.1478,0.0,-0.20675819,-0.03483792,0.0,-0.019965226,0.0,0.0,0.0,0.0,0.0,0.0,0.0,0.0,0.0,0.0,0.0,0.0,0.0,0.0,0.0,0.0,0.0,1.0,0.0,1.0,1.0,0.0,0.0,0.0,0.0,6,test/100/6/0,119
28.206741,-0.0004386902,0.061123285,-0.0037152583,970.1679,0.032287598,0.062194895,-0.00036244787,0.0,0.0,0.0,0.0,8.323157,2.5976698,1.927417,2.9224007,5.0280266,0.015820026,0.013103482,157.57701,3.278473,2.0404758,792.3014,0.3106312,28.240631,970.14984,0.0,-0.18827581,0.051671125,0.0,0.0,0.0,0.0,0.0,0.0,0.0,0.0,0.0,0.0,0.0,0.0,0.0,0.0,0.0,0.0,0.0,0.0,0.0,1.0,0.0,1.0,1.0,0.0,0.0,0.0,0.0,6,test/100/6/0,120
28.263128,0.056386948,0.061061293,-0.0033207987,970.1209,-0.04699707,0.061851174,-0.0014235418,0.0,0.0,0.0,0.0,8.173921,2.5582974,1.1294241,1.9366033,5.0237436,-0.0042829514,0.013086427,158.9236,1.3465881,2.1961439,798.3915,0.5327218,28.24288,970.1469,0.0,0.1124865,-0.074345596,0.0,0.0,0.0,0.0,0.0,0.0,0.0,0.0,0.0,0.0,0.0,0.0,0.0,0.0,0.0,0.0,0.0,0.0,0.0,1.0,0.0,1.0,1.0,0.0,0.0,0.0,0.0,6,test/100/6/0,121
28.22939,-0.03373909,0.060407177,-0.0029645246,970.1241,0.0031738281,0.061663322,-0.00130294,0.0,0.0,0.0,0.0,10.160772,2.522084,2.136089,1.0669879,5.030029,0.0062851906,0.012979628,156.16254,-2.7610626,2.1454186,785.5021,0.44735625,28.241531,970.14465,0.0,-0.0674576,-0.058749765,0.0,0.0,0.0,0.0,0.0,0.0,0.0,0.0,0.0,0.0,0.0,0.0,0.0,0.0,0.0,0.0,0.0,0.0,0.0,1.0,0.0,1.0,1.0,0.0,0.0,0.0,0.0,6,test/100/6/0,122
28.173962,-0.05542755,0.051570013,-0.0016523175,970.18854,0.064453125,0.060489763,-0.0017165105,0.0,0.0,0.0,0.0,7.755652,2.559098,-4.391973,0.77602947,5.0408673,0.010838509,0.01330528,153.67044,-2.492096,2.1761618,774.6324,0.3021055,28.234774,970.14905,0.0,-0.3378496,0.11286182,0.0,-0.005829238,0.0,0.0,0.0,0.0,0.0,0.0,0.0,0.0,0.0,0.0,0.0,0.0,0.0,0.0,0.0,0.0,0.0,1.0,0.0,1.0,1.0,0.0,0.0,0.0,0.0,6,test/100/6/0,123
28.136497,-0.03746414,0.056128815,-0.0031465201,970.27545,0.08691406,0.06196111,0.0017244956,0.0,0.0,0.0,0.0,12.993929,2.4805872,7.643398,2.0917456,5.0162053,-0.024662018,0.013456024,153.68071,0.010269165,2.2074263,770.894,0.18646011,28.224947,970.1617,0.0,-0.49138534,0.32506895,0.0,-0.051368713,0.0,0.0,0.0,0.0,0.0,0.0,0.0,0.0,0.0,0.0,0.0,0.0,0.0,0.0,0.0,0.0,0.0,1.0,0.0,1.0,1.0,0.0,0.0,0.0,0.0,6,test/100/6/0,124
28.23394,0.09744263,0.055316057,-0.003790157,970.16125,-0.11419678,0.06194452,0.001688058,0.0,0.0,0.0,0.0,5.8329005,2.6240578,-12.399306,1.6758534,5.017425,0.0012197495,0.013512171,154.88098,1.2002716,2.1703677,777.1037,-0.027749658,28.225845,970.1616,0.0,0.04496632,-0.0010868106,0.0,0.0,0.0,0.0,0.0,0.0,0.0,0.0,0.0,0.0,0.0,0.0,0.0,0.0,0.0,0.0,0.0,0.0,0.0,1.0,0.0,1.0,1.0,0.0,0.0,0.0,0.0,6,test/100/6/0,125
28.250868,0.01692772,0.055412102,-0.0034862102,970.22516,0.06390381,0.06370252,0.002463847,0.0,0.0,0.0,0.0,7.140253,2.4506202,8.468381,1.10978,5.0232787,0.005853653,0.013531044,160.81865,5.937668,2.446204,807.8369,0.5011043,28.228348,970.16797,0.0,0.12510829,0.16334595,0.0,0.0,0.0,0.0,0.0,0.0,0.0,0.0,0.0,0.0,0.0,0.0,0.0,0.0,0.0,0.0,0.0,0.0,0.0,1.0,0.0,1.0,1.0,0.0,0.0,0.0,0.0,6,test/100/6/0,126
28.279087,0.028219223,0.05621176,-0.0028583799,970.1426,-0.08258057,0.0629878,0.0015225288,0.0,0.0,0.0,0.0,11.369734,2.4484284,2.922128,1.76574,5.0271587,0.003880024,0.013470506,155.71585,-5.1027985,2.4155536,782.8082,0.39407542,28.233421,970.16547,0.0,0.25369358,-0.06533867,0.0,0.0,0.0,0.0,0.0,0.0,0.0,0.0,0.0,0.0,0.0,0.0,0.0,0.0,0.0,0.0,0.0,0.0,0.0,1.0,0.0,1.0,1.0,0.0,0.0,0.0,0.0,6,test/100/6/0,127
28.170656,-0.10843086,0.05808835,-0.0038066679,970.1956,0.05303955,0.06256636,0.0027882052,0.0,0.0,0.0,0.0,12.261126,2.4636457,-3.3380888,1.9554626,5.0359144,0.008755684,0.013106845,162.13292,6.4170685,2.7756572,816.48755,0.82275397,28.227146,970.16846,0.0,-0.3138301,0.07758261,0.0,-0.004802211,0.0,0.0,0.0,0.0,0.0,0.0,0.0,0.0,0.0,0.0,0.0,0.0,0.0,0.0,0.0,0.0,0.0,1.0,0.0,1.0,1.0,0.0,0.0,0.0,0.0,6,test/100/6/0,128
28.193531,0.022874832,0.058514196,-0.0040435977,970.1285,-0.06713867,0.06142784,0.0032640041,0.0,0.0,0.0,0.0,12.179058,2.2909691,-0.9734592,0.21679527,5.0124965,-0.02341795,0.013378682,157.70758,-4.4253387,2.6749241,790.50867,0.61941624,28.223783,970.1645,0.0,-0.16807292,-0.10281795,0.0,0.0,0.0,0.0,0.0,0.0,0.0,0.0,0.0,0.0,0.0,0.0,0.0,0.0,0.0,0.0,0.0,0.0,0.0,1.0,0.0,1.0,1.0,0.0,0.0,0.0,0.0,6,test/100/6/0,129
28.298807,0.10527611,0.05981754,-0.002484511,970.0774,-0.051086426,0.06347942,0.0024792205,0.0,0.0,0.0,0.0,7.9756923,2.2035923,-4.1212983,0.8337645,5.043679,0.031182766,0.013951019,157.77599,0.06840515,2.6669917,795.7715,0.64641064,28.231287,970.15576,0.0,0.37511492,-0.22390126,0.0,0.0,0.0,0.0,0.0,0.0,0.0,0.0,0.0,0.0,0.0,0.0,0.0,0.0,0.0,0.0,0.0,0.0,0.0,1.0,0.0,1.0,1.0,0.0,0.0,0.0,0.0,6,test/100/6/0,130
28.311125,0.0123176575,0.06215955,-0.0011357415,970.20715,0.12976074,0.064659104,0.0034684031,0.0,0.0,0.0,0.0,10.204795,2.203351,6.432469,1.6836959,5.0428433,-0.00083589554,0.01419602,157.62996,-0.14602661,2.6654058,794.90314,0.84202534,28.239271,970.1609,0.0,0.3991917,0.13215935,0.0,0.0,0.0,0.0,0.0,0.0,0.0,0.0,0.0,0.0,0.0,0.0,0.0,0.0,0.0,0.0,0.0,0.0,0.0,1.0,0.0,1.0,1.0,0.0,0.0,0.0,0.0,6,test/100/6/0,131
28.244364,-0.06676102,0.06110532,-0.00021477463,970.2396,0.032470703,0.05484407,0.0020797385,0.0,0.0,0.0,0.0,8.0889845,2.0004623,-4.3449135,1.163677,5.0303183,-0.012525082,0.014115141,156.4175,-1.2124634,2.61581,786.8298,1.0055631,28.23978,970.16876,0.0,0.025467448,0.20243952,0.0,0.0,0.0,0.0,0.0,0.0,0.0,0.0,0.0,0.0,0.0,0.0,0.0,0.0,0.0,0.0,0.0,0.0,0.0,1.0,0.0,1.0,1.0,0.0,0.0,0.0,0.0,6,test/100/6/0,132
28.28534,0.04097557,0.05097306,0.0030064231,970.1608,-0.07879639,0.054851465,0.001996492,0.0,0.0,0.0,0.0,11.166377,2.0329518,5.1932025,1.408577,5.047314,0.016995907,0.014318864,158.68938,2.271881,2.661309,800.95514,1.2132964,28.244335,970.16797,0.0,0.22779855,-0.020423718,0.0,0.0,0.0,0.0,0.0,0.0,0.0,0.0,0.0,0.0,0.0,0.0,0.0,0.0,0.0,0.0,0.0,0.0,0.0,1.0,0.0,1.0,1.0,0.0,0.0,0.0,0.0,6,test/100/6/0,133
28.222162,-0.06317711,0.050213695,0.0022978934,970.29407,0.13323975,0.060753193,0.0032110459,0.0,0.0,0.0,0.0,8.465995,2.0061796,-5.777774,0.36186585,5.0148606,-0.032453537,0.014612353,160.66534,1.9759674,2.5086992,805.7143,1.0563294,28.242119,970.1806,0.0,-0.110866845,0.32423514,0.0,0.0,0.0,0.0,0.0,0.0,0.0,0.0,0.0,0.0,0.0,0.0,0.0,0.0,0.0,0.0,0.0,0.0,0.0,1.0,0.0,1.0,1.0,0.0,0.0,0.0,0.0,6,test/100/6/0,134
28.201977,-0.02018547,0.05005072,0.0013650393,970.1619,-0.13214111,0.05866039,0.0019349521,0.0,0.0,0.0,0.0,13.379433,2.1608124,7.613819,0.21834336,5.0318146,0.016953945,0.013701886,159.79626,-0.8690796,2.556949,804.06525,1.3535908,28.238104,970.1787,0.0,-0.20070751,-0.047979806,0.0,0.0,0.0,0.0,0.0,0.0,0.0,0.0,0.0,0.0,0.0,0.0,0.0,0.0,0.0,0.0,0.0,0.0,0.0,1.0,0.0,1.0,1.0,0.0,0.0,0.0,0.0,6,test/100/6/0,135
28.214743,0.012765884,0.048450794,0.002025128,970.13116,-0.030761719,0.05588327,0.0026596184,0.0,0.0,0.0,0.0,13.71498,2.3145363,-4.57789,1.3769252,5.014297,-0.017517567,0.013560007,159.46405,-0.33221436,2.433831,799.60004,1.2145041,28.235767,970.17395,0.0,-0.11680734,-0.122283384,0.0,0.0,0.0,0.0,0.0,0.0,0.0,0.0,0.0,0.0,0.0,0.0,0.0,0.0,0.0,0.0,0.0,0.0,0.0,1.0,0.0,1.0,1.0,0.0,0.0,0.0,0.0,6,test/100/6/0,136
28.133537,-0.08120537,0.051258948,0.0014220934,970.2248,0.09362793,0.053558204,0.002111128,0.0,0.0,0.0,0.0,10.845094,2.2653797,-3.2054343,0.13108806,5.0340734,0.019776344,0.012170239,158.75127,-0.7127838,2.442734,799.1655,1.3246834,28.225544,970.179,0.0,-0.51115346,0.13070248,0.0,-0.04274045,0.0,0.0,0.0,0.0,0.0,0.0,0.0,0.0,0.0,0.0,0.0,0.0,0.0,0.0,0.0,0.0,0.0,1.0,0.0,1.0,1.0,0.0,0.0,0.0,0.0,6,test/100/6/0,137
28.176977,0.043439865,0.04907015,-0.00043187966,970.1707,-0.05407715,0.053566884,0.0019584026,0.0,0.0,0.0,0.0,13.335776,2.299339,5.3605685,0.010043557,5.021099,-0.012974262,0.010748485,159.98697,1.2357025,2.3910253,803.3104,1.1832082,28.220688,970.1782,0.0,-0.24283877,-0.021423288,0.0,-0.03455957,0.0,0.0,0.0,0.0,0.0,0.0,0.0,0.0,0.0,0.0,0.0,0.0,0.0,0.0,0.0,0.0,0.0,1.0,0.0,1.0,1.0,0.0,0.0,0.0,0.0,6,test/100/6/0,138
28.221947,0.04496956,0.048957076,-0.00065763516,970.0919,-0.07879639,0.056031145,9.972135e-05,0.0,0.0,0.0,0.0,6.5900927,2.4253752,-9.236365,1.8551594,5.0301795,0.00908041,0.010178307,162.83989,2.8529205,2.4990404,819.1139,1.2461767,28.220814,970.16956,0.0,0.0062928963,-0.22190024,0.0,0.0,0.0,0.0,0.0,0.0,0.0,0.0,0.0,0.0,0.0,0.0,0.0,0.0,0.0,0.0,0.0,0.0,0.0,1.0,0.0,1.0,1.0,0.0,0.0,0.0,0.0,6,test/100/6/0,139
28.267948,0.046001434,0.049786177,-0.00025535957,970.2086,0.11669922,0.056493048,0.00048369213,0.0,0.0,0.0,0.0,15.801435,2.699344,15.9570265,0.38875976,5.0180793,-0.01210022,0.010418795,163.39453,0.5546417,2.7406366,819.9267,1.5507976,28.225527,970.17346,0.0,0.23567078,0.10037349,0.0,0.0,0.0,0.0,0.0,0.0,0.0,0.0,0.0,0.0,0.0,0.0,0.0,0.0,0.0,0.0,0.0,0.0,0.0,1.0,0.0,1.0,1.0,0.0,0.0,0.0,0.0,6,test/100/6/0,140
28.155201,-0.11274719,0.051242933,-0.00066547823,970.0766,-0.13201904,0.0594232,-0.0018216011,0.0,0.0,0.0,0.0,8.326608,2.6933262,-16.686172,1.1865845,5.0461483,0.02806902,0.0111059835,161.95401,-1.4405212,2.8441584,817.244,1.871712,28.218494,970.1638,0.0,-0.35163227,-0.2491414,0.0,-0.014204195,0.0,0.0,0.0,0.0,0.0,0.0,0.0,0.0,0.0,0.0,0.0,0.0,0.0,0.0,0.0,0.0,0.0,1.0,0.0,1.0,1.0,0.0,0.0,0.0,0.0,6,test/100/6/0,141
28.149012,-0.0061893463,0.053460952,-0.001534442,970.16223,0.085632324,0.058383975,-0.0027868284,0.0,0.0,0.0,0.0,9.273542,2.7038486,8.421764,2.076673,5.0175157,-0.02863264,0.011374224,162.72583,0.77182007,2.920819,816.4794,1.9498363,28.211546,970.16364,0.0,-0.34741578,-0.004029853,0.0,-0.03320136,0.0,0.0,0.0,0.0,0.0,0.0,0.0,0.0,0.0,0.0,0.0,0.0,0.0,0.0,0.0,0.0,0.0,1.0,0.0,1.0,1.0,0.0,0.0,0.0,0.0,6,test/100/6/0,142
28.2743,0.12528801,0.053978164,-0.0013678801,970.1065,-0.055725098,0.060225908,-0.0035878117,0.0,0.0,0.0,0.0,8.899751,2.6604252,-1.320728,0.1284234,5.012508,-0.005007744,0.011483629,159.79057,-2.935257,2.6624093,800.95154,1.5879253,28.217821,970.1579,0.0,0.31376585,-0.14691998,0.0,0.0,0.0,0.0,0.0,0.0,0.0,0.0,0.0,0.0,0.0,0.0,0.0,0.0,0.0,0.0,0.0,0.0,0.0,1.0,0.0,1.0,1.0,0.0,0.0,0.0,0.0,6,test/100/6/0,143
28.293604,0.019304276,0.052506033,-0.0016679664,970.0983,-0.008178711,0.057330932,-0.003009951,0.0,0.0,0.0,0.0,11.614102,2.6094666,3.088144,3.7687984,5.03907,0.026562214,0.011504085,160.5338,0.7432251,2.3470824,808.94104,1.241545,28.2254,970.152,0.0,0.37891066,-0.15325895,0.0,0.0,0.0,0.0,0.0,0.0,0.0,0.0,0.0,0.0,0.0,0.0,0.0,0.0,0.0,0.0,0.0,0.0,0.0,1.0,0.0,1.0,1.0,0.0,0.0,0.0,0.0,6,test/100/6/0,144
28.212914,-0.080690384,0.05260613,-0.0018184547,970.20184,0.103515625,0.057939623,-0.0024900509,0.0,0.0,0.0,0.0,13.612662,2.4881368,-0.7157913,0.6498193,5.0332937,-0.0057764053,0.011292399,163.64513,3.1113281,2.244074,823.67395,1.1464692,28.224152,970.157,0.0,-0.062432334,0.12824999,0.0,0.0,0.0,0.0,0.0,0.0,0.0,0.0,0.0,0.0,0.0,0.0,0.0,0.0,0.0,0.0,0.0,0.0,0.0,1.0,0.0,1.0,1.0,0.0,0.0,0.0,0.0,6,test/100/6/0,145
28.1857,-0.02721405,0.053098846,-0.0020588166,970.2921,0.090270996,0.06301496,0.00026740742,0.0,0.0,0.0,0.0,8.049367,2.4300916,-7.561856,0.46484292,5.0211205,-0.012173176,0.011354756,160.77338,-2.8717499,2.2432919,807.2625,1.2321754,28.220306,970.1705,0.0,-0.19225936,0.3475504,0.0,0.0,0.0,0.0,0.0,0.0,0.0,0.0,0.0,0.0,0.0,0.0,0.0,0.0,0.0,0.0,0.0,0.0,0.0,1.0,0.0,1.0,1.0,0.0,0.0,0.0,0.0,6,test/100/6/0,146
28.170937,-0.014762878,0.052785367,-0.0019665123,970.21643,-0.075683594,0.0635421,0.0005390827,0.0,0.0,0.0,0.0,8.310864,2.4824553,5.824794,0.028880483,5.0216827,0.000562191,0.011453948,162.17834,1.4049683,2.057888,814.4082,1.0256367,28.215368,970.17505,0.0,-0.24684781,0.11818041,0.0,0.0,0.0,0.0,0.0,0.0,0.0,0.0,0.0,0.0,0.0,0.0,0.0,0.0,0.0,0.0,0.0,0.0,0.0,1.0,0.0,1.0,1.0,0.0,0.0,0.0,0.0,6,test/100/6/0,147
28.335693,0.16475677,0.05725617,-0.0010699738,970.2931,0.076660156,0.06867321,0.0026323132,0.0,0.0,0.0,0.0,7.1223774,2.5623727,-1.4499855,0.9555859,5.0097876,-0.01189518,0.012001021,160.11346,-2.0648804,2.0166998,802.13446,1.1280189,28.227402,970.1869,0.0,0.60162085,0.3034885,0.0,0.012627608,0.0,0.0,0.0,0.0,0.0,0.0,0.0,0.0,0.0,0.0,0.0,0.0,0.0,0.0,0.0,0.0,0.0,1.0,0.0,1.0,1.0,0.0,0.0,0.0,0.0,6,test/100/6/0,148
28.196747,-0.13894653,0.05716502,-0.0020453804,970.1992,-0.09387207,0.06789047,0.0021778536,0.0,0.0,0.0,0.0,11.500277,2.5423098,5.5663867,1.0020996,5.0261846,0.016397,0.011529199,160.92606,0.81259155,1.9348185,808.844,0.9376422,28.224337,970.1881,0.0,-0.15327391,0.03175431,0.0,0.0,0.0,0.0,0.0,0.0,0.0,0.0,0.0,0.0,0.0,0.0,0.0,0.0,0.0,0.0,0.0,0.0,0.0,1.0,0.0,1.0,1.0,0.0,0.0,0.0,0.0,6,test/100/6/0,149
28.330349,0.13360214,0.059493985,0.00054523355,970.0223,-0.17694092,0.072958454,-0.0017173366,0.0,0.0,0.0,0.0,7.1792364,2.5845115,-8.698938,0.3731832,5.0544505,0.028265953,0.012471743,159.56952,-1.3565369,1.8507376,806.5362,0.7698222,28.234938,970.1715,0.0,0.5300642,-0.42641205,0.0,0.0057130437,-0.0020180622,0.0,0.0,0.0,0.0,0.0,0.0,0.0,0.0,0.0,0.0,0.0,0.0,0.0,0.0,0.0,0.0,1.0,0.0,1.0,1.0,0.0,0.0,0.0,0.0,6,test/100/6/0,150
28.28329,-0.047058105,0.05786523,0.002610647,970.10583,0.08355713,0.074262284,-0.0022871203,0.0,0.0,0.0,0.0,12.023014,2.612304,9.164818,0.12078961,5.0313625,-0.023087978,0.0120476205,164.6403,5.0707855,1.9372767,828.365,0.88394386,28.239773,970.165,0.0,0.24176726,-0.16890965,0.0,0.0,0.0,0.0,0.0,0.0,0.0,0.0,0.0,0.0,0.0,0.0,0.0,0.0,0.0,0.0,0.0,0.0,0.0,1.0,0.0,1.0,1.0,0.0,0.0,0.0,0.0,6,test/100/6/0,151
28.175785,-0.1075058,0.058808506,0.0021279973,970.2574,0.1515503,0.07515564,-2.684629e-05,0.0,0.0,0.0,0.0,14.742838,2.722629,-2.1239538,1.7415302,5.040703,0.009340286,0.012366334,163.67026,-0.970047,1.7441643,825.0131,0.77238894,28.233374,970.1742,0.0,-0.31993848,0.23768206,0.0,0.0,0.0,0.0,0.0,0.0,0.0,0.0,0.0,0.0,0.0,0.0,0.0,0.0,0.0,0.0,0.0,0.0,0.0,1.0,0.0,1.0,1.0,0.0,0.0,0.0,0.0,6,test/100/6/0,152
28.159771,-0.0160141,0.05867102,0.0021666836,970.2488,-0.008605957,0.07682291,0.00083962345,0.0,0.0,0.0,0.0,7.002649,2.8356748,-10.460013,0.4832113,5.032826,-0.007876873,0.011632529,162.11966,-1.5505981,1.6546785,815.92,0.69654554,28.226013,970.18164,0.0,-0.3680151,0.19178425,0.0,-0.004987189,0.0,0.0,0.0,0.0,0.0,0.0,0.0,0.0,0.0,0.0,0.0,0.0,0.0,0.0,0.0,0.0,0.0,1.0,0.0,1.0,1.0,0.0,0.0,0.0,0.0,6,test/100/6/0,153
28.15907,-0.0007019043,0.060049403,0.0013866338,970.1387,-0.11010742,0.07244397,0.0021046575,0.0,0.0,0.0,0.0,9.121046,2.8158271,9.858586,0.6777499,5.0139413,-0.018884659,0.011684295,158.84496,-3.274704,1.739225,796.4393,0.3950473,28.219318,970.17737,0.0,-0.33472311,-0.110527545,0.0,-0.008854528,0.0,0.0,0.0,0.0,0.0,0.0,0.0,0.0,0.0,0.0,0.0,0.0,0.0,0.0,0.0,0.0,0.0,1.0,0.0,1.0,1.0,0.0,0.0,0.0,0.0,6,test/100/6/0,154
28.222023,0.06295395,0.059991352,0.0012820853,970.0739,-0.0647583,0.07543773,0.00059181155,0.0,0.0,0.0,0.0,7.74097,2.7978578,-3.4984732,0.9425714,5.002144,-0.011797428,0.0128669385,160.70575,1.8607941,1.7113483,803.8733,0.18765914,28.21959,970.167,0.0,0.013518932,-0.26599613,0.0,0.0,0.0,0.0,0.0,0.0,0.0,0.0,0.0,0.0,0.0,0.0,0.0,0.0,0.0,0.0,0.0,0.0,0.0,1.0,0.0,1.0,1.0,0.0,0.0,0.0,0.0,6,test/100/6/0,155
28.31139,0.08936691,0.063487895,0.0026256288,970.1515,0.07757568,0.07509745,-0.00016617165,0.0,0.0,0.0,0.0,12.451294,2.732174,6.0903997,0.86118716,4.9775934,-0.024550438,0.016510228,160.10367,-0.6020813,1.6818762,796.931,-0.1891188,28.22877,970.16547,0.0,0.4590016,-0.03991619,0.0,0.0,0.0,0.0,0.0,0.0,0.0,0.0,0.0,0.0,0.0,0.0,0.0,0.0,0.0,0.0,0.0,0.0,0.0,1.0,0.0,1.0,1.0,0.0,0.0,0.0,0.0,6,test/100/6/0,156
28.228605,-0.08278465,0.06025225,0.0013590102,970.0701,-0.08135986,0.07669818,-0.0006386664,0.0,0.0,0.0,0.0,7.0822606,2.8082,-10.079357,0.6438254,5.015017,0.03742361,0.016462058,162.8728,2.7691345,1.5996894,816.8099,-0.2847604,28.228754,970.15594,0.0,-0.00082182075,-0.24513565,0.0,0.0,0.0,0.0,0.0,0.0,0.0,0.0,0.0,0.0,0.0,0.0,0.0,0.0,0.0,0.0,0.0,0.0,0.0,1.0,0.0,1.0,1.0,0.0,0.0,0.0,0.0,6,test/100/6/0,157
28.236458,0.007852554,0.05924014,0.0007475043,970.18005,0.10992432,0.07679458,-0.00016208735,0.0,0.0,0.0,0.0,6.4561677,2.798512,4.742941,0.3016794,5.007391,-0.0076260567,0.016818251,160.79926,-2.0735474,1.569014,805.1847,-0.5075631,28.229525,970.1583,0.0,0.038523134,0.06204044,0.0,0.0,0.0,0.0,0.0,0.0,0.0,0.0,0.0,0.0,0.0,0.0,0.0,0.0,0.0,0.0,0.0,0.0,0.0,1.0,0.0,1.0,1.0,0.0,0.0,0.0,0.0,6,test/100/6/0,158
28.188972,-0.04748535,0.059856262,7.823715e-05,970.28937,0.109313965,0.08005934,0.00061792356,0.0,0.0,0.0,0.0,9.444895,2.7104733,3.6148195,0.4415745,5.0384974,0.031106472,0.01710223,162.64465,1.845398,1.5619233,819.48474,-0.27936947,28.225468,970.17145,0.0,-0.20275594,0.33692944,0.0,0.0,0.0,0.0,0.0,0.0,0.0,0.0,0.0,0.0,0.0,0.0,0.0,0.0,0.0,0.0,0.0,0.0,0.0,1.0,0.0,1.0,1.0,0.0,0.0,0.0,0.0,6,test/100/6/0,159
28.295322,0.106349945,0.061079983,0.0017041788,970.163,-0.12634277,0.07956471,0.0011387416,0.0,0.0,0.0,0.0,8.823439,2.3373535,-3.610183,0.52276313,5.033132,-0.0053653717,0.017201556,160.21521,-2.4294434,1.5327406,806.38434,-0.22604834,28.232454,970.1706,0.0,0.3492694,-0.021644913,0.0,0.0,0.0,0.0,0.0,0.0,0.0,0.0,0.0,0.0,0.0,0.0,0.0,0.0,0.0,0.0,0.0,0.0,0.0,1.0,0.0,1.0,1.0,0.0,0.0,0.0,0.0,6,test/100/6/0,160
28.259241,-0.036081314,0.059032567,0.0009932898,970.0382,-0.124816895,0.08215237,-0.0021394887,0.0,0.0,0.0,0.0,4.8587646,2.533805,-3.3432178,1.9731903,5.036489,0.0033569336,0.016693104,161.80092,1.5857086,1.5305418,814.9085,-0.07294697,28.235132,970.15735,0.0,0.13393587,-0.34043816,0.0,0.0,0.0,0.0,0.0,0.0,0.0,0.0,0.0,0.0,0.0,0.0,0.0,0.0,0.0,0.0,0.0,0.0,0.0,1.0,0.0,1.0,1.0,0.0,0.0,0.0,0.0,6,test/100/6/0,161
28.329319,0.070077896,0.059215322,0.0010293358,970.121,0.08276367,0.08272323,-0.0028255605,0.0,0.0,0.0,0.0,11.686128,2.5881636,10.792037,0.23748448,5.044399,0.007909775,0.017251417,161.63515,-0.16577148,1.5027077,815.3522,0.07793111,28.24455,970.15375,0.0,0.47093177,-0.093573466,0.0,0.006133327,0.0,0.0,0.0,0.0,0.0,0.0,0.0,0.0,0.0,0.0,0.0,0.0,0.0,0.0,0.0,0.0,0.0,1.0,0.0,1.0,1.0,0.0,0.0,0.0,0.0,6,test/100/6/0,162
28.203255,-0.1260643,0.05933046,0.00097155606,970.15326,0.032287598,0.08173769,-0.0038682062,0.0,0.0,0.0,0.0,9.985771,2.5887825,-8.527719,0.8060945,5.027599,-0.016799927,0.017035596,163.43388,1.7987366,1.5198246,821.68,0.075725354,28.240421,970.1537,0.0,-0.20648292,-0.0011908665,0.0,0.0,0.0,0.0,0.0,0.0,0.0,0.0,0.0,0.0,0.0,0.0,0.0,0.0,0.0,0.0,0.0,0.0,0.0,1.0,0.0,1.0,1.0,0.0,0.0,0.0,0.0,6,test/100/6/0,163
28.207071,0.0038166046,0.05833184,0.0013799381,970.13403,-0.019226074,0.080628656,-0.0053849528,0.0,0.0,0.0,0.0,5.6798506,2.6616907,-2.605565,0.009042351,5.022898,-0.0047006607,0.016745763,162.59523,-0.83865356,1.5165435,816.6993,0.09734598,28.237087,970.15173,0.0,-0.1667516,-0.050510257,0.0,0.0,0.0,0.0,0.0,0.0,0.0,0.0,0.0,0.0,0.0,0.0,0.0,0.0,0.0,0.0,0.0,0.0,0.0,1.0,0.0,1.0,1.0,0.0,0.0,0.0,0.0,6,test/100/6/0,164
28.174072,-0.03299904,0.059652995,0.0001729707,970.06854,-0.06549072,0.082989626,-0.0062565166,0.0,0.0,0.0,0.0,12.074608,2.5513942,10.700678,1.0971667,5.0028853,-0.020012856,0.017253404,160.52075,-2.0744781,1.4644884,803.0669,0.14517662,28.230785,970.1434,0.0,-0.31507164,-0.21386394,0.0,0.0,0.0,0.0,0.0,0.0,0.0,0.0,0.0,0.0,0.0,0.0,0.0,0.0,0.0,0.0,0.0,0.0,0.0,1.0,0.0,1.0,1.0,0.0,0.0,0.0,0.0,6,test/100/6/0,165
28.285166,0.11109352,0.059677374,0.00018176602,970.1077,0.03918457,0.07798514,-0.004942517,0.0,0.0,0.0,0.0,7.3537126,2.5697036,-11.115652,0.1662989,5.047719,0.04483366,0.018063009,161.00696,0.48620605,1.459505,812.71783,0.10273791,28.236223,970.13983,0.0,0.27190313,-0.09171723,0.0,0.0,0.0,0.0,0.0,0.0,0.0,0.0,0.0,0.0,0.0,0.0,0.0,0.0,0.0,0.0,0.0,0.0,0.0,1.0,0.0,1.0,1.0,0.0,0.0,0.0,0.0,6,test/100/6/0,166
28.25122,-0.033945084,0.057724647,-0.0006770399,970.08307,-0.024658203,0.077859916,-0.004898507,0.0,0.0,0.0,0.0,12.243145,2.6559908,9.610327,0.62468714,5.0332713,-0.014447689,0.018154273,159.58005,-1.4269104,1.5098791,803.20966,0.029091284,28.237722,970.13416,0.0,0.074987404,-0.14595231,0.0,0.0,0.0,0.0,0.0,0.0,0.0,0.0,0.0,0.0,0.0,0.0,0.0,0.0,0.0,0.0,0.0,0.0,0.0,1.0,0.0,1.0,1.0,0.0,0.0,0.0,0.0,6,test/100/6/0,167
28.152996,-0.09822464,0.0565623,-0.00045836024,970.0844,0.0013427734,0.07098809,-0.0034243476,0.0,0.0,0.0,0.0,7.35713,2.6471608,-9.775448,2.1341097,5.020023,-0.013248444,0.017862555,159.69649,0.11643982,1.5301043,801.68005,-0.24336281,28.22925,970.12915,0.0,-0.42363453,-0.12790424,0.0,-0.009604207,0.0,0.0,0.0,0.0,0.0,0.0,0.0,0.0,0.0,0.0,0.0,0.0,0.0,0.0,0.0,0.0,0.0,1.0,0.0,1.0,1.0,0.0,0.0,0.0,0.0,6,test/100/6/0,168
28.269882,0.11688614,0.05649632,-0.0004890385,970.1624,0.07800293,0.06975332,-0.0020042476,0.0,0.0,0.0,0.0,9.266595,2.5960855,6.79548,0.87674457,5.025724,0.005701065,0.01786186,163.11899,3.4225006,1.5724163,819.79095,-0.15046644,28.233313,970.1325,0.0,0.20315962,0.08546515,0.0,0.0,0.0,0.0,0.0,0.0,0.0,0.0,0.0,0.0,0.0,0.0,0.0,0.0,0.0,0.0,0.0,0.0,0.0,1.0,0.0,1.0,1.0,0.0,0.0,0.0,0.0,6,test/100/6/0,169
28.217447,-0.05243492,0.052287,0.0007307425,970.19244,0.030029297,0.06604785,-0.0028936171,0.0,0.0,0.0,0.0,9.540653,2.5581615,-1.6354054,0.11274136,5.011936,-0.013787746,0.01677523,160.62013,-2.4988556,1.5245785,805.0178,-0.32151535,28.231728,970.1385,0.0,-0.07933096,0.15413682,0.0,0.0,0.0,0.0,0.0,0.0,0.0,0.0,0.0,0.0,0.0,0.0,0.0,0.0,0.0,0.0,0.0,0.0,0.0,1.0,0.0,1.0,1.0,0.0,0.0,0.0,0.0,6,test/100/6/0,170
28.251165,0.03371811,0.05112159,0.001858965,970.1698,-0.022644043,0.06580683,-0.0030430385,0.0,0.0,0.0,0.0,10.14613,2.4880605,0.33141717,1.0975535,5.006006,-0.0059304237,0.017071856,158.02512,-2.5950165,1.5317564,791.07465,-0.34480402,28.233671,970.1416,0.0,0.09719269,0.0804956,0.0,0.0,0.0,0.0,0.0,0.0,0.0,0.0,0.0,0.0,0.0,0.0,0.0,0.0,0.0,0.0,0.0,0.0,0.0,1.0,0.0,1.0,1.0,0.0,0.0,0.0,0.0,6,test/100/6/0,171
28.191158,-0.060007095,0.05042787,0.0004807924,970.11597,-0.053833008,0.060683314,-0.0016647913,0.0,0.0,0.0,0.0,9.835893,2.1427095,-0.91571355,0.0065850085,5.009935,0.003929138,0.016700301,160.8558,2.8306885,1.423878,805.87714,-0.15347707,28.22942,970.13904,0.0,-0.21256205,-0.065981686,0.0,0.0,0.0,0.0,0.0,0.0,0.0,0.0,0.0,0.0,0.0,0.0,0.0,0.0,0.0,0.0,0.0,0.0,0.0,1.0,0.0,1.0,1.0,0.0,0.0,0.0,0.0,0,test/100/6/0,172
28.225193,0.03403473,0.04784257,-0.0006871417,969.96747,-0.14849854,0.065618396,-0.0023311758,0.0,0.0,0.0,0.0,9.860231,2.1058812,0.33457586,0.0022511026,5.0153856,0.0054507256,0.016486388,158.50986,-2.3459473,1.5045885,794.98804,-0.23250866,28.228996,970.1219,0.0,-0.021132208,-0.44123688,0.0,0.0,-0.023212882,0.0,0.0,0.0,0.0,0.0,0.0,0.0,0.0,0.0,0.0,0.0,0.0,0.0,0.0,0.0,0.0,1.0,0.0,1.0,1.0,0.0,0.0,0.0,0.0,0,test/100/6/0,173
28.167599,-0.0575943,0.047215972,-0.0027873132,970.10205,0.13458252,0.06567338,-0.002390467,0.0,0.0,0.0,0.0,9.838154,2.1128716,-0.046416756,0.004063472,5.0376825,0.022296906,0.01688613,163.57535,5.0654907,1.5376476,824.04065,-0.17261651,28.222857,970.11993,0.0,-0.30699047,-0.05104387,0.0,0.0,0.0,0.0,0.0,0.0,0.0,0.0,0.0,0.0,0.0,0.0,0.0,0.0,0.0,0.0,0.0,0.0,0.0,1.0,0.0,1.0,1.0,0.0,0.0,0.0,0.0,0,test/100/6/0,174
28.264666,0.09706688,0.04761619,-0.002519632,970.13635,0.034301758,0.064819515,-0.0029271634,0.0,0.0,0.0,0.0,9.8248625,2.0952685,0.008786921,0.004385945,5.029357,-0.008325577,0.016419062,162.264,-1.3113403,1.5542849,816.0836,-0.1505228,28.227037,970.1216,0.0,0.20904297,0.042265035,0.0,0.0,0.0,0.0,0.0,0.0,0.0,0.0,0.0,0.0,0.0,0.0,0.0,0.0,0.0,0.0,0.0,0.0,0.0,1.0,0.0,1.0,1.0,0.0,0.0,0.0,0.0,0,test/100/6/0,175
28.248642,-0.016023636,0.044476878,-0.0011339274,970.0896,-0.04675293,0.06493626,-0.0030007728,0.0,0.0,0.0,0.0,9.868254,1.965908,0.05668242,0.0010429117,5.039017,0.009660244,0.013233763,160.02844,-2.2355652,1.5570068,806.38605,-0.39494184,28.229198,970.11835,0.0,0.108020484,-0.08218329,0.0,0.0,0.0,0.0,0.0,0.0,0.0,0.0,0.0,0.0,0.0,0.0,0.0,0.0,0.0,0.0,0.0,0.0,0.0,1.0,0.0,1.0,1.0,0.0,0.0,0.0,0.0,0,test/100/6/0,176
28.206171,-0.042470932,0.044839166,-0.0015677187,970.1562,0.066589355,0.06424093,-0.0033146678,0.0,0.0,0.0,0.0,9.85526,1.9186585,-0.05638504,0.006085645,5.0100775,-0.028939724,0.013465896,162.05508,2.0266418,1.5226365,811.90857,-0.26080927,28.226896,970.12213,0.0,-0.11513622,0.09726481,0.0,0.0,0.0,0.0,0.0,0.0,0.0,0.0,0.0,0.0,0.0,0.0,0.0,0.0,0.0,0.0,0.0,0.0,0.0,1.0,0.0,1.0,1.0,0.0,0.0,0.0,0.0,0,test/100/6/0,177
28.196936,-0.009235382,0.0454331,-0.0019757205,970.1075,-0.048706055,0.06311064,-0.0027181297,0.0,0.0,0.0,0.0,9.8407345,1.8156856,-0.0015318441,0.0039301687,5.0448985,0.034821033,0.0134987,157.4192,-4.6358795,1.726075,794.16394,-0.55635655,28.2239,970.12067,0.0,-0.14979951,-0.03770581,0.0,0.0,0.0,0.0,0.0,0.0,0.0,0.0,0.0,0.0,0.0,0.0,0.0,0.0,0.0,0.0,0.0,0.0,0.0,1.0,0.0,1.0,1.0,0.0,0.0,0.0,0.0,0,test/100/6/0,178
28.275122,0.078186035,0.045491714,-0.0019571162,970.1978,0.09033203,0.05338434,0.0010040053,0.0,0.0,0.0,0.0,9.772635,1.8177725,-0.0535731,0.0045467354,5.0302415,-0.014657021,0.013260229,162.65405,5.234848,1.7265295,818.18915,-0.26632378,28.229021,970.1284,0.0,0.2561106,0.19834714,0.0,0.0,0.0,0.0,0.0,0.0,0.0,0.0,0.0,0.0,0.0,0.0,0.0,0.0,0.0,0.0,0.0,0.0,0.0,1.0,0.0,1.0,1.0,0.0,0.0,0.0,0.0,0,test/100/6/0,179
28.291382,0.016260147,0.045231674,-0.00015656177,970.0398,-0.15802002,0.05486997,0.00061149884,0.0,0.0,0.0,0.0,9.802113,1.8151517,0.09757617,0.004351049,5.045588,0.015346527,0.013840037,159.08966,-3.564392,1.768395,802.70087,-0.40245238,28.235258,970.1195,0.0,0.3118003,-0.22782476,0.0,0.0,0.0,0.0,0.0,0.0,0.0,0.0,0.0,0.0,0.0,0.0,0.0,0.0,0.0,0.0,0.0,0.0,0.0,1.0,0.0,1.0,1.0,0.0,0.0,0.0,0.0,0,test/100/6/0,180
28.315758,0.024375916,0.048412338,0.0014284407,970.2215,0.18170166,0.057142828,0.0010292454,0.0,0.0,0.0,0.0,9.846245,1.4812771,0.014654805,0.0056089642,5.030721,-0.014866829,0.013699869,159.7419,0.65223694,1.7742867,803.61694,-0.38536295,28.243307,970.1297,0.0,0.40249982,0.26219055,0.0,0.0,0.0,0.0,0.0,0.0,0.0,0.0,0.0,0.0,0.0,0.0,0.0,0.0,0.0,0.0,0.0,0.0,0.0,1.0,0.0,1.0,1.0,0.0,0.0,0.0,0.0,0,test/100/6/0,181
28.334358,0.018600464,0.048906848,0.0043006698,970.23315,0.011657715,0.062192284,0.0026447037,0.0,0.0,0.0,0.0,9.83422,1.409359,-0.056157257,0.009262364,5.0631385,0.032417297,0.015408,157.2326,-2.5092926,1.9262552,796.09045,-0.45180976,28.252413,970.1401,0.0,0.45525217,0.26594847,0.0,0.013760731,0.0,0.0,0.0,0.0,0.0,0.0,0.0,0.0,0.0,0.0,0.0,0.0,0.0,0.0,0.0,0.0,0.0,1.0,0.0,1.0,1.0,0.0,0.0,0.0,0.0,0,test/100/6/0,182
28.202394,-0.13196373,0.048936404,0.0032896358,970.1495,-0.0836792,0.06211524,0.0034058534,0.0,0.0,0.0,0.0,9.831402,1.4075992,0.0092064915,0.0048114103,5.0437627,-0.019375801,0.015800154,160.28673,3.054123,1.8136787,808.4482,-0.2128397,28.247412,970.141,0.0,-0.2500917,0.024178544,0.0,0.0,0.0,0.0,0.0,0.0,0.0,0.0,0.0,0.0,0.0,0.0,0.0,0.0,0.0,0.0,0.0,0.0,0.0,1.0,0.0,1.0,1.0,0.0,0.0,0.0,0.0,0,test/100/6/0,183
28.209959,0.0075645447,0.04885379,0.0024482226,970.1138,-0.035705566,0.06214062,0.0033590447,0.0,0.0,0.0,0.0,9.841063,1.0860023,0.012479633,0.003468724,5.045664,0.0019011497,0.01617033,156.55086,-3.7358704,1.9298767,789.903,-0.29754594,28.243666,970.1383,0.0,-0.1872598,-0.07005362,0.0,0.0,0.0,0.0,0.0,0.0,0.0,0.0,0.0,0.0,0.0,0.0,0.0,0.0,0.0,0.0,0.0,0.0,0.0,1.0,0.0,1.0,1.0,0.0,0.0,0.0,0.0,0,test/100/6/0,184
28.19298,-0.016979218,0.047807075,0.00083886913,970.047,-0.06677246,0.063285396,0.0013547511,0.0,0.0,0.0,0.0,9.80955,0.9518386,-0.041173793,0.0026890605,5.0145006,-0.031163216,0.0153882485,156.74495,0.1940918,2.063603,785.9977,-0.61299574,28.238598,970.12915,0.0,-0.25342992,-0.23474887,0.0,0.0,0.0,0.0,0.0,0.0,0.0,0.0,0.0,0.0,0.0,0.0,0.0,0.0,0.0,0.0,0.0,0.0,0.0,1.0,0.0,1.0,1.0,0.0,0.0,0.0,0.0,0,test/100/6/0,185
28.308804,0.115823746,0.049241293,0.0026098166,970.3184,0.27142334,0.07598318,0.0038790365,0.0,0.0,0.0,0.0,9.76555,0.7884324,-0.012487811,0.007776312,5.023754,0.009253502,0.014905429,160.10725,3.3623047,2.0498939,804.3395,-0.48836857,28.245617,970.1481,0.0,0.3510318,0.48667175,0.0,0.0,0.003124388,0.0,0.0,0.0,0.0,0.0,0.0,0.0,0.0,0.0,0.0,0.0,0.0,0.0,0.0,0.0,0.0,1.0,0.0,1.0,1.0,0.0,0.0,0.0,0.0,0,test/100/6/0,186
28.268288,-0.0405159,0.049597625,0.0032304449,970.12665,-0.19177246,0.075099394,0.0029575434,0.0,0.0,0.0,0.0,9.83096,0.5553699,0.10941087,0.008610924,5.041432,0.017677784,0.0151259,160.92696,0.81970215,2.0601187,811.30225,-0.40180343,28.247885,970.14594,0.0,0.11334913,-0.055124618,0.0,0.0,0.0,0.0,0.0,0.0,0.0,0.0,0.0,0.0,0.0,0.0,0.0,0.0,0.0,0.0,0.0,0.0,0.0,1.0,0.0,1.0,1.0,0.0,0.0,0.0,0.0,0,test/100/6/0,187
28.189795,-0.07849312,0.046965506,0.0011531629,970.1278,0.001159668,0.07418186,0.002008286,0.0,0.0,0.0,0.0,9.79944,0.15762557,-0.09693038,0.003154829,5.0479465,0.0065145493,0.015476681,156.90488,-4.0220795,2.166116,792.04736,-0.62662894,28.242075,970.1441,0.0,-0.29045138,-0.04663015,0.0,0.0,0.0,0.0,0.0,0.0,0.0,0.0,0.0,0.0,0.0,0.0,0.0,0.0,0.0,0.0,0.0,0.0,0.0,1.0,0.0,1.0,1.0,0.0,0.0,0.0,0.0,0,test/100/6/0,188
28.248297,0.058502197,0.04654436,0.0017018613,970.06683,-0.06097412,0.07556969,0.001354338,0.0,0.0,0.0,0.0,9.756559,0.1004469,-0.011360911,0.005257947,5.0211525,-0.026793957,0.015583914,156.36462,-0.5402527,2.1543794,785.1306,-0.6498183,28.242699,970.1364,0.0,0.03110475,-0.19875774,0.0,0.0,0.0,0.0,0.0,0.0,0.0,0.0,0.0,0.0,0.0,0.0,0.0,0.0,0.0,0.0,0.0,0.0,0.0,1.0,0.0,1.0,1.0,0.0,0.0,0.0,0.0,0,test/100/6/0,189
28.232222,-0.016075134,0.04629227,0.0012254543,970.1088,0.041992188,0.0745253,0.0019181559,0.0,0.0,0.0,0.0,9.813675,0.076597154,0.099996924,0.011969754,5.0297413,0.008588791,0.014988939,155.75974,-0.6048889,2.2842946,783.43115,-0.8784249,28.24165,970.13367,0.0,-0.052381396,-0.07090205,0.0,0.0,0.0,0.0,0.0,0.0,0.0,0.0,0.0,0.0,0.0,0.0,0.0,0.0,0.0,0.0,0.0,0.0,0.0,1.0,0.0,1.0,1.0,0.0,0.0,0.0,0.0,0,test/100/6/0,190
28.344551,0.11232948,0.05149498,0.0028639284,970.13324,0.024414062,0.07396797,0.0025989504,0.0,0.0,0.0,0.0,9.85169,0.030521959,-0.019100484,0.0011432254,5.0240707,-0.0056705475,0.013932487,155.92152,0.16178894,2.3847182,783.3608,-1.2957311,28.25194,970.1336,0.0,0.51450413,-0.0010328268,0.0,0.02480515,0.0,0.0,0.0,0.0,0.0,0.0,0.0,0.0,0.0,0.0,0.0,0.0,0.0,0.0,0.0,0.0,0.0,1.0,0.0,1.0,1.0,0.0,0.0,0.0,0.0,0,test/100/6/0,191
28.200209,-0.14434242,0.051051434,0.0013524579,970.23364,0.10040283,0.07738075,0.003919054,0.0,0.0,0.0,0.0,9.838045,0.030567722,-0.051661313,0.007560203,5.0219727,-0.0020980835,0.013189024,155.64651,-0.27500916,2.467205,781.6526,-1.4921167,28.246767,970.1436,0.0,-0.25865838,0.25724918,0.0,0.0,0.0,0.0,0.0,0.0,0.0,0.0,0.0,0.0,0.0,0.0,0.0,0.0,0.0,0.0,0.0,0.0,0.0,1.0,0.0,1.0,1.0,0.0,0.0,0.0,0.0,0,test/100/6/0,192
28.195488,-0.004720688,0.05206211,0.00029732983,970.05804,-0.17559814,0.069788404,0.00020894216,0.0,0.0,0.0,0.0,9.845153,0.029842963,0.02075397,0.004095161,5.0148206,-0.0071520805,0.013227287,159.05917,3.4126587,2.4658864,797.6532,-1.5954273,28.24164,970.1351,0.0,-0.25639597,-0.22001384,0.0,0.0,0.0,0.0,0.0,0.0,0.0,0.0,0.0,0.0,0.0,0.0,0.0,0.0,0.0,0.0,0.0,0.0,0.0,1.0,0.0,1.0,1.0,0.0,0.0,0.0,0.0,0,test/100/6/0,193
28.266047,0.07055855,0.049111858,-0.0006145334,970.13635,0.078308105,0.069294214,-0.0003936997,0.0,0.0,0.0,0.0,9.791098,0.030426668,-0.0611635,0.00700578,5.029165,0.014344215,0.013206031,156.16338,-2.8957977,2.2884762,785.3714,-1.4194746,28.24408,970.1352,0.0,0.12203637,0.0033512476,0.0,0.0,0.0,0.0,0.0,0.0,0.0,0.0,0.0,0.0,0.0,0.0,0.0,0.0,0.0,0.0,0.0,0.0,0.0,1.0,0.0,1.0,1.0,0.0,0.0,0.0,0.0,0,test/100/6/0,194
28.134531,-0.1315155,0.054957934,-0.0020205963,970.07886,-0.057495117,0.0705708,-0.0013276753,0.0,0.0,0.0,0.0,9.8485155,0.031010801,0.11147323,0.004999405,5.046173,0.017008305,0.013507781,158.87181,2.708435,2.1266193,801.6947,-1.0778198,28.233126,970.1296,0.0,-0.5477448,-0.14482847,0.0,-0.029391617,0.0,0.0,0.0,0.0,0.0,0.0,0.0,0.0,0.0,0.0,0.0,0.0,0.0,0.0,0.0,0.0,0.0,1.0,0.0,1.0,1.0,0.0,0.0,0.0,0.0,0,test/100/6/0,195
28.18433,0.049798965,0.056401882,-0.0027725592,970.13666,0.057800293,0.069723174,-0.0020876776,0.0,0.0,0.0,0.0,9.806436,0.029290408,-0.09949851,0.0031430523,5.0253625,-0.020810604,0.013551213,157.43755,-1.4342651,2.1007988,791.1807,-1.017847,28.228245,970.13025,0.0,-0.24397548,0.018283706,0.0,-0.0010632154,0.0,0.0,0.0,0.0,0.0,0.0,0.0,0.0,0.0,0.0,0.0,0.0,0.0,0.0,0.0,0.0,0.0,1.0,0.0,1.0,1.0,0.0,0.0,0.0,0.0,0,test/100/6/0,196
28.230553,0.046222687,0.055921543,-0.003438082,970.22485,0.0881958,0.07210654,-0.0006070933,0.0,0.0,0.0,0.0,9.826843,0.028165491,0.062488183,0.0033142008,5.011683,-0.013679504,0.013421038,158.91763,1.4800873,1.9199308,796.4448,-0.77260965,28.228476,970.1397,0.0,0.011535502,0.24324454,0.0,0.0,0.0,0.0,0.0,0.0,0.0,0.0,0.0,0.0,0.0,0.0,0.0,0.0,0.0,0.0,0.0,0.0,0.0,1.0,0.0,1.0,1.0,0.0,0.0,0.0,0.0,0,test/100/6/0,197
28.206087,-0.02446556,0.055594787,-0.0046355985,970.11505,-0.109802246,0.07193877,-0.0015674103,0.0,0.0,0.0,0.0,9.8257,0.027735276,-0.021550218,0.001541988,5.0296297,0.01794672,0.013141884,155.28299,-3.6346436,2.0115178,781.0159,-1.0047098,28.226238,970.13727,0.0,-0.11194585,-0.06342855,0.0,0.0,0.0,0.0,0.0,0.0,0.0,0.0,0.0,0.0,0.0,0.0,0.0,0.0,0.0,0.0,0.0,0.0,0.0,1.0,0.0,1.0,1.0,0.0,0.0,0.0,0.0,0,test/100/6/0,198
28.206127,4.005432e-05,0.05554564,-0.0046117883,970.16144,0.04638672,0.070993304,-0.00045014574,0.0,0.0,0.0,0.0,9.825746,0.025854057,0.0011875589,0.0038068662,5.005688,-0.023941517,0.014343176,156.38162,1.0986328,1.7277957,782.7976,-0.8122406,28.224226,970.13965,0.0,-0.100550994,0.06219444,0.0,0.0,0.0,0.0,0.0,0.0,0.0,0.0,0.0,0.0,0.0,0.0,0.0,0.0,0.0,0.0,0.0,0.0,0.0,1.0,0.0,1.0,1.0,0.0,0.0,0.0,0.0,0,test/100/6/0,199
28.269863,0.06373596,0.054705344,-0.003316974,970.0641,-0.097351074,0.069432355,-0.0031639615,0.0,0.0,0.0,0.0,9.837557,0.025816228,0.011766574,0.0046668043,5.019558,0.013869762,0.014121378,155.86943,-0.5121918,1.7379761,782.3956,-0.81684536,28.22879,970.13214,0.0,0.22818391,-0.19435634,0.0,0.0,0.0,0.0,0.0,0.0,0.0,0.0,0.0,0.0,0.0,0.0,0.0,0.0,0.0,0.0,0.0,0.0,0.0,1.0,0.0,1.0,1.0,0.0,0.0,0.0,0.0,0,test/100/6/0,200
28.22705,-0.042812347,0.051653612,-0.0022165226,970.1934,0.1293335,0.068097696,-0.0011977117,0.0,0.0,0.0,0.0,9.818378,0.025174847,-0.03098998,0.0059385304,5.0280323,0.00847435,0.014121881,155.7412,-0.12823486,1.6992215,783.07184,-0.7667914,28.228617,970.13824,0.0,-0.008696215,0.15765114,0.0,0.0,0.0,0.0,0.0,0.0,0.0,0.0,0.0,0.0,0.0,0.0,0.0,0.0,0.0,0.0,0.0,0.0,0.0,1.0,0.0,1.0,1.0,0.0,0.0,0.0,0.0,0,test/100/6/0,201
28.197437,-0.029613495,0.046532407,-0.0011120358,970.1687,-0.024719238,0.06513908,0.00064169517,0.0,0.0,0.0,0.0,9.798489,0.025360897,-0.00071121234,0.005132457,5.0176764,-0.010355949,0.012001973,157.19666,1.4554596,1.69932,788.7619,-0.7233953,28.225498,970.1413,0.0,-0.15589407,0.07832228,0.0,0.0,0.0,0.0,0.0,0.0,0.0,0.0,0.0,0.0,0.0,0.0,0.0,0.0,0.0,0.0,0.0,0.0,0.0,1.0,0.0,1.0,1.0,0.0,0.0,0.0,0.0,0,test/100/6/0,202
28.233385,0.0359478,0.046243947,-0.0013717508,970.13336,-0.035339355,0.06509373,0.0007519256,0.0,0.0,0.0,0.0,9.794796,0.025653545,0.016197205,0.0035602464,5.0068607,-0.01081562,0.012132703,152.7625,-4.4341583,1.8261075,764.86053,-0.8153049,28.226288,970.1405,0.0,0.039434336,-0.020382581,0.0,0.0,0.0,0.0,0.0,0.0,0.0,0.0,0.0,0.0,0.0,0.0,0.0,0.0,0.0,0.0,0.0,0.0,0.0,1.0,0.0,1.0,1.0,0.0,0.0,0.0,0.0,0,test/100/6/0,203
28.253897,0.020511627,0.046411313,-0.0012656047,970.1591,0.025756836,0.065022625,0.00069056917,0.0,0.0,0.0,0.0,9.821136,0.025050871,0.03003316,0.004962362,5.0371265,0.030265808,0.011542602,155.60797,2.8454742,1.8473493,783.8171,-0.86367977,28.229048,970.14233,0.0,0.13804904,0.04788754,0.0,0.0,0.0,0.0,0.0,0.0,0.0,0.0,0.0,0.0,0.0,0.0,0.0,0.0,0.0,0.0,0.0,0.0,0.0,1.0,0.0,1.0,1.0,0.0,0.0,0.0,0.0,0,test/100/6/0,204
28.225185,-0.028711319,0.04566915,-0.0019037849,970.1043,-0.05480957,0.062073626,-0.0012762772,0.0,0.0,0.0,0.0,9.799181,0.025270151,-0.048296746,0.0075061903,5.026428,-0.0106983185,0.011299737,156.7155,1.1075287,1.8474708,787.71924,-0.9088209,28.228662,970.13855,0.0,-0.01931246,-0.09784011,0.0,0.0,0.0,0.0,0.0,0.0,0.0,0.0,0.0,0.0,0.0,0.0,0.0,0.0,0.0,0.0,0.0,0.0,0.0,1.0,0.0,1.0,1.0,0.0,0.0,0.0,0.0,0,test/100/6/0,205
28.188263,-0.036922455,0.04288697,-0.0012890622,970.1903,0.085998535,0.04877264,0.002184875,0.0,0.0,0.0,0.0,9.782253,0.023867475,0.0050284243,0.004144069,5.026207,-0.00022125244,0.011294369,153.79578,-2.9197235,1.8082179,773.00934,-0.877085,28.22462,970.14374,0.0,-0.20199348,0.13308299,0.0,0.0,0.0,0.0,0.0,0.0,0.0,0.0,0.0,0.0,0.0,0.0,0.0,0.0,0.0,0.0,0.0,0.0,0.0,1.0,0.0,1.0,1.0,0.0,0.0,0.0,0.0,0,test/100/6/0,206
28.25305,0.06478691,0.042243134,-0.00020727287,970.13824,-0.05206299,0.048725996,0.002066935,0.0,0.0,0.0,0.0,9.809872,0.023629468,0.044546306,0.003662149,5.0064087,-0.019798279,0.011408595,152.10689,-1.6888885,1.7660073,761.5093,-0.8525842,28.227465,970.1432,0.0,0.14214042,-0.014101563,0.0,0.0,0.0,0.0,0.0,0.0,0.0,0.0,0.0,0.0,0.0,0.0,0.0,0.0,0.0,0.0,0.0,0.0,0.0,1.0,0.0,1.0,1.0,0.0,0.0,0.0,0.0,0,test/100/6/0,207
28.174644,-0.07840538,0.042984746,-0.0014620114,970.0932,-0.045043945,0.04961591,0.0013063818,0.0,0.0,0.0,0.0,9.835232,0.023773914,-0.0022585448,0.00452426,5.0310674,0.02465868,0.0101443045,153.63264,1.5257568,1.8363862,772.93616,-0.89399004,28.222183,970.1382,0.0,-0.26410052,-0.1285187,0.0,0.0,0.0,0.0,0.0,0.0,0.0,0.0,0.0,0.0,0.0,0.0,0.0,0.0,0.0,0.0,0.0,0.0,0.0,1.0,0.0,1.0,1.0,0.0,0.0,0.0,0.0,0,test/100/6/0,208
28.261059,0.08641434,0.043439534,-0.00053575845,970.26324,0.17004395,0.05437575,0.002064319,0.0,0.0,0.0,0.0,9.80459,0.019691462,-0.05600135,0.003575374,5.0459294,0.014862061,0.0112975715,160.69803,7.065384,2.106862,810.8709,-0.47394404,28.22607,970.1507,0.0,0.1943812,0.32158902,0.0,0.0,0.0,0.0,0.0,0.0,0.0,0.0,0.0,0.0,0.0,0.0,0.0,0.0,0.0,0.0,0.0,0.0,0.0,1.0,0.0,1.0,1.0,0.0,0.0,0.0,0.0,0,test/100/6/0,209
28.161726,-0.09933281,0.045458708,-0.0013015546,970.0851,-0.17816162,0.05539664,0.00064476987,0.0,0.0,0.0,0.0,9.794325,0.020378923,0.02037515,0.004548432,5.016027,-0.029902458,0.011355272,152.50873,-8.189301,2.253223,764.98785,-0.7749111,28.219635,970.1441,0.0,-0.32172096,-0.16869976,0.0,0.0,0.0,0.0,0.0,0.0,0.0,0.0,0.0,0.0,0.0,0.0,0.0,0.0,0.0,0.0,0.0,0.0,0.0,1.0,0.0,1.0,1.0,0.0,0.0,0.0,0.0,0,test/100/6/0,210
28.30528,0.14355469,0.04066051,0.0018630623,970.0916,0.0065307617,0.056515966,-0.0002602943,0.0,0.0,0.0,0.0,9.84093,0.01960307,0.056871757,0.0037424623,5.036806,0.020779133,0.011720933,154.12006,1.6113281,2.2908866,776.2728,-0.88804114,28.2282,970.13885,0.0,0.42822456,-0.1350364,0.0,0.0,0.0,0.0,0.0,0.0,0.0,0.0,0.0,0.0,0.0,0.0,0.0,0.0,0.0,0.0,0.0,0.0,0.0,1.0,0.0,1.0,1.0,0.0,0.0,0.0,0.0,0,test/100/6/0,211
28.184465,-0.12081528,0.041160394,0.001081709,970.09937,0.007751465,0.053037316,0.00059328007,0.0,0.0,0.0,0.0,9.8509035,0.020467566,-0.03663205,0.006366576,5.038536,0.0017299652,0.012117615,153.98962,-0.13043213,2.329128,775.88226,-1.0230635,28.223827,970.13495,0.0,-0.21867427,-0.10160041,0.0,0.0,0.0,0.0,0.0,0.0,0.0,0.0,0.0,0.0,0.0,0.0,0.0,0.0,0.0,0.0,0.0,0.0,0.0,1.0,0.0,1.0,1.0,0.0,0.0,0.0,0.0,0,test/100/6/0,212
28.283432,0.0989666,0.04317689,0.0016633013,970.11646,0.017089844,0.050268125,-0.0008796864,0.0,0.0,0.0,0.0,9.766331,0.022335637,-0.094546966,0.0013045119,5.004441,-0.034095287,0.012746686,153.30579,-0.6838379,2.2686436,767.20966,-1.020662,28.229788,970.13306,0.0,0.29802614,-0.04749506,0.0,0.0,0.0,0.0,0.0,0.0,0.0,0.0,0.0,0.0,0.0,0.0,0.0,0.0,0.0,0.0,0.0,0.0,0.0,1.0,0.0,1.0,1.0,0.0,0.0,0.0,0.0,0,test/100/6/0,213
28.180841,-0.10259056,0.042854667,0.0017611496,970.1382,0.021728516,0.05026728,-0.0008936373,0.0,0.0,0.0,0.0,9.804706,0.02183179,0.12294796,0.011361011,5.009549,0.0051083565,0.013095317,153.32709,0.02130127,2.314387,768.09955,-1.1536909,28.224894,970.1336,0.0,-0.24472927,0.013127773,0.0,0.0,0.0,0.0,0.0,0.0,0.0,0.0,0.0,0.0,0.0,0.0,0.0,0.0,0.0,0.0,0.0,0.0,0.0,1.0,0.0,1.0,1.0,0.0,0.0,0.0,0.0,0,test/100/6/0,214
28.192074,0.011232376,0.038899254,7.102794e-05,970.01276,-0.12542725,0.05589108,-0.0036099772,0.0,0.0,0.0,0.0,9.817395,0.020422282,-0.025684752,0.006035417,5.0430546,0.03350544,0.012840017,151.00665,-2.3204346,2.3610876,761.5348,-1.0967932,28.221611,970.1215,0.0,-0.16409446,-0.31071222,0.0,0.0,0.0,0.0,0.0,0.0,0.0,0.0,0.0,0.0,0.0,0.0,0.0,0.0,0.0,0.0,0.0,0.0,0.0,1.0,0.0,1.0,1.0,0.0,0.0,0.0,0.0,0,test/100/6/0,215
28.207537,0.015462875,0.038128454,-0.0006984266,970.1752,0.16241455,0.056592256,-0.0029940726,0.0,0.0,0.0,0.0,9.819516,0.020409748,-0.010568797,0.0043270113,5.006906,-0.036148548,0.013313393,152.48567,1.4790192,2.3542416,763.48145,-1.1177053,28.220203,970.1269,0.0,-0.07037064,0.13799644,0.0,0.0,0.0,0.0,0.0,0.0,0.0,0.0,0.0,0.0,0.0,0.0,0.0,0.0,0.0,0.0,0.0,0.0,0.0,1.0,0.0,1.0,1.0,0.0,0.0,0.0,0.0,0,test/100/6/0,216
28.239048,0.031511307,0.038267348,-0.00032278505,970.1916,0.016418457,0.054415103,-0.0008089682,0.0,0.0,0.0,0.0,9.782981,0.021219533,-0.038656574,0.0034948,5.018774,0.011868,0.013116747,155.34602,2.8603516,2.160543,779.64655,-0.782917,28.222088,970.13336,0.0,0.09422296,0.16641568,0.0,0.0,0.0,0.0,0.0,0.0,0.0,0.0,0.0,0.0,0.0,0.0,0.0,0.0,0.0,0.0,0.0,0.0,0.0,1.0,0.0,1.0,1.0,0.0,0.0,0.0,0.0,0,test/100/6/0,217
28.151207,-0.087841034,0.04120255,-0.0016010887,970.0987,-0.09289551,0.054826185,-0.0016346409,0.0,0.0,0.0,0.0,9.76583,0.023141287,0.01938444,0.0044043153,5.04088,0.02210617,0.013631501,154.6893,-0.656723,2.1549444,779.77026,-0.66471493,28.215,970.1299,0.0,-0.3544045,-0.089100055,0.0,-0.0010520313,0.0,0.0,0.0,0.0,0.0,0.0,0.0,0.0,0.0,0.0,0.0,0.0,0.0,0.0,0.0,0.0,0.0,1.0,0.0,1.0,1.0,0.0,0.0,0.0,0.0,0,test/100/6/0,218
28.146599,-0.0046081543,0.04412751,-0.0028620642,970.1886,0.089904785,0.055818453,-0.0004189398,0.0,0.0,0.0,0.0,9.869944,0.026542444,0.12126541,0.0024776107,5.0405836,-0.0002965927,0.013498464,153.01407,-1.6752319,2.1378686,771.28015,-0.6377952,28.20816,970.13574,0.0,-0.34200484,0.15099369,0.0,-0.005403193,0.0,0.0,0.0,0.0,0.0,0.0,0.0,0.0,0.0,0.0,0.0,0.0,0.0,0.0,0.0,0.0,0.0,1.0,0.0,1.0,1.0,0.0,0.0,0.0,0.0,0,test/100/6/0,219
23.541418,0.11140442,0.07790572,-0.0020480594,1002.64166,-0.07244873,0.094223656,0.0016796141,89.68733,0.0,0.0,0.0,9.797201,0.023052383,-0.103541896,0.0027539628,4.9858804,-0.029870987,0.014395111,76.177414,3.8699493,1.5306355,379.81146,0.18876703,23.424417,1002.5875,89.68733,0.64999825,0.15468189,-1.7763568e-14,0.0,0.0,0.0,3.1948748,0.22202688,0.0067805187,0.0,1.1312351,-0.9166702,-0.39964446,0.0003911639,0.36842105,0.0,0.03131678,0.0,0.0,2.5211675,0.0,1.0,1.0,1.0,1.0,1.0,1.0,1.0,1.0,0,test/100/7/0,19
23.37864,-0.16277885,0.07705458,-0.0016711858,1002.54626,-0.09539795,0.092919596,-0.00027892608,89.68733,0.0,0.0,0.0,9.8119545,0.02297491,0.05392489,0.006455656,5.015355,0.029474735,0.0127176205,75.73583,-0.44158173,1.5151701,379.8421,0.146795,23.41984,1002.5834,89.68733,-0.22889583,-0.106095314,-1.7763568e-14,-0.0033603855,0.0,0.0,3.1720166,0.2238459,0.009902246,0.0,1.1297818,-0.9343775,-0.35628456,0.0003992616,0.31578946,8.499783,0.03367783,0.0,0.0,1.7945985,0.0,1.0,1.0,1.0,1.0,1.0,1.0,1.0,1.0,0,test/100/7/0,20
23.429588,0.050949097,0.06716812,-0.004078403,1002.5797,0.033447266,0.092938684,-0.0006508734,89.68733,0.0,0.0,0.0,9.8065405,0.022759167,-0.020166371,0.00782485,5.011784,-0.0035710335,0.0127070015,77.04667,1.3108368,1.6378763,386.14127,0.31584227,23.420815,1002.583,89.68733,0.048739236,-0.009478525,-1.7763568e-14,0.0,0.0,0.0,2.9044402,0.22545773,0.0075628823,0.0,1.131514,-0.8969249,-0.44218287,0.0005282186,0.31578946,10.855888,0.036693357,0.0,0.0,1.7945985,0.0,1.0,1.0,1.0,1.0,1.0,1.0,1.0,1.0,0,test/100/7/0,21
23.431606,0.0020179749,0.062875055,-0.0023479734,1002.65063,0.07092285,0.09367496,0.0005044808,89.68733,0.0,0.0,0.0,9.791169,0.02289602,-0.009958389,0.006459817,4.966871,-0.044913292,0.015321067,73.697716,-3.3489532,1.6391819,366.04703,0.2726067,23.421894,1002.5898,89.68733,0.053955186,0.17384237,-1.7763568e-14,0.0,0.0,0.0,2.7602692,0.23201144,0.0022243706,0.0,1.1346698,-0.9115572,-0.41117334,0.00048775921,0.2631579,0.0,0.036693357,0.0,1.8513519,1.7834369,0.18050261,1.0,1.0,1.0,1.0,1.0,1.0,1.0,1.0,0,test/100/7/0,22
23.431307,-0.00029945374,0.061762366,-0.0013516849,1002.32874,-0.3218994,0.10856186,-0.0021752839,89.68733,0.0,0.0,0.0,9.8079815,0.022907643,0.032183643,0.004233865,5.0110683,0.04419756,0.014860419,75.30205,1.604332,1.6530174,377.34372,0.4231548,23.422836,1002.56366,89.68733,0.0470624,-0.6712832,-1.7763568e-14,0.0,-0.030744057,0.0,3.4419625,0.24592988,0.011608901,0.0,1.1327227,-0.9290471,-0.36996147,0.0004123153,0.2631579,7.255946,0.035247244,0.0,11.009072,2.737881,0.9167296,1.0,1.0,1.0,1.0,1.0,1.0,1.0,1.0,0,test/100/7/0,23
23.424223,-0.007083893,0.059746854,-0.00017671514,1002.6073,0.27856445,0.10339986,-0.0040603983,89.68733,0.0,0.0,0.0,9.80106,0.02227599,-0.023733445,0.0020297933,5.018179,0.0071105957,0.015102109,71.80652,-3.4955292,1.7330343,360.33795,0.23604855,23.422974,1002.56805,89.68733,0.006936695,0.1121537,-1.7763568e-14,0.0,0.0,0.0,2.9503775,0.23482911,0.005261687,0.0,1.128029,-0.90198314,-0.4317712,0.000513787,0.2631579,3.0052147,0.032845777,0.0,5.0684805,2.7662103,0.42224783,1.0,1.0,1.0,1.0,1.0,1.0,1.0,1.0,0,test/100/7/0,24
23.407606,-0.016616821,0.059369154,-0.0007620331,1002.62646,0.019165039,0.102489926,-0.0023540296,89.68733,0.0,0.0,0.0,9.838829,0.02333657,0.04469055,0.005159046,4.999485,-0.018693924,0.014947381,76.49139,4.684868,1.7826198,382.4175,0.525848,23.421438,1002.5739,89.68733,-0.07684108,0.15021986,-1.7763568e-14,0.0,0.0,0.0,3.3633807,0.24066672,0.0068993657,0.0,1.1186846,-0.9035655,-0.42845,0.00058580644,0.31578946,0.0,0.032845777,0.0,2.7668228,2.753687,0.23060574,1.0,1.0,1.0,1.0,1.0,1.0,1.0,1.0,0,test/100/7/0,25
23.456255,0.048648834,0.05986907,0.00012796014,1002.695,0.06854248,0.103336774,-0.0020801516,89.68733,0.0,0.0,0.0,9.795153,0.021867968,-0.08144522,0.005538074,5.0246687,0.025183678,0.015549983,73.636475,-2.8549118,1.7339426,369.9989,0.36936253,23.42492,1002.586,89.68733,0.1740872,0.31144997,-1.7763568e-14,0.0,0.0,0.0,3.1581514,0.24148074,0.008119809,0.0,1.116929,-0.91678715,-0.39937615,0.00060021016,0.31578946,7.1010547,0.033502914,0.0,0.0,2.753687,0.0,1.0,1.0,1.0,1.0,1.0,1.0,1.0,1.0,0,test/100/7/0,26
23.385923,-0.07033157,0.05845962,0.0006650537,1002.4878,-0.20721436,0.101921774,-0.0016976951,89.68733,0.0,0.0,0.0,9.83678,0.022527404,0.08530347,0.0061202534,5.013136,-0.0115327835,0.015593271,77.60584,3.969368,1.8759497,389.04865,0.5846535,23.42102,1002.5762,89.68733,-0.19497938,-0.25253195,-1.7763568e-14,0.0,0.0,0.0,2.8389118,0.23774412,6.5052955e-05,0.0,1.1157187,-0.9094941,-0.41571686,0.0006132343,0.31578946,10.79166,0.033762205,0.0,3.697061,2.7572877,0.30842072,1.0,1.0,1.0,1.0,1.0,1.0,1.0,1.0,0,test/100/7/0,27
23.47645,0.09052658,0.059828196,0.0012300935,1002.6774,0.18963623,0.09730096,0.0022365025,89.68733,0.0,0.0,0.0,9.829353,0.023025589,-0.049053166,0.0025505505,5.0045795,-0.008556366,0.015179564,75.60398,-2.0018616,1.7906845,378.36612,0.44335985,23.426563,1002.5863,89.68733,0.27715147,0.26035726,-1.7763568e-14,0.0,0.0,0.0,3.4048228,0.23458485,-0.0006041145,0.0,1.1037214,-0.9511371,-0.30876878,0.0007541699,0.2631579,5.766371,0.03190676,0.0,3.0781932,2.6278043,0.25691053,1.0,1.0,1.0,1.0,1.0,1.0,1.0,1.0,0,test/100/7/0,28
23.504005,0.027555466,0.062001705,0.003224248,1002.69855,0.021118164,0.09904377,0.0052637085,89.68733,0.0,0.0,0.0,9.791275,0.022513578,-0.030652931,0.0045081973,5.0063424,0.001762867,0.015012075,74.84815,-0.75582886,1.7520835,374.71548,0.60218936,23.434307,1002.59753,89.68733,0.38721365,0.2886254,-1.7763568e-14,0.0,0.0,0.0,3.1692758,0.22635691,0.0046507963,0.0,1.107576,-0.96495354,-0.26242068,0.0010949636,0.2631579,14.971381,0.03606548,0.0,1.989684,2.5970325,0.16613808,1.0,1.0,1.0,1.0,1.0,1.0,1.0,1.0,0,test/100/7/0,29
23.40451,-0.099494934,0.06207804,0.0030377281,1002.5836,-0.1149292,0.097639404,0.00414626,89.68733,0.0,0.0,0.0,9.806371,0.019836564,0.053174533,0.0035592176,5.0160418,0.009699345,0.015215973,75.10807,0.2599182,1.7481272,376.7452,0.60018444,23.431328,1002.5961,89.68733,-0.14898239,-0.03576937,-1.7763568e-14,0.0,0.0,0.0,2.966494,0.22175653,0.0063770497,0.0,1.1140134,-0.98311365,-0.1829959,0.0020096456,0.21052632,12.1753435,0.035787426,0.0,0.0,2.5970325,0.0,1.0,1.0,1.0,1.0,1.0,1.0,1.0,1.0,0,test/100/7/0,30
23.346659,-0.05785179,0.0637625,0.0023438805,1002.5359,-0.047729492,0.09582959,0.0019113641,89.68733,0.0,0.0,0.0,9.813954,0.01985678,-0.007511626,0.010182186,5.0061345,-0.009907246,0.015194732,77.050865,1.9427948,1.8258234,385.727,0.7580139,23.422861,1002.5901,89.68733,-0.42334312,-0.15492542,-1.7763568e-14,-0.031866953,0.0,0.0,3.040885,0.20597944,0.00010247141,0.0,1.1082124,-0.97982574,-0.19985384,0.0026885725,0.21052632,0.0,0.034830302,0.0,0.0,2.5970325,0.0,1.0,1.0,1.0,1.0,1.0,1.0,1.0,1.0,0,test/100/7/0,31
23.458893,0.112234116,0.064500004,0.003167541,1002.671,0.13513184,0.091936745,0.0009183267,89.68733,0.0,0.0,0.0,9.7705,0.020602157,-0.051038377,0.00653096,5.029785,0.023650646,0.015559478,76.87616,-0.1747055,1.8314049,386.67056,0.7731403,23.426464,1002.5982,89.68733,0.18016177,0.20804898,-1.7763568e-14,0.0,0.0,0.0,3.3096128,0.20981911,0.0016584799,0.0,1.1027343,-0.968636,-0.2484842,0.0029739118,0.15789473,13.087336,0.034612175,0.0,4.513491,2.6474402,0.37739387,1.0,1.0,1.0,1.0,1.0,1.0,1.0,1.0,0,test/100/7/0,32
23.379065,-0.07982826,0.064957954,0.0027356744,1002.48663,-0.1843872,0.094448045,2.1935943e-05,89.68733,0.0,0.0,0.0,9.804522,0.020403437,0.07747559,0.0069022723,5.0055714,-0.02421379,0.01553077,81.215256,4.339096,2.2181947,406.52875,1.057502,23.421724,1002.58704,89.68733,-0.23699571,-0.28689444,-1.7763568e-14,0.0,0.0,0.0,3.2540767,0.19923915,0.008821635,0.0,1.1059535,-0.98645204,-0.16404992,0.0038309626,0.15789473,0.0,0.034612175,0.0,10.863223,3.2447107,0.9087407,1.0,1.0,1.0,1.0,1.0,1.0,1.0,1.0,0,test/100/7/0,33
23.340607,-0.03845787,0.06679863,0.0014605529,1002.6374,0.15075684,0.093233064,-0.000533484,89.68733,0.0,0.0,0.0,9.813167,0.020150503,-0.025376191,0.006771625,4.9853964,-0.02017498,0.016205003,73.47178,-7.743477,2.0250747,366.28595,0.5525451,23.413612,1002.5921,89.68733,-0.4055855,0.12945543,-1.7763568e-14,-0.034589004,0.0,0.0,3.4042044,0.208929,0.012005968,0.0,1.0993558,-0.9876521,-0.15666278,0.0046741455,0.21052632,0.0,0.03344981,0.0,3.891626,3.2545173,0.32569522,1.0,1.0,1.0,1.0,1.0,1.0,1.0,1.0,0,test/100/7/0,34
23.46919,0.12858391,0.06728695,0.0016576151,1002.4634,-0.17401123,0.095853515,-0.0012432357,89.68733,0.0,0.0,0.0,9.811017,0.019724898,-0.010795382,0.006581345,4.983964,-0.0014324188,0.016522244,75.61148,2.1397018,2.0214262,376.8449,0.59792584,23.41917,1002.5792,89.68733,0.2778926,-0.33094755,-1.7763568e-14,0.0,0.0,0.0,3.7171187,0.24612516,0.02088048,0.0,1.176463,-0.9867763,-0.16208823,0.005379387,0.21052632,0.0,0.0301897,0.0,0.0,3.2545173,0.0,1.0,1.0,1.0,1.0,1.0,1.0,1.0,1.0,0,test/100/7/0,35
23.41687,-0.05232048,0.048673794,-0.001518446,1002.7428,0.27941895,0.10162097,0.0014215684,89.68733,0.0,0.0,0.0,9.839442,0.01964205,0.03057598,0.0039075767,5.000675,0.016711235,0.014792641,76.775696,1.1642151,2.0410874,383.93036,0.6416155,23.41894,1002.5956,89.68733,-0.011499066,0.42065307,-1.7763568e-14,0.0,0.020955482,0.0,3.1721985,0.24607204,0.021710575,0.0,1.1766394,-0.9953964,-0.095844164,0.006611722,0.21052632,0.0,0.02910416,0.0,8.873294,3.5307798,0.7432984,1.0,1.0,1.0,1.0,1.0,1.0,1.0,1.0,0,test/100/7/0,36
23.378914,-0.037956238,0.049297914,-0.0026624335,1002.6416,-0.10119629,0.09917889,0.0004592781,89.68733,0.0,0.0,0.0,9.784124,0.01866192,-0.08374325,0.0033146346,4.9856243,-0.015050888,0.0153843695,74.738625,-2.0370712,2.0339947,372.6187,0.47963923,23.414938,1002.60016,89.68733,-0.20013034,0.11836872,-1.7763568e-14,0.0,0.0,0.0,3.5178437,0.23816368,0.020260425,0.0,1.1620324,-0.99077386,-0.13552539,0.0071964148,0.21052632,0.0,0.025974995,0.0,0.0,3.5456624,0.0,1.0,1.0,1.0,1.0,1.0,1.0,1.0,1.0,0,test/100/7/0,37
23.512669,0.13375473,0.052911714,-0.0013184454,1002.43604,-0.2055664,0.10177683,-0.00010536595,89.68733,0.0,0.0,0.0,9.766347,0.01979585,0.037540164,0.0027991035,4.976619,-0.009005547,0.016268486,73.793304,-0.9453201,1.938921,367.24115,0.08083299,23.424711,1002.58374,89.68733,0.48865634,-0.42206746,-1.7763568e-14,0.0,0.0,0.0,3.4238145,0.24068005,0.02119307,0.0,1.1550173,-0.9918362,-0.12751873,0.007855181,0.2631579,0.0,0.025974995,0.0,0.58113176,3.5242574,0.048724897,1.0,1.0,1.0,1.0,1.0,1.0,1.0,1.0,0,test/100/7/0,38
23.402475,-0.11019325,0.04637652,8.607735e-05,1002.5411,0.105041504,0.1014309,0.00010481526,89.68733,0.0,0.0,0.0,9.790085,0.020010669,0.04151476,0.0012351903,4.978885,0.002266407,0.016688751,76.52496,2.731659,1.9452993,381.009,0.14240156,23.422487,1002.57947,89.68733,-0.11117556,-0.109754,-1.7763568e-14,0.0,0.0,0.0,3.2701666,0.2410302,0.02186681,0.0,1.1536677,-0.9920199,-0.12608168,0.008073287,0.31578946,12.939538,0.02956931,0.0,0.0,3.5242574,0.0,1.0,1.0,1.0,1.0,1.0,1.0,1.0,1.0,0,test/100/7/0,39
23.278973,-0.12350273,0.055249587,-0.0026349807,1002.65234,0.11126709,0.10220115,0.0005495,89.68733,0.0,0.0,0.0,9.824465,0.020395102,0.010643091,0.00697688,5.020995,0.042109966,0.01695739,76.02047,-0.5044937,1.9469373,381.69843,0.212502,23.408136,1002.5868,89.68733,-0.7175717,0.18733677,-1.7763568e-14,-0.09901873,0.0,0.0,3.4038606,0.24438033,0.023976322,0.0,1.149532,-0.9941146,-0.108333685,0.008508747,0.31578946,6.915106,0.029129121,0.0,0.0,3.5242574,0.0,1.0,1.0,1.0,1.0,1.0,1.0,1.0,1.0,0,test/100/7/0,40
23.413965,0.1349926,0.055173498,-0.0024732389,1002.4804,-0.17193604,0.10482153,-0.0010934471,89.68733,0.0,0.0,0.0,9.831666,0.021143233,-0.027179684,0.0049479655,4.9953446,-0.025650501,0.016875511,75.63119,-0.38928223,1.9208423,377.80386,0.32363486,23.408718,1002.5761,89.68733,0.029148504,-0.27351815,-1.7763568e-14,-0.04426531,0.0,0.0,3.1755574,0.2335817,0.018250832,0.0,1.144733,-0.99949026,-0.031925876,0.008688497,0.31578946,0.0,0.026113598,0.0,0.0,3.5242574,0.0,1.0,1.0,1.0,1.0,1.0,1.0,1.0,1.0,0,test/100/7/0,41
23.407183,-0.0067825317,0.055084962,-0.0023530344,1002.66504,0.18463135,0.10533744,0.0011703606,89.68733,0.0,0.0,0.0,9.791934,0.021114565,-0.046932373,0.0023300236,4.986097,-0.00924778,0.0153565435,73.44262,-2.188568,1.934169,366.19202,-0.035855815,23.408566,1002.585,89.68733,-0.0076790056,0.2286,-1.7763568e-14,0.0,0.0,0.0,3.2168689,0.20661326,0.010431428,0.0,1.1367408,-0.999969,-0.007874354,0.00903114,0.31578946,0.0,0.026113598,0.0,0.36073855,3.561406,0.030301545,1.0,1.0,1.0,1.0,1.0,1.0,1.0,1.0,0,test/100/7/0,42
23.336636,-0.070547104,0.057477687,-0.0032086466,1002.5728,-0.09222412,0.087872185,-0.002987602,89.68733,0.0,0.0,0.0,9.78105,0.021879574,0.028846601,0.0019285476,4.9943714,0.008274555,0.015318021,76.504906,3.0622864,1.9433409,382.09393,0.009974544,23.401373,1002.5838,89.68733,-0.35964662,-0.031407744,-1.7763568e-14,-0.029621908,0.0,0.0,3.1204896,0.20432241,0.01131214,0.0,1.142356,-0.9987417,0.05015078,0.010028553,0.31578946,6.200183,0.02582033,0.0,0.0,3.0726707,0.0,1.0,1.0,1.0,1.0,1.0,1.0,1.0,1.0,0,test/100/7/0,43
23.51794,0.18130493,0.06207792,-0.0014436765,1002.4666,-0.10620117,0.092143625,-0.004631375,89.68733,0.0,0.0,0.0,9.796139,0.021961877,0.025974233,0.0038979484,4.997231,0.0028595924,0.014857493,77.795166,1.2902603,1.7848355,388.7604,-0.124615066,23.413029,1002.5721,89.68733,0.5828427,-0.3013557,-1.7763568e-14,0.0,0.0,0.0,3.5734112,0.20468998,0.011384709,0.0,1.1315233,-0.99720544,0.074708164,0.010071441,0.2631579,0.0,0.024985548,0.0,0.71341,3.0215297,0.059980396,1.0,1.0,1.0,1.0,1.0,1.0,1.0,1.0,7,test/100/7/0,44
23.387384,-0.1305561,0.062349953,-0.0019470932,1002.6818,0.21520996,0.094066076,-0.0026865564,89.68733,0.0,0.0,0.0,9.822331,0.020994714,0.011103504,0.002314413,4.9991927,0.001961708,0.014858674,79.12782,1.3326569,1.9136032,395.57526,0.14403442,23.410465,1002.58307,89.68733,-0.12822211,0.2821769,-1.7763568e-14,0.0,0.0,0.0,3.3152895,0.2039193,0.013354036,0.0,1.1323521,-0.9921893,0.12474158,0.010113018,0.2631579,0.0,0.024985548,0.0,11.259159,3.62631,0.91842836,1.0,1.0,1.0,1.0,1.0,1.0,1.0,1.0,7,test/100/7/0,45
23.44286,0.055475235,0.06196026,-0.00085945847,1002.55316,-0.12866211,0.09125182,-0.0015807647,89.68733,0.0,0.0,0.0,9.802719,0.020882012,-0.04580483,0.0044990997,5.002856,0.003663063,0.013810623,76.91806,-2.2097626,1.8371432,384.80994,0.04302421,23.413704,1002.5801,89.68733,0.16197628,-0.0768862,-1.7763568e-14,0.0,0.0,0.0,3.3138053,0.20236517,0.012134016,0.0,1.1296738,-0.9999962,0.002763825,0.0087139495,0.2631579,0.0,0.023013033,0.0,5.8888307,3.651083,0.48058242,1.0,1.0,1.0,1.0,1.0,1.0,1.0,1.0,7,test/100/7/0,46
23.36139,-0.08147049,0.06272352,-0.0020260431,1002.7173,0.16412354,0.09287597,-0.0011888547,89.68733,0.0,0.0,0.0,9.813326,0.019710429,0.030218277,0.0070873923,5.022666,0.0198102,0.014425591,76.72734,-0.1907196,1.8141578,385.37576,0.22861044,23.408472,1002.5938,89.68733,-0.2615738,0.35283437,-1.7763568e-14,-0.00016665428,0.0023711785,0.0,3.3633687,0.17567232,0.0063473517,0.0,1.1207422,-0.99843675,0.055892978,0.0069647026,0.2631579,0.0,0.02001535,0.0,2.5061705,3.6454377,0.20462038,1.0,1.0,1.0,1.0,1.0,1.0,1.0,1.0,7,test/100/7/0,47
23.468348,0.10695839,0.062329784,-0.00019839007,1002.53436,-0.18292236,0.09177364,-0.00076096616,89.68733,0.0,0.0,0.0,9.769407,0.02020758,-0.05452494,0.005720423,4.9999757,-0.022690296,0.014386057,76.34468,-0.3826599,1.8093852,381.72153,0.19884497,23.41446,1002.5878,89.68733,0.29937553,-0.15282086,-1.7763568e-14,0.0,0.0,0.0,3.6213202,0.18764962,0.01239249,0.0,1.1170962,-0.99975246,0.022249408,0.006081085,0.2631579,0.0,0.01841358,0.0,0.0,3.692,0.0,1.0,1.0,1.0,1.0,1.0,1.0,1.0,1.0,7,test/100/7/0,48
23.269533,-0.19881439,0.06577011,-0.0007636723,1002.5156,-0.018737793,0.08939409,-5.2178177e-05,89.68733,0.0,0.0,0.0,9.806422,0.020105295,0.08093409,0.0022066962,5.0231624,0.023186684,0.015218045,73.09692,-3.2477646,1.913348,367.17767,-0.10137717,23.399967,1002.5806,89.68733,-0.724634,-0.18572167,-1.7763568e-14,-0.10103513,0.0,0.0,3.5548263,0.19120428,0.01344299,0.0,1.1106616,-0.99944526,0.033304125,0.0055003655,0.31578946,0.0,0.014254862,0.0,0.0,3.7329316,0.0,1.0,1.0,1.0,1.0,1.0,1.0,1.0,1.0,7,test/100/7/0,49
23.325485,0.055952072,0.06770786,-0.0017480219,1002.6386,0.12298584,0.0903363,0.00087395,89.68733,0.0,0.0,0.0,9.851323,0.022805322,0.007885809,0.0046106786,5.017614,-0.005548477,0.0153017985,76.59622,3.4993057,1.9007131,384.33023,-0.11317944,23.392519,1002.5864,89.68733,-0.37241024,0.1490998,-1.7763568e-14,-0.1360806,0.0,0.0,3.3228405,0.17145391,0.007397817,0.0,1.1047801,-0.99343276,0.114417665,0.0059087467,0.2631579,0.0,0.010872823,0.0,2.001384,3.6919084,0.16363156,1.0,1.0,1.0,1.0,1.0,1.0,1.0,1.0,7,test/100/7/0,50
23.444658,0.11917305,0.06752355,-0.0018245138,1002.66974,0.03112793,0.09164346,0.0014084436,89.68733,0.0,0.0,0.0,9.83121,0.023474736,-0.06501429,0.004309961,5.0106635,-0.0069503784,0.015415003,75.97125,-0.6249695,1.8914641,380.66635,-0.0469113,23.397734,1002.5948,89.68733,0.26069605,0.21423307,-1.7763568e-14,-0.03621065,0.0,0.0,3.2615235,0.15744057,0.00111542,0.0,1.1011696,-0.9982683,0.058825076,0.0056099677,0.2631579,0.0,0.010872823,0.0,0.0,3.6919084,0.0,1.0,1.0,1.0,1.0,1.0,1.0,1.0,1.0,7,test/100/7/0,51
23.387781,-0.056877136,0.06622288,-0.0010887863,1002.4812,-0.1885376,0.09242019,0.0011819252,89.68733,0.0,0.0,0.0,9.832631,0.022797028,0.021534342,0.0068668406,5.00296,-0.0077033043,0.013933491,73.908875,-2.062378,1.9450244,369.76315,-0.113894634,23.396738,1002.5834,89.68733,-0.04975924,-0.29200122,-1.7763568e-14,0.0,0.0,0.0,3.5493164,0.16178538,0.0028556336,0.0,1.0972736,-0.99994,0.01095496,0.0045005325,0.2631579,0.0,0.007237452,0.0,0.0,3.7042987,0.0,1.0,1.0,1.0,1.0,1.0,1.0,1.0,1.0,7,test/100/7/0,52
23.258278,-0.12950325,0.072775446,-0.0033566167,1002.35754,-0.12365723,0.10258685,-0.0034370595,89.68733,0.0,0.0,0.0,9.845322,0.02416413,0.011269265,0.0032568735,4.9943233,-0.008636951,0.01390378,74.76834,0.85946655,1.5498711,373.4173,0.21029906,23.382893,1002.5608,89.68733,-0.69229954,-0.5807768,-1.7763568e-14,-0.10634629,-0.025548548,0.0,3.1539838,0.16699317,-0.0022891024,0.0,1.0988971,-0.99993247,0.011623371,0.0040384526,0.2631579,0.0,0.007237452,0.0,6.4212136,3.2978988,0.525717,1.0,1.0,1.0,1.0,1.0,1.0,1.0,1.0,7,test/100/7/0,53
23.33475,0.07647133,0.07298936,-0.004957595,1002.4083,0.05078125,0.10737179,-0.004756107,89.68733,0.0,0.0,0.0,9.834247,0.024723541,-0.023765443,0.0032488294,5.0322394,0.037916183,0.015301752,74.05365,-0.71469116,1.5130099,372.6557,-0.06200814,23.378078,1002.5456,89.68733,-0.24071297,-0.39211878,-1.7763568e-14,-0.1237975,-0.019768268,0.0,3.343778,0.1669405,-0.0022015423,0.0,1.0998795,-0.99956155,-0.029608425,0.003547869,0.21052632,0.0,0.007237452,0.0,1.4881594,3.2750401,0.12189441,1.0,1.0,1.0,1.0,1.0,1.0,1.0,1.0,7,test/100/7/0,54
23.456614,0.12186432,0.07236244,-0.002778574,1002.4564,0.048095703,0.10769828,-0.0077911606,89.68733,0.0,0.0,0.0,9.798718,0.02487444,-0.024453785,0.0070208632,4.9969454,-0.035294056,0.01482156,72.769394,-1.284256,1.64409,363.6247,-0.30618787,23.385931,1002.5367,89.68733,0.39267993,-0.22923224,-1.7763568e-14,-0.0036948917,0.0,0.0,3.1216676,0.15497078,-0.00025536603,0.0,1.0810568,-0.9950994,-0.09887952,0.0031687736,0.21052632,0.0,0.007237452,0.0,0.0,3.2750401,0.0,1.0,1.0,1.0,1.0,1.0,1.0,1.0,1.0,7,test/100/7/0,55
23.513893,0.057279587,0.0770899,-0.000588473,1002.53906,0.0826416,0.09929443,-0.0052232784,89.68733,0.0,0.0,0.0,9.819646,0.024090368,0.056456547,0.0064807693,5.0170565,0.020111084,0.01517836,69.33495,-3.4344406,2.107083,347.8574,-0.64385927,23.398727,1002.53687,89.68733,0.63980985,0.0061979685,-1.7763568e-14,0.0031445408,0.0,0.0,2.8385148,0.18680818,-0.010062818,0.0,1.0864681,-0.9932708,-0.11581499,0.003264429,0.2631579,0.0,0.007237452,0.0,0.0,2.8932834,0.0,1.0,1.0,1.0,1.0,1.0,1.0,1.0,1.0,7,test/100/7/0,56
23.361835,-0.15205765,0.07735733,-0.0013158325,1002.5633,0.024230957,0.097143754,-0.003600707,89.68733,0.0,0.0,0.0,9.841595,0.02430024,0.0010206462,0.002639364,5.019238,0.00218153,0.01505045,75.308815,5.9738617,2.104457,377.99283,-0.6753842,23.395039,1002.53955,89.68733,-0.18445936,0.067886345,-1.7763568e-14,0.0,0.0,0.0,3.31101,0.18138812,-0.007161005,0.0,1.0898496,-0.99662226,-0.08212239,0.002998171,0.21052632,0.0,0.007237452,0.0,0.0,2.8932834,0.0,1.0,1.0,1.0,1.0,1.0,1.0,1.0,1.0,7,test/100/7/0,57
23.501368,0.13953209,0.07652623,0.002087722,1002.5691,0.00579834,0.09384839,-0.005023331,89.68733,0.0,0.0,0.0,9.826005,0.02200104,-0.03753801,0.0025973164,5.0033045,-0.015933514,0.013643598,72.32134,-2.9874725,2.1779392,361.84567,-1.0305731,23.40567,1002.5425,89.68733,0.531647,0.07600773,-1.7763568e-14,0.0,0.0,0.0,3.2317507,0.18033609,-0.006565108,0.0,1.0930085,-0.9926086,-0.1213597,0.0029621057,0.15789473,0.0,0.007237452,0.0,4.805351,2.9672813,0.39432746,1.0,1.0,1.0,1.0,1.0,1.0,1.0,1.0,7,test/100/7/0,58
23.375296,-0.12607193,0.07659727,0.0019673498,1002.349,-0.22009277,0.10388786,-0.008131673,89.68733,0.0,0.0,0.0,9.825698,0.02130106,0.015282648,0.0074234423,5.0012164,-0.00208807,0.012240476,72.72804,0.40670013,2.2156973,363.7287,-1.1333611,23.402634,1002.52313,89.68733,-0.15187733,-0.4975459,-1.7763568e-14,0.0,-0.025553916,0.0,3.2221246,0.1810781,-0.00824393,0.0,1.0938015,-0.98048955,-0.1965711,0.003503654,0.15789473,0.0,0.0036431358,0.0,0.0,2.9672813,0.0,1.0,1.0,1.0,1.0,1.0,1.0,1.0,1.0,7,test/100/7/0,59
23.417252,0.041955948,0.072177425,0.0005371768,1002.3771,0.028076172,0.10676235,-0.008793239,89.68733,0.0,0.0,0.0,9.770436,0.023529584,-0.05495477,0.0058502923,5.0328636,0.031647205,0.013163639,72.83815,0.11010742,2.248463,366.58447,-1.1584811,23.404095,1002.50854,89.68733,0.07309014,-0.37559542,-1.7763568e-14,0.0,-0.032753225,0.0,3.1893952,0.1810056,-0.0082071135,0.0,1.0973557,-0.9931579,-0.116778865,0.0035464596,0.15789473,0.0,0.0017222731,0.0,9.554013,3.3833914,0.7847232,1.0,1.0,1.0,1.0,1.0,1.0,1.0,1.0,7,test/100/7/0,60
23.332897,-0.0843544,0.07349438,-0.00017453531,1002.4531,0.076049805,0.107556395,-0.01066922,89.68733,0.0,0.0,0.0,9.849712,0.024493385,0.13453819,0.0079176985,5.009769,-0.023094654,0.012871673,70.70862,-2.1295319,2.4087453,354.23383,-1.3988044,23.396976,1002.503,89.68733,-0.3559909,-0.14247924,-1.7763568e-14,-0.018297711,0.0,0.0,3.159214,0.18155666,-0.011883739,0.0,1.0976275,-0.9995412,-0.030287227,0.0035448985,0.15789473,0.0,0.0017222731,0.0,0.9268445,3.3585129,0.07616174,1.0,1.0,1.0,1.0,1.0,1.0,1.0,1.0,7,test/100/7/0,61
23.502789,0.16989136,0.07714539,0.0015555862,1002.5324,0.07928467,0.10291987,-0.0084563065,89.68733,0.0,0.0,0.0,9.7883215,0.024679115,-0.14066823,0.0043849843,5.0173497,0.007580757,0.01195978,71.589676,0.88105774,2.4845097,359.19046,-1.7162199,23.407557,1002.5059,89.68733,0.529065,0.07564354,-1.7763568e-14,0.0,0.0,0.0,3.3405418,0.18109247,-0.012293105,0.0,1.0955741,-0.9999999,0.00046924897,0.0035482836,0.15789473,0.0,0.0017222731,0.0,4.378158,3.3568826,0.3599323,1.0,1.0,1.0,1.0,1.0,1.0,1.0,1.0,7,test/100/7/0,62
23.37606,-0.12672806,0.07600015,0.00021763709,1002.63385,0.10144043,0.105264634,-0.0060509704,89.68733,0.0,0.0,0.0,9.775344,0.025102872,0.048414472,0.003938148,5.032042,0.0146923065,0.012349521,73.91581,2.3261337,2.442233,371.94745,-1.5897812,23.404408,1002.51874,89.68733,-0.15748179,0.328926,-1.7763568e-14,0.0,0.0,0.0,2.9622524,0.19170734,-0.019814357,0.0,1.0982028,-0.99999505,0.0031414595,0.0034555653,0.21052632,0.0,0.0,0.0,0.0,3.3568826,0.0,1.0,1.0,1.0,1.0,1.0,1.0,1.0,1.0,7,test/100/7/0,63
23.451609,0.07554817,0.07221338,0.0027623714,1002.3988,-0.23504639,0.108139575,-0.008772083,89.68733,0.0,0.0,0.0,9.821065,0.024750428,0.05869847,0.0031863963,5.0232124,-0.008829594,0.012130755,72.60465,-1.3111572,2.3348258,364.70862,-1.4462363,23.409128,1002.5067,89.68733,0.23600724,-0.3083716,-1.7763568e-14,0.0,0.0,0.0,3.4912698,0.18634285,-0.012388874,0.0,1.0995724,-0.9976788,0.06809542,0.0034272268,0.21052632,0.0,0.0,0.0,0.0,3.379362,0.0,1.0,1.0,1.0,1.0,1.0,1.0,1.0,1.0,7,test/100/7/0,64
23.456762,0.005153656,0.07325476,0.0034190645,1002.27655,-0.12225342,0.11400876,-0.00973965,89.68733,0.0,0.0,0.0,9.773669,0.026373968,-0.0931168,0.0058043515,5.006742,-0.016470432,0.0118105775,70.16724,-2.437416,2.1779814,351.30927,-1.3503397,23.41389,1002.4837,89.68733,0.23817481,-0.59190035,-1.7763568e-14,0.0,-0.060950466,0.0,3.103586,0.19020306,-0.014453816,0.0,1.1031178,-0.999884,-0.01523216,0.0029179568,0.21052632,0.0,0.0,0.0,0.0,2.7452023,0.0,1.0,1.0,1.0,1.0,1.0,1.0,1.0,1.0,7,test/100/7/0,65
23.349186,-0.10757637,0.07348509,0.003310549,1002.3193,0.04272461,0.11992374,-0.01151894,89.68733,0.0,0.0,0.0,9.81225,0.026254546,0.08597642,0.0025758266,5.036726,0.029983997,0.012592567,72.2602,2.0929642,2.0601678,363.95483,-1.1772054,23.407421,1002.4673,89.68733,-0.32352453,-0.42284703,-1.7763568e-14,0.0,-0.094467856,0.0,3.2004085,0.19058609,-0.014840663,0.0,1.1050264,-0.9987833,-0.049314518,0.002919701,0.21052632,0.0,0.0,0.0,0.0,2.6141005,0.0,1.0,1.0,1.0,1.0,1.0,1.0,1.0,1.0,7,test/100/7/0,66
23.37544,0.026254654,0.073205136,0.002431587,1002.3432,0.023925781,0.11184338,-0.010013299,89.68733,0.0,0.0,0.0,9.842827,0.026976202,-0.008004367,0.0058493814,5.011687,-0.025039196,0.01248542,72.89446,0.6342621,1.9149554,365.32422,-0.94421345,23.404222,1002.45483,89.68733,-0.1598988,-0.3190389,-1.7763568e-14,0.0,-0.11184303,0.0,3.3186657,0.18970448,-0.012585019,0.0,1.1057806,-0.9964635,-0.084026866,0.002826451,0.21052632,0.0,0.0,0.0,0.0,2.6278853,0.0,1.0,1.0,1.0,1.0,1.0,1.0,1.0,1.0,7,test/100/7/0,67
23.470917,0.09547615,0.07333063,0.0045842566,1002.4151,0.071899414,0.1114757,-0.009806239,89.68733,0.0,0.0,0.0,9.800507,0.025087832,-0.072897084,0.0035150412,5.009997,-0.0016899109,0.0120891,73.520424,0.6259613,1.777739,368.3371,-0.6957261,23.410892,1002.45087,89.68733,0.33347183,-0.10225081,-1.7763568e-14,0.0,-0.08598531,0.0,3.1934462,0.1715622,-0.007978084,0.0,1.092614,-0.9932068,-0.11636254,0.002915057,0.15789473,0.0,0.0,0.0,2.0204597,2.6078558,0.16656183,1.0,1.0,1.0,1.0,1.0,1.0,1.0,1.0,7,test/100/7/0,68
23.395475,-0.07544136,0.06716657,0.0025161542,1002.4675,0.0524292,0.11087189,-0.008966707,89.68733,0.0,0.0,0.0,9.799076,0.025298001,0.04089019,0.0027774174,5.018574,0.008577347,0.011974175,69.638084,-3.8823395,1.9283594,349.4839,-0.92608315,23.40935,1002.4526,89.68733,-0.07708216,0.042792216,-1.7763568e-14,0.0,-0.028885212,0.0,3.6035948,0.17625216,0.0020816314,0.0,1.1067741,-0.9994253,-0.033897676,0.002783098,0.15789473,0.0,0.0,0.0,0.0,2.6078558,0.0,1.0,1.0,1.0,1.0,1.0,1.0,1.0,1.0,7,test/100/7/0,69
23.458225,0.06274986,0.06557857,0.0020385454,1002.2774,-0.19012451,0.110123694,-0.008829034,89.68733,0.0,0.0,0.0,9.766434,0.026282074,-0.031211628,0.0028651597,5.0009975,-0.017576694,0.012316553,74.4965,4.8584137,1.775054,372.55682,-0.52938974,23.414238,1002.43506,89.68733,0.24437538,-0.4503786,-1.7763568e-14,0.0,-0.07976969,0.0,3.183395,0.17582998,0.0024022213,0.0,1.1091492,-0.998947,-0.04587868,0.002144955,0.21052632,0.0,0.0,0.0,0.87617445,2.6102896,0.07229603,1.0,1.0,1.0,1.0,1.0,1.0,1.0,1.0,7,test/100/7/0,70
23.462162,0.0039367676,0.06613564,0.003299247,1002.09674,-0.18066406,0.121699974,-0.010237615,89.68733,0.0,0.0,0.0,9.804664,0.025984189,0.07087206,0.0074664606,5.0159583,0.014960766,0.012301135,71.476555,-3.0199432,1.6372279,358.52344,-0.3733197,23.41903,1002.4012,89.68733,0.23962167,-0.8699055,-1.7763568e-14,0.0,-0.23107308,0.0,3.4465985,0.18155043,0.005724393,0.0,1.1059991,-0.9999992,-0.0012207928,0.0019061372,0.21052632,0.0,0.0,0.0,0.0,2.6102896,0.0,1.0,1.0,1.0,1.0,1.0,1.0,1.0,1.0,7,test/100/7/0,71
23.550747,0.0885849,0.07240087,0.0049010655,1002.37305,0.27630615,0.121072814,-0.009814223,89.68733,0.0,0.0,0.0,9.805295,0.025547165,-0.037598856,0.008704303,5.021923,0.005964756,0.012130962,70.60099,-0.8755646,1.6600571,354.55273,-0.41283208,23.432201,1002.3984,89.68733,0.658584,-0.0724134,-1.7763568e-14,0.045622252,-0.21966119,0.0,2.9410663,0.17949986,0.0060904655,0.0,1.1164199,-0.9999222,-0.012470195,0.0018451362,0.21052632,0.0,0.0,0.0,0.0,2.6102896,0.0,1.0,1.0,1.0,1.0,1.0,1.0,1.0,1.0,7,test/100/7/0,72
23.411491,-0.13925552,0.062273003,0.0022236702,1002.2743,-0.09875488,0.124207094,-0.012591461,89.68733,0.0,0.0,0.0,9.82232,0.024426177,0.016394151,0.005591859,4.9985785,-0.023344517,0.011797275,72.832535,2.2315445,1.5733035,364.05917,-0.23596837,23.43013,1002.386,89.68733,-0.10355201,-0.3191132,-1.7763568e-14,0.0,-0.26310888,0.0,3.5620153,0.19371119,0.009999807,0.0,1.1094078,-0.99762034,-0.0689467,0.0017372295,0.21052632,0.0,0.0,0.0,1.444437,2.3564024,0.11934941,1.0,1.0,1.0,1.0,1.0,1.0,1.0,1.0,7,test/100/7/0,73
23.38532,-0.02617073,0.059406627,0.00014945296,1002.2493,-0.024963379,0.12881804,-0.014798318,89.68733,0.0,0.0,0.0,9.828573,0.024161557,-0.010772618,0.0039409096,5.017736,0.01915741,0.011163771,69.53322,-3.2993164,1.6292776,348.89935,-0.27362636,23.42565,1002.3723,89.68733,-0.22405046,-0.3513934,-1.7763568e-14,0.0,-0.31815243,0.0,3.369057,0.19447681,0.013535768,0.0,1.1089762,-0.997443,-0.07146621,0.0017205398,0.2631579,0.0,0.0,0.0,0.0,2.3719313,0.0,1.0,1.0,1.0,1.0,1.0,1.0,1.0,1.0,7,test/100/7/0,74
23.447186,0.061864853,0.059232846,0.0008071455,1002.5244,0.27508545,0.13118437,-0.0120768845,89.68733,0.0,0.0,0.0,9.797993,0.02417692,-0.036833145,0.008398771,5.01256,-0.0051760674,0.010423558,70.35413,0.8209152,1.6626487,352.6543,-0.3645133,23.427803,1002.3875,89.68733,0.107678846,0.3911085,-1.7763568e-14,0.0,-0.21310338,0.0,3.0860324,0.19570737,0.009483503,0.0,1.1095847,-0.98502874,-0.1723902,0.0019974518,0.21052632,0.0,0.0,0.0,0.0,2.3719313,0.0,1.0,1.0,1.0,1.0,1.0,1.0,1.0,1.0,7,test/100/7/0,75
23.519247,0.07206154,0.059623122,0.0034128805,1002.2338,-0.29058838,0.13206035,-0.012304091,89.68733,0.0,0.0,0.0,9.821437,0.024221037,0.054024372,0.0056755627,4.9950905,-0.017469406,0.01130838,68.4412,-1.9129333,1.7425901,341.87,-0.8419223,23.436947,1002.37213,89.68733,0.45721865,-0.3952296,-1.7763568e-14,0.0089698015,-0.27440584,0.0,3.4524221,0.17803706,0.0062481305,0.0,1.0991957,-0.9752616,-0.2210538,0.0025491752,0.21052632,0.0,0.0,0.0,0.0,2.3719313,0.0,1.0,1.0,1.0,1.0,1.0,1.0,1.0,1.0,7,test/100/7/0,76
23.454042,-0.06520462,0.05770321,0.0026781599,1002.47363,0.23980713,0.12741846,-0.008263885,89.68733,0.0,0.0,0.0,9.776056,0.023975912,-0.0688245,0.006164121,4.9920006,-0.0030899048,0.0122315,71.105255,2.6640549,1.5645679,354.9575,-0.6475408,23.438658,1002.3823,89.68733,0.08547369,0.26094025,-1.7763568e-14,0.0,-0.19564961,0.0,2.8692095,0.19770119,0.0012184285,0.0,1.1066524,-0.96584743,-0.25911152,0.003437544,0.21052632,0.0,0.0,0.0,2.181742,2.3643794,0.18060178,1.0,1.0,1.0,1.0,1.0,1.0,1.0,1.0,7,test/100/7/0,77
23.397236,-0.056806564,0.056126878,0.003196398,1002.3557,-0.11791992,0.12001484,-0.005681868,89.68733,0.0,0.0,0.0,9.782026,0.024000578,0.051350843,0.0038936406,4.965642,-0.026358604,0.015911868,65.91195,-5.193306,2.0004532,327.29514,-1.0686512,23.434515,1002.37964,89.68733,-0.2071065,-0.068376414,-1.7763568e-14,0.0,-0.18405132,0.0,3.090363,0.20060171,-0.0012390367,0.0,1.1090602,-0.97965026,-0.20071226,0.0037679698,0.21052632,0.0,0.0,0.0,7.7855496,2.6559443,0.6447734,1.0,1.0,1.0,1.0,1.0,1.0,1.0,1.0,7,test/100/7/0,78
23.496492,0.099256516,0.05649246,0.0032985657,1002.18744,-0.16827393,0.1265003,-0.008658043,89.68733,0.0,0.0,0.0,9.837398,0.024675284,0.049401402,0.0045869667,4.997822,0.032179832,0.01603332,71.875786,5.9638367,1.9802783,359.22238,-0.9519705,23.440712,1002.3604,89.68733,0.30988672,-0.49424314,-1.7763568e-14,0.0,-0.2670415,0.0,3.6061819,0.21584772,0.00373296,0.0,1.1033357,-0.9914636,-0.13038361,0.0034852256,0.21052632,0.0,0.0,0.0,0.0,2.6559443,0.0,1.0,1.0,1.0,1.0,1.0,1.0,1.0,1.0,7,test/100/7/0,79
23.45823,-0.03826332,0.056535568,0.0033343264,1002.1414,-0.046020508,0.13532092,-0.011605399,89.68733,0.0,0.0,0.0,9.839212,0.024582433,-0.05355673,0.0063538426,5.0125093,0.014687538,0.015230458,69.76914,-2.1066437,1.9770133,349.71848,-0.91919225,23.442465,1002.3385,89.68733,0.08758145,-0.56315726,-1.7763568e-14,0.0,-0.37286934,0.0,3.2546668,0.21527185,0.0025890034,0.0,1.1022351,-0.9993502,-0.036043935,0.0034838626,0.21052632,0.0,0.0,0.0,4.6269407,2.0538669,0.3835396,1.0,1.0,1.0,1.0,1.0,1.0,1.0,1.0,7,test/100/7/0,80
23.432117,-0.026111603,0.051237375,0.0016035323,1002.24915,0.10772705,0.13495263,-0.011458639,89.68733,0.0,0.0,0.0,9.769447,0.023857018,-0.07158026,0.0014508828,5.00605,-0.006459236,0.015252946,70.07626,0.30712128,1.9893941,350.80527,-1.0405362,23.44143,1002.3296,89.68733,-0.051734712,-0.22982915,-1.7763568e-14,0.0,-0.41322228,0.0,3.1822805,0.21478091,-0.00016374014,0.0,1.1018467,-0.999955,0.009487635,0.0036086463,0.21052632,0.0,0.0,0.0,0.0,2.0701702,0.0,1.0,1.0,1.0,1.0,1.0,1.0,1.0,1.0,7,test/100/7/0,81
23.440596,0.008478165,0.049338352,0.0025271466,1002.04315,-0.20599365,0.14221536,-0.012696046,89.68733,0.0,0.0,0.0,9.815182,0.023737598,0.11549906,0.0053722262,4.9875283,-0.018521786,0.015873333,71.07375,0.9974899,1.9869105,354.48236,-1.025932,23.441347,1002.30096,89.68733,-0.0041704164,-0.7365442,-1.7763568e-14,0.0,-0.56867886,0.0,2.9268835,0.22593151,-0.0037366292,0.0,1.1088542,-0.996433,-0.08438777,0.0034714662,0.15789473,0.0,0.0,0.0,4.9109073,2.1142921,0.40745193,1.0,1.0,1.0,1.0,1.0,1.0,1.0,1.0,7,test/100/7/0,82
23.383585,-0.05701065,0.048880283,0.0007288768,1002.1946,0.15142822,0.124334075,-0.009432777,89.68733,0.0,0.0,0.0,9.849787,0.02468543,-0.0111285,0.004443084,5.030273,0.042744637,0.01574446,69.75682,-1.3169327,1.8999306,350.89584,-0.85405755,23.43557,1002.2903,89.68733,-0.28880662,-0.27350292,-1.7763568e-14,0.0,-0.63269585,0.0,3.0523264,0.22115402,-0.010868425,0.0,1.1073207,-0.99597067,-0.08967955,0.0033068294,0.21052632,0.0,0.0,0.0,9.187192,2.71736,0.76259965,1.0,1.0,1.0,1.0,1.0,1.0,1.0,1.0,7,test/100/7/0,83
23.341482,-0.042102814,0.053247973,-0.00048931094,1002.0435,-0.15106201,0.13325608,-0.011378238,89.68733,0.0,0.0,0.0,9.8406725,0.025548741,-0.043719053,0.0019089392,4.991547,-0.038725853,0.015735302,69.61233,-0.1444931,1.8790388,347.4732,-0.81371886,23.42616,1002.2656,89.68733,-0.47044003,-0.6345978,-1.7763568e-14,-0.011252544,-0.77995366,0.0,2.7943327,0.2343801,-0.013468387,0.0,1.1192973,-0.99988496,-0.015166121,0.002851004,0.21052632,0.0,0.0,0.0,2.4772604,2.695623,0.20572384,1.0,1.0,1.0,1.0,1.0,1.0,1.0,1.0,7,test/100/7/0,84
23.524662,0.18317986,0.056629304,0.0011563337,1002.1252,0.08166504,0.13730182,-0.013553109,89.68733,0.0,0.0,0.0,9.855508,0.026072126,0.023948662,0.00079806126,5.0005136,0.008966446,0.015788916,67.805,-1.8073273,1.9844884,339.05984,-1.0792218,23.436012,1002.2516,89.68733,0.49250326,-0.3611422,-1.7763568e-14,0.01430568,-0.8758006,0.0,3.207359,0.23307146,-0.015241271,0.0,1.1174976,-0.9976868,0.067978516,0.003306176,0.21052632,0.0,0.0,0.0,0.0,2.695623,0.0,1.0,1.0,1.0,1.0,1.0,1.0,1.0,1.0,7,test/100/7/0,85
23.522493,-0.0021686554,0.055674836,0.00097031845,1002.01624,-0.108947754,0.14731719,-0.016382158,89.68733,0.0,0.0,0.0,9.8109665,0.026076293,-0.0593756,0.006029653,4.9926515,-0.007862091,0.014385989,64.62531,-3.1796875,2.3407247,322.65164,-1.3610406,23.44466,1002.228,89.68733,0.43240964,-0.60517937,-1.7763568e-14,0.024115628,-1.0301864,0.0,2.7933297,0.25073832,-0.021556133,0.0,1.1245908,-0.9930365,0.11780715,0.004234947,0.21052632,0.0,0.0,0.0,8.760882,3.0588608,0.7282142,1.0,1.0,1.0,1.0,1.0,1.0,1.0,1.0,7,test/100/7/0,86
23.380806,-0.1416874,0.055344425,-0.0010858679,1002.3216,0.3053589,0.14673898,-0.014015461,89.68733,0.0,0.0,0.0,9.808575,0.02518846,0.04214822,0.0035470803,5.045265,0.052613735,0.016922913,68.82097,4.195656,2.2799335,347.22006,-1.20815,23.438274,1002.2374,89.68733,-0.3192683,0.24054715,-1.7763568e-14,0.0,-1.0051938,0.0,2.7717266,0.26534143,-0.025700245,0.0,1.134264,-0.9972963,0.07348595,0.0047349907,0.21052632,0.0,0.0,0.0,1.4270785,3.022825,0.11867474,1.0,1.0,1.0,1.0,1.0,1.0,1.0,1.0,7,test/100/7/0,87
23.472055,0.091249466,0.055369966,-0.00033904053,1002.32745,0.005859375,0.14310105,-0.010397316,89.68733,0.0,0.0,0.0,9.812037,0.025060575,0.005856124,0.0029637935,5.002487,-0.042778015,0.016905844,67.62064,-1.200325,2.1939912,338.2714,-1.1083015,23.441652,1002.2464,89.68733,0.16890587,0.2315594,-1.7763568e-14,0.0,-0.97555274,0.0,3.0484178,0.26656175,-0.02704631,0.0,1.1368569,-0.9841181,0.17751479,0.0060333107,0.21052632,0.0,0.0,0.0,10.407666,3.5010073,0.8658904,1.0,1.0,1.0,1.0,1.0,1.0,1.0,1.0,7,test/100/7/0,88
23.332716,-0.13933945,0.05978542,-0.0027756684,1002.02655,-0.30090332,0.14166369,-0.01011816,89.68733,0.0,0.0,0.0,9.824982,0.025021696,0.0094806,0.0033202218,4.9745116,-0.02797556,0.017873872,66.26607,-1.3545761,2.323494,329.64136,-1.38421,23.43076,1002.2244,89.68733,-0.54468197,-0.5653479,-1.7763568e-14,-0.022716945,-1.1166493,0.0,2.8176117,0.25631145,-0.024995487,0.0,1.1511184,-0.99334264,0.11519704,0.006682971,0.15789473,0.0,0.0,0.0,0.0,3.5010073,0.0,1.0,1.0,1.0,1.0,1.0,1.0,1.0,1.0,7,test/100/7/0,89
23.421682,0.08896637,0.05986718,-0.0028561857,1002.3591,0.33251953,0.14421925,-0.0074275653,89.68733,0.0,0.0,0.0,9.758892,0.025772685,-0.079034634,0.003729327,5.023898,0.0493865,0.018428564,65.52218,-0.74388885,2.1982646,329.17676,-1.2726076,23.429852,1002.2379,89.68733,-0.045381907,0.3462371,-1.7763568e-14,0.0,-1.0631127,0.0,3.5217018,0.27052394,-0.018339038,0.0,1.1449363,-0.98699343,0.16076043,0.0076674107,0.15789473,0.0,0.0,0.0,5.3699613,3.5206187,0.4471765,1.0,1.0,1.0,1.0,1.0,1.0,1.0,1.0,7,test/100/7/0,90
23.479053,0.05737114,0.060267456,-0.0020000043,1002.28925,-0.06982422,0.14134507,-0.008709854,89.68733,0.0,0.0,0.0,9.8341255,0.026091209,0.14132465,0.005135714,5.0115395,-0.0123586655,0.018312719,66.47863,0.9564514,2.2041073,333.16028,-1.2604444,23.43477,1002.24304,89.68733,0.24601199,0.13206539,-1.7763568e-14,0.0,-1.0487465,0.0,2.6415281,0.2815326,-0.020609386,0.0,1.1597582,-0.979472,0.20158045,0.008969154,0.10526316,0.0,0.0,0.0,2.7963266,3.4564636,0.23296723,1.0,1.0,1.0,1.0,1.0,1.0,1.0,1.0,7,test/100/7/0,91
23.448364,-0.03068924,0.05497677,-0.00020893212,1002.0604,-0.2288208,0.14309157,-0.0091877645,89.68733,0.0,0.0,0.0,9.813621,0.026006917,-0.09573919,0.004536004,5.0039334,-0.0076060295,0.017846469,69.41197,2.933342,2.1733568,347.3329,-1.0703706,23.43613,1002.2248,89.68733,0.06796458,-0.4695375,-1.7763568e-14,0.0,-1.1636224,0.0,3.1788206,0.2796079,-0.021975582,0.0,1.1553411,-0.9825236,0.18613784,0.010008726,0.15789473,0.0,0.0,0.0,0.0,3.4564636,0.0,1.0,1.0,1.0,1.0,1.0,1.0,1.0,1.0,7,test/100/7/0,92
23.476795,0.028430939,0.05527694,-5.6516317e-05,1002.2115,0.15106201,0.14265971,-0.0085968245,89.68733,0.0,0.0,0.0,9.814584,0.02595175,0.021467907,0.0027763934,4.9931216,-0.010811806,0.017954998,67.357704,-2.054268,1.9909643,336.32523,-0.8765905,23.440197,1002.22345,89.68733,0.20332283,-0.03413858,-1.7763568e-14,0.0,-1.1880795,0.0,3.0004804,0.26048005,-0.016442563,0.0,1.165828,-0.96911675,0.2466024,0.011498935,0.10526316,0.0,0.0,0.0,0.0,3.5044076,0.0,1.0,1.0,1.0,1.0,1.0,1.0,1.0,1.0,7,test/100/7/0,93
23.305456,-0.17133904,0.061651114,-0.0028632244,1001.9734,-0.23809814,0.15233313,-0.011707002,89.68733,0.0,0.0,0.0,9.804032,0.025839807,-0.011514432,0.0085685,5.0208316,0.027709961,0.018095585,68.81507,1.457367,1.9797295,345.50888,-0.7492757,23.426723,1002.1984,89.68733,-0.6737046,-0.6429771,-1.7763568e-14,-0.052880142,-1.3463036,0.0,2.8880575,0.25513044,-0.0147178825,0.0,1.1749634,-0.9742967,0.22526866,0.012487561,0.10526316,0.0,0.0,0.0,0.21461381,3.495533,0.017904487,1.0,1.0,1.0,1.0,1.0,1.0,1.0,1.0,7,test/100/7/0,94
23.432058,0.12660217,0.061610796,-0.0027644194,1002.1633,0.1899414,0.13404752,-0.0073453286,89.68733,0.0,0.0,0.0,9.833379,0.025940567,0.03989803,0.0028466736,4.985583,-0.035248756,0.018335728,68.75933,-0.055740356,1.9364983,342.80533,-0.59619606,23.427256,1002.19495,89.68733,0.026676692,-0.09025862,-1.7763568e-14,0.0,-1.3910252,0.0,2.9981987,0.25538635,-0.015165257,0.0,1.1766471,-0.9713847,0.23751153,0.012569774,0.15789473,0.0,0.0,0.0,0.0,3.495533,0.0,1.0,1.0,1.0,1.0,1.0,1.0,1.0,1.0,7,test/100/7/0,95
23.300653,-0.13140488,0.06515332,-0.0033822656,1002.087,-0.07635498,0.13545053,-0.008119695,89.68733,0.0,0.0,0.0,9.818089,0.025909891,-0.04463723,0.0028828487,5.035021,0.049438,0.01964134,68.463554,-0.29577637,1.9364964,344.71542,-0.57129735,23.414597,1002.18414,89.68733,-0.63301533,-0.27757415,-1.7763568e-14,-0.055371806,-1.4766839,0.0,2.834351,0.24246973,-0.012036131,0.0,1.1886325,-0.9730023,0.23079537,0.011529216,0.21052632,0.0,0.0,0.0,0.0,3.495533,0.0,1.0,1.0,1.0,1.0,1.0,1.0,1.0,1.0,7,test/100/7/0,96
23.505556,0.20490265,0.0672344,-0.0017737654,1002.06635,-0.020629883,0.119866066,-0.0051815175,89.68733,0.0,0.0,0.0,9.788147,0.025125023,-0.014650879,0.003736852,5.0047293,-0.030291557,0.019459374,73.02322,4.559662,2.1054199,365.46143,-0.04766132,23.423693,1002.17236,89.68733,0.4547994,-0.302865,-1.7763568e-14,0.0,-1.5706178,0.0,2.8591182,0.24280135,-0.016832378,0.0,1.1888303,-0.9869441,0.16106324,0.00894396,0.21052632,0.0,0.0,0.0,0.0,3.553163,0.0,1.0,1.0,1.0,1.0,1.0,1.0,1.0,1.0,7,test/100/7/0,97
23.402191,-0.103364944,0.06713108,-0.0026163172,1002.2481,0.1817627,0.113290034,-0.0008961613,89.68733,0.0,0.0,0.0,9.822519,0.023947282,0.06431412,0.0011744457,5.001235,-0.0034942627,0.017359266,68.8105,-4.212715,2.0165699,344.1375,-0.28122205,23.421541,1002.17993,89.68733,-0.10750525,0.1948113,-1.7763568e-14,0.0,-1.5570087,0.0,2.8372655,0.24556082,-0.018433735,0.0,1.1938106,-0.98864317,0.15028219,0.0068773665,0.2631579,0.0,0.0,0.0,0.0,3.4203968,0.0,1.0,1.0,1.0,1.0,1.0,1.0,1.0,1.0,7,test/100/7/0,98
23.515865,0.113674164,0.06824504,-0.00027519598,1001.9754,-0.27270508,0.119662456,-0.0030017365,89.68733,0.0,0.0,0.0,9.806609,0.02360962,-0.050282214,0.0072844736,5.007582,0.0063471794,0.017257916,73.39225,4.581749,2.1581955,367.51773,0.29800788,23.430975,1002.1595,89.68733,0.4716161,-0.52591145,-1.7763568e-14,0.0055827983,-1.6977032,0.0,2.9324849,0.20431238,-0.01014971,0.0,1.1789911,-0.99791634,0.06452083,0.005525311,0.2631579,0.0,0.0,0.0,0.0,3.4203968,0.0,1.0,1.0,1.0,1.0,1.0,1.0,1.0,1.0,7,test/100/7/0,99
23.475582,-0.040283203,0.068722054,0.00085716107,1002.03613,0.06072998,0.12204611,-0.0046475288,89.68733,0.0,0.0,0.0,9.827503,0.023168243,0.036803696,0.0013152816,4.995089,-0.012493134,0.017373905,67.296326,-6.0959244,2.1683965,336.15115,0.26660794,23.435434,1002.14716,89.68733,0.22303848,-0.3171575,-1.7763568e-14,0.0,-1.7990811,0.0,2.7335594,0.20043789,-0.009244636,0.0,1.1893656,-0.99965805,-0.026148729,0.005455148,0.2631579,0.0,0.0,0.0,0.50342953,3.410779,0.04211504,1.0,1.0,1.0,1.0,1.0,1.0,1.0,1.0,7,test/100/7/0,100
23.593868,0.11828613,0.07749043,0.0032409367,1002.12225,0.086120605,0.11952448,-0.0032037492,89.68733,0.0,0.0,0.0,9.770937,0.023022221,-0.0774603,0.0023915144,5.003424,0.0083351135,0.017380454,69.35951,2.0631866,2.150366,347.03506,0.4282543,23.451279,1002.14465,89.68733,0.7921653,-0.063988775,-1.7763568e-14,0.08936282,-1.8474196,0.0,2.7701447,0.19675177,-0.008176236,0.0,1.197701,-0.99778134,0.066576086,0.005241846,0.2631579,0.0,0.0,0.0,0.0,3.410779,0.0,1.0,1.0,1.0,1.0,1.0,1.0,1.0,1.0,7,test/100/7/0,101
23.421097,-0.17277145,0.077571444,0.0030471801,1002.184,0.061767578,0.11807447,-0.0039392915,89.68733,0.0,0.0,0.0,9.761616,0.025846837,0.0472449,0.010309139,5.0263586,0.022934437,0.017428918,68.64892,-0.7105942,2.0752852,345.05408,0.62532973,23.448261,1002.14856,89.68733,-0.15090851,0.101241015,-1.7763568e-14,0.0,-1.8576956,0.0,2.690999,0.20356037,-0.01165132,0.0,1.2025244,-0.9953262,0.096569955,0.0042248946,0.21052632,0.0,0.0,0.0,10.402035,3.8076003,0.87099344,1.0,1.0,1.0,1.0,1.0,1.0,1.0,1.0,7,test/100/7/0,102
23.414223,-0.0068740845,0.076804124,0.0018843758,1001.9802,-0.20379639,0.12242432,-0.005407072,89.68733,0.0,0.0,0.0,9.790767,0.024807177,0.038471818,0.005006431,5.012524,-0.0138344765,0.01668159,70.18207,1.5331497,2.0902562,351.78934,0.87617177,23.444857,1002.1318,89.68733,-0.17018808,-0.43293095,-1.7763568e-14,0.0,-1.982421,0.0,2.513583,0.21913128,-0.015325529,0.0,1.2136879,-0.9983455,0.057500537,0.0031756018,0.21052632,0.0,0.0,0.0,6.604904,3.620456,0.5533019,1.0,1.0,1.0,1.0,1.0,1.0,1.0,1.0,7,test/100/7/0,103
23.565302,0.15107918,0.07817087,0.0021689923,1002.0428,0.062561035,0.122450545,-0.008043975,89.68733,0.0,0.0,0.0,9.763615,0.025693372,-0.05630174,0.004453795,5.0127835,0.0002593994,0.016362963,68.85071,-1.3313599,2.0767863,345.13367,0.9765476,23.456902,1002.12286,89.68733,0.6022266,-0.2287666,-1.7763568e-14,0.054829154,-2.067103,0.0,2.6281326,0.22571677,-0.020626757,0.0,1.2171738,-0.9888174,0.1491315,0.002620801,0.21052632,0.0,0.0,0.0,6.0719194,3.7056603,0.5088861,1.0,1.0,1.0,1.0,1.0,1.0,1.0,1.0,7,test/100/7/0,104
23.400116,-0.16518593,0.076887436,0.0026495524,1002.1109,0.068115234,0.122522905,-0.008417252,89.68733,0.0,0.0,0.0,9.826902,0.023610815,0.09043847,0.003369868,5.0002837,-0.012499809,0.016368054,68.07184,-0.7788696,2.07329,340.3785,0.8796681,23.451223,1002.12164,89.68733,-0.28392568,-0.03073649,-1.7763568e-14,0.0,-2.109368,0.0,2.9015563,0.21326403,-0.01525054,0.0,1.2236402,-0.9935833,0.11310267,0.0025092445,0.21052632,0.0,0.0,0.0,2.4951167,3.6567655,0.20921098,1.0,1.0,1.0,1.0,1.0,1.0,1.0,1.0,7,test/100/7/0,105
23.423008,0.022891998,0.07479245,0.0036101865,1001.94116,-0.16973877,0.12702112,-0.012914121,89.68733,0.0,0.0,0.0,9.813298,0.023647714,-0.07689108,0.001987697,5.0167747,0.016490936,0.016105628,72.28343,4.2115936,2.0311377,362.62967,0.83960253,23.4484,1002.10364,89.68733,-0.14107312,-0.46413395,-1.7763568e-14,0.0,-2.2459817,0.0,2.8428693,0.21266863,-0.01679016,0.0,1.222588,-0.99488825,0.1009819,0.002535512,0.2631579,0.0,0.0,0.0,0.2610785,3.42006,0.021900987,1.0,1.0,1.0,1.0,1.0,1.0,1.0,1.0,7,test/100/7/0,106
23.473484,0.050476074,0.073951654,0.0032043399,1002.0677,0.12652588,0.119327515,-0.010669129,89.68733,0.0,0.0,0.0,9.774484,0.024520388,-0.025210861,0.004356579,5.001073,-0.01570177,0.013828393,71.58847,-0.69496155,2.1154842,358.01917,1.0614777,23.450909,1002.10004,89.68733,0.12541457,-0.092368305,-1.7763568e-14,0.0,-2.3057623,0.0,2.7373712,0.21359648,-0.020252494,0.0,1.2233175,-0.98236656,0.18696515,0.0024651703,0.2631579,0.0,0.0,0.0,1.5344108,3.4187264,0.12877549,1.0,1.0,1.0,1.0,1.0,1.0,1.0,1.0,7,test/100/7/0,107
23.367477,-0.10600662,0.07539245,0.0025855287,1002.07043,0.002746582,0.10900286,-0.007910569,89.68733,0.0,0.0,0.0,9.784875,0.024733907,0.049205743,0.0036549887,5.003221,0.0021481514,0.013818298,68.24991,-3.338562,2.0992017,341.46942,0.8893939,23.442566,1002.09705,89.68733,-0.41716,-0.07606883,-1.7763568e-14,0.0,-2.360978,0.0,2.237811,0.24955158,-0.02643093,0.0,1.2407863,-0.99448866,0.10484417,0.0024739187,0.2631579,0.0,0.0,0.0,0.0,2.9032915,0.0,1.0,1.0,1.0,1.0,1.0,1.0,1.0,1.0,7,test/100/7/0,108
23.502806,0.1353283,0.07260911,0.0018571423,1002.1157,0.045288086,0.107690565,-0.008869647,89.68733,0.0,0.0,0.0,9.793927,0.024189126,-0.0013379379,0.0062776557,5.0023355,-0.0008854866,0.011756906,70.541534,2.291626,2.0219464,352.8724,0.7391371,23.44859,1002.09894,89.68733,0.30119747,0.047993127,-1.7763568e-14,0.0,-2.3874104,0.0,3.000054,0.252314,-0.02414553,0.0,1.2368113,-0.99990356,0.013887939,0.002854694,0.2631579,0.0,0.0,0.0,0.46280357,2.890568,0.038876414,1.0,1.0,1.0,1.0,1.0,1.0,1.0,1.0,7,test/100/7/0,109
23.469007,-0.033798218,0.07254162,0.0017948825,1001.9934,-0.12231445,0.09309875,-0.00645986,89.68733,0.0,0.0,0.0,9.804542,0.022271108,0.001561358,0.0060755215,5.0226665,0.020330906,0.011676773,71.76743,1.2258987,1.8998566,360.4639,0.6550605,23.450632,1002.0884,89.68733,0.10208662,-0.27132908,-1.7763568e-14,0.0,-2.481408,0.0,2.3785384,0.217968,-0.019896062,0.0,1.1392617,-0.99985546,0.017001335,0.0031747953,0.31578946,0.0,0.0,0.0,7.4670677,3.0504797,0.6275358,1.0,1.0,1.0,1.0,1.0,1.0,1.0,1.0,7,test/100/7/0,110
23.383062,-0.08594513,0.07353653,0.0013395295,1001.9009,-0.0925293,0.08930907,-0.0059245406,89.68733,0.0,0.0,0.0,9.842315,0.022916934,0.027158672,0.005193224,5.0221605,-0.0005059242,0.012060631,71.0202,-0.7472305,1.7850204,356.67487,0.5327043,23.443874,1002.06964,89.68733,-0.33784768,-0.48212865,-1.7763568e-14,0.0,-2.6245997,0.0,2.4284756,0.2293939,-0.027111642,0.0,1.1436279,-0.9961655,0.08748896,0.003069922,0.2631579,0.0,0.0,0.0,12.031809,3.7612662,0.9232647,1.0,1.0,1.0,1.0,1.0,1.0,1.0,1.0,7,test/100/7/0,111
23.330627,-0.05243492,0.077539094,-0.00020511312,1001.7879,-0.112976074,0.10815789,-0.010032115,89.68733,0.0,0.0,0.0,9.827454,0.023436295,-0.05263428,0.0028586125,5.010371,-0.011789322,0.01201932,72.877815,1.8576126,1.9037396,365.14493,0.7197667,23.43255,1002.04144,89.68733,-0.5662375,-0.7244257,-1.7763568e-14,-0.027923854,-2.8276854,0.0,2.8131258,0.20978238,-0.02002827,0.0,1.0866153,-0.99924767,0.03878294,0.0031253374,0.2631579,0.0,0.0,0.0,0.0,3.7612662,0.0,1.0,1.0,1.0,1.0,1.0,1.0,1.0,1.0,7,test/100/7/0,112
23.416605,0.085977554,0.07713855,0.00010445243,1001.98236,0.19445801,0.10286752,-0.00856672,89.68733,0.0,0.0,0.0,9.853405,0.025767334,0.040812727,0.003734518,5.020545,0.010173798,0.011705997,70.57284,-2.3049774,1.8099707,354.31412,0.55151296,23.430956,1002.0355,89.68733,-0.079726,-0.15194823,-1.7763568e-14,0.0,-2.9137905,0.0,2.8093436,0.20243861,-0.015264915,0.0,1.0902342,-0.99999696,-0.002459693,0.0029636673,0.2631579,0.0,0.0,0.0,1.7147583,3.724893,0.13170409,1.0,1.0,1.0,1.0,1.0,1.0,1.0,1.0,7,test/100/7/0,113
23.491924,0.07531929,0.0720291,-0.0011248337,1002.058,0.07562256,0.101672255,-0.009435898,89.68733,0.0,0.0,0.0,9.815414,0.025855932,-0.063942075,0.0059198607,5.0507455,0.030200481,0.014534442,71.44291,0.8700714,1.8052131,360.83994,0.5944393,23.437052,1002.0378,89.68733,0.30484304,0.057704598,-1.7763568e-14,0.0,-2.9531605,0.0,2.482521,0.20702659,-0.016658127,0.0,1.0983274,-0.9999027,-0.013949186,0.0028615783,0.2631579,0.0,0.0,0.0,0.0,3.7317302,0.0,1.0,1.0,1.0,1.0,1.0,1.0,1.0,1.0,7,test/100/7/0,114
23.431559,-0.060365677,0.072033405,-0.0014979083,1001.9389,-0.11907959,0.10055956,-0.009134348,89.68733,0.0,0.0,0.0,9.810124,0.025110234,0.03269982,0.0053081056,5.0223346,-0.028410912,0.013391402,72.36919,0.92627716,1.8264719,363.46225,0.6090855,23.436502,1002.0279,89.68733,-0.02746964,-0.25427052,-1.7763568e-14,0.0,-3.0579884,0.0,2.557123,0.19973838,-0.014636696,0.0,1.1072674,-0.99906933,0.043133553,0.0023290338,0.21052632,0.0,0.0,0.0,2.6554255,3.6882074,0.2041416,1.0,1.0,1.0,1.0,1.0,1.0,1.0,1.0,7,test/100/7/0,115
23.450045,0.018486023,0.06406585,-0.003680959,1001.89105,-0.047851562,0.10453056,-0.010384512,89.68733,0.0,0.0,0.0,9.812756,0.024996053,0.007922047,0.0012076319,5.014384,-0.007950783,0.012460998,67.9517,-4.417488,1.8573213,340.7359,0.29816586,23.437857,1002.0142,89.68733,0.06770744,-0.35189036,-1.7763568e-14,0.0,-3.1862638,0.0,2.527731,0.20055912,-0.014958948,0.0,1.1135684,-0.9926966,0.120638,0.0017848308,0.21052632,0.0,0.0,0.0,0.0,3.6882074,0.0,1.0,1.0,1.0,1.0,1.0,1.0,1.0,1.0,7,test/100/7/0,116
23.497173,0.047128677,0.06373853,-0.0021800867,1002.1238,0.23272705,0.10638073,-0.00834112,89.68733,0.0,0.0,0.0,9.838142,0.025719056,0.022755606,0.005592802,5.016966,0.0025820732,0.012362934,71.954636,4.0029373,1.7958776,360.99396,0.61019975,23.443789,1002.02515,89.68733,0.29658008,0.28173968,-1.7763568e-14,0.0,-3.1771867,0.0,2.8549204,0.20037796,-0.009754921,0.0,1.1136552,-0.9966594,0.08167011,0.0015967037,0.15789473,0.0,0.0,0.0,4.771371,3.665899,0.3671483,1.0,1.0,1.0,1.0,1.0,1.0,1.0,1.0,7,test/100/7/0,117
23.43286,-0.06431389,0.06290324,-0.0032174562,1001.91156,-0.21221924,0.09647759,-0.00654586,89.68733,0.0,0.0,0.0,9.801424,0.025495034,-0.062104978,0.0030307854,4.995755,-0.02121067,0.012680449,74.49579,2.541153,1.9694276,372.16275,0.75181246,23.442696,1002.0138,89.68733,-0.054647367,-0.2921409,-1.7763568e-14,0.0,-3.2877593,0.0,2.6721983,0.19726552,-0.007499941,0.0,1.1170776,-0.995761,0.09197897,0.0014492082,0.21052632,0.0,0.0,0.0,2.5222614,3.6086643,0.19417304,1.0,1.0,1.0,1.0,1.0,1.0,1.0,1.0,7,test/100/7/0,118
23.393377,-0.039482117,0.06242444,-0.0030701186,1002.0079,0.09631348,0.096125215,-0.007174476,89.68733,0.0,0.0,0.0,9.846244,0.02696308,0.081537776,0.0048527215,5.0209394,0.025184155,0.012736048,71.11203,-3.3837585,1.8706636,357.0492,1.0045353,23.437763,1002.01324,89.68733,-0.24659322,-0.015263587,-1.7763568e-14,0.0,-3.3392842,0.0,2.684297,0.18832062,-0.0033204358,0.0,1.1222632,-0.9956963,0.092676386,0.0014608048,0.2631579,0.0,0.0,0.0,0.0,3.6086643,0.0,1.0,1.0,1.0,1.0,1.0,1.0,1.0,1.0,7,test/100/7/0,119
23.437426,0.04404831,0.062093567,-0.0027453774,1001.8845,-0.12335205,0.09993248,-0.008655198,89.68733,0.0,0.0,0.0,9.826324,0.026921598,-0.06473922,0.0061477683,5.0223994,0.0014600754,0.0121348165,70.04553,-1.0664978,1.7230432,351.79666,0.70270246,23.43773,1002.00037,89.68733,-0.0016923473,-0.3309282,-1.7763568e-14,0.0,-3.4584653,0.0,2.4138768,0.19511615,-0.0057717916,0.0,1.129014,-0.99798137,0.06350771,0.0012155627,0.2631579,0.0,0.0,0.0,0.0,3.6275225,0.0,1.0,1.0,1.0,1.0,1.0,1.0,1.0,1.0,7,test/100/7/0,120
23.33136,-0.10606575,0.056696106,-0.0020108072,1001.8838,-0.0007324219,0.09954851,-0.008558597,89.68733,0.0,0.0,0.0,9.844361,0.026631705,0.037956916,0.003089117,5.0082555,-0.014143944,0.011950609,72.79837,2.7528381,1.7550429,364.59286,0.7319966,23.427094,1001.9887,89.68733,-0.5318519,-0.29971877,-1.7763568e-14,-0.026218982,-3.5738816,0.0,2.4435287,0.19779547,-0.0067411605,0.0,1.1359956,-0.99999195,0.0040123076,0.0013369218,0.2631579,0.0,0.0,0.0,0.0,3.6275225,0.0,1.0,1.0,1.0,1.0,1.0,1.0,1.0,1.0,7,test/100/7/0,121
23.450182,0.1188221,0.056780312,-0.0019119994,1001.88684,0.0030517578,0.09194207,-0.0070845294,89.68733,0.0,0.0,0.0,9.801081,0.02420678,-0.06131846,0.0027461331,4.97969,-0.028565407,0.013925948,74.435555,1.6371841,1.8444752,370.666,0.7903682,23.429401,1001.9785,89.68733,0.11544381,-0.2618995,-1.7763568e-14,0.0,-3.6834455,0.0,2.8376083,0.2025465,-0.0028393362,0.0,1.1328511,-0.99995553,-0.009431179,0.0014760788,0.31578946,0.0,0.0,0.0,0.0,3.2475584,0.0,1.0,1.0,1.0,1.0,1.0,1.0,1.0,1.0,7,test/100/7/0,122
23.457409,0.007226944,0.056843217,-0.0018622248,1001.958,0.07116699,0.09205457,-0.0073647406,89.68733,0.0,0.0,0.0,9.790646,0.02421247,0.03284613,0.0033172935,5.020074,0.040383816,0.014015112,72.27516,-2.1603928,1.8470658,362.82666,0.80458146,23.432203,1001.97644,89.68733,0.14003415,-0.052708723,-1.7763568e-14,0.0,-3.7483513,0.0,2.6473873,0.20051841,-0.0046767276,0.0,1.1299964,-0.9958834,-0.0906434,0.0020691573,0.31578946,0.0,0.0,0.0,0.0,3.1402378,0.0,1.0,1.0,1.0,1.0,1.0,1.0,1.0,1.0,7,test/100/7/0,123
23.462294,0.00488472,0.04894302,0.0005778506,1001.55115,-0.40686035,0.1294761,-0.012436028,89.68733,0.0,0.0,0.0,9.820363,0.021348154,0.040151894,0.006533066,4.9700227,-0.050051212,0.016882112,70.615776,-1.6593857,1.7716513,350.96204,0.5276131,23.435211,1001.9339,89.68733,0.15045433,-1.0936502,-1.7763568e-14,0.0,-4.0,0.0,2.6095927,0.20063671,-0.0054465723,0.0,1.130391,-0.98800427,-0.15442665,0.0029021467,0.31578946,0.0,0.0,0.0,5.65841,3.1152766,0.43681347,1.0,1.0,1.0,1.0,1.0,1.0,1.0,1.0,7,test/100/7/0,124
23.447153,-0.015140533,0.048574924,0.0003483335,1001.9484,0.39727783,0.12432733,-0.010017108,89.68733,0.0,0.0,0.0,9.824052,0.021287015,-0.026028253,0.0045853746,4.994559,0.024536133,0.017109238,68.19514,-2.420639,1.760505,340.6046,0.018835656,23.436405,1001.93536,89.68733,0.059706233,0.037286405,-1.7763568e-14,0.0,-4.0,0.0,2.4414861,0.1961112,-0.004272844,0.0,1.1402744,-0.9919345,-0.12675163,0.0034476155,0.2631579,0.0,0.0,0.0,0.0,3.1459131,0.0,1.0,1.0,1.0,1.0,1.0,1.0,1.0,1.0,7,test/100/7/0,125
23.368156,-0.07899666,0.05053892,-0.00071898726,1001.967,0.018554688,0.124413,-0.009768884,89.68733,0.0,0.0,0.0,9.839301,0.021852907,0.011561341,0.003471784,5.0104485,0.015889645,0.01705357,73.40841,5.213272,1.807426,367.80905,0.24968714,23.42958,1001.93854,89.68733,-0.34124768,0.081269816,-1.7763568e-14,0.0,-4.0,0.0,2.6105113,0.18939024,-0.00091927213,0.0,1.145332,-0.99562645,-0.093423605,0.003680304,0.2631579,0.0,0.0,0.0,2.6771774,3.1249053,0.20686147,1.0,1.0,1.0,1.0,1.0,1.0,1.0,1.0,7,test/100/7/0,126
23.558495,0.19033813,0.057181038,0.0018122824,1001.9004,-0.066589355,0.12157295,-0.008512981,89.68733,0.0,0.0,0.0,9.808612,0.01964321,-0.045939356,0.0027270596,5.012268,0.0018196106,0.016919892,71.22095,-2.1874619,1.8071414,356.9785,0.24523026,23.442472,1001.9347,89.68733,0.6445678,-0.09808694,-1.7763568e-14,0.048214488,-4.0,0.0,2.705749,0.18844472,0.0024784904,0.0,1.1460236,-0.9996833,-0.025163684,0.003000545,0.2631579,0.0,0.0,0.0,0.0,3.1559124,0.0,1.0,1.0,1.0,1.0,1.0,1.0,1.0,1.0,7,test/100/7/0,127
23.426355,-0.1321392,0.055163026,0.0006542249,1002.0006,0.10021973,0.11869092,-0.0055304277,89.68733,0.0,0.0,0.0,9.792601,0.019029394,0.014677823,0.0005418791,4.9943695,-0.01789856,0.017230675,74.73754,3.516594,1.8006662,373.2669,0.21371831,23.44086,1001.9413,89.68733,-0.08058505,0.16942963,-1.7763568e-14,0.0,-4.0,0.0,2.4202979,0.1741882,-0.00604186,0.0,1.1420431,-0.9998674,0.016283978,0.0027758288,0.2631579,0.0,0.0,0.0,0.5046005,3.1418235,0.039025724,1.0,1.0,1.0,1.0,1.0,1.0,1.0,1.0,7,test/100/7/0,128
23.421534,-0.0048217773,0.05311331,0.0014755091,1002.02515,0.024536133,0.113299385,-0.0013772836,89.68733,0.0,0.0,0.0,9.811353,0.01821293,0.03476362,0.0051881284,5.004106,0.009736538,0.017192677,70.511055,-4.226486,1.8016517,352.8448,0.02269317,23.438929,1001.9497,89.68733,-0.09663542,0.21557957,-1.7763568e-14,0.0,-4.0,0.0,2.6850238,0.15161034,0.0009805844,0.0,1.0933504,-0.9988125,0.04871975,0.0028153406,0.21052632,0.0,0.0,0.0,4.8257027,3.177167,0.37339133,1.0,1.0,1.0,1.0,1.0,1.0,1.0,1.0,7,test/100/7/0,129
23.524673,0.10313988,0.056299172,0.0033587778,1001.78503,-0.2401123,0.11653134,-0.0024493914,89.68733,0.0,0.0,0.0,9.823035,0.01784367,-0.007069864,0.008602237,5.0293226,0.02521658,0.017483963,69.825806,-0.6852493,1.8466357,351.17654,-0.07225683,23.447502,1001.9332,89.68733,0.4287275,-0.42341003,-1.7763568e-14,0.00842864,-4.0,0.0,2.464315,0.14637469,-0.0044896277,0.0,1.0915576,-0.99152714,0.12989987,0.0031620574,0.21052632,0.0,0.0,0.0,0.0,2.9733539,0.0,1.0,1.0,1.0,1.0,1.0,1.0,1.0,1.0,7,test/100/7/0,130
23.444555,-0.08011818,0.055009637,0.0026567646,1001.7052,-0.079833984,0.12556206,-0.005809629,89.68733,0.0,0.0,0.0,9.80196,0.017650831,-0.03275715,0.0039350786,5.0136466,-0.015676022,0.017309478,73.00746,3.181656,1.8664825,366.03357,-0.0008245024,23.447208,1001.9104,89.68733,-0.014736145,-0.5863564,-1.7763568e-14,0.0,-4.0,0.0,1.9082905,0.20853041,-0.017243551,0.0,1.1025215,-0.99837524,0.056981537,0.0030735615,0.21052632,0.0,0.0,0.0,0.0,1.8677081,0.0,1.0,1.0,1.0,1.0,1.0,1.0,1.0,1.0,7,test/100/7/0,131
23.500305,0.055749893,0.050597057,0.001830788,1001.84607,0.14086914,0.123357475,-0.008647029,89.68733,0.0,0.0,0.0,9.848738,0.01871205,0.067851946,0.0077609625,4.985594,-0.028052807,0.018145172,72.56602,-0.4414444,1.8578005,361.7847,0.12957427,23.452518,1001.904,89.68733,0.26548693,-0.16548583,-1.7763568e-14,0.0,-4.0,0.0,2.6175332,0.20182051,-0.013009777,0.0,1.1067013,-0.9982986,0.05830931,0.0031072125,0.2631579,0.0,0.0,0.0,0.0,1.8677081,0.0,1.0,1.0,1.0,1.0,1.0,1.0,1.0,1.0,7,test/100/7/0,132
23.458265,-0.04203987,0.050151363,0.0015066275,1001.81354,-0.03253174,0.12408166,-0.0089662485,89.68733,0.0,0.0,0.0,9.818934,0.017121445,-0.076579764,0.0034730034,5.013214,0.027620316,0.017988106,75.1809,2.6148834,1.9877629,376.89795,0.3099168,23.453093,1001.89496,89.68733,0.028738886,-0.23259029,-1.7763568e-14,0.0,-4.0,0.0,2.313616,0.20130326,-0.012883273,0.0,1.117438,-0.9967347,0.08074639,0.0032007813,0.21052632,0.0,0.0,0.0,0.0,1.8844454,0.0,1.0,1.0,1.0,1.0,1.0,1.0,1.0,1.0,7,test/100/7/0,133
23.433178,-0.025087357,0.04927902,0.0019506813,1001.8518,0.038269043,0.11936378,-0.007290856,89.68733,0.0,0.0,0.0,9.802334,0.017483292,0.013201467,0.0024950872,4.9866476,-0.026566505,0.015838478,69.544754,-5.6361465,2.0519576,346.7952,0.12929857,23.451101,1001.8906,89.68733,-0.09957179,-0.11092515,-1.7763568e-14,0.0,-4.0,0.0,2.5021193,0.20104486,-0.014478765,0.0,1.1170095,-0.9966536,0.081740715,0.0032617708,0.2631579,0.0,0.0,0.0,17.148983,3.936424,0.9449005,1.0,1.0,1.0,1.0,1.0,1.0,1.0,1.0,7,test/100/7/0,134
23.497238,0.06406021,0.05036259,0.002445079,1001.92303,0.07122803,0.11911536,-0.006168084,89.68733,0.0,0.0,0.0,9.782959,0.019037787,-0.0027734726,0.0038241632,4.9932694,0.0066218376,0.015581421,72.45609,2.9113388,2.0532231,361.7928,0.2254565,23.455715,1001.89386,89.68733,0.23068646,0.08332515,-1.7763568e-14,0.0,-4.0,0.0,2.3137617,0.2072634,-0.017616628,0.0,1.122353,-0.9929145,0.11883108,0.0034728928,0.2631579,0.0,0.0,0.0,0.0,3.958089,0.0,1.0,1.0,1.0,1.0,1.0,1.0,1.0,1.0,7,test/100/7/0,135
23.546345,0.049106598,0.054599978,0.003834118,1001.5607,-0.3623047,0.13944033,-0.010952782,89.68733,0.0,0.0,0.0,9.81382,0.019027997,0.050236035,0.008766909,4.997962,0.0046925545,0.015460439,73.799225,1.343132,1.8920131,368.84573,0.06604422,23.464777,1001.86053,89.68733,0.45315078,-0.85664797,-1.7763568e-14,0.027442876,-4.0,0.0,2.4187794,0.20877479,-0.019352365,0.0,1.1247617,-0.9978735,0.065180436,0.0032862546,0.2631579,0.0,0.0,0.0,0.0,3.958089,0.0,1.0,1.0,1.0,1.0,1.0,1.0,1.0,1.0,7,test/100/7/0,136
23.423018,-0.123327255,0.05408603,0.0040606633,1001.6039,0.043151855,0.13942099,-0.010949661,89.68733,0.0,0.0,0.0,9.815591,0.018388145,-0.029090602,0.0071351286,4.981424,-0.016538143,0.01584554,71.34151,-2.457718,1.8992244,355.3823,-0.0081093,23.460602,1001.8349,89.68733,-0.20880057,-0.6600213,-1.7763568e-14,0.0,-4.0,0.0,2.2805426,0.20123145,-0.017732928,0.0,1.1307349,-0.99942267,0.033974864,0.0032039767,0.21052632,0.0,0.0,0.0,5.4708576,3.986249,0.30186918,1.0,1.0,1.0,1.0,1.0,1.0,1.0,1.0,7,test/100/7/0,137
23.411951,-0.011066437,0.054620363,0.0032251473,1001.7184,0.11450195,0.1415474,-0.011879828,89.68733,0.0,0.0,0.0,9.799584,0.018463703,-0.017777016,0.010970052,5.03144,0.050015926,0.017039932,70.77793,-0.56357574,1.8343838,356.11487,0.11299048,23.455736,1001.82324,89.68733,-0.2432527,-0.29958555,-1.7763568e-14,0.0,-4.0,0.0,2.9003952,0.2165824,-0.009279813,0.0,1.1505233,-0.9997809,-0.020932514,0.0031124782,0.15789473,0.0,0.0,0.0,5.5522704,4.062337,0.30650616,1.0,1.0,1.0,1.0,1.0,1.0,1.0,1.0,7,test/100/7/0,138
23.34634,-0.065610886,0.057907093,0.000860372,1001.69324,-0.025146484,0.13960569,-0.011358,89.68733,0.0,0.0,0.0,9.80206,0.017268995,0.018481968,0.010335015,4.9988394,-0.032600403,0.016582498,75.25377,4.4758377,1.9637772,376.1815,0.3062533,23.444798,1001.81024,89.68733,-0.5469819,-0.3342894,-1.7763568e-14,-0.016018692,-4.0,0.0,2.6890054,0.21677318,-0.0039986717,0.0,1.1504159,-0.9994032,-0.034544446,0.0030121668,0.21052632,0.0,0.0,0.0,0.0,4.062337,0.0,1.0,1.0,1.0,1.0,1.0,1.0,1.0,1.0,7,test/100/7/0,139
23.247879,-0.09846115,0.0724375,-0.002144759,1001.76166,0.06842041,0.13956949,-0.011333264,89.68733,0.0,0.0,0.0,9.805527,0.017083734,0.0009909078,0.0052476223,5.0116467,0.012807369,0.016091688,76.48514,1.231369,2.1220927,383.3165,0.48973978,23.425106,1001.80536,89.68733,-0.9845894,-0.12492225,-1.7763568e-14,-0.13931829,-4.0,0.0,2.7906113,0.22375618,-0.0015428925,0.0,1.1418843,-0.99999124,-0.0041859443,0.002940366,0.21052632,0.0,0.0,0.0,0.0,4.062337,0.0,1.0,1.0,1.0,1.0,1.0,1.0,1.0,1.0,7,test/100/7/0,140
23.45351,0.20563126,0.06823003,-0.0036019906,1001.72833,-0.033325195,0.14008361,-0.01161141,89.68733,0.0,0.0,0.0,9.787132,0.016254226,-0.0218612,0.003626891,5.0107017,-0.00094509125,0.016149178,71.851295,-4.6338425,2.1237283,360.0254,0.4951432,23.427946,1001.79767,89.68733,0.1420258,-0.19812338,-1.7763568e-14,-0.029872721,-4.0,0.0,2.5769567,0.22306636,-0.0022376513,0.0,1.138893,-0.9966858,0.08134735,0.0030719542,0.15789473,0.0,0.0,0.0,3.5939684,4.045281,0.19868197,1.0,1.0,1.0,1.0,1.0,1.0,1.0,1.0,7,test/100/7/0,141
23.360342,-0.09316826,0.07058795,-0.004697744,1001.81805,0.08972168,0.13903019,-0.010325863,89.68733,0.0,0.0,0.0,9.766545,0.018704904,-0.002192137,0.0048135463,5.01816,0.00745821,0.015665624,76.49627,4.6449738,2.2664206,383.8705,0.943951,23.421185,1001.79974,89.68733,-0.33801806,0.05240184,-1.7763568e-14,-0.024336351,-4.0,0.0,2.2723393,0.21891923,-0.0012624202,0.0,1.1516745,-0.9960084,0.08925939,0.0032044817,0.21052632,0.0,0.0,0.0,0.60245556,4.0304694,0.03332072,1.0,1.0,1.0,1.0,1.0,1.0,1.0,1.0,7,test/100/7/0,142
23.433292,0.07295036,0.070476755,-0.0045021414,1001.53143,-0.2866211,0.14687788,-0.011907775,89.68733,0.0,0.0,0.0,9.816082,0.018359747,0.070122875,0.004199097,5.0004735,-0.017686367,0.015229272,71.724556,-4.7717133,2.2720485,358.6567,0.8889263,23.422396,1001.7729,89.68733,0.060535554,-0.68986404,-1.7763568e-14,0.0,-4.0,0.0,2.6978474,0.2207891,0.003638035,0.0,1.1505219,-0.9894965,0.14455679,0.0032707925,0.21052632,0.0,0.0,0.0,0.0,4.0304694,0.0,1.0,1.0,1.0,1.0,1.0,1.0,1.0,1.0,7,test/100/7/0,143
23.37304,-0.060253143,0.071629055,-0.005053906,1001.7836,0.25219727,0.1366209,-0.015669513,89.68733,0.0,0.0,0.0,9.773786,0.019680975,-0.09183256,0.004575788,5.0331144,0.032640934,0.014613105,75.73086,4.006302,2.3381162,381.16208,0.9743414,23.41746,1001.774,89.68733,-0.24678372,0.027629644,-1.7763568e-14,0.0,-4.0,0.0,2.5222917,0.21965562,0.005357915,0.0,1.1525176,-0.9888111,0.14917311,0.0026989544,0.2631579,0.0,0.0,0.0,8.198515,4.1717854,0.45387363,1.0,1.0,1.0,1.0,1.0,1.0,1.0,1.0,7,test/100/7/0,144
23.48679,0.11375046,0.07251447,-0.0040855077,1001.7184,-0.06524658,0.13313502,-0.014440138,89.68733,0.0,0.0,0.0,9.830975,0.020040715,0.09948588,0.008127396,5.003729,-0.029385567,0.014387153,77.00218,1.2713242,2.2756486,385.29803,0.9098897,23.424393,1001.76843,89.68733,0.34664693,-0.14291024,-1.7763568e-14,0.0,-4.0,0.0,2.295877,0.22406119,0.001320265,0.0,1.1558614,-0.9928127,0.1196788,0.0020540939,0.2631579,0.0,0.0,0.0,5.865469,4.196833,0.32486856,1.0,1.0,1.0,1.0,1.0,1.0,1.0,1.0,7,test/100/7/0,145
23.460323,-0.02646637,0.07098407,-0.0048021204,1001.8751,0.15673828,0.12833714,-0.010332747,89.68733,0.0,0.0,0.0,9.801368,0.018644726,-0.08679644,0.0050383066,5.006039,0.002310276,0.014359003,77.23343,0.23124695,2.4441516,386.63358,1.2268528,23.427986,1001.77905,89.68733,0.1796504,0.27442208,-1.7763568e-14,0.0,-4.0,0.0,2.6529756,0.2253028,0.005271803,0.0,1.1548842,-0.99076563,0.13558555,0.0016021235,0.31578946,0.0,0.0,0.0,0.0,4.2386146,0.0,1.0,1.0,1.0,1.0,1.0,1.0,1.0,1.0,7,test/100/7/0,146
23.469244,0.00892067,0.066051885,-0.0025245524,1001.59424,-0.2808838,0.13154328,-0.011151261,89.68733,0.0,0.0,0.0,9.824813,0.019123327,0.053051826,0.002650312,5.0155463,0.009507179,0.014444669,74.94837,-2.285057,2.4176352,375.90704,1.1912631,23.432112,1001.7606,89.68733,0.20628871,-0.47529274,-1.7763568e-14,0.0,-4.0,0.0,2.4778,0.22038999,0.00816073,0.0,1.1601492,-0.9934202,0.11452667,0.0014265053,0.31578946,0.0,0.0,0.0,0.0,4.2386146,0.0,1.0,1.0,1.0,1.0,1.0,1.0,1.0,1.0,7,test/100/7/0,147
23.49458,0.025335312,0.067221746,-0.0018372486,1001.84424,0.25,0.12169702,-0.0063555497,89.68733,0.0,0.0,0.0,9.807025,0.018876307,-0.041232374,0.0038454037,5.008292,-0.0072541237,0.014178136,75.25587,0.30749512,2.433236,376.90338,1.3986285,23.438358,1001.769,89.68733,0.3123364,0.21509369,-1.7763568e-14,0.0,-4.0,0.0,2.490705,0.21980974,0.0070696715,0.0,1.158518,-0.9824196,0.18668625,0.0016347917,0.31578946,0.0,0.0,0.0,5.465416,4.2545514,0.30314028,1.0,1.0,1.0,1.0,1.0,1.0,1.0,1.0,7,test/100/7/0,148
23.453375,-0.041204453,0.06715867,-0.0019173055,1001.6405,-0.20373535,0.10771669,-0.0038477848,89.68733,0.0,0.0,0.0,9.823947,0.01922845,0.034709696,0.0051398003,5.0119953,0.0037031174,0.014197461,76.91127,1.6554031,2.4334376,385.4789,1.4005785,23.439861,1001.7561,89.68733,0.07508049,-0.3303066,-1.7763568e-14,0.0,-4.0,0.0,2.5294714,0.21560861,0.010606427,0.0,1.1621282,-0.9848678,0.17330721,0.0017997663,0.36842105,0.0,0.0,0.0,2.1459658,4.231922,0.119082615,1.0,1.0,1.0,1.0,1.0,1.0,1.0,1.0,7,test/100/7/0,149
23.40274,-0.050634384,0.06477016,-0.0011400682,1001.56366,-0.07684326,0.113709696,-0.0056506163,89.68733,0.0,0.0,0.0,9.745707,0.023068888,-0.09516267,0.006726102,4.998543,-0.01345253,0.013400088,78.532616,1.6213455,2.4498243,392.54868,1.4281107,23.436148,1001.7369,89.68733,-0.18559948,-0.4948729,-1.7763568e-14,0.0,-4.0,0.0,2.402554,0.21633473,0.009079114,0.0,1.1635679,-0.99190307,0.1269973,0.0017938267,0.36842105,0.0,0.0,0.0,2.4397554,4.187199,0.13544938,1.0,1.0,1.0,1.0,1.0,1.0,1.0,1.0,7,test/100/7/0,150
23.350817,-0.05192375,0.06724027,-0.0021862646,1001.72577,0.16210938,0.11358494,-0.0060652425,89.68733,0.0,0.0,0.0,9.862791,0.026436953,0.19532444,0.0029658983,4.99672,-0.0018229485,0.013425799,82.2706,3.7379837,2.9791787,411.0831,1.8927912,23.427616,1001.7358,89.68733,-0.4266583,-0.028532922,-1.7763568e-14,-0.0053624925,-4.0,0.0,2.3947182,0.17349409,-0.0012466001,0.0,1.1523246,-0.99511456,0.098726876,0.001770313,0.31578946,0.0,0.0,0.0,0.0,4.187199,0.0,1.0,1.0,1.0,1.0,1.0,1.0,1.0,1.0,7,test/100/7/0,151
23.321157,-0.029659271,0.0691991,-0.0026349432,1001.59705,-0.12872314,0.113804184,-0.0061254515,89.68733,0.0,0.0,0.0,9.780949,0.025115177,-0.19892606,0.0058681965,4.9920087,-0.004711151,0.013024992,76.737526,-5.5330734,2.9636905,383.07437,1.8225158,23.41697,1001.72186,89.68733,-0.5322888,-0.356682,-1.7763568e-14,-0.04177248,-4.0,0.0,2.5967326,0.17288962,0.0017807058,0.0,1.1528009,-0.99653965,0.08311872,0.0017453505,0.36842105,0.0,0.0,0.0,2.979657,4.136768,0.16557977,1.0,1.0,1.0,1.0,1.0,1.0,1.0,1.0,7,test/100/7/0,152
23.425606,0.10444832,0.068687946,-0.0019858954,1001.70746,0.1104126,0.11164846,-0.0047475253,89.68733,0.0,0.0,0.0,9.787043,0.025071362,0.08793597,0.0047697895,5.006083,0.014074326,0.012905679,79.80775,3.070221,3.1456008,399.5242,2.1938539,23.417833,1001.72046,89.68733,0.043181658,-0.037095692,-1.7763568e-14,0.0,-4.0,0.0,2.396812,0.16917273,-0.002815411,0.0,1.150898,-0.9977749,0.06667281,0.0017575878,0.36842105,0.0,0.0,0.0,0.0,4.136768,0.0,1.0,1.0,1.0,1.0,1.0,1.0,1.0,1.0,7,test/100/7/0,153
23.514181,0.08857536,0.071695134,-0.0004184895,1001.813,0.105529785,0.109518796,-0.0010982656,89.68733,0.0,0.0,0.0,9.840377,0.026466675,0.0472408,0.0109186005,4.980974,-0.025108814,0.013363093,73.92795,-5.879799,2.885318,368.2332,1.6088463,23.427467,1001.7297,89.68733,0.4817403,0.23797618,-1.7763568e-14,0.0007455309,-4.0,0.0,2.5066884,0.16916487,-0.0029906041,0.0,1.1507937,-0.99554086,0.09433145,0.0017557337,0.36842105,0.0,0.0,0.0,0.0,2.6022923,0.0,1.0,1.0,1.0,1.0,1.0,1.0,1.0,1.0,7,test/100/7/0,154
23.433233,-0.080947876,0.06973799,0.00088218605,1001.60376,-0.20922852,0.10018748,0.00074504194,89.68733,0.0,0.0,0.0,9.811132,0.026088059,-0.082579136,0.0062476625,5.001796,0.020821571,0.013120714,77.674965,3.747017,2.8404598,388.5143,1.5181357,23.428045,1001.7171,89.68733,0.028826898,-0.3238376,-1.7763568e-14,0.0,-4.0,0.0,2.3980455,0.165219,-0.0076987757,0.0,1.1488727,-0.996195,0.08715203,0.0017356967,0.42105263,0.0,0.0,0.0,4.3589053,2.598501,0.24256817,1.0,1.0,1.0,1.0,1.0,1.0,1.0,1.0,7,test/100/7/0,155
23.39883,-0.034402847,0.063552886,0.0025630076,1001.45685,-0.14691162,0.10925136,-0.0047508758,89.68733,0.0,0.0,0.0,9.863084,0.02898686,0.08119545,0.0014848445,4.994699,-0.0070967674,0.013230452,82.8809,5.2059326,3.204746,413.96515,1.8621879,23.425123,1001.6911,89.68733,-0.14607003,-0.6692266,-1.7763568e-14,0.0,-4.0,0.0,2.7795708,0.17327672,-0.0054251547,0.0,1.1407216,-0.99992394,0.012331721,0.0018670828,0.42105263,0.0,0.0,0.0,0.0,2.598501,0.0,1.0,1.0,1.0,1.0,1.0,1.0,1.0,1.0,7,test/100/7/0,156
23.537552,0.13872147,0.06911348,0.004500118,1001.7797,0.32287598,0.10912862,-0.0047967206,89.68733,0.0,0.0,0.0,9.816411,0.028999168,-0.09862385,0.0022396452,5.0110054,0.0163064,0.012105359,74.69081,-8.190086,3.0323808,374.27606,1.3588238,23.436365,1001.69995,89.68733,0.5621443,0.22794858,-1.7763568e-14,0.025702674,-4.0,0.0,2.8229733,0.17415106,-0.0052567287,0.0,1.128682,-0.9988403,-0.048146244,0.0022451526,0.42105263,0.0,0.0,0.0,0.0,2.541177,0.0,1.0,1.0,1.0,1.0,1.0,1.0,1.0,1.0,7,test/100/7/0,157
23.485209,-0.05234337,0.0705823,0.0053425007,1001.6042,-0.17553711,0.11087183,-0.005806738,89.68733,0.0,0.0,0.0,9.8306675,0.029373638,0.06093007,0.005411352,5.00962,-0.001385212,0.010720711,75.67246,0.9816513,2.7614708,379.0903,0.9073899,23.44125,1001.69037,89.68733,0.24421303,-0.24622743,-1.7763568e-14,0.0,-4.0,0.0,2.619778,0.15655369,0.0009803673,0.0,1.1045846,-0.9991667,-0.04081545,0.0023577495,0.42105263,0.0,0.0,0.0,0.0,2.446009,0.0,1.0,1.0,1.0,1.0,1.0,1.0,1.0,1.0,7,test/100/7/0,158
23.364508,-0.120700836,0.06970906,0.0033144627,1001.56006,-0.044128418,0.11453712,-0.0076724864,89.68733,0.0,0.0,0.0,9.808457,0.029332533,-0.03646738,0.0062869606,5.0201073,0.01048708,0.011056885,76.62028,0.94781494,2.7453022,384.642,0.81755775,23.433577,1001.6773,89.68733,-0.38371244,-0.33507776,-1.7763568e-14,0.0,-4.0,0.0,2.7552872,0.16021134,0.006237557,0.0,1.1031541,-0.9997529,0.022231303,0.0021035897,0.42105263,0.0,0.0,0.0,1.5857085,2.4124143,0.088409744,1.0,1.0,1.0,1.0,1.0,1.0,1.0,1.0,7,test/100/7/0,159
23.50115,0.13664246,0.058848377,0.0016564907,1001.5337,-0.026367188,0.11767671,-0.008634318,89.68733,0.0,0.0,0.0,9.788041,0.029687166,0.0017934064,0.0040785847,4.972497,-0.047610283,0.0132345855,77.99328,1.3730011,2.7611532,387.82135,0.8730804,23.440332,1001.66296,89.68733,0.33787107,-0.36937132,-1.7763568e-14,0.0,-4.0,0.0,2.4587743,0.1512636,0.008763481,0.0,1.1103534,-0.9971495,0.07545068,0.0018995496,0.42105263,0.0,0.0,0.0,0.0,2.4124143,0.0,1.0,1.0,1.0,1.0,1.0,1.0,1.0,1.0,7,test/100/7/0,160
23.376652,-0.12449837,0.060074482,0.001085921,1001.5923,0.05859375,0.11826752,-0.0089424765,89.68733,0.0,0.0,0.0,9.834609,0.029796297,0.066985115,0.008420198,5.00214,0.029643059,0.013168772,79.08131,1.088028,2.569562,395.57578,0.664852,23.433966,1001.6559,89.68733,-0.31840786,-0.18176454,-1.7763568e-14,0.0,-4.0,0.0,2.2974722,0.15920416,0.0061105997,0.0,1.11649,-0.99134713,0.13126652,0.0019406906,0.36842105,0.0,0.0,0.0,9.955933,2.9739354,0.5556085,1.0,1.0,1.0,1.0,1.0,1.0,1.0,1.0,7,test/100/7/0,161
23.393919,0.017267227,0.05849316,-0.0005934751,1001.47406,-0.1182251,0.1200712,-0.009318325,89.68733,0.0,0.0,0.0,9.796717,0.028246552,-0.084460564,0.003375534,4.9984283,-0.0037117004,0.012818729,80.36644,1.2851334,2.6638453,401.7059,0.8672396,23.42996,1001.6377,89.68733,-0.20023094,-0.4675955,-1.7763568e-14,0.0,-4.0,0.0,2.404908,0.15138786,0.0006030434,0.0,1.1135708,-0.9991525,0.041161902,0.0020007563,0.36842105,0.0,0.0,0.0,0.0,2.992752,0.0,1.0,1.0,1.0,1.0,1.0,1.0,1.0,1.0,7,test/100/7/0,162
23.363926,-0.029993057,0.060444977,-0.0015999873,1001.6541,0.18005371,0.11695286,-0.011130288,89.68733,0.0,0.0,0.0,9.845268,0.029148962,0.08644308,0.0060344976,5.008967,0.010538578,0.012862296,75.33472,-5.031723,2.3914917,377.34912,0.2967403,23.423357,1001.63934,89.68733,-0.33017313,0.042159323,-1.7763568e-14,0.0,-4.0,0.0,2.7070515,0.15192543,0.0059310202,0.0,1.1133686,-0.9999784,-0.0065705036,0.002121589,0.31578946,0.0,0.0,0.0,0.0,2.992752,0.0,1.0,1.0,1.0,1.0,1.0,1.0,1.0,1.0,7,test/100/7/0,163
23.315805,-0.0481205,0.06432071,-0.0041409903,1001.57794,-0.076171875,0.11429871,-0.0102328425,89.68733,0.0,0.0,0.0,9.812862,0.027683627,-0.080956616,0.003836648,5.0141134,0.0051465034,0.011248846,76.18914,0.8544235,2.3772192,382.021,0.12022113,23.412601,1001.63324,89.68733,-0.5377583,-0.15792714,-1.7763568e-14,-0.040160485,-4.0,0.0,2.5179346,0.15193304,0.005771553,0.0,1.1134644,-0.9992722,-0.03814532,0.0023177925,0.31578946,0.0,0.0,0.0,3.8083785,2.6863663,0.21283461,1.0,1.0,1.0,1.0,1.0,1.0,1.0,1.0,7,test/100/7/0,164
23.538996,0.22319031,0.067647964,-0.0016114343,1001.33496,-0.24298096,0.1313942,-0.013527456,89.68733,0.0,0.0,0.0,9.813993,0.027458929,0.03353738,0.008469287,5.0214653,0.0073518753,0.011973543,76.398605,0.20946503,2.386609,383.63297,0.030743064,23.425241,1001.6034,89.68733,0.63196903,-0.7669426,-1.7763568e-14,0.030431956,-4.0,0.0,2.7168958,0.14779694,0.004885973,0.0,1.1042953,-0.99998593,0.0053071226,0.002355025,0.2631579,0.0,0.0,0.0,0.0,2.557842,0.0,1.0,1.0,1.0,1.0,1.0,1.0,1.0,1.0,7,test/100/7/0,165
23.432089,-0.10690689,0.067296,-0.001105515,1001.57446,0.23950195,0.118689425,-0.010349222,89.68733,0.0,0.0,0.0,9.817221,0.027289094,0.0020952772,0.006767268,4.9956536,-0.025811672,0.012079156,78.31121,1.9126053,2.3938003,391.21567,0.07318067,23.425926,1001.6005,89.68733,0.03423769,-0.07438618,-1.7763568e-14,0.0,-4.0,0.0,2.3263495,0.15306543,0.0034264475,0.0,1.1113954,-0.99999756,0.0022077588,0.0023136255,0.31578946,0.0,0.0,0.0,0.0,2.557842,0.0,1.0,1.0,1.0,1.0,1.0,1.0,1.0,1.0,7,test/100/7/0,166
23.428144,-0.003944397,0.066650316,-0.0004726338,1001.70514,0.13067627,0.12032806,-0.009287072,89.68733,0.0,0.0,0.0,9.831442,0.02743938,0.010994769,0.0073536225,4.993649,-0.0020046234,0.011886147,72.63249,-5.6787186,2.5634744,362.70117,-0.4679883,23.426147,1001.61096,89.68733,0.011091937,0.26907712,-1.7763568e-14,0.0,-4.0,0.0,2.4716284,0.15317659,0.0017675706,0.0,1.1115304,-0.998761,0.049764037,0.0022345285,0.31578946,0.0,0.0,0.0,0.0,2.557842,0.0,1.0,1.0,1.0,1.0,1.0,1.0,1.0,1.0,7,test/100/7/0,167
23.312635,-0.11550903,0.06912503,-0.0010280466,1001.5624,-0.14276123,0.10886518,-0.006483769,89.68733,0.0,0.0,0.0,9.816321,0.027363954,-0.029342681,0.0032374067,5.027468,0.0338192,0.013074105,75.39769,2.7651978,2.5578218,379.05948,-0.7398771,23.414797,1001.6061,89.68733,-0.5675624,-0.12493089,-1.7763568e-14,-0.043370318,-4.0,0.0,2.8918297,0.1718749,0.006324615,0.0,1.1297208,-0.99692917,0.07830829,0.0018002761,0.2631579,0.0,0.0,0.0,1.6155308,2.4026403,0.09045605,1.0,1.0,1.0,1.0,1.0,1.0,1.0,1.0,7,test/100/7/0,168
23.349848,0.03721237,0.07011589,-0.0014288508,1001.2946,-0.26776123,0.12743239,-0.01029865,89.68733,0.0,0.0,0.0,9.748998,0.030962674,-0.0522024,0.0046741962,5.0145855,-0.0128827095,0.013176024,75.37303,-0.024658203,2.5933867,377.9645,-0.89524746,23.408302,1001.57495,89.68733,-0.3247443,-0.8009667,-1.7763568e-14,-0.042726148,-4.0,0.0,2.5784962,0.17191745,0.006414372,0.0,1.12864,-0.99792075,0.064453326,0.0014101206,0.31578946,0.0,0.0,0.0,0.0,2.4167938,0.0,1.0,1.0,1.0,1.0,1.0,1.0,1.0,1.0,7,test/100/7/0,169
23.390373,0.040525436,0.07025231,-0.0018945307,1001.47144,0.17681885,0.12979527,-0.012280732,89.68733,0.0,0.0,0.0,9.810137,0.026922991,0.12846273,0.0046168533,5.0280614,0.013475895,0.014204306,74.22909,-1.1439438,2.659441,373.22842,-0.99534845,23.40651,1001.5646,89.68733,-0.0896427,-0.26619297,-1.7763568e-14,0.0,-4.0,0.0,2.944872,0.18817239,0.009660387,0.0,1.1373056,-0.99668545,0.08135159,0.0012721304,0.36842105,0.0,0.0,0.0,0.0,2.419635,0.0,1.0,1.0,1.0,1.0,1.0,1.0,1.0,1.0,7,test/100/7/0,170
23.330206,-0.060167313,0.07128194,-0.004020995,1001.6123,0.14086914,0.12576716,-0.009552094,89.68733,0.0,0.0,0.0,9.836777,0.025195587,-0.03450012,0.0030474558,5.020768,-0.0072932243,0.014509223,76.13358,1.9044952,2.3824017,382.24905,-0.64488155,23.398878,1001.5694,89.68733,-0.381515,0.122661255,-1.7763568e-14,-0.018542213,-4.0,0.0,2.7018275,0.18498358,0.008495101,0.0,1.1306008,-0.99849784,0.054791056,0.0011952961,0.31578946,0.0,0.0,0.0,2.3639035,2.4151196,0.13254619,1.0,1.0,1.0,1.0,1.0,1.0,1.0,1.0,7,test/100/7/0,171
23.468729,0.1385231,0.06923967,-0.0046058684,1001.5583,-0.054016113,0.12571841,-0.009456961,89.68733,0.0,0.0,0.0,9.771397,0.02590799,-0.09201895,0.0036585222,5.0059886,-0.014779568,0.014165246,71.95725,-4.1763306,2.60347,360.21716,-1.0080395,23.405863,1001.56824,89.68733,0.34925202,-0.028503446,-1.7763568e-14,0.0,-4.0,0.0,2.9791493,0.20308451,0.014019437,0.0,1.1354257,-0.9970307,0.07700516,0.0011832075,0.2631579,0.0,0.0,0.0,0.0,2.4008324,0.0,1.0,1.0,1.0,1.0,1.0,1.0,1.0,1.0,7,test/100/7/0,172
23.484297,0.01556778,0.070724286,-0.003541073,1001.68945,0.13116455,0.12481741,-0.0056864116,89.68733,0.0,0.0,0.0,9.827207,0.025286054,0.12118994,0.0060570454,5.0245233,0.01853466,0.014704258,73.16886,1.2116089,2.5880442,367.63867,-0.97107005,23.413708,1001.5804,89.68733,0.39216572,0.31162718,-1.7763568e-14,0.0,-4.0,0.0,2.5703375,0.19725111,0.009971901,0.0,1.1316835,-0.99999905,-0.0013667338,0.0012042526,0.2631579,0.0,0.0,0.0,8.748987,2.8919938,0.4910269,1.0,1.0,1.0,1.0,1.0,1.0,1.0,1.0,7,test/100/7/0,173
23.43937,-0.044927597,0.06760749,-0.0018077993,1001.5618,-0.12762451,0.11197782,-0.0020457332,89.68733,0.0,0.0,0.0,9.856224,0.02626509,-0.026792845,0.0055170753,5.009621,-0.014902115,0.0134055,75.99145,2.822586,2.5359495,380.68835,-1.193797,23.416273,1001.57855,89.68733,0.12831116,-0.047712862,-1.7763568e-14,0.0,-4.0,0.0,2.8139844,0.19958663,0.010878983,0.0,1.1251166,-0.9999914,0.004145997,0.0011391881,0.2631579,0.0,0.0,0.0,0.0,2.8919938,0.0,1.0,1.0,1.0,1.0,1.0,1.0,1.0,1.0,7,test/100/7/0,174
23.397526,-0.041843414,0.06763393,-0.001837914,1001.6312,0.06939697,0.1126714,-0.00033959412,89.68733,0.0,0.0,0.0,9.793927,0.026716093,-0.09131392,0.0038806684,4.987152,-0.022469044,0.014145256,75.92962,-0.061828613,2.517262,378.67255,-1.1438226,23.414398,1001.5838,89.68733,-0.093737036,0.13550778,-1.7763568e-14,0.0,-4.0,0.0,2.827389,0.19568998,0.009800048,0.0,1.1160682,-0.99990547,0.01375,0.0010667682,0.31578946,0.0,0.0,0.0,0.0,2.841317,0.0,1.0,1.0,1.0,1.0,1.0,1.0,1.0,1.0,7,test/100/7/0,175
23.554722,0.15719604,0.073952824,-0.00011187819,1001.63257,0.0013427734,0.11101108,-0.00097523164,89.68733,0.0,0.0,0.0,9.796462,0.02471471,0.0648315,0.0032141479,4.989599,0.0024471283,0.014426364,72.20224,-3.7273788,2.1535351,360.26022,-0.94022626,23.42843,1001.5887,89.68733,0.7016169,0.12540986,-1.7763568e-14,0.051289327,-4.0,0.0,2.650216,0.19373678,0.011568525,0.0,1.1187791,-0.99921906,-0.039513152,0.001173699,0.31578946,0.0,0.0,0.0,5.967516,2.987779,0.33539462,1.0,1.0,1.0,1.0,1.0,1.0,1.0,1.0,7,test/100/7/0,176
23.464834,-0.08988762,0.06992321,0.0022859646,1001.4695,-0.16308594,0.10196148,0.00089313247,89.68733,0.0,0.0,0.0,9.852843,0.026221031,0.05384635,0.0058493214,5.037488,0.047888756,0.015811367,75.18984,2.9876022,2.1447601,378.7679,-1.0181448,23.432072,1001.5768,89.68733,0.1820171,-0.30649498,-1.7763568e-14,0.0,-4.0,0.0,3.0240607,0.20706391,0.01955746,0.0,1.131373,-0.9995757,-0.0291282,0.0011114227,0.31578946,0.0,0.0,0.0,0.0,2.987779,0.0,1.0,1.0,1.0,1.0,1.0,1.0,1.0,1.0,7,test/100/7/0,177
23.426573,-0.038261414,0.0683238,0.0034200912,1001.5197,0.050231934,0.10157391,0.001173986,89.68733,0.0,0.0,0.0,9.77929,0.027013915,-0.12993522,0.0033462443,5.025765,-0.011723042,0.016224317,76.347046,1.1572037,2.1492257,383.70227,-0.9563131,23.43152,1001.57104,89.68733,-0.02749167,-0.14667764,-1.7763568e-14,0.0,-4.0,0.0,2.504153,0.20978379,0.016608408,0.0,1.1338254,-0.99653924,-0.0831235,0.0012982932,0.31578946,0.0,0.0,0.0,8.98478,3.3513944,0.50545204,1.0,1.0,1.0,1.0,1.0,1.0,1.0,1.0,7,test/100/7/0,178
23.274351,-0.15222168,0.07432977,0.0005619938,1001.4851,-0.034606934,0.102530286,0.00039071677,89.68733,0.0,0.0,0.0,9.791727,0.027364628,0.08599134,0.00501998,5.0119863,-0.0137786865,0.016064666,74.072556,-2.2744904,2.168829,371.25064,-0.9916386,23.415804,1001.56244,89.68733,-0.7858509,-0.22099914,-1.7763568e-14,-0.08373732,-4.0,0.0,2.9268832,0.2170074,0.02201185,0.0,1.1301898,-0.9977055,-0.06770272,0.0015038364,0.36842105,0.0,0.0,0.0,0.0,3.3824556,0.0,1.0,1.0,1.0,1.0,1.0,1.0,1.0,1.0,7,test/100/7/0,179
23.499464,0.22511292,0.07422973,0.0032128815,1001.4119,-0.07318115,0.106657274,-0.0017416129,89.68733,0.0,0.0,0.0,9.805905,0.026885606,0.0017410477,0.0033031502,5.010329,-0.001657486,0.0136412475,73.784164,-0.2883911,2.1317372,369.6829,-0.9790229,23.42417,1001.5474,89.68733,0.41829875,-0.38707933,-1.7763568e-14,0.0,-4.0,0.0,2.8110607,0.2137689,0.020820862,0.0,1.1227983,-0.99705946,-0.07663183,0.0016368122,0.42105263,0.0,0.0,0.0,0.0,3.3824556,0.0,1.0,1.0,1.0,1.0,1.0,1.0,1.0,1.0,7,test/100/7/0,180
23.437975,-0.061489105,0.07396728,0.003022125,1002.3245,0.91259766,0.20155364,0.010271437,89.68733,0.0,0.0,0.0,9.808127,0.026385311,-0.011956255,0.004631653,5.026771,0.016442299,0.0138608655,74.1658,0.38163757,1.9709591,372.81448,-0.771956,23.42555,1001.6251,89.68733,0.06902336,1.9983083,-1.7763568e-14,0.0,-4.0,0.0,2.9739914,0.20330563,0.01888083,0.0,1.1088718,-0.99999994,0.0003573962,0.0012683924,0.42105263,0.0,0.0,0.0,6.370198,3.037245,0.35887262,1.0,1.0,1.0,1.0,1.0,1.0,1.0,1.0,0,test/100/7/0,181
23.59346,0.15548515,0.083294794,0.0052330103,1002.3234,-0.0010986328,0.2571469,0.01930097,89.68733,0.0,0.0,0.0,9.824937,0.026357438,0.014586897,0.0062992275,5.03008,0.003308773,0.013956857,74.62315,0.45735168,1.568615,375.36044,-0.39749926,23.44234,1001.69495,89.68733,0.8395468,1.7956524,-1.7763568e-14,0.092506796,-4.0,0.0,2.9478838,0.19591637,0.017246861,0.0,1.0979418,-0.9987131,0.05071731,0.0012871302,0.42105263,0.0,0.0,0.0,0.0,3.037245,0.0,1.0,1.0,1.0,1.0,1.0,1.0,1.0,1.0,0,test/100/7/0,182
23.314922,-0.27853775,0.08574489,0.0026911485,1002.51355,0.19012451,0.32274333,0.032612275,89.68733,0.0,0.0,0.0,9.781129,0.026020888,-0.060617223,0.003051106,5.01674,-0.013339996,0.013913833,71.722336,-2.9008179,1.7067778,359.81232,-0.5901221,23.4296,1001.7768,89.68733,-0.63709664,2.1049788,-1.7763568e-14,-0.04062973,-4.0,0.0,2.557725,0.19999653,0.013993377,0.0,1.1009262,-0.9987354,0.050274193,0.0013253131,0.47368422,0.0,0.0,0.0,0.8676142,3.01602,0.048924226,1.0,1.0,1.0,1.0,1.0,1.0,1.0,1.0,0,test/100/7/0,183
23.49258,0.17765808,0.0833464,0.0020011514,1002.55164,0.038085938,0.3754232,0.04397257,89.68733,0.0,0.0,0.0,9.833157,0.026548058,0.095835805,0.0046991855,4.9904404,-0.026299477,0.014877617,71.50342,-0.21891785,1.803883,356.83356,-0.72516114,23.435898,1001.8543,89.68733,0.31490344,1.8574922,-1.7763568e-14,0.0,-4.0,0.0,3.18988,0.2161864,0.017009173,0.0,1.1472611,-0.9969636,0.07786862,0.001366723,0.47368422,0.0,0.0,0.0,0.0,3.0120363,0.0,1.0,1.0,1.0,1.0,1.0,1.0,1.0,1.0,0,test/100/7/0,184
23.350447,-0.14213371,0.081298776,0.0025389034,1002.33795,-0.21368408,0.3885492,0.046979494,89.68733,0.0,0.0,0.0,9.796652,0.02668179,-0.08853221,0.0040518814,5.0012784,0.010838032,0.014981071,75.1117,3.608284,1.7557765,375.65454,-0.52800095,23.427353,1001.90265,89.68733,-0.42725548,1.1203096,-1.7763568e-14,0.0,-4.0,0.0,2.9014204,0.21763743,0.018035168,0.0,1.1434667,-0.9956157,0.09353762,0.001506348,0.47368422,0.0,0.0,0.0,3.1687074,2.9993439,0.17885017,1.0,1.0,1.0,1.0,1.0,1.0,1.0,1.0,0,test/100/7/0,185
23.415915,0.065467834,0.08127611,0.0026074387,1002.3337,-0.004272461,0.40514925,0.052198734,89.68733,0.0,0.0,0.0,9.813938,0.026640747,0.053791016,0.0024152433,5.010774,0.009495735,0.014490514,70.83363,-4.2780685,1.6757978,354.9313,-0.49516246,23.426208,1001.94574,89.68733,-0.057190757,0.95747596,-1.7763568e-14,0.0,-4.0,0.0,3.0232584,0.19709021,0.014357704,0.0,1.12936,-0.9915857,0.129452,0.0017787601,0.47368422,0.0,0.0,0.0,3.2940292,2.9806318,0.18601142,1.0,1.0,1.0,1.0,1.0,1.0,1.0,1.0,0,test/100/7/0,186
23.425892,0.009977341,0.08126813,0.0027805502,1002.4341,0.10040283,0.4272074,0.059773933,89.68733,0.0,0.0,0.0,9.786593,0.026530307,-0.044630878,0.0009087163,4.992793,-0.017981052,0.0145492,70.203224,-0.63040924,1.850756,350.51016,-0.9211491,23.426178,1001.99457,89.68733,-0.0015849778,1.0287535,-1.7763568e-14,0.0,-4.0,0.0,2.4613168,0.19799788,0.0038983983,0.0,1.1295662,-0.9874606,0.15786575,0.0021858402,0.47368422,0.0,0.0,0.0,0.0,2.9806318,0.0,1.0,1.0,1.0,1.0,1.0,1.0,1.0,1.0,0,test/100/7/0,187
23.504435,0.07854271,0.07918027,0.0022552605,1002.58,0.14593506,0.45150417,0.06608363,89.68733,0.0,0.0,0.0,9.793886,0.026569292,0.034637097,0.0044729416,5.008434,0.015640736,0.014197185,72.19908,1.9958572,1.8523655,361.6043,-0.9120265,23.434004,1002.05316,89.68733,0.39128706,1.1669518,-1.7763568e-14,0.0,-4.0,0.0,2.7593322,0.19749849,0.004346718,0.0,1.1322223,-0.97978187,0.20006885,0.0028298893,0.42105263,0.0,0.0,0.0,0.0,3.0135374,0.0,1.0,1.0,1.0,1.0,1.0,1.0,1.0,1.0,0,test/100/7/0,188
23.515987,0.011552811,0.078966826,0.002194155,1002.4205,-0.1595459,0.44428453,0.06435602,89.68733,0.0,0.0,0.0,9.840079,0.024200456,0.038900323,0.009212661,5.0258484,0.01741457,0.014502366,76.63681,4.437729,1.9271413,385.16498,-0.55736357,23.442202,1002.08984,89.68733,0.40992242,0.74412656,-1.7763568e-14,0.0045203487,-4.0,0.0,3.1127553,0.20083912,0.005095813,0.0,1.1215879,-0.97858185,0.205858,0.003502042,0.42105263,0.0,0.0,0.0,0.0,3.0135374,0.0,1.0,1.0,1.0,1.0,1.0,1.0,1.0,1.0,0,test/100/7/0,189
23.452576,-0.06341171,0.078207634,0.0016172094,1002.6941,0.2736206,0.45904627,0.06763613,89.68733,0.0,0.0,0.0,9.832911,0.02470961,-0.0533616,0.0026411472,5.015074,-0.010774612,0.014085761,67.946945,-8.689865,2.306311,340.75897,-0.9226802,23.44324,1002.15027,89.68733,0.05187161,1.1846346,-1.7763568e-14,0.0,-4.0,0.0,2.98801,0.20224416,0.009044314,0.0,1.1207379,-0.9715237,0.23694237,0.004376926,0.42105263,0.0,0.0,0.0,0.0,3.0135374,0.0,1.0,1.0,1.0,1.0,1.0,1.0,1.0,1.0,0,test/100/7/0,190
23.328737,-0.123838425,0.07831339,-0.0017724044,1002.4097,-0.2843628,0.45789963,0.06723959,89.68733,0.0,0.0,0.0,9.818841,0.02408107,-0.0069013457,0.0029612558,4.9946237,-0.020450115,0.014427149,72.868095,4.92115,2.2273438,363.94867,-0.7654582,23.43179,1002.1762,89.68733,-0.5725077,0.5099269,-1.7763568e-14,-0.025869217,-3.9401073,0.0,2.8515725,0.19988793,0.007141296,0.0,1.1177975,-0.9555375,0.29486963,0.0058121863,0.42105263,0.0,0.0,0.0,2.8687801,3.0186884,0.16238056,1.0,1.0,1.0,1.0,1.0,1.0,1.0,1.0,0,test/100/7/0,191
23.469532,0.14079475,0.07832721,-0.0009612492,1002.38715,-0.022583008,0.44948286,0.064468406,89.68733,0.0,0.0,0.0,9.823113,0.022493217,0.018342553,0.0017482941,5.01379,0.01916647,0.014398159,68.98758,-3.880516,2.4053073,345.88922,-1.1865809,23.435562,1002.1973,89.68733,0.18871686,0.42231,-1.7763568e-14,0.0,-3.5456135,0.0,2.8983126,0.19791615,0.010059578,0.0,1.1193829,-0.9769385,0.2135209,0.0063462285,0.42105263,0.0,0.0,0.0,0.0,3.0186884,0.0,1.0,1.0,1.0,1.0,1.0,1.0,1.0,1.0,0,test/100/7/0,192
23.440462,-0.0290699,0.07772904,-0.00032077875,1002.3437,-0.04345703,0.44322672,0.06190103,89.68733,0.0,0.0,0.0,9.838591,0.02298798,0.011204618,0.0040575424,5.03288,0.019089699,0.014892779,67.52359,-1.4639893,2.702295,339.8381,-1.5554206,23.436052,1002.212,89.68733,0.024495674,0.29720154,-1.7763568e-14,0.0,-3.1927714,0.0,3.26911,0.20867087,0.011941602,0.0,1.1332914,-0.99285346,0.11933983,0.0062493742,0.36842105,0.0,0.0,0.0,0.0,2.6183038,0.0,1.0,1.0,1.0,1.0,1.0,1.0,1.0,1.0,0,test/100/7/0,193
23.479307,0.038845062,0.07819908,0.00023115487,1002.4107,0.0670166,0.4283003,0.057292096,89.68733,0.0,0.0,0.0,9.844347,0.022006962,-0.009720641,0.0044313543,5.0016046,-0.031275272,0.01504701,70.84344,3.319847,2.639262,354.33084,-1.4693683,23.440378,1002.2318,89.68733,0.21627142,0.4176272,-1.7763568e-14,0.0,-2.772347,0.0,3.1560779,0.21685986,0.015005152,0.0,1.1266109,-0.98963696,0.14359225,0.006196304,0.31578946,0.0,0.0,0.0,6.9857736,2.8412232,0.39597335,1.0,1.0,1.0,1.0,1.0,1.0,1.0,1.0,0,test/100/7/0,194
23.417156,-0.062150955,0.07775684,-0.00082552485,1002.55035,0.13964844,0.4182107,0.054497372,89.68733,0.0,0.0,0.0,9.800083,0.021782435,-0.05002051,0.0030410343,5.0294857,0.027881145,0.014486263,71.18981,0.3463745,2.543837,358.04816,-1.3224046,23.438057,1002.2637,89.68733,-0.1161105,0.6854594,-1.7763568e-14,0.0,-2.2168233,0.0,3.0623212,0.21940492,0.016426546,0.0,1.1220686,-0.98773926,0.15611249,0.00617081,0.36842105,0.0,0.0,0.0,7.6449594,3.062151,0.43354237,1.0,1.0,1.0,1.0,1.0,1.0,1.0,1.0,0,test/100/7/0,195
23.464584,0.04742813,0.07365268,0.0012478635,1002.468,-0.082336426,0.40011105,0.04916547,89.68733,0.0,0.0,0.0,9.824692,0.021570193,0.068871975,0.002615183,5.02657,-0.0029158592,0.013681843,68.61088,-2.5789337,2.674689,344.87738,-1.6233017,23.440708,1002.2841,89.68733,0.13264121,0.45961493,-1.7763568e-14,0.0,-1.7300963,0.0,3.0158644,0.21267141,0.014033522,0.0,1.1150714,-0.98049724,0.19653298,0.005943257,0.31578946,0.0,0.0,0.0,0.0,2.9806464,0.0,1.0,1.0,1.0,1.0,1.0,1.0,1.0,1.0,0,test/100/7/0,196
23.366121,-0.09846306,0.07501477,0.0006309036,1002.40576,-0.06225586,0.35887843,0.039112844,89.68733,0.0,0.0,0.0,9.837553,0.020440474,-0.011746723,0.0095537035,5.000796,-0.025774002,0.013005184,68.51857,-0.092308044,2.699166,342.64737,-1.6406974,23.43325,1002.29626,89.68733,-0.37293822,0.3050533,-1.7763568e-14,0.0,-1.2676902,0.0,2.6712887,0.21801642,0.012070954,0.0,1.1218207,-0.97399825,0.22655544,0.0058008735,0.31578946,0.0,0.0,0.0,0.0,2.9806464,0.0,1.0,1.0,1.0,1.0,1.0,1.0,1.0,1.0,0,test/100/7/0,197
23.494677,0.1285553,0.07615896,0.0013947609,1002.4517,0.045959473,0.31268328,0.029101975,89.68733,0.0,0.0,0.0,9.782272,0.020197762,-0.068141975,0.0015962598,5.005054,0.004258156,0.012794529,68.62634,0.10777283,2.5829456,343.47858,-1.513991,23.439392,1002.3118,89.68733,0.3071321,0.3996939,-1.7763568e-14,0.0,-0.7505118,0.0,2.8020585,0.19957884,0.004297938,0.0,1.1161158,-0.9567707,0.29084325,0.005410591,0.2631579,0.0,0.0,0.0,0.0,2.5399573,0.0,1.0,1.0,1.0,1.0,1.0,1.0,1.0,1.0,0,test/100/7/0,198
23.40475,-0.089925766,0.06699157,-0.0016319476,1002.3679,-0.08380127,0.24321482,0.015946008,89.68733,0.0,0.0,0.0,9.793332,0.020112412,0.066340454,0.004268188,5.009077,0.004023075,0.012813424,68.55767,-0.06867218,2.587806,343.41064,-1.524373,23.435928,1002.31744,89.68733,-0.17320994,0.14423554,-1.7763568e-14,0.0,-0.3394499,0.0,3.2373123,0.21131407,0.008969544,0.0,1.1102324,-0.91398925,0.4057384,0.0060542785,0.21052632,0.0,0.0,0.0,7.150703,2.7865152,0.4062792,1.0,1.0,1.0,1.0,1.0,1.0,1.0,1.0,0,test/100/7/0,199
23.514563,0.10981178,0.06769987,0.00026840842,1002.41626,0.048339844,0.09609648,0.0009975806,89.68733,0.0,0.0,0.0,9.807485,0.020083534,0.0030926547,0.0075674267,5.007344,-0.0017333031,0.0128507735,71.740295,3.1826248,2.5242147,359.22833,-1.2916774,23.443792,1002.32733,89.68733,0.39316997,0.25411445,-1.7763568e-14,0.0011724164,0.118636325,0.0,3.0122335,0.20998134,0.008130151,0.0,1.1064527,-0.9119385,0.4103269,0.006061579,0.2631579,0.0,0.0,0.0,4.337097,2.7975895,0.24653572,1.0,1.0,1.0,1.0,1.0,1.0,1.0,1.0,0,test/100/7/0,200
23.618177,0.10361481,0.077546686,0.0026553907,1002.37335,-0.042907715,0.093820624,-0.0016646535,89.68733,0.0,0.0,0.0,9.784601,0.021063175,-0.037035815,0.0020090744,5.0119705,0.004626751,0.012395377,72.8832,1.1429062,2.4615493,365.28848,-0.90724087,23.461231,1002.3319,89.68733,0.871927,0.11836887,-1.7763568e-14,0.11564895,0.51852345,0.0,2.931053,0.2098892,0.00840111,0.0,1.1072572,-0.9137412,0.40629673,0.0063468344,0.31578946,0.0,0.0,0.0,0.0,2.6562638,0.0,1.0,1.0,1.0,1.0,1.0,1.0,1.0,1.0,0,test/100/7/0,201
23.405203,-0.21297455,0.071110435,0.004183927,1002.532,0.15863037,0.092003785,-0.0021515123,89.68733,0.0,0.0,0.0,9.829905,0.021232149,0.06818662,0.0045987736,5.0339036,0.021933079,0.012710095,70.696045,-2.1871567,2.3218765,355.87708,-0.6057363,23.455627,1002.3519,89.68733,-0.28013843,0.5144386,-1.7763568e-14,0.0,1.0917047,0.0,3.1271372,0.21372256,0.011125618,0.0,1.1039062,-0.89146334,0.45309284,0.00726155,0.2631579,0.0,0.0,0.0,0.0,2.6562638,0.0,1.0,1.0,1.0,1.0,1.0,1.0,1.0,1.0,0,test/100/7/0,202
23.474852,0.06964874,0.06488812,0.0025925743,1002.4527,-0.07928467,0.090820886,-0.0010826627,89.68733,0.0,0.0,0.0,9.819696,0.019948157,-0.055511344,0.0036624067,5.025109,-0.008794785,0.013012387,62.991013,-7.7050323,2.8739352,316.53668,-1.0824358,23.45755,1002.362,89.68733,0.09611912,0.25911993,-1.7763568e-14,0.0,1.5628113,0.0,3.375891,0.2127541,0.010973793,0.0,1.1244311,-0.8825815,0.47015944,0.007956349,0.2631579,0.0,0.0,0.0,0.0,2.6783888,0.0,1.0,1.0,1.0,1.0,1.0,1.0,1.0,1.0,0,test/100/7/0,203
23.421913,-0.05293846,0.064494,0.0028095904,1002.39813,-0.05456543,0.0880177,-0.0001004556,89.68733,0.0,0.0,0.0,9.857746,0.021704437,0.048257586,0.0057909936,4.981506,-0.043602943,0.013864906,67.70419,4.7131805,2.9214492,337.26883,-1.2449188,23.453987,1002.3656,89.68733,-0.17818509,0.09289683,-1.7763568e-14,0.0,1.9621352,0.0,3.194474,0.21296966,0.016981367,0.0,1.1243451,-0.88591635,0.463845,0.008379357,0.2631579,0.0,0.0,0.0,0.0,2.6783888,0.0,1.0,1.0,1.0,1.0,1.0,1.0,1.0,1.0,0,test/100/7/0,204
23.416927,-0.0049858093,0.060984533,0.00081743085,1002.5036,0.10546875,0.08594637,-0.00075467903,89.68733,0.0,0.0,0.0,9.819201,0.021234259,-0.0765943,0.007825497,4.999012,0.017506123,0.013956095,66.67688,-1.0273132,2.7927985,333.3185,-1.1372408,23.450281,1002.3794,89.68733,-0.18529563,0.3548125,-1.7763568e-14,0.0,2.4740083,0.0,2.8161204,0.21558975,0.013022356,0.0,1.1259444,-0.8564461,0.5162365,0.009216974,0.2631579,0.0,0.0,0.0,0.0,2.6848247,0.0,1.0,1.0,1.0,1.0,1.0,1.0,1.0,1.0,0,test/100/7/0,205
23.445833,0.028905869,0.060455773,0.00017194389,1002.472,-0.03161621,0.08205271,-0.0021771195,89.68733,0.0,0.0,0.0,9.800283,0.021553108,0.019627128,0.0043546786,5.0058613,0.006849289,0.014006026,71.60219,4.925308,2.811816,358.4306,-0.93436426,23.449837,1002.3887,89.68733,-0.022236727,0.23803243,-1.7763568e-14,0.0,2.9395113,0.0,3.2752097,0.22444515,0.017673792,0.0,1.1212335,-0.8491352,0.5281755,0.010081064,0.31578946,0.0,0.0,0.0,4.7498474,2.7483683,0.27076304,1.0,1.0,1.0,1.0,1.0,1.0,1.0,1.0,0,test/100/7/0,206
23.289097,-0.15673637,0.07011235,-0.0026000876,1002.4979,0.025939941,0.08247263,-0.0018516597,89.68733,0.0,0.0,0.0,9.810517,0.020482982,0.029151956,0.004329151,5.0383797,0.032518387,0.014550378,67.70841,-3.893776,2.8484914,341.14072,-1.0535558,23.433762,1002.3996,89.68733,-0.8036949,0.2809319,-1.7763568e-14,-0.074746676,3.4253497,0.0,3.2913237,0.19574325,0.013303794,0.0,1.1059891,-0.8510829,0.52503127,0.010722602,0.36842105,0.0,0.0,0.0,1.6889411,2.7210517,0.09632279,1.0,1.0,1.0,1.0,1.0,1.0,1.0,1.0,0,test/100/7/0,207
23.53048,0.2413826,0.0714109,-0.00047794142,1002.33405,-0.1638794,0.081512265,-0.0016591008,89.68733,0.0,0.0,0.0,9.781076,0.021405207,-0.039675966,0.0008918254,4.9875865,-0.05079317,0.01557356,70.273476,2.5650635,2.7953045,350.49506,-0.8498539,23.443434,1002.39307,89.68733,0.48358756,-0.16856545,-1.7763568e-14,0.016751142,3.7141807,0.0,2.7686086,0.1950819,0.0049238116,0.0,1.105821,-0.8825852,0.4701524,0.0108004585,0.31578946,0.0,0.0,0.0,9.472472,3.1604311,0.54048383,1.0,1.0,1.0,1.0,1.0,1.0,1.0,1.0,0,test/100/7/0,208
23.383978,-0.14650154,0.07087874,-0.00030542674,1002.4351,0.10107422,0.08135892,-0.0021718878,89.68733,0.0,0.0,0.0,9.822191,0.02080055,0.07055669,0.0021751728,4.9859657,-0.0016207695,0.016246576,69.32676,-0.9467163,2.286795,345.66083,-0.32649606,23.437489,1002.3973,89.68733,-0.2972789,0.10819622,-1.7763568e-14,0.0,4.0,0.0,3.2891355,0.20191061,0.009546343,0.0,1.1026357,-0.86349267,0.5043614,0.0110025,0.31578946,0.0,0.0,0.0,0.0,3.1604311,0.0,1.0,1.0,1.0,1.0,1.0,1.0,1.0,1.0,0,test/100/7/0,209
23.477043,0.09306526,0.07127892,0.0003938646,1002.4974,0.06225586,0.059678473,0.002502992,89.68733,0.0,0.0,0.0,9.859462,0.022581574,-0.0038443622,0.0030555238,4.9921565,0.006190777,0.016670674,69.43181,0.10504913,2.2668545,346.61444,-0.43125796,23.441444,1002.4073,89.68733,0.1977753,0.2574631,-1.7763568e-14,0.0,4.0,0.0,3.2090614,0.20416176,0.010790062,0.0,1.0986695,-0.84016454,0.5423315,0.011573643,0.31578946,0.0,0.0,0.0,4.4912906,3.152494,0.25650752,1.0,1.0,1.0,1.0,1.0,1.0,1.0,1.0,0,test/100/7/0,210
23.462206,-0.014837265,0.066429496,-0.0011109416,1002.56396,0.066589355,0.06554323,0.0039350237,89.68733,0.0,0.0,0.0,9.805259,0.0227422,-0.09147375,0.00631136,5.008348,0.016191483,0.016338427,68.31297,-1.1188354,2.1251395,342.13516,-0.24266164,23.44352,1002.4229,89.68733,0.10381144,0.40294656,-1.7763568e-14,0.0,4.0,0.0,2.7448938,0.21089087,0.0029161326,0.0,1.10058,-0.894937,0.44619256,0.011545454,0.31578946,0.0,0.0,0.0,7.770067,3.3578258,0.443975,1.0,1.0,1.0,1.0,1.0,1.0,1.0,1.0,0,test/100/7/0,211
23.36165,-0.10055542,0.068865865,-0.0020298837,1002.2337,-0.33026123,0.07920016,6.0530354e-05,89.68733,0.0,0.0,0.0,9.840214,0.023268659,0.08915772,0.0043208995,4.991981,-0.016366959,0.016759427,72.682144,4.369171,2.262578,362.82788,-0.010801984,23.435333,1002.404,89.68733,-0.4093468,-0.48659125,-1.7763568e-14,0.0,4.0,0.0,3.1767275,0.20911337,0.0021096764,0.0,1.0956078,-0.90255755,0.43056926,0.010810218,0.36842105,0.0,0.0,0.0,3.4888217,3.302438,0.19944233,1.0,1.0,1.0,1.0,1.0,1.0,1.0,1.0,0,test/100/7/0,212
23.416775,0.055124283,0.069110304,-0.0024581063,1002.5954,0.36169434,0.083506286,0.0008976757,89.68733,0.0,0.0,0.0,9.796273,0.02321727,-0.07889505,0.002844235,5.0459833,0.054002285,0.017907528,64.32334,-8.358803,2.4844768,324.5745,-0.44643492,23.433477,1002.42316,89.68733,-0.09279071,0.492139,-1.7763568e-14,0.0,4.0,0.0,3.4529798,0.22129507,0.010685707,0.0,1.1172925,-0.82476556,0.56547487,0.009576357,0.36842105,0.0,0.0,0.0,0.0,3.302438,0.0,1.0,1.0,1.0,1.0,1.0,1.0,1.0,1.0,0,test/100/7/0,213
23.383604,-0.0331707,0.06969062,-0.002711233,1002.3483,-0.24707031,0.08596955,-0.0011151077,89.68733,0.0,0.0,0.0,9.797446,0.022576133,0.04511374,0.0025030256,5.013757,-0.032226086,0.017839275,68.50116,4.1778183,2.4562273,343.44815,-0.36065868,23.42849,1002.41565,89.68733,-0.24936514,-0.19239855,-1.7763568e-14,0.0,4.0,0.0,3.2052479,0.22239159,0.013661498,0.0,1.1164044,-0.8075958,0.5897364,0.008399728,0.31578946,0.0,0.0,0.0,0.0,3.219042,0.0,1.0,1.0,1.0,1.0,1.0,1.0,1.0,1.0,0,test/100/7/0,214
23.539429,0.15582466,0.07292761,-0.0015757094,1002.5836,0.23529053,0.088284574,0.0025321788,89.68733,0.0,0.0,0.0,9.837161,0.02292095,0.03854182,0.0039433264,5.0034637,-0.010293484,0.017311221,66.71693,-1.7842331,2.4519138,333.8157,-0.3374294,23.439583,1002.43243,89.68733,0.5546947,0.4318741,-1.7763568e-14,0.027426403,4.0,0.0,2.993319,0.22321852,0.012055425,0.0,1.1176511,-0.7733952,0.6339242,0.007354979,0.31578946,0.0,0.0,0.0,3.7664433,3.016072,0.21561764,1.0,1.0,1.0,1.0,1.0,1.0,1.0,1.0,0,test/100/7/0,215
23.487013,-0.052415848,0.07341261,-0.00062398694,1002.4233,-0.16033936,0.08827897,0.002538833,89.68733,0.0,0.0,0.0,9.810954,0.022835441,-0.0659223,0.0029777924,4.9852104,-0.018253326,0.017521044,70.31038,3.5934525,2.4734426,350.51202,-0.24720113,23.444326,1002.4315,89.68733,0.23714598,-0.023614518,-1.7763568e-14,0.0,4.0,0.0,3.419654,0.23452456,0.015910085,0.0,1.1103948,-0.8020285,0.59728575,0.005890133,0.31578946,0.0,0.0,0.0,0.0,3.016072,0.0,1.0,1.0,1.0,1.0,1.0,1.0,1.0,1.0,0,test/100/7/0,216
23.495502,0.008489609,0.07188664,-0.0011393913,1002.19415,-0.22912598,0.10361385,-0.0016434519,89.68733,0.0,0.0,0.0,9.84242,0.023102753,0.057672378,0.0048097237,5.0059295,0.020719051,0.017471327,67.24558,-3.0647964,2.498159,336.62665,-0.3990192,23.449444,1002.4078,89.68733,0.25587943,-0.6104342,-1.7763568e-14,0.0,4.0,0.0,3.0734541,0.21320319,0.0087711625,0.0,1.1032608,-0.8169829,0.5766618,0.0042645494,0.31578946,0.0,0.0,0.0,4.335571,2.9954174,0.24843265,1.0,1.0,1.0,1.0,1.0,1.0,1.0,1.0,0,test/100/7/0,217
23.399714,-0.095788956,0.071993195,-0.0011879469,1002.49615,0.30200195,0.10444885,-0.00046753848,89.68733,0.0,0.0,0.0,9.864786,0.02425136,-0.009098289,0.0072973105,5.0017133,-0.004216194,0.017503925,66.76432,-0.4812622,2.5378563,333.936,-0.567097,23.444471,1002.4166,89.68733,-0.2486533,0.22718571,-1.7763568e-14,0.0,4.0,0.0,3.1236985,0.20037444,0.0038100418,0.0,1.0976208,-0.8061043,0.59177345,0.003250934,0.31578946,0.0,0.0,0.0,6.6579933,3.0613713,0.38168976,1.0,1.0,1.0,1.0,1.0,1.0,1.0,1.0,0,test/100/7/0,218
23.340776,-0.058937073,0.075127214,-0.0033555396,1002.6276,0.13146973,0.11111482,0.0011965185,89.68733,0.0,0.0,0.0,9.7899885,0.024438541,-0.09716494,0.0034599388,4.9900627,-0.011650562,0.017862404,70.78673,4.0224075,2.57682,353.23022,-0.446266,23.434101,1002.43774,89.68733,-0.5184733,0.54253215,-1.7763568e-14,-0.017234297,4.0,0.0,3.1345596,0.19902048,0.0053928406,0.0,1.0994164,-0.77690625,0.6296163,0.00338159,0.2631579,0.0,0.0,0.0,4.9468603,2.9436219,0.28372756,1.0,1.0,1.0,1.0,1.0,1.0,1.0,1.0,0,test/100/7/0,219
9.097667,-0.07229614,0.040643245,0.0015950798,971.5007,-0.4623413,0.15231645,-0.000175717,76.02,-0.2400055,0.2755088,0.006120375,9.79608,0.01933884,-0.026780993,0.0039200303,4.9958863,0.03303194,0.011167326,95.28185,0.7455292,2.3241384,476.0173,1.1110423,9.122534,971.8443,76.1784,-0.1381529,-0.98173493,-0.1980041,0.08738634,-0.070000075,0.0,1.7537117,0.16074276,0.014360354,0.0,1.1490867,-0.8757049,0.4828467,0.004805291,0.10526316,0.0,0.0,0.0,0.0,0.0,0.0,1.0,1.0,1.0,1.0,0.0,1.0,1.0,0.0,0,test/100/8/0,19
9.080605,-0.017062187,0.036252066,-0.00062525686,971.9272,0.42651367,0.14939205,-0.0015155075,75.95,-0.069999695,0.27983057,0.0025113444,9.783276,0.018995432,0.0062907822,0.009870957,4.9729037,-0.022982597,0.011243488,98.6623,3.3804474,2.4192522,490.63812,1.1820318,9.118341,971.85254,76.15556,-0.20964855,0.21318802,-0.25695336,0.0125359455,0.0,0.0,1.7976713,0.14772199,0.00892616,0.0,1.1423035,-0.8856343,0.4643833,0.005161047,0.10526316,0.0,0.0,0.0,0.0,0.0,0.0,1.0,1.0,1.0,1.0,0.0,1.0,1.0,0.0,0,test/100/8/0,20
8.965815,-0.11478996,0.051151402,-0.003472912,972.0409,0.113708496,0.14355412,-0.002822027,76.22,0.27000427,0.27582824,0.006691788,9.744061,0.020454798,-0.026409527,0.001980426,4.9702287,-0.0026750565,0.010458354,95.57203,-3.090271,2.2285626,475.01483,0.89941615,9.103088,971.8714,76.162,-0.7626335,0.4842625,0.072496794,-0.02269779,0.060159866,0.0,2.455712,0.19476995,0.01712252,0.0,1.2841434,-0.8811795,0.4727819,0.0053358525,0.15789473,0.0,0.0,0.0,0.0,0.0,0.0,1.0,1.0,1.0,1.0,0.0,1.0,1.0,0.0,0,test/100/8/0,21
9.1788435,0.21302891,0.050278105,-0.0016479901,971.6374,-0.40350342,0.14918475,-0.0040010153,76.34,0.11999512,0.27829686,0.0084060095,9.776493,0.020332122,0.07164516,0.003977255,4.9714217,0.0011930466,0.01038191,96.85409,1.2820587,2.273618,481.50253,0.9988291,9.110664,971.848,76.1798,0.37877437,-0.60174394,0.20024163,0.036254954,0.0,0.0,1.8526769,0.1916373,0.013864651,0.0,1.2804025,-0.90532637,0.4247165,0.005873845,0.10526316,0.0,0.0,0.0,0.0,0.0,0.0,1.0,1.0,1.0,1.0,0.0,1.0,1.0,0.0,0,test/100/8/0,22
9.066813,-0.11203003,0.050980065,-0.0018682085,971.9552,0.31781006,0.14958714,-0.0019003043,76.02,-0.3199997,0.26617506,0.00013528121,9.794532,0.020022238,-0.0143924095,0.009190751,4.9780493,0.0066275597,0.010379075,95.70419,-1.1498947,2.2450964,476.4202,0.9255709,9.106279,971.8587,76.163826,-0.2192532,0.27565628,-0.1797822,0.0,0.009857368,0.0,1.8666224,0.1868098,0.010233389,0.0,1.2753716,-0.91021377,0.4141387,0.0064415163,0.15789473,0.0,0.0,0.0,0.0,0.0,0.0,1.0,1.0,1.0,1.0,0.0,1.0,1.0,0.0,0,test/100/8/0,23
9.172525,0.10571194,0.052117836,-0.0013290778,971.83124,-0.1239624,0.14609542,-0.0049105766,75.95,-0.069999695,0.2601401,-0.008549012,9.807356,0.01894966,-0.005214795,0.0058116945,4.968879,-0.009170055,0.010499982,94.67308,-1.0311127,2.2027693,470.4191,0.7379384,9.112904,971.85596,76.14244,0.3312318,-0.0706698,-0.24055363,0.026724711,0.0,0.0,2.265215,0.20104548,0.014293205,0.0,1.2619677,-0.86072135,0.50907636,0.0064240606,0.15789473,0.0,0.0,0.0,0.0,0.0,0.0,1.0,1.0,1.0,1.0,0.0,1.0,1.0,0.0,0,test/100/8/0,24
9.135596,-0.03692913,0.05191447,-0.0015127598,971.79706,-0.034179688,0.14726287,-0.006058588,75.84,-0.11000061,0.24216312,-0.022128003,9.787414,0.017992899,-0.032766085,0.008118822,4.9780188,0.009139538,0.009656651,92.98529,-1.6877899,2.2063246,462.8825,0.4229749,9.115173,971.8501,76.1122,0.11346297,-0.15149345,-0.34024897,0.01008256,0.0,0.0,1.9045464,0.19441146,0.0102601005,0.0,1.2556559,-0.88399637,0.46749377,0.006450118,0.15789473,0.0,0.0,0.0,0.0,0.0,0.0,1.0,1.0,1.0,1.0,0.0,1.0,1.0,0.0,0,test/100/8/0,25
9.011693,-0.123903275,0.0561855,-0.0023698048,971.9457,0.1486206,0.14236604,-0.0022501322,76.2,0.3600006,0.24185579,-0.021233287,9.775852,0.018219117,0.008380577,0.0060285274,4.9816403,0.0036215782,0.009195542,95.89838,2.913086,2.1425514,477.7312,0.711707,9.104825,971.8596,76.12098,-0.5173997,0.24582317,0.09877662,0.0,0.0017398244,0.0,2.112259,0.19682635,0.011428353,0.0,1.2478961,-0.8678513,0.49682403,0.006014673,0.15789473,0.0,0.0,0.0,0.0,0.0,0.0,1.0,1.0,1.0,1.0,0.0,1.0,1.0,0.0,0,test/100/8/0,26
9.138529,0.12683582,0.05623654,-0.0017723894,971.78345,-0.16223145,0.1426682,-0.002413229,75.83,-0.36999512,0.25401008,-0.025549024,9.8451605,0.02093367,0.08086984,0.0061498396,4.96123,-0.020410538,0.009739607,92.83327,-3.0651093,1.972727,460.56714,0.19627224,9.108195,971.85205,76.09188,0.1685194,-0.19592571,-0.32734555,0.0,0.0,0.0,1.9412513,0.19551489,0.009595246,0.0,1.2452251,-0.8310883,0.55614054,0.0055833883,0.15789473,0.0,0.0,0.0,0.0,0.0,0.0,1.0,1.0,1.0,1.0,0.0,1.0,1.0,0.0,0,test/100/8/0,27
9.263787,0.12525845,0.064682394,0.00037399377,971.9019,0.11846924,0.14288864,-0.0019923619,76.18,0.34999847,0.2447505,-0.020759502,9.824133,0.021146584,-0.09033611,0.004609206,4.9856687,0.024438858,0.009858198,93.885155,1.0518875,1.8688786,468.0803,-0.10708726,9.1237545,971.857,76.10069,0.7779597,0.12830204,0.09913729,0.12411143,0.0,0.0,2.0007014,0.1725256,0.003810479,0.0,1.2314905,-0.8830811,0.4692204,0.0056668045,0.15789473,0.0,0.0,0.0,0.0,0.0,0.0,1.0,1.0,1.0,1.0,0.0,1.0,1.0,0.0,0,test/100/8/0,28
9.05446,-0.2093277,0.06639745,-0.0008787019,971.8156,-0.08630371,0.13578586,0.00040168475,76.71,0.5299988,0.26735947,-0.008752,9.805244,0.021011926,0.0021388314,0.006162069,4.9703546,-0.015314102,0.010024072,96.75605,2.8708954,1.903849,480.91187,0.023238653,9.116825,971.85284,76.16162,-0.34647477,-0.106451996,0.6854722,0.011354298,0.0,0.051867094,1.9685358,0.17173965,0.0024190443,0.0,1.2296873,-0.9146928,0.4041498,0.0063119605,0.15789473,0.0,0.0,0.0,0.0,0.0,0.0,1.0,1.0,1.0,1.0,0.0,1.0,1.0,0.0,0,test/100/8/0,29
9.105341,0.050881386,0.06647225,-0.0010084496,971.9121,0.09649658,0.13541454,0.0023865665,75.97,-0.73999786,0.2700977,-0.01027824,9.756551,0.02273234,-0.029804805,0.004733274,4.9948874,0.024532795,0.010218902,93.514465,-3.2415848,1.928249,467.0942,-0.11790363,9.115677,971.85876,76.142456,-0.057420373,0.15232727,-0.21557263,0.0,0.0,0.0,2.0413811,0.172146,0.0033044112,0.0,1.2282276,-0.9303223,0.36674306,0.0072881714,0.15789473,0.0,0.0,0.0,0.0,0.0,0.0,1.0,1.0,1.0,1.0,0.0,1.0,1.0,0.0,0,test/100/8/0,30
9.056376,-0.0489645,0.06777056,-0.0022981723,971.9765,0.06439209,0.13189662,0.0014285898,76.15,0.1800003,0.26888436,-0.0086391475,9.813785,0.022994785,0.10592764,0.0069787796,4.9667783,-0.028109074,0.00954354,98.72655,5.212082,2.0147529,490.3529,0.34937444,9.109747,971.87054,76.14321,-0.29650083,0.3026742,0.008484981,0.0,0.014604298,0.0,2.0696473,0.16518068,0.00095960835,0.0,1.2190404,-0.9028019,0.43005675,0.0074398294,0.15789473,0.0,0.0,0.0,0.0,0.0,0.0,1.0,1.0,1.0,1.0,0.0,1.0,1.0,0.0,0,test/100/8/0,31
9.163628,0.10725117,0.06810424,-0.0021143898,971.8014,-0.17510986,0.13227923,-0.00030077025,76.02,-0.13000488,0.24234301,-0.0023610108,9.78567,0.023113621,-0.0853478,0.0040436448,4.959513,-0.007265091,0.00998135,96.377556,-2.3489914,1.9132297,477.98575,0.19633532,9.115134,971.86365,76.13089,0.2694051,-0.17787573,-0.138619,0.008728326,0.0,0.0,2.004467,0.16424377,0.002170302,0.0,1.2213646,-0.9177794,0.3970906,0.007221925,0.10526316,0.0,0.0,0.0,0.0,0.0,0.0,1.0,1.0,1.0,1.0,0.0,1.0,1.0,0.0,0,test/100/8/0,32
9.263254,0.09962654,0.07453793,0.00037491805,971.77606,-0.02532959,0.13373296,-0.0018808006,76.36,0.34000397,0.24526086,0.003751815,9.825489,0.023922056,0.06793197,0.00820245,4.9764657,0.016952515,0.009982138,96.095726,-0.28182983,1.6580802,478.2171,-0.07978213,9.129947,971.8549,76.1538,0.7405973,-0.22522138,0.25774735,0.12617825,0.0,0.0,2.3596604,0.18174122,0.0069362395,0.0,1.2098707,-0.90769064,0.41963997,0.006706856,0.10526316,0.0,0.0,0.0,0.0,0.0,0.0,1.0,1.0,1.0,1.0,0.0,1.0,1.0,0.0,0,test/100/8/0,33
9.154544,-0.10871029,0.07431489,0.001341751,971.89716,0.12109375,0.13248706,-0.0027285009,76.19,-0.16999817,0.22573158,0.01143613,9.817577,0.023344094,-0.047729038,0.0046590995,5.0217366,0.04527092,0.014117463,96.616295,0.52056885,1.6130867,485.18155,-0.09309415,9.132406,971.85913,76.157425,0.12298611,0.10868469,0.04072468,0.118689954,0.0,0.0,2.211545,0.18439807,0.011744315,0.0,1.2080599,-0.9144621,0.40467152,0.0051272064,0.15789473,0.0,0.0,0.0,0.0,0.0,0.0,1.0,1.0,1.0,1.0,0.0,1.0,1.0,0.0,0,test/100/8/0,34
9.172109,0.017564774,0.07290564,0.0032152003,971.8493,-0.047851562,0.1325417,-0.0031829604,76.45,0.2599945,0.20828134,0.0086917905,9.815989,0.023673281,0.0063217143,0.008217103,4.99034,-0.03139639,0.014250837,95.66196,-0.9543381,1.5834318,477.3857,0.0353478,9.136376,971.85815,76.18668,0.19851136,-0.025230657,0.32914603,0.12906784,0.0,0.0,1.9815716,0.18413964,0.01021033,0.0,1.2075053,-0.9404849,0.3398355,0.004265663,0.15789473,0.0,0.0,0.0,0.0,0.0,0.0,1.0,1.0,1.0,1.0,0.0,1.0,1.0,0.0,0,test/100/8/0,35
9.119944,-0.05216503,0.07254061,0.0036389474,971.5804,-0.2689209,0.14417188,-0.005638501,76.36,-0.08999634,0.21339846,0.01178208,9.87264,0.028624443,0.058239933,0.009464487,4.96297,-0.027370453,0.014519589,96.78126,1.1193008,1.6010817,480.32245,0.12044003,9.134733,971.8304,76.20401,-0.08216493,-0.7142185,0.19498555,0.07947703,-0.035373293,0.0,1.9091178,0.18457915,0.0070040436,0.0,1.2079567,-0.9381851,0.34613404,0.0037817534,0.21052632,0.0,0.0,0.0,0.0,0.0,0.0,1.0,1.0,1.0,1.0,0.0,1.0,1.0,0.0,0,test/100/8/0,36
9.11201,-0.007933617,0.07244638,0.003152427,971.72485,0.14447021,0.1350969,-0.003567849,76.0,-0.3600006,0.21609981,0.009097858,9.82208,0.028926691,-0.10720987,0.005419543,4.9916067,0.028636932,0.014841228,95.596436,-1.1848221,1.569514,477.1798,0.2363578,9.132461,971.8198,76.18361,-0.11361652,-0.27130178,-0.22951369,0.020262897,0.0,0.0,2.3551753,0.19667175,0.013750972,0.0,1.2018819,-0.9770467,0.21302497,0.003972905,0.21052632,0.0,0.0,0.0,0.0,0.0,0.0,1.0,1.0,1.0,1.0,0.0,1.0,1.0,0.0,0,test/100/8/0,37
9.091682,-0.020327568,0.07198,0.003411212,971.72626,0.0014038086,0.13335948,-0.002975349,75.94,-0.05999756,0.21926017,0.0078047216,9.798488,0.02881048,0.026966805,0.0029464236,4.969309,-0.02229786,0.014574599,97.59341,1.9969711,1.6020769,484.97177,0.25206017,9.128383,971.8104,76.15925,-0.20389271,-0.24056181,-0.27405956,0.0,0.0,0.0,2.3344393,0.20027801,0.014576598,0.0,1.1867383,-0.9749651,0.22235796,0.00421025,0.2631579,0.0,0.0,0.0,0.0,0.0,0.0,1.0,1.0,1.0,1.0,0.0,1.0,1.0,0.0,0,test/100/8/0,38
9.177,0.08531761,0.072806776,0.0038650169,971.8926,0.1663208,0.11226841,-0.0069509405,76.38,0.4399948,0.22381008,0.009488868,9.813653,0.028872434,0.0387574,0.0046823137,4.9793515,0.010042667,0.014017235,95.64677,-1.94664,1.5981055,476.25888,0.22764622,9.1332445,971.81866,76.18133,0.24308462,0.21117643,0.24834055,0.012229634,0.0,0.0,2.1688292,0.18870954,0.011316361,0.0,1.174953,-0.97150946,0.23700084,0.004892519,0.31578946,0.0,0.0,0.0,0.0,0.0,0.0,1.0,1.0,1.0,1.0,0.0,1.0,1.0,0.0,0,test/100/8/0,39
9.153511,-0.023488998,0.07235514,0.0035945633,971.5892,-0.30340576,0.12262656,-0.009115807,76.08,-0.29999542,0.21966937,0.0052407514,9.821028,0.02873715,-0.0077905986,0.0038233518,4.938673,-0.0406785,0.016373927,94.19297,-1.4537964,1.4943885,465.1883,0.27557278,9.135271,971.7957,76.171196,0.10133117,-0.59012747,-0.11398836,0.0,-0.027405446,0.0,2.1709425,0.17801434,0.008156178,0.0,1.1645539,-0.9753629,0.22060652,0.005639017,0.31578946,0.0,0.0,0.0,0.0,0.0,0.0,1.0,1.0,1.0,1.0,0.0,1.0,1.0,0.0,0,test/100/8/0,40
9.116404,-0.037107468,0.06222542,0.0008718964,971.8097,0.22052002,0.11184271,-0.0058267005,76.17,0.08999634,0.21925071,0.006346027,9.82154,0.025250433,-0.0068614744,0.0050349813,4.9807997,0.042126656,0.016354347,98.052414,3.8594437,1.5871134,488.37943,0.44638807,9.133385,971.7971,76.171074,-0.09433929,0.035936765,-0.0013436449,0.0,0.0,0.0,1.8997127,0.16286191,0.0109500885,0.0,1.1339533,-0.9673124,0.2535876,0.005913813,0.31578946,0.0,0.0,0.0,0.0,0.0,0.0,1.0,1.0,1.0,1.0,0.0,1.0,1.0,0.0,0,test/100/8/0,41
9.187264,0.07086086,0.062545605,0.002298692,971.7548,-0.054870605,0.10552287,-0.009344895,76.06,-0.11000061,0.21603458,0.0078497175,9.775755,0.02529843,-0.046298042,0.0032336554,4.9753675,-0.005432129,0.016317043,91.46874,-6.5836716,1.8130074,455.0906,0.22398908,9.138773,971.7929,76.159966,0.26939896,-0.10875276,-0.12495997,0.019480726,0.0,0.0,2.2536578,0.1594064,0.010114838,0.0,1.1231322,-0.9647205,0.26327634,0.00621459,0.31578946,0.0,0.0,0.0,0.0,0.0,0.0,1.0,1.0,1.0,1.0,0.0,1.0,1.0,0.0,0,test/100/8/0,42
9.140021,-0.04724312,0.06050881,0.0012690279,971.9451,0.19030762,0.104879595,-0.0053029456,76.07,0.010002136,0.21488288,0.00486472,9.78382,0.025709044,0.05384991,0.0052827615,4.9773583,0.0019907951,0.016314633,95.763374,4.294632,1.8134631,476.64865,0.26903194,9.138898,971.8081,76.15097,0.0062434673,0.39148498,-0.10121157,0.0,0.0,0.0,2.5945218,0.18506181,0.013766289,0.0,1.2138915,-0.9618173,0.27369222,0.0064188777,0.36842105,0.0,0.0,0.0,0.0,0.0,0.0,1.0,1.0,1.0,1.0,0.0,1.0,1.0,0.0,0,test/100/8/0,43
8.990914,-0.14910698,0.06802881,-0.00033168722,971.7378,-0.20733643,0.10614898,-0.0061651017,76.17,0.099998474,0.21017279,0.0021278209,9.794812,0.025880795,0.0029269722,0.0010124797,4.9544444,-0.022913933,0.01694501,91.48886,-4.2745132,2.0048811,453.2765,-0.11491098,9.124099,971.8011,76.15287,-0.7399158,-0.18081434,0.021407872,-0.02197164,0.0,0.0,2.3552868,0.1894068,0.019199077,0.0,1.2113391,-0.957422,0.28869197,0.005891082,0.42105263,0.0,0.0,0.0,0.0,0.0,0.0,1.0,1.0,1.0,1.0,0.0,1.0,1.0,0.0,0,test/100/8/0,44
9.134549,0.1436348,0.068025194,-0.00019046884,971.5667,-0.17108154,0.118766725,-0.009870441,75.98,-0.18999481,0.20167406,-0.0053909705,9.81586,0.025498321,0.01005638,0.0042123147,4.9513173,-0.003127098,0.01775228,94.28112,2.7922592,1.9493034,466.81577,-0.3986561,9.125144,971.77765,76.13558,0.05224978,-0.6026569,-0.19447708,0.0,-0.038835473,0.0,2.3524723,0.1876783,0.018761445,0.0,1.1988039,-0.95480347,0.29723787,0.0055666487,0.47368422,0.0,0.0,0.0,0.0,0.0,0.0,1.0,1.0,1.0,1.0,0.0,1.0,1.0,0.0,0,test/100/8/0,45
9.159327,0.024777412,0.06253743,-0.0016500803,972.0171,0.45037842,0.124067985,-0.0044487747,76.01,0.02999878,0.20419025,-0.0070075244,9.754337,0.027276697,-0.08257064,0.0045300163,4.966327,0.01500988,0.017757628,97.01622,2.7350998,1.979684,481.8143,-0.23959805,9.128562,971.8016,76.123024,0.17091186,0.61572474,-0.14128074,0.0,0.041100334,0.0,2.1546402,0.18743123,0.018103737,0.0,1.1976312,-0.94136107,0.33740082,0.0048463996,0.47368422,0.0,0.0,0.0,0.0,0.0,0.0,1.0,1.0,1.0,1.0,0.0,1.0,1.0,0.0,0,test/100/8/0,46
9.085397,-0.07392979,0.063567236,-0.002385166,971.915,-0.10211182,0.12632807,-0.0031547833,75.99,-0.020004272,0.19423118,-0.014466175,9.823642,0.02619992,0.13082613,0.0029969544,4.9767685,0.010441303,0.01753244,95.21012,-1.8060989,1.890312,473.83875,-0.471628,9.124246,971.8129,76.109726,-0.21582825,0.29157904,-0.14965747,0.0,0.02122905,0.0,2.2568574,0.18185787,0.016142426,0.0,1.1889706,-0.91006154,0.41447318,0.0034978706,0.47368422,0.0,0.0,0.0,0.0,0.0,0.0,1.0,1.0,1.0,1.0,0.0,1.0,1.0,0.0,0,test/100/8/0,47
9.063819,-0.021577835,0.05802048,-0.0013708437,971.8726,-0.0423584,0.12541422,-0.0007931358,76.4,0.41000366,0.20104922,-0.0107819345,9.822855,0.026159842,-0.070090115,0.008571186,4.9639306,-0.012837887,0.017480213,95.02724,-0.18288422,1.8565195,471.70856,-0.6354178,9.118203,971.8189,76.13875,-0.3021346,0.15349953,0.3265624,0.0,0.0,0.0,1.8954009,0.18816063,0.00948154,0.0,1.1918463,-0.93087304,0.3653428,0.0029465186,0.47368422,0.0,0.0,0.0,0.0,0.0,0.0,1.0,1.0,1.0,1.0,0.0,1.0,1.0,0.0,0,test/100/8/0,48
9.14197,0.07815075,0.05578667,-0.0022445521,971.5266,-0.3460083,0.13955757,-0.004693099,76.38,-0.020004272,0.16695067,0.000654103,9.836648,0.026935872,0.014579771,0.0031546955,4.974485,0.010554314,0.01746723,94.08207,-0.94516754,1.8642428,468.00986,-0.6548984,9.12058,971.7897,76.16288,0.1188326,-0.7515861,0.27140135,0.0,-0.06408811,0.0,2.237236,0.18304111,0.0073544807,0.0,1.1845356,-0.9287059,0.37081715,0.002825279,0.5263158,0.0,0.0,0.0,0.0,0.0,0.0,1.0,1.0,1.0,1.0,0.0,1.0,1.0,0.0,0,test/100/8/0,49
9.061809,-0.080161095,0.05750769,-0.0035916227,971.6611,0.13446045,0.13962,-0.004713979,76.04,-0.33999634,0.16370642,-0.003954883,9.761166,0.026505224,-0.08927634,0.004493465,4.9906855,0.016200542,0.017233893,90.80254,-3.2795258,2.0862088,453.16693,-1.0851928,9.114702,971.7768,76.15059,-0.29385614,-0.330672,-0.13823467,0.0,-0.04825992,0.0,2.3302734,0.18290508,0.007302656,0.0,1.1767751,-0.9233442,0.3839733,0.0028758007,0.57894737,0.0,0.0,0.0,0.0,0.0,0.0,1.0,1.0,1.0,1.0,0.0,1.0,1.0,0.0,0,test/100/8/0,50
9.206207,0.14439869,0.05754279,-0.0035835165,971.8825,0.22143555,0.1344466,-0.0001772773,76.16,0.12000275,0.16369039,-0.0041126967,9.809688,0.026482055,0.12400538,0.0066724373,4.994884,0.004198551,0.017773183,98.631004,7.8284607,2.0785072,492.65042,-0.56325155,9.123853,971.78735,76.15153,0.45752293,0.27180088,0.010591888,0.037274603,0.0,0.0,2.363134,0.18404724,0.007732151,0.0,1.1689947,-0.8956388,0.44478202,0.0029749947,0.57894737,0.0,0.0,0.0,0.0,0.0,0.0,1.0,1.0,1.0,1.0,0.0,1.0,1.0,0.0,0,test/100/8/0,51
9.273472,0.06726456,0.06481744,-0.0011463581,971.77313,-0.109375,0.13432401,0.00017337655,75.64,-0.5200043,0.19746527,-0.013766892,9.835244,0.026536414,-0.022965636,0.0041960184,4.989654,-0.00522995,0.01768933,95.46371,-3.1672974,2.0647402,476.33087,-0.47317252,9.138815,971.78595,76.10038,0.7480934,-0.036629204,-0.5754721,0.1467421,0.0,-0.038194265,1.6989042,0.21112041,-0.0027978462,0.0,1.1770976,-0.8856185,0.4644135,0.0033923078,0.57894737,0.0,0.0,0.0,0.0,0.0,0.0,1.0,1.0,1.0,1.0,0.0,1.0,1.0,0.0,0,test/100/8/0,52
9.061274,-0.21219826,0.060455617,-0.00033273196,971.98663,0.21350098,0.14203398,0.0032165986,76.01,0.37000275,0.192779,-0.012195427,9.775682,0.027393887,-0.08511874,0.0041452968,4.99067,0.00101614,0.017963799,93.32588,-2.137825,2.0975847,465.7587,-0.527983,9.131061,971.806,76.09134,-0.3877072,0.5160362,-0.10167181,0.016444424,0.022464475,0.0,1.8892262,0.21748261,-0.0045411475,0.0,1.1897944,-0.8912233,0.45356476,0.0036096876,0.57894737,0.0,0.0,0.0,0.0,0.0,0.0,1.0,1.0,1.0,1.0,0.0,1.0,1.0,0.0,0,test/100/8/0,53
9.193531,0.13225746,0.061823476,0.0009575385,971.9667,-0.019958496,0.14553335,0.007570057,76.69,0.6800003,0.22877687,-0.0030675386,9.78964,0.02761317,0.07352003,0.0015686988,4.9700084,-0.02066183,0.014783775,92.81807,-0.5078125,2.1266258,461.30658,-0.5176958,9.137308,971.8221,76.15121,0.3123508,0.41311076,0.6734957,0.033905428,0.031274803,0.047532976,2.1907117,0.21733408,-0.0036087572,0.0,1.1903629,-0.87916,0.4765267,0.00407842,0.57894737,0.0,0.0,0.0,0.0,0.0,0.0,1.0,1.0,1.0,1.0,0.0,1.0,1.0,0.0,0,test/100/8/0,54
9.065838,-0.12769318,0.06271779,0.0006423319,971.7878,-0.17889404,0.1448728,0.008507796,75.89,-0.80000305,0.22445263,-0.002014969,9.778018,0.028243719,-0.025580509,0.0017188415,4.9989395,0.02893114,0.015353797,93.75617,0.9381027,2.1350553,468.68143,-0.4892436,9.130161,971.81866,76.125084,-0.35735014,-0.08821357,-0.29385728,0.0,0.0,0.0,2.2852483,0.21425305,-0.0049256757,0.0,1.182128,-0.8483347,0.52946025,0.005191628,0.5263158,0.0,0.0,0.0,0.0,0.0,0.0,1.0,1.0,1.0,1.0,0.0,1.0,1.0,0.0,0,test/100/8/0,55
9.074634,0.008795738,0.06373454,-0.00021107394,972.2241,0.43634033,0.16567141,0.011525365,76.33,0.44000244,0.22294565,0.0047444566,9.7678,0.024781547,0.0014046375,0.005083817,4.9755445,-0.023395061,0.015108816,89.86122,-3.8949509,2.344482,447.1085,-0.70951754,9.124608,971.8592,76.14558,-0.27763644,1.0426258,0.23053119,0.0,0.1540541,0.0,1.9497833,0.21180625,-0.012635614,0.0,1.1810337,-0.8609287,0.5087256,0.005975916,0.5263158,0.0,0.0,0.0,0.0,0.0,0.0,1.0,1.0,1.0,1.0,0.0,1.0,1.0,0.0,0,test/100/8/0,56
9.068122,-0.006511688,0.06487325,-0.0012146361,971.8295,-0.3945923,0.16429345,0.0102189835,76.04,-0.29000092,0.22204223,0.0017219028,9.83946,0.02582049,0.08187815,0.0061730593,4.9763594,0.0008149147,0.014655042,95.9076,6.046379,2.3526983,477.2707,-0.49857768,9.118959,971.85626,76.13502,-0.28243124,-0.07630267,-0.11877296,0.0,0.07774583,0.0,2.5649667,0.22468728,-0.004575358,0.0,1.1754212,-0.875936,0.48242733,0.0058460417,0.47368422,0.0,0.0,0.0,0.0,0.0,0.0,1.0,1.0,1.0,1.0,0.0,1.0,1.0,0.0,0,test/100/8/0,57
9.205064,0.13694191,0.06687002,-0.0005168499,971.9873,0.15777588,0.1664254,0.011031302,76.36,0.3199997,0.22373824,0.0022632915,9.781327,0.026171023,-0.12979351,0.008508147,4.956622,-0.019737244,0.015143011,89.5861,-6.3215027,2.473733,444.04443,-0.63940436,9.12757,971.8693,76.15752,0.43052143,0.337037,0.253104,0.03003426,0.091321364,0.0,2.0014014,0.22624312,-0.0052089198,0.0,1.184356,-0.8929655,0.45012507,0.0054125236,0.42105263,0.0,0.0,0.0,0.0,0.0,0.0,1.0,1.0,1.0,1.0,0.0,1.0,1.0,0.0,0,test/100/8/0,58
9.161604,-0.043459892,0.06638846,0.00073670264,971.9437,-0.0435791,0.167659,0.013454626,76.23,-0.12999725,0.21809436,0.007263287,9.836378,0.027207647,0.11318415,0.0054912874,4.9623322,0.005710125,0.015301893,92.88861,3.3025131,2.461576,460.94418,-0.6148331,9.130974,971.8768,76.164764,0.17016983,0.19127275,0.08154668,0.009379066,0.07792304,0.0,2.0794656,0.22731256,-0.0068413657,0.0,1.1867766,-0.89529675,0.44547027,0.004940331,0.42105263,0.0,0.0,0.0,0.0,0.0,0.0,1.0,1.0,1.0,1.0,0.0,1.0,1.0,0.0,0,test/100/8/0,59
9.19352,0.031915665,0.06773906,0.0020984665,971.6478,-0.29589844,0.16373286,0.0067833005,76.07,-0.16000366,0.21823132,0.0054663005,9.800445,0.02682614,-0.09098441,0.0071228994,4.958301,-0.0040311813,0.013585401,93.56443,0.6758194,2.4626837,463.9206,-0.6995109,9.137228,971.8539,76.15529,0.31273118,-0.58873624,-0.10661211,0.022798825,-0.004015178,0.0,1.9432911,0.23292103,-0.010251413,0.0,1.192988,-0.8807495,0.4735824,0.0042990753,0.42105263,0.0,0.0,0.0,0.0,0.0,0.0,1.0,1.0,1.0,1.0,0.0,1.0,1.0,0.0,0,test/100/8/0,60
9.06673,-0.12679005,0.06906182,0.0010028732,971.78766,0.13983154,0.16401899,0.00550326,75.76,-0.30999756,0.23271038,0.00067681336,9.7948475,0.026392022,0.030335737,0.0036201514,4.997551,0.039249897,0.01445269,94.27357,0.70913696,2.2787654,471.13693,-0.31301597,9.130178,971.8473,76.11576,-0.35249218,-0.17029577,-0.44469815,0.0,0.0,-0.007830665,1.6738652,0.2503242,-0.021450644,0.0,1.1992147,-0.8737486,0.48637784,0.0038437662,0.42105263,0.0,0.0,0.0,0.0,0.0,0.0,1.0,1.0,1.0,1.0,0.0,1.0,1.0,0.0,0,test/100/8/0,61
9.056236,-0.0104932785,0.069225475,0.0009509295,971.78674,-0.00091552734,0.16332954,0.0033768963,76.19,0.4300003,0.23292673,0.00090987125,9.861253,0.029088149,0.07200362,0.005179457,4.9814396,-0.016111374,0.0145192165,89.55695,-4.716614,2.4092696,446.12256,-0.78355366,9.122784,971.8412,76.123184,-0.36970934,-0.15562041,0.08352201,0.0,0.0,0.0,2.2414272,0.25009364,-0.01861362,0.0,1.1995538,-0.87734884,0.47985315,0.0032932728,0.42105263,0.0,0.0,0.0,0.0,0.0,0.0,1.0,1.0,1.0,1.0,0.0,1.0,1.0,0.0,0,test/100/8/0,62
9.072844,0.016607285,0.06980962,0.00058732356,971.8308,0.044067383,0.16162167,0.0048369216,76.45,0.2599945,0.24329966,0.0048195687,9.828518,0.029234178,-0.09914083,0.0025416478,4.9744897,-0.0069499016,0.014513144,89.28008,-0.27687073,2.537887,444.12286,-0.9287824,9.11779,971.84015,76.15587,-0.24970199,-0.02674224,0.36766362,0.0,0.0,0.0,1.9810995,0.23093449,-0.014095109,0.0,1.2029477,-0.9088612,0.41709867,0.0026325851,0.36842105,0.0,0.0,0.0,0.0,0.0,0.0,1.0,1.0,1.0,1.0,0.0,1.0,1.0,0.0,0,test/100/8/0,63
9.188483,0.11563969,0.06511157,-0.00037758835,971.72644,-0.10437012,0.1619871,0.00170412,76.15,-0.29999542,0.24321336,0.0054511162,9.827387,0.029506136,0.031603917,0.004979896,4.9832773,0.008787632,0.013790095,92.89263,3.6125488,2.5048883,462.90973,-1.1257505,9.124859,971.8288,76.15528,0.35346663,-0.2924483,-0.006597584,0.008172541,0.0,0.0,0.0,0.5118013,-0.040732972,0.05,1.2732711,-0.8781435,0.4783973,0.0020838368,0.31578946,0.0,0.0,0.0,0.0,0.0,0.0,1.0,1.0,1.0,1.0,0.0,1.0,1.0,0.0,8,test/100/8/0,64
9.124566,-0.06391716,0.06508791,-0.00028478078,971.62744,-0.09899902,0.15741546,-0.0055271694,75.9,-0.25,0.24642394,-0.00045861266,9.769062,0.0305487,-0.057194203,0.0035508596,4.9771724,-0.006104946,0.01250384,93.43338,0.5407486,2.4969702,465.03406,-1.0930792,9.12483,971.80865,76.12975,-0.0014658268,-0.5177724,-0.2871878,0.0,-0.012607959,0.0,0.0,0.6655412,-0.06387349,0.1,1.3522267,-0.8931347,0.44978926,0.001472792,0.31578946,0.0,0.0,0.0,0.0,0.0,0.0,1.0,1.0,1.0,1.0,0.0,1.0,1.0,0.0,8,test/100/8/0,65
8.859224,-0.26534176,0.08672301,-0.0035763353,971.8557,0.22827148,0.15212907,-0.0024775225,75.99,0.08999634,0.24696724,-0.0044887112,9.784808,0.028704682,0.07407172,0.0075859716,4.9489946,-0.028177738,0.013813018,91.28458,-2.1488037,2.388471,451.76688,-1.0104408,9.098269,971.81335,76.115776,-1.3280281,0.12098865,-0.15722317,-0.18013795,0.0,0.0,0.0,0.7783076,-0.086600125,0.15,1.4336514,-0.8777697,0.47908285,0.0011264798,0.31578946,0.0,0.0,0.0,0.0,0.0,0.0,1.0,1.0,1.0,1.0,0.0,1.0,1.0,0.0,8,test/100/8/0,66
9.022779,0.16355515,0.08870628,-0.005247419,971.83307,-0.022644043,0.15090992,-0.0011209818,76.03,0.040000916,0.2459569,-0.008233144,9.771186,0.029379183,-0.029369436,0.0010312418,5.00708,0.05808544,0.015278109,94.2126,2.9280243,2.3536785,471.73004,-0.72336,9.09072,971.8153,76.1072,-0.3774495,0.05066225,-0.096499816,-0.1731452,0.0,0.0,0.0,0.8601626,-0.10447274,0.2,1.5301616,-0.86341125,0.50450075,0.0011526722,0.31578946,0.0,0.0,0.0,0.0,0.0,0.0,1.0,1.0,1.0,1.0,0.0,1.0,1.0,0.0,8,test/100/8/0,67
9.14194,0.11916065,0.08839045,-0.0054627485,971.9348,0.101745605,0.15245353,0.0011434226,76.25,0.22000122,0.23999171,-0.0024211109,9.816171,0.029195357,0.05860826,0.0021903536,4.9613357,-0.04574442,0.015412741,89.91795,-4.294647,2.400119,446.11316,-0.8326982,9.095842,971.8273,76.121475,0.25609872,0.30722758,0.16065153,-0.032091595,0.0,0.0,0.0,0.9311801,-0.12465879,0.25,1.6218551,-0.83741575,0.5465664,0.0011075209,0.2631579,0.0,0.0,0.0,0.0,0.0,0.0,1.0,1.0,1.0,1.0,0.0,1.0,1.0,0.0,8,test/100/8/0,68
9.100175,-0.041765213,0.088150755,-0.00515824,971.81067,-0.12414551,0.13585787,-0.0039224955,75.87,-0.37999725,0.23895358,-0.0021279012,9.860977,0.031012436,-0.00017893732,0.0043742377,4.9737754,0.012439728,0.015422735,92.52934,2.6113892,2.3816893,460.22018,-0.7604188,9.096275,971.8256,76.09633,0.021662768,-0.042726483,-0.28291053,0.0,0.0,0.0,0.0,0.9777035,-0.13659722,0.3,1.7453028,-0.88303083,0.46931496,0.0008135785,0.21052632,0.0,0.0,0.0,0.0,0.0,0.0,1.0,1.0,1.0,1.0,0.0,1.0,1.0,0.0,8,test/100/8/0,69
9.1668625,0.066687584,0.08825834,-0.0051039043,971.8365,0.025817871,0.12925519,-0.006923681,76.15,0.27999878,0.23871754,-0.0024361631,9.831163,0.029858049,-0.07462026,0.010051086,4.9893527,0.015577316,0.015372547,91.50914,-1.0202026,2.3584177,456.57138,-0.9629132,9.103334,971.8267,76.1017,0.35293442,0.027934978,0.060379155,0.0,0.0,0.0,0.0,1.0054631,-0.14370237,0.35,1.8955857,-0.8478759,0.53019476,0.0006593982,0.21052632,0.0,0.0,0.0,0.0,0.0,0.0,1.0,1.0,1.0,1.0,0.0,1.0,1.0,0.0,8,test/100/8/0,70
9.062408,-0.10445404,0.08638534,-0.0044197654,971.67444,-0.16204834,0.13471597,-0.009007275,76.13,-0.020004272,0.23848017,-0.0013008347,9.842166,0.030777277,0.040816005,0.006665245,4.9860134,-0.0033392906,0.015014026,91.9501,0.44096375,1.934677,458.46442,-0.5200603,9.099241,971.81146,76.10453,-0.20462923,-0.39155427,0.03183643,0.0,0.0,0.0,0.0,1.0174348,-0.14678451,0.4,2.0769475,-0.8673915,0.49762627,0.0006296687,0.21052632,0.0,0.0,0.0,0.0,0.0,0.0,1.0,1.0,1.0,1.0,0.0,1.0,1.0,0.0,8,test/100/8/0,71
8.9624405,-0.09996796,0.083125375,-0.0038854298,971.7606,0.08618164,0.1350655,-0.01127379,75.99,-0.13999939,0.21532306,-0.010330969,9.8039665,0.030222956,-0.049200896,0.0054421867,4.989356,0.0033426285,0.015002542,89.73218,-2.217926,1.8835459,447.70575,-0.43717214,9.085562,971.8064,76.09308,-0.6840061,-0.13078889,-0.12884653,-0.06023782,0.0,0.0,0.0,1.0448707,-0.1568009,0.45,2.2303586,-0.82889485,0.5594044,0.0008134927,0.15789473,0.0,0.0,0.0,0.0,0.0,0.0,1.0,1.0,1.0,1.0,0.0,1.0,1.0,0.0,8,test/100/8/0,72
9.070151,0.10771084,0.08298148,-0.00469515,971.9294,0.1687622,0.13255152,-0.007739533,75.95,-0.040000916,0.21729957,-0.014616709,9.770647,0.030510822,0.0048793145,0.0033117158,4.9720025,-0.017353535,0.014759661,89.52058,-0.21160126,1.9427854,445.09656,-0.51544195,9.084021,971.81866,76.078766,-0.07705129,0.31624997,-0.16096291,0.0,0.0,0.0,0.0,1.0581821,-0.16125745,0.5,2.4299512,-0.80782783,0.5894185,0.0011219808,0.15789473,0.0,0.0,0.0,0.0,0.0,0.0,1.0,1.0,1.0,1.0,0.0,1.0,1.0,0.0,8,test/100/8/0,73
9.065884,-0.0042676926,0.07984243,-0.003490912,971.71246,-0.21691895,0.13189189,-0.007533161,76.39,0.44000244,0.18553692,-0.0017896207,9.789618,0.030511506,0.052289665,0.007745344,4.9999704,0.02796793,0.015477372,93.59308,4.072502,1.9678046,467.96262,-0.3062795,9.082207,971.80804,76.10989,-0.09068462,-0.27316663,0.35013613,0.0,0.0,0.0,0.0,1.0473028,-0.15811276,0.55,2.7113028,-0.81604046,0.5779948,0.0013470213,0.21052632,0.0,0.0,0.0,0.0,0.0,0.0,1.0,1.0,1.0,1.0,0.0,1.0,1.0,0.0,8,test/100/8/0,74
8.941846,-0.12403774,0.08579607,-0.0058828983,971.8189,0.10644531,0.13161092,-0.008248512,76.43,0.040000916,0.19133984,-0.0005715851,9.81333,0.029751584,0.004742017,0.0042905128,4.9578905,-0.042079926,0.015351443,89.46356,-4.1295166,1.9943838,443.55054,-0.33942515,9.068171,971.80914,76.1419,-0.7018049,0.027866567,0.36012354,-0.07892996,0.0,0.0,0.0,1.0181231,-0.1501811,0.6,3.0837636,-0.8437367,0.5367573,0.0013643787,0.21052632,0.0,0.0,0.0,0.0,0.0,0.0,1.0,1.0,1.0,1.0,0.0,1.0,1.0,0.0,8,test/100/8/0,75
9.2552185,0.3133726,0.09385147,-0.0034727992,971.48706,-0.33184814,0.11799542,-0.0068617743,76.03,-0.40000153,0.18701848,0.0010675186,9.799151,0.028302485,-0.03789062,0.0023641533,5.000665,0.042774677,0.016229123,88.460625,-1.0029373,2.0820642,442.36197,-0.69238484,9.086876,971.7769,76.130714,0.93523866,-0.8282439,-0.12589052,0.09264043,-0.09200006,0.0,0.0,0.99860615,-0.14410979,0.65,3.4931922,-0.86866623,0.49539778,0.0013611794,0.21052632,0.0,0.0,0.0,0.0,0.0,0.0,1.0,1.0,1.0,1.0,0.0,1.0,1.0,0.0,8,test/100/8/0,76
9.038515,-0.21670341,0.09440578,-0.0045328354,971.63025,0.14318848,0.12264811,-0.008551531,76.62,0.59000397,0.21547866,0.007007421,9.833042,0.028013939,0.048069455,0.0046284357,4.9800825,-0.020582676,0.016234042,86.61093,-1.8496933,2.1232214,431.32956,-0.7195675,9.08204,971.76227,76.17964,-0.24180228,-0.37722057,0.550453,0.0,-0.09853813,0.030186748,0.0,0.9151985,-0.12539305,0.7,3.698557,-0.87330574,0.4871725,0.0013569858,0.2631579,0.0,0.0,0.0,0.0,0.0,0.0,1.0,1.0,1.0,1.0,0.0,1.0,1.0,0.0,8,test/100/8/0,77
9.005261,-0.03325367,0.092012115,-0.003861162,971.8173,0.18707275,0.113621116,-0.004777951,76.18,-0.44000244,0.2100858,0.010842018,9.849877,0.028392645,-0.01705662,0.0029073888,4.9564924,-0.023590088,0.016242558,88.56515,1.954216,2.173403,438.9725,-1.0931059,9.074362,971.76776,76.17968,-0.3838904,0.14154571,0.00040494854,-0.0075065936,0.0,0.0,0.0,0.86405027,-0.11171761,0.75,4.430071,-0.8753634,0.48346552,0.0012874082,0.2631579,0.0,0.0,0.0,0.0,0.0,0.0,1.0,1.0,1.0,1.0,0.0,1.0,1.0,0.0,8,test/100/8/0,78
8.97008,-0.035181046,0.09275886,-0.004077829,971.7828,-0.0345459,0.106704496,-0.001930363,76.34,0.15999603,0.21382864,0.015180361,9.791196,0.028335525,-0.07551516,0.0049267155,4.978461,0.021968365,0.015846219,91.600945,3.035797,2.1401184,456.03168,-0.9484768,9.063933,971.7693,76.19571,-0.5214066,0.038558837,0.18035999,-0.052153107,0.0,0.0,0.0,0.789111,-0.093799956,0.8,5.5759096,-0.8334926,0.5525307,0.001267849,0.2631579,0.0,0.0,0.0,0.0,0.0,0.0,1.0,1.0,1.0,1.0,0.0,1.0,1.0,0.0,8,test/100/8/0,79
9.119324,0.14924335,0.08908595,-0.001370511,972.036,0.25323486,0.118375145,0.00010481526,75.72,-0.6199951,0.2326239,0.007969854,9.835773,0.02866312,0.103257865,0.006084427,4.988862,0.010401249,0.015269924,92.271774,0.6708298,2.0834107,460.33115,-0.6880435,9.069472,971.79596,76.14814,0.27695087,0.68587834,-0.5351705,0.0,0.0471646,-0.018325532,0.0,0.7075381,-0.07490541,0.85,7.353291,-0.8693749,0.49415314,0.0012381306,0.21052632,0.0,0.0,0.0,0.0,0.0,0.0,1.0,1.0,1.0,1.0,0.0,1.0,1.0,0.0,8,test/100/8/0,80
9.090312,-0.029011726,0.08926291,-0.00096802175,971.7054,-0.33062744,0.11959821,-0.0009591239,76.54,0.8199997,0.2333774,0.008105245,9.806236,0.028394645,-0.074114196,0.0052966666,5.004401,0.015539169,0.015725022,88.52639,-3.7453842,2.0117383,443.02158,-0.55554986,9.071556,971.7869,76.187325,0.10419714,-0.23289436,0.4408462,0.0,0.0,0.008840903,0.0,0.6347151,-0.05734271,0.9,10.13641,-0.8236042,0.56716496,0.0013433625,0.15789473,0.0,0.0,0.0,0.0,0.0,0.0,1.0,1.0,1.0,1.0,0.0,1.0,1.0,0.0,8,test/100/8/0,81
9.123424,0.033111572,0.09010282,-0.00029365567,971.6212,-0.08416748,0.12446258,-0.0031161888,76.45,-0.09000397,0.24150762,0.012571412,9.81053,0.026271382,0.033830624,0.004570367,4.956236,-0.04816532,0.016589813,86.90962,-1.6167679,2.1667168,430.7446,-0.9511267,9.076743,971.7703,76.21359,0.25933528,-0.42603558,0.2955071,0.0,-0.011514189,0.0,0.0,0.43177062,-0.028301422,0.95,18.166063,-0.8459043,0.53333473,0.0013254227,0.15789473,0.0,0.0,0.0,0.0,0.0,0.0,1.0,1.0,1.0,1.0,0.0,1.0,1.0,0.0,8,test/100/8/0,82
8.940873,-0.18255043,0.09431973,-0.0020659661,971.68225,0.061035156,0.12513629,-0.003456609,76.44,-0.009994507,0.240954,0.020609008,9.79099,0.026346134,-0.023833659,0.0054287994,4.9982896,0.0420537,0.017049626,88.12432,1.2146988,2.2163465,440.47086,-1.2162064,9.063156,971.76154,76.23623,-0.6793504,-0.22648449,0.25471258,-0.07585732,0.0,0.0,0.0,0.0,0.0,1.0,0.0,-0.8430745,0.5377968,0.0010282495,0.21052632,0.0,0.0,0.0,0.0,0.0,0.0,1.0,1.0,1.0,1.0,0.0,1.0,1.0,0.0,8,test/100/8/0,83
9.058517,0.11764431,0.08978328,-0.00013330216,971.7342,0.051940918,0.12503089,-0.0044795675,76.67,0.22999573,0.26357687,0.027210517,9.864617,0.028726218,0.09316715,0.0031878867,4.980942,-0.017347813,0.017038098,85.535225,-2.589096,2.4008064,426.04593,-1.3852301,9.062693,971.7588,76.27961,-0.023193806,-0.07027368,0.4879865,-0.017681599,0.0,0.03646859,0.0,0.0,0.0,1.0,0.0,-0.80795467,0.58924466,0.0011297244,0.21052632,0.0,0.0,0.0,0.0,0.0,0.0,1.0,1.0,1.0,1.0,0.0,1.0,1.0,0.0,8,test/100/8/0,84
8.940266,-0.1182518,0.0917093,-0.0007037306,971.69336,-0.04083252,0.1222109,-0.0076606465,76.48,-0.18999481,0.26047826,0.026368495,9.859688,0.02878669,-0.07855638,0.0057216305,4.984089,0.0031471252,0.017039904,88.24484,2.7096176,2.314847,439.8201,-1.2685035,9.050449,971.75226,76.29965,-0.61213344,-0.16824421,0.2254437,-0.09026028,0.0,0.02290911,0.0,0.0,0.0,1.0,0.0,-0.8328849,0.55344623,0.00095723907,0.21052632,0.0,0.0,0.0,0.0,0.0,0.0,1.0,1.0,1.0,1.0,0.0,1.0,1.0,0.0,8,test/100/8/0,85
9.068344,0.12807846,0.0810294,-0.00335693,971.8812,0.18786621,0.1232504,-0.0046527605,76.41,-0.069999695,0.2569882,0.02507529,9.822693,0.027887398,-0.032065887,0.0054332176,4.9742765,-0.009812355,0.01550887,87.092964,-1.1518784,2.371605,433.22452,-1.4175656,9.052239,971.76514,76.310684,0.08947222,0.33166474,0.12414967,-0.017277984,0.0,0.0,0.0,0.0,0.0,1.0,0.0,-0.8619955,0.5069159,0.00088770647,0.21052632,0.0,0.0,0.0,0.0,0.0,0.0,1.0,1.0,1.0,1.0,0.0,1.0,1.0,0.0,8,test/100/8/0,86
9.191,0.12265587,0.08561763,-0.001989919,971.66425,-0.21697998,0.12435611,-0.005140491,76.19,-0.22000122,0.25235468,0.020639217,9.819287,0.025723524,0.033589635,0.0027318378,4.978451,0.0041742325,0.014408131,88.37185,1.2788849,2.1494393,439.9549,-1.1273884,9.066115,971.75507,76.298615,0.6938043,-0.25945026,-0.13576667,0.029606948,0.0,0.0,0.0,0.0,0.0,1.0,0.0,-0.8328348,0.55352163,0.00087719527,0.21052632,0.0,0.0,0.0,0.0,0.0,0.0,1.0,1.0,1.0,1.0,0.0,1.0,1.0,0.0,8,test/100/8/0,87
8.895627,-0.29537296,0.09128467,-0.0032140007,971.6095,-0.054748535,0.121760756,-0.0045499643,76.33,0.13999939,0.25277442,0.02143623,9.800034,0.026098786,-0.015848346,0.003501122,4.978947,0.0004963875,0.013729262,88.15985,-0.21199799,2.1634488,438.94324,-1.2083583,9.049067,971.7405,76.30176,-0.8524409,-0.37428716,0.03530931,-0.12097737,-0.012676343,0.0,0.0,0.0,0.0,1.0,0.0,-0.84552425,0.53393704,0.00087092916,0.21052632,0.0,0.0,0.0,0.0,0.0,0.0,1.0,1.0,1.0,1.0,0.0,1.0,1.0,0.0,8,test/100/8/0,88
8.904929,0.009302139,0.09606736,-0.00459425,971.6395,0.030029297,0.12281121,-0.005001441,75.91,-0.41999817,0.24977766,0.010113009,9.800585,0.02460497,0.01980522,0.009973678,4.966394,-0.012553215,0.014026022,86.92167,-1.2381821,2.0940259,431.68726,-1.1594608,9.034653,971.7304,76.26258,-0.72068614,-0.25964028,-0.44071954,-0.22739948,-0.0061395606,0.0,0.0,0.0,0.0,1.0,0.0,-0.8902858,0.45540228,0.00093438156,0.21052632,0.0,0.0,0.0,0.0,0.0,0.0,1.0,1.0,1.0,1.0,0.0,1.0,1.0,0.0,8,test/100/8/0,89
8.996853,0.09192371,0.092226095,-0.0033147389,971.60785,-0.031677246,0.123548724,-0.0052404418,76.25,0.33999634,0.24837248,0.008007761,9.846645,0.025281165,0.045509864,0.007422269,4.984753,0.018359184,0.013925492,90.842705,3.9210358,2.0597825,452.82846,-0.8232521,9.030872,971.71814,76.26132,-0.18899894,-0.31513202,-0.014151723,-0.2277557,-0.016034799,0.0,0.0,0.0,0.0,1.0,0.0,-0.8508485,0.5254111,0.0009358151,0.21052632,0.0,0.0,0.0,0.0,0.0,0.0,1.0,1.0,1.0,1.0,0.0,1.0,1.0,0.0,8,test/100/8/0,90
8.797626,-0.19922733,0.10541269,-0.0062749535,971.4988,-0.109069824,0.13269345,-0.009252425,76.68,0.4300003,0.26118976,0.011579144,9.825762,0.0247278,-0.066944756,0.0018425949,4.9590664,-0.02568674,0.014643767,87.832436,-3.0102692,1.9605055,435.56686,-0.6981191,9.007548,971.6962,76.30319,-1.1662357,-0.56408405,0.47101378,-0.4476685,-0.08625774,0.03406437,0.0,0.0,0.0,1.0,0.0,-0.8386833,0.5446194,0.0008974222,0.21052632,0.0,0.0,0.0,0.0,0.0,0.0,1.0,1.0,1.0,1.0,0.0,1.0,1.0,0.0,8,test/100/8/0,91
8.954868,0.15724277,0.10563865,-0.008169114,971.714,0.21520996,0.13229127,-0.008565068,76.49,-0.19000244,0.2541554,0.009398617,9.80694,0.02465975,0.0020613426,0.0020573167,4.948519,-0.010547161,0.015916284,87.596825,-0.23561096,1.9660063,433.47458,-0.7383172,9.00228,971.698,76.32187,-0.26339826,0.045721374,0.21015967,-0.48666883,-0.03029911,0.018146843,0.0,0.0,0.0,1.0,0.0,-0.8248872,0.56529737,0.0009092974,0.21052632,0.0,0.0,0.0,0.0,0.0,0.0,1.0,1.0,1.0,1.0,0.0,1.0,1.0,0.0,8,test/100/8/0,92
8.946086,-0.008782387,0.10623743,-0.008476653,971.6807,-0.03326416,0.12273749,-0.0056181257,76.77,0.27999878,0.2564833,0.0098346,9.803853,0.022519296,0.01573496,0.0064393817,4.9714837,0.022964478,0.015925545,88.08814,0.49131775,1.9613411,437.92877,-0.7346815,8.99666,971.6963,76.366684,-0.28097036,-0.044387173,0.50414234,-0.5328474,0.0,0.07074736,0.0,0.0,0.0,1.0,0.0,-0.85035557,0.52620846,0.00079478393,0.15789473,0.0,0.0,0.0,0.0,0.0,0.0,1.0,1.0,1.0,1.0,0.0,1.0,1.0,0.0,8,test/100/8/0,93
8.86885,-0.077236176,0.110148326,-0.009768386,971.68567,0.0049438477,0.122749664,-0.005651672,76.99,0.22000122,0.29038513,0.01912778,9.81329,0.021572752,0.012524315,0.006838783,4.9804397,0.0089559555,0.01508929,91.77955,3.6914062,1.7620848,457.1025,-0.085313566,8.983879,971.6952,76.429016,-0.63905424,-0.027235705,0.70122945,-0.66212034,0.0,0.17549618,0.0,0.0,0.0,1.0,0.0,-0.8704952,0.49217692,0.0007556208,0.15789473,0.0,0.0,0.0,0.0,0.0,0.0,1.0,1.0,1.0,1.0,0.0,1.0,1.0,0.0,8,test/100/8/0,94
8.976495,0.107645035,0.10940523,-0.011184532,971.6038,-0.081848145,0.121230684,-0.0051334696,76.93,-0.05999756,0.3128874,0.027293196,9.82339,0.021536171,0.0006632973,0.0036552243,4.9686933,-0.011746407,0.014601182,85.34551,-6.4340363,1.8799578,424.0557,-0.2771659,8.983141,971.68604,76.47911,-0.03692362,-0.2349788,0.56360924,-0.6674022,-0.0042966465,0.26135063,0.0,0.0,0.0,1.0,0.0,-0.87364936,0.48655605,0.0008033958,0.21052632,0.0,0.0,0.0,0.0,0.0,0.0,1.0,1.0,1.0,1.0,0.0,1.0,1.0,0.0,8,test/100/8/0,95
8.943886,-0.032608986,0.09407218,-0.008170636,971.53564,-0.06817627,0.11759709,-0.010505482,76.34,-0.59000397,0.3005699,0.019962288,9.80838,0.02117655,-0.025110016,0.00408746,4.984882,0.016188622,0.013698172,88.19858,2.8530655,1.880013,439.6595,-0.23555826,8.979216,971.671,76.4652,-0.19627619,-0.38679132,-0.15650612,-0.7070107,-0.045665227,0.19618699,0.0,0.0,0.0,1.0,0.0,-0.88263756,0.47005415,0.0008724053,0.15789473,0.0,0.0,0.0,0.0,0.0,0.0,1.0,1.0,1.0,1.0,0.0,1.0,1.0,0.0,8,test/100/8/0,96
8.934043,-0.009842873,0.094220094,-0.008250816,971.4208,-0.114868164,0.13110985,-0.015330655,76.68,0.34000397,0.3026784,0.02633827,9.803087,0.021305358,0.009716414,0.004968268,4.9587126,-0.0261693,0.014177781,85.327225,-2.8713531,1.9579393,423.11316,-0.60045874,8.974698,971.646,76.48668,-0.22586294,-0.64348745,0.24164896,-0.7549635,-0.1500454,0.21552761,0.0,0.0,0.0,1.0,0.0,-0.87898785,0.47684416,0.00090042676,0.15789473,0.0,0.0,0.0,0.0,0.0,0.0,1.0,1.0,1.0,1.0,0.0,1.0,1.0,0.0,8,test/100/8/0,97
8.877779,-0.056263924,0.09699527,-0.009502723,971.6375,0.21673584,0.12755069,-0.013790824,76.3,-0.37999725,0.29863718,0.020248093,9.841715,0.020784514,0.043920614,0.0069306125,4.9671454,0.008432865,0.013658572,84.541504,-0.7857208,2.1171877,419.92993,-0.87780035,8.965006,971.64514,76.46801,-0.48459625,-0.02181799,-0.21001285,-0.86267275,-0.1266889,0.13768212,0.0,0.0,0.0,1.0,0.0,-0.9175989,0.39750755,0.001336212,0.15789473,0.0,0.0,0.0,0.0,0.0,0.0,1.0,1.0,1.0,1.0,0.0,1.0,1.0,0.0,8,test/100/8/0,98
8.808891,-0.06888771,0.10393006,-0.012102528,971.5019,-0.13562012,0.12999004,-0.014463496,76.54,0.23999786,0.29828534,0.019932251,9.822751,0.019808982,-0.057590753,0.0068738316,4.980141,0.01299572,0.01368074,91.01041,6.4689026,2.0712974,453.24466,-0.38122648,8.949395,971.6308,76.47521,-0.78057516,-0.36837363,0.08098603,-1.0429697,-0.17949675,0.119593,0.0,0.0,0.0,1.0,0.0,-0.87848395,0.47777185,0.0013427765,0.15789473,0.0,0.0,0.0,0.0,0.0,0.0,1.0,1.0,1.0,1.0,0.0,1.0,1.0,0.0,8,test/100/8/0,99
8.948084,0.13919258,0.09833522,-0.010115002,971.6391,0.13720703,0.09676802,-0.008755241,76.53,-0.010002136,0.2460964,0.009383369,9.7964525,0.020125646,-0.0073348884,0.0043843472,4.966934,-0.013206959,0.0134617975,87.57183,-3.4385757,1.8299633,434.96353,-0.07373421,8.949264,971.63165,76.48069,-0.006554759,0.021281809,0.061635025,-1.0632023,-0.15104441,0.09756513,0.0,0.0,0.0,1.0,0.0,-0.8304586,0.5570804,0.001383224,0.15789473,0.0,0.0,0.0,0.0,0.0,0.0,1.0,1.0,1.0,1.0,0.0,1.0,1.0,0.0,8,test/100/8/0,100
8.852469,-0.09561443,0.09662741,-0.009693975,971.5511,-0.088012695,0.09722459,-0.008927883,76.41,-0.11999512,0.24656472,0.008849593,9.858166,0.021685177,0.08801109,0.003073423,4.9882035,0.021269321,0.012061333,89.53225,1.9604187,1.8627348,446.60507,0.16490357,8.939585,971.6236,76.473625,-0.48397145,-0.20716473,-0.07952298,-1.1874684,-0.1716541,0.044179033,0.0,0.0,0.0,1.0,0.0,-0.7991087,0.6011866,0.0015469622,0.15789473,0.0,0.0,0.0,0.0,0.0,0.0,1.0,1.0,1.0,1.0,0.0,1.0,1.0,0.0,8,test/100/8/0,101
8.783505,-0.068964005,0.09475951,-0.009377674,971.64215,0.09106445,0.097235814,-0.008896539,76.26,-0.15000153,0.25151414,0.0049473066,9.783442,0.023093486,-0.13643716,0.008027657,5.0031495,0.014945984,0.012941324,89.67226,0.14000702,1.8900102,448.6437,0.23342898,8.923976,971.6254,76.45226,-0.7803943,0.047717478,-0.24032241,-1.384076,-0.13801476,0.0,0.0,0.0,0.0,1.0,0.0,-0.74213177,0.670254,0.0023822063,0.10526316,0.0,0.0,0.0,0.0,0.0,0.0,1.0,1.0,1.0,1.0,0.0,1.0,1.0,0.0,8,test/100/8/0,102
8.868709,0.08520317,0.09581428,-0.010215406,971.5125,-0.12963867,0.099780776,-0.009784945,76.69,0.4300003,0.25539804,0.0073157805,9.836763,0.022403741,0.12804663,0.006364593,4.959827,-0.043322563,0.0123568615,89.11441,-0.55784607,1.9057939,441.99207,0.33358747,8.918449,971.61414,76.476036,-0.27633905,-0.29041085,0.26746017,-1.4802812,-0.17732745,0.015913699,0.0,0.0,0.0,1.0,0.0,-0.77549344,0.6313556,0.0027699028,0.10526316,0.0,0.0,0.0,0.0,0.0,0.0,1.0,1.0,1.0,1.0,0.0,1.0,1.0,0.0,8,test/100/8/0,103
8.917887,0.049178123,0.09123741,-0.008384534,971.553,0.04046631,0.09744349,-0.0090198945,76.37,-0.3199997,0.25333413,0.008368402,9.812465,0.020204494,-0.07762138,0.003370774,4.9677463,0.0079193115,0.01233434,88.60689,-0.5075226,1.8196546,440.17654,0.17776039,8.918393,971.60803,76.46543,-0.0028145195,-0.15731354,-0.119285494,-1.5181199,-0.19093029,0.0,0.0,0.0,0.0,1.0,0.0,-0.7509921,0.66031116,0.0032797598,0.10526316,0.0,0.0,0.0,0.0,0.0,0.0,1.0,1.0,1.0,1.0,0.0,1.0,1.0,0.0,8,test/100/8/0,104
8.756251,-0.1616354,0.09813187,-0.010518397,971.4415,-0.111450195,0.10246692,-0.010219213,76.62,0.25,0.25523365,0.010443655,9.828713,0.018127315,0.040547717,0.0046397285,4.974707,0.006960869,0.012102459,90.24133,1.6344452,1.8737421,448.92422,0.34313804,8.902179,971.5914,76.48089,-0.8107101,-0.42816842,0.17389305,-1.7329968,-0.2661469,0.0,0.0,0.0,0.0,1.0,0.0,-0.7442725,0.66787606,0.003926955,0.15789473,0.0,0.0,0.0,0.0,0.0,0.0,1.0,1.0,1.0,1.0,0.0,1.0,1.0,0.0,8,test/100/8/0,105
8.789834,0.033582687,0.09504032,-0.009873504,971.5155,0.07397461,0.081272274,-0.007016748,76.74,0.11999512,0.26049647,0.01291734,9.810542,0.018154085,-0.034419477,0.0047128587,5.00024,0.025532722,0.013471536,91.14947,0.90813446,1.9508914,455.7692,0.4884698,8.8909445,971.5838,76.5068,-0.5617256,-0.19513114,0.29149824,-1.904462,-0.29578796,0.024101978,0.0,0.0,0.0,1.0,0.0,-0.7463673,0.6655343,0.0044370783,0.21052632,0.0,0.0,0.0,0.0,0.0,0.0,1.0,1.0,1.0,1.0,0.0,1.0,1.0,0.0,8,test/100/8/0,106
8.703967,-0.08586693,0.078487895,-0.008099796,971.4675,-0.047973633,0.08270394,-0.0073756627,77.29,0.55000305,0.3018667,0.019278275,9.804966,0.018335748,0.012594227,0.003936236,4.9542804,-0.045959473,0.014124233,88.167786,-2.9816818,1.9520433,436.80795,0.43529403,8.872247,971.57214,76.58512,-0.9348877,-0.2989788,0.88110185,-2.1661055,-0.3504497,0.18342268,0.0,0.0,0.0,1.0,0.0,-0.5921036,0.8058619,0.0073939515,0.21052632,0.0,0.0,0.0,0.0,0.0,0.0,1.0,1.0,1.0,1.0,0.0,1.0,1.0,0.0,8,test/100/8/0,107
8.80526,0.10129261,0.07983659,-0.008810455,971.3902,-0.07733154,0.091224045,-0.00940795,76.3,-0.98999786,0.30305812,0.012052768,9.7982645,0.018418536,-0.0011245325,0.0037861865,4.9733696,0.019089222,0.014063197,89.44689,1.2791061,1.9614545,444.85245,0.4857983,8.865548,971.55396,76.55661,-0.33493587,-0.46793345,-0.32075593,-2.308169,-0.44640768,0.0902575,0.0,0.0,0.0,1.0,0.0,-0.55597496,0.83119905,0.010736787,0.21052632,0.0,0.0,0.0,0.0,0.0,0.0,1.0,1.0,1.0,1.0,0.0,1.0,1.0,0.0,8,test/100/8/0,108
8.799523,-0.005736351,0.080947936,-0.0093202945,971.4517,0.061523438,0.092412375,-0.009757411,77.05,0.75,0.28302392,0.008955108,9.808959,0.018149545,0.017395236,0.0016044215,4.975728,0.0023584366,0.013993108,89.983086,0.53619385,1.9478643,447.73138,0.4539761,8.858946,971.54376,76.60595,-0.33012405,-0.26293698,0.5550697,-2.4519649,-0.5034902,0.18465562,0.0,0.0,0.0,1.0,0.0,-0.58024406,0.81444263,0.012621846,0.21052632,0.0,0.0,0.0,0.0,0.0,0.0,1.0,1.0,1.0,1.0,0.0,1.0,1.0,0.0,8,test/100/8/0,109
8.763195,-0.036328316,0.07810949,-0.008739179,971.2805,-0.17120361,0.10871663,-0.01277039,76.71,-0.34000397,0.27115405,0.0046543265,9.811264,0.01682299,-0.008388568,0.0062059653,5.0120864,0.036358356,0.016196404,90.13033,0.14724731,1.9146318,451.74103,0.7891165,8.849371,971.51746,76.616356,-0.4787532,-0.67688113,0.11705824,-2.6314495,-0.6554618,0.1903648,0.0,0.0,0.0,1.0,0.0,-0.51794016,0.85541683,0.015736826,0.21052632,0.0,0.0,0.0,0.0,0.0,0.0,1.0,1.0,1.0,1.0,0.0,1.0,1.0,0.0,8,test/100/8/0,110
8.611892,-0.15130329,0.09382295,-0.013113868,971.3688,0.088256836,0.11449177,-0.015752485,77.07,0.3600006,0.28726944,0.011594161,9.774296,0.018794296,-0.039273646,0.0039049394,4.999379,-0.012707233,0.01661987,86.82393,-3.306404,1.9489167,434.06577,0.6008369,8.825623,971.50256,76.66172,-1.1873944,-0.38224688,0.5103531,-2.9736593,-0.7521614,0.28415993,0.0,0.0,0.0,1.0,0.0,-0.47452223,0.88024354,0.01932519,0.21052632,0.0,0.0,0.0,0.0,0.0,0.0,1.0,1.0,1.0,1.0,0.0,1.0,1.0,0.0,8,test/100/8/0,111
8.758381,0.14648914,0.092136264,-0.012633775,971.2239,-0.14489746,0.1244395,-0.017210996,76.98,-0.08999634,0.29307425,0.013661831,9.795254,0.019133084,0.05792631,0.008691084,4.978114,-0.02126503,0.015302804,89.686,2.8620682,1.9474567,446.4671,0.55894035,8.818898,971.4747,76.69354,-0.3362092,-0.7166157,0.35807192,-3.1444592,-0.9279256,0.3517801,0.0,0.0,0.0,1.0,0.0,-0.5262805,0.85031104,0.021488499,0.21052632,0.0,0.0,0.0,0.0,0.0,0.0,1.0,1.0,1.0,1.0,0.0,1.0,1.0,0.0,8,test/100/8/0,112
8.556626,-0.20175457,0.10675518,-0.014879091,971.1002,-0.12365723,0.14594969,-0.02022425,76.69,-0.29000092,0.29234323,0.015270812,9.793654,0.019471023,-0.022558033,0.008255062,4.981119,0.0030050278,0.015233303,87.05835,-2.6276474,1.976896,433.64804,0.38470617,8.792671,971.43726,76.69319,-1.3113611,-0.96292984,-0.0039863074,-3.534215,-1.1690358,0.34374762,0.0,0.0,0.0,1.0,0.0,-0.4887142,0.872444,0.023494989,0.21052632,0.0,0.0,0.0,0.0,0.0,0.0,1.0,1.0,1.0,1.0,0.0,1.0,1.0,0.0,8,test/100/8/0,113
8.695013,0.13838673,0.10917034,-0.015781317,971.2186,0.1184082,0.14790873,-0.02059496,76.61,-0.08000183,0.2834337,0.019330908,9.822814,0.019629905,0.030759247,0.0020081238,4.992456,0.011336803,0.015522519,86.426994,-0.6313553,1.8984863,431.48297,0.4887228,8.782906,971.4154,76.684875,-0.48829138,-0.5621586,-0.09358974,-3.7606125,-1.3358619,0.31407532,0.0,0.0,0.0,1.0,0.0,-0.40973765,0.91220343,0.025861721,0.15789473,0.0,0.0,0.0,0.0,0.0,0.0,1.0,1.0,1.0,1.0,0.0,1.0,1.0,0.0,8,test/100/8/0,114
8.702162,0.0071487427,0.10420739,-0.014620353,971.07947,-0.13916016,0.16437162,-0.023543691,76.68,0.069999695,0.27647954,0.024015091,9.818501,0.019513737,-0.03347206,0.00517396,4.998115,0.0056591034,0.015834302,88.32649,1.899498,1.7650179,441.466,0.252088,8.774831,971.3818,76.68439,-0.40371853,-0.8637831,-0.005481106,-3.972739,-1.5770717,0.3006964,0.0,0.0,0.0,1.0,0.0,-0.3771406,0.92615604,0.027769074,0.15789473,0.0,0.0,0.0,0.0,0.0,0.0,1.0,1.0,1.0,1.0,0.0,1.0,1.0,0.0,8,test/100/8/0,115
8.615257,-0.086904526,0.105161816,-0.014803228,971.40656,0.3270874,0.16248593,-0.022107713,76.74,0.05999756,0.26818046,0.020616472,9.829872,0.019899065,0.015683515,0.0036852993,4.9654136,-0.032701492,0.016149748,89.04352,0.71702576,1.7661933,442.1379,0.2452466,8.758874,971.3843,76.68995,-0.7978693,0.06367706,0.06256426,-4.0,-1.62475,0.30078447,0.0,0.0,0.0,1.0,0.0,-0.36930844,0.92930686,0.028376972,0.15789473,0.0,0.0,0.0,0.0,0.0,0.0,1.0,1.0,1.0,1.0,0.0,1.0,1.0,0.0,8,test/100/8/0,116
8.544058,-0.07119942,0.11034394,-0.015664475,971.20386,-0.20269775,0.16918224,-0.025187006,76.73,-0.009994507,0.26856008,0.02184205,9.810643,0.019786332,-0.030599253,0.0059799287,4.9637465,-0.0016670227,0.015854994,88.80874,-0.23477936,1.599432,440.82404,-0.045349166,8.737392,971.3662,76.693954,-1.0740795,-0.46391344,0.045064013,-4.0,-1.7855022,0.29657212,0.0,0.0,0.0,1.0,0.0,-0.32287452,0.94644177,0.028733937,0.15789473,0.0,0.0,0.0,0.0,0.0,0.0,1.0,1.0,1.0,1.0,0.0,1.0,1.0,0.0,8,test/100/8/0,117
8.576427,0.032369614,0.11348101,-0.016365232,971.2157,0.01184082,0.16567145,-0.024348805,76.94,0.20999908,0.2611295,0.019992467,9.801652,0.0187776,0.010236973,0.0055471226,4.9610195,-0.0027270317,0.016158473,91.43858,2.6298447,1.3796016,453.62863,-0.22991651,8.721295,971.3512,76.71856,-0.80482346,-0.38707426,0.2768066,-4.0,-1.9344732,0.3431438,0.0,0.0,0.0,1.0,0.0,-0.26621735,0.963913,0.026766859,0.15789473,0.0,0.0,0.0,0.0,0.0,0.0,1.0,1.0,1.0,1.0,0.0,1.0,1.0,0.0,8,test/100/8/0,118
8.635948,0.05952072,0.11470324,-0.016850233,971.302,0.08630371,0.16453615,-0.023784759,77.1,0.15999603,0.27251512,0.023255575,9.7531185,0.022380475,-0.039541617,0.0030517685,4.968027,0.007007599,0.016359707,90.134926,-1.3036575,1.3317297,447.79272,-0.022506692,8.712761,971.34625,76.7567,-0.4267375,-0.12644301,0.42912146,-4.0,-2.0293481,0.42698306,0.0,0.0,0.0,1.0,0.0,-0.32520804,0.9456425,0.024141407,0.15789473,0.0,0.0,0.0,0.0,0.0,0.0,1.0,1.0,1.0,1.0,0.0,1.0,1.0,0.0,8,test/100/8/0,119
8.542171,-0.09377766,0.110915646,-0.016217073,970.9923,-0.30969238,0.17340168,-0.025177874,77.29,0.19000244,0.29469037,0.028232977,9.80434,0.02225163,0.099754736,0.0043254695,4.9921074,0.024080276,0.016337255,87.80124,-2.3336868,1.3197256,438.31323,-0.23096918,8.695702,971.31085,76.81003,-0.852952,-0.9101506,0.59996206,-4.0,-2.297493,0.5548461,0.0,0.0,0.0,1.0,0.0,-0.35342073,0.9354645,0.02185333,0.15789473,0.0,0.0,0.0,0.0,0.0,0.0,1.0,1.0,1.0,1.0,0.0,1.0,1.0,0.0,8,test/100/8/0,120
8.380251,-0.1619196,0.12787525,-0.018796355,971.3661,0.3737793,0.16702417,-0.021648344,77.4,0.11000061,0.31368896,0.031744294,9.8597975,0.022438006,0.004234655,0.003711513,4.9722567,-0.01985073,0.016328126,88.38385,0.5826111,1.3237619,439.4672,-0.24416983,8.664157,971.3164,76.869026,-1.5772548,0.14201126,0.66371655,-4.0,-2.3448865,0.7058521,0.0,0.0,0.0,1.0,0.0,-0.40265894,0.9153501,0.019249238,0.15789473,0.0,0.0,0.0,0.0,0.0,0.0,1.0,1.0,1.0,1.0,0.0,1.0,1.0,0.0,8,test/100/8/0,121
8.578265,0.19801426,0.12821983,-0.018925665,971.15796,-0.20812988,0.1556882,-0.019376047,77.49,0.08999634,0.31975675,0.032684106,9.783449,0.022437599,-0.13180459,0.004657418,4.971789,-0.00046777725,0.01547934,90.73968,2.3558273,1.3696165,451.13852,-0.047714647,8.655567,971.30054,76.93112,-0.42945802,-0.407381,0.69859076,-4.0,-2.5084636,0.87453705,0.0,0.0,0.0,1.0,0.0,-0.380958,0.9245923,0.017690524,0.15789473,0.0,0.0,0.0,0.0,0.0,0.0,1.0,1.0,1.0,1.0,0.0,1.0,1.0,0.0,8,test/100/8/0,122
8.512432,-0.06583309,0.12549229,-0.018341502,971.13324,-0.024719238,0.15323748,-0.0187757,76.87,-0.6199951,0.31695804,0.029706711,9.742968,0.0255192,0.035867173,0.004007131,4.9816284,0.009839535,0.014913096,87.672295,-3.0673828,1.4032254,436.75076,-0.16557635,8.641254,971.2838,76.92501,-0.7156777,-0.43020666,-0.06876282,-4.0,-2.6810944,0.8830495,0.0,0.0,0.0,1.0,0.0,-0.3893662,0.92108303,0.014700123,0.21052632,0.0,0.0,0.0,0.0,0.0,0.0,1.0,1.0,1.0,1.0,0.0,1.0,1.0,0.0,8,test/100/8/0,123
8.467884,-0.044548035,0.11774127,-0.017081488,971.3112,0.17797852,0.14136201,-0.014423525,77.57,0.69999695,0.32747886,0.031405967,9.836563,0.02647556,0.13407615,0.0065010968,4.979687,-0.0019412041,0.014681161,96.274574,8.60228,2.111304,479.4173,0.3052994,8.623917,971.28656,76.98951,-0.8668501,0.07047305,0.72561,-4.0,-2.7467706,1.0645909,0.0,0.0,0.0,1.0,0.0,-0.37877136,0.92549026,0.011892618,0.21052632,0.0,0.0,0.0,0.0,0.0,0.0,1.0,1.0,1.0,1.0,0.0,1.0,1.0,0.0,8,test/100/8/0,124
8.406461,-0.0614233,0.1248973,-0.018574394,971.247,-0.064208984,0.13661855,-0.012384813,77.16,-0.40999603,0.32190764,0.029390998,9.814933,0.026011225,-0.11522472,0.0053380686,4.9790907,-0.0005965233,0.014636692,93.36387,-2.9107056,2.277617,464.86716,0.64742863,8.602172,971.2826,77.00656,-1.0872816,-0.101683065,0.19180349,-4.0,-2.8460243,1.1382025,0.0,0.0,0.0,1.0,0.0,-0.30890656,0.95109236,0.00915943,0.15789473,0.0,0.0,0.0,0.0,0.0,0.0,1.0,1.0,1.0,1.0,0.0,1.0,1.0,0.0,8,test/100/8/0,125
8.355726,-0.05073452,0.13143726,-0.019735822,970.89526,-0.3517456,0.14768569,-0.013910509,77.35,0.18999481,0.32747307,0.031172868,9.809141,0.025994834,0.015837602,0.0042260755,4.992721,0.01363039,0.014201659,89.1006,-4.2632675,2.2489552,444.85443,0.7877659,8.577527,971.24384,77.0409,-1.232226,-0.99600345,0.3863673,-4.0,-3.1424901,1.2560407,0.0,0.0,0.0,1.0,0.0,-0.3746935,0.92714876,0.005396053,0.15789473,0.0,0.0,0.0,0.0,0.0,0.0,1.0,1.0,1.0,1.0,0.0,1.0,1.0,0.0,8,test/100/8/0,126
8.4309025,0.07517624,0.13413972,-0.020526307,971.0268,0.13153076,0.14503978,-0.013381981,77.18,-0.16999817,0.32347232,0.03829316,9.800056,0.026005113,-0.0032929836,0.0052298554,4.9803133,-0.01240778,0.012959419,93.40529,4.3046875,2.3862445,465.1876,0.935602,8.562864,971.22217,77.05482,-0.7331222,-0.55818117,0.15648264,-4.0,-3.3560662,1.3272225,0.0,0.0,0.0,1.0,0.0,-0.39698207,0.91782635,0.004375073,0.15789473,0.0,0.0,0.0,0.0,0.0,0.0,1.0,1.0,1.0,1.0,0.0,1.0,1.0,0.0,8,test/100/8/0,127
8.366749,-0.06415367,0.13248265,-0.02022329,971.01776,-0.009033203,0.14571604,-0.013540764,77.45,0.26999664,0.29575428,0.033804413,9.76688,0.027192116,-0.024090838,0.0075355824,4.9586782,-0.021635056,0.013757697,91.519066,-1.8862228,2.4176776,453.81363,1.0052952,8.543253,971.2017,77.09433,-0.98057836,-0.52559125,0.44458058,-4.0,-3.5687327,1.4626797,0.0,0.0,0.0,1.0,0.0,-0.3891052,0.9211933,0.003665548,0.21052632,0.0,0.0,0.0,0.0,0.0,0.0,1.0,1.0,1.0,1.0,0.0,1.0,1.0,0.0,8,test/100/8/0,128
8.332112,-0.034636497,0.1302523,-0.01984624,971.01685,-0.00091552734,0.13880639,-0.012181149,77.4,-0.049995422,0.30526116,0.038714238,9.825831,0.027655575,0.09212708,0.0073618973,4.988782,0.030103683,0.013840699,90.14649,-1.3725739,2.418538,449.72122,1.0485069,8.522139,971.1832,77.1249,-1.055703,-0.47538635,0.34387767,-4.0,-3.7758691,1.581129,0.0,0.0,0.0,1.0,0.0,-0.4484444,0.89381075,0.0026613225,0.21052632,0.0,0.0,0.0,0.0,0.0,0.0,1.0,1.0,1.0,1.0,0.0,1.0,1.0,0.0,8,test/100/8/0,129
8.222409,-0.109703064,0.13737985,-0.02090711,970.65826,-0.35858154,0.17689745,-0.017993394,77.37,-0.02999878,0.30013725,0.037300713,9.813174,0.027688092,-0.071608245,0.009206093,4.98258,-0.006201744,0.011860995,91.70608,1.5595856,2.452973,456.93286,1.2550598,8.492166,971.13074,77.14941,-1.498648,-1.3499146,0.27574128,-4.0,-4.0,1.6879096,0.0,0.0,0.0,1.0,0.0,-0.44918594,0.8934383,0.0022698327,0.2631579,0.0,0.0,0.0,0.0,0.0,0.0,1.0,1.0,1.0,1.0,0.0,1.0,1.0,0.0,8,test/100/8/0,130
8.35511,0.13270092,0.13966326,-0.021648036,970.80994,0.15167236,0.18368036,-0.019309642,77.53,0.15999603,0.3139941,0.042864576,9.796678,0.026954098,-0.0038400353,0.0061311726,4.979471,-0.0031089783,0.010937878,94.94266,3.23658,2.579973,472.76425,1.4008851,8.47846,971.09863,77.18747,-0.68527865,-0.82490844,0.4281627,-4.0,-4.0,1.8307537,0.0,0.0,0.0,1.0,0.0,-0.3354893,0.942044,0.0021274353,0.2631579,0.0,0.0,0.0,0.0,0.0,0.0,1.0,1.0,1.0,1.0,0.0,1.0,1.0,0.0,8,test/100/8/0,131
8.169986,-0.1851244,0.14439109,-0.022334475,970.78217,-0.027770996,0.19590874,-0.022470117,77.34,-0.19000244,0.31539539,0.043601397,9.836476,0.027772747,0.056295704,0.0024523812,4.9500356,-0.029435635,0.012560455,95.174805,0.23214722,2.7840345,471.11868,1.6608196,8.447613,971.067,77.20272,-1.5423727,-0.8138287,0.17159368,-4.0,-4.0,1.9214401,0.0,0.0,0.0,1.0,0.0,-0.27962908,0.9601081,0.0017247833,0.2631579,0.0,0.0,0.0,0.0,0.0,0.0,1.0,1.0,1.0,1.0,0.0,1.0,1.0,0.0,8,test/100/8/0,132
8.155061,-0.014925003,0.15849933,-0.025534922,970.9342,0.15203857,0.19909044,-0.024746865,77.85,0.51000214,0.33266836,0.04650366,9.827838,0.028009556,-0.04843681,0.005441474,5.0078244,0.05778885,0.0142397145,93.776245,-1.3985596,2.7446587,469.61496,1.6597962,8.418358,971.0537,77.26745,-1.4627604,-0.34148952,0.7281867,-4.0,-4.0,2.1360135,0.0,0.0,0.0,1.0,0.0,-0.32806343,0.9446557,0.0013319826,0.2631579,0.0,0.0,0.0,0.0,0.0,0.0,1.0,1.0,1.0,1.0,0.0,1.0,1.0,0.0,8,test/100/8/0,133
8.185583,0.030522346,0.15836838,-0.025510423,970.55945,-0.37475586,0.22741196,-0.030258019,78.07,0.22000122,0.3541387,0.049541254,9.850643,0.029381651,0.03144319,0.0044949627,4.9951086,-0.0127158165,0.014382705,94.40165,0.62540436,2.6418622,471.54645,1.5980946,8.395081,971.0043,77.3477,-1.1638727,-1.2709985,0.9028694,-4.0,-4.0,2.3994956,0.0,0.0,0.0,1.0,0.0,-0.3223043,0.94663614,0.0013126937,0.31578946,0.0,0.0,0.0,0.0,0.0,0.0,1.0,1.0,1.0,1.0,0.0,1.0,1.0,0.0,8,test/100/8/0,134
8.11404,-0.07154274,0.15909895,-0.025629029,970.49475,-0.064697266,0.2580165,-0.037899435,78.46,0.3899994,0.4122064,0.05706004,9.816114,0.029348169,-0.05733332,0.0011766298,4.983488,-0.011620522,0.013719202,93.09699,-1.304657,2.5764475,463.94772,1.5252206,8.366976,970.95337,77.45893,-1.4051992,-1.310263,1.2513318,-4.0,-4.0,2.753408,0.0,0.0,0.0,1.0,0.0,-0.44800112,0.894033,0.0015264082,0.2631579,0.0,0.0,0.0,0.0,0.0,0.0,1.0,1.0,1.0,1.0,0.0,1.0,1.0,0.0,8,test/100/8/0,135
8.028461,-0.08557892,0.16994388,-0.027457973,970.71216,0.21740723,0.25117773,-0.036391225,77.95,-0.51000214,0.40483832,0.05556372,9.7770605,0.029725607,-0.0045257714,0.005266287,4.993984,0.0104961395,0.013853513,95.135,2.0380096,2.6221943,475.10272,1.5885059,8.333125,970.9292,77.50804,-1.6925738,-0.6201896,0.5524462,-4.0,-4.0,2.9709415,0.0,0.0,0.0,1.0,0.0,-0.5295588,0.8482733,0.0023432113,0.2631579,0.0,0.0,0.0,0.0,0.0,0.0,1.0,1.0,1.0,1.0,0.0,1.0,1.0,0.0,8,test/100/8/0,136
8.220188,0.19172668,0.16781345,-0.026789768,970.49884,-0.21331787,0.2678677,-0.040086698,78.08,0.13000488,0.3957754,0.05394726,9.809804,0.029720135,0.07179794,0.005454872,4.9755144,-0.01846981,0.013431681,92.809814,-2.3251877,2.5335798,461.77658,1.391101,8.321831,970.88617,77.56524,-0.564683,-1.1067023,0.64345706,-4.0,-4.0,3.2148259,0.0,0.0,0.0,1.0,0.0,-0.5009578,0.8654717,0.0027371068,0.2631579,0.0,0.0,0.0,0.0,0.0,0.0,1.0,1.0,1.0,1.0,0.0,1.0,1.0,0.0,8,test/100/8/0,137
8.033632,-0.18655586,0.17310084,-0.027788524,970.4936,-0.0052490234,0.27894735,-0.04261002,78.22,0.13999939,0.404651,0.05561649,9.851283,0.031258516,0.008735179,0.0024597954,4.9656596,-0.009854794,0.013143908,97.771904,4.9620895,2.817147,485.50198,1.7033008,8.293012,970.8469,77.630714,-1.440994,-1.0095296,0.7366107,-4.0,-4.0,3.4870322,0.0,0.0,0.0,1.0,0.0,-0.5118034,0.8591026,0.0028082274,0.31578946,0.0,0.0,0.0,0.0,0.0,0.0,1.0,1.0,1.0,1.0,0.0,1.0,1.0,0.0,8,test/100/8/0,138
7.994784,-0.0388484,0.17185059,-0.027586224,970.8039,0.31030273,0.26569462,-0.03825188,78.51,0.29000092,0.4402395,0.062030036,9.818881,0.028570903,-0.07388185,0.0033428518,4.980623,0.01496315,0.012856768,92.09876,-5.6731415,2.7714612,458.7092,1.4926708,8.263188,970.84265,77.71864,-1.4911367,-0.110655285,0.98920065,-4.0,-4.0,3.8244944,0.0,0.0,0.0,1.0,0.0,-0.49156106,0.8708431,0.0029289927,0.31578946,0.0,0.0,0.0,0.0,0.0,0.0,1.0,1.0,1.0,1.0,0.0,1.0,1.0,0.0,8,test/100/8/0,139
7.9868155,-0.007968426,0.17413527,-0.0280143,970.48395,-0.3199463,0.2791991,-0.042605247,77.87,-0.6399994,0.43616956,0.060180463,9.802147,0.02860466,0.015668828,0.004109717,4.977287,-0.0033359528,0.012594703,95.18256,3.0838013,2.6126122,473.75092,1.3308305,8.235551,970.80676,77.73378,-1.3818651,-0.9223088,0.17028128,-4.0,-4.0,3.9934077,0.0,0.0,0.0,1.0,0.0,-0.4531788,0.89141965,0.002924389,0.31578946,0.0,0.0,0.0,0.0,0.0,0.0,1.0,1.0,1.0,1.0,0.0,1.0,1.0,0.0,8,test/100/8/0,140
7.9816775,-0.0051379204,0.18239823,-0.030237282,970.79156,0.3076172,0.25522354,-0.03589785,78.05,0.1800003,0.4400827,0.061766993,9.811698,0.026422558,0.02628554,0.0036299494,4.9500513,-0.027235508,0.01410163,96.80479,1.6222229,2.538837,479.1887,1.2116033,8.210164,970.80524,77.7654,-1.2526782,-0.03906228,0.35575348,-4.0,-4.0,4.0,0.0,0.0,0.0,1.0,0.0,-0.46870905,0.8833526,0.003034203,0.31578946,0.0,0.0,0.0,0.0,0.0,0.0,1.0,1.0,1.0,1.0,0.0,1.0,1.0,0.0,8,test/100/8/0,141
7.7603793,-0.22129822,0.19436902,-0.031895768,970.48895,-0.3026123,0.2553889,-0.0359358,78.42,0.36999512,0.4650751,0.069082715,9.807242,0.02574617,-0.0140074175,0.0028303948,4.9483895,-0.0016617775,0.015526502,94.37954,-2.4252472,2.481741,467.0267,1.0431861,8.165185,970.7736,77.83086,-2.0826676,-0.813302,0.73642266,-4.0,-4.0,4.0,0.0,0.0,0.0,1.0,0.0,-0.43475994,0.9005464,0.0030217979,0.2631579,0.0,0.0,0.0,0.0,0.0,0.0,1.0,1.0,1.0,1.0,0.0,1.0,1.0,0.0,8,test/100/8/0,142
7.862972,0.10259247,0.1943826,-0.03189821,970.48944,0.00048828125,0.25292638,-0.035351057,78.23,-0.18999481,0.43186945,0.062496334,9.806952,0.020579051,0.004166159,0.0017875634,4.9972596,0.048870087,0.016095331,94.27,-0.10954285,2.102988,471.09167,0.68177265,8.134964,970.7452,77.87077,-1.3992622,-0.7307162,0.4490362,-4.0,-4.0,4.0,0.0,0.0,0.0,1.0,0.0,-0.49373308,0.8696135,0.003191984,0.21052632,0.0,0.0,0.0,0.0,0.0,0.0,1.0,1.0,1.0,1.0,0.0,1.0,1.0,0.0,8,test/100/8/0,143
7.8566813,-0.006290436,0.19343445,-0.031717274,970.3183,-0.17114258,0.24008133,-0.0334329,78.13,-0.1000061,0.43400356,0.06348877,9.847637,0.0213153,0.040973872,0.005946247,4.9901834,-0.0070762634,0.016300919,96.60302,2.333023,2.1236782,482.0668,1.0991886,8.107136,970.7025,77.8967,-1.2947766,-1.0977255,0.29162574,-4.0,-4.0,4.0,0.0,0.0,0.0,1.0,0.0,-0.46514496,0.88523453,0.0032011305,0.21052632,0.0,0.0,0.0,0.0,0.0,0.0,1.0,1.0,1.0,1.0,0.0,1.0,1.0,0.0,8,test/100/8/0,144
7.7409253,-0.115756035,0.2019608,-0.03324074,970.26196,-0.05633545,0.22895996,-0.03184025,78.02,-0.11000061,0.40716618,0.055594034,9.820716,0.02135808,-0.06760471,0.0026387945,4.9681334,-0.022049904,0.016466985,95.258896,-1.3441238,2.1449673,473.2589,1.1570541,8.070515,970.65845,77.90903,-1.6319473,-1.1328155,0.13871247,-4.0,-4.0,4.0,0.0,0.0,0.0,1.0,0.0,-0.48328415,0.87546355,0.0028956875,0.21052632,0.0,0.0,0.0,0.0,0.0,0.0,1.0,1.0,1.0,1.0,0.0,1.0,1.0,0.0,8,test/100/8/0,145
7.825321,0.084395885,0.20247568,-0.033358812,970.11664,-0.1453247,0.2534125,-0.036396272,78.81,0.7900009,0.4364986,0.060691725,9.774825,0.023055676,-0.018970292,0.005301986,4.9960966,0.027963161,0.01663037,96.55296,1.2940674,1.9177421,482.38794,1.0167247,8.045996,970.60425,77.99912,-1.0898798,-1.393226,1.0135922,-4.0,-4.0,4.0,0.0,0.0,0.0,1.0,0.0,-0.55871105,0.8293624,0.0032821058,0.21052632,0.0,0.0,0.0,0.0,0.0,0.0,1.0,1.0,1.0,1.0,0.0,1.0,1.0,0.0,8,test/100/8/0,146
7.7386875,-0.08663368,0.19886911,-0.032729916,970.1437,0.027038574,0.2586996,-0.037318364,78.44,-0.36999512,0.41146106,0.0556241,9.796707,0.023161707,0.06777216,0.0065369084,4.968429,-0.027667522,0.016765768,97.68669,1.133728,2.0459697,485.3494,1.1833104,8.0152645,970.5582,78.04321,-1.3907492,-1.1843758,0.49598852,-4.0,-4.0,4.0,0.0,0.0,0.0,1.0,0.0,-0.56183994,0.82724595,0.0036688019,0.21052632,0.0,0.0,0.0,0.0,0.0,0.0,1.0,1.0,1.0,1.0,0.0,1.0,1.0,0.0,8,test/100/8/0,147
7.697328,-0.041359425,0.19849929,-0.032663893,970.18243,0.038757324,0.25427628,-0.03650141,78.55,0.11000061,0.4064175,0.054496285,9.789022,0.021396019,-0.029565657,0.005087628,4.9839387,0.015509605,0.016214142,94.05794,-3.6287537,1.9349442,468.779,0.9032686,7.983471,970.5206,78.09389,-1.4415307,-0.96627647,0.57014036,-4.0,-4.0,4.0,0.0,0.0,0.0,1.0,0.0,-0.563389,0.8261917,0.0039475122,0.2631579,0.0,0.0,0.0,0.0,0.0,0.0,1.0,1.0,1.0,1.0,0.0,1.0,1.0,0.0,8,test/100/8/0,148
7.663147,-0.034181118,0.19828922,-0.03262642,970.2002,0.01776123,0.24161442,-0.03418905,78.42,-0.13000488,0.38309819,0.049067706,9.809577,0.021240706,0.028238602,0.006569373,4.980798,-0.0031409264,0.016069526,95.86687,1.8089294,1.6597767,477.49344,0.6605977,7.9514384,970.4886,78.1265,-1.4538941,-0.82397705,0.36687082,-4.0,-4.0,4.0,0.0,0.0,0.0,1.0,0.0,-0.6609377,0.7504407,0.0053696134,0.21052632,0.0,0.0,0.0,0.0,0.0,0.0,1.0,1.0,1.0,1.0,0.0,1.0,1.0,0.0,8,test/100/8/0,149
7.6349883,-0.028158665,0.2035915,-0.0337174,970.10645,-0.09375,0.2544154,-0.037649743,79.16,0.7400055,0.40672538,0.05220314,9.809469,0.021256482,-0.0206618,0.0010951331,4.9992065,0.018408775,0.016665552,94.79064,-1.0762253,1.4926938,473.878,0.43838277,7.9197936,970.4504,78.22985,-1.3989052,-0.9826508,1.1626899,-4.0,-4.0,4.0,0.0,0.0,0.0,1.0,0.0,-0.58774173,0.8090486,0.0058092508,0.21052632,0.0,0.0,0.0,0.0,0.0,0.0,1.0,1.0,1.0,1.0,0.0,1.0,1.0,0.0,8,test/100/8/0,150
7.646611,0.011622906,0.1913414,-0.031663727,970.2132,0.10675049,0.24933858,-0.0363608,78.28,-0.8800049,0.37614053,0.042601597,9.788055,0.021667395,-0.021306459,0.0013008766,4.990961,-0.008245468,0.01684913,93.213,-1.5776443,1.5446303,465.2224,0.31700465,7.892475,970.42664,78.23486,-1.2849497,-0.60988444,0.05641544,-4.0,-4.0,4.0,0.0,0.0,0.0,1.0,0.0,-0.57014596,0.8215434,0.0054250564,0.21052632,0.0,0.0,0.0,0.0,0.0,0.0,1.0,1.0,1.0,1.0,0.0,1.0,1.0,0.0,8,test/100/8/0,151
7.5298104,-0.116800785,0.19936372,-0.033136237,970.0431,-0.17010498,0.25267833,-0.03704306,78.98,0.7000046,0.3480597,0.038872264,9.811882,0.02096437,0.04524047,0.0047984095,4.9949613,0.004000187,0.015635809,96.2925,3.079506,1.571855,480.9773,0.40605474,7.856209,970.3883,78.30938,-1.6372004,-0.9863088,0.83827907,-4.0,-4.0,4.0,0.0,0.0,0.0,1.0,0.0,-0.6502658,0.7597068,0.0048967167,0.21052632,0.0,0.0,0.0,0.0,0.0,0.0,1.0,1.0,1.0,1.0,0.0,1.0,1.0,0.0,8,test/100/8/0,152
7.680591,0.15078068,0.19371064,-0.031727728,970.20917,0.16607666,0.22650607,-0.0318408,78.51,-0.47000122,0.33239508,0.034015115,9.796178,0.020856734,-0.039529957,0.0035724705,4.991099,-0.003862381,0.014670857,94.08519,-2.2073135,1.5612103,469.58847,0.29383934,7.838647,970.37036,78.329445,-0.8159382,-0.46062365,0.22569977,-4.0,-4.0,4.0,0.0,0.0,0.0,1.0,0.0,-0.57629365,0.8172427,0.0040029236,0.15789473,0.0,0.0,0.0,0.0,0.0,0.0,1.0,1.0,1.0,1.0,0.0,1.0,1.0,0.0,8,test/100/8/0,153
7.4388423,-0.24174881,0.19908127,-0.032577354,970.08154,-0.12762451,0.23152907,-0.033288665,78.46,-0.05000305,0.3263115,0.030924857,9.813292,0.018673472,0.03281659,0.0035038616,4.9918213,0.0007224083,0.014535923,95.21324,1.1280518,1.5552002,475.28748,0.29357535,7.7986665,970.3415,78.3425,-1.8074238,-0.7427386,0.14687635,-4.0,-4.0,4.0,0.0,0.0,0.0,1.0,0.0,-0.6253147,0.7803727,0.003102386,0.15789473,0.0,0.0,0.0,0.0,0.0,0.0,1.0,1.0,1.0,1.0,0.0,1.0,1.0,0.0,8,test/100/8/0,154
7.474404,0.03556156,0.20093314,-0.032925658,970.0348,-0.04675293,0.23938403,-0.03570731,79.02,0.55999756,0.3549577,0.04140598,9.792612,0.018859833,-0.037792243,0.0033126222,4.96675,-0.025071144,0.014869293,94.50738,-0.70586395,1.4954878,469.39453,0.08352094,7.76624,970.31085,78.41025,-1.4524056,-0.7886866,0.762186,-4.0,-4.0,4.0,0.0,0.0,0.0,1.0,0.0,-0.5196764,0.8543632,0.0028600786,0.15789473,0.0,0.0,0.0,0.0,0.0,0.0,1.0,1.0,1.0,1.0,0.0,1.0,1.0,0.0,8,test/100/8/0,155
7.4156146,-0.058789253,0.20877908,-0.0345032,970.0941,0.059326172,0.22816163,-0.033154022,79.26,0.2400055,0.3844986,0.046420988,9.836538,0.018631462,0.06460538,0.0056151706,4.9759536,0.009203434,0.014571506,97.21996,2.7125854,1.563398,483.76202,0.24665731,7.731178,970.2892,78.495224,-1.511469,-0.5572649,0.95597357,-4.0,-4.0,4.0,0.0,0.0,0.0,1.0,0.0,-0.53318334,0.8459997,0.0028586604,0.21052632,0.0,0.0,0.0,0.0,0.0,0.0,1.0,1.0,1.0,1.0,0.0,1.0,1.0,0.0,8,test/100/8/0,156
7.392633,-0.022981644,0.19485167,-0.03246021,969.76556,-0.32855225,0.25144035,-0.037733126,79.38,0.11999512,0.421051,0.053232986,9.8109,0.018633222,-0.069565006,0.005311316,4.9735956,-0.0023579597,0.014604735,97.01242,-0.20754242,1.5048804,482.50055,0.16833836,7.6973233,970.2368,78.5837,-1.5637037,-1.346387,0.9953707,-4.0,-4.0,4.0,0.0,0.0,0.0,1.0,0.0,-0.5029695,0.8643042,0.0028538764,0.15789473,0.0,0.0,0.0,0.0,0.0,0.0,1.0,1.0,1.0,1.0,0.0,1.0,1.0,0.0,8,test/100/8/0,157
7.3804455,-0.012187481,0.19391477,-0.0322925,969.8142,0.04864502,0.26399383,-0.04059751,79.1,-0.27999878,0.43157834,0.05630064,9.826586,0.016542934,0.041324597,0.004201351,4.980017,0.006421566,0.014252459,93.028625,-3.9837952,1.4929451,463.28415,0.15894715,7.6656356,970.1945,78.63533,-1.4706975,-1.0866611,0.580835,-4.0,-4.0,4.0,0.0,0.0,0.0,1.0,0.0,-0.5795854,0.8149115,0.0028888718,0.15789473,0.0,0.0,0.0,0.0,0.0,0.0,1.0,1.0,1.0,1.0,0.0,1.0,1.0,0.0,8,test/100/8/0,158
7.262135,-0.11831045,0.20103028,-0.033446103,969.7857,-0.028503418,0.24641973,-0.03794794,79.26,0.16000366,0.4557727,0.06490972,9.832091,0.017193373,-0.010179876,0.006120278,4.979962,-5.531311e-05,0.014252387,97.61482,4.586197,1.4000198,486.11813,0.08612203,7.6252856,970.1537,78.6978,-1.8064461,-1.0512896,0.70275563,-4.0,-4.0,4.0,0.0,0.0,0.0,1.0,0.0,-0.55971515,0.82868505,0.0028120351,0.15789473,0.0,0.0,0.0,0.0,0.0,0.0,1.0,1.0,1.0,1.0,0.0,1.0,1.0,0.0,8,test/100/8/0,159
7.3581176,0.09598255,0.19472618,-0.032252613,970.0245,0.23876953,0.2384164,-0.035408054,78.97,-0.29000092,0.42776042,0.058142852,9.787221,0.017796952,-0.050376777,0.0037375102,4.991317,0.011354923,0.014433661,95.33156,-2.2832642,1.3988022,475.83005,0.0626086,7.5985684,970.14075,78.72502,-1.2348162,-0.33218178,0.30622903,-4.0,-4.0,4.0,0.0,0.0,0.0,1.0,0.0,-0.544396,0.8388283,0.00252376,0.15789473,0.0,0.0,0.0,0.0,0.0,0.0,1.0,1.0,1.0,1.0,0.0,1.0,1.0,0.0,8,test/100/8/0,160
7.199218,-0.15889978,0.19613878,-0.03246484,969.6195,-0.40496826,0.21878901,-0.033105377,78.98,0.010002136,0.4076389,0.052706853,9.812413,0.017804135,0.070063055,0.0062613315,4.9889455,-0.0023713112,0.012650037,96.06529,0.73373413,1.3730836,479.26453,0.17089224,7.5586333,970.0886,78.75052,-1.8324562,-1.3403106,0.28685853,-4.0,-4.0,4.0,0.0,0.0,0.0,1.0,0.0,-0.5623082,0.8269277,0.0023016678,0.15789473,0.0,0.0,0.0,0.0,0.0,0.0,1.0,1.0,1.0,1.0,0.0,1.0,1.0,0.0,8,test/100/8/0,161
7.12023,-0.0789876,0.21507399,-0.036123008,969.5554,-0.064086914,0.23005068,-0.03473382,78.85,-0.13000488,0.40261042,0.04985717,9.8555565,0.020537999,0.017951464,0.0036116338,4.9539604,-0.034985065,0.011928003,96.25668,0.19139099,1.3606312,476.85178,0.052562606,7.5147934,970.0353,78.76047,-1.8345455,-1.3710744,0.11191719,-4.0,-4.0,4.0,0.0,0.0,0.0,1.0,0.0,-0.6309701,0.7758071,0.0020060942,0.15789473,0.0,0.0,0.0,0.0,0.0,0.0,1.0,1.0,1.0,1.0,0.0,1.0,1.0,0.0,8,test/100/8/0,162
7.0840816,-0.036148548,0.22445482,-0.037715074,969.78503,0.22961426,0.21388936,-0.031670544,79.51,0.66000366,0.4178223,0.052789576,9.813862,0.020526607,-0.08483842,0.008143529,4.9892316,0.035271168,0.011577002,95.142365,-1.1143188,1.3327109,474.6873,-0.047279093,7.471722,970.01025,78.83542,-1.7270309,-0.6435303,0.8432296,-4.0,-4.0,4.0,0.0,0.0,0.0,1.0,0.0,-0.59298784,0.8052114,0.0018586252,0.15789473,0.0,0.0,0.0,0.0,0.0,0.0,1.0,1.0,1.0,1.0,0.0,1.0,1.0,0.0,8,test/100/8/0,163
7.110011,0.025929451,0.22528124,-0.03786478,969.62384,-0.16119385,0.21860097,-0.032553032,79.37,-0.13999939,0.40493625,0.05021814,9.802889,0.018805923,0.030721225,0.004203469,4.9920254,0.002793789,0.011642768,97.04776,1.9053955,1.3529842,484.46487,0.1604436,7.435551,969.9716,78.88888,-1.4450376,-0.99367577,0.6014073,-4.0,-4.0,4.0,0.0,0.0,0.0,1.0,0.0,-0.5159285,0.85663164,0.0015909739,0.15789473,0.0,0.0,0.0,0.0,0.0,0.0,1.0,1.0,1.0,1.0,0.0,1.0,1.0,0.0,8,test/100/8/0,164
7.247748,0.1377368,0.22119322,-0.03675173,969.4386,-0.1852417,0.23879562,-0.03592704,79.11,-0.26000214,0.35796547,0.04033086,9.790935,0.018998884,-0.0009800871,0.004343415,5.009768,0.017742634,0.012513128,95.55315,-1.4946136,1.3506598,478.69907,0.1431195,7.4167705,969.91833,78.91099,-0.7641408,-1.370644,0.24876419,-4.0,-4.0,4.0,0.0,0.0,0.0,1.0,0.0,-0.51120657,0.85945785,0.0014516636,0.21052632,0.0,0.0,0.0,0.0,0.0,0.0,1.0,1.0,1.0,1.0,0.0,1.0,1.0,0.0,8,test/100/8/0,165
7.116398,-0.13135004,0.21409495,-0.03544092,969.57336,0.13476562,0.24809027,-0.038432278,79.23,0.12000275,0.36312026,0.042992506,9.826052,0.017834436,0.04706991,0.0029491114,4.970168,-0.039599895,0.012632871,99.2111,3.6579514,1.551144,493.09583,0.46742526,7.3867335,969.88385,78.942894,-1.2626898,-0.8870394,0.35889086,-4.0,-4.0,4.0,0.0,0.0,0.0,1.0,0.0,-0.53382665,0.8455939,0.0014951196,0.15789473,0.0,0.0,0.0,0.0,0.0,0.0,1.0,1.0,1.0,1.0,0.0,1.0,1.0,0.0,8,test/100/8/0,166
7.078097,-0.03830099,0.21171282,-0.03497912,969.7092,0.13586426,0.24610391,-0.03775272,79.8,0.5699997,0.38915366,0.047323383,9.808113,0.017577818,-0.05305478,0.0060974443,4.9788632,0.008695126,0.012201797,91.966995,-7.2441025,1.6905376,457.8911,0.31946433,7.35587,969.8664,79.0286,-1.3120266,-0.44897023,0.9642514,-4.0,-4.0,4.0,0.0,0.0,0.0,1.0,0.0,-0.5194047,0.85452837,0.0015804768,0.15789473,0.0,0.0,0.0,0.0,0.0,0.0,1.0,1.0,1.0,1.0,0.0,1.0,1.0,0.0,8,test/100/8/0,167
6.9309096,-0.14718723,0.21940045,-0.036279667,969.5918,-0.11743164,0.2450354,-0.0374855,79.6,-0.20000458,0.39434665,0.048488796,9.827267,0.01719576,0.037091766,0.0071489466,4.9952693,0.01640606,0.012438777,94.191734,2.224739,1.6851773,470.5131,0.13147005,7.3133736,969.8389,79.08574,-1.7432238,-0.70604026,0.64282113,-4.0,-4.0,4.0,0.0,0.0,0.0,1.0,0.0,-0.52160907,0.85318464,0.0016528657,0.21052632,0.0,0.0,0.0,0.0,0.0,0.0,1.0,1.0,1.0,1.0,0.0,1.0,1.0,0.0,8,test/100/8/0,168
6.957134,0.026224136,0.22106919,-0.036592778,969.4486,-0.14318848,0.24812502,-0.038095206,79.4,-0.19999695,0.37170303,0.043165457,9.795953,0.017566878,-0.050467104,0.0037988862,4.993174,-0.0020952225,0.012535059,92.81035,-1.3813858,1.7791874,463.4182,-0.022890776,7.2777495,969.79987,79.117165,-1.4502969,-1.0036352,0.35354245,-4.0,-4.0,4.0,0.0,0.0,0.0,1.0,0.0,-0.54593426,0.837828,0.0012780504,0.21052632,0.0,0.0,0.0,0.0,0.0,0.0,1.0,1.0,1.0,1.0,0.0,1.0,1.0,0.0,8,test/100/8/0,169
6.996836,0.039702415,0.21684827,-0.03572165,969.2181,-0.23052979,0.27226597,-0.04234826,79.83,0.4300003,0.4034048,0.054195587,9.803891,0.01764725,0.03925225,0.0036999383,4.9850674,-0.0081067085,0.012125809,96.244804,3.4344559,1.7854548,479.78683,0.020665586,7.2496586,969.7417,79.18845,-1.1658944,-1.4960625,0.80193853,-4.0,-4.0,4.0,0.0,0.0,0.0,1.0,0.0,-0.53235215,0.846523,0.0012705494,0.2631579,0.0,0.0,0.0,0.0,0.0,0.0,1.0,1.0,1.0,1.0,0.0,1.0,1.0,0.0,8,test/100/8/0,170
7.0054836,0.008647442,0.20607255,-0.03358384,969.3214,0.10333252,0.270931,-0.042103704,79.51,-0.3199997,0.35805452,0.045751963,9.819471,0.016861001,0.007641825,0.0042624464,4.9611797,-0.023887634,0.013052042,94.99252,-1.2522812,1.7172668,471.27496,-0.20292872,7.2252407,969.69965,79.220604,-1.0664073,-1.0807441,0.36174503,-4.0,-4.0,4.0,0.0,0.0,0.0,1.0,0.0,-0.5727057,0.81976104,0.0012732412,0.2631579,0.0,0.0,0.0,0.0,0.0,0.0,1.0,1.0,1.0,1.0,0.0,1.0,1.0,0.0,8,test/100/8/0,171
6.8686223,-0.13686132,0.20975998,-0.03428131,969.42725,0.10583496,0.26937094,-0.04169206,80.09,0.5799942,0.40197757,0.05479705,9.789306,0.017647827,-0.04574602,0.005454334,4.9827366,0.021556854,0.01276806,94.86627,-0.12625122,1.7120422,472.69363,-0.16659658,7.189579,969.6724,79.30755,-1.5301142,-0.70052266,0.978064,-4.0,-4.0,4.0,0.0,0.0,0.0,1.0,0.0,-0.52134955,0.8533432,0.00094583863,0.2631579,0.0,0.0,0.0,0.0,0.0,0.0,1.0,1.0,1.0,1.0,0.0,1.0,1.0,0.0,8,test/100/8/0,172
6.9279175,0.059295177,0.18755907,-0.030756691,969.13525,-0.2919922,0.270768,-0.041903388,79.65,-0.4399948,0.37093008,0.048466258,9.838969,0.01817909,0.07982989,0.0054588453,4.971855,-0.010881424,0.012812228,98.50923,3.6429596,1.8086115,489.77365,-0.05363111,7.163413,969.6187,79.34179,-1.25558,-1.3813075,0.38526344,-4.0,-4.0,4.0,0.0,0.0,0.0,1.0,0.0,-0.50080425,0.8655606,0.0009973343,0.2631579,0.0,0.0,0.0,0.0,0.0,0.0,1.0,1.0,1.0,1.0,0.0,1.0,1.0,0.0,8,test/100/8/0,173
6.771644,-0.15627337,0.19562443,-0.032149795,968.9408,-0.19445801,0.29355013,-0.045292903,79.84,0.18999481,0.33091658,0.04234587,9.803424,0.018330215,-0.08521003,0.0037311383,4.976234,0.0043787956,0.012638644,89.958,-8.551231,2.1924462,447.65207,-0.48277187,7.124236,969.5509,79.39161,-1.802392,-1.7432116,0.56048125,-4.0,-4.0,4.0,0.0,0.0,0.0,1.0,0.0,-0.5245421,0.8513845,0.000761107,0.2631579,0.0,0.0,0.0,0.0,0.0,0.0,1.0,1.0,1.0,1.0,0.0,1.0,1.0,0.0,8,test/100/8/0,174
6.876235,0.10459089,0.18696438,-0.030483942,969.3604,0.4196167,0.279534,-0.04171069,80.29,0.45000458,0.37333953,0.049421005,9.801974,0.017900161,0.034096062,0.00266978,5.003801,0.02756691,0.013148075,93.62478,3.6667786,2.218228,468.47977,-0.66586363,7.099436,969.53186,79.48145,-1.1938151,-0.48987603,1.0106883,-4.0,-4.0,4.0,0.0,0.0,0.0,1.0,0.0,-0.56097203,0.8278347,0.0007545972,0.21052632,0.0,0.0,0.0,0.0,0.0,0.0,1.0,1.0,1.0,1.0,0.0,1.0,1.0,0.0,8,test/100/8/0,175
6.768357,-0.10787821,0.18641111,-0.030387955,969.1451,-0.21533203,0.26530457,-0.03925382,79.93,-0.3600006,0.38454476,0.05323305,9.80352,0.017272677,0.0029958047,0.00187672,4.9960594,-0.0077414513,0.013364029,97.196304,3.5715256,2.2172272,485.59854,-0.3761707,7.066328,969.49316,79.526306,-1.5984627,-0.9945994,0.50461876,-4.0,-4.0,4.0,0.0,0.0,0.0,1.0,0.0,-0.61676764,0.78714526,0.0009387782,0.21052632,0.0,0.0,0.0,0.0,0.0,0.0,1.0,1.0,1.0,1.0,0.0,1.0,1.0,0.0,8,test/100/8/0,176
6.7169094,-0.05144739,0.18658292,-0.030416477,969.14105,-0.0040283203,0.27057916,-0.04061504,79.58,-0.34999847,0.3842846,0.052932262,9.779817,0.018688858,-0.025249563,0.00292383,4.9959564,-0.000102996826,0.013410422,93.564896,-3.6314087,2.2138343,467.44617,-0.36847708,7.031386,969.45795,79.53168,-1.6854529,-0.90549797,0.060408615,-4.0,-4.0,4.0,0.0,0.0,0.0,1.0,0.0,-0.540206,0.8415328,0.0008684224,0.21052632,0.0,0.0,0.0,0.0,0.0,0.0,1.0,1.0,1.0,1.0,0.0,1.0,1.0,0.0,8,test/100/8/0,177
6.898961,0.18205166,0.17139591,-0.027020572,969.31836,0.17730713,0.2616612,-0.03773611,79.82,0.23999786,0.37928683,0.051338226,9.828652,0.018780418,0.072539166,0.0012825722,4.9943624,-0.0015940666,0.013519706,93.99088,0.42598724,2.1771681,469.42456,-0.6132994,7.0181437,969.44403,79.56051,-0.66212535,-0.35901555,0.32436535,-4.0,-4.0,4.0,0.0,0.0,0.0,1.0,0.0,-0.5641118,0.8256984,0.0008428968,0.21052632,0.0,0.0,0.0,0.0,0.0,0.0,1.0,1.0,1.0,1.0,0.0,1.0,1.0,0.0,8,test/100/8/0,178
6.7386255,-0.16033554,0.17159192,-0.027059196,969.1564,-0.1619873,0.25819787,-0.0368757,80.31,0.48999786,0.40959987,0.05818782,9.8303,0.018683989,-0.047186937,0.0070809955,4.9745755,-0.019786835,0.01367998,94.11585,0.12496948,2.1163871,468.1864,-0.5245068,6.990192,969.4152,79.63546,-1.3975905,-0.7396528,0.8431764,-4.0,-4.0,4.0,1.8998023,0.4140523,0.027140033,0.95,18.095058,-0.54955184,0.8354596,0.0008386267,0.21052632,0.0,0.0,0.0,0.0,0.0,0.0,1.0,1.0,1.0,1.0,0.0,1.0,1.0,0.0,0,test/100/8/0,179
6.705748,-0.032877445,0.15984808,-0.025264751,969.1373,-0.019042969,0.22587234,-0.031570915,80.11,-0.19999695,0.39945474,0.056022413,9.829496,0.01826322,-0.002452697,0.00419217,5.0088677,0.03429222,0.014576037,93.70673,-0.40911865,2.1344388,469.36462,-0.5543609,6.9617476,969.38745,79.68291,-1.4222187,-0.71465516,0.5338622,-4.0,-4.0,4.0,1.7340256,0.54570407,0.04905498,0.9,9.910733,-0.52465314,0.8513161,0.00085738976,0.21052632,0.0,0.0,0.0,0.0,0.0,0.0,1.0,1.0,1.0,1.0,0.0,1.0,1.0,0.0,0,test/100/8/0,180
6.7662487,0.06050062,0.15467218,-0.02413395,968.9815,-0.15582275,0.23499286,-0.033552356,79.78,-0.33000183,0.37030292,0.04758634,9.811498,0.018266015,-0.017195432,0.0024793576,4.962358,-0.046509743,0.015443003,94.08198,0.37524414,2.1264124,466.86847,-0.55592334,6.942198,969.34686,79.69262,-0.9774937,-1.0438768,0.109223925,-4.0,-4.0,4.0,1.8385824,0.6518863,0.06985604,0.85,6.6983953,-0.5134497,0.85811967,0.0008858816,0.2631579,0.0,0.0,0.0,0.0,0.0,0.0,1.0,1.0,1.0,1.0,0.0,1.0,1.0,0.0,0,test/100/8/0,181
6.705882,-0.06036663,0.15612468,-0.02446162,969.128,0.14648438,0.2348153,-0.03349366,80.47,0.69000244,0.35671017,0.045751736,9.767089,0.018147603,-0.026408764,0.0038675366,4.9809937,0.01863575,0.013780258,94.410324,0.32834625,2.1033626,470.25723,-0.5285302,6.918566,969.32495,79.770355,-1.1815774,-0.56281495,0.8745543,-4.0,-4.0,4.0,1.3690308,0.6903064,0.08118444,0.8,5.396061,-0.5532621,0.8330072,0.0005947474,0.2631579,0.0,0.0,0.0,0.0,0.0,0.0,1.0,1.0,1.0,1.0,0.0,1.0,1.0,0.0,0,test/100/8/0,182
6.6314673,-0.07441473,0.16244742,-0.025800044,968.9509,-0.17706299,0.22394897,-0.0316962,80.17,-0.30000305,0.36240044,0.04761639,9.8224745,0.018367631,0.09979349,0.004888566,4.9631357,-0.017858028,0.0146335885,92.35153,-2.058792,2.1649926,458.35318,-0.69545454,6.8898563,969.2876,79.810326,-1.4354934,-0.96183825,0.44959542,-4.0,-4.0,4.0,1.4671464,0.72703546,0.09185579,0.75,4.4656115,-0.5687326,0.82252246,0.00052197627,0.2631579,0.0,0.0,0.0,0.0,0.0,0.0,1.0,1.0,1.0,1.0,0.0,1.0,1.0,0.0,0,test/100/8/0,183
6.707591,0.076123714,0.15895414,-0.024960952,969.1741,0.22314453,0.21125408,-0.028001828,80.2,0.02999878,0.35891968,0.046706602,9.842537,0.019687383,-0.03532257,0.0026375125,4.967668,0.004532337,0.014992613,93.44048,1.0889511,2.1046228,464.18127,-0.6001748,6.8716297,969.27625,79.84929,-0.91132545,-0.2918542,0.4383845,-4.0,-4.0,4.0,1.8222576,0.7814143,0.105393924,0.7,3.6779222,-0.5694509,0.82202536,0.0005287035,0.2631579,0.0,0.0,0.0,0.0,0.0,0.0,1.0,1.0,1.0,1.0,0.0,1.0,1.0,0.0,0,test/100/8/0,184
6.661661,-0.04592991,0.13961565,-0.021998065,969.125,-0.049072266,0.20940787,-0.027257016,80.04,-0.15999603,0.31998146,0.03815775,9.822541,0.01927458,-0.040058084,0.0054659685,5.0014257,0.033757687,0.014361685,89.20876,-4.23172,2.3737657,446.17102,-0.82272184,6.8506327,969.2611,79.86836,-1.0498425,-0.38885462,0.21455051,-4.0,-4.0,4.0,1.6717978,0.8115927,0.114042394,0.65,3.1656399,-0.55338985,0.83292234,0.0004958484,0.2631579,0.0,0.0,0.0,0.0,0.0,0.0,1.0,1.0,1.0,1.0,0.0,1.0,1.0,0.0,0,test/100/8/0,185
6.6283607,-0.0333004,0.1318781,-0.020703513,968.9196,-0.2053833,0.20726784,-0.026846794,80.56,0.51999664,0.31563976,0.037533708,9.832388,0.019543013,0.029841743,0.0026209361,4.97444,-0.026985645,0.014197288,87.393936,-1.814827,2.500851,434.73587,-0.9323966,6.8284054,969.2269,79.93752,-1.1113602,-0.87809765,0.77809167,-4.0,-4.0,4.0,1.6363208,0.8302419,0.11967007,0.6,2.7858455,-0.56918246,0.8222112,0.0005113511,0.21052632,0.0,0.0,0.0,0.0,0.0,0.0,1.0,1.0,1.0,1.0,0.0,1.0,1.0,0.0,0,test/100/8/0,186
6.500309,-0.12805176,0.1348002,-0.021109136,969.0222,0.1026001,0.17756324,-0.021842554,80.5,-0.05999756,0.33537075,0.043052558,9.784196,0.02050931,-0.05803868,0.004804185,5.011334,0.036893845,0.015391865,92.19463,4.8006973,2.4942145,462.0181,-1.1204298,6.795596,969.2065,79.993774,-1.640483,-0.52645904,0.63278526,-4.0,-4.0,4.0,1.764233,0.84770215,0.12466443,0.55,2.4667637,-0.5457495,0.8379484,0.00048470576,0.15789473,0.0,0.0,0.0,0.0,0.0,0.0,1.0,1.0,1.0,1.0,0.0,1.0,1.0,0.0,0,test/100/8/0,187
6.69981,0.19950104,0.13195057,-0.020119898,968.82336,-0.19885254,0.16762698,-0.02050015,80.47,-0.02999878,0.33914348,0.043932263,9.848468,0.021792311,0.11246437,0.0050065643,4.982665,-0.02866888,0.0152165415,92.61232,0.41768646,2.4974163,461.45618,-1.123402,6.7860174,969.16815,80.0414,-0.4789295,-0.98514825,0.53575814,-4.0,-4.0,4.0,1.7469398,0.8548473,0.12675877,0.5,2.2154953,-0.5058582,0.86261666,0.00052104983,0.15789473,0.0,0.0,0.0,0.0,0.0,0.0,1.0,1.0,1.0,1.0,0.0,1.0,1.0,0.0,0,test/100/8/0,188
6.5087323,-0.19107771,0.13736947,-0.021098757,968.85974,0.036376953,0.16314751,-0.019743405,80.7,0.22999573,0.33722138,0.043631498,9.810239,0.021460034,-0.10250058,0.005622011,4.983307,0.0006418228,0.015083263,93.22226,0.6099396,2.4936388,464.55515,-1.1805081,6.758289,969.1373,80.107254,-1.3864251,-0.79309267,0.7409275,-4.0,-4.0,4.0,1.8358256,0.85747516,0.12749591,0.45,2.0012705,-0.4868306,0.8734964,0.00063836086,0.10526316,0.0,0.0,0.0,0.0,0.0,0.0,1.0,1.0,1.0,1.0,0.0,1.0,1.0,0.0,0,test/100/8/0,189
6.5517526,0.04302025,0.1322266,-0.020161875,969.04205,0.18231201,0.16205546,-0.019136632,80.5,-0.19999695,0.34271502,0.045308232,9.791955,0.021881152,0.019944292,0.0028810163,4.975111,-0.008195877,0.015200404,96.309784,3.0875244,2.497273,479.15186,-0.77234775,6.737635,969.1278,80.14653,-1.0326813,-0.24498111,0.44183818,-4.0,-4.0,4.0,1.3154322,0.83300513,0.11803824,0.4,1.8715979,-0.53944963,0.8420179,0.0006342086,0.10526316,0.0,0.0,0.0,0.0,0.0,0.0,1.0,1.0,1.0,1.0,0.0,1.0,1.0,0.0,0,test/100/8/0,190
6.5733275,0.021574974,0.12056885,-0.01811094,968.89276,-0.14929199,0.16041885,-0.018766338,80.63,0.12999725,0.32870302,0.042781927,9.843804,0.022866163,0.07013383,0.002804881,4.9571548,-0.017956257,0.01551666,92.310585,-3.999199,2.4848363,457.59784,-0.8055449,6.7212043,969.1043,80.19488,-0.8215383,-0.6043767,0.54390126,-4.0,-4.0,4.0,1.6708418,0.81152487,0.11167975,0.35,1.7292753,-0.54739714,0.836873,0.00060423784,0.15789473,0.0,0.0,0.0,0.0,0.0,0.0,1.0,1.0,1.0,1.0,0.0,1.0,1.0,0.0,0,test/100/8/0,191
6.4243307,-0.14899683,0.12993763,-0.01969964,969.0245,0.13171387,0.14006153,-0.01419875,80.52,-0.11000061,0.33596474,0.046157785,9.818692,0.022156792,-0.07696183,0.0073611718,4.9635005,0.006345749,0.016100882,90.240746,-2.0698395,2.5477345,447.90994,-0.9341734,6.691517,969.0963,80.22739,-1.4843687,-0.20524622,0.36576045,-4.0,-4.0,4.0,1.9946557,0.79398865,0.10743462,0.3,1.6645093,-0.48919693,0.87217337,0.0006850862,0.15789473,0.0,0.0,0.0,0.0,0.0,0.0,1.0,1.0,1.0,1.0,0.0,1.0,1.0,0.0,0,test/100/8/0,192
6.5460877,0.12175703,0.12106043,-0.01794461,969.13873,0.11425781,0.14015216,-0.012003642,80.33,-0.18999481,0.31176668,0.03922553,9.834198,0.021928398,0.040618133,0.005522692,4.984042,0.020541668,0.015925983,89.941795,-0.2989502,2.315641,448.27368,-0.75065243,6.6769743,969.1005,80.23765,-0.7271466,0.109084204,0.11544025,-4.0,-4.0,4.0,1.6121246,0.7498613,0.09472529,0.25,1.5596031,-0.48282152,0.8757188,0.0007444962,0.21052632,0.0,0.0,0.0,0.0,0.0,0.0,1.0,1.0,1.0,1.0,0.0,1.0,1.0,0.0,0,test/100/8/0,193
6.5890455,0.042957783,0.11986234,-0.017469188,968.863,-0.27575684,0.14453296,-0.016823538,80.84,0.5099945,0.32395706,0.04155627,9.811743,0.02177636,-0.037961625,0.007699438,4.968798,-0.015244007,0.016161142,87.41332,-2.528473,2.5230842,434.33914,-1.368868,6.6681814,969.0768,80.29788,-0.43964306,-0.6109132,0.67764,-4.0,-4.0,4.0,1.5559447,0.6927092,0.07878914,0.2,1.470174,-0.46309173,0.88631034,0.00093048805,0.21052632,0.0,0.0,0.0,0.0,0.0,0.0,1.0,1.0,1.0,1.0,0.0,1.0,1.0,0.0,0,test/100/8/0,194
6.5250893,-0.06395626,0.112382874,-0.01598141,968.805,-0.0579834,0.13736382,-0.015729219,80.29,-0.5499954,0.32395706,0.041631505,9.835861,0.021953924,0.046574697,0.0033876165,4.9857,0.01690197,0.015432076,88.40873,0.9954071,2.6657722,440.77942,-1.5462018,6.653872,969.0496,80.2971,-0.71546006,-0.69892204,-0.008868812,-4.0,-4.0,4.0,1.8927462,0.62857693,0.065324664,0.15,1.3743116,-0.3939857,0.91911656,0.0015267045,0.21052632,0.0,0.0,0.0,0.0,0.0,0.0,1.0,1.0,1.0,1.0,0.0,1.0,1.0,0.0,0,test/100/8/0,195
6.5287504,0.0036611557,0.11108237,-0.015616629,968.68805,-0.11694336,0.15375978,-0.018870281,80.48,0.19000244,0.31568107,0.038736846,9.818419,0.021719338,-0.04156121,0.0074993507,4.985406,-0.00029420853,0.015103202,92.60744,4.1987076,2.4212375,461.68567,-1.1129237,6.64136,969.0135,80.315384,-0.62560827,-0.9297414,0.20577082,-4.0,-4.0,4.0,1.7432193,0.536831,0.04687786,0.1,1.2964548,-0.4418783,0.897075,0.001442775,0.21052632,0.0,0.0,0.0,0.0,0.0,0.0,1.0,1.0,1.0,1.0,0.0,1.0,1.0,0.0,0,test/100/8/0,196
6.512448,-0.016302586,0.1120577,-0.01593676,968.6757,-0.012329102,0.16676204,-0.021563813,80.42,-0.060005188,0.26726526,0.028631603,9.81879,0.019854805,0.017813386,0.0056609353,4.9870143,0.0016083717,0.014783996,88.378746,-4.228691,2.523485,440.74606,-1.2294401,6.6284685,968.9797,80.32585,-0.6445604,-0.8684706,0.117687896,-4.0,-4.0,4.0,1.9638706,0.41376108,0.02896184,0.05,1.2186761,-0.34894085,0.93714476,0.0022861427,0.21052632,0.0,0.0,0.0,0.0,0.0,0.0,1.0,1.0,1.0,1.0,0.0,1.0,1.0,0.0,0,test/100/8/0,197
6.419955,-0.09249306,0.10051557,-0.01439626,968.73517,0.059448242,0.15684462,-0.01990875,80.4,-0.019996643,0.23719981,0.020766983,9.835924,0.02007226,0.016762909,0.007352541,4.99564,0.008625507,0.014845977,88.76321,0.38446045,2.555322,443.42902,-1.2362404,6.6076174,968.95526,80.33326,-1.0425696,-0.62875664,0.083422884,-4.0,-4.0,4.0,1.7442412,0.17879735,0.004955064,0.0,1.1570251,-0.35684636,0.9341631,0.002861445,0.2631579,0.0,0.0,0.0,0.0,0.0,0.0,1.0,1.0,1.0,1.0,0.0,1.0,1.0,0.0,0,test/100/8/0,198
6.404437,-0.015517712,0.10320183,-0.014888744,968.7888,0.053649902,0.15393154,-0.019167976,80.45,0.049995422,0.23691924,0.020481206,9.826959,0.020004027,-0.026099505,0.0025603906,4.9965367,0.0008969307,0.015164321,89.79551,1.0323029,2.512008,448.66656,-1.1486772,6.5872993,968.9386,80.34494,-1.0159012,-0.4279241,0.13132545,-4.0,-4.0,4.0,1.9134657,0.17953075,0.010739742,0.0,1.1565669,-0.37268126,0.92795944,0.0032466599,0.31578946,0.0,0.0,0.0,0.0,0.0,0.0,1.0,1.0,1.0,1.0,0.0,1.0,1.0,0.0,0,test/100/8/0,199
6.270781,-0.13365602,0.118946694,-0.017307179,968.81555,0.026733398,0.1490775,-0.017793262,80.74,0.29000092,0.23907001,0.02096993,9.804066,0.020190457,-0.013927576,0.0043255906,4.9914236,-0.005113125,0.0140397595,90.843666,1.0481567,2.4539425,453.4392,-0.94497687,6.5556474,968.9263,80.384445,-1.5825912,-0.31638867,0.44444394,-4.0,-4.0,4.0,1.8162642,0.18086462,0.012497751,0.0,1.1538159,-0.34246206,0.9395317,0.0038482952,0.2631579,0.0,0.0,0.0,0.0,0.0,0.0,1.0,1.0,1.0,1.0,0.0,1.0,1.0,0.0,0,test/100/8/0,200
6.4940853,0.22330427,0.10951557,-0.014926194,968.83185,0.016296387,0.14969203,-0.018162226,80.82,0.08000183,0.20372154,0.016443618,9.819885,0.02011532,0.038712643,0.0072360327,4.9415054,-0.049918175,0.016012434,89.53985,-1.3038177,2.3856187,442.46167,-0.91356343,6.5494914,968.9169,80.428,-0.30781075,-0.2428448,0.4900016,-4.0,-4.0,4.0,1.8037765,0.17986788,0.015604596,0.0,1.1549785,-0.40480837,0.91440153,0.003996788,0.2631579,0.0,0.0,0.0,0.0,0.0,0.0,1.0,1.0,1.0,1.0,0.0,1.0,1.0,0.0,0,test/100/8/0,201
6.379747,-0.1143384,0.10850243,-0.014722504,968.64703,-0.18481445,0.15218821,-0.018633436,80.67,-0.15000153,0.20802031,0.01910529,9.808505,0.016400898,-0.027199877,0.0014450126,4.9511256,0.00962019,0.017185088,91.169174,1.6293259,2.2527552,451.39,-0.6643935,6.532517,968.8899,80.4522,-0.8487217,-0.69379747,0.27224973,-4.0,-4.0,4.0,1.745762,0.16119747,0.010521029,0.0,1.1425171,-0.37093538,0.92865866,0.004108751,0.2631579,0.0,0.0,0.0,0.0,0.0,0.0,1.0,1.0,1.0,1.0,0.0,1.0,1.0,0.0,0,test/100/8/0,202
6.403715,0.02396822,0.1089845,-0.014860951,968.5515,-0.09552002,0.16837944,-0.022541706,80.71,0.040000916,0.20008105,0.017300764,9.827026,0.016443234,0.029901903,0.00568901,5.001801,0.050675392,0.01753643,87.60744,-3.561737,2.3262362,438.19498,-0.763311,6.5196366,968.856,80.47798,-0.6440084,-0.87004066,0.29002577,-4.0,-4.0,4.0,1.9037045,0.15266675,0.008676465,0.0,1.1284088,-0.36637238,0.9304683,0.004029173,0.2631579,0.0,0.0,0.0,0.0,0.0,0.0,1.0,1.0,1.0,1.0,0.0,1.0,1.0,0.0,0,test/100/8/0,203
6.360728,-0.042987347,0.10471066,-0.014069065,968.73444,0.18292236,0.15561628,-0.019712841,80.09,-0.62000275,0.20989455,0.0063006924,9.811824,0.015859608,-0.033724595,0.001402148,4.987872,-0.01392889,0.017361881,88.5267,0.91926575,2.2688851,441.55988,-0.691823,6.5037456,968.8439,80.43918,-0.7945443,-0.31266478,-0.4364799,-4.0,-4.0,4.0,2.1817515,0.1782349,0.01575454,0.0,1.2218276,-0.31788447,0.9481295,0.00410808,0.2631579,0.0,0.0,0.0,0.0,0.0,0.0,1.0,1.0,1.0,1.0,0.0,1.0,1.0,0.0,0,test/100/8/0,204
6.3950267,0.034298897,0.100041896,-0.012990806,968.47473,-0.2597046,0.162381,-0.02070776,80.82,0.73000336,0.19092102,0.0033684007,9.778559,0.018260393,-0.018061789,0.0022916023,4.9903016,0.0024294853,0.016879389,87.949455,-0.5772476,2.3159587,438.89432,-0.90876967,6.4928737,968.80695,80.477264,-0.5435954,-0.9492101,0.42842188,-4.0,-4.0,4.0,1.7363435,0.17690471,0.013553371,0.0,1.2196233,-0.35512966,0.9348171,0.0039172363,0.2631579,0.0,0.0,0.0,0.0,0.0,0.0,1.0,1.0,1.0,1.0,0.0,1.0,1.0,0.0,0,test/100/8/0,205
6.4180536,0.023026943,0.09545498,-0.011708432,968.70325,0.22851562,0.16237092,-0.020703217,80.74,-0.08000183,0.19550912,0.006330768,9.741474,0.024411507,-0.0038201772,0.0054161004,4.9500175,-0.040284157,0.018127799,91.904625,3.9551697,2.2442508,454.92947,-1.0662552,6.4853916,968.7966,80.50353,-0.37410113,-0.2666775,0.29557762,-4.0,-4.0,4.0,1.9108181,0.17595829,0.013187472,0.0,1.2103372,-0.31797487,0.94809914,0.0036421742,0.2631579,0.0,0.0,0.0,0.0,0.0,0.0,1.0,1.0,1.0,1.0,0.0,1.0,1.0,0.0,0,test/100/8/0,206
6.328269,-0.08978462,0.10043642,-0.013414313,968.8669,0.16363525,0.15540221,-0.016415657,80.67,-0.069999695,0.19658221,0.0070751333,9.754847,0.02688729,0.050457835,0.0045239604,4.9640684,0.014050961,0.016862066,89.206985,-2.6976395,2.2249646,442.8296,-0.9961906,6.4696794,968.8036,80.52018,-0.78561413,0.18076663,0.18727021,-4.0,-4.0,4.0,1.8320243,0.17603216,0.013302836,0.0,1.2080656,-0.39614838,0.9181865,0.0031448095,0.2631579,0.0,0.0,0.0,0.0,0.0,0.0,1.0,1.0,1.0,1.0,0.0,1.0,1.0,0.0,0,test/100/8/0,207
6.342735,0.014465809,0.0884329,-0.011504818,968.5567,-0.31018066,0.16387175,-0.019465443,80.43,-0.23999786,0.19773358,0.0036616563,9.784225,0.026174115,0.01600523,0.0075426023,5.0011067,0.037038326,0.017625418,89.7916,0.5846176,2.1648946,449.05737,-0.81717515,6.456985,968.77893,80.51116,-0.63472366,-0.63491744,-0.10145441,-4.0,-4.0,4.0,2.1502697,0.19166675,0.01758957,0.0,1.1947248,-0.29678777,0.9549435,0.0032343653,0.2631579,0.0,0.0,0.0,0.0,0.0,0.0,1.0,1.0,1.0,1.0,0.0,1.0,1.0,0.0,0,test/100/8/0,208
6.335061,-0.0076737404,0.09062648,-0.012185008,968.58594,0.02923584,0.16841099,-0.021122202,80.42,-0.010002136,0.1974148,0.0037969546,9.841036,0.027100086,0.027432954,0.0056500067,4.9602714,-0.04083538,0.017994467,86.630646,-3.1609573,2.1808722,429.7115,-0.84695363,6.4447927,968.75964,80.502045,-0.60962,-0.49624783,-0.10256137,-4.0,-4.0,4.0,2.0856922,0.20048255,0.021750716,0.0,1.1866068,-0.2898249,0.9570797,0.003355689,0.31578946,0.0,0.0,0.0,0.0,0.0,0.0,1.0,1.0,1.0,1.0,0.0,1.0,1.0,0.0,0,test/100/8/0,209
6.226559,-0.10850191,0.09801922,-0.013474799,968.6571,0.07116699,0.15801916,-0.018471945,81.25,0.83000183,0.24910627,0.0130526265,9.786812,0.027297467,-0.111035205,0.0057200426,5.008436,0.048164845,0.019249024,88.06529,1.4346466,1.6349646,441.06943,-0.43160498,6.4229693,968.7494,80.57684,-1.0911676,-0.26362222,0.8414468,-4.0,-4.0,4.0,2.2040346,0.17915216,0.01900999,0.0,1.1704428,-0.21566838,0.97646666,0.0034406662,0.2631579,0.0,0.0,0.0,0.0,0.0,0.0,1.0,1.0,1.0,1.0,0.0,1.0,1.0,0.0,0,test/100/8/0,210
6.30199,0.07543087,0.09513514,-0.012857336,968.47076,-0.18634033,0.16577648,-0.020262066,80.51,-0.73999786,0.24941917,0.0126616685,9.791302,0.026444277,0.058714114,0.0073358873,4.972685,-0.035751343,0.018673457,89.16423,1.098938,1.4982653,443.38565,-0.2662272,6.4108715,968.7215,80.57016,-0.6048964,-0.7164208,-0.075195454,-4.0,-4.0,4.0,1.7992051,0.1740178,0.014761474,0.0,1.1664671,-0.3054253,0.952216,0.0026116208,0.2631579,0.0,0.0,0.0,0.0,0.0,0.0,1.0,1.0,1.0,1.0,0.0,1.0,1.0,0.0,0,test/100/8/0,211
6.349666,0.047676086,0.095974326,-0.01350334,968.5788,0.10803223,0.15435459,-0.017794594,81.09,0.5799942,0.27243808,0.018999934,9.813524,0.02635883,0.017731814,0.0029527834,4.992063,0.019378185,0.018497113,90.44974,1.2855072,1.5055189,451.5308,-0.11608529,6.404751,968.7072,80.62214,-0.30602637,-0.36698163,0.5848176,-4.0,-4.0,4.0,1.8339005,0.17221627,0.015928429,0.0,1.1714504,-0.27368146,0.96182036,0.002333561,0.21052632,0.0,0.0,0.0,0.0,0.0,0.0,1.0,1.0,1.0,1.0,0.0,1.0,1.0,0.0,0,test/100/8/0,212
6.364093,0.014426708,0.090807356,-0.011908492,968.70575,0.12695312,0.11874284,-0.01103924,81.03,-0.05999756,0.27928942,0.020624032,9.786934,0.025952378,-0.048811957,0.002717811,4.9834785,-0.008584499,0.018492566,91.38305,0.93331146,1.567359,455.40543,0.08970688,6.400685,968.7071,80.662926,-0.2032902,-0.0038325589,0.45883855,-4.0,-4.0,4.0,1.8885348,0.16161475,0.012077646,0.0,1.1629081,-0.26602584,0.9639659,0.002006901,0.2631579,0.0,0.0,0.0,0.0,0.0,0.0,1.0,1.0,1.0,1.0,0.0,1.0,1.0,0.0,0,test/100/8/0,213
6.308577,-0.055515766,0.08130515,-0.01015477,968.5762,-0.12957764,0.11381688,-0.00983795,80.55,-0.47999573,0.27622247,0.022390965,9.7999325,0.025923992,0.039588906,0.0068911747,5.000117,0.016638279,0.018737528,89.55426,-1.8287888,1.5010959,447.78177,-0.044153817,6.3914742,968.694,80.651634,-0.46054,-0.33664894,-0.12704049,-4.0,-4.0,4.0,2.291821,0.16615158,0.012685389,0.0,1.1861984,-0.3273086,0.9449175,0.0015755169,0.2631579,0.0,0.0,0.0,0.0,0.0,0.0,1.0,1.0,1.0,1.0,0.0,1.0,1.0,0.0,0,test/100/8/0,214
6.2190013,-0.08957577,0.08201561,-0.0102687795,968.47864,-0.09753418,0.11699638,-0.010514246,80.35,-0.20000458,0.2728295,0.013052632,9.80799,0.024919337,-0.004940719,0.004983602,4.9504476,-0.049669266,0.019955935,87.550224,-2.004036,1.5430067,433.4128,-0.30181122,6.374227,968.6725,80.621475,-0.8623648,-0.5537862,-0.33934158,-4.0,-4.0,4.0,2.129105,0.17195003,0.015179958,0.0,1.1789869,-0.32365274,0.94617593,0.0014859868,0.31578946,0.0,0.0,0.0,0.0,0.0,0.0,1.0,1.0,1.0,1.0,0.0,1.0,1.0,0.0,0,test/100/8/0,215
6.2539525,0.03495121,0.07681885,-0.009365396,968.4619,-0.016723633,0.124079235,-0.012785167,80.85,0.5,0.2744353,0.013766973,9.799946,0.024668152,-0.016103059,0.0033186853,4.997401,0.046953678,0.02027017,89.264534,1.7143097,1.3616924,446.0907,-0.03717968,6.3621993,968.6514,80.644325,-0.6013723,-0.5414112,0.25709257,-4.0,-4.0,4.0,2.0260463,0.1672534,0.01348588,0.0,1.1704719,-0.30853066,0.9512144,0.0011432837,0.36842105,0.0,0.0,0.0,0.0,0.0,0.0,1.0,1.0,1.0,1.0,0.0,1.0,1.0,0.0,0,test/100/8/0,216
6.2463202,-0.0076322556,0.07113616,-0.008415223,968.75366,0.29174805,0.12619402,-0.010742876,81.32,0.47000122,0.3050324,0.019691782,9.795846,0.024391586,0.003945177,0.004791087,4.9973884,-1.2874603e-05,0.020544082,91.60783,2.3432922,1.4350786,457.7999,0.087551855,6.3506117,968.6616,80.71189,-0.57939637,0.26293916,0.7601347,-4.0,-4.0,4.0,1.666825,0.17802927,0.009718734,0.0,1.1794182,-0.18525492,0.9826905,0.0016424914,0.31578946,0.0,0.0,0.0,0.0,0.0,0.0,1.0,1.0,1.0,1.0,0.0,1.0,1.0,0.0,0,test/100/8/0,217
6.3949857,0.14866543,0.069951184,-0.006401484,968.55597,-0.19769287,0.1261006,-0.010703318,80.88,-0.44000244,0.2996745,0.01766172,9.79064,0.023096275,-0.0011054862,0.006008853,4.9890814,-0.00830698,0.020370318,90.52474,-1.0830841,1.4449587,451.6353,0.1409355,6.355049,968.65106,80.7287,0.22187042,-0.27170786,0.18911847,-4.0,-4.0,4.0,1.9273235,0.17270628,0.006651847,0.0,1.1738881,-0.16806535,0.9857758,0.0021722515,0.2631579,0.0,0.0,0.0,0.0,0.0,0.0,1.0,1.0,1.0,1.0,0.0,1.0,1.0,0.0,0,test/100/8/0,218
6.1720424,-0.2229433,0.07719103,-0.007780118,968.86804,0.31207275,0.13183427,-0.0050890013,80.62,-0.2599945,0.29427195,0.011985056,9.795387,0.022161806,0.009952148,0.0054675355,4.9669666,-0.022114754,0.020287804,88.69833,-1.8264084,1.4544994,440.56165,0.1064817,6.336748,968.6728,80.717834,-0.91503316,0.5579357,-0.1222872,-4.0,-4.0,4.0,2.5834486,0.22184463,0.015354831,0.0,1.3009398,-0.24132028,0.9704455,0.0021713967,0.2631579,0.0,0.0,0.0,0.0,0.0,0.0,1.0,1.0,1.0,1.0,0.0,1.0,1.0,0.0,0,test/100/8/0,219
22.243244,0.021940231,0.054040845,-0.003351345,1019.1612,0.09832764,0.05632767,-3.7034115e-05,34.0,0.0,0.4330127,0.002255639,9.810376,0.02032777,-0.034184147,0.0049102404,5.118817,0.020514488,0.017451646,153.80444,0.40116882,2.1585517,787.29675,0.48188826,22.241632,1019.09607,33.67179,0.008949337,0.18614314,0.41026193,0.0,0.0,1.4130737,5.5874715,0.177823,0.007467042,0.0,1.0533931,-0.80323005,0.5956689,0.009281467,0.42105263,0.0,0.0,0.0,0.0,0.0,0.0,1.0,1.0,1.0,1.0,0.0,1.0,1.0,0.0,0,test/100/9/0,19
22.202291,-0.040952682,0.054364514,-0.0049208733,1019.08545,-0.07574463,0.056261275,6.672565e-05,34.0,0.0,0.4,-0.0060150377,9.834833,0.020649768,0.054045495,0.003675659,5.119388,0.0005712509,0.01697293,156.67026,2.8658142,2.1172493,802.0559,0.46698388,22.2377,1019.095,33.704613,-0.196709,-0.027243067,0.36923575,0.0,0.0,1.5106121,5.821146,0.18151683,0.00819145,0.0,1.0497438,-0.7838599,0.6209377,0.0076203407,0.42105263,0.0,0.0,0.0,0.0,0.0,0.0,1.0,1.0,1.0,1.0,0.0,1.0,1.0,0.0,0,test/100/9/0,20
22.354351,0.15205956,0.05636904,-0.0024377163,1019.29504,0.20959473,0.07155308,0.003235827,34.0,0.0,0.4,0.0,9.787731,0.020621918,-0.07155942,0.0026459582,5.12435,0.0049619675,0.016591769,157.994,1.3237457,2.1478417,809.61664,0.484769,22.249365,1019.115,33.73415,0.58325964,0.5144391,0.33231217,0.054730963,0.02018785,1.6043999,5.4698687,0.18195759,0.0067520803,0.0,1.0500607,-0.7968784,0.6041397,0.006061866,0.36842105,0.0,0.0,0.0,0.0,0.0,0.0,1.0,1.0,1.0,1.0,0.0,1.0,1.0,0.0,0,test/100/9/0,21
22.229511,-0.12483978,0.054493997,-0.0017932892,1019.03094,-0.26409912,0.07262004,0.0028041753,34.0,0.0,0.4,0.0060150377,9.827025,0.020488424,0.08639698,0.0059309346,5.1479545,0.023604393,0.017795643,157.37837,-0.6156311,2.0059614,810.1767,0.42212868,22.24738,1019.10657,33.760735,-0.09926521,-0.21611683,0.29908097,0.0,0.0,1.6945119,6.08192,0.2159025,0.016958449,0.0,1.0931772,-0.7833662,0.62156045,0.0044655483,0.36842105,0.0,0.0,0.0,0.0,0.0,0.0,1.0,1.0,1.0,1.0,0.0,1.0,1.0,0.0,0,test/100/9/0,22
22.219254,-0.010257721,0.05399946,-0.001589993,1019.0552,0.024230957,0.07265477,0.0027844422,34.0,0.0,0.4,0.012030075,9.819487,0.020599287,-0.046833888,0.002827231,5.136454,-0.011500359,0.017759478,159.23602,1.8576508,2.153945,817.9085,0.701781,22.244566,1019.10144,33.78466,-0.1406273,-0.13219696,0.26917285,0.0,0.0,1.7810216,5.6567445,0.21443991,0.016187225,0.0,1.0907711,-0.8666548,0.49890822,0.0034495345,0.31578946,0.0,0.0,0.0,0.0,0.0,0.0,1.0,1.0,1.0,1.0,0.0,1.0,1.0,0.0,0,test/100/9/0,23
22.226213,0.006959915,0.05289099,-0.002782942,1019.1084,0.053222656,0.07146617,0.0020919915,34.0,0.0,0.4,0.018045112,9.780384,0.020954303,-0.0315634,0.0026646114,5.1291666,-0.0072875023,0.017570892,155.12363,-4.1123962,2.1489055,795.65497,0.7091005,22.242731,1019.1021,33.806194,-0.091764994,0.017880986,0.24225557,0.0,0.0,1.8640013,5.1960807,0.2276026,0.012438542,0.0,1.0953563,-0.83447915,0.55103946,0.001872176,0.31578946,0.0,0.0,0.0,0.0,0.0,0.0,1.0,1.0,1.0,1.0,0.0,1.0,1.0,0.0,0,test/100/9/0,24
22.176378,-0.049835205,0.05427351,-0.004676394,1019.0588,-0.049621582,0.06435594,-0.00068272185,34.0,0.0,0.4,0.02406015,9.81218,0.020287314,0.07089818,0.0069265952,5.0915484,-0.03761816,0.016310982,159.37238,4.248749,2.2803266,811.4522,0.93820107,22.236095,1019.0978,33.825577,-0.33176452,-0.11150546,0.21803002,0.0,0.0,1.9435211,5.7089477,0.219194,0.010032086,0.0,1.0907445,-0.77926433,0.6266954,0.0010339558,0.31578946,0.0,0.0,0.0,0.0,0.0,0.0,1.0,1.0,1.0,1.0,0.0,1.0,1.0,0.0,0,test/100/9/0,25
22.157848,-0.018529892,0.053338252,-0.0045143287,1019.1733,0.11450195,0.06460919,0.0014073881,34.0,0.0,0.35707143,0.014285714,9.800222,0.019781902,-0.04375326,0.0031198156,5.1022673,0.0107188225,0.016397139,156.03114,-3.3412323,2.2728453,796.11255,0.8737754,22.228271,1019.10535,33.843018,-0.39123753,0.19407867,0.19622701,0.0,0.0,2.0196507,5.6851225,0.2206272,0.01135649,0.0,1.0893462,-0.8096855,0.586864,0.00085331616,0.31578946,0.0,0.0,0.0,0.0,0.0,0.0,1.0,1.0,1.0,1.0,0.0,1.0,1.0,0.0,0,test/100/9/0,26
22.23227,0.07442093,0.048934583,-0.0031797008,1019.09796,-0.07531738,0.064232945,0.00087059994,34.0,0.0,0.35707143,0.018796992,9.837502,0.020776566,0.04923694,0.0055794134,5.1034446,0.001177311,0.01661807,154.07335,-1.9577942,2.1825078,786.3048,0.4356118,22.22867,1019.1046,33.858715,0.019990873,-0.019002464,0.17660432,0.0,0.0,2.0924578,5.7584186,0.22375384,0.0152244,0.0,1.0882932,-0.83798325,0.54569596,0.0008073756,0.2631579,0.0,0.0,0.0,0.0,0.0,0.0,1.0,1.0,1.0,1.0,0.0,1.0,1.0,0.0,0,test/100/9/0,27
22.149975,-0.082294464,0.047767274,-0.00298708,1019.0916,-0.0063476562,0.062311795,0.0017885595,34.0,0.0,0.35707143,0.023308272,9.780562,0.021208856,-0.09421841,0.010452868,5.1097207,0.0062761307,0.015907334,158.7466,4.6732483,2.2417128,811.1508,0.47532445,22.2208,1019.10333,33.872845,-0.39348054,-0.03342476,0.15894388,0.0,0.0,2.1620085,5.4934196,0.21785459,0.010202391,0.0,1.0867763,-0.8438913,0.53651416,0.0007872052,0.31578946,0.0,0.0,0.0,0.0,0.0,0.0,1.0,1.0,1.0,1.0,0.0,1.0,1.0,0.0,0,test/100/9/0,28
22.364695,0.21471977,0.055354573,-0.0016651067,1019.0456,-0.046020508,0.05976257,-0.00046978713,34.0,0.0,0.35707143,0.02781955,9.834159,0.021900767,0.11053564,0.0052170088,5.1063776,-0.0033431053,0.015506704,155.62143,-3.1251678,2.0491436,794.66174,0.035006,22.235191,1019.09753,33.88556,0.7194664,-0.14842074,0.1430495,0.067538805,0.0,2.2283685,5.5970197,0.20781823,0.005856618,0.0,1.083913,-0.83174264,0.5551614,0.0008028349,0.31578946,0.0,0.0,0.0,0.0,0.0,0.0,1.0,1.0,1.0,1.0,0.0,1.0,1.0,0.0,0,test/100/9/0,29
22.192646,-0.17204857,0.05266369,-0.0009748846,1019.1506,0.10498047,0.060716912,0.00037456313,34.0,0.0,0.35707143,0.032330826,9.768984,0.02340336,-0.1187721,0.005937994,5.0995235,-0.0068540573,0.015955936,158.40256,2.781128,2.0399284,807.7775,-0.019917654,22.230936,1019.10284,33.897003,-0.2127231,0.13637112,0.12874454,0.0,0.0,2.291601,5.498113,0.20900163,0.0040738513,0.0,1.0847174,-0.8607504,0.5090273,0.0009191532,0.2631579,0.0,0.0,0.0,0.0,0.0,0.0,1.0,1.0,1.0,1.0,0.0,1.0,1.0,0.0,0,test/100/9/0,30
22.247278,0.054632187,0.05272796,-0.00090387533,1019.0793,-0.07128906,0.059885718,0.0007942372,34.0,0.0,0.3,0.021052632,9.8311615,0.024077917,0.12735353,0.0020876708,5.1360545,0.03653097,0.016507277,155.29665,-3.1059113,1.9058622,797.612,0.18787135,22.23257,1019.10046,33.907303,0.081710145,-0.060580727,0.11587009,0.0,0.0,2.351769,5.718913,0.2081033,0.0081766015,0.0,1.0849831,-0.82102257,0.5708958,0.00084604317,0.2631579,0.0,0.0,0.0,0.0,0.0,0.0,1.0,1.0,1.0,1.0,0.0,1.0,1.0,0.0,0,test/100/9/0,31
22.343948,0.09667015,0.057554085,0.0013755297,1018.95703,-0.12225342,0.0664779,-0.002141875,34.0,0.0,0.3,0.02406015,9.773131,0.02492159,-0.12020825,0.004744898,5.1262145,-0.009840012,0.01660447,153.83127,-1.4653778,1.9652174,788.5721,0.104127765,22.243708,1019.0861,33.916573,0.5568899,-0.3688886,0.10428308,0.041578986,0.0,2.4089336,5.9084144,0.1957271,0.0061087664,0.0,1.0779936,-0.8572082,0.51497006,0.0009704238,0.21052632,0.0,0.0,0.0,0.0,0.0,0.0,1.0,1.0,1.0,1.0,0.0,1.0,1.0,0.0,0,test/100/9/0,32
22.220043,-0.12390518,0.0570363,0.0017289355,1019.1241,0.16705322,0.06677052,-0.0016467102,34.0,0.0,0.3,0.027067669,9.726376,0.029879276,0.011274194,0.0051001594,5.1116023,-0.014612198,0.016000934,157.98889,4.1576233,1.9835283,807.57635,0.1772511,22.241343,1019.08997,33.924915,-0.11832502,0.0975657,0.09385477,0.0,0.0,2.463155,5.3126144,0.20309478,-0.0017085046,0.0,1.0790747,-0.7736534,0.633609,0.0011054886,0.15789473,0.0,0.0,0.0,0.0,0.0,0.0,1.0,1.0,1.0,1.0,0.0,1.0,1.0,0.0,0,test/100/9/0,33
22.347643,0.12759972,0.061958946,0.0029863014,1019.0963,-0.027770996,0.06638985,-0.0011569604,34.0,0.0,0.21794495,0.014285714,9.792454,0.029228698,0.11283468,0.0024715804,5.1005287,-0.011073589,0.015027681,157.51869,-0.47019958,1.9785795,803.4285,0.26086622,22.251972,1019.0906,33.932426,0.53150606,0.016397998,0.084469296,0.043226946,0.0,2.5144918,5.988271,0.21213298,0.00029802753,0.0,1.0737168,-0.83505607,0.5501649,0.0011281134,0.15789473,0.0,0.0,0.0,0.0,0.0,0.0,1.0,1.0,1.0,1.0,0.0,1.0,1.0,0.0,0,test/100/9/0,34
22.271605,-0.07603836,0.062021825,0.0030260058,1019.0518,-0.04449463,0.06704865,-0.0017793354,33.0,-1.0,0.21794495,-0.014285714,9.783167,0.029226016,-0.07536566,0.0046261917,5.1178493,0.017320633,0.014803383,154.9296,-2.589096,1.9925098,792.9063,0.11062237,22.253935,1019.0867,33.839184,0.09816366,-0.09965656,-1.0489776,0.0,0.0,2.2915123,5.8601713,0.21415979,0.00573284,0.0,1.0732638,-0.83303404,0.5532217,0.0011218904,0.15789473,0.0,0.0,0.0,0.0,0.0,0.0,1.0,1.0,1.0,1.0,0.0,1.0,1.0,0.0,0,test/100/9/0,35
22.419167,0.14756203,0.072514355,0.005073827,1019.02264,-0.029174805,0.067617714,-0.0036961606,34.0,1.0,0.21794495,-0.012781955,9.862896,0.031885684,0.08901555,0.005361189,5.1075964,-0.010252953,0.014518622,158.49496,3.5653687,2.02266,809.5283,0.40788174,22.270458,1019.0803,33.855263,0.82615745,-0.16471183,0.18092012,0.11911164,0.0,2.363742,5.5685143,0.21354507,0.0061406367,0.0,1.075103,-0.89272106,0.45060965,0.0015756178,0.15789473,0.0,0.0,0.0,0.0,0.0,0.0,1.0,1.0,1.0,1.0,0.0,1.0,1.0,0.0,0,test/100/9/0,36
22.20849,-0.2106762,0.07303213,0.0041239504,1019.1404,0.11773682,0.068433784,-0.002980076,34.0,0.0,0.21794495,-0.011278195,9.782935,0.031591266,-0.1596893,0.004954847,5.131545,0.02394867,0.014905681,156.2374,-2.2575684,1.889509,801.73926,0.19297068,22.264261,1019.0863,33.869736,-0.30983928,0.15451117,0.16282812,0.0,0.0,2.411667,6.0613875,0.22922114,0.00995054,0.0,1.0699219,-0.8827007,0.4699357,0.0018654282,0.15789473,0.0,0.0,0.0,0.0,0.0,0.0,1.0,1.0,1.0,1.0,0.0,1.0,1.0,0.0,0,test/100/9/0,37
22.27826,0.069768906,0.07291311,0.004032221,1019.1791,0.03869629,0.07041281,-0.0022689474,34.0,0.0,0.21794495,-0.009774436,9.841676,0.031689998,0.13870178,0.007334142,5.1064763,-0.02506876,0.014523771,154.76688,-1.47052,1.7986772,790.31335,-0.24859343,22.265661,1019.0956,33.882763,0.069989175,0.23856479,0.1465453,0.0,0.0,2.4568338,6.017617,0.2378133,0.012358893,0.0,1.0652266,-0.9068417,0.42147145,0.002419131,0.10526316,0.0,0.0,0.0,0.0,0.0,0.0,1.0,1.0,1.0,1.0,0.0,1.0,1.0,0.0,0,test/100/9/0,38
22.341244,0.06298447,0.075263515,0.0051010475,1019.132,-0.047058105,0.0694301,-0.00085228943,34.0,0.0,0.21794495,-0.008270676,9.80935,0.03168105,-0.09106719,0.007578512,5.1207657,0.014289379,0.014546555,157.8918,3.1249237,1.7017621,808.52686,-0.36020893,22.27322,1019.09924,33.894485,0.37791258,0.09370176,0.13189077,0.027952623,0.0,2.4992971,5.801485,0.23734574,0.012046686,0.0,1.0632339,-0.91761076,0.39748016,0.0030575579,0.10526316,0.0,0.0,0.0,0.0,0.0,0.0,1.0,1.0,1.0,1.0,0.0,1.0,1.0,0.0,0,test/100/9/0,39
22.292803,-0.048440933,0.07442478,0.0046838718,1018.98444,-0.14758301,0.07375502,-0.002696056,34.0,0.0,0.21794495,-0.006766917,9.796729,0.030924946,0.0197055,0.0054339054,5.0993195,-0.021446228,0.014993975,157.46178,-0.4300232,1.7079355,802.9479,-0.3504098,22.275177,1019.08777,33.905037,0.09791666,-0.2951676,0.1187017,0.0,0.0,2.5391111,5.794381,0.23679127,0.015000767,0.0,1.0634826,-0.8911847,0.4536407,0.0030392471,0.10526316,0.0,0.0,0.0,0.0,0.0,0.0,1.0,1.0,1.0,1.0,0.0,1.0,1.0,0.0,0,test/100/9/0,40
22.191433,-0.10136986,0.07295635,0.005083388,1019.0949,0.11047363,0.057560604,0.00049966224,34.0,0.0,0.21794495,-0.005263158,9.828576,0.031235535,0.044467524,0.0035113965,5.1171203,0.017800808,0.014861321,156.88126,-0.58052063,1.6867741,802.7803,-0.22496636,22.266804,1019.08844,33.914536,-0.4187243,0.018424232,0.10683153,0.0,0.0,2.576329,6.055525,0.24158838,0.016179236,0.0,1.0580649,-0.9177168,0.3972353,0.0033862104,0.10526316,0.0,0.0,0.0,0.0,0.0,0.0,1.0,1.0,1.0,1.0,0.0,1.0,1.0,0.0,0,test/100/9/0,41
22.25912,0.06768799,0.072713256,0.004723711,1019.0361,-0.05883789,0.057335995,-0.0010141932,34.0,0.0,0.21794495,-0.0037593986,9.830705,0.03137845,-0.029718261,0.009652857,5.1155295,-0.0015907288,0.012813767,154.2545,-2.6267548,1.7654715,789.09344,-0.27592576,22.266035,1019.08325,33.92308,-0.03841192,-0.13471563,0.09614837,0.0,0.0,2.6110024,5.5162525,0.23263331,0.0184371,0.0,1.059707,-0.89369226,0.4486805,0.0031647158,0.10526316,0.0,0.0,0.0,0.0,0.0,0.0,1.0,1.0,1.0,1.0,0.0,1.0,1.0,0.0,0,test/100/9/0,42
22.291956,0.032835007,0.07255168,0.0046266154,1019.1379,0.10180664,0.05808743,-0.0006987837,34.0,0.0,0.21794495,-0.002255639,9.798556,0.031214163,-0.034276325,0.004175878,5.0926766,-0.022852898,0.012431477,161.35117,7.0966644,1.9711044,821.7093,0.29284084,22.268627,1019.0887,33.930775,0.12960431,0.14054444,0.08653354,0.0,0.0,2.6431823,5.737377,0.23237623,0.017991215,0.0,1.0589607,-0.89668655,0.44266602,0.0033215447,0.15789473,0.0,0.0,0.0,0.0,0.0,0.0,1.0,1.0,1.0,1.0,0.0,1.0,1.0,0.0,0,test/100/9/0,43
22.342754,0.050798416,0.07421284,0.005255778,1019.06274,-0.07513428,0.05814221,-0.00074072817,34.0,0.0,0.21794495,-0.0007518797,9.802504,0.03076109,0.036095005,0.0022773014,5.136622,0.043945312,0.013058599,159.43071,-1.9204559,2.0202782,818.93524,0.46489108,22.27604,1019.0861,33.937695,0.37063596,-0.06671243,0.07788018,0.025392488,0.0,2.6729188,5.7222996,0.19975738,0.009935046,0.0,1.0541153,-0.9063949,0.42243144,0.0035020954,0.15789473,0.0,0.0,0.0,0.0,0.0,0.0,1.0,1.0,1.0,1.0,0.0,1.0,1.0,0.0,0,test/100/9/0,44
22.375805,0.033050537,0.074832104,0.00539497,1019.1321,0.06933594,0.05863005,-0.0005070048,34.0,0.0,0.21794495,0.0007518797,9.789055,0.030892216,-0.01739663,0.0050024544,5.1189423,-0.017679691,0.0122937355,158.13272,-1.2979889,1.9625607,809.4722,0.7161776,22.286016,1019.0907,33.943928,0.49882504,0.11825123,0.070092164,0.085199945,0.0,2.7002604,5.9309053,0.20383607,0.012165551,0.0,1.0520847,-0.9003219,0.43522468,0.0030628098,0.21052632,0.0,0.0,0.0,0.0,0.0,0.0,1.0,1.0,1.0,1.0,0.0,1.0,1.0,0.0,0,test/100/9/0,45
22.203442,-0.17236328,0.071818136,0.0024793625,1019.1477,0.015625,0.057046197,0.001647628,34.0,0.0,0.21794495,0.002255639,9.751508,0.03291186,-0.02409779,0.0026950163,5.1033297,-0.015612602,0.012249423,157.968,-0.16471863,1.9667004,806.1628,0.6809585,22.27776,1019.0964,33.949535,-0.41287386,0.14660467,0.06308295,0.0,0.0,2.725255,5.712423,0.20347935,0.0105649205,0.0,1.0518355,-0.9314452,0.36388168,0.0032298374,0.21052632,0.0,0.0,0.0,0.0,0.0,0.0,1.0,1.0,1.0,1.0,0.0,1.0,1.0,0.0,0,test/100/9/0,46
22.159845,-0.043596268,0.07578569,4.7457128e-05,1019.10913,-0.03857422,0.057193402,0.0021004353,34.0,0.0,0.21794495,0.0037593986,9.831162,0.032588683,0.117201805,0.002830873,5.136923,0.033593178,0.013080091,155.74713,-2.220871,1.8754067,800.06104,0.38859946,22.265968,1019.09766,33.95458,-0.58956784,0.032753356,0.056774653,-0.002249678,0.0,2.74795,5.9085956,0.20630404,0.01288301,0.0,1.0504668,-0.9081717,0.41859782,0.0032180932,0.15789473,0.0,0.0,0.0,0.0,0.0,0.0,1.0,1.0,1.0,1.0,0.0,1.0,1.0,0.0,0,test/100/9/0,47
22.240595,0.08074951,0.07070775,-0.0024213619,1018.9998,-0.109313965,0.060375843,0.0008745925,34.0,0.0,0.21794495,0.005263158,9.833417,0.032982532,-0.07739994,0.003833751,5.1553817,0.018458843,0.015723325,150.69655,-5.050583,2.2864132,776.89825,0.13696289,22.26343,1019.0879,33.95912,-0.12686348,-0.25161502,0.05109719,0.0,0.0,2.7683911,5.1902046,0.23455746,0.0005283485,0.0,1.0532341,-0.9069667,0.4212024,0.0031883137,0.21052632,0.0,0.0,0.0,0.0,0.0,0.0,1.0,1.0,1.0,1.0,0.0,1.0,1.0,0.0,0,test/100/9/0,48
22.2505,0.009904861,0.06817414,-0.0014946414,1019.12946,0.12963867,0.060462467,0.0009121314,33.0,-1.0,0.3,-0.007518797,9.807669,0.032245375,-0.028002512,0.013649422,5.1154623,-0.039919376,0.015539496,153.99284,3.2962952,2.3495529,787.7445,-0.16857341,22.262136,1019.09204,33.86321,-0.06465282,0.106903054,-1.0790125,0.0,0.0,2.4848554,5.9979205,0.23815534,0.0018042378,0.0,1.0495783,-0.9123583,0.40939263,0.0030497154,0.2631579,0.0,0.0,0.0,0.0,0.0,0.0,1.0,1.0,1.0,1.0,0.0,1.0,1.0,0.0,0,test/100/9/0,49
22.38625,0.13574982,0.06967395,-0.0011734726,1019.0174,-0.11206055,0.060578983,0.00088028295,34.0,1.0,0.3,-0.004511278,9.807644,0.031348493,0.025722872,0.005517051,5.1138334,-0.0016288757,0.015017223,153.61502,-0.37782288,2.39349,785.56165,-0.28780025,22.274548,1019.0846,33.87689,0.62056154,-0.19194295,0.15388872,0.07096247,0.0,2.5576906,6.0535927,0.23779313,0.0017109036,0.0,1.0445547,-0.91570854,0.4018431,0.0030951393,0.31578946,0.0,0.0,0.0,0.0,0.0,0.0,1.0,1.0,1.0,1.0,0.0,1.0,1.0,0.0,0,test/100/9/0,50
22.403324,0.017074585,0.073784634,-3.6900743e-05,1019.1205,0.10308838,0.061159045,0.0013957777,34.0,0.0,0.3,-0.0015037594,9.824877,0.031105535,0.017257538,0.0049882224,5.11337,-0.00046348572,0.014471766,155.4567,1.8416748,2.390306,794.9076,-0.40061456,22.287426,1019.0882,33.8892,0.64387834,0.09233575,0.13849986,0.15767744,0.0,2.576537,5.451349,0.24884582,-0.004334908,0.0,1.0469685,-0.9226699,0.38559076,0.0027918187,0.31578946,0.0,0.0,0.0,0.0,0.0,0.0,1.0,1.0,1.0,1.0,0.0,1.0,1.0,0.0,0,test/100/9/0,51
22.217962,-0.18536186,0.0744058,-0.00025664023,1019.20953,0.08905029,0.059738,0.0011911492,34.0,0.0,0.3,0.0015037594,9.780409,0.030786518,-0.0617004,0.006790816,5.137438,0.024067879,0.015023179,151.88339,-3.5733032,2.5260594,780.2915,-0.8608989,22.28048,1019.1003,33.90028,-0.34731883,0.31208864,0.12464987,0.034900498,0.0,2.5932062,5.7152233,0.24739823,-0.0032166054,0.0,1.0487182,-0.9523394,0.30504033,0.0032119697,0.31578946,0.0,0.0,0.0,0.0,0.0,0.0,1.0,1.0,1.0,1.0,0.0,1.0,1.0,0.0,0,test/100/9/0,52
22.221058,0.0030956268,0.07436174,-0.0021991013,1019.0681,-0.14141846,0.05968644,0.0012242368,34.0,0.0,0.3,0.004511278,9.797199,0.025213376,0.06125846,0.001924268,5.1309285,-0.006509304,0.015225502,156.2295,4.346115,2.4938788,801.6025,-0.7042213,22.274538,1019.0971,33.91025,-0.2971088,-0.08276768,0.11218488,0.0,0.0,2.607742,5.5670185,0.22945376,-0.013332369,0.0,1.0464153,-0.97072303,0.24020158,0.002788351,0.31578946,0.0,0.0,0.0,0.0,0.0,0.0,1.0,1.0,1.0,1.0,0.0,1.0,1.0,0.0,0,test/100/9/0,53
22.29419,0.07313156,0.07301651,-0.0010836193,1019.0541,-0.014038086,0.060297165,0.000702455,34.0,0.0,0.3,0.007518797,9.797315,0.02508911,-0.016676163,0.0027822198,5.152101,0.021172523,0.016280279,154.12091,-2.1085968,2.5103297,794.04645,-0.7119957,22.276503,1019.0928,33.919228,0.09825987,-0.11058884,0.100966394,0.0,0.0,2.6201873,5.794793,0.22460277,-0.009908507,0.0,1.0481658,-0.97072303,0.24020158,0.0030092024,0.31578946,0.0,0.0,0.0,0.0,0.0,0.0,1.0,1.0,1.0,1.0,0.0,1.0,1.0,0.0,9,test/100/9/0,54
22.287136,-0.0070533752,0.07297919,-0.0011891243,1018.8765,-0.17755127,0.07609661,-0.002994807,34.0,0.0,0.21794495,-0.005263158,9.796597,0.024593888,-0.00083247916,0.004826439,5.119678,-0.03242302,0.016266555,156.48334,2.3624268,2.5007327,801.1443,-0.7704043,22.277567,1019.07117,33.927303,0.05316701,-0.55609035,0.090869755,0.0,-0.036392774,2.6305835,5.7121115,0.22404204,-0.009397496,0.0,1.0495094,-0.97072303,0.24020158,0.002909425,0.36842105,0.0,0.0,0.0,0.0,0.0,0.0,1.0,1.0,1.0,1.0,0.0,1.0,1.0,0.0,9,test/100/9/0,55
22.208138,-0.078998566,0.06762698,-0.00011660927,1019.0407,0.16418457,0.07548281,-0.0045436313,34.0,0.0,0.21794495,-0.0037593986,9.804699,0.02119897,0.008820587,0.0062938356,5.151272,0.0315938,0.017192088,156.7588,0.27546692,2.444012,807.5072,-0.48784924,22.270622,1019.0681,33.934574,-0.34714252,-0.07829244,0.08178277,0.0,0.0,2.6389718,5.9150615,0.22152796,-0.010369664,0.0,1.04637,-0.97072303,0.24020158,0.0033508963,0.42105263,0.0,0.0,0.0,0.0,0.0,0.0,1.0,1.0,1.0,1.0,0.0,1.0,1.0,0.0,9,test/100/9/0,56
22.255945,0.047807693,0.06614831,-0.0013702564,1019.0847,0.044006348,0.074356705,-0.003631959,34.0,0.0,0.21794495,-0.002255639,9.838125,0.021652505,0.02532394,0.005965959,5.1036873,-0.047584534,0.017602263,153.98897,-2.7698364,2.4804757,785.91156,-0.63374925,22.269156,1019.06976,33.941116,-0.0733898,0.042695988,0.0736045,0.0,0.0,2.6453924,5.819827,0.2124057,-0.0054412377,0.0,1.0475421,-0.97072303,0.24020158,0.0035560338,0.47368422,0.0,0.0,0.0,0.0,0.0,0.0,1.0,1.0,1.0,1.0,0.0,1.0,1.0,0.0,9,test/100/9/0,57
22.243368,-0.012577057,0.06650083,-0.0017733222,1019.19653,0.111816406,0.07559676,-0.0004282098,34.0,0.0,0.21794495,-0.0007518797,9.82056,0.020487122,-0.050991092,0.0058595086,5.088626,-0.0150613785,0.018781954,150.71336,-3.2756042,2.7156115,766.9239,-1.2075098,22.266577,1019.08246,33.947006,-0.1289361,0.3259543,0.06624405,0.0,0.0,2.6498845,5.873344,0.20625834,-7.614695e-05,0.0,1.048851,-0.97072303,0.24020158,0.0038708095,0.5263158,0.0,0.0,0.0,0.0,0.0,0.0,1.0,1.0,1.0,1.0,0.0,1.0,1.0,0.0,9,test/100/9/0,58
22.30144,0.058071136,0.065018035,-0.00029984093,1019.07043,-0.12609863,0.07473445,0.00020485785,34.0,0.0,0.21794495,0.0007518797,9.83605,0.021423604,0.033053778,0.0012921259,5.122372,0.033746243,0.018783571,150.06668,-0.64668274,2.9208117,768.6974,-1.4331807,22.270063,1019.08124,33.952305,0.17431319,-0.030894766,0.059619643,0.0,0.0,2.6524868,5.593173,0.20931344,-0.0019091584,0.0,1.0507466,-0.97072303,0.24020158,0.004177235,0.57894737,0.0,0.0,0.0,0.0,0.0,0.0,1.0,1.0,1.0,1.0,0.0,1.0,1.0,0.0,9,test/100/9/0,59
22.197927,-0.10351181,0.06671885,-0.0010101002,1019.1209,0.050476074,0.07200227,-0.00067863753,34.0,0.0,0.21794495,0.002255639,9.76868,0.023018062,-0.08286008,0.0053580143,5.1060476,-0.01632452,0.01844534,152.43593,2.3692474,2.9368706,778.34503,-1.5492234,22.26285,1019.0852,33.957073,-0.36067718,0.10199033,0.05365768,0.0,0.0,2.653237,6.0961223,0.22222385,0.0036439032,0.0,1.055029,-0.97072303,0.24020158,0.0041317353,0.6315789,0.0,0.0,0.0,0.0,0.0,0.0,1.0,1.0,1.0,1.0,0.0,1.0,1.0,0.0,9,test/100/9/0,60
22.316923,0.11899567,0.06523828,-0.0014783286,1019.1004,-0.020507812,0.07204825,-0.00031600607,34.0,0.0,0.21794495,0.0037593986,9.81839,0.022650672,0.11708178,0.0029196993,5.132101,0.026053429,0.018553413,155.26053,2.8246002,2.906331,796.81274,-1.3670914,22.268257,1019.08673,33.961365,0.27036887,0.039056923,0.04829191,0.0,0.0,2.6521723,5.9267197,0.21556911,0.010446503,0.0,1.0562062,-0.97072303,0.24020158,0.0042750807,0.68421054,0.0,0.0,0.0,0.0,0.0,0.0,1.0,1.0,1.0,1.0,0.0,1.0,1.0,0.0,9,test/100/9/0,61
22.331226,0.014303207,0.06636081,-0.00086217467,1019.0703,-0.030090332,0.07125016,-0.0013205162,34.0,0.0,0.21794495,0.005263158,9.788711,0.022276677,-0.07939104,0.005538025,5.1302185,-0.0018825531,0.01856096,158.74326,3.482727,3.0167725,814.3876,-1.1410244,22.274553,1019.0851,33.96523,0.314848,-0.042223908,0.04346272,0.001520077,0.0,2.649329,6.1465535,0.22331423,0.012068452,0.0,1.0591606,-0.97072303,0.24020158,0.004043579,0.68421054,0.0,0.0,0.0,0.0,0.0,0.0,1.0,1.0,1.0,1.0,0.0,1.0,1.0,0.0,9,test/100/9/0,62
22.305067,-0.026159286,0.066574775,-0.00020970653,1018.99,-0.080322266,0.0732779,-0.0019165039,34.0,0.0,0.21794495,0.006766917,9.837027,0.023304135,0.07799672,0.0035832485,5.142596,0.012377262,0.017642327,151.05063,-7.692627,2.7851522,776.79236,-0.9750811,22.277605,1019.07556,33.968708,0.15256679,-0.24454449,0.03911645,0.0,0.0,2.6447423,5.464282,0.2343868,0.006487287,0.0,1.0616586,-0.97072303,0.24020158,0.0037368434,0.7368421,0.0,0.0,0.0,0.0,0.0,0.0,1.0,1.0,1.0,1.0,0.0,1.0,1.0,0.0,9,test/100/9/0,63
22.362812,0.05774498,0.06769718,0.0020500543,1019.1314,0.14141846,0.073991545,-0.0014561703,34.0,0.0,0.21794495,0.008270676,9.815381,0.02336045,-0.06996243,0.0047874935,5.1273694,-0.015226364,0.017466268,152.85965,1.809021,2.5805504,783.7679,-0.685744,22.286125,1019.0812,33.971836,0.42603502,0.14355743,0.035204805,0.033572413,0.0,2.6384475,5.608685,0.23706762,0.0031416237,0.0,1.0627013,-0.97072303,0.24020158,0.0034712108,0.7368421,0.0,0.0,0.0,0.0,0.0,0.0,1.0,1.0,1.0,1.0,0.0,1.0,1.0,0.0,9,test/100/9/0,64
22.23926,-0.12355232,0.064304456,0.0030364704,1019.0864,-0.04498291,0.073156714,-0.00064692675,34.0,0.0,0.21794495,0.009774436,9.80032,0.023049312,0.0065847132,0.0068603796,5.114518,-0.012851238,0.017570354,151.79742,-1.0622253,2.4787128,776.3706,-0.598615,22.281439,1019.08167,33.97465,-0.2343301,0.013531339,0.031684324,0.0,0.0,2.6304786,5.927655,0.23696104,0.007817302,0.0,1.0627313,-0.97072303,0.24020158,0.00300881,0.7894737,0.0,0.0,0.0,0.0,0.0,0.0,1.0,1.0,1.0,1.0,0.0,1.0,1.0,0.0,9,test/100/9/0,65
22.290974,0.051713943,0.062488757,0.0022454627,1019.11096,0.024536133,0.07191445,0.0008281966,34.0,0.0,0.21794495,0.011278195,9.788685,0.01968989,0.0034257632,0.003316188,5.124999,0.010480881,0.016863003,147.64235,-4.155075,2.6654117,756.6669,-0.79544556,22.282393,1019.0846,33.97719,0.047672622,0.07527112,0.02851589,0.0,0.0,2.620869,5.8751636,0.23750955,0.008298263,0.0,1.0612382,-0.97072303,0.24020158,0.0029170811,0.84210527,0.0,0.0,0.0,0.0,0.0,0.0,1.0,1.0,1.0,1.0,0.0,1.0,1.0,0.0,9,test/100/9/0,66
22.297857,0.006883621,0.056663048,0.00073280337,1019.01416,-0.09680176,0.07292079,0.00036662395,34.0,0.0,0.21794495,0.012781955,9.826155,0.019444996,0.04910498,0.0033394746,5.0927534,-0.032245636,0.018125862,152.63791,4.9955597,2.6187453,777.3473,-0.7187549,22.28394,1019.0776,33.97947,0.07732347,-0.1811748,0.025664302,0.0,0.0,2.6096516,5.476311,0.24455866,0.005934074,0.0,1.0652134,-0.97072303,0.24020158,0.002427119,0.84210527,0.0,0.0,0.0,0.0,0.0,0.0,1.0,1.0,1.0,1.0,0.0,1.0,1.0,0.0,9,test/100/9/0,67
22.252506,-0.04535103,0.05627974,-0.00036027233,1019.14417,0.13000488,0.07230092,0.00017906705,34.0,0.0,0.21794495,0.014285714,9.78028,0.019610766,-0.083343774,0.003129417,5.107695,0.014941692,0.016901562,153.49606,0.8581543,2.5485656,784.0111,-0.878439,22.280796,1019.0842,33.98152,-0.15716402,0.17124096,0.02309787,0.0,0.0,2.5968585,5.85207,0.20709266,-0.0017550974,0.0,1.0591391,-0.97072303,0.24020158,0.0018247089,0.84210527,0.0,0.0,0.0,0.0,0.0,0.0,1.0,1.0,1.0,1.0,0.0,1.0,1.0,0.0,9,test/100/9/0,68
22.31738,0.06487465,0.056224763,-0.00038808666,1019.01715,-0.12701416,0.0727442,6.8836644e-06,34.0,0.0,0.0,0.0,9.785603,0.020140948,0.05119658,0.003834066,5.131494,0.023798943,0.016983131,153.78107,0.28500366,2.5467758,789.1266,-0.8044842,22.284454,1019.0775,33.983368,0.18292563,-0.17249098,0.020788085,0.0,0.0,2.5825214,5.511116,0.21020278,-0.002556915,0.0,1.0636,-0.97072303,0.24020158,0.0012380627,0.84210527,0.0,0.0,0.0,0.0,0.0,0.0,1.0,1.0,1.0,1.0,0.0,1.0,1.0,0.0,9,test/100/9/0,69
22.238527,-0.07885361,0.05219951,0.0005004639,1019.04364,0.026489258,0.07190304,-0.0013873796,34.0,0.0,0.0,0.0,9.810308,0.020162597,0.01938357,0.004761143,5.146761,0.015266895,0.017678425,152.47575,-1.3053131,2.555199,784.75616,-0.82950854,22.279861,1019.07416,33.98503,-0.22963497,-0.08712665,0.018709276,0.0,0.0,2.566671,5.5922203,0.20289491,-0.0005890287,0.0,1.0678626,-0.97072303,0.24020158,0.00063917064,0.8947368,0.0,0.0,0.0,0.0,0.0,0.0,1.0,1.0,1.0,1.0,0.0,1.0,1.0,0.0,9,test/100/9/0,70
22.286247,0.047719955,0.043841664,0.0025624656,1018.89185,-0.15179443,0.08167686,-0.0033618899,34.0,0.0,0.0,0.0,9.849942,0.022006085,0.014927086,0.00400807,5.123425,-0.023335934,0.017516859,152.57579,0.10003662,2.5157628,781.71063,-0.7492617,22.2805,1019.0559,33.98653,0.0319283,-0.46874252,0.016838348,0.0,-0.02316509,2.5493376,5.9337134,0.19495744,-0.0025579904,0.0,1.0634068,-0.97072303,0.24020158,0.00010787879,0.94736844,0.0,0.0,0.0,0.0,0.0,0.0,1.0,1.0,1.0,1.0,0.0,1.0,1.0,0.0,9,test/100/9/0,71
22.19567,-0.09057808,0.045486886,0.0005797838,1018.99567,0.1038208,0.07600111,-0.0021033725,33.0,-1.0,0.21794495,-0.014285714,9.784969,0.021751301,-0.10460558,0.0057843784,5.116658,-0.006766796,0.01732221,150.02751,-2.5482788,2.597365,767.63947,-1.0809668,22.272017,1019.04987,33.887875,-0.42415494,-0.1549005,-1.1098455,0.0,0.0,2.191764,5.7990103,0.19463407,-0.0030102034,0.0,1.0626366,-0.97072303,0.24020158,-2.220446e-16,1.0,0.0,0.0,0.0,0.0,0.0,0.0,1.0,1.0,1.0,1.0,0.0,1.0,1.0,0.0,9,test/100/9/0,72
22.252384,0.05671501,0.044221215,-0.0005102817,1019.0379,0.042236328,0.07603376,-0.002152797,34.0,1.0,0.21794495,-0.012781955,9.817094,0.021723835,0.097097114,0.0016245171,5.109401,-0.0072569847,0.017480683,154.52441,4.4969025,2.5220146,789.5272,-0.744475,22.270054,1019.0487,33.89909,-0.09816437,-0.030802753,0.12613906,0.0,0.0,2.2653399,5.8804274,0.18987726,-0.0047653867,0.0,1.0597656,-0.97072303,0.24020158,-2.220446e-16,1.0,0.0,0.0,0.0,0.0,0.0,0.0,1.0,1.0,1.0,1.0,0.0,1.0,1.0,0.0,9,test/100/9/0,73
22.234398,-0.017986298,0.04475614,-0.0007496927,1018.9349,-0.103027344,0.08033627,-0.0038502628,34.0,0.0,0.21794495,-0.011278195,9.825271,0.021874467,-0.023948027,0.005593742,5.1256137,0.016212463,0.016114261,149.23755,-5.286865,2.642175,764.9341,-0.8604612,22.266489,1019.0373,33.90918,-0.17827943,-0.29264992,0.11352516,0.0,0.0,2.248633,5.893555,0.19121933,-0.0032078796,0.0,1.0588641,-0.97072303,0.24020158,-2.220446e-16,1.0,0.0,0.0,0.0,0.0,0.0,0.0,1.0,1.0,1.0,1.0,0.0,1.0,1.0,0.0,9,test/100/9/0,74
22.296993,0.06259537,0.044987448,-0.00011634109,1019.03436,0.099487305,0.07022648,-0.0067506717,33.0,-1.0,0.3,-0.02406015,9.832493,0.022200648,-0.0009543339,0.002884967,5.1045265,-0.02108717,0.016503677,147.51797,-1.719574,2.7425814,753.00946,-0.99095,22.269539,1019.037,33.81826,0.15252535,-0.0075604413,-1.0228274,0.0,0.0,1.8922876,5.870739,0.19091229,-0.0034303325,0.0,1.0574193,-0.97072303,0.24020158,-2.220446e-16,1.0,0.0,0.0,0.0,0.0,0.0,0.0,1.0,1.0,1.0,1.0,0.0,1.0,1.0,0.0,9,test/100/9/0,75
22.290085,-0.0069084167,0.04272754,-0.00084384973,1019.05786,0.023498535,0.0701413,-0.006960348,34.0,1.0,0.3,-0.021052632,9.822277,0.02226435,-0.01743826,0.0054260697,5.1337624,0.02923584,0.015243542,149.02272,1.5047455,2.6413407,765.04724,-0.7766202,22.271593,1019.0391,33.836437,0.102730736,0.05362041,0.20445538,0.0,0.0,1.9658511,5.938392,0.19166455,0.00027962483,0.0,1.0572071,-0.97072303,0.24020158,-2.220446e-16,1.0,0.0,0.0,0.0,0.0,0.0,0.0,1.0,1.0,1.0,1.0,0.0,1.0,1.0,0.0,9,test/100/9/0,76
22.288298,-0.0017871857,0.04257443,-0.0009652604,1019.0798,0.021911621,0.07005073,-0.0061879554,34.0,0.0,0.3,-0.018045112,9.825336,0.021690158,0.0132753905,0.0037870018,5.122019,-0.0117435455,0.014826774,151.903,2.8802795,2.6013393,778.05,-0.6536712,22.273264,1019.04315,33.85279,0.08352173,0.10460254,0.18400984,0.0,0.0,1.9497341,5.6747847,0.19366038,-0.001315024,0.0,1.0585275,-0.97072303,0.24020158,-2.220446e-16,1.0,0.0,0.0,0.0,0.0,0.0,0.0,1.0,1.0,1.0,1.0,0.0,1.0,1.0,0.0,9,test/100/9/0,77
22.35018,0.06188202,0.04467236,-0.00044987758,1019.1652,0.08544922,0.06719393,-0.0024219025,34.0,0.0,0.3,-0.015037594,9.798845,0.021761665,-0.029551039,0.009695527,5.087613,-0.03440571,0.014935678,149.5698,-2.3332062,2.6388383,760.95325,-1.0629448,22.280956,1019.05536,33.86751,0.38457966,0.31386885,0.16560885,0.013464228,0.0,1.9321394,5.3051105,0.22019656,-0.0071276207,0.0,1.0637323,-0.97072303,0.24020158,-2.220446e-16,1.0,0.0,0.0,0.0,0.0,0.0,0.0,1.0,1.0,1.0,1.0,0.0,1.0,1.0,0.0,9,test/100/9/0,78
22.365107,0.01492691,0.04806212,0.0010350407,1019.1381,-0.02709961,0.0695556,-0.0009869339,34.0,0.0,0.3,-0.012030075,9.779086,0.0219699,0.0067326417,0.003960352,5.1486673,0.06105423,0.016183317,149.32991,-0.23988342,2.6681948,768.85,-1.3224268,22.28937,1019.06366,33.88076,0.42075625,0.21279725,0.14904797,0.04144463,0.0,1.9130967,5.440875,0.22859412,-0.0145699885,0.0,1.065136,-0.97072303,0.24020158,-2.220446e-16,1.0,0.0,0.0,0.0,0.0,0.0,0.0,1.0,1.0,1.0,1.0,0.0,1.0,1.0,0.0,9,test/100/9/0,79
22.220312,-0.14479446,0.046235923,-0.0012786707,1019.081,-0.057128906,0.06829038,0.00032711172,34.0,0.0,0.3,-0.009022556,9.814562,0.020085858,0.05523512,0.007881937,5.112762,-0.03590536,0.015928747,147.07722,-2.2526855,2.8529837,751.9708,-1.6709379,22.282465,1019.06537,33.892685,-0.3452917,0.044614624,0.13414317,0.0,0.0,1.8926346,5.779918,0.21540101,-0.008998559,0.0,1.0680622,-0.97072303,0.24020158,-2.220446e-16,1.0,0.0,0.0,0.0,0.0,0.0,0.0,1.0,1.0,1.0,1.0,0.0,1.0,1.0,0.0,9,test/100/9/0,80
22.287634,0.06732178,0.045713507,-0.00078542467,1019.099,0.018005371,0.06824569,0.0016345949,34.0,0.0,0.3,-0.0060150377,9.816171,0.020045482,-0.033868007,0.0065408405,5.114362,0.0015997887,0.01582107,149.97719,2.8999634,2.7372642,767.0376,-1.4729534,22.282982,1019.0687,33.903416,0.025846355,0.086452685,0.12072886,0.0,0.0,1.870782,5.413778,0.22263694,-0.01085699,0.0,1.0728433,-0.97072303,0.24020158,-2.220446e-16,1.0,0.0,0.0,0.0,0.0,0.0,0.0,1.0,1.0,1.0,1.0,0.0,1.0,1.0,0.0,9,test/100/9/0,81
22.33513,0.047496796,0.045917757,0.0006562312,1018.9315,-0.16748047,0.07332475,7.650046e-05,34.0,0.0,0.3,-0.0030075188,9.822955,0.019618187,0.005177109,0.0044621057,5.113279,-0.0010828972,0.015750704,147.59296,-2.3842316,2.248739,754.68396,-1.1291776,22.288197,1019.055,33.913074,0.2607457,-0.35285664,0.10865597,0.0,0.0,1.8475664,5.8776345,0.20374106,-0.0018464942,0.0,1.0389484,-0.97072303,0.24020158,-2.220446e-16,1.0,0.0,0.0,0.0,0.0,0.0,0.0,1.0,1.0,1.0,1.0,0.0,1.0,1.0,0.0,9,test/100/9/0,82
22.386879,0.051748276,0.05086992,0.0024182356,1019.1061,0.17456055,0.07299789,-4.74055e-05,34.0,0.0,0.3,0.0,9.764653,0.021211494,-0.065087646,0.006862147,5.1204967,0.007217884,0.014878779,156.19235,8.599396,2.547625,799.7824,-0.6449669,22.298065,1019.0601,33.92177,0.4934125,0.131299,0.097790375,0.048456453,0.0,1.823015,5.5316935,0.20024574,-0.008146332,0.0,1.038336,-0.97072303,0.24020158,-2.220446e-16,1.0,0.0,0.0,0.0,0.0,0.0,0.0,1.0,1.0,1.0,1.0,0.0,1.0,1.0,0.0,9,test/100/9/0,83
22.273872,-0.11300659,0.048071235,0.0033545974,1019.21246,0.10638428,0.07911781,0.0034068173,34.0,0.0,0.3,0.0030075188,9.746054,0.025043752,0.039702784,0.004438803,5.1243463,0.0038495064,0.014807242,149.30824,-6.8841095,2.5328894,765.1072,-0.58054835,22.295645,1019.0754,33.929592,-0.1209617,0.39172867,0.08801133,0.0,0.0,1.7971547,5.473298,0.20574032,-0.013101713,0.0,1.0395665,-0.97072303,0.24020158,-2.220446e-16,1.0,0.0,0.0,0.0,0.0,0.0,0.0,1.0,1.0,1.0,1.0,0.0,1.0,1.0,0.0,9,test/100/9/0,84
22.22997,-0.043901443,0.048553217,0.0018467136,1019.0453,-0.1671753,0.078915395,0.0036406782,33.0,-1.0,0.35707143,-0.008270676,9.838535,0.02608413,0.11108107,0.0030588969,5.116718,-0.007628441,0.014783494,149.49078,0.1825409,2.5366473,764.9022,-0.6077956,22.289078,1019.0723,33.83663,-0.32837275,-0.077323526,-1.0457898,0.0,0.0,1.4228685,5.623609,0.19967614,-0.010669833,0.0,1.0423405,-0.97072303,0.24020158,-2.220446e-16,1.0,0.0,0.0,0.0,0.0,0.0,0.0,1.0,1.0,1.0,1.0,0.0,1.0,1.0,0.0,9,test/100/9/0,85
22.212631,-0.017339706,0.05097441,0.00092162366,1019.09344,0.04815674,0.078407794,0.0050117667,34.0,1.0,0.35707143,-0.0037593986,9.828345,0.026164576,-0.10267118,0.0021520637,5.110065,-0.006652832,0.014832017,150.05202,0.5612335,2.4456203,766.77563,-0.9021458,22.281433,1019.07446,33.85297,-0.382234,0.054240443,0.18378918,0.0,0.0,1.4966114,5.6635685,0.1949857,-0.008038708,0.0,1.0442798,-0.97072303,0.24020158,-2.220446e-16,1.0,0.0,0.0,0.0,0.0,0.0,0.0,1.0,1.0,1.0,1.0,0.0,1.0,1.0,0.0,9,test/100/9/0,86
22.320942,0.1083107,0.051609434,0.0017703264,1019.0127,-0.08074951,0.07844768,0.003727183,34.0,0.0,0.35707143,0.0007518797,9.813335,0.025878392,-0.0048204837,0.0031926616,5.1474156,0.037350655,0.014941633,150.82022,0.76820374,2.4087377,776.33435,-0.74861103,22.285385,1019.0683,33.867672,0.19754289,-0.1588252,0.16541027,0.0,0.0,1.4718791,5.3560886,0.20276533,-0.015779633,0.0,1.0453848,-0.97072303,0.24020158,-2.220446e-16,1.0,0.0,0.0,0.0,0.0,0.0,0.0,1.0,1.0,1.0,1.0,0.0,1.0,1.0,0.0,9,test/100/9/0,87
22.343342,0.022399902,0.052818153,0.002188245,1018.95294,-0.059753418,0.078784496,0.0036438906,34.0,0.0,0.35707143,0.005263158,9.810591,0.025097793,0.012265452,0.0040920186,5.114663,-0.032752514,0.014710183,147.39064,-3.4295807,2.4217107,753.85345,-0.8094906,22.29118,1019.05676,33.880905,0.28978813,-0.29659432,0.14886923,0.0,0.0,1.4458416,5.366109,0.20859432,-0.017263593,0.0,1.0498755,-0.97072303,0.24020158,-2.220446e-16,1.0,0.0,0.0,0.0,0.0,0.0,0.0,1.0,1.0,1.0,1.0,0.0,1.0,1.0,0.0,9,test/100/9/0,88
22.26459,-0.07875252,0.052517157,0.0023688697,1018.9506,-0.002319336,0.08131894,0.0018095317,33.0,-1.0,0.4,-0.004511278,9.798136,0.024650227,-0.009710017,0.0036464422,5.1189623,0.004299164,0.014524184,146.76552,-0.6251221,2.4136837,751.28723,-0.7809099,22.28852,1019.04614,33.792812,-0.13295329,-0.2728989,-0.9910177,0.0,0.0,1.0712079,5.4355063,0.21167222,-0.022408875,0.0,1.0505778,-0.97072303,0.24020158,-2.220446e-16,1.0,0.0,0.0,0.0,0.0,0.0,0.0,1.0,1.0,1.0,1.0,0.0,1.0,1.0,0.0,9,test/100/9/0,89
22.248487,-0.016101837,0.052132633,0.0011537968,1019.028,0.07739258,0.08138614,0.0015990752,34.0,1.0,0.4,0.0015037594,9.814487,0.024670102,0.028806549,0.0026855075,5.134239,0.015276909,0.013623925,145.93231,-0.8332062,2.5035026,749.25146,-0.793517,22.284517,1019.0443,33.813534,-0.20016715,-0.046599526,0.23308408,0.0,0.0,1.1449542,5.2895603,0.22511794,-0.028244808,0.0,1.0533979,-0.97072303,0.24020158,-2.220446e-16,1.0,0.0,0.0,0.0,0.0,0.0,0.0,1.0,1.0,1.0,1.0,0.0,1.0,1.0,0.0,9,test/100/9/0,90
22.299263,0.050775528,0.052235793,0.0014025839,1019.1378,0.109802246,0.076114975,0.00058396417,33.0,-1.0,0.4330127,-0.006766917,9.811914,0.022934929,-0.018924903,0.0016307923,5.1247225,-0.009516716,0.013643393,150.1908,4.258484,2.419817,769.6862,-0.5088958,22.285992,1019.05365,33.732178,0.07372721,0.24040906,-0.9152243,0.0,0.0,0.7751561,5.7423534,0.21576667,-0.021765143,0.0,1.0551888,-0.97072303,0.24020158,-2.220446e-16,1.0,0.0,0.0,0.0,0.0,0.0,0.0,1.0,1.0,1.0,1.0,0.0,1.0,1.0,0.0,9,test/100/9/0,91
22.299892,0.00062942505,0.048119735,0.00021061001,1019.1196,-0.018188477,0.07609994,0.0005784114,34.0,1.0,0.4,-0.015037594,9.824895,0.022555646,0.015553607,0.0045754192,5.1051054,-0.01961708,0.014012833,147.6209,-2.5699005,2.454957,753.6202,-0.657884,22.287382,1019.06024,33.75896,0.069501616,0.16959779,0.3012981,0.0,0.0,0.84885406,5.1584697,0.23331721,-0.025465807,0.0,1.0612282,-0.97072303,0.24020158,-2.220446e-16,1.0,0.0,0.0,0.0,0.0,0.0,0.0,1.0,1.0,1.0,1.0,0.0,1.0,1.0,0.0,9,test/100/9/0,92
22.176285,-0.123607635,0.053637575,-0.0020084137,1019.0951,-0.024536133,0.07625522,0.0007028221,34.0,0.0,0.4,-0.009022556,9.804943,0.022526791,-0.03293248,0.0035086095,5.144286,0.039180756,0.014803897,148.88739,1.2664948,2.1657043,765.9193,-0.2644925,22.276272,1019.0638,33.783066,-0.55548674,0.08954509,0.2711683,-0.010701588,0.0,0.82627696,5.461145,0.22457293,-0.022593787,0.0,1.0652188,-0.97072303,0.24020158,-2.220446e-16,1.0,0.0,0.0,0.0,0.0,0.0,0.0,1.0,1.0,1.0,1.0,0.0,1.0,1.0,0.0,9,test/100/9/0,93
22.269165,0.09288025,0.052480984,-0.0030701358,1019.0545,-0.04058838,0.07037353,-0.0014653485,34.0,0.0,0.4,-0.0030075188,9.77803,0.023230115,-0.00696004,0.0038502607,5.1183214,-0.025964737,0.01478002,147.8899,-0.99749756,2.1841865,756.948,-0.35207474,22.275562,1019.0628,33.80476,-0.035536807,-0.023779534,0.24405147,0.0,0.0,0.8023515,5.0304894,0.2396706,-0.025036206,0.0,1.0735288,-0.97072303,0.24020158,-2.220446e-16,1.0,0.0,0.0,0.0,0.0,0.0,0.0,1.0,1.0,1.0,1.0,0.0,1.0,1.0,0.0,9,test/100/9/0,94
22.16172,-0.10744476,0.05917055,-0.0047307163,1019.0902,0.035705566,0.070020206,-0.0017324806,34.0,0.0,0.35707143,-0.012781955,9.816248,0.022610134,0.06512884,0.002824384,5.099864,-0.018457413,0.01506907,146.30016,-1.5897369,2.2443302,746.11096,-0.7707461,22.264177,1019.06555,33.824284,-0.56920695,0.07041273,0.21964632,-0.024960604,0.0,0.77710444,5.3234577,0.22926927,-0.022355778,0.0,1.0788658,-0.97072303,0.24020158,-2.220446e-16,1.0,0.0,0.0,0.0,0.0,0.0,0.0,1.0,1.0,1.0,1.0,0.0,1.0,1.0,0.0,9,test/100/9/0,95
22.233725,0.07200432,0.06001584,-0.0052683265,1019.0831,-0.007080078,0.06997145,-0.0018137079,34.0,0.0,0.35707143,-0.008270676,9.82752,0.022821287,-0.026944553,0.002061239,5.1165476,0.016683578,0.014780605,148.26721,1.9670563,2.2510836,758.6162,-0.8103272,22.261131,1019.0673,33.841854,-0.15226465,0.045165546,0.19768168,0.0,0.0,0.7505623,4.833673,0.24793753,-0.024781087,0.0,1.0786519,-0.97072303,0.24020158,-2.220446e-16,1.0,0.0,0.0,0.0,0.0,0.0,0.0,1.0,1.0,1.0,1.0,0.0,1.0,1.0,0.0,9,test/100/9/0,96
22.3113,0.07757568,0.060414135,-0.0046411785,1019.106,0.022888184,0.07031589,-0.0012599858,34.0,0.0,0.35707143,-0.0037593986,9.772455,0.023563918,-0.0663367,0.0065505356,5.1433477,0.026800156,0.015651595,146.31827,-1.9489441,2.2233338,752.56573,-0.7213664,22.26615,1019.07117,33.85767,0.25084022,0.09950432,0.17791352,0.0,0.0,0.7227511,5.0011215,0.259132,-0.027315265,0.0,1.085361,-0.97072303,0.24020158,-2.220446e-16,1.0,0.0,0.0,0.0,0.0,0.0,0.0,1.0,1.0,1.0,1.0,0.0,1.0,1.0,0.0,9,test/100/9/0,97
22.256931,-0.054368973,0.05834394,-0.0038482365,1019.1328,0.026794434,0.06857307,0.0009862456,34.0,0.0,0.35707143,0.0007518797,9.796528,0.023595082,0.07913709,0.0025822476,5.128277,-0.015070915,0.013733505,146.6224,0.30413818,2.26138,751.92035,-0.87325174,22.265226,1019.07733,33.871902,-0.04608866,0.15845387,0.16012217,0.0,0.0,0.6936961,5.3990226,0.25812155,-0.028989077,0.0,1.0844207,-0.97072303,0.24020158,-2.220446e-16,1.0,0.0,0.0,0.0,0.0,0.0,0.0,1.0,1.0,1.0,1.0,0.0,1.0,1.0,0.0,9,test/100/9/0,98
22.229664,-0.027267456,0.055254426,-0.0030689181,1019.1612,0.028381348,0.06983263,0.0032587724,34.0,0.0,0.35707143,0.005263158,9.819785,0.023111094,-0.0008159472,0.005401731,5.149561,0.021284103,0.013818704,146.76141,0.13900757,2.2891192,755.7569,-0.83206075,22.261671,1019.08575,33.884712,-0.17781708,0.21558908,0.14410995,0.0,0.0,0.66342217,5.2451305,0.26046827,-0.030858915,0.0,1.0863824,-0.97072303,0.24020158,-2.220446e-16,1.0,0.0,0.0,0.0,0.0,0.0,0.0,1.0,1.0,1.0,1.0,0.0,1.0,1.0,0.0,9,test/100/9/0,99
22.273067,0.043403625,0.054159146,-0.0037521033,1019.1079,-0.05328369,0.07019987,0.003833375,34.0,0.0,0.35707143,0.009774436,9.8241825,0.023382673,-0.01885886,0.0076399497,5.149839,0.00027799606,0.014791492,144.04356,-2.7178497,2.4699419,741.80115,-1.2370617,22.26281,1019.08795,33.89624,0.05698276,0.05701497,0.12969896,0.0,0.0,0.6319537,5.6257157,0.25123516,-0.021644158,0.0,1.0879328,-0.97072303,0.24020158,-2.220446e-16,1.0,0.0,0.0,0.0,0.0,0.0,0.0,1.0,1.0,1.0,1.0,0.0,1.0,1.0,0.0,9,test/100/9/0,100
22.222498,-0.050569534,0.054996368,-0.0041740662,1019.0505,-0.057434082,0.07020225,0.0038313097,34.0,0.0,0.35707143,0.014285714,9.815486,0.023368971,-0.01309481,0.003730481,5.1107426,-0.039096355,0.014938528,150.53683,6.493271,2.491619,769.355,-0.9952473,22.25878,1019.0842,33.906616,-0.20156318,-0.09637417,0.11672906,0.0,0.0,0.59931463,5.301764,0.25194752,-0.022606563,0.0,1.0890619,-0.97072303,0.24020158,-2.220446e-16,1.0,0.0,0.0,0.0,0.0,0.0,0.0,1.0,1.0,1.0,1.0,0.0,1.0,1.0,0.0,9,test/100/9/0,101
22.362247,0.13974953,0.056947414,-0.001751709,1019.1953,0.14483643,0.06697692,0.003326875,34.0,0.0,0.35707143,0.018796992,9.811185,0.023092562,0.004396217,0.005530936,5.1293316,0.01858902,0.0147418715,150.75604,0.21920776,2.5385437,773.2777,-0.89593613,22.269127,1019.09534,33.915955,0.5173408,0.28569978,0.10505615,0.021278491,0.0,0.56552833,5.5824594,0.23050588,-0.0120665375,0.0,1.0669134,-0.97072303,0.24020158,-2.220446e-16,1.0,0.0,0.0,0.0,0.0,0.0,0.0,1.0,1.0,1.0,1.0,0.0,1.0,1.0,0.0,9,test/100/9/0,102
22.229578,-0.13266945,0.050609354,-0.00044832876,1019.16266,-0.03265381,0.06889953,0.0047154934,34.0,0.0,0.35707143,0.023308272,9.776931,0.02213205,-0.029953374,0.00395884,5.1164503,-0.012881279,0.014834465,149.54913,-1.2069092,1.8534224,765.1607,-0.22846189,22.265171,1019.10205,33.92436,-0.19774055,0.17316286,0.094550535,0.0,0.0,0.5306178,5.226215,0.22955109,-0.011634075,0.0,1.0699496,-0.97072303,0.24020158,-2.220446e-16,1.0,0.0,0.0,0.0,0.0,0.0,0.0,1.0,1.0,1.0,1.0,0.0,1.0,1.0,0.0,9,test/100/9/0,103
22.350275,0.12069702,0.054196373,0.0010315229,1019.08093,-0.081726074,0.06287316,0.0065312665,34.0,0.0,0.35707143,0.02781955,9.803383,0.017306857,0.060706053,0.0032056095,5.1186395,0.0021891594,0.0149017265,147.96486,-1.5842743,1.8353976,757.3788,-0.16759892,22.273682,1019.0999,33.931923,0.4255186,-0.05430619,0.08509549,0.0065173763,0.0,0.49460542,5.617127,0.23526564,-0.006079821,0.0,1.0685179,-0.97072303,0.24020158,-2.220446e-16,1.0,0.0,0.0,0.0,0.0,0.0,0.0,1.0,1.0,1.0,1.0,0.0,1.0,1.0,0.0,9,test/100/9/0,104
22.252901,-0.09737396,0.053688053,0.0003122459,1019.04266,-0.038269043,0.06295449,0.0053585195,34.0,0.0,0.3,0.016541352,9.802868,0.015995124,-0.026966369,0.004775064,5.104284,-0.0143556595,0.015476526,151.52605,3.5611877,1.9613446,773.432,0.13098131,22.271605,1019.09424,33.938732,-0.10390306,-0.14728168,0.07658593,0.0,0.0,0.4575133,5.3205476,0.22770329,-0.0026053677,0.0,1.0715393,-0.97072303,0.24020158,-2.220446e-16,1.0,0.0,0.0,0.0,0.0,0.0,0.0,1.0,1.0,1.0,1.0,0.0,1.0,1.0,0.0,9,test/100/9/0,105
22.129393,-0.12350845,0.060457673,-0.0024797039,1018.95197,-0.09069824,0.0690284,0.0036543997,34.0,0.0,0.3,0.019548872,9.814048,0.015357064,0.011693897,0.0029372384,5.1332617,0.028977871,0.0152386455,152.16731,0.64126587,2.1092885,781.1146,0.5560667,22.257383,1019.08,33.94486,-0.71105504,-0.36577755,0.06892734,-0.06056575,0.0,0.41936302,5.3930583,0.2163668,0.0029916232,0.0,1.0742506,-0.97072303,0.24020158,-2.220446e-16,1.0,0.0,0.0,0.0,0.0,0.0,0.0,1.0,1.0,1.0,1.0,0.0,1.0,1.0,0.0,9,test/100/9/0,106
22.247686,0.11829376,0.058961995,-0.0017464028,1019.107,0.1550293,0.06776393,0.0031027428,34.0,0.0,0.3,0.02255639,9.849885,0.017972425,0.02465816,0.0020518915,5.122128,-0.011133671,0.014384054,149.50127,-2.6660461,2.0497255,765.76465,0.89123136,22.256413,1019.0827,33.95037,-0.048480712,0.06944696,0.062034607,0.0,0.0,0.38017577,4.863199,0.2394515,-0.003428964,0.0,1.0792261,-0.97072303,0.24020158,-2.220446e-16,1.0,0.0,0.0,0.0,0.0,0.0,0.0,1.0,1.0,1.0,1.0,0.0,1.0,1.0,0.0,9,test/100/9/0,107
22.23063,-0.017055511,0.05584964,-0.00079291064,1018.99805,-0.108947754,0.06413294,-9.058902e-05,34.0,0.0,0.3,0.02556391,9.790545,0.018391676,-0.09517729,0.0053036637,5.1249323,0.0028042793,0.014219346,148.09196,-1.4093018,2.04071,758.9613,0.7901382,22.253834,1019.0742,33.955334,-0.1289102,-0.2176491,0.05583115,0.0,0.0,0.33997226,5.36687,0.23946033,-0.001754854,0.0,1.0792185,-0.97072303,0.24020158,-2.220446e-16,1.0,0.0,0.0,0.0,0.0,0.0,0.0,1.0,1.0,1.0,1.0,0.0,1.0,1.0,0.0,9,test/100/9/0,108
22.281641,0.05101013,0.056157522,-0.00018467294,1019.08856,0.09051514,0.056511745,-0.0020952956,34.0,0.0,0.21794495,0.012781955,9.7632065,0.020724826,0.03200046,0.004173462,5.11271,-0.01222229,0.014408256,147.87715,-0.21481323,2.0135345,756.0529,0.59929633,22.256615,1019.0757,33.9598,0.13903148,0.03686901,0.050248034,0.0,0.0,0.2987728,5.128159,0.24082518,-0.0023962946,0.0,1.0823444,-0.97072303,0.24020158,-2.220446e-16,1.0,0.0,0.0,0.0,0.0,0.0,0.0,1.0,1.0,1.0,1.0,0.0,1.0,1.0,0.0,9,test/100/9/0,109
22.343763,0.062122345,0.05948806,0.0010311457,1019.08136,-0.0072021484,0.054769557,-0.0031883297,34.0,0.0,0.21794495,0.014285714,9.809807,0.020653132,0.0739396,0.0025015036,5.104332,-0.008378029,0.014847449,151.08078,3.2036285,2.0183344,771.16644,0.5850519,22.26533,1019.07623,33.96382,0.43574005,0.0146623,0.04522323,0.0011999481,0.0,0.25659737,4.919171,0.25442553,-0.007865516,0.0,1.0861357,-0.97072303,0.24020158,-2.220446e-16,1.0,0.0,0.0,0.0,0.0,0.0,0.0,1.0,1.0,1.0,1.0,0.0,1.0,1.0,0.0,9,test/100/9/0,110
22.279348,-0.06441498,0.058954693,0.0019851972,1018.95386,-0.12750244,0.06140858,-0.004449325,33.0,-1.0,0.21794495,-0.014285714,9.761306,0.022731466,-0.09510105,0.0024277966,5.1536064,0.049274445,0.016295072,150.80327,-0.2775116,2.046721,777.18066,0.946424,22.266731,1019.06396,33.86744,0.070091166,-0.31466734,-1.0842991,0.0,0.0,-0.11313195,5.2910576,0.23109187,-0.0003157268,0.0,1.0686352,-0.97072303,0.24020158,-2.220446e-16,1.0,0.0,0.0,0.0,0.0,0.0,0.0,1.0,1.0,1.0,1.0,0.0,1.0,1.0,0.0,9,test/100/9/0,111
22.246983,-0.0323658,0.058156166,0.0025167651,1019.15753,0.20367432,0.06306708,-0.0028112426,34.0,1.0,0.21794495,-0.012781955,9.840407,0.023703653,0.12760183,0.0090008695,5.0929923,-0.06061411,0.017196607,149.4201,-1.3831635,2.039995,760.9955,0.81163514,22.264757,1019.07336,33.880695,-0.09874695,0.24053334,0.14913082,0.0,0.0,0.0,5.6615925,0.246173,0.0039868406,0.0,1.0703356,-0.97072303,0.24020158,-2.220446e-16,1.0,0.0,0.0,0.0,0.0,0.0,0.0,1.0,1.0,1.0,1.0,0.0,1.0,1.0,0.0,9,test/100/9/0,112
22.399189,0.15220642,0.063246526,0.0033505748,1019.0732,-0.084350586,0.06307362,-0.0028225777,34.0,0.0,0.21794495,-0.011278195,9.7822695,0.024166163,-0.13723943,0.0028759725,5.1302323,0.03724003,0.016617317,151.47229,2.052185,2.1266596,777.088,1.0898457,22.2782,1019.0733,33.892628,0.67215985,-0.00042149966,0.13421774,0.06097421,0.0,0.0,5.336671,0.24305698,0.0076701776,0.0,1.0715965,-0.97072303,0.24020158,-2.220446e-16,1.0,0.0,0.0,0.0,0.0,0.0,0.0,1.0,1.0,1.0,1.0,0.0,1.0,1.0,0.0,9,test/100/9/0,113
22.259487,-0.13970184,0.06325431,0.0033199799,1019.1219,0.048706055,0.06320943,-0.0027460314,34.0,0.0,0.21794495,-0.009774436,9.855479,0.026020287,0.13134792,0.0026822314,5.1090674,-0.021164894,0.016867267,149.21916,-2.253128,2.1164403,762.3707,0.99936193,22.276329,1019.0782,33.903362,-0.09356535,0.124864794,0.12079596,0.0,0.0,0.0,5.2387633,0.23681116,0.0033421915,0.0,1.0694884,-0.97072303,0.24020158,-2.220446e-16,1.0,0.0,0.0,0.0,0.0,0.0,0.0,1.0,1.0,1.0,1.0,0.0,1.0,1.0,0.0,9,test/100/9/0,114
22.273191,0.0137043,0.05864241,0.0018032175,1019.1115,-0.010375977,0.06342798,-0.0023552687,34.0,0.0,0.21794495,-0.008270676,9.814842,0.025996227,-0.11384633,0.006852178,5.154613,0.045545578,0.017404422,149.14592,-0.07324219,2.029819,768.7895,0.8213092,22.276014,1019.08154,33.91303,-0.015687317,0.085697226,0.10871636,0.0,0.0,0.0,5.095353,0.24009378,0.0012781089,0.0,1.0717976,-0.97072303,0.24020158,-2.220446e-16,1.0,0.0,0.0,0.0,0.0,0.0,0.0,1.0,1.0,1.0,1.0,0.0,1.0,1.0,0.0,9,test/100/9/0,115
22.26122,-0.01197052,0.058079638,0.0010847321,1018.9891,-0.12243652,0.06702896,-0.003857422,34.0,0.0,0.21794495,-0.006766917,9.835033,0.026347637,0.06082759,0.005684217,5.134671,-0.019941807,0.017399818,151.88698,2.7410583,2.1111443,779.88965,0.96517843,22.274536,1019.07227,33.921722,-0.07397118,-0.23770927,0.09784473,0.0,0.0,0.0,5.2701154,0.21805483,-0.0056797983,0.0,1.067388,-0.97072303,0.24020158,-2.220446e-16,1.0,0.0,0.0,0.0,0.0,0.0,0.0,1.0,1.0,1.0,1.0,0.0,1.0,1.0,0.0,9,test/100/9/0,116
22.238314,-0.022907257,0.057791032,0.0012225315,1019.0866,0.09753418,0.06683901,-0.003463401,34.0,0.0,0.21794495,-0.005263158,9.793397,0.025352035,-0.06182673,0.0032221365,5.136327,0.0016555786,0.017117865,149.3093,-2.5776825,2.0022,766.9013,0.7959759,22.270914,1019.0737,33.92955,-0.18111035,0.036863834,0.08806025,0.0,0.0,0.0,5.0775332,0.21350908,-0.01340126,0.0,1.0666198,-0.97072303,0.24020158,-2.220446e-16,1.0,0.0,0.0,0.0,0.0,0.0,0.0,1.0,1.0,1.0,1.0,0.0,1.0,1.0,0.0,9,test/100/9/0,117
22.20755,-0.030763626,0.059264395,0.00017214754,1019.02374,-0.06286621,0.06697942,-0.0035152119,34.0,0.0,0.21794495,-0.0037593986,9.835902,0.02590526,0.08414054,0.003865388,5.141522,0.005195141,0.017453799,150.48672,1.1774292,1.9104644,773.73083,0.6925906,22.264578,1019.0687,33.936596,-0.31681743,-0.12847851,0.07925423,0.0,0.0,0.0,5.224181,0.21277094,-0.012860007,0.0,1.0683794,-0.97072303,0.24020158,-2.220446e-16,1.0,0.0,0.0,0.0,0.0,0.0,0.0,1.0,1.0,1.0,1.0,0.0,1.0,1.0,0.0,9,test/100/9/0,118
22.225407,0.017856598,0.05940176,-0.0009794235,1019.0703,0.046569824,0.06415518,-0.0022895986,34.0,0.0,0.21794495,-0.002255639,9.784225,0.026388278,-0.09418117,0.0025854344,5.121606,-0.019916058,0.016648808,148.75299,-1.7337341,1.8102301,761.8541,0.44731733,22.26066,1019.06885,33.942936,-0.19585271,0.004120309,0.071328804,0.0,0.0,0.0,5.1598454,0.21446003,-0.015404792,0.0,1.0692397,-0.97072303,0.24020158,-2.220446e-16,1.0,0.0,0.0,0.0,0.0,0.0,0.0,1.0,1.0,1.0,1.0,0.0,1.0,1.0,0.0,9,test/100/9/0,119
22.261053,0.03564644,0.059385154,-0.0009300375,1019.1589,0.08856201,0.06647223,-0.0005034712,34.0,0.0,0.21794495,-0.0007518797,9.808248,0.026133604,0.07569844,0.0015937648,5.1369467,0.015340805,0.015910309,148.46768,-0.28530884,1.3088926,762.6706,-0.015814805,22.2607,1019.0779,33.948643,0.0019647516,0.23143916,0.06419592,0.0,0.0,0.0,4.8061004,0.22354887,-0.016865589,0.0,1.0775797,-0.97072303,0.24020158,-2.220446e-16,1.0,0.0,0.0,0.0,0.0,0.0,0.0,1.0,1.0,1.0,1.0,0.0,1.0,1.0,0.0,9,test/100/9/0,120
22.340055,0.07900238,0.06067954,-0.0005324457,1019.2395,0.08062744,0.07514622,0.0014509846,34.0,0.0,0.21794495,0.0007518797,9.793424,0.026235394,-0.03884545,0.007881378,5.1165867,-0.020359993,0.01570882,148.70306,0.23538208,1.325252,760.85205,-0.101248235,22.268635,1019.09406,33.953777,0.3967802,0.41562295,0.057776332,0.0,0.0017998702,0.0,5.2114453,0.2232482,-0.016418265,0.0,1.0785068,-0.97072303,0.24020158,-2.220446e-16,1.0,0.0,0.0,0.0,0.0,0.0,0.0,1.0,1.0,1.0,1.0,0.0,1.0,1.0,0.0,9,test/100/9/0,121
22.290998,-0.049057007,0.05720994,0.001194125,1019.2321,-0.007385254,0.078219496,0.005302578,33.0,-1.0,0.3,-0.012030075,9.807003,0.026212439,0.028401898,0.0032763202,5.12405,0.007463455,0.015673297,152.2855,3.5824432,1.4185342,780.31854,0.16613527,22.270872,1019.10785,33.858402,0.11181713,0.35507,-1.0730013,0.0,0.0,-0.11838592,5.3459396,0.21067673,-0.009481745,0.0,1.0809419,-0.97072303,0.24020158,-2.220446e-16,1.0,0.0,0.0,0.0,0.0,0.0,0.0,1.0,1.0,1.0,1.0,0.0,1.0,1.0,0.0,9,test/100/9/0,122
22.245161,-0.045837402,0.056793675,0.0002782363,1019.0515,-0.18060303,0.07654653,0.0060031977,34.0,1.0,0.3,-0.009022556,9.779904,0.026054481,-0.040676884,0.008306776,5.1315107,0.007460594,0.015632698,152.64897,0.36346436,1.5376524,783.3198,0.33764327,22.268301,1019.10223,33.872562,-0.1285516,-0.14484479,0.15929884,0.0,0.0,0.0,5.185322,0.21087904,-0.01010901,0.0,1.081364,-0.97072303,0.24020158,-2.220446e-16,1.0,0.0,0.0,0.0,0.0,0.0,0.0,1.0,1.0,1.0,1.0,0.0,1.0,1.0,0.0,9,test/100/9/0,123
22.311956,0.06679535,0.05459683,0.002198876,1019.1491,0.097595215,0.07797185,0.006974758,34.0,0.0,0.3,-0.0060150377,9.774707,0.026947066,0.021901032,0.0034776237,5.0873594,-0.044151306,0.017646005,153.66008,1.0111084,1.6501217,781.72406,0.33617526,22.272665,1019.1069,33.885303,0.2182803,0.12059882,0.14336894,0.0,0.0,0.0,5.1389117,0.19133596,-0.0051654875,0.0,1.0863253,-0.97072303,0.24020158,-2.220446e-16,1.0,0.0,0.0,0.0,0.0,0.0,0.0,1.0,1.0,1.0,1.0,0.0,1.0,1.0,0.0,9,test/100/9/0,124
22.236137,-0.075819016,0.054923747,0.0015565256,1018.92633,-0.22277832,0.08490123,0.0040570023,34.0,0.0,0.3,-0.0030075188,9.829165,0.02745627,0.059656497,0.001579763,5.1444945,0.057135105,0.017617151,154.59302,0.9329376,1.880946,795.3029,0.74555343,22.269012,1019.08887,33.896774,-0.1826428,-0.4643196,0.12903205,0.0,-0.0010622079,0.0,5.2427244,0.18966328,-0.0027026373,0.0,1.087137,-0.97072303,0.24020158,-2.220446e-16,1.0,0.0,0.0,0.0,0.0,0.0,0.0,1.0,1.0,1.0,1.0,0.0,1.0,1.0,0.0,9,test/100/9/0,125
22.303839,0.06770134,0.045700096,-4.3587937e-05,1018.99567,0.06933594,0.08213104,0.00087261916,34.0,0.0,0.3,0.0,9.865301,0.030317532,-0.018323932,0.004850528,5.124884,-0.019610405,0.017530514,154.28586,-0.30715942,2.027041,790.6972,1.1775516,22.272495,1019.0795,33.907097,0.17412817,-0.23959522,0.11612885,0.0,0.0,0.0,5.067809,0.18613517,-0.0014766442,0.0,1.0905424,-0.97072303,0.24020158,-2.220446e-16,1.0,0.0,0.0,0.0,0.0,0.0,0.0,1.0,1.0,1.0,1.0,0.0,1.0,1.0,0.0,9,test/100/9/0,126
22.24087,-0.06296921,0.04592131,-0.00093779026,1018.96893,-0.026733398,0.08537627,-0.00031155464,33.0,-1.0,0.35707143,-0.011278195,9.773929,0.029671414,-0.12750787,0.0039247074,5.142042,0.017158031,0.017888028,157.39119,3.1053314,2.492201,809.3122,1.6187003,22.269333,1019.0685,33.816387,-0.15813068,-0.28437874,-1.0204841,0.0,0.0,-0.117772326,4.957542,0.1790692,-0.009702995,0.0,1.0895524,-0.97072303,0.24020158,-2.220446e-16,1.0,0.0,0.0,0.0,0.0,0.0,0.0,1.0,1.0,1.0,1.0,0.0,1.0,1.0,0.0,9,test/100/9/0,127
22.32059,0.07971954,0.045874394,-0.00095218857,1019.14075,0.17181396,0.084700294,-0.00055385963,34.0,1.0,0.35707143,-0.006766917,9.751503,0.031762544,0.068947874,0.002572338,5.102711,-0.03933096,0.018609324,151.9015,-5.489685,2.408433,775.10956,1.3983335,22.274458,1019.0757,33.834747,0.2562801,0.18586648,0.20656437,0.0,0.0,0.0,5.1774316,0.17420928,-0.0069772396,0.0,1.0915421,-0.97072303,0.24020158,-2.220446e-16,1.0,0.0,0.0,0.0,0.0,0.0,0.0,1.0,1.0,1.0,1.0,0.0,1.0,1.0,0.0,9,test/100/9/0,128
22.355953,0.03536415,0.0489011,0.0002087629,1019.14294,0.0021972656,0.08576495,0.00044982453,34.0,0.0,0.35707143,-0.002255639,9.807869,0.030431757,0.078790076,0.0049008275,5.120718,0.018006802,0.01842337,153.15634,1.254837,2.320826,784.2704,1.2386309,22.282608,1019.0824,33.851273,0.40747285,0.17292994,0.18590793,0.009099776,0.0,0.0,4.92935,0.1821895,-0.011279757,0.0,1.0936381,-0.97072303,0.24020158,-2.220446e-16,1.0,0.0,0.0,0.0,0.0,0.0,0.0,1.0,1.0,1.0,1.0,0.0,1.0,1.0,0.0,9,test/100/9/0,129
22.315722,-0.040231705,0.047493394,0.0016641072,1018.98413,-0.15881348,0.08847492,-0.0010107514,34.0,0.0,0.35707143,0.002255639,9.784153,0.030748958,-0.080081016,0.0039879493,5.1190186,-0.0016994476,0.017848177,153.2675,0.11116028,2.352919,784.5792,1.2795424,22.28592,1019.0726,33.866146,0.16556704,-0.25274056,0.16731714,0.0,0.0,0.0,5.1586304,0.17316455,-0.015307693,0.0,1.0911145,-0.97072303,0.24020158,-2.220446e-16,1.0,0.0,0.0,0.0,0.0,0.0,0.0,1.0,1.0,1.0,1.0,0.0,1.0,1.0,0.0,9,test/100/9/0,130
22.251753,-0.06396866,0.047910225,0.0012307031,1019.0544,0.070251465,0.08397044,-0.0033347222,34.0,0.0,0.3,-0.009022556,9.78438,0.029538121,0.023942487,0.0058497894,5.112681,-0.0063376427,0.016915947,154.70595,1.438446,2.4435737,790.9621,1.4864297,22.282503,1019.07074,33.87953,-0.17083295,-0.04681988,0.15058543,0.0,0.0,0.0,4.7061706,0.19917455,-0.020287532,0.0,1.097299,-0.97072303,0.24020158,-2.220446e-16,1.0,0.0,0.0,0.0,0.0,0.0,0.0,1.0,1.0,1.0,1.0,0.0,1.0,1.0,0.0,9,test/100/9/0,131
22.342764,0.09101105,0.04921271,0.0016279148,1019.1043,0.049926758,0.08242406,-0.0018807088,34.0,0.0,0.3,-0.0060150377,9.760068,0.029917933,-0.024538375,0.0027389717,5.124416,0.011734962,0.01532911,152.70477,-2.001175,2.3921075,782.52277,1.2964756,22.288528,1019.0741,33.89158,0.3013056,0.0862452,0.13552688,0.0,0.0,0.0,4.7373614,0.18144582,-0.018091708,0.0,1.0454847,-0.97072303,0.24020158,-2.220446e-16,1.0,0.0,0.0,0.0,0.0,0.0,0.0,1.0,1.0,1.0,1.0,0.0,1.0,1.0,0.0,9,test/100/9/0,132
22.272226,-0.07053757,0.041543536,0.0032766743,1019.2363,0.13201904,0.089030825,0.00020747364,34.0,0.0,0.3,-0.0030075188,9.763974,0.030746104,0.028217744,0.0043564313,5.0930805,-0.031335354,0.016851593,154.52269,1.8179169,2.456219,786.9965,1.3921531,22.2869,1019.09033,33.90242,-0.081512816,0.41709822,0.12197419,0.0,0.0,0.0,5.072531,0.17341852,-0.014848265,0.0,1.048192,-0.97072303,0.24020158,-2.220446e-16,1.0,0.0,0.0,0.0,0.0,0.0,0.0,1.0,1.0,1.0,1.0,0.0,1.0,1.0,0.0,9,test/100/9/0,133
22.282887,0.0106601715,0.041342802,0.0030628247,1019.0868,-0.14953613,0.088718556,0.00068313483,34.0,0.0,0.3,0.0,9.822697,0.028546618,0.054816697,0.00916181,5.1198025,0.026721954,0.016538166,155.10497,0.5822754,2.4514406,794.10675,1.3421272,22.286497,1019.08997,33.912178,-0.020060677,-0.0091330875,0.10977677,0.0,0.0,0.0,5.3581066,0.18034434,-0.008673878,0.0,1.0493499,-0.97072303,0.24020158,-2.220446e-16,1.0,0.0,0.0,0.0,0.0,0.0,0.0,1.0,1.0,1.0,1.0,0.0,1.0,1.0,0.0,9,test/100/9/0,134
22.29406,0.011173248,0.04144921,0.0031897896,1019.00116,-0.085632324,0.090476856,-0.00017557933,34.0,0.0,0.3,0.0030075188,9.81583,0.028575715,-0.06558963,0.0049722334,5.094434,-0.02536869,0.016248927,156.5091,1.404129,2.4952588,797.32526,1.3917053,22.287254,1019.0811,33.92096,0.037811633,-0.22841719,0.098799095,0.0,0.0,0.0,4.7427115,0.19610722,-0.013734686,0.0,1.052986,-0.97072303,0.24020158,-2.220446e-16,1.0,0.0,0.0,0.0,0.0,0.0,0.0,1.0,1.0,1.0,1.0,0.0,1.0,1.0,0.0,9,test/100/9/0,135
22.39415,0.10009003,0.048049197,0.004526223,1019.0704,0.06921387,0.087997116,-0.00181279,34.0,0.0,0.3,0.0060150377,9.820356,0.027807122,0.011392837,0.0043566856,5.1101513,0.015717506,0.016129185,155.0626,-1.4464874,2.5380476,792.3933,1.5031818,22.297943,1019.08,33.928864,0.53448063,-0.02759695,0.088919185,0.04644503,0.0,0.0,4.6041484,0.21624783,-0.017485274,0.0,1.059922,-0.97072303,0.24020158,-2.220446e-16,1.0,0.0,0.0,0.0,0.0,0.0,0.0,1.0,1.0,1.0,1.0,0.0,1.0,1.0,0.0,9,test/100/9/0,136
22.310349,-0.08380127,0.04698483,0.004103909,1018.98663,-0.083740234,0.09063173,-0.0032285303,34.0,0.0,0.3,0.009022556,9.809207,0.027895253,-0.015675038,0.004633889,5.1386533,0.028501987,0.016252864,154.6668,-0.395813,2.4277997,794.77905,1.4248588,22.299183,1019.0707,33.935978,0.062026195,-0.24016929,0.08002727,0.0,0.0,0.0,5.0572047,0.21614116,-0.016802946,0.0,1.0601351,-0.97072303,0.24020158,-2.220446e-16,1.0,0.0,0.0,0.0,0.0,0.0,0.0,1.0,1.0,1.0,1.0,0.0,1.0,1.0,0.0,9,test/100/9/0,137
22.221186,-0.08916283,0.04586658,0.0018137753,1018.9794,-0.0072631836,0.09253413,-0.0055903154,34.0,0.0,0.3,0.012030075,9.798376,0.026552327,0.00031842839,0.007911096,5.1358767,-0.0027766228,0.01592821,155.34341,0.6766205,2.3925142,797.82465,1.4559575,22.291384,1019.0616,33.94238,-0.38999057,-0.23482911,0.07202454,0.0,0.0,0.0,5.0664067,0.21227187,-0.013643098,0.0,1.0617924,-0.97072303,0.24020158,-2.220446e-16,1.0,0.0,0.0,0.0,0.0,0.0,0.0,1.0,1.0,1.0,1.0,0.0,1.0,1.0,0.0,9,test/100/9/0,138
22.30988,0.08869362,0.04347206,0.0010521351,1019.046,0.06665039,0.09279893,-0.0061979135,34.0,0.0,0.3,0.015037594,9.815659,0.026696393,0.02811328,0.0043679764,5.126722,-0.009154797,0.015992077,155.73694,0.39352417,2.1919863,798.4199,1.271802,22.293234,1019.06,33.948143,0.09247659,-0.039959487,0.064822085,0.0,0.0,0.0,4.8607526,0.21357182,-0.01419974,0.0,1.0649483,-0.97072303,0.24020158,-2.220446e-16,1.0,0.0,0.0,0.0,0.0,0.0,0.0,1.0,1.0,1.0,1.0,0.0,1.0,1.0,0.0,9,test/100/9/0,139
22.262201,-0.047677994,0.04342782,4.519269e-05,1019.01385,-0.032165527,0.09183848,-0.005830142,34.0,0.0,0.3,0.018045112,9.8026705,0.026619924,-0.030270709,0.0055196867,5.1460886,0.019366741,0.01658096,157.1923,1.455368,1.9555408,808.9255,1.195631,22.29013,1019.0554,33.953327,-0.15516104,-0.11867489,0.05833988,0.0,0.0,0.0,5.069931,0.20794426,-0.016903803,0.0,1.0621635,-0.97072303,0.24020158,-2.220446e-16,1.0,0.0,0.0,0.0,0.0,0.0,0.0,1.0,1.0,1.0,1.0,0.0,1.0,1.0,0.0,9,test/100/9/0,140
22.244955,-0.017246246,0.04345562,3.755469e-05,1019.1121,0.0982666,0.08397866,-0.0025674233,34.0,0.0,0.3,0.021052632,9.849121,0.028817289,0.05943792,0.00061033666,5.11539,-0.030698776,0.01659808,154.9106,-2.2817078,1.5031766,792.42816,0.7855142,22.285612,1019.06104,33.957996,-0.22587617,0.14587814,0.05250589,0.0,0.0,0.0,4.73591,0.21346855,-0.01837615,0.0,1.0671936,-0.97072303,0.24020158,-2.220446e-16,1.0,0.0,0.0,0.0,0.0,0.0,0.0,1.0,1.0,1.0,1.0,0.0,1.0,1.0,0.0,9,test/100/9/0,141
22.257954,0.012998581,0.04402523,-0.00041596548,1019.06836,-0.043762207,0.074669175,0.00014506176,34.0,0.0,0.21794495,0.008270676,9.800735,0.028782124,-0.09483511,0.0049199197,5.136442,0.02105236,0.016939208,155.7775,0.8668976,1.4392931,800.14215,0.74548,22.282846,1019.06177,33.962196,-0.13829564,0.01875894,0.0472553,0.0,0.0,0.0,5.2912436,0.20946968,-0.009076472,0.0,1.0677752,-0.97072303,0.24020158,-2.220446e-16,1.0,0.0,0.0,0.0,0.0,0.0,0.0,1.0,1.0,1.0,1.0,0.0,1.0,1.0,0.0,9,test/100/9/0,142
22.336157,0.0782032,0.043989517,-0.0004263541,1019.0968,0.028442383,0.075185105,0.00065849134,34.0,0.0,0.21794495,0.009774436,9.81729,0.028598549,0.0649404,0.003419017,5.081219,-0.055222988,0.018863827,156.5085,0.7310028,1.4156547,795.254,0.6531942,22.288177,1019.0653,33.965977,0.26654992,0.090020604,0.042529773,0.0,0.0,0.0,4.7757845,0.21114616,-0.009594318,0.0,1.0721503,-0.97072303,0.24020158,-2.220446e-16,1.0,0.0,0.0,0.0,0.0,0.0,0.0,1.0,1.0,1.0,1.0,0.0,1.0,1.0,0.0,9,test/100/9/0,143
22.136032,-0.20012474,0.055467073,-0.00237784,1018.9288,-0.16802979,0.07717638,0.00024437008,34.0,0.0,0.21794495,0.011278195,9.861655,0.030604398,0.027809456,0.0054951175,5.1072936,0.02607441,0.017664272,151.16762,-5.3408813,1.6111389,772.0575,0.18638691,22.272963,1019.05164,33.96938,-0.7607288,-0.35105804,0.038276795,-0.06366504,0.0,0.0,4.747456,0.21432611,-0.010633801,0.0,1.0763658,-0.97072303,0.24020158,-2.220446e-16,1.0,0.0,0.0,0.0,0.0,0.0,0.0,1.0,1.0,1.0,1.0,0.0,1.0,1.0,0.0,9,test/100/9/0,144
22.241102,0.105070114,0.055260874,-0.0037609187,1019.0818,0.15301514,0.07228482,-0.0011700394,34.0,0.0,0.21794495,0.012781955,9.820781,0.03035011,-0.08523883,0.0069670305,5.1329303,0.025636673,0.017024344,155.07893,3.911316,1.6126217,796.00934,0.290688,22.269777,1019.0546,33.97244,-0.15930532,0.07751525,0.034449115,-0.007512206,0.0,0.0,5.2357025,0.21388102,-0.002470532,0.0,1.0764418,-0.97072303,0.24020158,-2.220446e-16,1.0,0.0,0.0,0.0,0.0,0.0,0.0,1.0,1.0,1.0,1.0,0.0,1.0,1.0,0.0,9,test/100/9/0,145
22.280571,0.039468765,0.055091027,-0.0035186552,1019.0635,-0.018310547,0.07100242,-0.0019850193,34.0,0.0,0.21794495,0.014285714,9.828442,0.027714744,0.048534486,0.004377927,5.1316557,-0.0012745857,0.017199902,158.29095,3.2120209,1.7823277,812.2947,0.55385274,22.270857,1019.05554,33.975197,0.053969037,0.022679461,0.031004203,0.0,0.0,0.0,5.1389666,0.21609858,0.0015595335,0.0,1.075673,-0.97072303,0.24020158,-2.220446e-16,1.0,0.0,0.0,0.0,0.0,0.0,0.0,1.0,1.0,1.0,1.0,0.0,1.0,1.0,0.0,9,test/100/9/0,146
22.32399,0.043418884,0.054847863,-0.0036153835,1019.01984,-0.043640137,0.068623506,-0.003947506,34.0,0.0,0.0,0.0,9.794762,0.026928937,-0.041339662,0.0033109996,5.1402864,0.008630753,0.017089088,154.41652,-3.8744354,1.6943532,793.7452,0.8134681,22.27617,1019.05194,33.977676,0.26566654,-0.09180598,0.027903782,0.0,0.0,0.0,4.6478934,0.22732113,-0.0032737954,0.0,1.0790267,-0.97072303,0.24020158,-2.220446e-16,1.0,0.0,0.0,0.0,0.0,0.0,0.0,1.0,1.0,1.0,1.0,0.0,1.0,1.0,0.0,9,test/100/9/0,147
22.278307,-0.045682907,0.05435298,-0.0032309883,1019.095,0.07513428,0.066657744,-0.0022003404,34.0,0.0,0.0,0.0,9.783081,0.024537677,0.02199862,0.006295362,5.1375713,-0.0027151108,0.017067783,161.28572,6.8692017,2.0815,828.6169,1.0546181,22.276384,1019.0563,33.979908,0.010685365,0.11057705,0.025113404,0.0,0.0,0.0,5.0306435,0.22235869,0.0012983117,0.0,1.080624,-0.97072303,0.24020158,-2.220446e-16,1.0,0.0,0.0,0.0,0.0,0.0,0.0,1.0,1.0,1.0,1.0,0.0,1.0,1.0,0.0,9,test/100/9/0,148
22.336403,0.058095932,0.053243574,-0.0013946877,1019.16895,0.07397461,0.06851727,0.0007071359,34.0,0.0,0.0,0.0,9.787349,0.02490842,0.015948309,0.0055552856,5.1176233,-0.019948006,0.017085664,151.65642,-9.629303,2.180966,776.1204,0.6100012,22.282385,1019.06757,33.98192,0.30009648,0.28973976,0.022602065,0.0,0.0,0.0,4.896161,0.22261795,0.00025289686,0.0,1.0809858,-0.97072303,0.24020158,-2.220446e-16,1.0,0.0,0.0,0.0,0.0,0.0,0.0,1.0,1.0,1.0,1.0,0.0,1.0,1.0,0.0,9,test/100/9/0,149
22.323761,-0.012641907,0.05350647,-0.00034482425,1018.93823,-0.23071289,0.07171157,-0.0022279667,34.0,0.0,0.0,0.0,9.841249,0.025502382,0.049632676,0.0061831307,5.123827,0.0062036514,0.017088981,160.9484,9.291977,2.4653723,824.67175,0.8761067,22.286524,1019.0546,33.983727,0.2068773,-0.33249593,0.020341858,0.0,0.0,0.0,4.8119392,0.21890654,0.0016744388,0.0,1.0847794,-0.97072303,0.24020158,-2.220446e-16,1.0,0.0,0.0,0.0,0.0,0.0,0.0,1.0,1.0,1.0,1.0,0.0,1.0,1.0,0.0,9,test/100/9/0,150
22.332272,0.00851059,0.05387875,-0.0001955018,1019.2012,0.26293945,0.07822034,-0.00022853765,34.0,0.0,0.0,0.0,9.824141,0.025060585,-0.07100895,0.006884195,5.1495366,0.025709629,0.018021148,153.33841,-7.6099854,2.5072615,789.6217,0.68198985,22.291098,1019.0693,33.985355,0.22874252,0.3768837,0.018307673,0.0,0.0,0.0,5.3135495,0.22778879,0.0036390796,0.0,1.0781505,-0.97072303,0.24020158,-2.220446e-16,1.0,0.0,0.0,0.0,0.0,0.0,0.0,1.0,1.0,1.0,1.0,0.0,1.0,1.0,0.0,9,test/100/9/0,151
22.292383,-0.039888382,0.052468296,0.0006999224,1019.1259,-0.07525635,0.07890248,0.0012633818,34.0,0.0,0.0,0.0,9.790535,0.022745075,-0.016496325,0.0062835785,5.12785,-0.021686554,0.018048732,156.98993,3.6515198,2.4404922,805.02075,0.5766225,22.291227,1019.07495,33.98682,0.006426361,0.145679,0.016476905,0.0,0.0,0.0,4.9815364,0.2220142,0.0004398113,0.0,1.0755085,-0.97072303,0.24020158,-2.220446e-16,1.0,0.0,0.0,0.0,0.0,0.0,0.0,1.0,1.0,1.0,1.0,0.0,1.0,1.0,0.0,9,test/100/9/0,152
22.255453,-0.036930084,0.052823253,2.9783321e-05,1019.1313,0.0053710938,0.07043462,0.0048840516,34.0,0.0,0.0,0.0,9.802947,0.02001931,0.046016876,0.004959818,5.1171823,-0.010667801,0.016747018,158.00694,1.0170135,2.472568,808.55035,0.5584847,22.28765,1019.08057,33.988136,-0.1788667,0.14492248,0.014829215,0.0,0.0,0.0,5.092613,0.22251178,0.0037523292,0.0,1.0752918,-0.97072303,0.24020158,-2.220446e-16,1.0,0.0,0.0,0.0,0.0,0.0,0.0,1.0,1.0,1.0,1.0,0.0,1.0,1.0,0.0,9,test/100/9/0,153
22.252653,-0.0027999878,0.053312548,-0.00048681416,1019.0883,-0.04296875,0.07046356,0.0056877425,33.0,-1.0,0.21794495,-0.014285714,9.826965,0.020129671,0.011606621,0.0043439283,5.119585,0.0024027824,0.016750153,157.95015,-0.056793213,2.5043988,808.6392,0.6214714,22.28415,1019.08136,33.889324,-0.17497997,0.01993916,-1.1116537,0.0,0.0,-0.13256924,4.981797,0.20431218,0.009960648,0.0,1.0703915,-0.97072303,0.24020158,-2.220446e-16,1.0,0.0,0.0,0.0,0.0,0.0,0.0,1.0,1.0,1.0,1.0,0.0,1.0,1.0,0.0,9,test/100/9/0,154
22.269405,0.016752243,0.05335512,-0.0005422105,1019.09937,0.011047363,0.0695473,0.0052948687,34.0,1.0,0.21794495,-0.012781955,9.813912,0.02012795,-0.037071344,0.0042652558,5.1234713,0.0038862228,0.015273098,158.6207,0.6705475,2.5656314,812.6886,0.7712715,22.282675,1019.0831,33.90039,-0.07372075,0.046352748,0.12451167,0.0,0.0,-0.010687081,5.2349586,0.20699434,0.010634673,0.0,1.0651107,-0.97072303,0.24020158,-2.220446e-16,1.0,0.0,0.0,0.0,0.0,0.0,0.0,1.0,1.0,1.0,1.0,0.0,1.0,1.0,0.0,9,test/100/9/0,155
22.319551,0.050146103,0.04776642,0.0017362093,1019.0689,-0.030456543,0.0695432,0.0054120743,34.0,0.0,0.21794495,-0.011278195,9.777838,0.021585753,-0.02302216,0.0031235942,5.114033,-0.009438038,0.015094484,158.00241,-0.61828613,2.5834188,808.0296,0.75353897,22.286364,1019.0817,33.91035,0.18438184,-0.03659935,0.112060495,0.0,0.0,0.0,4.969173,0.1884212,0.004583699,0.0,1.0612282,-0.97072303,0.24020158,-2.220446e-16,1.0,0.0,0.0,0.0,0.0,0.0,0.0,1.0,1.0,1.0,1.0,0.0,1.0,1.0,0.0,9,test/100/9/0,156
22.33037,0.010818481,0.048610482,0.0029581788,1019.0073,-0.061584473,0.06850533,0.0033294908,34.0,0.0,0.21794495,-0.009774436,9.811336,0.02157531,0.06957294,0.008925854,5.106219,-0.007814407,0.0154044805,159.26794,1.2655334,2.6326306,813.257,0.8246402,22.290764,1019.0743,33.919315,0.22003606,-0.19129948,0.10085445,0.0,0.0,0.0,4.9507427,0.18814826,0.004874048,0.0,1.0623577,-0.97072303,0.24020158,-2.220446e-16,1.0,0.0,0.0,0.0,0.0,0.0,0.0,1.0,1.0,1.0,1.0,0.0,1.0,1.0,0.0,9,test/100/9/0,157
22.325356,-0.0050144196,0.047574807,0.0026705721,1019.04803,0.04071045,0.06570388,0.0016826888,34.0,0.0,0.21794495,-0.008270676,9.797234,0.021613961,-0.0475996,0.006264621,5.101569,-0.004649639,0.015947195,157.16501,-2.1029358,2.6216807,801.78815,0.75220233,22.294222,1019.07166,33.927383,0.17296036,-0.067485526,0.090769,0.0,0.0,0.0,5.2985864,0.19923826,0.01043898,0.0,1.0598975,-0.97072303,0.24020158,-2.220446e-16,1.0,0.0,0.0,0.0,0.0,0.0,0.0,1.0,1.0,1.0,1.0,0.0,1.0,1.0,0.0,9,test/100/9/0,158
22.36561,0.040254593,0.050468884,0.0042018103,1019.12714,0.07910156,0.06658533,0.0021150287,34.0,0.0,0.21794495,-0.006766917,9.79701,0.021853533,0.013878667,0.005959779,5.108668,0.007098675,0.016209865,159.80736,2.6423492,2.702324,816.4028,0.8919837,22.301361,1019.0772,33.934647,0.3569373,0.14266704,0.0816921,0.007290407,0.0,0.0,5.153902,0.19899766,0.01034068,0.0,1.0568078,-0.97072303,0.24020158,-2.220446e-16,1.0,0.0,0.0,0.0,0.0,0.0,0.0,1.0,1.0,1.0,1.0,0.0,1.0,1.0,0.0,9,test/100/9/0,159
22.204393,-0.16121674,0.053444132,0.002593336,1019.03375,-0.09338379,0.065820046,0.0005834594,34.0,0.0,0.21794495,-0.005263158,9.79136,0.022216832,-0.005427848,0.004131793,5.1221347,0.013466835,0.015235699,154.90508,-4.9022827,2.7323415,793.44464,0.8426271,22.291664,1019.0729,33.94118,-0.48484012,-0.111729406,0.073522896,0.0,0.0,0.0,5.2878494,0.2073381,0.015017905,0.0,1.0545225,-0.97072303,0.24020158,-2.220446e-16,1.0,0.0,0.0,0.0,0.0,0.0,0.0,1.0,1.0,1.0,1.0,0.0,1.0,1.0,0.0,9,test/100/9/0,160
22.18662,-0.017772675,0.05703911,0.00054558634,1019.0719,0.038146973,0.06527421,0.0011185036,34.0,0.0,0.21794495,-0.0037593986,9.798228,0.020543475,0.0125194825,0.0048041423,5.093338,-0.028796673,0.016339786,157.85564,2.9505615,2.7109563,804.0122,0.70703125,22.28116,1019.07275,33.947063,-0.5252195,-0.002464248,0.0661706,-0.011856821,0.0,0.0,5.0522437,0.19615433,0.010727621,0.0,1.0512228,-0.97072303,0.24020158,-2.220446e-16,1.0,0.0,0.0,0.0,0.0,0.0,0.0,1.0,1.0,1.0,1.0,0.0,1.0,1.0,0.0,9,test/100/9/0,161
22.151505,-0.035116196,0.063656226,-0.0017108616,1019.0146,-0.05731201,0.06651446,0.00020430716,34.0,0.0,0.21794495,-0.002255639,9.78687,0.021016996,-0.018226895,0.00082448684,5.140376,0.04703808,0.016563233,156.29755,-1.5580902,2.7030077,803.42816,0.6674721,22.268194,1019.06696,33.95236,-0.64827853,-0.14959157,0.05955354,-0.0606945,0.0,0.0,5.2730303,0.19504647,0.017884165,0.0,1.0514122,-0.97072303,0.24020158,-2.220446e-16,1.0,0.0,0.0,0.0,0.0,0.0,0.0,1.0,1.0,1.0,1.0,0.0,1.0,1.0,0.0,9,test/100/9/0,162
22.244349,0.09284401,0.06253193,-0.0012461053,1019.1727,0.15814209,0.06998226,0.0020792338,33.0,-1.0,0.3,-0.015037594,9.789431,0.021253755,0.013918767,0.006656127,5.1048083,-0.03556776,0.014481696,158.22775,1.9302063,2.7171907,807.7223,0.6071354,22.26581,1019.0775,33.85712,-0.11923061,0.27201867,-1.0714018,-0.0035954183,0.0,-0.13287584,4.964629,0.18621801,0.012523542,0.0,1.0494514,-0.97072303,0.24020158,-2.220446e-16,1.0,0.0,0.0,0.0,0.0,0.0,0.0,1.0,1.0,1.0,1.0,0.0,1.0,1.0,0.0,9,test/100/9/0,163
22.275513,0.03116417,0.05413709,-0.0033579532,1019.04944,-0.123291016,0.061909843,-0.0005744188,34.0,1.0,0.3,-0.012030075,9.806309,0.01704732,0.014318427,0.0035832643,5.1027794,-0.002028942,0.01472664,156.87405,-1.3536987,2.3711252,800.49365,0.05852216,22.26678,1019.0747,33.87141,0.048513293,-0.07221723,0.16073836,0.0,0.0,-0.011294172,4.9055324,0.17615756,0.0055874097,0.0,1.0478157,-0.97072303,0.24020158,-2.220446e-16,1.0,0.0,0.0,0.0,0.0,0.0,0.0,1.0,1.0,1.0,1.0,0.0,1.0,1.0,0.0,9,test/100/9/0,164
22.35757,0.08205795,0.05593028,-0.0028482883,1019.255,0.2055664,0.07268308,0.0019431666,34.0,0.0,0.3,-0.009022556,9.810695,0.016673379,-0.012493791,0.006638733,5.119854,0.017074585,0.014460212,157.71574,0.84169006,2.3195279,807.48157,-0.054837886,22.27586,1019.0928,33.88427,0.45395172,0.46360382,0.14466453,0.0035117809,0.0127267055,0.0,4.8002286,0.18009606,0.0046183835,0.0,1.0523342,-0.97072303,0.24020158,-2.220446e-16,1.0,0.0,0.0,0.0,0.0,0.0,0.0,1.0,1.0,1.0,1.0,0.0,1.0,1.0,0.0,9,test/100/9/0,165
22.310057,-0.04751396,0.056174226,-0.0025693434,1019.16296,-0.092041016,0.07415443,0.0025962887,34.0,0.0,0.3,-0.0060150377,9.860073,0.02015075,0.044993754,0.0064773434,5.1198316,-2.2411346e-05,0.014216078,157.73671,0.020965576,2.3117902,807.58545,0.07317156,22.27928,1019.0998,33.89584,0.17098674,0.18056655,0.13019808,0.0,0.0,0.0,5.0391006,0.17864203,0.0061892536,0.0,1.0533758,-0.97072303,0.24020158,-2.220446e-16,1.0,0.0,0.0,0.0,0.0,0.0,0.0,1.0,1.0,1.0,1.0,0.0,1.0,1.0,0.0,9,test/100/9/0,166
22.233017,-0.07703972,0.05665785,-0.002749744,1019.1685,0.005554199,0.0737996,0.0024900967,34.0,0.0,0.3,-0.0030075188,9.832414,0.020892056,-0.07703783,0.004887346,5.1015296,-0.018301964,0.013892088,155.71916,-2.0175476,2.2455294,794.4059,-0.2729038,22.274652,1019.1066,33.906258,-0.23131052,0.17679211,0.11717827,0.0,0.0,0.0,5.35232,0.16811718,0.004631077,0.0,1.0537045,-0.97072303,0.24020158,-2.220446e-16,1.0,0.0,0.0,0.0,0.0,0.0,0.0,1.0,1.0,1.0,1.0,0.0,1.0,1.0,0.0,9,test/100/9/0,167
22.346193,0.113176346,0.05833013,-0.0018978477,1019.02594,-0.14257812,0.07561274,0.0013098236,34.0,0.0,0.3,0.0,9.805779,0.02019679,0.0010242396,0.004635669,5.1702394,0.06870985,0.017577248,156.21564,0.49647522,2.0743046,807.67224,0.12015257,22.281807,1019.0986,33.91563,0.35770226,-0.20751657,0.10546044,0.0,0.0,0.0,5.1096916,0.16808578,0.004590911,0.0,1.0528852,-0.97072303,0.24020158,-2.220446e-16,1.0,0.0,0.0,0.0,0.0,0.0,0.0,1.0,1.0,1.0,1.0,0.0,1.0,1.0,0.0,9,test/100/9/0,168
22.19397,-0.15222359,0.060355235,-0.0024053545,1019.07874,0.05279541,0.07391616,0.0021555966,34.0,0.0,0.3,0.0030075188,9.803824,0.019684153,0.02467962,0.007263002,5.0918946,-0.07834482,0.018561203,158.2293,2.0136566,1.6535152,805.6869,-0.31254902,22.273024,1019.09656,33.92407,-0.4391859,-0.051005278,0.0949144,-0.001547127,0.0,0.0,4.9400315,0.16603115,-0.00011524652,0.0,1.0524311,-0.97072303,0.24020158,-2.220446e-16,1.0,0.0,0.0,0.0,0.0,0.0,0.0,1.0,1.0,1.0,1.0,0.0,1.0,1.0,0.0,9,test/100/9/0,169
22.39018,0.19621086,0.06444319,-9.527278e-05,1019.0752,-0.003540039,0.06502737,-0.00055638363,33.0,-1.0,0.35707143,-0.008270676,9.834335,0.01915806,0.032466426,0.002391318,5.1297255,0.03783083,0.018698808,158.98447,0.7551727,1.496276,815.5467,0.11774283,22.284739,1019.0944,33.83166,0.585787,-0.055007707,-1.039577,0.038295884,0.0,-0.13202362,5.433402,0.17181836,0.0008309576,0.0,1.0618862,-0.8207459,-0.5712934,0.016307121,0.94736844,0.0,0.0,0.0,0.0,0.0,0.0,1.0,1.0,1.0,1.0,0.0,1.0,1.0,0.0,0,test/100/9/0,170
22.322927,-0.06725311,0.064108744,0.0012885488,1019.13696,0.061767578,0.061455477,0.0015597466,34.0,1.0,0.35707143,-0.0037593986,9.789368,0.0191978,-0.075478874,0.0043180105,5.116261,-0.013464451,0.017264709,154.28485,-4.6996155,1.3774652,789.3616,-0.3657384,22.288557,1019.0987,33.848495,0.19094273,0.10932398,0.18938066,0.0,0.0,-0.00960676,5.0040927,0.16634494,0.0026298026,0.0,1.0651071,-0.8068782,-0.5907178,0.031973373,0.8947368,0.0,0.0,0.0,0.0,0.0,0.0,1.0,1.0,1.0,1.0,0.0,1.0,1.0,0.0,0,test/100/9/0,171
22.304617,-0.018310547,0.06426922,0.0017950259,1019.0599,-0.0770874,0.061592568,0.0014829248,34.0,0.0,0.35707143,0.0007518797,9.78806,0.01930686,0.043659374,0.0024535735,5.1130056,-0.0032553673,0.017081827,154.9837,0.69885254,1.4762977,792.4325,-0.56181526,22.290163,1019.0948,33.863647,0.08029573,-0.09983317,0.1704426,0.0,0.0,0.0,5.084295,0.16445233,0.00079742767,0.0,1.0640354,-0.8159544,-0.5781163,0.045488287,0.8947368,0.0,0.0,0.0,0.0,0.0,0.0,1.0,1.0,1.0,1.0,0.0,1.0,1.0,0.0,0,test/100/9/0,172
22.435785,0.13116837,0.07209101,0.0035738335,1019.1274,0.06750488,0.06147947,0.0025545736,34.0,0.0,0.35707143,0.005263158,9.798333,0.019371808,0.011581227,0.0029277927,5.1273017,0.014296055,0.017263433,158.35854,3.3748322,1.4861655,811.95197,-0.4043823,22.304726,1019.0981,33.87728,0.728108,0.08373413,0.15339833,0.08478899,0.0,0.0,4.9898567,0.16608775,-0.00078474166,0.0,1.0651071,-0.8145126,-0.58014584,0.057436086,0.8947368,0.0,0.0,0.0,0.0,0.0,0.0,1.0,1.0,1.0,1.0,0.0,1.0,1.0,0.0,0,test/100/9/0,173
22.41879,-0.016994476,0.0766251,0.0047944766,1019.0761,-0.05126953,0.061589412,0.0022212209,34.0,0.0,0.3,-0.0060150377,9.790268,0.019031094,-0.01833779,0.0046891156,5.1265974,-0.0007042885,0.017396653,154.38727,-3.9712677,1.6128938,791.4814,-0.5430982,22.316132,1019.0959,33.889553,0.5703248,-0.05647522,0.1380585,0.14719945,0.0,0.0,5.4537363,0.18165365,0.0026647348,0.0,1.0641706,-0.8410142,-0.541013,0.06626564,0.84210527,0.0,0.0,0.0,0.0,0.0,0.0,1.0,1.0,1.0,1.0,0.0,1.0,1.0,0.0,0,test/100/9/0,174
22.256596,-0.1621952,0.076925166,0.003712723,1019.0944,0.018310547,0.06157326,0.0023422355,34.0,0.0,0.3,-0.0030075188,9.821247,0.019284973,0.039043963,0.0065739416,5.109883,-0.016714573,0.01738357,155.02005,0.632782,1.6429251,792.13434,-0.5827474,22.310179,1019.0957,33.900597,-0.29768372,-0.003743433,0.124252655,0.02634481,0.0,0.0,5.306613,0.18466839,0.0073000523,0.0,1.0634272,-0.83602995,-0.5486838,0.07373411,0.84210527,0.0,0.0,0.0,0.0,0.0,0.0,1.0,1.0,1.0,1.0,0.0,1.0,1.0,0.0,0,test/100/9/0,175
22.360361,0.10376549,0.07798649,0.004924377,1019.02875,-0.06567383,0.062957235,0.0010515944,33.0,-1.0,0.35707143,-0.014285714,9.792116,0.018534385,-0.06011033,0.0038207802,5.1424084,0.03252554,0.01829878,156.19765,1.177597,1.6350389,803.2321,-0.5065114,22.315197,1019.08905,33.81054,0.2509121,-0.17224465,-1.0131726,0.021402247,0.0,-0.13069773,5.150403,0.18154097,0.005399432,0.0,1.0615516,-0.81962025,-0.57290715,0.08028589,0.7894737,0.0,0.0,0.0,0.0,0.0,0.0,1.0,1.0,1.0,1.0,0.0,1.0,1.0,0.0,0,test/100/9/0,176
22.352364,-0.007997513,0.078550294,0.006131231,1018.98145,-0.047302246,0.06489445,-0.0018267868,34.0,1.0,0.35707143,-0.009774436,9.78153,0.019169664,0.01854554,0.004694545,5.133588,-0.008820534,0.018432744,156.36664,0.16899109,1.5458202,802.7219,-0.3478114,22.318914,1019.07825,33.829483,0.18583332,-0.27665454,0.21314465,0.0058724084,0.0,-0.006981504,5.054333,0.17786415,0.001562856,0.0,1.0604824,-0.84221494,-0.5391419,0.084041595,0.7368421,0.0,0.0,0.0,0.0,0.0,0.0,1.0,1.0,1.0,1.0,0.0,1.0,1.0,0.0,0,test/100/9/0,177
22.288216,-0.06414795,0.07841009,0.0063094376,1019.06824,0.08679199,0.06439736,-0.0027835702,34.0,0.0,0.35707143,-0.005263158,9.823805,0.01958997,0.052860446,0.0038793779,5.111772,-0.021815777,0.018087037,154.25865,-2.1079865,1.6355424,788.5351,-0.5570256,22.315844,1019.0773,33.846535,-0.15348975,-0.025809668,0.19183019,0.0,0.0,0.0,5.348763,0.18052047,0.0072689126,0.0,1.0599653,-0.85019016,-0.52647567,0.08579279,0.7368421,0.0,0.0,0.0,0.0,0.0,0.0,1.0,1.0,1.0,1.0,0.0,1.0,1.0,0.0,0,test/100/9/0,178
22.189648,-0.09856796,0.08039391,0.0057709785,1019.01996,-0.04827881,0.06557061,-0.003211459,34.0,0.0,0.35707143,-0.0007518797,9.819985,0.019757593,-0.046094727,0.004100374,5.134887,0.023115158,0.018218637,153.02722,-1.23143,1.642677,785.7775,-0.554947,22.303225,1019.07153,33.86188,-0.6309806,-0.14737421,0.17264716,-0.017848805,0.0,0.0,5.5675626,0.20368879,0.013740734,0.0,1.0777557,-0.91098064,-0.41244915,0.08387406,0.68421054,0.0,0.0,0.0,0.0,0.0,0.0,1.0,1.0,1.0,1.0,0.0,1.0,1.0,0.0,0,test/100/9/0,179
22.262201,0.072553635,0.07823354,0.0039880783,1019.0557,0.0357666,0.064881615,-0.0044417074,34.0,0.0,0.35707143,0.0037593986,9.801293,0.019501435,-0.0148716485,0.0053313556,5.1537538,0.018866539,0.019601686,154.89929,1.8720703,1.6429199,798.31274,-0.6902377,22.299122,1019.06995,33.875694,-0.20511436,-0.040665526,0.15538245,0.0,0.0,0.0,5.227314,0.2021493,0.016844776,0.0,1.0783875,-0.9148412,-0.40381384,0.08068842,0.68421054,0.0,0.0,0.0,0.0,0.0,0.0,1.0,1.0,1.0,1.0,0.0,1.0,1.0,0.0,0,test/100/9/0,180
22.273258,0.0110569,0.07447489,0.0019955828,1019.06415,0.008422852,0.0649889,-0.0049823504,34.0,0.0,0.35707143,0.008270676,9.801965,0.019437185,0.019362856,0.006288297,5.123609,-0.030144691,0.018450174,154.84853,-0.05076599,1.6295713,793.3833,-0.7364131,22.296535,1019.0694,33.888126,-0.12931842,-0.014940213,0.13984421,0.0,0.0,0.0,5.142588,0.20085576,0.015109387,0.0,1.0774448,-0.9212736,-0.38891506,0.076244354,0.68421054,0.0,0.0,0.0,0.0,0.0,0.0,1.0,1.0,1.0,1.0,0.0,1.0,1.0,0.0,0,test/100/9/0,181
22.310566,0.03730774,0.06642625,-0.00014869288,1019.01355,-0.050598145,0.06504613,-0.007139094,33.0,-1.0,0.4,-0.0015037594,9.794791,0.019103143,-0.007845379,0.0045522703,5.129021,0.0054121017,0.018099826,154.52533,-0.3231964,1.6659188,792.56366,-0.78753614,22.29794,1019.0638,33.799313,0.07015212,-0.1435557,-0.9991402,0.0,0.0,-0.1295232,5.1297035,0.19915114,0.01654018,0.0,1.0789411,-0.93686724,-0.34968522,0.070519425,0.6315789,0.0,0.0,0.0,0.0,0.0,0.0,1.0,1.0,1.0,1.0,0.0,1.0,1.0,0.0,0,test/100/9/0,182
22.336205,0.02563858,0.06514665,-0.0006999353,1019.06134,0.047790527,0.062060848,-0.0061145755,34.0,1.0,0.35707143,-0.011278195,9.818493,0.018792855,0.030876143,0.0024268345,5.09922,-0.029801369,0.018420927,153.44818,-1.0771484,1.6781492,782.46606,-0.8987709,22.301765,1019.06354,33.81938,0.1913298,-0.0063102087,0.22577381,0.0,0.0,-0.0046559414,5.545661,0.21192983,0.019259261,0.0,1.0729008,-0.9566159,-0.29135206,0.06380666,0.57894737,0.0,0.0,0.0,0.0,0.0,0.0,1.0,1.0,1.0,1.0,0.0,1.0,1.0,0.0,0,test/100/9/0,183
22.269253,-0.06695175,0.0653307,-0.0018536948,1019.01855,-0.042785645,0.06318078,-0.007480478,34.0,0.0,0.35707143,-0.006766917,9.824425,0.019088376,-0.017770758,0.00405514,5.1375155,0.038295746,0.01808033,151.8344,-1.6137848,1.8663737,780.05164,-1.1206547,22.298513,1019.059,33.837444,-0.16256194,-0.11569942,0.20319642,0.0,0.0,0.0,5.026431,0.20566766,0.012753932,0.0,1.0716524,-0.97453684,-0.22422753,0.05660049,0.5263158,0.0,0.0,0.0,0.0,0.0,0.0,1.0,1.0,1.0,1.0,0.0,1.0,1.0,0.0,0,test/100/9/0,184
22.233273,-0.035980225,0.06646804,-0.0022163922,1019.0777,0.059143066,0.048559718,-0.004709252,34.0,0.0,0.35707143,-0.002255639,9.8176365,0.019167345,-0.01271945,0.0074023856,5.1218195,-0.015696049,0.018059624,154.51337,2.6789703,1.8104093,791.3896,-1.0394922,22.29199,1019.0609,33.8537,-0.32620686,0.047952697,0.18287678,0.0,0.0,0.0,5.704368,0.21520345,0.014088924,0.0,1.0885133,-0.97563064,-0.21941929,0.048910905,0.5263158,0.0,0.0,0.0,0.0,0.0,0.0,1.0,1.0,1.0,1.0,0.0,1.0,1.0,0.0,0,test/100/9/0,185
22.209745,-0.023527145,0.06956261,-0.0034784977,1019.00916,-0.06854248,0.04525968,-0.004103857,33.0,-1.0,0.4,-0.012030075,9.808179,0.015342356,-0.0026689626,0.004537325,5.0994844,-0.022335052,0.018860202,152.3737,-2.1396637,1.8401824,777.02734,-1.1376661,22.283766,1019.0557,33.76833,-0.4112219,-0.13309467,-0.9604109,0.0,0.0,-0.12718321,5.475021,0.21678264,0.014559582,0.0,1.0840048,-0.97043693,-0.24135491,0.040583342,0.47368422,0.0,0.0,0.0,0.0,0.0,0.0,1.0,1.0,1.0,1.0,0.0,1.0,1.0,0.0,0,test/100/9/0,186
22.272709,0.062963486,0.068194345,-0.004906697,1019.07336,0.064208984,0.038285296,-0.0022622016,34.0,1.0,0.4,-0.0060150377,9.817886,0.014458986,0.01916425,0.0049257115,5.1470747,0.047590256,0.018798243,155.66402,3.2903137,1.8393294,801.21423,-1.0524592,22.28266,1019.0575,33.791496,-0.055282284,0.045323618,0.2606302,0.0,0.0,-2.2761105e-05,5.149835,0.21660368,0.014674783,0.0,1.0860943,-0.984084,-0.177704,0.03229816,0.42105263,0.0,0.0,0.0,0.0,0.0,0.0,1.0,1.0,1.0,1.0,0.0,1.0,1.0,0.0,0,test/100/9/0,187
22.388401,0.11569214,0.070174016,-0.0029548444,1019.04846,-0.024902344,0.037671838,-0.002884439,34.0,0.0,0.4,0.0,9.78799,0.015022411,-0.039604325,0.0021045727,5.1154084,-0.03166628,0.015917074,153.60266,-2.0613556,1.8497107,785.74036,-0.98907715,22.293234,1019.0566,33.812347,0.5287066,-0.023243343,0.23456718,0.02756038,0.0,0.0,5.2942467,0.21468534,0.013326516,0.0,1.0841894,-0.9921873,-0.1247569,0.024302956,0.36842105,0.0,0.0,0.0,0.0,0.0,0.0,1.0,1.0,1.0,1.0,0.0,1.0,1.0,0.0,0,test/100/9/0,188
22.349005,-0.039396286,0.066096276,-0.0040327962,1019.2597,0.21124268,0.05780854,0.00031082038,34.0,0.0,0.4,0.0060150377,9.839337,0.016692666,0.08124505,0.003430143,5.1253505,0.009942055,0.014203743,149.12256,-4.4801025,2.1002727,764.30536,-1.2302767,22.298811,1019.0769,33.831112,0.27885455,0.52227646,0.21111046,0.008995898,0.01669826,0.0,5.075376,0.20674993,0.0058951573,0.0,1.0827967,-0.99076194,-0.13561246,0.01587722,0.42105263,0.0,0.0,0.0,0.0,0.0,0.0,1.0,1.0,1.0,1.0,0.0,1.0,1.0,0.0,0,test/100/9/0,189
22.214676,-0.13432884,0.06667645,-0.0041648005,1019.013,-0.2467041,0.058972172,-0.0003462942,34.0,0.0,0.35707143,-0.0037593986,9.80562,0.015521051,-0.08506468,0.0051203608,5.1127157,-0.012634754,0.014396351,151.40361,2.2810516,1.9411092,774.0837,-1.1138769,22.290398,1019.0705,33.848,-0.42067513,-0.16433318,0.18999942,0.0,0.0,0.0,5.412042,0.20589544,0.010859849,0.0,1.0830163,-0.9957962,-0.09159656,0.017324077,0.42105263,0.0,0.0,0.0,0.0,0.0,0.0,1.0,1.0,1.0,1.0,0.0,1.0,1.0,0.0,0,test/100/9/0,190
22.353254,0.13857841,0.067465544,-0.0031150875,1018.9952,-0.017822266,0.05834091,-0.00018920898,34.0,0.0,0.35707143,0.0007518797,9.804303,0.015049392,0.032399237,0.0024851537,5.112148,-0.00056791306,0.014534636,154.17169,2.7680817,1.9408903,788.14844,-1.147651,22.296682,1019.063,33.8632,0.31428447,-0.19372854,0.17099947,0.0,0.0,0.0,5.113372,0.2004874,0.0048113735,0.0,1.0818939,-0.9967104,-0.081045285,0.017956534,0.42105263,0.0,0.0,0.0,0.0,0.0,0.0,1.0,1.0,1.0,1.0,0.0,1.0,1.0,0.0,0,test/100/9/0,191
22.251423,-0.101831436,0.06842834,-0.0038548275,1019.06976,0.07458496,0.05840248,2.9416191e-05,34.0,0.0,0.35707143,0.005263158,9.784586,0.015283662,-0.018399792,0.006426506,5.1451974,0.033049583,0.015021341,153.2084,-0.96328735,1.9413438,788.2875,-1.1291262,22.292156,1019.06366,33.87688,-0.22630116,0.017434211,0.15389952,0.0,0.0,0.0,5.230477,0.19647922,0.0015378464,0.0,1.0803963,-0.9902368,-0.13939515,0.017385708,0.36842105,0.0,0.0,0.0,0.0,0.0,0.0,1.0,1.0,1.0,1.0,0.0,1.0,1.0,0.0,0,test/100/9/0,192
22.275784,0.024360657,0.061208315,-0.0020954877,1018.91455,-0.1552124,0.06388658,-0.0009182808,34.0,0.0,0.35707143,0.009774436,9.835954,0.01641277,0.07108526,0.00400554,5.1305904,-0.014606953,0.0150588,151.77097,-1.437439,1.731902,778.6747,-0.9334917,22.29052,1019.04877,33.88919,-0.08186776,-0.38342682,0.13850957,0.0,-0.0009743924,0.0,5.4964814,0.19133455,0.0003534342,0.0,1.0752376,-0.9966272,-0.08206241,0.01680026,0.36842105,0.0,0.0,0.0,0.0,0.0,0.0,1.0,1.0,1.0,1.0,0.0,1.0,1.0,0.0,0,test/100/9/0,193
22.400648,0.12486458,0.059450768,0.0014199021,1018.9973,0.08276367,0.064407,-0.001173114,34.0,0.0,0.35707143,0.014285714,9.808475,0.015868258,-0.07884682,0.0034625875,5.1334424,0.002851963,0.015155007,147.77422,-3.9967499,2.1548972,758.59045,-1.2979535,22.301533,1019.0436,33.900272,0.5506419,-0.13226326,0.124658614,0.038424674,0.0,0.0,5.6504083,0.20387213,0.00793055,0.0,1.0732483,-0.9978499,-0.06554132,0.016390335,0.36842105,0.0,0.0,0.0,0.0,0.0,0.0,1.0,1.0,1.0,1.0,0.0,1.0,1.0,0.0,0,test/100/9/0,194
22.22624,-0.17440796,0.06071891,-8.994511e-05,1018.95416,-0.043151855,0.066064395,-0.0016367977,34.0,0.0,0.35707143,0.018796992,9.815388,0.015701534,0.034392368,0.0039639375,5.131243,-0.002199173,0.014732231,150.54245,2.7682343,2.2070816,772.4699,-1.4043676,22.294003,1019.03467,33.910244,-0.37646207,-0.22999886,0.11219275,0.0,0.0,0.0,5.2776446,0.20395876,0.0075637233,0.0,1.0735408,-0.9967307,-0.080795765,0.015058348,0.42105263,0.0,0.0,0.0,0.0,0.0,0.0,1.0,1.0,1.0,1.0,0.0,1.0,1.0,0.0,0,test/100/9/0,195
22.35458,0.12833977,0.060400285,0.0019176827,1019.0066,0.0524292,0.0663652,-0.0021775325,34.0,0.0,0.3,0.007518797,9.852913,0.017841516,0.030611722,0.0016811106,5.115964,-0.015279293,0.014475572,149.665,-0.87745667,2.2193367,765.6807,-1.4029713,22.30006,1019.03186,33.91922,0.30288297,-0.07218102,0.10097348,0.0,0.0,0.0,5.8799505,0.23601693,0.013378356,0.0,1.0990399,-0.9940813,-0.108638674,0.01239667,0.42105263,0.0,0.0,0.0,0.0,0.0,0.0,1.0,1.0,1.0,1.0,0.0,1.0,1.0,0.0,0,test/100/9/0,196
22.329922,-0.024658203,0.059442796,0.0034554675,1019.0125,0.00592041,0.06544854,-0.0033472506,34.0,0.0,0.3,0.010526316,9.806829,0.016463907,-0.08360868,0.0074777496,5.139456,0.02349186,0.014690542,150.09116,0.42616272,2.1424005,771.38684,-1.2716465,22.303047,1019.0299,33.9273,0.14930366,-0.04973901,0.09087613,0.0,0.0,0.0,5.641257,0.2351503,0.013169121,0.0,1.0930444,-0.99757683,-0.06957369,0.010110817,0.36842105,0.0,0.0,0.0,0.0,0.0,0.0,1.0,1.0,1.0,1.0,0.0,1.0,1.0,0.0,0,test/100/9/0,197
22.373938,0.044015884,0.06222463,0.0046429355,1019.08655,0.074035645,0.06600967,-0.002135634,34.0,0.0,0.3,0.013533834,9.835632,0.017026499,0.07488643,0.004434715,5.1061497,-0.03330612,0.015010125,150.05997,-0.031188965,2.1689863,766.2287,-1.3908916,22.310137,1019.0356,33.93457,0.3544527,0.14561225,0.08178852,0.0050736987,0.0,0.0,5.521122,0.23738292,0.015009975,0.0,1.0912961,-0.9889431,-0.14829561,0.007156897,0.36842105,0.0,0.0,0.0,0.0,0.0,0.0,1.0,1.0,1.0,1.0,0.0,1.0,1.0,0.0,0,test/100/9/0,198
22.359564,-0.014373779,0.058946297,0.0039398223,1019.0627,-0.023864746,0.066096626,-0.0020547737,34.0,0.0,0.3,0.016541352,9.817277,0.016989758,-0.047158215,0.0035895836,5.121305,0.015155315,0.014885955,151.29242,1.2324524,2.1739452,774.8146,-1.3974783,22.315079,1019.03827,33.941113,0.24713854,0.06968454,0.073609665,0.0,0.0,0.0,5.230197,0.23529376,0.0158903,0.0,1.0947233,-0.9924729,-0.1224646,0.005846849,0.31578946,0.0,0.0,0.0,0.0,0.0,0.0,1.0,1.0,1.0,1.0,0.0,1.0,1.0,0.0,0,test/100/9/0,199
22.246367,-0.11319733,0.059581578,0.002509675,1019.0422,-0.020507812,0.06599827,-0.0017663941,34.0,0.0,0.3,0.019548872,9.798148,0.01712023,-0.0007734988,0.0031360814,5.1237216,0.0024166107,0.013347281,150.14658,-1.1458435,2.1296432,769.30927,-1.2683023,22.308208,1019.0387,33.947002,-0.34356195,0.009981716,0.0662487,0.0,0.0,0.0,5.354777,0.23329948,0.013685309,0.0,1.093426,-0.9892126,-0.14648706,0.0043935315,0.2631579,0.0,0.0,0.0,0.0,0.0,0.0,1.0,1.0,1.0,1.0,0.0,1.0,1.0,0.0,0,test/100/9/0,200
22.291119,0.04475212,0.059285596,0.0019172381,1019.0631,0.020935059,0.06597891,-0.0010255742,34.0,0.0,0.3,0.02255639,9.725484,0.025717605,-0.05353558,0.006939518,5.109276,-0.014445782,0.013703406,151.97417,1.827591,2.0272899,776.47797,-1.0709352,22.3065,1019.04114,33.9523,-0.08544514,0.06281655,0.05962383,0.0,0.0,0.0,5.5468893,0.23042963,0.012695332,0.0,1.089331,-0.987203,-0.15946865,0.0029667122,0.31578946,0.0,0.0,0.0,0.0,0.0,0.0,1.0,1.0,1.0,1.0,0.0,1.0,1.0,0.0,0,test/100/9/0,201
22.25452,-0.036598206,0.060148522,0.0013641816,1019.064,0.00091552734,0.06592361,-0.001069033,34.0,0.0,0.21794495,0.009774436,9.809482,0.025482377,0.1566621,0.0043788482,5.1434493,0.03417349,0.01437498,149.7762,-2.1979675,1.9786537,770.3663,-0.94839835,22.3013,1019.0434,33.95707,-0.25989166,0.05888911,0.053661447,0.0,0.0,0.0,5.7446995,0.2349313,0.013719802,0.0,1.0831605,-0.9718469,-0.23561329,0.0020960683,0.31578946,0.0,0.0,0.0,0.0,0.0,0.0,1.0,1.0,1.0,1.0,0.0,1.0,1.0,0.0,0,test/100/9/0,202
22.296564,0.042043686,0.059557617,0.0019008479,1018.98895,-0.07507324,0.066717036,-0.0015062834,33.0,-1.0,0.3,-0.0030075188,9.814961,0.025439976,-0.07851794,0.0052507934,5.128026,-0.015423298,0.01326789,155.79446,6.018265,2.145946,798.9181,-0.5440345,22.300827,1019.03796,33.861362,-0.023684064,-0.14004529,-1.0767047,0.0,0.0,-0.13310336,5.490285,0.23373976,0.01675272,0.0,1.0837132,-0.9750219,-0.22210868,0.0016904423,0.36842105,0.0,0.0,0.0,0.0,0.0,0.0,1.0,1.0,1.0,1.0,0.0,1.0,1.0,0.0,0,test/100/9/0,203
22.232439,-0.06412506,0.06095616,0.00052391854,1018.98615,-0.0028076172,0.06755497,-0.0025503517,34.0,1.0,0.3,0.0,9.781139,0.02600048,-0.039301716,0.0049408926,5.116337,-0.011689186,0.013067745,152.65439,-3.1400757,2.1551883,781.03125,-0.45805934,22.29399,1019.0328,33.87523,-0.34194097,-0.13326034,0.15596578,0.0,0.0,-0.011744632,5.554544,0.21753636,0.012588531,0.0,1.0784646,-0.9937946,-0.111230634,0.0015350247,0.31578946,0.0,0.0,0.0,0.0,0.0,0.0,1.0,1.0,1.0,1.0,0.0,1.0,1.0,0.0,0,test/100/9/0,204
22.173424,-0.059015274,0.06526457,-0.002208836,1019.13367,0.14752197,0.07031659,-0.000504389,34.0,0.0,0.3,0.0030075188,9.810106,0.025917828,0.06278838,0.0033033167,5.1011415,-0.01519537,0.013978359,151.17279,-1.4815979,2.0644228,771.1538,-0.33564335,22.281933,1019.04285,33.887703,-0.60282326,0.2594079,0.14036919,-0.038243435,0.0,0.0,5.860671,0.22930562,0.0227077,0.0,1.076921,-0.99759597,-0.06929845,0.0014571248,0.31578946,0.0,0.0,0.0,0.0,0.0,0.0,1.0,1.0,1.0,1.0,0.0,1.0,1.0,0.0,0,test/100/9/0,205
22.242493,0.06906891,0.06355074,-0.004236375,1019.1433,0.009643555,0.07347253,0.00051292474,33.0,-1.0,0.3,-0.02406015,9.789238,0.026237499,-0.04983437,0.0031826952,5.0913854,-0.009756088,0.014746312,151.93018,0.75738525,2.0585065,773.5351,-0.37555146,22.277988,1019.0529,33.798935,-0.19719636,0.25826484,-0.9986677,0.0,0.0,-0.12988308,5.644411,0.23317036,0.025881127,0.0,1.075253,-0.99989897,-0.014213345,0.0014170065,0.31578946,0.0,0.0,0.0,0.0,0.0,0.0,1.0,1.0,1.0,1.0,0.0,1.0,1.0,0.0,0,test/100/9/0,206
22.233961,-0.00853157,0.06476017,-0.005440877,1018.9646,-0.17871094,0.07523231,-0.00021068602,34.0,1.0,0.3,-0.021052632,9.835207,0.026859784,0.066836976,0.006034303,5.1293554,0.037970066,0.013739288,149.1222,-2.8079834,1.8988597,764.9007,-0.15165842,22.273586,1019.04407,33.819042,-0.22013459,-0.22710407,0.22619905,0.0,0.0,-0.0053685145,5.527552,0.22246107,0.021995906,0.0,1.0715523,-0.99710566,0.076028526,0.0022056964,0.31578946,0.0,0.0,0.0,0.0,0.0,0.0,1.0,1.0,1.0,1.0,0.0,1.0,1.0,0.0,0,test/100/9/0,207
22.37407,0.14010811,0.063765764,-0.0027588492,1018.9937,0.02911377,0.075879626,-0.00074802485,34.0,0.0,0.3,-0.018045112,9.793139,0.026691798,-0.088037044,0.0075060083,5.136338,0.0069828033,0.014023275,147.85143,-1.2707672,1.9574677,759.4149,-0.19585118,22.283634,1019.03906,33.837135,0.5024194,-0.12952968,0.20357914,0.009388249,0.0,0.0,5.6346803,0.22082008,0.021353275,0.0,1.0682386,-0.9981927,0.06009422,0.002852017,0.31578946,0.0,0.0,0.0,0.0,0.0,0.0,1.0,1.0,1.0,1.0,0.0,1.0,1.0,0.0,0,test/100/9/0,208
22.393147,0.019077301,0.06641974,-0.00040478384,1019.0085,0.014770508,0.05635102,0.002343383,33.0,-1.0,0.35707143,-0.029323308,9.780501,0.026333489,0.029430302,0.005860832,5.0937304,-0.042607784,0.01534733,153.32285,5.4714203,1.9725857,780.9852,-0.2307568,22.294584,1019.036,33.75342,0.54756397,-0.07859541,-0.9417788,0.037985735,0.0,-0.1268522,5.779107,0.2068849,0.0188061,0.0,1.0614532,-0.9996879,-0.024981048,0.0029325392,0.31578946,0.0,0.0,0.0,0.0,0.0,0.0,1.0,1.0,1.0,1.0,0.0,1.0,1.0,0.0,0,test/100/9/0,209
22.301317,-0.0918293,0.06388808,-0.0015499259,1018.9276,-0.08087158,0.060203295,0.00076192984,34.0,1.0,0.35707143,-0.02481203,9.791594,0.026499728,0.023729727,0.0051272847,5.1163797,0.022649288,0.015268433,148.29034,-5.032501,2.0697381,758.7098,-0.45457116,22.295258,1019.02515,33.77808,0.033661082,-0.27869135,0.2773991,0.0,0.0,0.0,5.782606,0.2120621,0.02056645,0.0,1.0579149,-0.9939255,-0.11005492,0.0029402396,0.2631579,0.0,0.0,0.0,0.0,0.0,0.0,1.0,1.0,1.0,1.0,0.0,1.0,1.0,0.0,0,test/100/9/0,210
22.305307,0.0039901733,0.06266659,-0.0005802728,1018.9716,0.044006348,0.06091847,-0.00034386196,34.0,0.0,0.35707143,-0.020300752,9.767749,0.027685592,-0.034937106,0.0061466587,5.1104164,-0.0059633255,0.015324498,149.0057,0.71536255,1.982115,761.48126,-0.39359912,22.296263,1019.0198,33.800274,0.05024584,-0.13766305,0.2496592,0.0,0.0,0.0,5.9839163,0.20767008,0.019929575,0.0,1.0682544,-0.9915638,-0.12961943,0.0029675185,0.2631579,0.0,0.0,0.0,0.0,0.0,0.0,1.0,1.0,1.0,1.0,0.0,1.0,1.0,0.0,0,test/100/9/0,211
22.245747,-0.059560776,0.06287961,-0.0019972522,1019.0374,0.0657959,0.05998683,0.0007033728,34.0,0.0,0.35707143,-0.015789473,9.783224,0.027731668,0.03932027,0.003514148,5.1198306,0.009414196,0.014296595,145.835,-3.1707,2.1713982,746.6505,-0.5021986,22.291212,1019.02155,33.820244,-0.2525826,0.045292713,0.22469327,0.0,0.0,0.0,5.699136,0.19140589,0.015764343,0.0,1.0638041,-0.99583924,-0.09112768,0.002916123,0.2631579,0.0,0.0,0.0,0.0,0.0,0.0,1.0,1.0,1.0,1.0,0.0,1.0,1.0,0.0,0,test/100/9/0,212
22.268564,0.022817612,0.06301267,-0.0026950878,1019.088,0.050598145,0.05686739,7.136065e-05,34.0,0.0,0.35707143,-0.011278195,9.7635145,0.027872026,-0.0351849,0.0021350821,5.1458592,0.026028633,0.015225798,148.4871,2.6520996,2.185905,764.0938,-0.450777,22.288946,1019.0282,33.838223,-0.1132363,0.17087296,0.20222394,0.0,0.0,0.0,5.4971848,0.19138418,0.012209418,0.0,1.0637975,-0.99771917,-0.067501314,0.0029292342,0.21052632,0.0,0.0,0.0,0.0,0.0,0.0,1.0,1.0,1.0,1.0,0.0,1.0,1.0,0.0,0,test/100/9/0,213
22.274727,0.0061626434,0.058274373,-0.0013224839,1018.9167,-0.17132568,0.061474163,-0.0019622114,34.0,0.0,0.35707143,-0.006766917,9.820901,0.028212726,0.07709656,0.005151151,5.1526837,0.0068244934,0.016554264,146.66554,-1.8215637,2.2605038,755.7211,-0.81415844,22.287525,1019.017,33.8544,-0.07109945,-0.2867661,0.18200155,0.0,0.0,0.0,5.3801856,0.19784074,0.009412443,0.0,1.0663589,-0.9986988,-0.050998174,0.0029538327,0.21052632,0.0,0.0,0.0,0.0,0.0,0.0,1.0,1.0,1.0,1.0,0.0,1.0,1.0,0.0,0,test/100/9/0,214
22.300747,0.02602005,0.056504216,-0.0021426193,1019.023,0.10632324,0.059439365,-0.003036981,34.0,0.0,0.35707143,-0.002255639,9.823538,0.028494967,-0.05474968,0.00658008,5.115848,-0.03683567,0.016445654,148.62573,1.9601898,2.2837858,760.3467,-0.8879965,22.288847,1019.01764,33.868958,0.066110745,0.015313135,0.1638014,0.0,0.0,0.0,5.7966638,0.18741857,0.007085765,0.0,1.0614501,-0.9924916,-0.12231288,0.0029725893,0.21052632,0.0,0.0,0.0,0.0,0.0,0.0,1.0,1.0,1.0,1.0,0.0,1.0,1.0,0.0,0,test/100/9/0,215
22.269045,-0.03170204,0.054866407,-0.001501264,1019.0696,0.046569824,0.059991427,-0.0027221679,34.0,0.0,0.35707143,0.002255639,9.771136,0.026403543,-0.05503898,0.0052575553,5.104581,-0.011267185,0.016797509,148.43665,-0.18908691,2.3106983,757.70685,-1.0885137,22.286867,1019.0228,33.882065,-0.09901054,0.13353279,0.14742126,0.0,0.0,0.0,5.9164877,0.19003037,0.01520047,0.0,1.0611062,-0.99573594,-0.09224945,0.0029666421,0.21052632,0.0,0.0,0.0,0.0,0.0,0.0,1.0,1.0,1.0,1.0,0.0,1.0,1.0,0.0,0,test/100/9/0,216
22.193758,-0.075286865,0.057662196,-0.0021961513,1019.01776,-0.051818848,0.059929326,-0.0031488633,34.0,0.0,0.35707143,0.006766917,9.835497,0.027702024,0.11676281,0.0041624266,5.1426983,0.03811741,0.016996436,152.83417,4.397522,2.3904793,785.98,-0.78304166,22.277555,1019.02234,33.893856,-0.4655438,-0.013068947,0.13267913,-0.014147934,0.0,0.0,5.8735623,0.19736324,0.018878164,0.0,1.0589252,-0.99709755,-0.07613421,0.0029599892,0.2631579,0.0,0.0,0.0,0.0,0.0,0.0,1.0,1.0,1.0,1.0,0.0,1.0,1.0,0.0,0,test/100/9/0,217
22.348524,0.15476608,0.055864062,0.00021965055,1019.0275,0.009765625,0.05848098,-0.0022749593,34.0,0.0,0.35707143,0.011278195,9.77561,0.026624998,-0.12424848,0.0033999733,5.1043997,-0.038298607,0.017074032,147.23714,-5.5970306,2.474313,751.5572,-1.0727127,22.284653,1019.0228,33.904472,0.354841,0.0133495545,0.11941122,0.0,0.0,0.0,5.8062096,0.19848709,0.01934748,0.0,1.0562608,-0.9958096,-0.0914507,0.0028788832,0.31578946,0.0,0.0,0.0,0.0,0.0,0.0,1.0,1.0,1.0,1.0,0.0,1.0,1.0,0.0,0,test/100/9/0,218
22.23617,-0.11235428,0.053531256,0.00084165274,1019.03174,0.004211426,0.0579099,-0.0016289504,34.0,0.0,0.35707143,0.015789473,9.798091,0.026123362,0.08236845,0.0050601466,5.1125293,0.008129597,0.017156111,148.90123,1.664093,2.4678369,761.2619,-1.066116,22.279804,1019.02374,33.914024,-0.2424145,0.02284398,0.107470095,0.0,0.0,0.0,5.87365,0.17809391,0.015757972,0.0,1.0502962,-0.9996655,-0.025862802,0.0029452129,0.31578946,0.0,0.0,0.0,0.0,0.0,0.0,1.0,1.0,1.0,1.0,0.0,1.0,1.0,0.0,0,test/100/9/0,219
