path	status
.venv/.sih26073_requirements_v3	only original
.venv/Lib/site-packages/__pycache__/py.cpython-312.pyc	only original
.venv/Lib/site-packages/__pycache__/six.cpython-312.pyc	only original
.venv/Lib/site-packages/__pycache__/typing_extensions.cpython-312.pyc	only original
.venv/Lib/site-packages/_pytest/__init__.py	only original
.venv/Lib/site-packages/_pytest/__pycache__/__init__.cpython-312.pyc	only original
.venv/Lib/site-packages/_pytest/__pycache__/_argcomplete.cpython-312.pyc	only original
.venv/Lib/site-packages/_pytest/__pycache__/_version.cpython-312.pyc	only original
.venv/Lib/site-packages/_pytest/__pycache__/cacheprovider.cpython-312.pyc	only original
.venv/Lib/site-packages/_pytest/__pycache__/capture.cpython-312.pyc	only original
.venv/Lib/site-packages/_pytest/__pycache__/compat.cpython-312.pyc	only original
.venv/Lib/site-packages/_pytest/__pycache__/debugging.cpython-312.pyc	only original
.venv/Lib/site-packages/_pytest/__pycache__/deprecated.cpython-312.pyc	only original
.venv/Lib/site-packages/_pytest/__pycache__/doctest.cpython-312.pyc	only original
.venv/Lib/site-packages/_pytest/__pycache__/faulthandler.cpython-312.pyc	only original
.venv/Lib/site-packages/_pytest/__pycache__/fixtures.cpython-312.pyc	only original
.venv/Lib/site-packages/_pytest/__pycache__/freeze_support.cpython-312.pyc	only original
.venv/Lib/site-packages/_pytest/__pycache__/helpconfig.cpython-312.pyc	only original
.venv/Lib/site-packages/_pytest/__pycache__/hookspec.cpython-312.pyc	only original
.venv/Lib/site-packages/_pytest/__pycache__/junitxml.cpython-312.pyc	only original
.venv/Lib/site-packages/_pytest/__pycache__/legacypath.cpython-312.pyc	only original
.venv/Lib/site-packages/_pytest/__pycache__/logging.cpython-312.pyc	only original
.venv/Lib/site-packages/_pytest/__pycache__/main.cpython-312.pyc	only original
.venv/Lib/site-packages/_pytest/__pycache__/monkeypatch.cpython-312.pyc	only original
.venv/Lib/site-packages/_pytest/__pycache__/nodes.cpython-312.pyc	only original
.venv/Lib/site-packages/_pytest/__pycache__/outcomes.cpython-312.pyc	only original
.venv/Lib/site-packages/_pytest/__pycache__/pastebin.cpython-312.pyc	only original
.venv/Lib/site-packages/_pytest/__pycache__/pathlib.cpython-312.pyc	only original
.venv/Lib/site-packages/_pytest/__pycache__/pytester.cpython-312.pyc	only original
.venv/Lib/site-packages/_pytest/__pycache__/pytester_assertions.cpython-312.pyc	only original
.venv/Lib/site-packages/_pytest/__pycache__/python.cpython-312.pyc	only original
.venv/Lib/site-packages/_pytest/__pycache__/python_api.cpython-312.pyc	only original
.venv/Lib/site-packages/_pytest/__pycache__/raises.cpython-312.pyc	only original
.venv/Lib/site-packages/_pytest/__pycache__/recwarn.cpython-312.pyc	only original
.venv/Lib/site-packages/_pytest/__pycache__/reports.cpython-312.pyc	only original
.venv/Lib/site-packages/_pytest/__pycache__/runner.cpython-312.pyc	only original
.venv/Lib/site-packages/_pytest/__pycache__/scope.cpython-312.pyc	only original
.venv/Lib/site-packages/_pytest/__pycache__/setuponly.cpython-312.pyc	only original
.venv/Lib/site-packages/_pytest/__pycache__/setupplan.cpython-312.pyc	only original
.venv/Lib/site-packages/_pytest/__pycache__/skipping.cpython-312.pyc	only original
.venv/Lib/site-packages/_pytest/__pycache__/stash.cpython-312.pyc	only original
.venv/Lib/site-packages/_pytest/__pycache__/stepwise.cpython-312.pyc	only original
.venv/Lib/site-packages/_pytest/__pycache__/terminal.cpython-312.pyc	only original
.venv/Lib/site-packages/_pytest/__pycache__/threadexception.cpython-312.pyc	only original
.venv/Lib/site-packages/_pytest/__pycache__/timing.cpython-312.pyc	only original
.venv/Lib/site-packages/_pytest/__pycache__/tmpdir.cpython-312.pyc	only original
.venv/Lib/site-packages/_pytest/__pycache__/tracemalloc.cpython-312.pyc	only original
.venv/Lib/site-packages/_pytest/__pycache__/unittest.cpython-312.pyc	only original
.venv/Lib/site-packages/_pytest/__pycache__/unraisableexception.cpython-312.pyc	only original
.venv/Lib/site-packages/_pytest/__pycache__/warning_types.cpython-312.pyc	only original
.venv/Lib/site-packages/_pytest/__pycache__/warnings.cpython-312.pyc	only original
.venv/Lib/site-packages/_pytest/_argcomplete.py	only original
.venv/Lib/site-packages/_pytest/_code/__init__.py	only original
.venv/Lib/site-packages/_pytest/_code/__pycache__/__init__.cpython-312.pyc	only original
.venv/Lib/site-packages/_pytest/_code/__pycache__/code.cpython-312.pyc	only original
.venv/Lib/site-packages/_pytest/_code/__pycache__/source.cpython-312.pyc	only original
.venv/Lib/site-packages/_pytest/_code/code.py	only original
.venv/Lib/site-packages/_pytest/_code/source.py	only original
.venv/Lib/site-packages/_pytest/_io/__init__.py	only original
.venv/Lib/site-packages/_pytest/_io/__pycache__/__init__.cpython-312.pyc	only original
.venv/Lib/site-packages/_pytest/_io/__pycache__/pprint.cpython-312.pyc	only original
.venv/Lib/site-packages/_pytest/_io/__pycache__/saferepr.cpython-312.pyc	only original
.venv/Lib/site-packages/_pytest/_io/__pycache__/terminalwriter.cpython-312.pyc	only original
.venv/Lib/site-packages/_pytest/_io/__pycache__/wcwidth.cpython-312.pyc	only original
.venv/Lib/site-packages/_pytest/_io/pprint.py	only original
.venv/Lib/site-packages/_pytest/_io/saferepr.py	only original
.venv/Lib/site-packages/_pytest/_io/terminalwriter.py	only original
.venv/Lib/site-packages/_pytest/_io/wcwidth.py	only original
.venv/Lib/site-packages/_pytest/_py/__init__.py	only original
.venv/Lib/site-packages/_pytest/_py/__pycache__/__init__.cpython-312.pyc	only original
.venv/Lib/site-packages/_pytest/_py/__pycache__/error.cpython-312.pyc	only original
.venv/Lib/site-packages/_pytest/_py/__pycache__/path.cpython-312.pyc	only original
.venv/Lib/site-packages/_pytest/_py/error.py	only original
.venv/Lib/site-packages/_pytest/_py/path.py	only original
.venv/Lib/site-packages/_pytest/_version.py	only original
.venv/Lib/site-packages/_pytest/assertion/__init__.py	only original
.venv/Lib/site-packages/_pytest/assertion/__pycache__/__init__.cpython-312.pyc	only original
.venv/Lib/site-packages/_pytest/assertion/__pycache__/rewrite.cpython-312.pyc	only original
.venv/Lib/site-packages/_pytest/assertion/__pycache__/truncate.cpython-312.pyc	only original
.venv/Lib/site-packages/_pytest/assertion/__pycache__/util.cpython-312.pyc	only original
.venv/Lib/site-packages/_pytest/assertion/rewrite.py	only original
.venv/Lib/site-packages/_pytest/assertion/truncate.py	only original
.venv/Lib/site-packages/_pytest/assertion/util.py	only original
.venv/Lib/site-packages/_pytest/cacheprovider.py	only original
.venv/Lib/site-packages/_pytest/capture.py	only original
.venv/Lib/site-packages/_pytest/compat.py	only original
.venv/Lib/site-packages/_pytest/config/__init__.py	only original
.venv/Lib/site-packages/_pytest/config/__pycache__/__init__.cpython-312.pyc	only original
.venv/Lib/site-packages/_pytest/config/__pycache__/argparsing.cpython-312.pyc	only original
.venv/Lib/site-packages/_pytest/config/__pycache__/compat.cpython-312.pyc	only original
.venv/Lib/site-packages/_pytest/config/__pycache__/exceptions.cpython-312.pyc	only original
.venv/Lib/site-packages/_pytest/config/__pycache__/findpaths.cpython-312.pyc	only original
.venv/Lib/site-packages/_pytest/config/argparsing.py	only original
.venv/Lib/site-packages/_pytest/config/compat.py	only original
.venv/Lib/site-packages/_pytest/config/exceptions.py	only original
.venv/Lib/site-packages/_pytest/config/findpaths.py	only original
.venv/Lib/site-packages/_pytest/debugging.py	only original
.venv/Lib/site-packages/_pytest/deprecated.py	only original
.venv/Lib/site-packages/_pytest/doctest.py	only original
.venv/Lib/site-packages/_pytest/faulthandler.py	only original
.venv/Lib/site-packages/_pytest/fixtures.py	only original
.venv/Lib/site-packages/_pytest/freeze_support.py	only original
.venv/Lib/site-packages/_pytest/helpconfig.py	only original
.venv/Lib/site-packages/_pytest/hookspec.py	only original
.venv/Lib/site-packages/_pytest/junitxml.py	only original
.venv/Lib/site-packages/_pytest/legacypath.py	only original
.venv/Lib/site-packages/_pytest/logging.py	only original
.venv/Lib/site-packages/_pytest/main.py	only original
.venv/Lib/site-packages/_pytest/mark/__init__.py	only original
.venv/Lib/site-packages/_pytest/mark/__pycache__/__init__.cpython-312.pyc	only original
.venv/Lib/site-packages/_pytest/mark/__pycache__/expression.cpython-312.pyc	only original
.venv/Lib/site-packages/_pytest/mark/__pycache__/structures.cpython-312.pyc	only original
.venv/Lib/site-packages/_pytest/mark/expression.py	only original
.venv/Lib/site-packages/_pytest/mark/structures.py	only original
.venv/Lib/site-packages/_pytest/monkeypatch.py	only original
.venv/Lib/site-packages/_pytest/nodes.py	only original
.venv/Lib/site-packages/_pytest/outcomes.py	only original
.venv/Lib/site-packages/_pytest/pastebin.py	only original
.venv/Lib/site-packages/_pytest/pathlib.py	only original
.venv/Lib/site-packages/_pytest/py.typed	only original
.venv/Lib/site-packages/_pytest/pytester.py	only original
.venv/Lib/site-packages/_pytest/pytester_assertions.py	only original
.venv/Lib/site-packages/_pytest/python.py	only original
.venv/Lib/site-packages/_pytest/python_api.py	only original
.venv/Lib/site-packages/_pytest/raises.py	only original
.venv/Lib/site-packages/_pytest/recwarn.py	only original
.venv/Lib/site-packages/_pytest/reports.py	only original
.venv/Lib/site-packages/_pytest/runner.py	only original
.venv/Lib/site-packages/_pytest/scope.py	only original
.venv/Lib/site-packages/_pytest/setuponly.py	only original
.venv/Lib/site-packages/_pytest/setupplan.py	only original
.venv/Lib/site-packages/_pytest/skipping.py	only original
.venv/Lib/site-packages/_pytest/stash.py	only original
.venv/Lib/site-packages/_pytest/stepwise.py	only original
.venv/Lib/site-packages/_pytest/terminal.py	only original
.venv/Lib/site-packages/_pytest/threadexception.py	only original
.venv/Lib/site-packages/_pytest/timing.py	only original
.venv/Lib/site-packages/_pytest/tmpdir.py	only original
.venv/Lib/site-packages/_pytest/tracemalloc.py	only original
.venv/Lib/site-packages/_pytest/unittest.py	only original
.venv/Lib/site-packages/_pytest/unraisableexception.py	only original
.venv/Lib/site-packages/_pytest/warning_types.py	only original
.venv/Lib/site-packages/_pytest/warnings.py	only original
.venv/Lib/site-packages/_yaml/__init__.py	only original
.venv/Lib/site-packages/_yaml/__pycache__/__init__.cpython-312.pyc	only original
.venv/Lib/site-packages/annotated_types-0.8.0.dist-info/INSTALLER	only original
.venv/Lib/site-packages/annotated_types-0.8.0.dist-info/METADATA	only original
.venv/Lib/site-packages/annotated_types-0.8.0.dist-info/RECORD	only original
.venv/Lib/site-packages/annotated_types-0.8.0.dist-info/WHEEL	only original
.venv/Lib/site-packages/annotated_types-0.8.0.dist-info/licenses/LICENSE	only original
.venv/Lib/site-packages/annotated_types/__init__.py	only original
.venv/Lib/site-packages/annotated_types/__pycache__/__init__.cpython-312.pyc	only original
.venv/Lib/site-packages/annotated_types/__pycache__/test_cases.cpython-312.pyc	only original
.venv/Lib/site-packages/annotated_types/py.typed	only original
.venv/Lib/site-packages/annotated_types/test_cases.py	only original
.venv/Lib/site-packages/anyio-4.15.1.dist-info/INSTALLER	only original
.venv/Lib/site-packages/anyio-4.15.1.dist-info/METADATA	only original
.venv/Lib/site-packages/anyio-4.15.1.dist-info/RECORD	only original
.venv/Lib/site-packages/anyio-4.15.1.dist-info/WHEEL	only original
.venv/Lib/site-packages/anyio-4.15.1.dist-info/entry_points.txt	only original
.venv/Lib/site-packages/anyio-4.15.1.dist-info/licenses/LICENSE	only original
.venv/Lib/site-packages/anyio-4.15.1.dist-info/top_level.txt	only original
.venv/Lib/site-packages/anyio/__init__.py	only original
.venv/Lib/site-packages/anyio/__pycache__/__init__.cpython-312.pyc	only original
.venv/Lib/site-packages/anyio/__pycache__/_lazyimport.cpython-312.pyc	only original
.venv/Lib/site-packages/anyio/__pycache__/from_thread.cpython-312.pyc	only original
.venv/Lib/site-packages/anyio/__pycache__/functools.cpython-312.pyc	only original
.venv/Lib/site-packages/anyio/__pycache__/itertools.cpython-312.pyc	only original
.venv/Lib/site-packages/anyio/__pycache__/lowlevel.cpython-312.pyc	only original
.venv/Lib/site-packages/anyio/__pycache__/pytest_plugin.cpython-312.pyc	only original
.venv/Lib/site-packages/anyio/__pycache__/to_interpreter.cpython-312.pyc	only original
.venv/Lib/site-packages/anyio/__pycache__/to_process.cpython-312.pyc	only original
.venv/Lib/site-packages/anyio/__pycache__/to_thread.cpython-312.pyc	only original
.venv/Lib/site-packages/anyio/_backends/__init__.py	only original
.venv/Lib/site-packages/anyio/_backends/__pycache__/__init__.cpython-312.pyc	only original
.venv/Lib/site-packages/anyio/_backends/__pycache__/_asyncio.cpython-312.pyc	only original
.venv/Lib/site-packages/anyio/_backends/__pycache__/_trio.cpython-312.pyc	only original
.venv/Lib/site-packages/anyio/_backends/_asyncio.py	only original
.venv/Lib/site-packages/anyio/_backends/_trio.py	only original
.venv/Lib/site-packages/anyio/_core/__init__.py	only original
.venv/Lib/site-packages/anyio/_core/__pycache__/__init__.cpython-312.pyc	only original
.venv/Lib/site-packages/anyio/_core/__pycache__/_asyncio_selector_thread.cpython-312.pyc	only original
.venv/Lib/site-packages/anyio/_core/__pycache__/_concurrency_utils.cpython-312.pyc	only original
.venv/Lib/site-packages/anyio/_core/__pycache__/_contextmanagers.cpython-312.pyc	only original
.venv/Lib/site-packages/anyio/_core/__pycache__/_eventloop.cpython-312.pyc	only original
.venv/Lib/site-packages/anyio/_core/__pycache__/_exceptions.cpython-312.pyc	only original
.venv/Lib/site-packages/anyio/_core/__pycache__/_fileio.cpython-312.pyc	only original
.venv/Lib/site-packages/anyio/_core/__pycache__/_futures.cpython-312.pyc	only original
.venv/Lib/site-packages/anyio/_core/__pycache__/_resources.cpython-312.pyc	only original
.venv/Lib/site-packages/anyio/_core/__pycache__/_signals.cpython-312.pyc	only original
.venv/Lib/site-packages/anyio/_core/__pycache__/_sockets.cpython-312.pyc	only original
.venv/Lib/site-packages/anyio/_core/__pycache__/_streams.cpython-312.pyc	only original
.venv/Lib/site-packages/anyio/_core/__pycache__/_subprocesses.cpython-312.pyc	only original
.venv/Lib/site-packages/anyio/_core/__pycache__/_synchronization.cpython-312.pyc	only original
.venv/Lib/site-packages/anyio/_core/__pycache__/_tasks.cpython-312.pyc	only original
.venv/Lib/site-packages/anyio/_core/__pycache__/_tempfile.cpython-312.pyc	only original
.venv/Lib/site-packages/anyio/_core/__pycache__/_testing.cpython-312.pyc	only original
.venv/Lib/site-packages/anyio/_core/__pycache__/_typedattr.cpython-312.pyc	only original
.venv/Lib/site-packages/anyio/_core/_asyncio_selector_thread.py	only original
.venv/Lib/site-packages/anyio/_core/_concurrency_utils.py	only original
.venv/Lib/site-packages/anyio/_core/_contextmanagers.py	only original
.venv/Lib/site-packages/anyio/_core/_eventloop.py	only original
.venv/Lib/site-packages/anyio/_core/_exceptions.py	only original
.venv/Lib/site-packages/anyio/_core/_fileio.py	only original
.venv/Lib/site-packages/anyio/_core/_futures.py	only original
.venv/Lib/site-packages/anyio/_core/_resources.py	only original
.venv/Lib/site-packages/anyio/_core/_signals.py	only original
.venv/Lib/site-packages/anyio/_core/_sockets.py	only original
.venv/Lib/site-packages/anyio/_core/_streams.py	only original
.venv/Lib/site-packages/anyio/_core/_subprocesses.py	only original
.venv/Lib/site-packages/anyio/_core/_synchronization.py	only original
.venv/Lib/site-packages/anyio/_core/_tasks.py	only original
.venv/Lib/site-packages/anyio/_core/_tempfile.py	only original
.venv/Lib/site-packages/anyio/_core/_testing.py	only original
.venv/Lib/site-packages/anyio/_core/_typedattr.py	only original
.venv/Lib/site-packages/anyio/_lazyimport.py	only original
.venv/Lib/site-packages/anyio/abc/__init__.py	only original
.venv/Lib/site-packages/anyio/abc/__pycache__/__init__.cpython-312.pyc	only original
.venv/Lib/site-packages/anyio/abc/__pycache__/_eventloop.cpython-312.pyc	only original
.venv/Lib/site-packages/anyio/abc/__pycache__/_resources.cpython-312.pyc	only original
.venv/Lib/site-packages/anyio/abc/__pycache__/_sockets.cpython-312.pyc	only original
.venv/Lib/site-packages/anyio/abc/__pycache__/_streams.cpython-312.pyc	only original
.venv/Lib/site-packages/anyio/abc/__pycache__/_subprocesses.cpython-312.pyc	only original
.venv/Lib/site-packages/anyio/abc/__pycache__/_tasks.cpython-312.pyc	only original
.venv/Lib/site-packages/anyio/abc/__pycache__/_testing.cpython-312.pyc	only original
.venv/Lib/site-packages/anyio/abc/_eventloop.py	only original
.venv/Lib/site-packages/anyio/abc/_resources.py	only original
.venv/Lib/site-packages/anyio/abc/_sockets.py	only original
.venv/Lib/site-packages/anyio/abc/_streams.py	only original
.venv/Lib/site-packages/anyio/abc/_subprocesses.py	only original
.venv/Lib/site-packages/anyio/abc/_tasks.py	only original
.venv/Lib/site-packages/anyio/abc/_testing.py	only original
.venv/Lib/site-packages/anyio/from_thread.py	only original
.venv/Lib/site-packages/anyio/functools.py	only original
.venv/Lib/site-packages/anyio/itertools.py	only original
.venv/Lib/site-packages/anyio/lowlevel.py	only original
.venv/Lib/site-packages/anyio/py.typed	only original
.venv/Lib/site-packages/anyio/pytest_plugin.py	only original
.venv/Lib/site-packages/anyio/streams/__init__.py	only original
.venv/Lib/site-packages/anyio/streams/__pycache__/__init__.cpython-312.pyc	only original
.venv/Lib/site-packages/anyio/streams/__pycache__/buffered.cpython-312.pyc	only original
.venv/Lib/site-packages/anyio/streams/__pycache__/file.cpython-312.pyc	only original
.venv/Lib/site-packages/anyio/streams/__pycache__/memory.cpython-312.pyc	only original
.venv/Lib/site-packages/anyio/streams/__pycache__/stapled.cpython-312.pyc	only original
.venv/Lib/site-packages/anyio/streams/__pycache__/text.cpython-312.pyc	only original
.venv/Lib/site-packages/anyio/streams/__pycache__/tls.cpython-312.pyc	only original
.venv/Lib/site-packages/anyio/streams/buffered.py	only original
.venv/Lib/site-packages/anyio/streams/file.py	only original
.venv/Lib/site-packages/anyio/streams/memory.py	only original
.venv/Lib/site-packages/anyio/streams/stapled.py	only original
.venv/Lib/site-packages/anyio/streams/text.py	only original
.venv/Lib/site-packages/anyio/streams/tls.py	only original
.venv/Lib/site-packages/anyio/to_interpreter.py	only original
.venv/Lib/site-packages/anyio/to_process.py	only original
.venv/Lib/site-packages/anyio/to_thread.py	only original
.venv/Lib/site-packages/certifi-2026.7.22.dist-info/INSTALLER	only original
.venv/Lib/site-packages/certifi-2026.7.22.dist-info/METADATA	only original
.venv/Lib/site-packages/certifi-2026.7.22.dist-info/RECORD	only original
.venv/Lib/site-packages/certifi-2026.7.22.dist-info/WHEEL	only original
.venv/Lib/site-packages/certifi-2026.7.22.dist-info/licenses/LICENSE	only original
.venv/Lib/site-packages/certifi-2026.7.22.dist-info/top_level.txt	only original
.venv/Lib/site-packages/certifi/__init__.py	only original
.venv/Lib/site-packages/certifi/__main__.py	only original
.venv/Lib/site-packages/certifi/__pycache__/__init__.cpython-312.pyc	only original
.venv/Lib/site-packages/certifi/__pycache__/__main__.cpython-312.pyc	only original
.venv/Lib/site-packages/certifi/__pycache__/core.cpython-312.pyc	only original
.venv/Lib/site-packages/certifi/cacert.pem	only original
.venv/Lib/site-packages/certifi/core.py	only original
.venv/Lib/site-packages/certifi/py.typed	only original
.venv/Lib/site-packages/certifi/tests/__init__.py	only original
.venv/Lib/site-packages/certifi/tests/__pycache__/__init__.cpython-312.pyc	only original
.venv/Lib/site-packages/certifi/tests/__pycache__/test_certify.cpython-312.pyc	only original
.venv/Lib/site-packages/certifi/tests/test_certify.py	only original
.venv/Lib/site-packages/click-8.5.0.dist-info/INSTALLER	only original
.venv/Lib/site-packages/click-8.5.0.dist-info/METADATA	only original
.venv/Lib/site-packages/click-8.5.0.dist-info/RECORD	only original
.venv/Lib/site-packages/click-8.5.0.dist-info/WHEEL	only original
.venv/Lib/site-packages/click-8.5.0.dist-info/licenses/LICENSE.txt	only original
.venv/Lib/site-packages/click/__init__.py	only original
.venv/Lib/site-packages/click/__pycache__/__init__.cpython-312.pyc	only original
.venv/Lib/site-packages/click/__pycache__/_compat.cpython-312.pyc	only original
.venv/Lib/site-packages/click/__pycache__/_termui_impl.cpython-312.pyc	only original
.venv/Lib/site-packages/click/__pycache__/_textwrap.cpython-312.pyc	only original
.venv/Lib/site-packages/click/__pycache__/_utils.cpython-312.pyc	only original
.venv/Lib/site-packages/click/__pycache__/_winconsole.cpython-312.pyc	only original
.venv/Lib/site-packages/click/__pycache__/core.cpython-312.pyc	only original
.venv/Lib/site-packages/click/__pycache__/decorators.cpython-312.pyc	only original
.venv/Lib/site-packages/click/__pycache__/exceptions.cpython-312.pyc	only original
.venv/Lib/site-packages/click/__pycache__/formatting.cpython-312.pyc	only original
.venv/Lib/site-packages/click/__pycache__/globals.cpython-312.pyc	only original
.venv/Lib/site-packages/click/__pycache__/parser.cpython-312.pyc	only original
.venv/Lib/site-packages/click/__pycache__/shell_completion.cpython-312.pyc	only original
.venv/Lib/site-packages/click/__pycache__/termui.cpython-312.pyc	only original
.venv/Lib/site-packages/click/__pycache__/testing.cpython-312.pyc	only original
.venv/Lib/site-packages/click/__pycache__/types.cpython-312.pyc	only original
.venv/Lib/site-packages/click/__pycache__/utils.cpython-312.pyc	only original
.venv/Lib/site-packages/click/_compat.py	only original
.venv/Lib/site-packages/click/_termui_impl.py	only original
.venv/Lib/site-packages/click/_textwrap.py	only original
.venv/Lib/site-packages/click/_utils.py	only original
.venv/Lib/site-packages/click/_winconsole.py	only original
.venv/Lib/site-packages/click/core.py	only original
.venv/Lib/site-packages/click/decorators.py	only original
.venv/Lib/site-packages/click/exceptions.py	only original
.venv/Lib/site-packages/click/formatting.py	only original
.venv/Lib/site-packages/click/globals.py	only original
.venv/Lib/site-packages/click/parser.py	only original
.venv/Lib/site-packages/click/py.typed	only original
.venv/Lib/site-packages/click/shell_completion.py	only original
.venv/Lib/site-packages/click/termui.py	only original
.venv/Lib/site-packages/click/testing.py	only original
.venv/Lib/site-packages/click/types.py	only original
.venv/Lib/site-packages/click/utils.py	only original
.venv/Lib/site-packages/colorama-0.4.6.dist-info/INSTALLER	only original
.venv/Lib/site-packages/colorama-0.4.6.dist-info/METADATA	only original
.venv/Lib/site-packages/colorama-0.4.6.dist-info/RECORD	only original
.venv/Lib/site-packages/colorama-0.4.6.dist-info/WHEEL	only original
.venv/Lib/site-packages/colorama-0.4.6.dist-info/licenses/LICENSE.txt	only original
.venv/Lib/site-packages/colorama/__init__.py	only original
.venv/Lib/site-packages/colorama/__pycache__/__init__.cpython-312.pyc	only original
.venv/Lib/site-packages/colorama/__pycache__/ansi.cpython-312.pyc	only original
.venv/Lib/site-packages/colorama/__pycache__/ansitowin32.cpython-312.pyc	only original
.venv/Lib/site-packages/colorama/__pycache__/initialise.cpython-312.pyc	only original
.venv/Lib/site-packages/colorama/__pycache__/win32.cpython-312.pyc	only original
.venv/Lib/site-packages/colorama/__pycache__/winterm.cpython-312.pyc	only original
.venv/Lib/site-packages/colorama/ansi.py	only original
.venv/Lib/site-packages/colorama/ansitowin32.py	only original
.venv/Lib/site-packages/colorama/initialise.py	only original
.venv/Lib/site-packages/colorama/tests/__init__.py	only original
.venv/Lib/site-packages/colorama/tests/__pycache__/__init__.cpython-312.pyc	only original
.venv/Lib/site-packages/colorama/tests/__pycache__/ansi_test.cpython-312.pyc	only original
.venv/Lib/site-packages/colorama/tests/__pycache__/ansitowin32_test.cpython-312.pyc	only original
.venv/Lib/site-packages/colorama/tests/__pycache__/initialise_test.cpython-312.pyc	only original
.venv/Lib/site-packages/colorama/tests/__pycache__/isatty_test.cpython-312.pyc	only original
.venv/Lib/site-packages/colorama/tests/__pycache__/utils.cpython-312.pyc	only original
.venv/Lib/site-packages/colorama/tests/__pycache__/winterm_test.cpython-312.pyc	only original
.venv/Lib/site-packages/colorama/tests/ansi_test.py	only original
.venv/Lib/site-packages/colorama/tests/ansitowin32_test.py	only original
.venv/Lib/site-packages/colorama/tests/initialise_test.py	only original
.venv/Lib/site-packages/colorama/tests/isatty_test.py	only original
.venv/Lib/site-packages/colorama/tests/utils.py	only original
.venv/Lib/site-packages/colorama/tests/winterm_test.py	only original
.venv/Lib/site-packages/colorama/win32.py	only original
.venv/Lib/site-packages/colorama/winterm.py	only original
.venv/Lib/site-packages/dateutil/__init__.py	only original
.venv/Lib/site-packages/dateutil/__pycache__/__init__.cpython-312.pyc	only original
.venv/Lib/site-packages/dateutil/__pycache__/_common.cpython-312.pyc	only original
.venv/Lib/site-packages/dateutil/__pycache__/_version.cpython-312.pyc	only original
.venv/Lib/site-packages/dateutil/__pycache__/easter.cpython-312.pyc	only original
.venv/Lib/site-packages/dateutil/__pycache__/relativedelta.cpython-312.pyc	only original
.venv/Lib/site-packages/dateutil/__pycache__/rrule.cpython-312.pyc	only original
.venv/Lib/site-packages/dateutil/__pycache__/tzwin.cpython-312.pyc	only original
.venv/Lib/site-packages/dateutil/__pycache__/utils.cpython-312.pyc	only original
.venv/Lib/site-packages/dateutil/_common.py	only original
.venv/Lib/site-packages/dateutil/_version.py	only original
.venv/Lib/site-packages/dateutil/easter.py	only original
.venv/Lib/site-packages/dateutil/parser/__init__.py	only original
.venv/Lib/site-packages/dateutil/parser/__pycache__/__init__.cpython-312.pyc	only original
.venv/Lib/site-packages/dateutil/parser/__pycache__/_parser.cpython-312.pyc	only original
.venv/Lib/site-packages/dateutil/parser/__pycache__/isoparser.cpython-312.pyc	only original
.venv/Lib/site-packages/dateutil/parser/_parser.py	only original
.venv/Lib/site-packages/dateutil/parser/isoparser.py	only original
.venv/Lib/site-packages/dateutil/relativedelta.py	only original
.venv/Lib/site-packages/dateutil/rrule.py	only original
.venv/Lib/site-packages/dateutil/tz/__init__.py	only original
.venv/Lib/site-packages/dateutil/tz/__pycache__/__init__.cpython-312.pyc	only original
.venv/Lib/site-packages/dateutil/tz/__pycache__/_common.cpython-312.pyc	only original
.venv/Lib/site-packages/dateutil/tz/__pycache__/_factories.cpython-312.pyc	only original
.venv/Lib/site-packages/dateutil/tz/__pycache__/tz.cpython-312.pyc	only original
.venv/Lib/site-packages/dateutil/tz/__pycache__/win.cpython-312.pyc	only original
.venv/Lib/site-packages/dateutil/tz/_common.py	only original
.venv/Lib/site-packages/dateutil/tz/_factories.py	only original
.venv/Lib/site-packages/dateutil/tz/tz.py	only original
.venv/Lib/site-packages/dateutil/tz/win.py	only original
.venv/Lib/site-packages/dateutil/tzwin.py	only original
.venv/Lib/site-packages/dateutil/utils.py	only original
.venv/Lib/site-packages/dateutil/zoneinfo/__init__.py	only original
.venv/Lib/site-packages/dateutil/zoneinfo/__pycache__/__init__.cpython-312.pyc	only original
.venv/Lib/site-packages/dateutil/zoneinfo/__pycache__/rebuild.cpython-312.pyc	only original
.venv/Lib/site-packages/dateutil/zoneinfo/dateutil-zoneinfo.tar.gz	only original
.venv/Lib/site-packages/dateutil/zoneinfo/rebuild.py	only original
.venv/Lib/site-packages/dotenv/__init__.py	only original
.venv/Lib/site-packages/dotenv/__main__.py	only original
.venv/Lib/site-packages/dotenv/__pycache__/__init__.cpython-312.pyc	only original
.venv/Lib/site-packages/dotenv/__pycache__/__main__.cpython-312.pyc	only original
.venv/Lib/site-packages/dotenv/__pycache__/cli.cpython-312.pyc	only original
.venv/Lib/site-packages/dotenv/__pycache__/ipython.cpython-312.pyc	only original
.venv/Lib/site-packages/dotenv/__pycache__/main.cpython-312.pyc	only original
.venv/Lib/site-packages/dotenv/__pycache__/parser.cpython-312.pyc	only original
.venv/Lib/site-packages/dotenv/__pycache__/variables.cpython-312.pyc	only original
.venv/Lib/site-packages/dotenv/__pycache__/version.cpython-312.pyc	only original
.venv/Lib/site-packages/dotenv/cli.py	only original
.venv/Lib/site-packages/dotenv/ipython.py	only original
.venv/Lib/site-packages/dotenv/main.py	only original
.venv/Lib/site-packages/dotenv/parser.py	only original
.venv/Lib/site-packages/dotenv/py.typed	only original
.venv/Lib/site-packages/dotenv/variables.py	only original
.venv/Lib/site-packages/dotenv/version.py	only original
.venv/Lib/site-packages/fastapi-0.118.0.dist-info/INSTALLER	only original
.venv/Lib/site-packages/fastapi-0.118.0.dist-info/METADATA	only original
.venv/Lib/site-packages/fastapi-0.118.0.dist-info/RECORD	only original
.venv/Lib/site-packages/fastapi-0.118.0.dist-info/REQUESTED	only original
.venv/Lib/site-packages/fastapi-0.118.0.dist-info/WHEEL	only original
.venv/Lib/site-packages/fastapi-0.118.0.dist-info/entry_points.txt	only original
.venv/Lib/site-packages/fastapi-0.118.0.dist-info/licenses/LICENSE	only original
.venv/Lib/site-packages/fastapi/__init__.py	only original
.venv/Lib/site-packages/fastapi/__main__.py	only original
.venv/Lib/site-packages/fastapi/__pycache__/__init__.cpython-312.pyc	only original
.venv/Lib/site-packages/fastapi/__pycache__/__main__.cpython-312.pyc	only original
.venv/Lib/site-packages/fastapi/__pycache__/_compat.cpython-312.pyc	only original
.venv/Lib/site-packages/fastapi/__pycache__/applications.cpython-312.pyc	only original
.venv/Lib/site-packages/fastapi/__pycache__/background.cpython-312.pyc	only original
.venv/Lib/site-packages/fastapi/__pycache__/cli.cpython-312.pyc	only original
.venv/Lib/site-packages/fastapi/__pycache__/concurrency.cpython-312.pyc	only original
.venv/Lib/site-packages/fastapi/__pycache__/datastructures.cpython-312.pyc	only original
.venv/Lib/site-packages/fastapi/__pycache__/encoders.cpython-312.pyc	only original
.venv/Lib/site-packages/fastapi/__pycache__/exception_handlers.cpython-312.pyc	only original
.venv/Lib/site-packages/fastapi/__pycache__/exceptions.cpython-312.pyc	only original
.venv/Lib/site-packages/fastapi/__pycache__/logger.cpython-312.pyc	only original
.venv/Lib/site-packages/fastapi/__pycache__/param_functions.cpython-312.pyc	only original
.venv/Lib/site-packages/fastapi/__pycache__/params.cpython-312.pyc	only original
.venv/Lib/site-packages/fastapi/__pycache__/requests.cpython-312.pyc	only original
.venv/Lib/site-packages/fastapi/__pycache__/responses.cpython-312.pyc	only original
.venv/Lib/site-packages/fastapi/__pycache__/routing.cpython-312.pyc	only original
.venv/Lib/site-packages/fastapi/__pycache__/staticfiles.cpython-312.pyc	only original
.venv/Lib/site-packages/fastapi/__pycache__/templating.cpython-312.pyc	only original
.venv/Lib/site-packages/fastapi/__pycache__/testclient.cpython-312.pyc	only original
.venv/Lib/site-packages/fastapi/__pycache__/types.cpython-312.pyc	only original
.venv/Lib/site-packages/fastapi/__pycache__/utils.cpython-312.pyc	only original
.venv/Lib/site-packages/fastapi/__pycache__/websockets.cpython-312.pyc	only original
.venv/Lib/site-packages/fastapi/_compat.py	only original
.venv/Lib/site-packages/fastapi/applications.py	only original
.venv/Lib/site-packages/fastapi/background.py	only original
.venv/Lib/site-packages/fastapi/cli.py	only original
.venv/Lib/site-packages/fastapi/concurrency.py	only original
.venv/Lib/site-packages/fastapi/datastructures.py	only original
.venv/Lib/site-packages/fastapi/dependencies/__init__.py	only original
.venv/Lib/site-packages/fastapi/dependencies/__pycache__/__init__.cpython-312.pyc	only original
.venv/Lib/site-packages/fastapi/dependencies/__pycache__/models.cpython-312.pyc	only original
.venv/Lib/site-packages/fastapi/dependencies/__pycache__/utils.cpython-312.pyc	only original
.venv/Lib/site-packages/fastapi/dependencies/models.py	only original
.venv/Lib/site-packages/fastapi/dependencies/utils.py	only original
.venv/Lib/site-packages/fastapi/encoders.py	only original
.venv/Lib/site-packages/fastapi/exception_handlers.py	only original
.venv/Lib/site-packages/fastapi/exceptions.py	only original
.venv/Lib/site-packages/fastapi/logger.py	only original
.venv/Lib/site-packages/fastapi/middleware/__init__.py	only original
.venv/Lib/site-packages/fastapi/middleware/__pycache__/__init__.cpython-312.pyc	only original
.venv/Lib/site-packages/fastapi/middleware/__pycache__/asyncexitstack.cpython-312.pyc	only original
.venv/Lib/site-packages/fastapi/middleware/__pycache__/cors.cpython-312.pyc	only original
.venv/Lib/site-packages/fastapi/middleware/__pycache__/gzip.cpython-312.pyc	only original
.venv/Lib/site-packages/fastapi/middleware/__pycache__/httpsredirect.cpython-312.pyc	only original
.venv/Lib/site-packages/fastapi/middleware/__pycache__/trustedhost.cpython-312.pyc	only original
.venv/Lib/site-packages/fastapi/middleware/__pycache__/wsgi.cpython-312.pyc	only original
.venv/Lib/site-packages/fastapi/middleware/asyncexitstack.py	only original
.venv/Lib/site-packages/fastapi/middleware/cors.py	only original
.venv/Lib/site-packages/fastapi/middleware/gzip.py	only original
.venv/Lib/site-packages/fastapi/middleware/httpsredirect.py	only original
.venv/Lib/site-packages/fastapi/middleware/trustedhost.py	only original
.venv/Lib/site-packages/fastapi/middleware/wsgi.py	only original
.venv/Lib/site-packages/fastapi/openapi/__init__.py	only original
.venv/Lib/site-packages/fastapi/openapi/__pycache__/__init__.cpython-312.pyc	only original
.venv/Lib/site-packages/fastapi/openapi/__pycache__/constants.cpython-312.pyc	only original
.venv/Lib/site-packages/fastapi/openapi/__pycache__/docs.cpython-312.pyc	only original
.venv/Lib/site-packages/fastapi/openapi/__pycache__/models.cpython-312.pyc	only original
.venv/Lib/site-packages/fastapi/openapi/__pycache__/utils.cpython-312.pyc	only original
.venv/Lib/site-packages/fastapi/openapi/constants.py	only original
.venv/Lib/site-packages/fastapi/openapi/docs.py	only original
.venv/Lib/site-packages/fastapi/openapi/models.py	only original
.venv/Lib/site-packages/fastapi/openapi/utils.py	only original
.venv/Lib/site-packages/fastapi/param_functions.py	only original
.venv/Lib/site-packages/fastapi/params.py	only original
.venv/Lib/site-packages/fastapi/py.typed	only original
.venv/Lib/site-packages/fastapi/requests.py	only original
.venv/Lib/site-packages/fastapi/responses.py	only original
.venv/Lib/site-packages/fastapi/routing.py	only original
.venv/Lib/site-packages/fastapi/security/__init__.py	only original
.venv/Lib/site-packages/fastapi/security/__pycache__/__init__.cpython-312.pyc	only original
.venv/Lib/site-packages/fastapi/security/__pycache__/api_key.cpython-312.pyc	only original
.venv/Lib/site-packages/fastapi/security/__pycache__/base.cpython-312.pyc	only original
.venv/Lib/site-packages/fastapi/security/__pycache__/http.cpython-312.pyc	only original
.venv/Lib/site-packages/fastapi/security/__pycache__/oauth2.cpython-312.pyc	only original
.venv/Lib/site-packages/fastapi/security/__pycache__/open_id_connect_url.cpython-312.pyc	only original
.venv/Lib/site-packages/fastapi/security/__pycache__/utils.cpython-312.pyc	only original
.venv/Lib/site-packages/fastapi/security/api_key.py	only original
.venv/Lib/site-packages/fastapi/security/base.py	only original
.venv/Lib/site-packages/fastapi/security/http.py	only original
.venv/Lib/site-packages/fastapi/security/oauth2.py	only original
.venv/Lib/site-packages/fastapi/security/open_id_connect_url.py	only original
.venv/Lib/site-packages/fastapi/security/utils.py	only original
.venv/Lib/site-packages/fastapi/staticfiles.py	only original
.venv/Lib/site-packages/fastapi/templating.py	only original
.venv/Lib/site-packages/fastapi/testclient.py	only original
.venv/Lib/site-packages/fastapi/types.py	only original
.venv/Lib/site-packages/fastapi/utils.py	only original
.venv/Lib/site-packages/fastapi/websockets.py	only original
.venv/Lib/site-packages/h11-0.16.0.dist-info/INSTALLER	only original
.venv/Lib/site-packages/h11-0.16.0.dist-info/METADATA	only original
.venv/Lib/site-packages/h11-0.16.0.dist-info/RECORD	only original
.venv/Lib/site-packages/h11-0.16.0.dist-info/WHEEL	only original
.venv/Lib/site-packages/h11-0.16.0.dist-info/licenses/LICENSE.txt	only original
.venv/Lib/site-packages/h11-0.16.0.dist-info/top_level.txt	only original
.venv/Lib/site-packages/h11/__init__.py	only original
.venv/Lib/site-packages/h11/__pycache__/__init__.cpython-312.pyc	only original
.venv/Lib/site-packages/h11/__pycache__/_abnf.cpython-312.pyc	only original
.venv/Lib/site-packages/h11/__pycache__/_connection.cpython-312.pyc	only original
.venv/Lib/site-packages/h11/__pycache__/_events.cpython-312.pyc	only original
.venv/Lib/site-packages/h11/__pycache__/_headers.cpython-312.pyc	only original
.venv/Lib/site-packages/h11/__pycache__/_readers.cpython-312.pyc	only original
.venv/Lib/site-packages/h11/__pycache__/_receivebuffer.cpython-312.pyc	only original
.venv/Lib/site-packages/h11/__pycache__/_state.cpython-312.pyc	only original
.venv/Lib/site-packages/h11/__pycache__/_util.cpython-312.pyc	only original
.venv/Lib/site-packages/h11/__pycache__/_version.cpython-312.pyc	only original
.venv/Lib/site-packages/h11/__pycache__/_writers.cpython-312.pyc	only original
.venv/Lib/site-packages/h11/_abnf.py	only original
.venv/Lib/site-packages/h11/_connection.py	only original
.venv/Lib/site-packages/h11/_events.py	only original
.venv/Lib/site-packages/h11/_headers.py	only original
.venv/Lib/site-packages/h11/_readers.py	only original
.venv/Lib/site-packages/h11/_receivebuffer.py	only original
.venv/Lib/site-packages/h11/_state.py	only original
.venv/Lib/site-packages/h11/_util.py	only original
.venv/Lib/site-packages/h11/_version.py	only original
.venv/Lib/site-packages/h11/_writers.py	only original
.venv/Lib/site-packages/h11/py.typed	only original
.venv/Lib/site-packages/httpcore-1.0.9.dist-info/INSTALLER	only original
.venv/Lib/site-packages/httpcore-1.0.9.dist-info/METADATA	only original
.venv/Lib/site-packages/httpcore-1.0.9.dist-info/RECORD	only original
.venv/Lib/site-packages/httpcore-1.0.9.dist-info/WHEEL	only original
.venv/Lib/site-packages/httpcore-1.0.9.dist-info/licenses/LICENSE.md	only original
.venv/Lib/site-packages/httpcore/__init__.py	only original
.venv/Lib/site-packages/httpcore/__pycache__/__init__.cpython-312.pyc	only original
.venv/Lib/site-packages/httpcore/__pycache__/_api.cpython-312.pyc	only original
.venv/Lib/site-packages/httpcore/__pycache__/_exceptions.cpython-312.pyc	only original
.venv/Lib/site-packages/httpcore/__pycache__/_models.cpython-312.pyc	only original
.venv/Lib/site-packages/httpcore/__pycache__/_ssl.cpython-312.pyc	only original
.venv/Lib/site-packages/httpcore/__pycache__/_synchronization.cpython-312.pyc	only original
.venv/Lib/site-packages/httpcore/__pycache__/_trace.cpython-312.pyc	only original
.venv/Lib/site-packages/httpcore/__pycache__/_utils.cpython-312.pyc	only original
.venv/Lib/site-packages/httpcore/_api.py	only original
.venv/Lib/site-packages/httpcore/_async/__init__.py	only original
.venv/Lib/site-packages/httpcore/_async/__pycache__/__init__.cpython-312.pyc	only original
.venv/Lib/site-packages/httpcore/_async/__pycache__/connection.cpython-312.pyc	only original
.venv/Lib/site-packages/httpcore/_async/__pycache__/connection_pool.cpython-312.pyc	only original
.venv/Lib/site-packages/httpcore/_async/__pycache__/http11.cpython-312.pyc	only original
.venv/Lib/site-packages/httpcore/_async/__pycache__/http2.cpython-312.pyc	only original
.venv/Lib/site-packages/httpcore/_async/__pycache__/http_proxy.cpython-312.pyc	only original
.venv/Lib/site-packages/httpcore/_async/__pycache__/interfaces.cpython-312.pyc	only original
.venv/Lib/site-packages/httpcore/_async/__pycache__/socks_proxy.cpython-312.pyc	only original
.venv/Lib/site-packages/httpcore/_async/connection.py	only original
.venv/Lib/site-packages/httpcore/_async/connection_pool.py	only original
.venv/Lib/site-packages/httpcore/_async/http11.py	only original
.venv/Lib/site-packages/httpcore/_async/http2.py	only original
.venv/Lib/site-packages/httpcore/_async/http_proxy.py	only original
.venv/Lib/site-packages/httpcore/_async/interfaces.py	only original
.venv/Lib/site-packages/httpcore/_async/socks_proxy.py	only original
.venv/Lib/site-packages/httpcore/_backends/__init__.py	only original
.venv/Lib/site-packages/httpcore/_backends/__pycache__/__init__.cpython-312.pyc	only original
.venv/Lib/site-packages/httpcore/_backends/__pycache__/anyio.cpython-312.pyc	only original
.venv/Lib/site-packages/httpcore/_backends/__pycache__/auto.cpython-312.pyc	only original
.venv/Lib/site-packages/httpcore/_backends/__pycache__/base.cpython-312.pyc	only original
.venv/Lib/site-packages/httpcore/_backends/__pycache__/mock.cpython-312.pyc	only original
.venv/Lib/site-packages/httpcore/_backends/__pycache__/sync.cpython-312.pyc	only original
.venv/Lib/site-packages/httpcore/_backends/__pycache__/trio.cpython-312.pyc	only original
.venv/Lib/site-packages/httpcore/_backends/anyio.py	only original
.venv/Lib/site-packages/httpcore/_backends/auto.py	only original
.venv/Lib/site-packages/httpcore/_backends/base.py	only original
.venv/Lib/site-packages/httpcore/_backends/mock.py	only original
.venv/Lib/site-packages/httpcore/_backends/sync.py	only original
.venv/Lib/site-packages/httpcore/_backends/trio.py	only original
.venv/Lib/site-packages/httpcore/_exceptions.py	only original
.venv/Lib/site-packages/httpcore/_models.py	only original
.venv/Lib/site-packages/httpcore/_ssl.py	only original
.venv/Lib/site-packages/httpcore/_sync/__init__.py	only original
.venv/Lib/site-packages/httpcore/_sync/__pycache__/__init__.cpython-312.pyc	only original
.venv/Lib/site-packages/httpcore/_sync/__pycache__/connection.cpython-312.pyc	only original
.venv/Lib/site-packages/httpcore/_sync/__pycache__/connection_pool.cpython-312.pyc	only original
.venv/Lib/site-packages/httpcore/_sync/__pycache__/http11.cpython-312.pyc	only original
.venv/Lib/site-packages/httpcore/_sync/__pycache__/http2.cpython-312.pyc	only original
.venv/Lib/site-packages/httpcore/_sync/__pycache__/http_proxy.cpython-312.pyc	only original
.venv/Lib/site-packages/httpcore/_sync/__pycache__/interfaces.cpython-312.pyc	only original
.venv/Lib/site-packages/httpcore/_sync/__pycache__/socks_proxy.cpython-312.pyc	only original
.venv/Lib/site-packages/httpcore/_sync/connection.py	only original
.venv/Lib/site-packages/httpcore/_sync/connection_pool.py	only original
.venv/Lib/site-packages/httpcore/_sync/http11.py	only original
.venv/Lib/site-packages/httpcore/_sync/http2.py	only original
.venv/Lib/site-packages/httpcore/_sync/http_proxy.py	only original
.venv/Lib/site-packages/httpcore/_sync/interfaces.py	only original
.venv/Lib/site-packages/httpcore/_sync/socks_proxy.py	only original
.venv/Lib/site-packages/httpcore/_synchronization.py	only original
.venv/Lib/site-packages/httpcore/_trace.py	only original
.venv/Lib/site-packages/httpcore/_utils.py	only original
.venv/Lib/site-packages/httpcore/py.typed	only original
.venv/Lib/site-packages/httptools-0.8.0.dist-info/INSTALLER	only original
.venv/Lib/site-packages/httptools-0.8.0.dist-info/METADATA	only original
.venv/Lib/site-packages/httptools-0.8.0.dist-info/RECORD	only original
.venv/Lib/site-packages/httptools-0.8.0.dist-info/WHEEL	only original
.venv/Lib/site-packages/httptools-0.8.0.dist-info/licenses/LICENSE	only original
.venv/Lib/site-packages/httptools-0.8.0.dist-info/licenses/vendor/http-parser/LICENSE-MIT	only original
.venv/Lib/site-packages/httptools-0.8.0.dist-info/licenses/vendor/llhttp/LICENSE	only original
.venv/Lib/site-packages/httptools-0.8.0.dist-info/top_level.txt	only original
.venv/Lib/site-packages/httptools/__init__.py	only original
.venv/Lib/site-packages/httptools/__pycache__/__init__.cpython-312.pyc	only original
.venv/Lib/site-packages/httptools/__pycache__/_version.cpython-312.pyc	only original
.venv/Lib/site-packages/httptools/_version.py	only original
.venv/Lib/site-packages/httptools/parser/__init__.py	only original
.venv/Lib/site-packages/httptools/parser/__pycache__/__init__.cpython-312.pyc	only original
.venv/Lib/site-packages/httptools/parser/__pycache__/errors.cpython-312.pyc	only original
.venv/Lib/site-packages/httptools/parser/__pycache__/protocol.cpython-312.pyc	only original
.venv/Lib/site-packages/httptools/parser/cparser.pxd	only original
.venv/Lib/site-packages/httptools/parser/errors.py	only original
.venv/Lib/site-packages/httptools/parser/parser.cp312-win_amd64.pyd	only original
.venv/Lib/site-packages/httptools/parser/parser.pyi	only original
.venv/Lib/site-packages/httptools/parser/parser.pyx	only original
.venv/Lib/site-packages/httptools/parser/protocol.py	only original
.venv/Lib/site-packages/httptools/parser/python.pxd	only original
.venv/Lib/site-packages/httptools/parser/url_cparser.pxd	only original
.venv/Lib/site-packages/httptools/parser/url_parser.cp312-win_amd64.pyd	only original
.venv/Lib/site-packages/httptools/parser/url_parser.pyi	only original
.venv/Lib/site-packages/httptools/parser/url_parser.pyx	only original
.venv/Lib/site-packages/httptools/py.typed	only original
.venv/Lib/site-packages/httpx-0.28.1.dist-info/INSTALLER	only original
.venv/Lib/site-packages/httpx-0.28.1.dist-info/METADATA	only original
.venv/Lib/site-packages/httpx-0.28.1.dist-info/RECORD	only original
.venv/Lib/site-packages/httpx-0.28.1.dist-info/REQUESTED	only original
.venv/Lib/site-packages/httpx-0.28.1.dist-info/WHEEL	only original
.venv/Lib/site-packages/httpx-0.28.1.dist-info/entry_points.txt	only original
.venv/Lib/site-packages/httpx-0.28.1.dist-info/licenses/LICENSE.md	only original
.venv/Lib/site-packages/httpx/__init__.py	only original
.venv/Lib/site-packages/httpx/__pycache__/__init__.cpython-312.pyc	only original
.venv/Lib/site-packages/httpx/__pycache__/__version__.cpython-312.pyc	only original
.venv/Lib/site-packages/httpx/__pycache__/_api.cpython-312.pyc	only original
.venv/Lib/site-packages/httpx/__pycache__/_auth.cpython-312.pyc	only original
.venv/Lib/site-packages/httpx/__pycache__/_client.cpython-312.pyc	only original
.venv/Lib/site-packages/httpx/__pycache__/_config.cpython-312.pyc	only original
.venv/Lib/site-packages/httpx/__pycache__/_content.cpython-312.pyc	only original
.venv/Lib/site-packages/httpx/__pycache__/_decoders.cpython-312.pyc	only original
.venv/Lib/site-packages/httpx/__pycache__/_exceptions.cpython-312.pyc	only original
.venv/Lib/site-packages/httpx/__pycache__/_main.cpython-312.pyc	only original
.venv/Lib/site-packages/httpx/__pycache__/_models.cpython-312.pyc	only original
.venv/Lib/site-packages/httpx/__pycache__/_multipart.cpython-312.pyc	only original
.venv/Lib/site-packages/httpx/__pycache__/_status_codes.cpython-312.pyc	only original
.venv/Lib/site-packages/httpx/__pycache__/_types.cpython-312.pyc	only original
.venv/Lib/site-packages/httpx/__pycache__/_urlparse.cpython-312.pyc	only original
.venv/Lib/site-packages/httpx/__pycache__/_urls.cpython-312.pyc	only original
.venv/Lib/site-packages/httpx/__pycache__/_utils.cpython-312.pyc	only original
.venv/Lib/site-packages/httpx/__version__.py	only original
.venv/Lib/site-packages/httpx/_api.py	only original
.venv/Lib/site-packages/httpx/_auth.py	only original
.venv/Lib/site-packages/httpx/_client.py	only original
.venv/Lib/site-packages/httpx/_config.py	only original
.venv/Lib/site-packages/httpx/_content.py	only original
.venv/Lib/site-packages/httpx/_decoders.py	only original
.venv/Lib/site-packages/httpx/_exceptions.py	only original
.venv/Lib/site-packages/httpx/_main.py	only original
.venv/Lib/site-packages/httpx/_models.py	only original
.venv/Lib/site-packages/httpx/_multipart.py	only original
.venv/Lib/site-packages/httpx/_status_codes.py	only original
.venv/Lib/site-packages/httpx/_transports/__init__.py	only original
.venv/Lib/site-packages/httpx/_transports/__pycache__/__init__.cpython-312.pyc	only original
.venv/Lib/site-packages/httpx/_transports/__pycache__/asgi.cpython-312.pyc	only original
.venv/Lib/site-packages/httpx/_transports/__pycache__/base.cpython-312.pyc	only original
.venv/Lib/site-packages/httpx/_transports/__pycache__/default.cpython-312.pyc	only original
.venv/Lib/site-packages/httpx/_transports/__pycache__/mock.cpython-312.pyc	only original
.venv/Lib/site-packages/httpx/_transports/__pycache__/wsgi.cpython-312.pyc	only original
.venv/Lib/site-packages/httpx/_transports/asgi.py	only original
.venv/Lib/site-packages/httpx/_transports/base.py	only original
.venv/Lib/site-packages/httpx/_transports/default.py	only original
.venv/Lib/site-packages/httpx/_transports/mock.py	only original
.venv/Lib/site-packages/httpx/_transports/wsgi.py	only original
.venv/Lib/site-packages/httpx/_types.py	only original
.venv/Lib/site-packages/httpx/_urlparse.py	only original
.venv/Lib/site-packages/httpx/_urls.py	only original
.venv/Lib/site-packages/httpx/_utils.py	only original
.venv/Lib/site-packages/httpx/py.typed	only original
.venv/Lib/site-packages/idna-3.20.dist-info/INSTALLER	only original
.venv/Lib/site-packages/idna-3.20.dist-info/METADATA	only original
.venv/Lib/site-packages/idna-3.20.dist-info/RECORD	only original
.venv/Lib/site-packages/idna-3.20.dist-info/WHEEL	only original
.venv/Lib/site-packages/idna-3.20.dist-info/entry_points.txt	only original
.venv/Lib/site-packages/idna-3.20.dist-info/licenses/LICENSE.md	only original
.venv/Lib/site-packages/idna/__init__.py	only original
.venv/Lib/site-packages/idna/__main__.py	only original
.venv/Lib/site-packages/idna/__pycache__/__init__.cpython-312.pyc	only original
.venv/Lib/site-packages/idna/__pycache__/__main__.cpython-312.pyc	only original
.venv/Lib/site-packages/idna/__pycache__/cli.cpython-312.pyc	only original
.venv/Lib/site-packages/idna/__pycache__/codec.cpython-312.pyc	only original
.venv/Lib/site-packages/idna/__pycache__/compat.cpython-312.pyc	only original
.venv/Lib/site-packages/idna/__pycache__/core.cpython-312.pyc	only original
.venv/Lib/site-packages/idna/__pycache__/idnadata.cpython-312.pyc	only original
.venv/Lib/site-packages/idna/__pycache__/intranges.cpython-312.pyc	only original
.venv/Lib/site-packages/idna/__pycache__/package_data.cpython-312.pyc	only original
.venv/Lib/site-packages/idna/__pycache__/uts46data.cpython-312.pyc	only original
.venv/Lib/site-packages/idna/cli.py	only original
.venv/Lib/site-packages/idna/codec.py	only original
.venv/Lib/site-packages/idna/compat.py	only original
.venv/Lib/site-packages/idna/core.py	only original
.venv/Lib/site-packages/idna/idnadata.py	only original
.venv/Lib/site-packages/idna/intranges.py	only original
.venv/Lib/site-packages/idna/package_data.py	only original
.venv/Lib/site-packages/idna/py.typed	only original
.venv/Lib/site-packages/idna/uts46data.py	only original
.venv/Lib/site-packages/iniconfig-2.3.0.dist-info/INSTALLER	only original
.venv/Lib/site-packages/iniconfig-2.3.0.dist-info/METADATA	only original
.venv/Lib/site-packages/iniconfig-2.3.0.dist-info/RECORD	only original
.venv/Lib/site-packages/iniconfig-2.3.0.dist-info/WHEEL	only original
.venv/Lib/site-packages/iniconfig-2.3.0.dist-info/licenses/LICENSE	only original
.venv/Lib/site-packages/iniconfig-2.3.0.dist-info/top_level.txt	only original
.venv/Lib/site-packages/iniconfig/__init__.py	only original
.venv/Lib/site-packages/iniconfig/__pycache__/__init__.cpython-312.pyc	only original
.venv/Lib/site-packages/iniconfig/__pycache__/_parse.cpython-312.pyc	only original
.venv/Lib/site-packages/iniconfig/__pycache__/_version.cpython-312.pyc	only original
.venv/Lib/site-packages/iniconfig/__pycache__/exceptions.cpython-312.pyc	only original
.venv/Lib/site-packages/iniconfig/_parse.py	only original
.venv/Lib/site-packages/iniconfig/_version.py	only original
.venv/Lib/site-packages/iniconfig/exceptions.py	only original
.venv/Lib/site-packages/iniconfig/py.typed	only original
.venv/Lib/site-packages/multipart/__init__.py	only original
.venv/Lib/site-packages/multipart/__pycache__/__init__.cpython-312.pyc	only original
.venv/Lib/site-packages/multipart/__pycache__/decoders.cpython-312.pyc	only original
.venv/Lib/site-packages/multipart/__pycache__/exceptions.cpython-312.pyc	only original
.venv/Lib/site-packages/multipart/__pycache__/multipart.cpython-312.pyc	only original
.venv/Lib/site-packages/multipart/decoders.py	only original
.venv/Lib/site-packages/multipart/exceptions.py	only original
.venv/Lib/site-packages/multipart/multipart.py	only original
.venv/Lib/site-packages/numpy-2.3.3.dist-info/DELVEWHEEL	only original
.venv/Lib/site-packages/numpy-2.3.3.dist-info/INSTALLER	only original
.venv/Lib/site-packages/numpy-2.3.3.dist-info/LICENSE.txt	only original
.venv/Lib/site-packages/numpy-2.3.3.dist-info/METADATA	only original
.venv/Lib/site-packages/numpy-2.3.3.dist-info/RECORD	only original
.venv/Lib/site-packages/numpy-2.3.3.dist-info/REQUESTED	only original
.venv/Lib/site-packages/numpy-2.3.3.dist-info/WHEEL	only original
.venv/Lib/site-packages/numpy-2.3.3.dist-info/entry_points.txt	only original
.venv/Lib/site-packages/numpy.libs/libscipy_openblas64_-860d95b1c38e637ce4509f5fa24fbf2a.dll	only original
.venv/Lib/site-packages/numpy.libs/msvcp140-a4c2229bdc2a2a630acdc095b4d86008.dll	only original
.venv/Lib/site-packages/numpy/__config__.py	only original
.venv/Lib/site-packages/numpy/__config__.pyi	only original
.venv/Lib/site-packages/numpy/__init__.cython-30.pxd	only original
.venv/Lib/site-packages/numpy/__init__.pxd	only original
.venv/Lib/site-packages/numpy/__init__.py	only original
.venv/Lib/site-packages/numpy/__init__.pyi	only original
.venv/Lib/site-packages/numpy/__pycache__/__config__.cpython-312.pyc	only original
.venv/Lib/site-packages/numpy/__pycache__/__init__.cpython-312.pyc	only original
.venv/Lib/site-packages/numpy/__pycache__/_array_api_info.cpython-312.pyc	only original
.venv/Lib/site-packages/numpy/__pycache__/_configtool.cpython-312.pyc	only original
.venv/Lib/site-packages/numpy/__pycache__/_distributor_init.cpython-312.pyc	only original
.venv/Lib/site-packages/numpy/__pycache__/_expired_attrs_2_0.cpython-312.pyc	only original
.venv/Lib/site-packages/numpy/__pycache__/_globals.cpython-312.pyc	only original
.venv/Lib/site-packages/numpy/__pycache__/_pytesttester.cpython-312.pyc	only original
.venv/Lib/site-packages/numpy/__pycache__/conftest.cpython-312.pyc	only original
.venv/Lib/site-packages/numpy/__pycache__/dtypes.cpython-312.pyc	only original
.venv/Lib/site-packages/numpy/__pycache__/exceptions.cpython-312.pyc	only original
.venv/Lib/site-packages/numpy/__pycache__/matlib.cpython-312.pyc	only original
.venv/Lib/site-packages/numpy/__pycache__/version.cpython-312.pyc	only original
.venv/Lib/site-packages/numpy/_array_api_info.py	only original
.venv/Lib/site-packages/numpy/_array_api_info.pyi	only original
.venv/Lib/site-packages/numpy/_configtool.py	only original
.venv/Lib/site-packages/numpy/_configtool.pyi	only original
.venv/Lib/site-packages/numpy/_core/__init__.py	only original
.venv/Lib/site-packages/numpy/_core/__init__.pyi	only original
.venv/Lib/site-packages/numpy/_core/__pycache__/__init__.cpython-312.pyc	only original
.venv/Lib/site-packages/numpy/_core/__pycache__/_add_newdocs.cpython-312.pyc	only original
.venv/Lib/site-packages/numpy/_core/__pycache__/_add_newdocs_scalars.cpython-312.pyc	only original
.venv/Lib/site-packages/numpy/_core/__pycache__/_asarray.cpython-312.pyc	only original
.venv/Lib/site-packages/numpy/_core/__pycache__/_dtype.cpython-312.pyc	only original
.venv/Lib/site-packages/numpy/_core/__pycache__/_dtype_ctypes.cpython-312.pyc	only original
.venv/Lib/site-packages/numpy/_core/__pycache__/_exceptions.cpython-312.pyc	only original
.venv/Lib/site-packages/numpy/_core/__pycache__/_internal.cpython-312.pyc	only original
.venv/Lib/site-packages/numpy/_core/__pycache__/_machar.cpython-312.pyc	only original
.venv/Lib/site-packages/numpy/_core/__pycache__/_methods.cpython-312.pyc	only original
.venv/Lib/site-packages/numpy/_core/__pycache__/_string_helpers.cpython-312.pyc	only original
.venv/Lib/site-packages/numpy/_core/__pycache__/_type_aliases.cpython-312.pyc	only original
.venv/Lib/site-packages/numpy/_core/__pycache__/_ufunc_config.cpython-312.pyc	only original
.venv/Lib/site-packages/numpy/_core/__pycache__/arrayprint.cpython-312.pyc	only original
.venv/Lib/site-packages/numpy/_core/__pycache__/cversions.cpython-312.pyc	only original
.venv/Lib/site-packages/numpy/_core/__pycache__/defchararray.cpython-312.pyc	only original
.venv/Lib/site-packages/numpy/_core/__pycache__/einsumfunc.cpython-312.pyc	only original
.venv/Lib/site-packages/numpy/_core/__pycache__/fromnumeric.cpython-312.pyc	only original
.venv/Lib/site-packages/numpy/_core/__pycache__/function_base.cpython-312.pyc	only original
.venv/Lib/site-packages/numpy/_core/__pycache__/getlimits.cpython-312.pyc	only original
.venv/Lib/site-packages/numpy/_core/__pycache__/memmap.cpython-312.pyc	only original
.venv/Lib/site-packages/numpy/_core/__pycache__/multiarray.cpython-312.pyc	only original
.venv/Lib/site-packages/numpy/_core/__pycache__/numeric.cpython-312.pyc	only original
.venv/Lib/site-packages/numpy/_core/__pycache__/numerictypes.cpython-312.pyc	only original
.venv/Lib/site-packages/numpy/_core/__pycache__/overrides.cpython-312.pyc	only original
.venv/Lib/site-packages/numpy/_core/__pycache__/printoptions.cpython-312.pyc	only original
.venv/Lib/site-packages/numpy/_core/__pycache__/records.cpython-312.pyc	only original
.venv/Lib/site-packages/numpy/_core/__pycache__/shape_base.cpython-312.pyc	only original
.venv/Lib/site-packages/numpy/_core/__pycache__/strings.cpython-312.pyc	only original
.venv/Lib/site-packages/numpy/_core/__pycache__/umath.cpython-312.pyc	only original
.venv/Lib/site-packages/numpy/_core/_add_newdocs.py	only original
.venv/Lib/site-packages/numpy/_core/_add_newdocs.pyi	only original
.venv/Lib/site-packages/numpy/_core/_add_newdocs_scalars.py	only original
.venv/Lib/site-packages/numpy/_core/_add_newdocs_scalars.pyi	only original
.venv/Lib/site-packages/numpy/_core/_asarray.py	only original
.venv/Lib/site-packages/numpy/_core/_asarray.pyi	only original
.venv/Lib/site-packages/numpy/_core/_dtype.py	only original
.venv/Lib/site-packages/numpy/_core/_dtype.pyi	only original
.venv/Lib/site-packages/numpy/_core/_dtype_ctypes.py	only original
.venv/Lib/site-packages/numpy/_core/_dtype_ctypes.pyi	only original
.venv/Lib/site-packages/numpy/_core/_exceptions.py	only original
.venv/Lib/site-packages/numpy/_core/_exceptions.pyi	only original
.venv/Lib/site-packages/numpy/_core/_internal.py	only original
.venv/Lib/site-packages/numpy/_core/_internal.pyi	only original
.venv/Lib/site-packages/numpy/_core/_machar.py	only original
.venv/Lib/site-packages/numpy/_core/_machar.pyi	only original
.venv/Lib/site-packages/numpy/_core/_methods.py	only original
.venv/Lib/site-packages/numpy/_core/_methods.pyi	only original
.venv/Lib/site-packages/numpy/_core/_multiarray_tests.cp312-win_amd64.lib	only original
.venv/Lib/site-packages/numpy/_core/_multiarray_tests.cp312-win_amd64.pyd	only original
.venv/Lib/site-packages/numpy/_core/_multiarray_umath.cp312-win_amd64.lib	only original
.venv/Lib/site-packages/numpy/_core/_multiarray_umath.cp312-win_amd64.pyd	only original
.venv/Lib/site-packages/numpy/_core/_operand_flag_tests.cp312-win_amd64.lib	only original
.venv/Lib/site-packages/numpy/_core/_operand_flag_tests.cp312-win_amd64.pyd	only original
.venv/Lib/site-packages/numpy/_core/_rational_tests.cp312-win_amd64.lib	only original
.venv/Lib/site-packages/numpy/_core/_rational_tests.cp312-win_amd64.pyd	only original
.venv/Lib/site-packages/numpy/_core/_simd.cp312-win_amd64.lib	only original
.venv/Lib/site-packages/numpy/_core/_simd.cp312-win_amd64.pyd	only original
.venv/Lib/site-packages/numpy/_core/_simd.pyi	only original
.venv/Lib/site-packages/numpy/_core/_string_helpers.py	only original
.venv/Lib/site-packages/numpy/_core/_string_helpers.pyi	only original
.venv/Lib/site-packages/numpy/_core/_struct_ufunc_tests.cp312-win_amd64.lib	only original
.venv/Lib/site-packages/numpy/_core/_struct_ufunc_tests.cp312-win_amd64.pyd	only original
.venv/Lib/site-packages/numpy/_core/_type_aliases.py	only original
.venv/Lib/site-packages/numpy/_core/_type_aliases.pyi	only original
.venv/Lib/site-packages/numpy/_core/_ufunc_config.py	only original
.venv/Lib/site-packages/numpy/_core/_ufunc_config.pyi	only original
.venv/Lib/site-packages/numpy/_core/_umath_tests.cp312-win_amd64.lib	only original
.venv/Lib/site-packages/numpy/_core/_umath_tests.cp312-win_amd64.pyd	only original
.venv/Lib/site-packages/numpy/_core/arrayprint.py	only original
.venv/Lib/site-packages/numpy/_core/arrayprint.pyi	only original
.venv/Lib/site-packages/numpy/_core/cversions.py	only original
.venv/Lib/site-packages/numpy/_core/defchararray.py	only original
.venv/Lib/site-packages/numpy/_core/defchararray.pyi	only original
.venv/Lib/site-packages/numpy/_core/einsumfunc.py	only original
.venv/Lib/site-packages/numpy/_core/einsumfunc.pyi	only original
.venv/Lib/site-packages/numpy/_core/fromnumeric.py	only original
.venv/Lib/site-packages/numpy/_core/fromnumeric.pyi	only original
.venv/Lib/site-packages/numpy/_core/function_base.py	only original
.venv/Lib/site-packages/numpy/_core/function_base.pyi	only original
.venv/Lib/site-packages/numpy/_core/getlimits.py	only original
.venv/Lib/site-packages/numpy/_core/getlimits.pyi	only original
.venv/Lib/site-packages/numpy/_core/include/numpy/__multiarray_api.c	only original
.venv/Lib/site-packages/numpy/_core/include/numpy/__multiarray_api.h	only original
.venv/Lib/site-packages/numpy/_core/include/numpy/__ufunc_api.c	only original
.venv/Lib/site-packages/numpy/_core/include/numpy/__ufunc_api.h	only original
.venv/Lib/site-packages/numpy/_core/include/numpy/_neighborhood_iterator_imp.h	only original
.venv/Lib/site-packages/numpy/_core/include/numpy/_numpyconfig.h	only original
.venv/Lib/site-packages/numpy/_core/include/numpy/_public_dtype_api_table.h	only original
.venv/Lib/site-packages/numpy/_core/include/numpy/arrayobject.h	only original
.venv/Lib/site-packages/numpy/_core/include/numpy/arrayscalars.h	only original
.venv/Lib/site-packages/numpy/_core/include/numpy/dtype_api.h	only original
.venv/Lib/site-packages/numpy/_core/include/numpy/halffloat.h	only original
.venv/Lib/site-packages/numpy/_core/include/numpy/ndarrayobject.h	only original
.venv/Lib/site-packages/numpy/_core/include/numpy/ndarraytypes.h	only original
.venv/Lib/site-packages/numpy/_core/include/numpy/npy_2_compat.h	only original
.venv/Lib/site-packages/numpy/_core/include/numpy/npy_2_complexcompat.h	only original
.venv/Lib/site-packages/numpy/_core/include/numpy/npy_3kcompat.h	only original
.venv/Lib/site-packages/numpy/_core/include/numpy/npy_common.h	only original
.venv/Lib/site-packages/numpy/_core/include/numpy/npy_cpu.h	only original
.venv/Lib/site-packages/numpy/_core/include/numpy/npy_endian.h	only original
.venv/Lib/site-packages/numpy/_core/include/numpy/npy_math.h	only original
.venv/Lib/site-packages/numpy/_core/include/numpy/npy_no_deprecated_api.h	only original
.venv/Lib/site-packages/numpy/_core/include/numpy/npy_os.h	only original
.venv/Lib/site-packages/numpy/_core/include/numpy/numpyconfig.h	only original
.venv/Lib/site-packages/numpy/_core/include/numpy/random/LICENSE.txt	only original
.venv/Lib/site-packages/numpy/_core/include/numpy/random/bitgen.h	only original
.venv/Lib/site-packages/numpy/_core/include/numpy/random/distributions.h	only original
.venv/Lib/site-packages/numpy/_core/include/numpy/random/libdivide.h	only original
.venv/Lib/site-packages/numpy/_core/include/numpy/ufuncobject.h	only original
.venv/Lib/site-packages/numpy/_core/include/numpy/utils.h	only original
.venv/Lib/site-packages/numpy/_core/lib/npy-pkg-config/mlib.ini	only original
.venv/Lib/site-packages/numpy/_core/lib/npy-pkg-config/npymath.ini	only original
.venv/Lib/site-packages/numpy/_core/lib/npymath.lib	only original
.venv/Lib/site-packages/numpy/_core/lib/pkgconfig/numpy.pc	only original
.venv/Lib/site-packages/numpy/_core/memmap.py	only original
.venv/Lib/site-packages/numpy/_core/memmap.pyi	only original
.venv/Lib/site-packages/numpy/_core/multiarray.py	only original
.venv/Lib/site-packages/numpy/_core/multiarray.pyi	only original
.venv/Lib/site-packages/numpy/_core/numeric.py	only original
.venv/Lib/site-packages/numpy/_core/numeric.pyi	only original
.venv/Lib/site-packages/numpy/_core/numerictypes.py	only original
.venv/Lib/site-packages/numpy/_core/numerictypes.pyi	only original
.venv/Lib/site-packages/numpy/_core/overrides.py	only original
.venv/Lib/site-packages/numpy/_core/overrides.pyi	only original
.venv/Lib/site-packages/numpy/_core/printoptions.py	only original
.venv/Lib/site-packages/numpy/_core/printoptions.pyi	only original
.venv/Lib/site-packages/numpy/_core/records.py	only original
.venv/Lib/site-packages/numpy/_core/records.pyi	only original
.venv/Lib/site-packages/numpy/_core/shape_base.py	only original
.venv/Lib/site-packages/numpy/_core/shape_base.pyi	only original
.venv/Lib/site-packages/numpy/_core/strings.py	only original
.venv/Lib/site-packages/numpy/_core/strings.pyi	only original
.venv/Lib/site-packages/numpy/_core/tests/__pycache__/_locales.cpython-312.pyc	only original
.venv/Lib/site-packages/numpy/_core/tests/__pycache__/_natype.cpython-312.pyc	only original
.venv/Lib/site-packages/numpy/_core/tests/__pycache__/test__exceptions.cpython-312.pyc	only original
.venv/Lib/site-packages/numpy/_core/tests/__pycache__/test_abc.cpython-312.pyc	only original
.venv/Lib/site-packages/numpy/_core/tests/__pycache__/test_api.cpython-312.pyc	only original
.venv/Lib/site-packages/numpy/_core/tests/__pycache__/test_argparse.cpython-312.pyc	only original
.venv/Lib/site-packages/numpy/_core/tests/__pycache__/test_array_api_info.cpython-312.pyc	only original
.venv/Lib/site-packages/numpy/_core/tests/__pycache__/test_array_coercion.cpython-312.pyc	only original
.venv/Lib/site-packages/numpy/_core/tests/__pycache__/test_array_interface.cpython-312.pyc	only original
.venv/Lib/site-packages/numpy/_core/tests/__pycache__/test_arraymethod.cpython-312.pyc	only original
.venv/Lib/site-packages/numpy/_core/tests/__pycache__/test_arrayobject.cpython-312.pyc	only original
.venv/Lib/site-packages/numpy/_core/tests/__pycache__/test_arrayprint.cpython-312.pyc	only original
.venv/Lib/site-packages/numpy/_core/tests/__pycache__/test_casting_floatingpoint_errors.cpython-312.pyc	only original
.venv/Lib/site-packages/numpy/_core/tests/__pycache__/test_casting_unittests.cpython-312.pyc	only original
.venv/Lib/site-packages/numpy/_core/tests/__pycache__/test_conversion_utils.cpython-312.pyc	only original
.venv/Lib/site-packages/numpy/_core/tests/__pycache__/test_cpu_dispatcher.cpython-312.pyc	only original
.venv/Lib/site-packages/numpy/_core/tests/__pycache__/test_cpu_features.cpython-312.pyc	only original
.venv/Lib/site-packages/numpy/_core/tests/__pycache__/test_custom_dtypes.cpython-312.pyc	only original
.venv/Lib/site-packages/numpy/_core/tests/__pycache__/test_cython.cpython-312.pyc	only original
.venv/Lib/site-packages/numpy/_core/tests/__pycache__/test_datetime.cpython-312.pyc	only original
.venv/Lib/site-packages/numpy/_core/tests/__pycache__/test_defchararray.cpython-312.pyc	only original
.venv/Lib/site-packages/numpy/_core/tests/__pycache__/test_deprecations.cpython-312.pyc	only original
.venv/Lib/site-packages/numpy/_core/tests/__pycache__/test_dlpack.cpython-312.pyc	only original
.venv/Lib/site-packages/numpy/_core/tests/__pycache__/test_dtype.cpython-312.pyc	only original
.venv/Lib/site-packages/numpy/_core/tests/__pycache__/test_einsum.cpython-312.pyc	only original
.venv/Lib/site-packages/numpy/_core/tests/__pycache__/test_errstate.cpython-312.pyc	only original
.venv/Lib/site-packages/numpy/_core/tests/__pycache__/test_extint128.cpython-312.pyc	only original
.venv/Lib/site-packages/numpy/_core/tests/__pycache__/test_function_base.cpython-312.pyc	only original
.venv/Lib/site-packages/numpy/_core/tests/__pycache__/test_getlimits.cpython-312.pyc	only original
.venv/Lib/site-packages/numpy/_core/tests/__pycache__/test_half.cpython-312.pyc	only original
.venv/Lib/site-packages/numpy/_core/tests/__pycache__/test_hashtable.cpython-312.pyc	only original
.venv/Lib/site-packages/numpy/_core/tests/__pycache__/test_indexerrors.cpython-312.pyc	only original
.venv/Lib/site-packages/numpy/_core/tests/__pycache__/test_indexing.cpython-312.pyc	only original
.venv/Lib/site-packages/numpy/_core/tests/__pycache__/test_item_selection.cpython-312.pyc	only original
.venv/Lib/site-packages/numpy/_core/tests/__pycache__/test_limited_api.cpython-312.pyc	only original
.venv/Lib/site-packages/numpy/_core/tests/__pycache__/test_longdouble.cpython-312.pyc	only original
.venv/Lib/site-packages/numpy/_core/tests/__pycache__/test_machar.cpython-312.pyc	only original
.venv/Lib/site-packages/numpy/_core/tests/__pycache__/test_mem_overlap.cpython-312.pyc	only original
.venv/Lib/site-packages/numpy/_core/tests/__pycache__/test_mem_policy.cpython-312.pyc	only original
.venv/Lib/site-packages/numpy/_core/tests/__pycache__/test_memmap.cpython-312.pyc	only original
.venv/Lib/site-packages/numpy/_core/tests/__pycache__/test_multiarray.cpython-312.pyc	only original
.venv/Lib/site-packages/numpy/_core/tests/__pycache__/test_multithreading.cpython-312.pyc	only original
.venv/Lib/site-packages/numpy/_core/tests/__pycache__/test_nditer.cpython-312.pyc	only original
.venv/Lib/site-packages/numpy/_core/tests/__pycache__/test_nep50_promotions.cpython-312.pyc	only original
.venv/Lib/site-packages/numpy/_core/tests/__pycache__/test_numeric.cpython-312.pyc	only original
.venv/Lib/site-packages/numpy/_core/tests/__pycache__/test_numerictypes.cpython-312.pyc	only original
.venv/Lib/site-packages/numpy/_core/tests/__pycache__/test_overrides.cpython-312.pyc	only original
.venv/Lib/site-packages/numpy/_core/tests/__pycache__/test_print.cpython-312.pyc	only original
.venv/Lib/site-packages/numpy/_core/tests/__pycache__/test_protocols.cpython-312.pyc	only original
.venv/Lib/site-packages/numpy/_core/tests/__pycache__/test_records.cpython-312.pyc	only original
.venv/Lib/site-packages/numpy/_core/tests/__pycache__/test_regression.cpython-312.pyc	only original
.venv/Lib/site-packages/numpy/_core/tests/__pycache__/test_scalar_ctors.cpython-312.pyc	only original
.venv/Lib/site-packages/numpy/_core/tests/__pycache__/test_scalar_methods.cpython-312.pyc	only original
.venv/Lib/site-packages/numpy/_core/tests/__pycache__/test_scalarbuffer.cpython-312.pyc	only original
.venv/Lib/site-packages/numpy/_core/tests/__pycache__/test_scalarinherit.cpython-312.pyc	only original
.venv/Lib/site-packages/numpy/_core/tests/__pycache__/test_scalarmath.cpython-312.pyc	only original
.venv/Lib/site-packages/numpy/_core/tests/__pycache__/test_scalarprint.cpython-312.pyc	only original
.venv/Lib/site-packages/numpy/_core/tests/__pycache__/test_shape_base.cpython-312.pyc	only original
.venv/Lib/site-packages/numpy/_core/tests/__pycache__/test_simd.cpython-312.pyc	only original
.venv/Lib/site-packages/numpy/_core/tests/__pycache__/test_simd_module.cpython-312.pyc	only original
.venv/Lib/site-packages/numpy/_core/tests/__pycache__/test_stringdtype.cpython-312.pyc	only original
.venv/Lib/site-packages/numpy/_core/tests/__pycache__/test_strings.cpython-312.pyc	only original
.venv/Lib/site-packages/numpy/_core/tests/__pycache__/test_ufunc.cpython-312.pyc	only original
.venv/Lib/site-packages/numpy/_core/tests/__pycache__/test_umath.cpython-312.pyc	only original
.venv/Lib/site-packages/numpy/_core/tests/__pycache__/test_umath_accuracy.cpython-312.pyc	only original
.venv/Lib/site-packages/numpy/_core/tests/__pycache__/test_umath_complex.cpython-312.pyc	only original
.venv/Lib/site-packages/numpy/_core/tests/__pycache__/test_unicode.cpython-312.pyc	only original
.venv/Lib/site-packages/numpy/_core/tests/_locales.py	only original
.venv/Lib/site-packages/numpy/_core/tests/_natype.py	only original
.venv/Lib/site-packages/numpy/_core/tests/data/astype_copy.pkl	only original
.venv/Lib/site-packages/numpy/_core/tests/data/generate_umath_validation_data.cpp	only original
.venv/Lib/site-packages/numpy/_core/tests/data/recarray_from_file.fits	only original
.venv/Lib/site-packages/numpy/_core/tests/data/umath-validation-set-README.txt	only original
.venv/Lib/site-packages/numpy/_core/tests/data/umath-validation-set-arccos.csv	only original
.venv/Lib/site-packages/numpy/_core/tests/data/umath-validation-set-arccosh.csv	only original
.venv/Lib/site-packages/numpy/_core/tests/data/umath-validation-set-arcsin.csv	only original
.venv/Lib/site-packages/numpy/_core/tests/data/umath-validation-set-arcsinh.csv	only original
.venv/Lib/site-packages/numpy/_core/tests/data/umath-validation-set-arctan.csv	only original
.venv/Lib/site-packages/numpy/_core/tests/data/umath-validation-set-arctanh.csv	only original
.venv/Lib/site-packages/numpy/_core/tests/data/umath-validation-set-cbrt.csv	only original
.venv/Lib/site-packages/numpy/_core/tests/data/umath-validation-set-cos.csv	only original
.venv/Lib/site-packages/numpy/_core/tests/data/umath-validation-set-cosh.csv	only original
.venv/Lib/site-packages/numpy/_core/tests/data/umath-validation-set-exp.csv	only original
.venv/Lib/site-packages/numpy/_core/tests/data/umath-validation-set-exp2.csv	only original
.venv/Lib/site-packages/numpy/_core/tests/data/umath-validation-set-expm1.csv	only original
.venv/Lib/site-packages/numpy/_core/tests/data/umath-validation-set-log.csv	only original
.venv/Lib/site-packages/numpy/_core/tests/data/umath-validation-set-log10.csv	only original
.venv/Lib/site-packages/numpy/_core/tests/data/umath-validation-set-log1p.csv	only original
.venv/Lib/site-packages/numpy/_core/tests/data/umath-validation-set-log2.csv	only original
.venv/Lib/site-packages/numpy/_core/tests/data/umath-validation-set-sin.csv	only original
.venv/Lib/site-packages/numpy/_core/tests/data/umath-validation-set-sinh.csv	only original
.venv/Lib/site-packages/numpy/_core/tests/data/umath-validation-set-tan.csv	only original
.venv/Lib/site-packages/numpy/_core/tests/data/umath-validation-set-tanh.csv	only original
.venv/Lib/site-packages/numpy/_core/tests/examples/cython/__pycache__/setup.cpython-312.pyc	only original
.venv/Lib/site-packages/numpy/_core/tests/examples/cython/checks.pyx	only original
.venv/Lib/site-packages/numpy/_core/tests/examples/cython/meson.build	only original
.venv/Lib/site-packages/numpy/_core/tests/examples/cython/setup.py	only original
.venv/Lib/site-packages/numpy/_core/tests/examples/limited_api/__pycache__/setup.cpython-312.pyc	only original
.venv/Lib/site-packages/numpy/_core/tests/examples/limited_api/limited_api1.c	only original
.venv/Lib/site-packages/numpy/_core/tests/examples/limited_api/limited_api2.pyx	only original
.venv/Lib/site-packages/numpy/_core/tests/examples/limited_api/limited_api_latest.c	only original
.venv/Lib/site-packages/numpy/_core/tests/examples/limited_api/meson.build	only original
.venv/Lib/site-packages/numpy/_core/tests/examples/limited_api/setup.py	only original
.venv/Lib/site-packages/numpy/_core/tests/test__exceptions.py	only original
.venv/Lib/site-packages/numpy/_core/tests/test_abc.py	only original
.venv/Lib/site-packages/numpy/_core/tests/test_api.py	only original
.venv/Lib/site-packages/numpy/_core/tests/test_argparse.py	only original
.venv/Lib/site-packages/numpy/_core/tests/test_array_api_info.py	only original
.venv/Lib/site-packages/numpy/_core/tests/test_array_coercion.py	only original
.venv/Lib/site-packages/numpy/_core/tests/test_array_interface.py	only original
.venv/Lib/site-packages/numpy/_core/tests/test_arraymethod.py	only original
.venv/Lib/site-packages/numpy/_core/tests/test_arrayobject.py	only original
.venv/Lib/site-packages/numpy/_core/tests/test_arrayprint.py	only original
.venv/Lib/site-packages/numpy/_core/tests/test_casting_floatingpoint_errors.py	only original
.venv/Lib/site-packages/numpy/_core/tests/test_casting_unittests.py	only original
.venv/Lib/site-packages/numpy/_core/tests/test_conversion_utils.py	only original
.venv/Lib/site-packages/numpy/_core/tests/test_cpu_dispatcher.py	only original
.venv/Lib/site-packages/numpy/_core/tests/test_cpu_features.py	only original
.venv/Lib/site-packages/numpy/_core/tests/test_custom_dtypes.py	only original
.venv/Lib/site-packages/numpy/_core/tests/test_cython.py	only original
.venv/Lib/site-packages/numpy/_core/tests/test_datetime.py	only original
.venv/Lib/site-packages/numpy/_core/tests/test_defchararray.py	only original
.venv/Lib/site-packages/numpy/_core/tests/test_deprecations.py	only original
.venv/Lib/site-packages/numpy/_core/tests/test_dlpack.py	only original
.venv/Lib/site-packages/numpy/_core/tests/test_dtype.py	only original
.venv/Lib/site-packages/numpy/_core/tests/test_einsum.py	only original
.venv/Lib/site-packages/numpy/_core/tests/test_errstate.py	only original
.venv/Lib/site-packages/numpy/_core/tests/test_extint128.py	only original
.venv/Lib/site-packages/numpy/_core/tests/test_function_base.py	only original
.venv/Lib/site-packages/numpy/_core/tests/test_getlimits.py	only original
.venv/Lib/site-packages/numpy/_core/tests/test_half.py	only original
.venv/Lib/site-packages/numpy/_core/tests/test_hashtable.py	only original
.venv/Lib/site-packages/numpy/_core/tests/test_indexerrors.py	only original
.venv/Lib/site-packages/numpy/_core/tests/test_indexing.py	only original
.venv/Lib/site-packages/numpy/_core/tests/test_item_selection.py	only original
.venv/Lib/site-packages/numpy/_core/tests/test_limited_api.py	only original
.venv/Lib/site-packages/numpy/_core/tests/test_longdouble.py	only original
.venv/Lib/site-packages/numpy/_core/tests/test_machar.py	only original
.venv/Lib/site-packages/numpy/_core/tests/test_mem_overlap.py	only original
.venv/Lib/site-packages/numpy/_core/tests/test_mem_policy.py	only original
.venv/Lib/site-packages/numpy/_core/tests/test_memmap.py	only original
.venv/Lib/site-packages/numpy/_core/tests/test_multiarray.py	only original
.venv/Lib/site-packages/numpy/_core/tests/test_multithreading.py	only original
.venv/Lib/site-packages/numpy/_core/tests/test_nditer.py	only original
.venv/Lib/site-packages/numpy/_core/tests/test_nep50_promotions.py	only original
.venv/Lib/site-packages/numpy/_core/tests/test_numeric.py	only original
.venv/Lib/site-packages/numpy/_core/tests/test_numerictypes.py	only original
.venv/Lib/site-packages/numpy/_core/tests/test_overrides.py	only original
.venv/Lib/site-packages/numpy/_core/tests/test_print.py	only original
.venv/Lib/site-packages/numpy/_core/tests/test_protocols.py	only original
.venv/Lib/site-packages/numpy/_core/tests/test_records.py	only original
.venv/Lib/site-packages/numpy/_core/tests/test_regression.py	only original
.venv/Lib/site-packages/numpy/_core/tests/test_scalar_ctors.py	only original
.venv/Lib/site-packages/numpy/_core/tests/test_scalar_methods.py	only original
.venv/Lib/site-packages/numpy/_core/tests/test_scalarbuffer.py	only original
.venv/Lib/site-packages/numpy/_core/tests/test_scalarinherit.py	only original
.venv/Lib/site-packages/numpy/_core/tests/test_scalarmath.py	only original
.venv/Lib/site-packages/numpy/_core/tests/test_scalarprint.py	only original
.venv/Lib/site-packages/numpy/_core/tests/test_shape_base.py	only original
.venv/Lib/site-packages/numpy/_core/tests/test_simd.py	only original
.venv/Lib/site-packages/numpy/_core/tests/test_simd_module.py	only original
.venv/Lib/site-packages/numpy/_core/tests/test_stringdtype.py	only original
.venv/Lib/site-packages/numpy/_core/tests/test_strings.py	only original
.venv/Lib/site-packages/numpy/_core/tests/test_ufunc.py	only original
.venv/Lib/site-packages/numpy/_core/tests/test_umath.py	only original
.venv/Lib/site-packages/numpy/_core/tests/test_umath_accuracy.py	only original
.venv/Lib/site-packages/numpy/_core/tests/test_umath_complex.py	only original
.venv/Lib/site-packages/numpy/_core/tests/test_unicode.py	only original
.venv/Lib/site-packages/numpy/_core/umath.py	only original
.venv/Lib/site-packages/numpy/_core/umath.pyi	only original
.venv/Lib/site-packages/numpy/_distributor_init.py	only original
.venv/Lib/site-packages/numpy/_distributor_init.pyi	only original
.venv/Lib/site-packages/numpy/_expired_attrs_2_0.py	only original
.venv/Lib/site-packages/numpy/_expired_attrs_2_0.pyi	only original
.venv/Lib/site-packages/numpy/_globals.py	only original
.venv/Lib/site-packages/numpy/_globals.pyi	only original
.venv/Lib/site-packages/numpy/_pyinstaller/__init__.py	only original
.venv/Lib/site-packages/numpy/_pyinstaller/__init__.pyi	only original
.venv/Lib/site-packages/numpy/_pyinstaller/__pycache__/__init__.cpython-312.pyc	only original
.venv/Lib/site-packages/numpy/_pyinstaller/__pycache__/hook-numpy.cpython-312.pyc	only original
.venv/Lib/site-packages/numpy/_pyinstaller/hook-numpy.py	only original
.venv/Lib/site-packages/numpy/_pyinstaller/hook-numpy.pyi	only original
.venv/Lib/site-packages/numpy/_pyinstaller/tests/__init__.py	only original
.venv/Lib/site-packages/numpy/_pyinstaller/tests/__pycache__/__init__.cpython-312.pyc	only original
.venv/Lib/site-packages/numpy/_pyinstaller/tests/__pycache__/pyinstaller-smoke.cpython-312.pyc	only original
.venv/Lib/site-packages/numpy/_pyinstaller/tests/__pycache__/test_pyinstaller.cpython-312.pyc	only original
.venv/Lib/site-packages/numpy/_pyinstaller/tests/pyinstaller-smoke.py	only original
.venv/Lib/site-packages/numpy/_pyinstaller/tests/test_pyinstaller.py	only original
.venv/Lib/site-packages/numpy/_pytesttester.py	only original
.venv/Lib/site-packages/numpy/_pytesttester.pyi	only original
.venv/Lib/site-packages/numpy/_typing/__init__.py	only original
.venv/Lib/site-packages/numpy/_typing/__pycache__/__init__.cpython-312.pyc	only original
.venv/Lib/site-packages/numpy/_typing/__pycache__/_add_docstring.cpython-312.pyc	only original
.venv/Lib/site-packages/numpy/_typing/__pycache__/_array_like.cpython-312.pyc	only original
.venv/Lib/site-packages/numpy/_typing/__pycache__/_char_codes.cpython-312.pyc	only original
.venv/Lib/site-packages/numpy/_typing/__pycache__/_dtype_like.cpython-312.pyc	only original
.venv/Lib/site-packages/numpy/_typing/__pycache__/_extended_precision.cpython-312.pyc	only original
.venv/Lib/site-packages/numpy/_typing/__pycache__/_nbit.cpython-312.pyc	only original
.venv/Lib/site-packages/numpy/_typing/__pycache__/_nbit_base.cpython-312.pyc	only original
.venv/Lib/site-packages/numpy/_typing/__pycache__/_nested_sequence.cpython-312.pyc	only original
.venv/Lib/site-packages/numpy/_typing/__pycache__/_scalars.cpython-312.pyc	only original
.venv/Lib/site-packages/numpy/_typing/__pycache__/_shape.cpython-312.pyc	only original
.venv/Lib/site-packages/numpy/_typing/__pycache__/_ufunc.cpython-312.pyc	only original
.venv/Lib/site-packages/numpy/_typing/_add_docstring.py	only original
.venv/Lib/site-packages/numpy/_typing/_array_like.py	only original
.venv/Lib/site-packages/numpy/_typing/_callable.pyi	only original
.venv/Lib/site-packages/numpy/_typing/_char_codes.py	only original
.venv/Lib/site-packages/numpy/_typing/_dtype_like.py	only original
.venv/Lib/site-packages/numpy/_typing/_extended_precision.py	only original
.venv/Lib/site-packages/numpy/_typing/_nbit.py	only original
.venv/Lib/site-packages/numpy/_typing/_nbit_base.py	only original
.venv/Lib/site-packages/numpy/_typing/_nbit_base.pyi	only original
.venv/Lib/site-packages/numpy/_typing/_nested_sequence.py	only original
.venv/Lib/site-packages/numpy/_typing/_scalars.py	only original
.venv/Lib/site-packages/numpy/_typing/_shape.py	only original
.venv/Lib/site-packages/numpy/_typing/_ufunc.py	only original
.venv/Lib/site-packages/numpy/_typing/_ufunc.pyi	only original
.venv/Lib/site-packages/numpy/_utils/__init__.py	only original
.venv/Lib/site-packages/numpy/_utils/__init__.pyi	only original
.venv/Lib/site-packages/numpy/_utils/__pycache__/__init__.cpython-312.pyc	only original
.venv/Lib/site-packages/numpy/_utils/__pycache__/_convertions.cpython-312.pyc	only original
.venv/Lib/site-packages/numpy/_utils/__pycache__/_inspect.cpython-312.pyc	only original
.venv/Lib/site-packages/numpy/_utils/__pycache__/_pep440.cpython-312.pyc	only original
.venv/Lib/site-packages/numpy/_utils/_convertions.py	only original
.venv/Lib/site-packages/numpy/_utils/_convertions.pyi	only original
.venv/Lib/site-packages/numpy/_utils/_inspect.py	only original
.venv/Lib/site-packages/numpy/_utils/_inspect.pyi	only original
.venv/Lib/site-packages/numpy/_utils/_pep440.py	only original
.venv/Lib/site-packages/numpy/_utils/_pep440.pyi	only original
.venv/Lib/site-packages/numpy/char/__init__.py	only original
.venv/Lib/site-packages/numpy/char/__init__.pyi	only original
.venv/Lib/site-packages/numpy/char/__pycache__/__init__.cpython-312.pyc	only original
.venv/Lib/site-packages/numpy/conftest.py	only original
.venv/Lib/site-packages/numpy/core/__init__.py	only original
.venv/Lib/site-packages/numpy/core/__init__.pyi	only original
.venv/Lib/site-packages/numpy/core/__pycache__/__init__.cpython-312.pyc	only original
.venv/Lib/site-packages/numpy/core/__pycache__/_dtype.cpython-312.pyc	only original
.venv/Lib/site-packages/numpy/core/__pycache__/_dtype_ctypes.cpython-312.pyc	only original
.venv/Lib/site-packages/numpy/core/__pycache__/_internal.cpython-312.pyc	only original
.venv/Lib/site-packages/numpy/core/__pycache__/_multiarray_umath.cpython-312.pyc	only original
.venv/Lib/site-packages/numpy/core/__pycache__/_utils.cpython-312.pyc	only original
.venv/Lib/site-packages/numpy/core/__pycache__/arrayprint.cpython-312.pyc	only original
.venv/Lib/site-packages/numpy/core/__pycache__/defchararray.cpython-312.pyc	only original
.venv/Lib/site-packages/numpy/core/__pycache__/einsumfunc.cpython-312.pyc	only original
.venv/Lib/site-packages/numpy/core/__pycache__/fromnumeric.cpython-312.pyc	only original
.venv/Lib/site-packages/numpy/core/__pycache__/function_base.cpython-312.pyc	only original
.venv/Lib/site-packages/numpy/core/__pycache__/getlimits.cpython-312.pyc	only original
.venv/Lib/site-packages/numpy/core/__pycache__/multiarray.cpython-312.pyc	only original
.venv/Lib/site-packages/numpy/core/__pycache__/numeric.cpython-312.pyc	only original
.venv/Lib/site-packages/numpy/core/__pycache__/numerictypes.cpython-312.pyc	only original
.venv/Lib/site-packages/numpy/core/__pycache__/overrides.cpython-312.pyc	only original
.venv/Lib/site-packages/numpy/core/__pycache__/records.cpython-312.pyc	only original
.venv/Lib/site-packages/numpy/core/__pycache__/shape_base.cpython-312.pyc	only original
.venv/Lib/site-packages/numpy/core/__pycache__/umath.cpython-312.pyc	only original
.venv/Lib/site-packages/numpy/core/_dtype.py	only original
.venv/Lib/site-packages/numpy/core/_dtype.pyi	only original
.venv/Lib/site-packages/numpy/core/_dtype_ctypes.py	only original
.venv/Lib/site-packages/numpy/core/_dtype_ctypes.pyi	only original
.venv/Lib/site-packages/numpy/core/_internal.py	only original
.venv/Lib/site-packages/numpy/core/_multiarray_umath.py	only original
.venv/Lib/site-packages/numpy/core/_utils.py	only original
.venv/Lib/site-packages/numpy/core/arrayprint.py	only original
.venv/Lib/site-packages/numpy/core/defchararray.py	only original
.venv/Lib/site-packages/numpy/core/einsumfunc.py	only original
.venv/Lib/site-packages/numpy/core/fromnumeric.py	only original
.venv/Lib/site-packages/numpy/core/function_base.py	only original
.venv/Lib/site-packages/numpy/core/getlimits.py	only original
.venv/Lib/site-packages/numpy/core/multiarray.py	only original
.venv/Lib/site-packages/numpy/core/numeric.py	only original
.venv/Lib/site-packages/numpy/core/numerictypes.py	only original
.venv/Lib/site-packages/numpy/core/overrides.py	only original
.venv/Lib/site-packages/numpy/core/overrides.pyi	only original
.venv/Lib/site-packages/numpy/core/records.py	only original
.venv/Lib/site-packages/numpy/core/shape_base.py	only original
.venv/Lib/site-packages/numpy/core/umath.py	only original
.venv/Lib/site-packages/numpy/ctypeslib/__init__.py	only original
.venv/Lib/site-packages/numpy/ctypeslib/__init__.pyi	only original
.venv/Lib/site-packages/numpy/ctypeslib/__pycache__/__init__.cpython-312.pyc	only original
.venv/Lib/site-packages/numpy/ctypeslib/__pycache__/_ctypeslib.cpython-312.pyc	only original
.venv/Lib/site-packages/numpy/ctypeslib/_ctypeslib.py	only original
.venv/Lib/site-packages/numpy/ctypeslib/_ctypeslib.pyi	only original
.venv/Lib/site-packages/numpy/doc/__pycache__/ufuncs.cpython-312.pyc	only original
.venv/Lib/site-packages/numpy/doc/ufuncs.py	only original
.venv/Lib/site-packages/numpy/dtypes.py	only original
.venv/Lib/site-packages/numpy/dtypes.pyi	only original
.venv/Lib/site-packages/numpy/exceptions.py	only original
.venv/Lib/site-packages/numpy/exceptions.pyi	only original
.venv/Lib/site-packages/numpy/f2py/__init__.py	only original
.venv/Lib/site-packages/numpy/f2py/__init__.pyi	only original
.venv/Lib/site-packages/numpy/f2py/__main__.py	only original
.venv/Lib/site-packages/numpy/f2py/__pycache__/__init__.cpython-312.pyc	only original
.venv/Lib/site-packages/numpy/f2py/__pycache__/__main__.cpython-312.pyc	only original
.venv/Lib/site-packages/numpy/f2py/__pycache__/__version__.cpython-312.pyc	only original
.venv/Lib/site-packages/numpy/f2py/__pycache__/_isocbind.cpython-312.pyc	only original
.venv/Lib/site-packages/numpy/f2py/__pycache__/_src_pyf.cpython-312.pyc	only original
.venv/Lib/site-packages/numpy/f2py/__pycache__/auxfuncs.cpython-312.pyc	only original
.venv/Lib/site-packages/numpy/f2py/__pycache__/capi_maps.cpython-312.pyc	only original
.venv/Lib/site-packages/numpy/f2py/__pycache__/cb_rules.cpython-312.pyc	only original
.venv/Lib/site-packages/numpy/f2py/__pycache__/cfuncs.cpython-312.pyc	only original
.venv/Lib/site-packages/numpy/f2py/__pycache__/common_rules.cpython-312.pyc	only original
.venv/Lib/site-packages/numpy/f2py/__pycache__/crackfortran.cpython-312.pyc	only original
.venv/Lib/site-packages/numpy/f2py/__pycache__/diagnose.cpython-312.pyc	only original
.venv/Lib/site-packages/numpy/f2py/__pycache__/f2py2e.cpython-312.pyc	only original
.venv/Lib/site-packages/numpy/f2py/__pycache__/f90mod_rules.cpython-312.pyc	only original
.venv/Lib/site-packages/numpy/f2py/__pycache__/func2subr.cpython-312.pyc	only original
.venv/Lib/site-packages/numpy/f2py/__pycache__/rules.cpython-312.pyc	only original
.venv/Lib/site-packages/numpy/f2py/__pycache__/symbolic.cpython-312.pyc	only original
.venv/Lib/site-packages/numpy/f2py/__pycache__/use_rules.cpython-312.pyc	only original
.venv/Lib/site-packages/numpy/f2py/__version__.py	only original
.venv/Lib/site-packages/numpy/f2py/__version__.pyi	only original
.venv/Lib/site-packages/numpy/f2py/_backends/__init__.py	only original
.venv/Lib/site-packages/numpy/f2py/_backends/__init__.pyi	only original
.venv/Lib/site-packages/numpy/f2py/_backends/__pycache__/__init__.cpython-312.pyc	only original
.venv/Lib/site-packages/numpy/f2py/_backends/__pycache__/_backend.cpython-312.pyc	only original
.venv/Lib/site-packages/numpy/f2py/_backends/__pycache__/_distutils.cpython-312.pyc	only original
.venv/Lib/site-packages/numpy/f2py/_backends/__pycache__/_meson.cpython-312.pyc	only original
.venv/Lib/site-packages/numpy/f2py/_backends/_backend.py	only original
.venv/Lib/site-packages/numpy/f2py/_backends/_backend.pyi	only original
.venv/Lib/site-packages/numpy/f2py/_backends/_distutils.py	only original
.venv/Lib/site-packages/numpy/f2py/_backends/_distutils.pyi	only original
.venv/Lib/site-packages/numpy/f2py/_backends/_meson.py	only original
.venv/Lib/site-packages/numpy/f2py/_backends/_meson.pyi	only original
.venv/Lib/site-packages/numpy/f2py/_backends/meson.build.template	only original
.venv/Lib/site-packages/numpy/f2py/_isocbind.py	only original
.venv/Lib/site-packages/numpy/f2py/_isocbind.pyi	only original
.venv/Lib/site-packages/numpy/f2py/_src_pyf.py	only original
.venv/Lib/site-packages/numpy/f2py/_src_pyf.pyi	only original
.venv/Lib/site-packages/numpy/f2py/auxfuncs.py	only original
.venv/Lib/site-packages/numpy/f2py/auxfuncs.pyi	only original
.venv/Lib/site-packages/numpy/f2py/capi_maps.py	only original
.venv/Lib/site-packages/numpy/f2py/capi_maps.pyi	only original
.venv/Lib/site-packages/numpy/f2py/cb_rules.py	only original
.venv/Lib/site-packages/numpy/f2py/cb_rules.pyi	only original
.venv/Lib/site-packages/numpy/f2py/cfuncs.py	only original
.venv/Lib/site-packages/numpy/f2py/cfuncs.pyi	only original
.venv/Lib/site-packages/numpy/f2py/common_rules.py	only original
.venv/Lib/site-packages/numpy/f2py/common_rules.pyi	only original
.venv/Lib/site-packages/numpy/f2py/crackfortran.py	only original
.venv/Lib/site-packages/numpy/f2py/crackfortran.pyi	only original
.venv/Lib/site-packages/numpy/f2py/diagnose.py	only original
.venv/Lib/site-packages/numpy/f2py/diagnose.pyi	only original
.venv/Lib/site-packages/numpy/f2py/f2py2e.py	only original
.venv/Lib/site-packages/numpy/f2py/f2py2e.pyi	only original
.venv/Lib/site-packages/numpy/f2py/f90mod_rules.py	only original
.venv/Lib/site-packages/numpy/f2py/f90mod_rules.pyi	only original
.venv/Lib/site-packages/numpy/f2py/func2subr.py	only original
.venv/Lib/site-packages/numpy/f2py/func2subr.pyi	only original
.venv/Lib/site-packages/numpy/f2py/rules.py	only original
.venv/Lib/site-packages/numpy/f2py/rules.pyi	only original
.venv/Lib/site-packages/numpy/f2py/setup.cfg	only original
.venv/Lib/site-packages/numpy/f2py/src/fortranobject.c	only original
.venv/Lib/site-packages/numpy/f2py/src/fortranobject.h	only original
.venv/Lib/site-packages/numpy/f2py/symbolic.py	only original
.venv/Lib/site-packages/numpy/f2py/symbolic.pyi	only original
.venv/Lib/site-packages/numpy/f2py/tests/__init__.py	only original
.venv/Lib/site-packages/numpy/f2py/tests/__pycache__/__init__.cpython-312.pyc	only original
.venv/Lib/site-packages/numpy/f2py/tests/__pycache__/test_abstract_interface.cpython-312.pyc	only original
.venv/Lib/site-packages/numpy/f2py/tests/__pycache__/test_array_from_pyobj.cpython-312.pyc	only original
.venv/Lib/site-packages/numpy/f2py/tests/__pycache__/test_assumed_shape.cpython-312.pyc	only original
.venv/Lib/site-packages/numpy/f2py/tests/__pycache__/test_block_docstring.cpython-312.pyc	only original
.venv/Lib/site-packages/numpy/f2py/tests/__pycache__/test_callback.cpython-312.pyc	only original
.venv/Lib/site-packages/numpy/f2py/tests/__pycache__/test_character.cpython-312.pyc	only original
.venv/Lib/site-packages/numpy/f2py/tests/__pycache__/test_common.cpython-312.pyc	only original
.venv/Lib/site-packages/numpy/f2py/tests/__pycache__/test_crackfortran.cpython-312.pyc	only original
.venv/Lib/site-packages/numpy/f2py/tests/__pycache__/test_data.cpython-312.pyc	only original
.venv/Lib/site-packages/numpy/f2py/tests/__pycache__/test_docs.cpython-312.pyc	only original
.venv/Lib/site-packages/numpy/f2py/tests/__pycache__/test_f2cmap.cpython-312.pyc	only original
.venv/Lib/site-packages/numpy/f2py/tests/__pycache__/test_f2py2e.cpython-312.pyc	only original
.venv/Lib/site-packages/numpy/f2py/tests/__pycache__/test_isoc.cpython-312.pyc	only original
.venv/Lib/site-packages/numpy/f2py/tests/__pycache__/test_kind.cpython-312.pyc	only original
.venv/Lib/site-packages/numpy/f2py/tests/__pycache__/test_mixed.cpython-312.pyc	only original
.venv/Lib/site-packages/numpy/f2py/tests/__pycache__/test_modules.cpython-312.pyc	only original
.venv/Lib/site-packages/numpy/f2py/tests/__pycache__/test_parameter.cpython-312.pyc	only original
.venv/Lib/site-packages/numpy/f2py/tests/__pycache__/test_pyf_src.cpython-312.pyc	only original
.venv/Lib/site-packages/numpy/f2py/tests/__pycache__/test_quoted_character.cpython-312.pyc	only original
.venv/Lib/site-packages/numpy/f2py/tests/__pycache__/test_regression.cpython-312.pyc	only original
.venv/Lib/site-packages/numpy/f2py/tests/__pycache__/test_return_character.cpython-312.pyc	only original
.venv/Lib/site-packages/numpy/f2py/tests/__pycache__/test_return_complex.cpython-312.pyc	only original
.venv/Lib/site-packages/numpy/f2py/tests/__pycache__/test_return_integer.cpython-312.pyc	only original
.venv/Lib/site-packages/numpy/f2py/tests/__pycache__/test_return_logical.cpython-312.pyc	only original
.venv/Lib/site-packages/numpy/f2py/tests/__pycache__/test_return_real.cpython-312.pyc	only original
.venv/Lib/site-packages/numpy/f2py/tests/__pycache__/test_routines.cpython-312.pyc	only original
.venv/Lib/site-packages/numpy/f2py/tests/__pycache__/test_semicolon_split.cpython-312.pyc	only original
.venv/Lib/site-packages/numpy/f2py/tests/__pycache__/test_size.cpython-312.pyc	only original
.venv/Lib/site-packages/numpy/f2py/tests/__pycache__/test_string.cpython-312.pyc	only original
.venv/Lib/site-packages/numpy/f2py/tests/__pycache__/test_symbolic.cpython-312.pyc	only original
.venv/Lib/site-packages/numpy/f2py/tests/__pycache__/test_value_attrspec.cpython-312.pyc	only original
.venv/Lib/site-packages/numpy/f2py/tests/__pycache__/util.cpython-312.pyc	only original
.venv/Lib/site-packages/numpy/f2py/tests/src/abstract_interface/foo.f90	only original
.venv/Lib/site-packages/numpy/f2py/tests/src/abstract_interface/gh18403_mod.f90	only original
.venv/Lib/site-packages/numpy/f2py/tests/src/array_from_pyobj/wrapmodule.c	only original
.venv/Lib/site-packages/numpy/f2py/tests/src/assumed_shape/.f2py_f2cmap	only original
.venv/Lib/site-packages/numpy/f2py/tests/src/assumed_shape/foo_free.f90	only original
.venv/Lib/site-packages/numpy/f2py/tests/src/assumed_shape/foo_mod.f90	only original
.venv/Lib/site-packages/numpy/f2py/tests/src/assumed_shape/foo_use.f90	only original
.venv/Lib/site-packages/numpy/f2py/tests/src/assumed_shape/precision.f90	only original
.venv/Lib/site-packages/numpy/f2py/tests/src/block_docstring/foo.f	only original
.venv/Lib/site-packages/numpy/f2py/tests/src/callback/foo.f	only original
.venv/Lib/site-packages/numpy/f2py/tests/src/callback/gh17797.f90	only original
.venv/Lib/site-packages/numpy/f2py/tests/src/callback/gh18335.f90	only original
.venv/Lib/site-packages/numpy/f2py/tests/src/callback/gh25211.f	only original
.venv/Lib/site-packages/numpy/f2py/tests/src/callback/gh25211.pyf	only original
.venv/Lib/site-packages/numpy/f2py/tests/src/callback/gh26681.f90	only original
.venv/Lib/site-packages/numpy/f2py/tests/src/cli/gh_22819.pyf	only original
.venv/Lib/site-packages/numpy/f2py/tests/src/cli/hi77.f	only original
.venv/Lib/site-packages/numpy/f2py/tests/src/cli/hiworld.f90	only original
.venv/Lib/site-packages/numpy/f2py/tests/src/common/block.f	only original
.venv/Lib/site-packages/numpy/f2py/tests/src/common/gh19161.f90	only original
.venv/Lib/site-packages/numpy/f2py/tests/src/crackfortran/accesstype.f90	only original
.venv/Lib/site-packages/numpy/f2py/tests/src/crackfortran/common_with_division.f	only original
.venv/Lib/site-packages/numpy/f2py/tests/src/crackfortran/data_common.f	only original
.venv/Lib/site-packages/numpy/f2py/tests/src/crackfortran/data_multiplier.f	only original
.venv/Lib/site-packages/numpy/f2py/tests/src/crackfortran/data_stmts.f90	only original
.venv/Lib/site-packages/numpy/f2py/tests/src/crackfortran/data_with_comments.f	only original
.venv/Lib/site-packages/numpy/f2py/tests/src/crackfortran/foo_deps.f90	only original
.venv/Lib/site-packages/numpy/f2py/tests/src/crackfortran/gh15035.f	only original
.venv/Lib/site-packages/numpy/f2py/tests/src/crackfortran/gh17859.f	only original
.venv/Lib/site-packages/numpy/f2py/tests/src/crackfortran/gh22648.pyf	only original
.venv/Lib/site-packages/numpy/f2py/tests/src/crackfortran/gh23533.f	only original
.venv/Lib/site-packages/numpy/f2py/tests/src/crackfortran/gh23598.f90	only original
.venv/Lib/site-packages/numpy/f2py/tests/src/crackfortran/gh23598Warn.f90	only original
.venv/Lib/site-packages/numpy/f2py/tests/src/crackfortran/gh23879.f90	only original
.venv/Lib/site-packages/numpy/f2py/tests/src/crackfortran/gh27697.f90	only original
.venv/Lib/site-packages/numpy/f2py/tests/src/crackfortran/gh2848.f90	only original
.venv/Lib/site-packages/numpy/f2py/tests/src/crackfortran/operators.f90	only original
.venv/Lib/site-packages/numpy/f2py/tests/src/crackfortran/privatemod.f90	only original
.venv/Lib/site-packages/numpy/f2py/tests/src/crackfortran/publicmod.f90	only original
.venv/Lib/site-packages/numpy/f2py/tests/src/crackfortran/pubprivmod.f90	only original
.venv/Lib/site-packages/numpy/f2py/tests/src/crackfortran/unicode_comment.f90	only original
.venv/Lib/site-packages/numpy/f2py/tests/src/f2cmap/.f2py_f2cmap	only original
.venv/Lib/site-packages/numpy/f2py/tests/src/f2cmap/isoFortranEnvMap.f90	only original
.venv/Lib/site-packages/numpy/f2py/tests/src/isocintrin/isoCtests.f90	only original
.venv/Lib/site-packages/numpy/f2py/tests/src/kind/foo.f90	only original
.venv/Lib/site-packages/numpy/f2py/tests/src/mixed/foo.f	only original
.venv/Lib/site-packages/numpy/f2py/tests/src/mixed/foo_fixed.f90	only original
.venv/Lib/site-packages/numpy/f2py/tests/src/mixed/foo_free.f90	only original
.venv/Lib/site-packages/numpy/f2py/tests/src/modules/gh25337/data.f90	only original
.venv/Lib/site-packages/numpy/f2py/tests/src/modules/gh25337/use_data.f90	only original
.venv/Lib/site-packages/numpy/f2py/tests/src/modules/gh26920/two_mods_with_no_public_entities.f90	only original
.venv/Lib/site-packages/numpy/f2py/tests/src/modules/gh26920/two_mods_with_one_public_routine.f90	only original
.venv/Lib/site-packages/numpy/f2py/tests/src/modules/module_data_docstring.f90	only original
.venv/Lib/site-packages/numpy/f2py/tests/src/modules/use_modules.f90	only original
.venv/Lib/site-packages/numpy/f2py/tests/src/negative_bounds/issue_20853.f90	only original
.venv/Lib/site-packages/numpy/f2py/tests/src/parameter/constant_array.f90	only original
.venv/Lib/site-packages/numpy/f2py/tests/src/parameter/constant_both.f90	only original
.venv/Lib/site-packages/numpy/f2py/tests/src/parameter/constant_compound.f90	only original
.venv/Lib/site-packages/numpy/f2py/tests/src/parameter/constant_integer.f90	only original
.venv/Lib/site-packages/numpy/f2py/tests/src/parameter/constant_non_compound.f90	only original
.venv/Lib/site-packages/numpy/f2py/tests/src/parameter/constant_real.f90	only original
.venv/Lib/site-packages/numpy/f2py/tests/src/quoted_character/foo.f	only original
.venv/Lib/site-packages/numpy/f2py/tests/src/regression/AB.inc	only original
.venv/Lib/site-packages/numpy/f2py/tests/src/regression/assignOnlyModule.f90	only original
.venv/Lib/site-packages/numpy/f2py/tests/src/regression/datonly.f90	only original
.venv/Lib/site-packages/numpy/f2py/tests/src/regression/f77comments.f	only original
.venv/Lib/site-packages/numpy/f2py/tests/src/regression/f77fixedform.f95	only original
.venv/Lib/site-packages/numpy/f2py/tests/src/regression/f90continuation.f90	only original
.venv/Lib/site-packages/numpy/f2py/tests/src/regression/incfile.f90	only original
.venv/Lib/site-packages/numpy/f2py/tests/src/regression/inout.f90	only original
.venv/Lib/site-packages/numpy/f2py/tests/src/regression/lower_f2py_fortran.f90	only original
.venv/Lib/site-packages/numpy/f2py/tests/src/regression/mod_derived_types.f90	only original
.venv/Lib/site-packages/numpy/f2py/tests/src/return_character/foo77.f	only original
.venv/Lib/site-packages/numpy/f2py/tests/src/return_character/foo90.f90	only original
.venv/Lib/site-packages/numpy/f2py/tests/src/return_complex/foo77.f	only original
.venv/Lib/site-packages/numpy/f2py/tests/src/return_complex/foo90.f90	only original
.venv/Lib/site-packages/numpy/f2py/tests/src/return_integer/foo77.f	only original
.venv/Lib/site-packages/numpy/f2py/tests/src/return_integer/foo90.f90	only original
.venv/Lib/site-packages/numpy/f2py/tests/src/return_logical/foo77.f	only original
.venv/Lib/site-packages/numpy/f2py/tests/src/return_logical/foo90.f90	only original
.venv/Lib/site-packages/numpy/f2py/tests/src/return_real/foo77.f	only original
.venv/Lib/site-packages/numpy/f2py/tests/src/return_real/foo90.f90	only original
.venv/Lib/site-packages/numpy/f2py/tests/src/routines/funcfortranname.f	only original
.venv/Lib/site-packages/numpy/f2py/tests/src/routines/funcfortranname.pyf	only original
.venv/Lib/site-packages/numpy/f2py/tests/src/routines/subrout.f	only original
.venv/Lib/site-packages/numpy/f2py/tests/src/routines/subrout.pyf	only original
.venv/Lib/site-packages/numpy/f2py/tests/src/size/foo.f90	only original
.venv/Lib/site-packages/numpy/f2py/tests/src/string/char.f90	only original
.venv/Lib/site-packages/numpy/f2py/tests/src/string/fixed_string.f90	only original
.venv/Lib/site-packages/numpy/f2py/tests/src/string/gh24008.f	only original
.venv/Lib/site-packages/numpy/f2py/tests/src/string/gh24662.f90	only original
.venv/Lib/site-packages/numpy/f2py/tests/src/string/gh25286.f90	only original
.venv/Lib/site-packages/numpy/f2py/tests/src/string/gh25286.pyf	only original
.venv/Lib/site-packages/numpy/f2py/tests/src/string/gh25286_bc.pyf	only original
.venv/Lib/site-packages/numpy/f2py/tests/src/string/scalar_string.f90	only original
.venv/Lib/site-packages/numpy/f2py/tests/src/string/string.f	only original
.venv/Lib/site-packages/numpy/f2py/tests/src/value_attrspec/gh21665.f90	only original
.venv/Lib/site-packages/numpy/f2py/tests/test_abstract_interface.py	only original
.venv/Lib/site-packages/numpy/f2py/tests/test_array_from_pyobj.py	only original
.venv/Lib/site-packages/numpy/f2py/tests/test_assumed_shape.py	only original
.venv/Lib/site-packages/numpy/f2py/tests/test_block_docstring.py	only original
.venv/Lib/site-packages/numpy/f2py/tests/test_callback.py	only original
.venv/Lib/site-packages/numpy/f2py/tests/test_character.py	only original
.venv/Lib/site-packages/numpy/f2py/tests/test_common.py	only original
.venv/Lib/site-packages/numpy/f2py/tests/test_crackfortran.py	only original
.venv/Lib/site-packages/numpy/f2py/tests/test_data.py	only original
.venv/Lib/site-packages/numpy/f2py/tests/test_docs.py	only original
.venv/Lib/site-packages/numpy/f2py/tests/test_f2cmap.py	only original
.venv/Lib/site-packages/numpy/f2py/tests/test_f2py2e.py	only original
.venv/Lib/site-packages/numpy/f2py/tests/test_isoc.py	only original
.venv/Lib/site-packages/numpy/f2py/tests/test_kind.py	only original
.venv/Lib/site-packages/numpy/f2py/tests/test_mixed.py	only original
.venv/Lib/site-packages/numpy/f2py/tests/test_modules.py	only original
.venv/Lib/site-packages/numpy/f2py/tests/test_parameter.py	only original
.venv/Lib/site-packages/numpy/f2py/tests/test_pyf_src.py	only original
.venv/Lib/site-packages/numpy/f2py/tests/test_quoted_character.py	only original
.venv/Lib/site-packages/numpy/f2py/tests/test_regression.py	only original
.venv/Lib/site-packages/numpy/f2py/tests/test_return_character.py	only original
.venv/Lib/site-packages/numpy/f2py/tests/test_return_complex.py	only original
.venv/Lib/site-packages/numpy/f2py/tests/test_return_integer.py	only original
.venv/Lib/site-packages/numpy/f2py/tests/test_return_logical.py	only original
.venv/Lib/site-packages/numpy/f2py/tests/test_return_real.py	only original
.venv/Lib/site-packages/numpy/f2py/tests/test_routines.py	only original
.venv/Lib/site-packages/numpy/f2py/tests/test_semicolon_split.py	only original
.venv/Lib/site-packages/numpy/f2py/tests/test_size.py	only original
.venv/Lib/site-packages/numpy/f2py/tests/test_string.py	only original
.venv/Lib/site-packages/numpy/f2py/tests/test_symbolic.py	only original
.venv/Lib/site-packages/numpy/f2py/tests/test_value_attrspec.py	only original
.venv/Lib/site-packages/numpy/f2py/tests/util.py	only original
.venv/Lib/site-packages/numpy/f2py/use_rules.py	only original
.venv/Lib/site-packages/numpy/f2py/use_rules.pyi	only original
.venv/Lib/site-packages/numpy/fft/__init__.py	only original
.venv/Lib/site-packages/numpy/fft/__init__.pyi	only original
.venv/Lib/site-packages/numpy/fft/__pycache__/__init__.cpython-312.pyc	only original
.venv/Lib/site-packages/numpy/fft/__pycache__/_helper.cpython-312.pyc	only original
.venv/Lib/site-packages/numpy/fft/__pycache__/_pocketfft.cpython-312.pyc	only original
.venv/Lib/site-packages/numpy/fft/__pycache__/helper.cpython-312.pyc	only original
.venv/Lib/site-packages/numpy/fft/_helper.py	only original
.venv/Lib/site-packages/numpy/fft/_helper.pyi	only original
.venv/Lib/site-packages/numpy/fft/_pocketfft.py	only original
.venv/Lib/site-packages/numpy/fft/_pocketfft.pyi	only original
.venv/Lib/site-packages/numpy/fft/_pocketfft_umath.cp312-win_amd64.lib	only original
.venv/Lib/site-packages/numpy/fft/_pocketfft_umath.cp312-win_amd64.pyd	only original
.venv/Lib/site-packages/numpy/fft/helper.py	only original
.venv/Lib/site-packages/numpy/fft/helper.pyi	only original
.venv/Lib/site-packages/numpy/fft/tests/__init__.py	only original
.venv/Lib/site-packages/numpy/fft/tests/__pycache__/__init__.cpython-312.pyc	only original
.venv/Lib/site-packages/numpy/fft/tests/__pycache__/test_helper.cpython-312.pyc	only original
.venv/Lib/site-packages/numpy/fft/tests/__pycache__/test_pocketfft.cpython-312.pyc	only original
.venv/Lib/site-packages/numpy/fft/tests/test_helper.py	only original
.venv/Lib/site-packages/numpy/fft/tests/test_pocketfft.py	only original
.venv/Lib/site-packages/numpy/lib/__init__.py	only original
.venv/Lib/site-packages/numpy/lib/__init__.pyi	only original
.venv/Lib/site-packages/numpy/lib/__pycache__/__init__.cpython-312.pyc	only original
.venv/Lib/site-packages/numpy/lib/__pycache__/_array_utils_impl.cpython-312.pyc	only original
.venv/Lib/site-packages/numpy/lib/__pycache__/_arraypad_impl.cpython-312.pyc	only original
.venv/Lib/site-packages/numpy/lib/__pycache__/_arraysetops_impl.cpython-312.pyc	only original
.venv/Lib/site-packages/numpy/lib/__pycache__/_arrayterator_impl.cpython-312.pyc	only original
.venv/Lib/site-packages/numpy/lib/__pycache__/_datasource.cpython-312.pyc	only original
.venv/Lib/site-packages/numpy/lib/__pycache__/_format_impl.cpython-312.pyc	only original
.venv/Lib/site-packages/numpy/lib/__pycache__/_function_base_impl.cpython-312.pyc	only original
.venv/Lib/site-packages/numpy/lib/__pycache__/_histograms_impl.cpython-312.pyc	only original
.venv/Lib/site-packages/numpy/lib/__pycache__/_index_tricks_impl.cpython-312.pyc	only original
.venv/Lib/site-packages/numpy/lib/__pycache__/_iotools.cpython-312.pyc	only original
.venv/Lib/site-packages/numpy/lib/__pycache__/_nanfunctions_impl.cpython-312.pyc	only original
.venv/Lib/site-packages/numpy/lib/__pycache__/_npyio_impl.cpython-312.pyc	only original
.venv/Lib/site-packages/numpy/lib/__pycache__/_polynomial_impl.cpython-312.pyc	only original
.venv/Lib/site-packages/numpy/lib/__pycache__/_scimath_impl.cpython-312.pyc	only original
.venv/Lib/site-packages/numpy/lib/__pycache__/_shape_base_impl.cpython-312.pyc	only original
.venv/Lib/site-packages/numpy/lib/__pycache__/_stride_tricks_impl.cpython-312.pyc	only original
.venv/Lib/site-packages/numpy/lib/__pycache__/_twodim_base_impl.cpython-312.pyc	only original
.venv/Lib/site-packages/numpy/lib/__pycache__/_type_check_impl.cpython-312.pyc	only original
.venv/Lib/site-packages/numpy/lib/__pycache__/_ufunclike_impl.cpython-312.pyc	only original
.venv/Lib/site-packages/numpy/lib/__pycache__/_user_array_impl.cpython-312.pyc	only original
.venv/Lib/site-packages/numpy/lib/__pycache__/_utils_impl.cpython-312.pyc	only original
.venv/Lib/site-packages/numpy/lib/__pycache__/_version.cpython-312.pyc	only original
.venv/Lib/site-packages/numpy/lib/__pycache__/array_utils.cpython-312.pyc	only original
.venv/Lib/site-packages/numpy/lib/__pycache__/format.cpython-312.pyc	only original
.venv/Lib/site-packages/numpy/lib/__pycache__/introspect.cpython-312.pyc	only original
.venv/Lib/site-packages/numpy/lib/__pycache__/mixins.cpython-312.pyc	only original
.venv/Lib/site-packages/numpy/lib/__pycache__/npyio.cpython-312.pyc	only original
.venv/Lib/site-packages/numpy/lib/__pycache__/recfunctions.cpython-312.pyc	only original
.venv/Lib/site-packages/numpy/lib/__pycache__/scimath.cpython-312.pyc	only original
.venv/Lib/site-packages/numpy/lib/__pycache__/stride_tricks.cpython-312.pyc	only original
.venv/Lib/site-packages/numpy/lib/__pycache__/user_array.cpython-312.pyc	only original
.venv/Lib/site-packages/numpy/lib/_array_utils_impl.py	only original
.venv/Lib/site-packages/numpy/lib/_array_utils_impl.pyi	only original
.venv/Lib/site-packages/numpy/lib/_arraypad_impl.py	only original
.venv/Lib/site-packages/numpy/lib/_arraypad_impl.pyi	only original
.venv/Lib/site-packages/numpy/lib/_arraysetops_impl.py	only original
.venv/Lib/site-packages/numpy/lib/_arraysetops_impl.pyi	only original
.venv/Lib/site-packages/numpy/lib/_arrayterator_impl.py	only original
.venv/Lib/site-packages/numpy/lib/_arrayterator_impl.pyi	only original
.venv/Lib/site-packages/numpy/lib/_datasource.py	only original
.venv/Lib/site-packages/numpy/lib/_datasource.pyi	only original
.venv/Lib/site-packages/numpy/lib/_format_impl.py	only original
.venv/Lib/site-packages/numpy/lib/_format_impl.pyi	only original
.venv/Lib/site-packages/numpy/lib/_function_base_impl.py	only original
.venv/Lib/site-packages/numpy/lib/_function_base_impl.pyi	only original
.venv/Lib/site-packages/numpy/lib/_histograms_impl.py	only original
.venv/Lib/site-packages/numpy/lib/_histograms_impl.pyi	only original
.venv/Lib/site-packages/numpy/lib/_index_tricks_impl.py	only original
.venv/Lib/site-packages/numpy/lib/_index_tricks_impl.pyi	only original
.venv/Lib/site-packages/numpy/lib/_iotools.py	only original
.venv/Lib/site-packages/numpy/lib/_iotools.pyi	only original
.venv/Lib/site-packages/numpy/lib/_nanfunctions_impl.py	only original
.venv/Lib/site-packages/numpy/lib/_nanfunctions_impl.pyi	only original
.venv/Lib/site-packages/numpy/lib/_npyio_impl.py	only original
.venv/Lib/site-packages/numpy/lib/_npyio_impl.pyi	only original
.venv/Lib/site-packages/numpy/lib/_polynomial_impl.py	only original
.venv/Lib/site-packages/numpy/lib/_polynomial_impl.pyi	only original
.venv/Lib/site-packages/numpy/lib/_scimath_impl.py	only original
.venv/Lib/site-packages/numpy/lib/_scimath_impl.pyi	only original
.venv/Lib/site-packages/numpy/lib/_shape_base_impl.py	only original
.venv/Lib/site-packages/numpy/lib/_shape_base_impl.pyi	only original
.venv/Lib/site-packages/numpy/lib/_stride_tricks_impl.py	only original
.venv/Lib/site-packages/numpy/lib/_stride_tricks_impl.pyi	only original
.venv/Lib/site-packages/numpy/lib/_twodim_base_impl.py	only original
.venv/Lib/site-packages/numpy/lib/_twodim_base_impl.pyi	only original
.venv/Lib/site-packages/numpy/lib/_type_check_impl.py	only original
.venv/Lib/site-packages/numpy/lib/_type_check_impl.pyi	only original
.venv/Lib/site-packages/numpy/lib/_ufunclike_impl.py	only original
.venv/Lib/site-packages/numpy/lib/_ufunclike_impl.pyi	only original
.venv/Lib/site-packages/numpy/lib/_user_array_impl.py	only original
.venv/Lib/site-packages/numpy/lib/_user_array_impl.pyi	only original
.venv/Lib/site-packages/numpy/lib/_utils_impl.py	only original
.venv/Lib/site-packages/numpy/lib/_utils_impl.pyi	only original
.venv/Lib/site-packages/numpy/lib/_version.py	only original
.venv/Lib/site-packages/numpy/lib/_version.pyi	only original
.venv/Lib/site-packages/numpy/lib/array_utils.py	only original
.venv/Lib/site-packages/numpy/lib/array_utils.pyi	only original
.venv/Lib/site-packages/numpy/lib/format.py	only original
.venv/Lib/site-packages/numpy/lib/format.pyi	only original
.venv/Lib/site-packages/numpy/lib/introspect.py	only original
.venv/Lib/site-packages/numpy/lib/introspect.pyi	only original
.venv/Lib/site-packages/numpy/lib/mixins.py	only original
.venv/Lib/site-packages/numpy/lib/mixins.pyi	only original
.venv/Lib/site-packages/numpy/lib/npyio.py	only original
.venv/Lib/site-packages/numpy/lib/npyio.pyi	only original
.venv/Lib/site-packages/numpy/lib/recfunctions.py	only original
.venv/Lib/site-packages/numpy/lib/recfunctions.pyi	only original
.venv/Lib/site-packages/numpy/lib/scimath.py	only original
.venv/Lib/site-packages/numpy/lib/scimath.pyi	only original
.venv/Lib/site-packages/numpy/lib/stride_tricks.py	only original
.venv/Lib/site-packages/numpy/lib/stride_tricks.pyi	only original
.venv/Lib/site-packages/numpy/lib/tests/__init__.py	only original
.venv/Lib/site-packages/numpy/lib/tests/__pycache__/__init__.cpython-312.pyc	only original
.venv/Lib/site-packages/numpy/lib/tests/__pycache__/test__datasource.cpython-312.pyc	only original
.venv/Lib/site-packages/numpy/lib/tests/__pycache__/test__iotools.cpython-312.pyc	only original
.venv/Lib/site-packages/numpy/lib/tests/__pycache__/test__version.cpython-312.pyc	only original
.venv/Lib/site-packages/numpy/lib/tests/__pycache__/test_array_utils.cpython-312.pyc	only original
.venv/Lib/site-packages/numpy/lib/tests/__pycache__/test_arraypad.cpython-312.pyc	only original
.venv/Lib/site-packages/numpy/lib/tests/__pycache__/test_arraysetops.cpython-312.pyc	only original
.venv/Lib/site-packages/numpy/lib/tests/__pycache__/test_arrayterator.cpython-312.pyc	only original
.venv/Lib/site-packages/numpy/lib/tests/__pycache__/test_format.cpython-312.pyc	only original
.venv/Lib/site-packages/numpy/lib/tests/__pycache__/test_function_base.cpython-312.pyc	only original
.venv/Lib/site-packages/numpy/lib/tests/__pycache__/test_histograms.cpython-312.pyc	only original
.venv/Lib/site-packages/numpy/lib/tests/__pycache__/test_index_tricks.cpython-312.pyc	only original
.venv/Lib/site-packages/numpy/lib/tests/__pycache__/test_io.cpython-312.pyc	only original
.venv/Lib/site-packages/numpy/lib/tests/__pycache__/test_loadtxt.cpython-312.pyc	only original
.venv/Lib/site-packages/numpy/lib/tests/__pycache__/test_mixins.cpython-312.pyc	only original
.venv/Lib/site-packages/numpy/lib/tests/__pycache__/test_nanfunctions.cpython-312.pyc	only original
.venv/Lib/site-packages/numpy/lib/tests/__pycache__/test_packbits.cpython-312.pyc	only original
.venv/Lib/site-packages/numpy/lib/tests/__pycache__/test_polynomial.cpython-312.pyc	only original
.venv/Lib/site-packages/numpy/lib/tests/__pycache__/test_recfunctions.cpython-312.pyc	only original
.venv/Lib/site-packages/numpy/lib/tests/__pycache__/test_regression.cpython-312.pyc	only original
.venv/Lib/site-packages/numpy/lib/tests/__pycache__/test_shape_base.cpython-312.pyc	only original
.venv/Lib/site-packages/numpy/lib/tests/__pycache__/test_stride_tricks.cpython-312.pyc	only original
.venv/Lib/site-packages/numpy/lib/tests/__pycache__/test_twodim_base.cpython-312.pyc	only original
.venv/Lib/site-packages/numpy/lib/tests/__pycache__/test_type_check.cpython-312.pyc	only original
.venv/Lib/site-packages/numpy/lib/tests/__pycache__/test_ufunclike.cpython-312.pyc	only original
.venv/Lib/site-packages/numpy/lib/tests/__pycache__/test_utils.cpython-312.pyc	only original
.venv/Lib/site-packages/numpy/lib/tests/data/py2-np0-objarr.npy	only original
.venv/Lib/site-packages/numpy/lib/tests/data/py2-objarr.npy	only original
.venv/Lib/site-packages/numpy/lib/tests/data/py2-objarr.npz	only original
.venv/Lib/site-packages/numpy/lib/tests/data/py3-objarr.npy	only original
.venv/Lib/site-packages/numpy/lib/tests/data/py3-objarr.npz	only original
.venv/Lib/site-packages/numpy/lib/tests/data/python3.npy	only original
.venv/Lib/site-packages/numpy/lib/tests/data/win64python2.npy	only original
.venv/Lib/site-packages/numpy/lib/tests/test__datasource.py	only original
.venv/Lib/site-packages/numpy/lib/tests/test__iotools.py	only original
.venv/Lib/site-packages/numpy/lib/tests/test__version.py	only original
.venv/Lib/site-packages/numpy/lib/tests/test_array_utils.py	only original
.venv/Lib/site-packages/numpy/lib/tests/test_arraypad.py	only original
.venv/Lib/site-packages/numpy/lib/tests/test_arraysetops.py	only original
.venv/Lib/site-packages/numpy/lib/tests/test_arrayterator.py	only original
.venv/Lib/site-packages/numpy/lib/tests/test_format.py	only original
.venv/Lib/site-packages/numpy/lib/tests/test_function_base.py	only original
.venv/Lib/site-packages/numpy/lib/tests/test_histograms.py	only original
.venv/Lib/site-packages/numpy/lib/tests/test_index_tricks.py	only original
.venv/Lib/site-packages/numpy/lib/tests/test_io.py	only original
.venv/Lib/site-packages/numpy/lib/tests/test_loadtxt.py	only original
.venv/Lib/site-packages/numpy/lib/tests/test_mixins.py	only original
.venv/Lib/site-packages/numpy/lib/tests/test_nanfunctions.py	only original
.venv/Lib/site-packages/numpy/lib/tests/test_packbits.py	only original
.venv/Lib/site-packages/numpy/lib/tests/test_polynomial.py	only original
.venv/Lib/site-packages/numpy/lib/tests/test_recfunctions.py	only original
.venv/Lib/site-packages/numpy/lib/tests/test_regression.py	only original
.venv/Lib/site-packages/numpy/lib/tests/test_shape_base.py	only original
.venv/Lib/site-packages/numpy/lib/tests/test_stride_tricks.py	only original
.venv/Lib/site-packages/numpy/lib/tests/test_twodim_base.py	only original
.venv/Lib/site-packages/numpy/lib/tests/test_type_check.py	only original
.venv/Lib/site-packages/numpy/lib/tests/test_ufunclike.py	only original
.venv/Lib/site-packages/numpy/lib/tests/test_utils.py	only original
.venv/Lib/site-packages/numpy/lib/user_array.py	only original
.venv/Lib/site-packages/numpy/lib/user_array.pyi	only original
.venv/Lib/site-packages/numpy/linalg/__init__.py	only original
.venv/Lib/site-packages/numpy/linalg/__init__.pyi	only original
.venv/Lib/site-packages/numpy/linalg/__pycache__/__init__.cpython-312.pyc	only original
.venv/Lib/site-packages/numpy/linalg/__pycache__/_linalg.cpython-312.pyc	only original
.venv/Lib/site-packages/numpy/linalg/__pycache__/linalg.cpython-312.pyc	only original
.venv/Lib/site-packages/numpy/linalg/_linalg.py	only original
.venv/Lib/site-packages/numpy/linalg/_linalg.pyi	only original
.venv/Lib/site-packages/numpy/linalg/_umath_linalg.cp312-win_amd64.lib	only original
.venv/Lib/site-packages/numpy/linalg/_umath_linalg.cp312-win_amd64.pyd	only original
.venv/Lib/site-packages/numpy/linalg/_umath_linalg.pyi	only original
.venv/Lib/site-packages/numpy/linalg/lapack_lite.cp312-win_amd64.lib	only original
.venv/Lib/site-packages/numpy/linalg/lapack_lite.cp312-win_amd64.pyd	only original
.venv/Lib/site-packages/numpy/linalg/lapack_lite.pyi	only original
.venv/Lib/site-packages/numpy/linalg/linalg.py	only original
.venv/Lib/site-packages/numpy/linalg/linalg.pyi	only original
.venv/Lib/site-packages/numpy/linalg/tests/__init__.py	only original
.venv/Lib/site-packages/numpy/linalg/tests/__pycache__/__init__.cpython-312.pyc	only original
.venv/Lib/site-packages/numpy/linalg/tests/__pycache__/test_deprecations.cpython-312.pyc	only original
.venv/Lib/site-packages/numpy/linalg/tests/__pycache__/test_linalg.cpython-312.pyc	only original
.venv/Lib/site-packages/numpy/linalg/tests/__pycache__/test_regression.cpython-312.pyc	only original
.venv/Lib/site-packages/numpy/linalg/tests/test_deprecations.py	only original
.venv/Lib/site-packages/numpy/linalg/tests/test_linalg.py	only original
.venv/Lib/site-packages/numpy/linalg/tests/test_regression.py	only original
.venv/Lib/site-packages/numpy/ma/API_CHANGES.txt	only original
.venv/Lib/site-packages/numpy/ma/LICENSE	only original
.venv/Lib/site-packages/numpy/ma/README.rst	only original
.venv/Lib/site-packages/numpy/ma/__init__.py	only original
.venv/Lib/site-packages/numpy/ma/__init__.pyi	only original
.venv/Lib/site-packages/numpy/ma/__pycache__/__init__.cpython-312.pyc	only original
.venv/Lib/site-packages/numpy/ma/__pycache__/core.cpython-312.pyc	only original
.venv/Lib/site-packages/numpy/ma/__pycache__/extras.cpython-312.pyc	only original
.venv/Lib/site-packages/numpy/ma/__pycache__/mrecords.cpython-312.pyc	only original
.venv/Lib/site-packages/numpy/ma/__pycache__/testutils.cpython-312.pyc	only original
.venv/Lib/site-packages/numpy/ma/core.py	only original
.venv/Lib/site-packages/numpy/ma/core.pyi	only original
.venv/Lib/site-packages/numpy/ma/extras.py	only original
.venv/Lib/site-packages/numpy/ma/extras.pyi	only original
.venv/Lib/site-packages/numpy/ma/mrecords.py	only original
.venv/Lib/site-packages/numpy/ma/mrecords.pyi	only original
.venv/Lib/site-packages/numpy/ma/tests/__init__.py	only original
.venv/Lib/site-packages/numpy/ma/tests/__pycache__/__init__.cpython-312.pyc	only original
.venv/Lib/site-packages/numpy/ma/tests/__pycache__/test_arrayobject.cpython-312.pyc	only original
.venv/Lib/site-packages/numpy/ma/tests/__pycache__/test_core.cpython-312.pyc	only original
.venv/Lib/site-packages/numpy/ma/tests/__pycache__/test_deprecations.cpython-312.pyc	only original
.venv/Lib/site-packages/numpy/ma/tests/__pycache__/test_extras.cpython-312.pyc	only original
.venv/Lib/site-packages/numpy/ma/tests/__pycache__/test_mrecords.cpython-312.pyc	only original
.venv/Lib/site-packages/numpy/ma/tests/__pycache__/test_old_ma.cpython-312.pyc	only original
.venv/Lib/site-packages/numpy/ma/tests/__pycache__/test_regression.cpython-312.pyc	only original
.venv/Lib/site-packages/numpy/ma/tests/__pycache__/test_subclassing.cpython-312.pyc	only original
.venv/Lib/site-packages/numpy/ma/tests/test_arrayobject.py	only original
.venv/Lib/site-packages/numpy/ma/tests/test_core.py	only original
.venv/Lib/site-packages/numpy/ma/tests/test_deprecations.py	only original
.venv/Lib/site-packages/numpy/ma/tests/test_extras.py	only original
.venv/Lib/site-packages/numpy/ma/tests/test_mrecords.py	only original
.venv/Lib/site-packages/numpy/ma/tests/test_old_ma.py	only original
.venv/Lib/site-packages/numpy/ma/tests/test_regression.py	only original
.venv/Lib/site-packages/numpy/ma/tests/test_subclassing.py	only original
.venv/Lib/site-packages/numpy/ma/testutils.py	only original
.venv/Lib/site-packages/numpy/matlib.py	only original
.venv/Lib/site-packages/numpy/matlib.pyi	only original
.venv/Lib/site-packages/numpy/matrixlib/__init__.py	only original
.venv/Lib/site-packages/numpy/matrixlib/__init__.pyi	only original
.venv/Lib/site-packages/numpy/matrixlib/__pycache__/__init__.cpython-312.pyc	only original
.venv/Lib/site-packages/numpy/matrixlib/__pycache__/defmatrix.cpython-312.pyc	only original
.venv/Lib/site-packages/numpy/matrixlib/defmatrix.py	only original
.venv/Lib/site-packages/numpy/matrixlib/defmatrix.pyi	only original
.venv/Lib/site-packages/numpy/matrixlib/tests/__init__.py	only original
.venv/Lib/site-packages/numpy/matrixlib/tests/__pycache__/__init__.cpython-312.pyc	only original
.venv/Lib/site-packages/numpy/matrixlib/tests/__pycache__/test_defmatrix.cpython-312.pyc	only original
.venv/Lib/site-packages/numpy/matrixlib/tests/__pycache__/test_interaction.cpython-312.pyc	only original
.venv/Lib/site-packages/numpy/matrixlib/tests/__pycache__/test_masked_matrix.cpython-312.pyc	only original
.venv/Lib/site-packages/numpy/matrixlib/tests/__pycache__/test_matrix_linalg.cpython-312.pyc	only original
.venv/Lib/site-packages/numpy/matrixlib/tests/__pycache__/test_multiarray.cpython-312.pyc	only original
.venv/Lib/site-packages/numpy/matrixlib/tests/__pycache__/test_numeric.cpython-312.pyc	only original
.venv/Lib/site-packages/numpy/matrixlib/tests/__pycache__/test_regression.cpython-312.pyc	only original
.venv/Lib/site-packages/numpy/matrixlib/tests/test_defmatrix.py	only original
.venv/Lib/site-packages/numpy/matrixlib/tests/test_interaction.py	only original
.venv/Lib/site-packages/numpy/matrixlib/tests/test_masked_matrix.py	only original
.venv/Lib/site-packages/numpy/matrixlib/tests/test_matrix_linalg.py	only original
.venv/Lib/site-packages/numpy/matrixlib/tests/test_multiarray.py	only original
.venv/Lib/site-packages/numpy/matrixlib/tests/test_numeric.py	only original
.venv/Lib/site-packages/numpy/matrixlib/tests/test_regression.py	only original
.venv/Lib/site-packages/numpy/polynomial/__init__.py	only original
.venv/Lib/site-packages/numpy/polynomial/__init__.pyi	only original
.venv/Lib/site-packages/numpy/polynomial/__pycache__/__init__.cpython-312.pyc	only original
.venv/Lib/site-packages/numpy/polynomial/__pycache__/_polybase.cpython-312.pyc	only original
.venv/Lib/site-packages/numpy/polynomial/__pycache__/chebyshev.cpython-312.pyc	only original
.venv/Lib/site-packages/numpy/polynomial/__pycache__/hermite.cpython-312.pyc	only original
.venv/Lib/site-packages/numpy/polynomial/__pycache__/hermite_e.cpython-312.pyc	only original
.venv/Lib/site-packages/numpy/polynomial/__pycache__/laguerre.cpython-312.pyc	only original
.venv/Lib/site-packages/numpy/polynomial/__pycache__/legendre.cpython-312.pyc	only original
.venv/Lib/site-packages/numpy/polynomial/__pycache__/polynomial.cpython-312.pyc	only original
.venv/Lib/site-packages/numpy/polynomial/__pycache__/polyutils.cpython-312.pyc	only original
.venv/Lib/site-packages/numpy/polynomial/_polybase.py	only original
.venv/Lib/site-packages/numpy/polynomial/_polybase.pyi	only original
.venv/Lib/site-packages/numpy/polynomial/_polytypes.pyi	only original
.venv/Lib/site-packages/numpy/polynomial/chebyshev.py	only original
.venv/Lib/site-packages/numpy/polynomial/chebyshev.pyi	only original
.venv/Lib/site-packages/numpy/polynomial/hermite.py	only original
.venv/Lib/site-packages/numpy/polynomial/hermite.pyi	only original
.venv/Lib/site-packages/numpy/polynomial/hermite_e.py	only original
.venv/Lib/site-packages/numpy/polynomial/hermite_e.pyi	only original
.venv/Lib/site-packages/numpy/polynomial/laguerre.py	only original
.venv/Lib/site-packages/numpy/polynomial/laguerre.pyi	only original
.venv/Lib/site-packages/numpy/polynomial/legendre.py	only original
.venv/Lib/site-packages/numpy/polynomial/legendre.pyi	only original
.venv/Lib/site-packages/numpy/polynomial/polynomial.py	only original
.venv/Lib/site-packages/numpy/polynomial/polynomial.pyi	only original
.venv/Lib/site-packages/numpy/polynomial/polyutils.py	only original
.venv/Lib/site-packages/numpy/polynomial/polyutils.pyi	only original
.venv/Lib/site-packages/numpy/polynomial/tests/__init__.py	only original
.venv/Lib/site-packages/numpy/polynomial/tests/__pycache__/__init__.cpython-312.pyc	only original
.venv/Lib/site-packages/numpy/polynomial/tests/__pycache__/test_chebyshev.cpython-312.pyc	only original
.venv/Lib/site-packages/numpy/polynomial/tests/__pycache__/test_classes.cpython-312.pyc	only original
.venv/Lib/site-packages/numpy/polynomial/tests/__pycache__/test_hermite.cpython-312.pyc	only original
.venv/Lib/site-packages/numpy/polynomial/tests/__pycache__/test_hermite_e.cpython-312.pyc	only original
.venv/Lib/site-packages/numpy/polynomial/tests/__pycache__/test_laguerre.cpython-312.pyc	only original
.venv/Lib/site-packages/numpy/polynomial/tests/__pycache__/test_legendre.cpython-312.pyc	only original
.venv/Lib/site-packages/numpy/polynomial/tests/__pycache__/test_polynomial.cpython-312.pyc	only original
.venv/Lib/site-packages/numpy/polynomial/tests/__pycache__/test_polyutils.cpython-312.pyc	only original
.venv/Lib/site-packages/numpy/polynomial/tests/__pycache__/test_printing.cpython-312.pyc	only original
.venv/Lib/site-packages/numpy/polynomial/tests/__pycache__/test_symbol.cpython-312.pyc	only original
.venv/Lib/site-packages/numpy/polynomial/tests/test_chebyshev.py	only original
.venv/Lib/site-packages/numpy/polynomial/tests/test_classes.py	only original
.venv/Lib/site-packages/numpy/polynomial/tests/test_hermite.py	only original
.venv/Lib/site-packages/numpy/polynomial/tests/test_hermite_e.py	only original
.venv/Lib/site-packages/numpy/polynomial/tests/test_laguerre.py	only original
.venv/Lib/site-packages/numpy/polynomial/tests/test_legendre.py	only original
.venv/Lib/site-packages/numpy/polynomial/tests/test_polynomial.py	only original
.venv/Lib/site-packages/numpy/polynomial/tests/test_polyutils.py	only original
.venv/Lib/site-packages/numpy/polynomial/tests/test_printing.py	only original
.venv/Lib/site-packages/numpy/polynomial/tests/test_symbol.py	only original
.venv/Lib/site-packages/numpy/py.typed	only original
.venv/Lib/site-packages/numpy/random/LICENSE.md	only original
.venv/Lib/site-packages/numpy/random/__init__.pxd	only original
.venv/Lib/site-packages/numpy/random/__init__.py	only original
.venv/Lib/site-packages/numpy/random/__init__.pyi	only original
.venv/Lib/site-packages/numpy/random/__pycache__/__init__.cpython-312.pyc	only original
.venv/Lib/site-packages/numpy/random/__pycache__/_pickle.cpython-312.pyc	only original
.venv/Lib/site-packages/numpy/random/_bounded_integers.cp312-win_amd64.lib	only original
.venv/Lib/site-packages/numpy/random/_bounded_integers.cp312-win_amd64.pyd	only original
.venv/Lib/site-packages/numpy/random/_bounded_integers.pxd	only original
.venv/Lib/site-packages/numpy/random/_bounded_integers.pyi	only original
.venv/Lib/site-packages/numpy/random/_common.cp312-win_amd64.lib	only original
.venv/Lib/site-packages/numpy/random/_common.cp312-win_amd64.pyd	only original
.venv/Lib/site-packages/numpy/random/_common.pxd	only original
.venv/Lib/site-packages/numpy/random/_common.pyi	only original
.venv/Lib/site-packages/numpy/random/_examples/cffi/__pycache__/extending.cpython-312.pyc	only original
.venv/Lib/site-packages/numpy/random/_examples/cffi/__pycache__/parse.cpython-312.pyc	only original
.venv/Lib/site-packages/numpy/random/_examples/cffi/extending.py	only original
.venv/Lib/site-packages/numpy/random/_examples/cffi/parse.py	only original
.venv/Lib/site-packages/numpy/random/_examples/cython/extending.pyx	only original
.venv/Lib/site-packages/numpy/random/_examples/cython/extending_distributions.pyx	only original
.venv/Lib/site-packages/numpy/random/_examples/cython/meson.build	only original
.venv/Lib/site-packages/numpy/random/_examples/numba/__pycache__/extending.cpython-312.pyc	only original
.venv/Lib/site-packages/numpy/random/_examples/numba/__pycache__/extending_distributions.cpython-312.pyc	only original
.venv/Lib/site-packages/numpy/random/_examples/numba/extending.py	only original
.venv/Lib/site-packages/numpy/random/_examples/numba/extending_distributions.py	only original
.venv/Lib/site-packages/numpy/random/_generator.cp312-win_amd64.lib	only original
.venv/Lib/site-packages/numpy/random/_generator.cp312-win_amd64.pyd	only original
.venv/Lib/site-packages/numpy/random/_generator.pyi	only original
.venv/Lib/site-packages/numpy/random/_mt19937.cp312-win_amd64.lib	only original
.venv/Lib/site-packages/numpy/random/_mt19937.cp312-win_amd64.pyd	only original
.venv/Lib/site-packages/numpy/random/_mt19937.pyi	only original
.venv/Lib/site-packages/numpy/random/_pcg64.cp312-win_amd64.lib	only original
.venv/Lib/site-packages/numpy/random/_pcg64.cp312-win_amd64.pyd	only original
.venv/Lib/site-packages/numpy/random/_pcg64.pyi	only original
.venv/Lib/site-packages/numpy/random/_philox.cp312-win_amd64.lib	only original
.venv/Lib/site-packages/numpy/random/_philox.cp312-win_amd64.pyd	only original
.venv/Lib/site-packages/numpy/random/_philox.pyi	only original
.venv/Lib/site-packages/numpy/random/_pickle.py	only original
.venv/Lib/site-packages/numpy/random/_pickle.pyi	only original
.venv/Lib/site-packages/numpy/random/_sfc64.cp312-win_amd64.lib	only original
.venv/Lib/site-packages/numpy/random/_sfc64.cp312-win_amd64.pyd	only original
.venv/Lib/site-packages/numpy/random/_sfc64.pyi	only original
.venv/Lib/site-packages/numpy/random/bit_generator.cp312-win_amd64.lib	only original
.venv/Lib/site-packages/numpy/random/bit_generator.cp312-win_amd64.pyd	only original
.venv/Lib/site-packages/numpy/random/bit_generator.pxd	only original
.venv/Lib/site-packages/numpy/random/bit_generator.pyi	only original
.venv/Lib/site-packages/numpy/random/c_distributions.pxd	only original
.venv/Lib/site-packages/numpy/random/lib/npyrandom.lib	only original
.venv/Lib/site-packages/numpy/random/mtrand.cp312-win_amd64.lib	only original
.venv/Lib/site-packages/numpy/random/mtrand.cp312-win_amd64.pyd	only original
.venv/Lib/site-packages/numpy/random/mtrand.pyi	only original
.venv/Lib/site-packages/numpy/random/tests/__init__.py	only original
.venv/Lib/site-packages/numpy/random/tests/__pycache__/__init__.cpython-312.pyc	only original
.venv/Lib/site-packages/numpy/random/tests/__pycache__/test_direct.cpython-312.pyc	only original
.venv/Lib/site-packages/numpy/random/tests/__pycache__/test_extending.cpython-312.pyc	only original
.venv/Lib/site-packages/numpy/random/tests/__pycache__/test_generator_mt19937.cpython-312.pyc	only original
.venv/Lib/site-packages/numpy/random/tests/__pycache__/test_generator_mt19937_regressions.cpython-312.pyc	only original
.venv/Lib/site-packages/numpy/random/tests/__pycache__/test_random.cpython-312.pyc	only original
.venv/Lib/site-packages/numpy/random/tests/__pycache__/test_randomstate.cpython-312.pyc	only original
.venv/Lib/site-packages/numpy/random/tests/__pycache__/test_randomstate_regression.cpython-312.pyc	only original
.venv/Lib/site-packages/numpy/random/tests/__pycache__/test_regression.cpython-312.pyc	only original
.venv/Lib/site-packages/numpy/random/tests/__pycache__/test_seed_sequence.cpython-312.pyc	only original
.venv/Lib/site-packages/numpy/random/tests/__pycache__/test_smoke.cpython-312.pyc	only original
.venv/Lib/site-packages/numpy/random/tests/data/__init__.py	only original
.venv/Lib/site-packages/numpy/random/tests/data/__pycache__/__init__.cpython-312.pyc	only original
.venv/Lib/site-packages/numpy/random/tests/data/generator_pcg64_np121.pkl.gz	only original
.venv/Lib/site-packages/numpy/random/tests/data/generator_pcg64_np126.pkl.gz	only original
.venv/Lib/site-packages/numpy/random/tests/data/mt19937-testset-1.csv	only original
.venv/Lib/site-packages/numpy/random/tests/data/mt19937-testset-2.csv	only original
.venv/Lib/site-packages/numpy/random/tests/data/pcg64-testset-1.csv	only original
.venv/Lib/site-packages/numpy/random/tests/data/pcg64-testset-2.csv	only original
.venv/Lib/site-packages/numpy/random/tests/data/pcg64dxsm-testset-1.csv	only original
.venv/Lib/site-packages/numpy/random/tests/data/pcg64dxsm-testset-2.csv	only original
.venv/Lib/site-packages/numpy/random/tests/data/philox-testset-1.csv	only original
.venv/Lib/site-packages/numpy/random/tests/data/philox-testset-2.csv	only original
.venv/Lib/site-packages/numpy/random/tests/data/sfc64-testset-1.csv	only original
.venv/Lib/site-packages/numpy/random/tests/data/sfc64-testset-2.csv	only original
.venv/Lib/site-packages/numpy/random/tests/data/sfc64_np126.pkl.gz	only original
.venv/Lib/site-packages/numpy/random/tests/test_direct.py	only original
.venv/Lib/site-packages/numpy/random/tests/test_extending.py	only original
.venv/Lib/site-packages/numpy/random/tests/test_generator_mt19937.py	only original
.venv/Lib/site-packages/numpy/random/tests/test_generator_mt19937_regressions.py	only original
.venv/Lib/site-packages/numpy/random/tests/test_random.py	only original
.venv/Lib/site-packages/numpy/random/tests/test_randomstate.py	only original
.venv/Lib/site-packages/numpy/random/tests/test_randomstate_regression.py	only original
.venv/Lib/site-packages/numpy/random/tests/test_regression.py	only original
.venv/Lib/site-packages/numpy/random/tests/test_seed_sequence.py	only original
.venv/Lib/site-packages/numpy/random/tests/test_smoke.py	only original
.venv/Lib/site-packages/numpy/rec/__init__.py	only original
.venv/Lib/site-packages/numpy/rec/__init__.pyi	only original
.venv/Lib/site-packages/numpy/rec/__pycache__/__init__.cpython-312.pyc	only original
.venv/Lib/site-packages/numpy/strings/__init__.py	only original
.venv/Lib/site-packages/numpy/strings/__init__.pyi	only original
.venv/Lib/site-packages/numpy/strings/__pycache__/__init__.cpython-312.pyc	only original
.venv/Lib/site-packages/numpy/testing/__init__.py	only original
.venv/Lib/site-packages/numpy/testing/__init__.pyi	only original
.venv/Lib/site-packages/numpy/testing/__pycache__/__init__.cpython-312.pyc	only original
.venv/Lib/site-packages/numpy/testing/__pycache__/overrides.cpython-312.pyc	only original
.venv/Lib/site-packages/numpy/testing/__pycache__/print_coercion_tables.cpython-312.pyc	only original
.venv/Lib/site-packages/numpy/testing/_private/__init__.py	only original
.venv/Lib/site-packages/numpy/testing/_private/__init__.pyi	only original
.venv/Lib/site-packages/numpy/testing/_private/__pycache__/__init__.cpython-312.pyc	only original
.venv/Lib/site-packages/numpy/testing/_private/__pycache__/extbuild.cpython-312.pyc	only original
.venv/Lib/site-packages/numpy/testing/_private/__pycache__/utils.cpython-312.pyc	only original
.venv/Lib/site-packages/numpy/testing/_private/extbuild.py	only original
.venv/Lib/site-packages/numpy/testing/_private/extbuild.pyi	only original
.venv/Lib/site-packages/numpy/testing/_private/utils.py	only original
.venv/Lib/site-packages/numpy/testing/_private/utils.pyi	only original
.venv/Lib/site-packages/numpy/testing/overrides.py	only original
.venv/Lib/site-packages/numpy/testing/overrides.pyi	only original
.venv/Lib/site-packages/numpy/testing/print_coercion_tables.py	only original
.venv/Lib/site-packages/numpy/testing/print_coercion_tables.pyi	only original
.venv/Lib/site-packages/numpy/testing/tests/__init__.py	only original
.venv/Lib/site-packages/numpy/testing/tests/__pycache__/__init__.cpython-312.pyc	only original
.venv/Lib/site-packages/numpy/testing/tests/__pycache__/test_utils.cpython-312.pyc	only original
.venv/Lib/site-packages/numpy/testing/tests/test_utils.py	only original
.venv/Lib/site-packages/numpy/tests/__init__.py	only original
.venv/Lib/site-packages/numpy/tests/__pycache__/__init__.cpython-312.pyc	only original
.venv/Lib/site-packages/numpy/tests/__pycache__/test__all__.cpython-312.pyc	only original
.venv/Lib/site-packages/numpy/tests/__pycache__/test_configtool.cpython-312.pyc	only original
.venv/Lib/site-packages/numpy/tests/__pycache__/test_ctypeslib.cpython-312.pyc	only original
.venv/Lib/site-packages/numpy/tests/__pycache__/test_lazyloading.cpython-312.pyc	only original
.venv/Lib/site-packages/numpy/tests/__pycache__/test_matlib.cpython-312.pyc	only original
.venv/Lib/site-packages/numpy/tests/__pycache__/test_numpy_config.cpython-312.pyc	only original
.venv/Lib/site-packages/numpy/tests/__pycache__/test_numpy_version.cpython-312.pyc	only original
.venv/Lib/site-packages/numpy/tests/__pycache__/test_public_api.cpython-312.pyc	only original
.venv/Lib/site-packages/numpy/tests/__pycache__/test_reloading.cpython-312.pyc	only original
.venv/Lib/site-packages/numpy/tests/__pycache__/test_scripts.cpython-312.pyc	only original
.venv/Lib/site-packages/numpy/tests/__pycache__/test_warnings.cpython-312.pyc	only original
.venv/Lib/site-packages/numpy/tests/test__all__.py	only original
.venv/Lib/site-packages/numpy/tests/test_configtool.py	only original
.venv/Lib/site-packages/numpy/tests/test_ctypeslib.py	only original
.venv/Lib/site-packages/numpy/tests/test_lazyloading.py	only original
.venv/Lib/site-packages/numpy/tests/test_matlib.py	only original
.venv/Lib/site-packages/numpy/tests/test_numpy_config.py	only original
.venv/Lib/site-packages/numpy/tests/test_numpy_version.py	only original
.venv/Lib/site-packages/numpy/tests/test_public_api.py	only original
.venv/Lib/site-packages/numpy/tests/test_reloading.py	only original
.venv/Lib/site-packages/numpy/tests/test_scripts.py	only original
.venv/Lib/site-packages/numpy/tests/test_warnings.py	only original
.venv/Lib/site-packages/numpy/typing/__init__.py	only original
.venv/Lib/site-packages/numpy/typing/__pycache__/__init__.cpython-312.pyc	only original
.venv/Lib/site-packages/numpy/typing/__pycache__/mypy_plugin.cpython-312.pyc	only original
.venv/Lib/site-packages/numpy/typing/mypy_plugin.py	only original
.venv/Lib/site-packages/numpy/typing/tests/__init__.py	only original
.venv/Lib/site-packages/numpy/typing/tests/__pycache__/__init__.cpython-312.pyc	only original
.venv/Lib/site-packages/numpy/typing/tests/__pycache__/test_isfile.cpython-312.pyc	only original
.venv/Lib/site-packages/numpy/typing/tests/__pycache__/test_runtime.cpython-312.pyc	only original
.venv/Lib/site-packages/numpy/typing/tests/__pycache__/test_typing.cpython-312.pyc	only original
.venv/Lib/site-packages/numpy/typing/tests/data/fail/arithmetic.pyi	only original
.venv/Lib/site-packages/numpy/typing/tests/data/fail/array_constructors.pyi	only original
.venv/Lib/site-packages/numpy/typing/tests/data/fail/array_like.pyi	only original
.venv/Lib/site-packages/numpy/typing/tests/data/fail/array_pad.pyi	only original
.venv/Lib/site-packages/numpy/typing/tests/data/fail/arrayprint.pyi	only original
.venv/Lib/site-packages/numpy/typing/tests/data/fail/arrayterator.pyi	only original
.venv/Lib/site-packages/numpy/typing/tests/data/fail/bitwise_ops.pyi	only original
.venv/Lib/site-packages/numpy/typing/tests/data/fail/char.pyi	only original
.venv/Lib/site-packages/numpy/typing/tests/data/fail/chararray.pyi	only original
.venv/Lib/site-packages/numpy/typing/tests/data/fail/comparisons.pyi	only original
.venv/Lib/site-packages/numpy/typing/tests/data/fail/constants.pyi	only original
.venv/Lib/site-packages/numpy/typing/tests/data/fail/datasource.pyi	only original
.venv/Lib/site-packages/numpy/typing/tests/data/fail/dtype.pyi	only original
.venv/Lib/site-packages/numpy/typing/tests/data/fail/einsumfunc.pyi	only original
.venv/Lib/site-packages/numpy/typing/tests/data/fail/flatiter.pyi	only original
.venv/Lib/site-packages/numpy/typing/tests/data/fail/fromnumeric.pyi	only original
.venv/Lib/site-packages/numpy/typing/tests/data/fail/histograms.pyi	only original
.venv/Lib/site-packages/numpy/typing/tests/data/fail/index_tricks.pyi	only original
.venv/Lib/site-packages/numpy/typing/tests/data/fail/lib_function_base.pyi	only original
.venv/Lib/site-packages/numpy/typing/tests/data/fail/lib_polynomial.pyi	only original
.venv/Lib/site-packages/numpy/typing/tests/data/fail/lib_utils.pyi	only original
.venv/Lib/site-packages/numpy/typing/tests/data/fail/lib_version.pyi	only original
.venv/Lib/site-packages/numpy/typing/tests/data/fail/linalg.pyi	only original
.venv/Lib/site-packages/numpy/typing/tests/data/fail/ma.pyi	only original
.venv/Lib/site-packages/numpy/typing/tests/data/fail/memmap.pyi	only original
.venv/Lib/site-packages/numpy/typing/tests/data/fail/modules.pyi	only original
.venv/Lib/site-packages/numpy/typing/tests/data/fail/multiarray.pyi	only original
.venv/Lib/site-packages/numpy/typing/tests/data/fail/ndarray.pyi	only original
.venv/Lib/site-packages/numpy/typing/tests/data/fail/ndarray_misc.pyi	only original
.venv/Lib/site-packages/numpy/typing/tests/data/fail/nditer.pyi	only original
.venv/Lib/site-packages/numpy/typing/tests/data/fail/nested_sequence.pyi	only original
.venv/Lib/site-packages/numpy/typing/tests/data/fail/npyio.pyi	only original
.venv/Lib/site-packages/numpy/typing/tests/data/fail/numerictypes.pyi	only original
.venv/Lib/site-packages/numpy/typing/tests/data/fail/random.pyi	only original
.venv/Lib/site-packages/numpy/typing/tests/data/fail/rec.pyi	only original
.venv/Lib/site-packages/numpy/typing/tests/data/fail/scalars.pyi	only original
.venv/Lib/site-packages/numpy/typing/tests/data/fail/shape.pyi	only original
.venv/Lib/site-packages/numpy/typing/tests/data/fail/shape_base.pyi	only original
.venv/Lib/site-packages/numpy/typing/tests/data/fail/stride_tricks.pyi	only original
.venv/Lib/site-packages/numpy/typing/tests/data/fail/strings.pyi	only original
.venv/Lib/site-packages/numpy/typing/tests/data/fail/testing.pyi	only original
.venv/Lib/site-packages/numpy/typing/tests/data/fail/twodim_base.pyi	only original
.venv/Lib/site-packages/numpy/typing/tests/data/fail/type_check.pyi	only original
.venv/Lib/site-packages/numpy/typing/tests/data/fail/ufunc_config.pyi	only original
.venv/Lib/site-packages/numpy/typing/tests/data/fail/ufunclike.pyi	only original
.venv/Lib/site-packages/numpy/typing/tests/data/fail/ufuncs.pyi	only original
.venv/Lib/site-packages/numpy/typing/tests/data/fail/warnings_and_errors.pyi	only original
.venv/Lib/site-packages/numpy/typing/tests/data/misc/extended_precision.pyi	only original
.venv/Lib/site-packages/numpy/typing/tests/data/mypy.ini	only original
.venv/Lib/site-packages/numpy/typing/tests/data/pass/__pycache__/arithmetic.cpython-312.pyc	only original
.venv/Lib/site-packages/numpy/typing/tests/data/pass/__pycache__/array_constructors.cpython-312.pyc	only original
.venv/Lib/site-packages/numpy/typing/tests/data/pass/__pycache__/array_like.cpython-312.pyc	only original
.venv/Lib/site-packages/numpy/typing/tests/data/pass/__pycache__/arrayprint.cpython-312.pyc	only original
.venv/Lib/site-packages/numpy/typing/tests/data/pass/__pycache__/arrayterator.cpython-312.pyc	only original
.venv/Lib/site-packages/numpy/typing/tests/data/pass/__pycache__/bitwise_ops.cpython-312.pyc	only original
.venv/Lib/site-packages/numpy/typing/tests/data/pass/__pycache__/comparisons.cpython-312.pyc	only original
.venv/Lib/site-packages/numpy/typing/tests/data/pass/__pycache__/dtype.cpython-312.pyc	only original
.venv/Lib/site-packages/numpy/typing/tests/data/pass/__pycache__/einsumfunc.cpython-312.pyc	only original
.venv/Lib/site-packages/numpy/typing/tests/data/pass/__pycache__/flatiter.cpython-312.pyc	only original
.venv/Lib/site-packages/numpy/typing/tests/data/pass/__pycache__/fromnumeric.cpython-312.pyc	only original
.venv/Lib/site-packages/numpy/typing/tests/data/pass/__pycache__/index_tricks.cpython-312.pyc	only original
.venv/Lib/site-packages/numpy/typing/tests/data/pass/__pycache__/lib_user_array.cpython-312.pyc	only original
.venv/Lib/site-packages/numpy/typing/tests/data/pass/__pycache__/lib_utils.cpython-312.pyc	only original
.venv/Lib/site-packages/numpy/typing/tests/data/pass/__pycache__/lib_version.cpython-312.pyc	only original
.venv/Lib/site-packages/numpy/typing/tests/data/pass/__pycache__/literal.cpython-312.pyc	only original
.venv/Lib/site-packages/numpy/typing/tests/data/pass/__pycache__/ma.cpython-312.pyc	only original
.venv/Lib/site-packages/numpy/typing/tests/data/pass/__pycache__/mod.cpython-312.pyc	only original
.venv/Lib/site-packages/numpy/typing/tests/data/pass/__pycache__/modules.cpython-312.pyc	only original
.venv/Lib/site-packages/numpy/typing/tests/data/pass/__pycache__/multiarray.cpython-312.pyc	only original
.venv/Lib/site-packages/numpy/typing/tests/data/pass/__pycache__/ndarray_conversion.cpython-312.pyc	only original
.venv/Lib/site-packages/numpy/typing/tests/data/pass/__pycache__/ndarray_misc.cpython-312.pyc	only original
.venv/Lib/site-packages/numpy/typing/tests/data/pass/__pycache__/ndarray_shape_manipulation.cpython-312.pyc	only original
.venv/Lib/site-packages/numpy/typing/tests/data/pass/__pycache__/nditer.cpython-312.pyc	only original
.venv/Lib/site-packages/numpy/typing/tests/data/pass/__pycache__/numeric.cpython-312.pyc	only original
.venv/Lib/site-packages/numpy/typing/tests/data/pass/__pycache__/numerictypes.cpython-312.pyc	only original
.venv/Lib/site-packages/numpy/typing/tests/data/pass/__pycache__/random.cpython-312.pyc	only original
.venv/Lib/site-packages/numpy/typing/tests/data/pass/__pycache__/recfunctions.cpython-312.pyc	only original
.venv/Lib/site-packages/numpy/typing/tests/data/pass/__pycache__/scalars.cpython-312.pyc	only original
.venv/Lib/site-packages/numpy/typing/tests/data/pass/__pycache__/shape.cpython-312.pyc	only original
.venv/Lib/site-packages/numpy/typing/tests/data/pass/__pycache__/simple.cpython-312.pyc	only original
.venv/Lib/site-packages/numpy/typing/tests/data/pass/__pycache__/simple_py3.cpython-312.pyc	only original
.venv/Lib/site-packages/numpy/typing/tests/data/pass/__pycache__/ufunc_config.cpython-312.pyc	only original
.venv/Lib/site-packages/numpy/typing/tests/data/pass/__pycache__/ufunclike.cpython-312.pyc	only original
.venv/Lib/site-packages/numpy/typing/tests/data/pass/__pycache__/ufuncs.cpython-312.pyc	only original
.venv/Lib/site-packages/numpy/typing/tests/data/pass/__pycache__/warnings_and_errors.cpython-312.pyc	only original
.venv/Lib/site-packages/numpy/typing/tests/data/pass/arithmetic.py	only original
.venv/Lib/site-packages/numpy/typing/tests/data/pass/array_constructors.py	only original
.venv/Lib/site-packages/numpy/typing/tests/data/pass/array_like.py	only original
.venv/Lib/site-packages/numpy/typing/tests/data/pass/arrayprint.py	only original
.venv/Lib/site-packages/numpy/typing/tests/data/pass/arrayterator.py	only original
.venv/Lib/site-packages/numpy/typing/tests/data/pass/bitwise_ops.py	only original
.venv/Lib/site-packages/numpy/typing/tests/data/pass/comparisons.py	only original
.venv/Lib/site-packages/numpy/typing/tests/data/pass/dtype.py	only original
.venv/Lib/site-packages/numpy/typing/tests/data/pass/einsumfunc.py	only original
.venv/Lib/site-packages/numpy/typing/tests/data/pass/flatiter.py	only original
.venv/Lib/site-packages/numpy/typing/tests/data/pass/fromnumeric.py	only original
.venv/Lib/site-packages/numpy/typing/tests/data/pass/index_tricks.py	only original
.venv/Lib/site-packages/numpy/typing/tests/data/pass/lib_user_array.py	only original
.venv/Lib/site-packages/numpy/typing/tests/data/pass/lib_utils.py	only original
.venv/Lib/site-packages/numpy/typing/tests/data/pass/lib_version.py	only original
.venv/Lib/site-packages/numpy/typing/tests/data/pass/literal.py	only original
.venv/Lib/site-packages/numpy/typing/tests/data/pass/ma.py	only original
.venv/Lib/site-packages/numpy/typing/tests/data/pass/mod.py	only original
.venv/Lib/site-packages/numpy/typing/tests/data/pass/modules.py	only original
.venv/Lib/site-packages/numpy/typing/tests/data/pass/multiarray.py	only original
.venv/Lib/site-packages/numpy/typing/tests/data/pass/ndarray_conversion.py	only original
.venv/Lib/site-packages/numpy/typing/tests/data/pass/ndarray_misc.py	only original
.venv/Lib/site-packages/numpy/typing/tests/data/pass/ndarray_shape_manipulation.py	only original
.venv/Lib/site-packages/numpy/typing/tests/data/pass/nditer.py	only original
.venv/Lib/site-packages/numpy/typing/tests/data/pass/numeric.py	only original
.venv/Lib/site-packages/numpy/typing/tests/data/pass/numerictypes.py	only original
.venv/Lib/site-packages/numpy/typing/tests/data/pass/random.py	only original
.venv/Lib/site-packages/numpy/typing/tests/data/pass/recfunctions.py	only original
.venv/Lib/site-packages/numpy/typing/tests/data/pass/scalars.py	only original
.venv/Lib/site-packages/numpy/typing/tests/data/pass/shape.py	only original
.venv/Lib/site-packages/numpy/typing/tests/data/pass/simple.py	only original
.venv/Lib/site-packages/numpy/typing/tests/data/pass/simple_py3.py	only original
.venv/Lib/site-packages/numpy/typing/tests/data/pass/ufunc_config.py	only original
.venv/Lib/site-packages/numpy/typing/tests/data/pass/ufunclike.py	only original
.venv/Lib/site-packages/numpy/typing/tests/data/pass/ufuncs.py	only original
.venv/Lib/site-packages/numpy/typing/tests/data/pass/warnings_and_errors.py	only original
.venv/Lib/site-packages/numpy/typing/tests/data/reveal/arithmetic.pyi	only original
.venv/Lib/site-packages/numpy/typing/tests/data/reveal/array_api_info.pyi	only original
.venv/Lib/site-packages/numpy/typing/tests/data/reveal/array_constructors.pyi	only original
.venv/Lib/site-packages/numpy/typing/tests/data/reveal/arraypad.pyi	only original
.venv/Lib/site-packages/numpy/typing/tests/data/reveal/arrayprint.pyi	only original
.venv/Lib/site-packages/numpy/typing/tests/data/reveal/arraysetops.pyi	only original
.venv/Lib/site-packages/numpy/typing/tests/data/reveal/arrayterator.pyi	only original
.venv/Lib/site-packages/numpy/typing/tests/data/reveal/bitwise_ops.pyi	only original
.venv/Lib/site-packages/numpy/typing/tests/data/reveal/char.pyi	only original
.venv/Lib/site-packages/numpy/typing/tests/data/reveal/chararray.pyi	only original
.venv/Lib/site-packages/numpy/typing/tests/data/reveal/comparisons.pyi	only original
.venv/Lib/site-packages/numpy/typing/tests/data/reveal/constants.pyi	only original
.venv/Lib/site-packages/numpy/typing/tests/data/reveal/ctypeslib.pyi	only original
.venv/Lib/site-packages/numpy/typing/tests/data/reveal/datasource.pyi	only original
.venv/Lib/site-packages/numpy/typing/tests/data/reveal/dtype.pyi	only original
.venv/Lib/site-packages/numpy/typing/tests/data/reveal/einsumfunc.pyi	only original
.venv/Lib/site-packages/numpy/typing/tests/data/reveal/emath.pyi	only original
.venv/Lib/site-packages/numpy/typing/tests/data/reveal/fft.pyi	only original
.venv/Lib/site-packages/numpy/typing/tests/data/reveal/flatiter.pyi	only original
.venv/Lib/site-packages/numpy/typing/tests/data/reveal/fromnumeric.pyi	only original
.venv/Lib/site-packages/numpy/typing/tests/data/reveal/getlimits.pyi	only original
.venv/Lib/site-packages/numpy/typing/tests/data/reveal/histograms.pyi	only original
.venv/Lib/site-packages/numpy/typing/tests/data/reveal/index_tricks.pyi	only original
.venv/Lib/site-packages/numpy/typing/tests/data/reveal/lib_function_base.pyi	only original
.venv/Lib/site-packages/numpy/typing/tests/data/reveal/lib_polynomial.pyi	only original
.venv/Lib/site-packages/numpy/typing/tests/data/reveal/lib_utils.pyi	only original
.venv/Lib/site-packages/numpy/typing/tests/data/reveal/lib_version.pyi	only original
.venv/Lib/site-packages/numpy/typing/tests/data/reveal/linalg.pyi	only original
.venv/Lib/site-packages/numpy/typing/tests/data/reveal/ma.pyi	only original
.venv/Lib/site-packages/numpy/typing/tests/data/reveal/matrix.pyi	only original
.venv/Lib/site-packages/numpy/typing/tests/data/reveal/memmap.pyi	only original
.venv/Lib/site-packages/numpy/typing/tests/data/reveal/mod.pyi	only original
.venv/Lib/site-packages/numpy/typing/tests/data/reveal/modules.pyi	only original
.venv/Lib/site-packages/numpy/typing/tests/data/reveal/multiarray.pyi	only original
.venv/Lib/site-packages/numpy/typing/tests/data/reveal/nbit_base_example.pyi	only original
.venv/Lib/site-packages/numpy/typing/tests/data/reveal/ndarray_assignability.pyi	only original
.venv/Lib/site-packages/numpy/typing/tests/data/reveal/ndarray_conversion.pyi	only original
.venv/Lib/site-packages/numpy/typing/tests/data/reveal/ndarray_misc.pyi	only original
.venv/Lib/site-packages/numpy/typing/tests/data/reveal/ndarray_shape_manipulation.pyi	only original
.venv/Lib/site-packages/numpy/typing/tests/data/reveal/nditer.pyi	only original
.venv/Lib/site-packages/numpy/typing/tests/data/reveal/nested_sequence.pyi	only original
.venv/Lib/site-packages/numpy/typing/tests/data/reveal/npyio.pyi	only original
.venv/Lib/site-packages/numpy/typing/tests/data/reveal/numeric.pyi	only original
.venv/Lib/site-packages/numpy/typing/tests/data/reveal/numerictypes.pyi	only original
.venv/Lib/site-packages/numpy/typing/tests/data/reveal/polynomial_polybase.pyi	only original
.venv/Lib/site-packages/numpy/typing/tests/data/reveal/polynomial_polyutils.pyi	only original
.venv/Lib/site-packages/numpy/typing/tests/data/reveal/polynomial_series.pyi	only original
.venv/Lib/site-packages/numpy/typing/tests/data/reveal/random.pyi	only original
.venv/Lib/site-packages/numpy/typing/tests/data/reveal/rec.pyi	only original
.venv/Lib/site-packages/numpy/typing/tests/data/reveal/scalars.pyi	only original
.venv/Lib/site-packages/numpy/typing/tests/data/reveal/shape.pyi	only original
.venv/Lib/site-packages/numpy/typing/tests/data/reveal/shape_base.pyi	only original
.venv/Lib/site-packages/numpy/typing/tests/data/reveal/stride_tricks.pyi	only original
.venv/Lib/site-packages/numpy/typing/tests/data/reveal/strings.pyi	only original
.venv/Lib/site-packages/numpy/typing/tests/data/reveal/testing.pyi	only original
.venv/Lib/site-packages/numpy/typing/tests/data/reveal/twodim_base.pyi	only original
.venv/Lib/site-packages/numpy/typing/tests/data/reveal/type_check.pyi	only original
.venv/Lib/site-packages/numpy/typing/tests/data/reveal/ufunc_config.pyi	only original
.venv/Lib/site-packages/numpy/typing/tests/data/reveal/ufunclike.pyi	only original
.venv/Lib/site-packages/numpy/typing/tests/data/reveal/ufuncs.pyi	only original
.venv/Lib/site-packages/numpy/typing/tests/data/reveal/warnings_and_errors.pyi	only original
.venv/Lib/site-packages/numpy/typing/tests/test_isfile.py	only original
.venv/Lib/site-packages/numpy/typing/tests/test_runtime.py	only original
.venv/Lib/site-packages/numpy/typing/tests/test_typing.py	only original
.venv/Lib/site-packages/numpy/version.py	only original
.venv/Lib/site-packages/numpy/version.pyi	only original
.venv/Lib/site-packages/packaging-26.3.dist-info/INSTALLER	only original
.venv/Lib/site-packages/packaging-26.3.dist-info/METADATA	only original
.venv/Lib/site-packages/packaging-26.3.dist-info/RECORD	only original
.venv/Lib/site-packages/packaging-26.3.dist-info/WHEEL	only original
.venv/Lib/site-packages/packaging-26.3.dist-info/licenses/LICENSE	only original
.venv/Lib/site-packages/packaging-26.3.dist-info/licenses/LICENSE.APACHE	only original
.venv/Lib/site-packages/packaging-26.3.dist-info/licenses/LICENSE.BSD	only original
.venv/Lib/site-packages/packaging/__init__.py	only original
.venv/Lib/site-packages/packaging/__pycache__/__init__.cpython-312.pyc	only original
.venv/Lib/site-packages/packaging/__pycache__/_elffile.cpython-312.pyc	only original
.venv/Lib/site-packages/packaging/__pycache__/_manylinux.cpython-312.pyc	only original
.venv/Lib/site-packages/packaging/__pycache__/_musllinux.cpython-312.pyc	only original
.venv/Lib/site-packages/packaging/__pycache__/_parser.cpython-312.pyc	only original
.venv/Lib/site-packages/packaging/__pycache__/_ranges.cpython-312.pyc	only original
.venv/Lib/site-packages/packaging/__pycache__/_structures.cpython-312.pyc	only original
.venv/Lib/site-packages/packaging/__pycache__/_tokenizer.cpython-312.pyc	only original
.venv/Lib/site-packages/packaging/__pycache__/dependency_groups.cpython-312.pyc	only original
.venv/Lib/site-packages/packaging/__pycache__/direct_url.cpython-312.pyc	only original
.venv/Lib/site-packages/packaging/__pycache__/errors.cpython-312.pyc	only original
.venv/Lib/site-packages/packaging/__pycache__/markers.cpython-312.pyc	only original
.venv/Lib/site-packages/packaging/__pycache__/metadata.cpython-312.pyc	only original
.venv/Lib/site-packages/packaging/__pycache__/pylock.cpython-312.pyc	only original
.venv/Lib/site-packages/packaging/__pycache__/ranges.cpython-312.pyc	only original
.venv/Lib/site-packages/packaging/__pycache__/requirements.cpython-312.pyc	only original
.venv/Lib/site-packages/packaging/__pycache__/specifiers.cpython-312.pyc	only original
.venv/Lib/site-packages/packaging/__pycache__/tags.cpython-312.pyc	only original
.venv/Lib/site-packages/packaging/__pycache__/utils.cpython-312.pyc	only original
.venv/Lib/site-packages/packaging/__pycache__/version.cpython-312.pyc	only original
.venv/Lib/site-packages/packaging/_elffile.py	only original
.venv/Lib/site-packages/packaging/_manylinux.py	only original
.venv/Lib/site-packages/packaging/_musllinux.py	only original
.venv/Lib/site-packages/packaging/_parser.py	only original
.venv/Lib/site-packages/packaging/_ranges.py	only original
.venv/Lib/site-packages/packaging/_structures.py	only original
.venv/Lib/site-packages/packaging/_tokenizer.py	only original
.venv/Lib/site-packages/packaging/dependency_groups.py	only original
.venv/Lib/site-packages/packaging/direct_url.py	only original
.venv/Lib/site-packages/packaging/errors.py	only original
.venv/Lib/site-packages/packaging/licenses/__init__.py	only original
.venv/Lib/site-packages/packaging/licenses/__pycache__/__init__.cpython-312.pyc	only original
.venv/Lib/site-packages/packaging/licenses/__pycache__/_spdx.cpython-312.pyc	only original
.venv/Lib/site-packages/packaging/licenses/_spdx.py	only original
.venv/Lib/site-packages/packaging/markers.py	only original
.venv/Lib/site-packages/packaging/metadata.py	only original
.venv/Lib/site-packages/packaging/py.typed	only original
.venv/Lib/site-packages/packaging/pylock.py	only original
.venv/Lib/site-packages/packaging/ranges.py	only original
.venv/Lib/site-packages/packaging/requirements.py	only original
.venv/Lib/site-packages/packaging/specifiers.py	only original
.venv/Lib/site-packages/packaging/tags.py	only original
.venv/Lib/site-packages/packaging/utils.py	only original
.venv/Lib/site-packages/packaging/version.py	only original
.venv/Lib/site-packages/pandas-2.3.2.dist-info/DELVEWHEEL	only original
.venv/Lib/site-packages/pandas-2.3.2.dist-info/INSTALLER	only original
.venv/Lib/site-packages/pandas-2.3.2.dist-info/LICENSE	only original
.venv/Lib/site-packages/pandas-2.3.2.dist-info/METADATA	only original
.venv/Lib/site-packages/pandas-2.3.2.dist-info/RECORD	only original
.venv/Lib/site-packages/pandas-2.3.2.dist-info/REQUESTED	only original
.venv/Lib/site-packages/pandas-2.3.2.dist-info/WHEEL	only original
.venv/Lib/site-packages/pandas-2.3.2.dist-info/entry_points.txt	only original
.venv/Lib/site-packages/pandas.libs/msvcp140-a4c2229bdc2a2a630acdc095b4d86008.dll	only original
.venv/Lib/site-packages/pandas/__init__.py	only original
.venv/Lib/site-packages/pandas/__pycache__/__init__.cpython-312.pyc	only original
.venv/Lib/site-packages/pandas/__pycache__/_typing.cpython-312.pyc	only original
.venv/Lib/site-packages/pandas/__pycache__/_version.cpython-312.pyc	only original
.venv/Lib/site-packages/pandas/__pycache__/_version_meson.cpython-312.pyc	only original
.venv/Lib/site-packages/pandas/__pycache__/conftest.cpython-312.pyc	only original
.venv/Lib/site-packages/pandas/__pycache__/testing.cpython-312.pyc	only original
.venv/Lib/site-packages/pandas/_config/__init__.py	only original
.venv/Lib/site-packages/pandas/_config/__pycache__/__init__.cpython-312.pyc	only original
.venv/Lib/site-packages/pandas/_config/__pycache__/config.cpython-312.pyc	only original
.venv/Lib/site-packages/pandas/_config/__pycache__/dates.cpython-312.pyc	only original
.venv/Lib/site-packages/pandas/_config/__pycache__/display.cpython-312.pyc	only original
.venv/Lib/site-packages/pandas/_config/__pycache__/localization.cpython-312.pyc	only original
.venv/Lib/site-packages/pandas/_config/config.py	only original
.venv/Lib/site-packages/pandas/_config/dates.py	only original
.venv/Lib/site-packages/pandas/_config/display.py	only original
.venv/Lib/site-packages/pandas/_config/localization.py	only original
.venv/Lib/site-packages/pandas/_libs/__init__.py	only original
.venv/Lib/site-packages/pandas/_libs/__pycache__/__init__.cpython-312.pyc	only original
.venv/Lib/site-packages/pandas/_libs/algos.cp312-win_amd64.lib	only original
.venv/Lib/site-packages/pandas/_libs/algos.cp312-win_amd64.pyd	only original
.venv/Lib/site-packages/pandas/_libs/algos.pyi	only original
.venv/Lib/site-packages/pandas/_libs/arrays.cp312-win_amd64.lib	only original
.venv/Lib/site-packages/pandas/_libs/arrays.cp312-win_amd64.pyd	only original
.venv/Lib/site-packages/pandas/_libs/arrays.pyi	only original
.venv/Lib/site-packages/pandas/_libs/byteswap.cp312-win_amd64.lib	only original
.venv/Lib/site-packages/pandas/_libs/byteswap.cp312-win_amd64.pyd	only original
.venv/Lib/site-packages/pandas/_libs/byteswap.pyi	only original
.venv/Lib/site-packages/pandas/_libs/groupby.cp312-win_amd64.lib	only original
.venv/Lib/site-packages/pandas/_libs/groupby.cp312-win_amd64.pyd	only original
.venv/Lib/site-packages/pandas/_libs/groupby.pyi	only original
.venv/Lib/site-packages/pandas/_libs/hashing.cp312-win_amd64.lib	only original
.venv/Lib/site-packages/pandas/_libs/hashing.cp312-win_amd64.pyd	only original
.venv/Lib/site-packages/pandas/_libs/hashing.pyi	only original
.venv/Lib/site-packages/pandas/_libs/hashtable.cp312-win_amd64.lib	only original
.venv/Lib/site-packages/pandas/_libs/hashtable.cp312-win_amd64.pyd	only original
.venv/Lib/site-packages/pandas/_libs/hashtable.pyi	only original
.venv/Lib/site-packages/pandas/_libs/index.cp312-win_amd64.lib	only original
.venv/Lib/site-packages/pandas/_libs/index.cp312-win_amd64.pyd	only original
.venv/Lib/site-packages/pandas/_libs/index.pyi	only original
.venv/Lib/site-packages/pandas/_libs/indexing.cp312-win_amd64.lib	only original
.venv/Lib/site-packages/pandas/_libs/indexing.cp312-win_amd64.pyd	only original
.venv/Lib/site-packages/pandas/_libs/indexing.pyi	only original
.venv/Lib/site-packages/pandas/_libs/internals.cp312-win_amd64.lib	only original
.venv/Lib/site-packages/pandas/_libs/internals.cp312-win_amd64.pyd	only original
.venv/Lib/site-packages/pandas/_libs/internals.pyi	only original
.venv/Lib/site-packages/pandas/_libs/interval.cp312-win_amd64.lib	only original
.venv/Lib/site-packages/pandas/_libs/interval.cp312-win_amd64.pyd	only original
.venv/Lib/site-packages/pandas/_libs/interval.pyi	only original
.venv/Lib/site-packages/pandas/_libs/join.cp312-win_amd64.lib	only original
.venv/Lib/site-packages/pandas/_libs/join.cp312-win_amd64.pyd	only original
.venv/Lib/site-packages/pandas/_libs/join.pyi	only original
.venv/Lib/site-packages/pandas/_libs/json.cp312-win_amd64.lib	only original
.venv/Lib/site-packages/pandas/_libs/json.cp312-win_amd64.pyd	only original
.venv/Lib/site-packages/pandas/_libs/json.pyi	only original
.venv/Lib/site-packages/pandas/_libs/lib.cp312-win_amd64.lib	only original
.venv/Lib/site-packages/pandas/_libs/lib.cp312-win_amd64.pyd	only original
.venv/Lib/site-packages/pandas/_libs/lib.pyi	only original
.venv/Lib/site-packages/pandas/_libs/missing.cp312-win_amd64.lib	only original
.venv/Lib/site-packages/pandas/_libs/missing.cp312-win_amd64.pyd	only original
.venv/Lib/site-packages/pandas/_libs/missing.pyi	only original
.venv/Lib/site-packages/pandas/_libs/ops.cp312-win_amd64.lib	only original
.venv/Lib/site-packages/pandas/_libs/ops.cp312-win_amd64.pyd	only original
.venv/Lib/site-packages/pandas/_libs/ops.pyi	only original
.venv/Lib/site-packages/pandas/_libs/ops_dispatch.cp312-win_amd64.lib	only original
.venv/Lib/site-packages/pandas/_libs/ops_dispatch.cp312-win_amd64.pyd	only original
.venv/Lib/site-packages/pandas/_libs/ops_dispatch.pyi	only original
.venv/Lib/site-packages/pandas/_libs/pandas_datetime.cp312-win_amd64.lib	only original
.venv/Lib/site-packages/pandas/_libs/pandas_datetime.cp312-win_amd64.pyd	only original
.venv/Lib/site-packages/pandas/_libs/pandas_parser.cp312-win_amd64.lib	only original
.venv/Lib/site-packages/pandas/_libs/pandas_parser.cp312-win_amd64.pyd	only original
.venv/Lib/site-packages/pandas/_libs/parsers.cp312-win_amd64.lib	only original
.venv/Lib/site-packages/pandas/_libs/parsers.cp312-win_amd64.pyd	only original
.venv/Lib/site-packages/pandas/_libs/parsers.pyi	only original
.venv/Lib/site-packages/pandas/_libs/properties.cp312-win_amd64.lib	only original
.venv/Lib/site-packages/pandas/_libs/properties.cp312-win_amd64.pyd	only original
.venv/Lib/site-packages/pandas/_libs/properties.pyi	only original
.venv/Lib/site-packages/pandas/_libs/reshape.cp312-win_amd64.lib	only original
.venv/Lib/site-packages/pandas/_libs/reshape.cp312-win_amd64.pyd	only original
.venv/Lib/site-packages/pandas/_libs/reshape.pyi	only original
.venv/Lib/site-packages/pandas/_libs/sas.cp312-win_amd64.lib	only original
.venv/Lib/site-packages/pandas/_libs/sas.cp312-win_amd64.pyd	only original
.venv/Lib/site-packages/pandas/_libs/sas.pyi	only original
.venv/Lib/site-packages/pandas/_libs/sparse.cp312-win_amd64.lib	only original
.venv/Lib/site-packages/pandas/_libs/sparse.cp312-win_amd64.pyd	only original
.venv/Lib/site-packages/pandas/_libs/sparse.pyi	only original
.venv/Lib/site-packages/pandas/_libs/testing.cp312-win_amd64.lib	only original
.venv/Lib/site-packages/pandas/_libs/testing.cp312-win_amd64.pyd	only original
.venv/Lib/site-packages/pandas/_libs/testing.pyi	only original
.venv/Lib/site-packages/pandas/_libs/tslib.cp312-win_amd64.lib	only original
.venv/Lib/site-packages/pandas/_libs/tslib.cp312-win_amd64.pyd	only original
.venv/Lib/site-packages/pandas/_libs/tslib.pyi	only original
.venv/Lib/site-packages/pandas/_libs/tslibs/__init__.py	only original
.venv/Lib/site-packages/pandas/_libs/tslibs/__pycache__/__init__.cpython-312.pyc	only original
.venv/Lib/site-packages/pandas/_libs/tslibs/base.cp312-win_amd64.lib	only original
.venv/Lib/site-packages/pandas/_libs/tslibs/base.cp312-win_amd64.pyd	only original
.venv/Lib/site-packages/pandas/_libs/tslibs/ccalendar.cp312-win_amd64.lib	only original
.venv/Lib/site-packages/pandas/_libs/tslibs/ccalendar.cp312-win_amd64.pyd	only original
.venv/Lib/site-packages/pandas/_libs/tslibs/ccalendar.pyi	only original
.venv/Lib/site-packages/pandas/_libs/tslibs/conversion.cp312-win_amd64.lib	only original
.venv/Lib/site-packages/pandas/_libs/tslibs/conversion.cp312-win_amd64.pyd	only original
.venv/Lib/site-packages/pandas/_libs/tslibs/conversion.pyi	only original
.venv/Lib/site-packages/pandas/_libs/tslibs/dtypes.cp312-win_amd64.lib	only original
.venv/Lib/site-packages/pandas/_libs/tslibs/dtypes.cp312-win_amd64.pyd	only original
.venv/Lib/site-packages/pandas/_libs/tslibs/dtypes.pyi	only original
.venv/Lib/site-packages/pandas/_libs/tslibs/fields.cp312-win_amd64.lib	only original
.venv/Lib/site-packages/pandas/_libs/tslibs/fields.cp312-win_amd64.pyd	only original
.venv/Lib/site-packages/pandas/_libs/tslibs/fields.pyi	only original
.venv/Lib/site-packages/pandas/_libs/tslibs/nattype.cp312-win_amd64.lib	only original
.venv/Lib/site-packages/pandas/_libs/tslibs/nattype.cp312-win_amd64.pyd	only original
.venv/Lib/site-packages/pandas/_libs/tslibs/nattype.pyi	only original
.venv/Lib/site-packages/pandas/_libs/tslibs/np_datetime.cp312-win_amd64.lib	only original
.venv/Lib/site-packages/pandas/_libs/tslibs/np_datetime.cp312-win_amd64.pyd	only original
.venv/Lib/site-packages/pandas/_libs/tslibs/np_datetime.pyi	only original
.venv/Lib/site-packages/pandas/_libs/tslibs/offsets.cp312-win_amd64.lib	only original
.venv/Lib/site-packages/pandas/_libs/tslibs/offsets.cp312-win_amd64.pyd	only original
.venv/Lib/site-packages/pandas/_libs/tslibs/offsets.pyi	only original
.venv/Lib/site-packages/pandas/_libs/tslibs/parsing.cp312-win_amd64.lib	only original
.venv/Lib/site-packages/pandas/_libs/tslibs/parsing.cp312-win_amd64.pyd	only original
.venv/Lib/site-packages/pandas/_libs/tslibs/parsing.pyi	only original
.venv/Lib/site-packages/pandas/_libs/tslibs/period.cp312-win_amd64.lib	only original
.venv/Lib/site-packages/pandas/_libs/tslibs/period.cp312-win_amd64.pyd	only original
.venv/Lib/site-packages/pandas/_libs/tslibs/period.pyi	only original
.venv/Lib/site-packages/pandas/_libs/tslibs/strptime.cp312-win_amd64.lib	only original
.venv/Lib/site-packages/pandas/_libs/tslibs/strptime.cp312-win_amd64.pyd	only original
.venv/Lib/site-packages/pandas/_libs/tslibs/strptime.pyi	only original
.venv/Lib/site-packages/pandas/_libs/tslibs/timedeltas.cp312-win_amd64.lib	only original
.venv/Lib/site-packages/pandas/_libs/tslibs/timedeltas.cp312-win_amd64.pyd	only original
.venv/Lib/site-packages/pandas/_libs/tslibs/timedeltas.pyi	only original
.venv/Lib/site-packages/pandas/_libs/tslibs/timestamps.cp312-win_amd64.lib	only original
.venv/Lib/site-packages/pandas/_libs/tslibs/timestamps.cp312-win_amd64.pyd	only original
.venv/Lib/site-packages/pandas/_libs/tslibs/timestamps.pyi	only original
.venv/Lib/site-packages/pandas/_libs/tslibs/timezones.cp312-win_amd64.lib	only original
.venv/Lib/site-packages/pandas/_libs/tslibs/timezones.cp312-win_amd64.pyd	only original
.venv/Lib/site-packages/pandas/_libs/tslibs/timezones.pyi	only original
.venv/Lib/site-packages/pandas/_libs/tslibs/tzconversion.cp312-win_amd64.lib	only original
.venv/Lib/site-packages/pandas/_libs/tslibs/tzconversion.cp312-win_amd64.pyd	only original
.venv/Lib/site-packages/pandas/_libs/tslibs/tzconversion.pyi	only original
.venv/Lib/site-packages/pandas/_libs/tslibs/vectorized.cp312-win_amd64.lib	only original
.venv/Lib/site-packages/pandas/_libs/tslibs/vectorized.cp312-win_amd64.pyd	only original
.venv/Lib/site-packages/pandas/_libs/tslibs/vectorized.pyi	only original
.venv/Lib/site-packages/pandas/_libs/window/__init__.py	only original
.venv/Lib/site-packages/pandas/_libs/window/__pycache__/__init__.cpython-312.pyc	only original
.venv/Lib/site-packages/pandas/_libs/window/aggregations.cp312-win_amd64.lib	only original
.venv/Lib/site-packages/pandas/_libs/window/aggregations.cp312-win_amd64.pyd	only original
.venv/Lib/site-packages/pandas/_libs/window/aggregations.pyi	only original
.venv/Lib/site-packages/pandas/_libs/window/indexers.cp312-win_amd64.lib	only original
.venv/Lib/site-packages/pandas/_libs/window/indexers.cp312-win_amd64.pyd	only original
.venv/Lib/site-packages/pandas/_libs/window/indexers.pyi	only original
.venv/Lib/site-packages/pandas/_libs/writers.cp312-win_amd64.lib	only original
.venv/Lib/site-packages/pandas/_libs/writers.cp312-win_amd64.pyd	only original
.venv/Lib/site-packages/pandas/_libs/writers.pyi	only original
.venv/Lib/site-packages/pandas/_testing/__init__.py	only original
.venv/Lib/site-packages/pandas/_testing/__pycache__/__init__.cpython-312.pyc	only original
.venv/Lib/site-packages/pandas/_testing/__pycache__/_hypothesis.cpython-312.pyc	only original
.venv/Lib/site-packages/pandas/_testing/__pycache__/_io.cpython-312.pyc	only original
.venv/Lib/site-packages/pandas/_testing/__pycache__/_warnings.cpython-312.pyc	only original
.venv/Lib/site-packages/pandas/_testing/__pycache__/asserters.cpython-312.pyc	only original
.venv/Lib/site-packages/pandas/_testing/__pycache__/compat.cpython-312.pyc	only original
.venv/Lib/site-packages/pandas/_testing/__pycache__/contexts.cpython-312.pyc	only original
.venv/Lib/site-packages/pandas/_testing/_hypothesis.py	only original
.venv/Lib/site-packages/pandas/_testing/_io.py	only original
.venv/Lib/site-packages/pandas/_testing/_warnings.py	only original
.venv/Lib/site-packages/pandas/_testing/asserters.py	only original
.venv/Lib/site-packages/pandas/_testing/compat.py	only original
.venv/Lib/site-packages/pandas/_testing/contexts.py	only original
.venv/Lib/site-packages/pandas/_typing.py	only original
.venv/Lib/site-packages/pandas/_version.py	only original
.venv/Lib/site-packages/pandas/_version_meson.py	only original
.venv/Lib/site-packages/pandas/api/__init__.py	only original
.venv/Lib/site-packages/pandas/api/__pycache__/__init__.cpython-312.pyc	only original
.venv/Lib/site-packages/pandas/api/extensions/__init__.py	only original
.venv/Lib/site-packages/pandas/api/extensions/__pycache__/__init__.cpython-312.pyc	only original
.venv/Lib/site-packages/pandas/api/indexers/__init__.py	only original
.venv/Lib/site-packages/pandas/api/indexers/__pycache__/__init__.cpython-312.pyc	only original
.venv/Lib/site-packages/pandas/api/interchange/__init__.py	only original
.venv/Lib/site-packages/pandas/api/interchange/__pycache__/__init__.cpython-312.pyc	only original
.venv/Lib/site-packages/pandas/api/types/__init__.py	only original
.venv/Lib/site-packages/pandas/api/types/__pycache__/__init__.cpython-312.pyc	only original
.venv/Lib/site-packages/pandas/api/typing/__init__.py	only original
.venv/Lib/site-packages/pandas/api/typing/__pycache__/__init__.cpython-312.pyc	only original
.venv/Lib/site-packages/pandas/arrays/__init__.py	only original
.venv/Lib/site-packages/pandas/arrays/__pycache__/__init__.cpython-312.pyc	only original
.venv/Lib/site-packages/pandas/compat/__init__.py	only original
.venv/Lib/site-packages/pandas/compat/__pycache__/__init__.cpython-312.pyc	only original
.venv/Lib/site-packages/pandas/compat/__pycache__/_constants.cpython-312.pyc	only original
.venv/Lib/site-packages/pandas/compat/__pycache__/_optional.cpython-312.pyc	only original
.venv/Lib/site-packages/pandas/compat/__pycache__/compressors.cpython-312.pyc	only original
.venv/Lib/site-packages/pandas/compat/__pycache__/pickle_compat.cpython-312.pyc	only original
.venv/Lib/site-packages/pandas/compat/__pycache__/pyarrow.cpython-312.pyc	only original
.venv/Lib/site-packages/pandas/compat/_constants.py	only original
.venv/Lib/site-packages/pandas/compat/_optional.py	only original
.venv/Lib/site-packages/pandas/compat/compressors.py	only original
.venv/Lib/site-packages/pandas/compat/numpy/__init__.py	only original
.venv/Lib/site-packages/pandas/compat/numpy/__pycache__/__init__.cpython-312.pyc	only original
.venv/Lib/site-packages/pandas/compat/numpy/__pycache__/function.cpython-312.pyc	only original
.venv/Lib/site-packages/pandas/compat/numpy/function.py	only original
.venv/Lib/site-packages/pandas/compat/pickle_compat.py	only original
.venv/Lib/site-packages/pandas/compat/pyarrow.py	only original
.venv/Lib/site-packages/pandas/conftest.py	only original
.venv/Lib/site-packages/pandas/core/__init__.py	only original
.venv/Lib/site-packages/pandas/core/__pycache__/__init__.cpython-312.pyc	only original
.venv/Lib/site-packages/pandas/core/__pycache__/accessor.cpython-312.pyc	only original
.venv/Lib/site-packages/pandas/core/__pycache__/algorithms.cpython-312.pyc	only original
.venv/Lib/site-packages/pandas/core/__pycache__/api.cpython-312.pyc	only original
.venv/Lib/site-packages/pandas/core/__pycache__/apply.cpython-312.pyc	only original
.venv/Lib/site-packages/pandas/core/__pycache__/arraylike.cpython-312.pyc	only original
.venv/Lib/site-packages/pandas/core/__pycache__/base.cpython-312.pyc	only original
.venv/Lib/site-packages/pandas/core/__pycache__/common.cpython-312.pyc	only original
.venv/Lib/site-packages/pandas/core/__pycache__/config_init.cpython-312.pyc	only original
.venv/Lib/site-packages/pandas/core/__pycache__/construction.cpython-312.pyc	only original
.venv/Lib/site-packages/pandas/core/__pycache__/flags.cpython-312.pyc	only original
.venv/Lib/site-packages/pandas/core/__pycache__/frame.cpython-312.pyc	only original
.venv/Lib/site-packages/pandas/core/__pycache__/generic.cpython-312.pyc	only original
.venv/Lib/site-packages/pandas/core/__pycache__/indexing.cpython-312.pyc	only original
.venv/Lib/site-packages/pandas/core/__pycache__/missing.cpython-312.pyc	only original
.venv/Lib/site-packages/pandas/core/__pycache__/nanops.cpython-312.pyc	only original
.venv/Lib/site-packages/pandas/core/__pycache__/resample.cpython-312.pyc	only original
.venv/Lib/site-packages/pandas/core/__pycache__/roperator.cpython-312.pyc	only original
.venv/Lib/site-packages/pandas/core/__pycache__/sample.cpython-312.pyc	only original
.venv/Lib/site-packages/pandas/core/__pycache__/series.cpython-312.pyc	only original
.venv/Lib/site-packages/pandas/core/__pycache__/shared_docs.cpython-312.pyc	only original
.venv/Lib/site-packages/pandas/core/__pycache__/sorting.cpython-312.pyc	only original
.venv/Lib/site-packages/pandas/core/_numba/__init__.py	only original
.venv/Lib/site-packages/pandas/core/_numba/__pycache__/__init__.cpython-312.pyc	only original
.venv/Lib/site-packages/pandas/core/_numba/__pycache__/executor.cpython-312.pyc	only original
.venv/Lib/site-packages/pandas/core/_numba/__pycache__/extensions.cpython-312.pyc	only original
.venv/Lib/site-packages/pandas/core/_numba/executor.py	only original
.venv/Lib/site-packages/pandas/core/_numba/extensions.py	only original
.venv/Lib/site-packages/pandas/core/_numba/kernels/__init__.py	only original
.venv/Lib/site-packages/pandas/core/_numba/kernels/__pycache__/__init__.cpython-312.pyc	only original
.venv/Lib/site-packages/pandas/core/_numba/kernels/__pycache__/mean_.cpython-312.pyc	only original
.venv/Lib/site-packages/pandas/core/_numba/kernels/__pycache__/min_max_.cpython-312.pyc	only original
.venv/Lib/site-packages/pandas/core/_numba/kernels/__pycache__/shared.cpython-312.pyc	only original
.venv/Lib/site-packages/pandas/core/_numba/kernels/__pycache__/sum_.cpython-312.pyc	only original
.venv/Lib/site-packages/pandas/core/_numba/kernels/__pycache__/var_.cpython-312.pyc	only original
.venv/Lib/site-packages/pandas/core/_numba/kernels/mean_.py	only original
.venv/Lib/site-packages/pandas/core/_numba/kernels/min_max_.py	only original
.venv/Lib/site-packages/pandas/core/_numba/kernels/shared.py	only original
.venv/Lib/site-packages/pandas/core/_numba/kernels/sum_.py	only original
.venv/Lib/site-packages/pandas/core/_numba/kernels/var_.py	only original
.venv/Lib/site-packages/pandas/core/accessor.py	only original
.venv/Lib/site-packages/pandas/core/algorithms.py	only original
.venv/Lib/site-packages/pandas/core/api.py	only original
.venv/Lib/site-packages/pandas/core/apply.py	only original
.venv/Lib/site-packages/pandas/core/array_algos/__init__.py	only original
.venv/Lib/site-packages/pandas/core/array_algos/__pycache__/__init__.cpython-312.pyc	only original
.venv/Lib/site-packages/pandas/core/array_algos/__pycache__/datetimelike_accumulations.cpython-312.pyc	only original
.venv/Lib/site-packages/pandas/core/array_algos/__pycache__/masked_accumulations.cpython-312.pyc	only original
.venv/Lib/site-packages/pandas/core/array_algos/__pycache__/masked_reductions.cpython-312.pyc	only original
.venv/Lib/site-packages/pandas/core/array_algos/__pycache__/putmask.cpython-312.pyc	only original
.venv/Lib/site-packages/pandas/core/array_algos/__pycache__/quantile.cpython-312.pyc	only original
.venv/Lib/site-packages/pandas/core/array_algos/__pycache__/replace.cpython-312.pyc	only original
.venv/Lib/site-packages/pandas/core/array_algos/__pycache__/take.cpython-312.pyc	only original
.venv/Lib/site-packages/pandas/core/array_algos/__pycache__/transforms.cpython-312.pyc	only original
.venv/Lib/site-packages/pandas/core/array_algos/datetimelike_accumulations.py	only original
.venv/Lib/site-packages/pandas/core/array_algos/masked_accumulations.py	only original
.venv/Lib/site-packages/pandas/core/array_algos/masked_reductions.py	only original
.venv/Lib/site-packages/pandas/core/array_algos/putmask.py	only original
.venv/Lib/site-packages/pandas/core/array_algos/quantile.py	only original
.venv/Lib/site-packages/pandas/core/array_algos/replace.py	only original
.venv/Lib/site-packages/pandas/core/array_algos/take.py	only original
.venv/Lib/site-packages/pandas/core/array_algos/transforms.py	only original
.venv/Lib/site-packages/pandas/core/arraylike.py	only original
.venv/Lib/site-packages/pandas/core/arrays/__init__.py	only original
.venv/Lib/site-packages/pandas/core/arrays/__pycache__/__init__.cpython-312.pyc	only original
.venv/Lib/site-packages/pandas/core/arrays/__pycache__/_arrow_string_mixins.cpython-312.pyc	only original
.venv/Lib/site-packages/pandas/core/arrays/__pycache__/_mixins.cpython-312.pyc	only original
.venv/Lib/site-packages/pandas/core/arrays/__pycache__/_ranges.cpython-312.pyc	only original
.venv/Lib/site-packages/pandas/core/arrays/__pycache__/_utils.cpython-312.pyc	only original
.venv/Lib/site-packages/pandas/core/arrays/__pycache__/base.cpython-312.pyc	only original
.venv/Lib/site-packages/pandas/core/arrays/__pycache__/boolean.cpython-312.pyc	only original
.venv/Lib/site-packages/pandas/core/arrays/__pycache__/categorical.cpython-312.pyc	only original
.venv/Lib/site-packages/pandas/core/arrays/__pycache__/datetimelike.cpython-312.pyc	only original
.venv/Lib/site-packages/pandas/core/arrays/__pycache__/datetimes.cpython-312.pyc	only original
.venv/Lib/site-packages/pandas/core/arrays/__pycache__/floating.cpython-312.pyc	only original
.venv/Lib/site-packages/pandas/core/arrays/__pycache__/integer.cpython-312.pyc	only original
.venv/Lib/site-packages/pandas/core/arrays/__pycache__/interval.cpython-312.pyc	only original
.venv/Lib/site-packages/pandas/core/arrays/__pycache__/masked.cpython-312.pyc	only original
.venv/Lib/site-packages/pandas/core/arrays/__pycache__/numeric.cpython-312.pyc	only original
.venv/Lib/site-packages/pandas/core/arrays/__pycache__/numpy_.cpython-312.pyc	only original
.venv/Lib/site-packages/pandas/core/arrays/__pycache__/period.cpython-312.pyc	only original
.venv/Lib/site-packages/pandas/core/arrays/__pycache__/string_.cpython-312.pyc	only original
.venv/Lib/site-packages/pandas/core/arrays/__pycache__/string_arrow.cpython-312.pyc	only original
.venv/Lib/site-packages/pandas/core/arrays/__pycache__/timedeltas.cpython-312.pyc	only original
.venv/Lib/site-packages/pandas/core/arrays/_arrow_string_mixins.py	only original
.venv/Lib/site-packages/pandas/core/arrays/_mixins.py	only original
.venv/Lib/site-packages/pandas/core/arrays/_ranges.py	only original
.venv/Lib/site-packages/pandas/core/arrays/_utils.py	only original
.venv/Lib/site-packages/pandas/core/arrays/arrow/__init__.py	only original
.venv/Lib/site-packages/pandas/core/arrays/arrow/__pycache__/__init__.cpython-312.pyc	only original
.venv/Lib/site-packages/pandas/core/arrays/arrow/__pycache__/_arrow_utils.cpython-312.pyc	only original
.venv/Lib/site-packages/pandas/core/arrays/arrow/__pycache__/accessors.cpython-312.pyc	only original
.venv/Lib/site-packages/pandas/core/arrays/arrow/__pycache__/array.cpython-312.pyc	only original
.venv/Lib/site-packages/pandas/core/arrays/arrow/__pycache__/extension_types.cpython-312.pyc	only original
.venv/Lib/site-packages/pandas/core/arrays/arrow/_arrow_utils.py	only original
.venv/Lib/site-packages/pandas/core/arrays/arrow/accessors.py	only original
.venv/Lib/site-packages/pandas/core/arrays/arrow/array.py	only original
.venv/Lib/site-packages/pandas/core/arrays/arrow/extension_types.py	only original
.venv/Lib/site-packages/pandas/core/arrays/base.py	only original
.venv/Lib/site-packages/pandas/core/arrays/boolean.py	only original
.venv/Lib/site-packages/pandas/core/arrays/categorical.py	only original
.venv/Lib/site-packages/pandas/core/arrays/datetimelike.py	only original
.venv/Lib/site-packages/pandas/core/arrays/datetimes.py	only original
.venv/Lib/site-packages/pandas/core/arrays/floating.py	only original
.venv/Lib/site-packages/pandas/core/arrays/integer.py	only original
.venv/Lib/site-packages/pandas/core/arrays/interval.py	only original
.venv/Lib/site-packages/pandas/core/arrays/masked.py	only original
.venv/Lib/site-packages/pandas/core/arrays/numeric.py	only original
.venv/Lib/site-packages/pandas/core/arrays/numpy_.py	only original
.venv/Lib/site-packages/pandas/core/arrays/period.py	only original
.venv/Lib/site-packages/pandas/core/arrays/sparse/__init__.py	only original
.venv/Lib/site-packages/pandas/core/arrays/sparse/__pycache__/__init__.cpython-312.pyc	only original
.venv/Lib/site-packages/pandas/core/arrays/sparse/__pycache__/accessor.cpython-312.pyc	only original
.venv/Lib/site-packages/pandas/core/arrays/sparse/__pycache__/array.cpython-312.pyc	only original
.venv/Lib/site-packages/pandas/core/arrays/sparse/__pycache__/scipy_sparse.cpython-312.pyc	only original
.venv/Lib/site-packages/pandas/core/arrays/sparse/accessor.py	only original
.venv/Lib/site-packages/pandas/core/arrays/sparse/array.py	only original
.venv/Lib/site-packages/pandas/core/arrays/sparse/scipy_sparse.py	only original
.venv/Lib/site-packages/pandas/core/arrays/string_.py	only original
.venv/Lib/site-packages/pandas/core/arrays/string_arrow.py	only original
.venv/Lib/site-packages/pandas/core/arrays/timedeltas.py	only original
.venv/Lib/site-packages/pandas/core/base.py	only original
.venv/Lib/site-packages/pandas/core/common.py	only original
.venv/Lib/site-packages/pandas/core/computation/__init__.py	only original
.venv/Lib/site-packages/pandas/core/computation/__pycache__/__init__.cpython-312.pyc	only original
.venv/Lib/site-packages/pandas/core/computation/__pycache__/align.cpython-312.pyc	only original
.venv/Lib/site-packages/pandas/core/computation/__pycache__/api.cpython-312.pyc	only original
.venv/Lib/site-packages/pandas/core/computation/__pycache__/check.cpython-312.pyc	only original
.venv/Lib/site-packages/pandas/core/computation/__pycache__/common.cpython-312.pyc	only original
.venv/Lib/site-packages/pandas/core/computation/__pycache__/engines.cpython-312.pyc	only original
.venv/Lib/site-packages/pandas/core/computation/__pycache__/eval.cpython-312.pyc	only original
.venv/Lib/site-packages/pandas/core/computation/__pycache__/expr.cpython-312.pyc	only original
.venv/Lib/site-packages/pandas/core/computation/__pycache__/expressions.cpython-312.pyc	only original
.venv/Lib/site-packages/pandas/core/computation/__pycache__/ops.cpython-312.pyc	only original
.venv/Lib/site-packages/pandas/core/computation/__pycache__/parsing.cpython-312.pyc	only original
.venv/Lib/site-packages/pandas/core/computation/__pycache__/pytables.cpython-312.pyc	only original
.venv/Lib/site-packages/pandas/core/computation/__pycache__/scope.cpython-312.pyc	only original
.venv/Lib/site-packages/pandas/core/computation/align.py	only original
.venv/Lib/site-packages/pandas/core/computation/api.py	only original
.venv/Lib/site-packages/pandas/core/computation/check.py	only original
.venv/Lib/site-packages/pandas/core/computation/common.py	only original
.venv/Lib/site-packages/pandas/core/computation/engines.py	only original
.venv/Lib/site-packages/pandas/core/computation/eval.py	only original
.venv/Lib/site-packages/pandas/core/computation/expr.py	only original
.venv/Lib/site-packages/pandas/core/computation/expressions.py	only original
.venv/Lib/site-packages/pandas/core/computation/ops.py	only original
.venv/Lib/site-packages/pandas/core/computation/parsing.py	only original
.venv/Lib/site-packages/pandas/core/computation/pytables.py	only original
.venv/Lib/site-packages/pandas/core/computation/scope.py	only original
.venv/Lib/site-packages/pandas/core/config_init.py	only original
.venv/Lib/site-packages/pandas/core/construction.py	only original
.venv/Lib/site-packages/pandas/core/dtypes/__init__.py	only original
.venv/Lib/site-packages/pandas/core/dtypes/__pycache__/__init__.cpython-312.pyc	only original
.venv/Lib/site-packages/pandas/core/dtypes/__pycache__/api.cpython-312.pyc	only original
.venv/Lib/site-packages/pandas/core/dtypes/__pycache__/astype.cpython-312.pyc	only original
.venv/Lib/site-packages/pandas/core/dtypes/__pycache__/base.cpython-312.pyc	only original
.venv/Lib/site-packages/pandas/core/dtypes/__pycache__/cast.cpython-312.pyc	only original
.venv/Lib/site-packages/pandas/core/dtypes/__pycache__/common.cpython-312.pyc	only original
.venv/Lib/site-packages/pandas/core/dtypes/__pycache__/concat.cpython-312.pyc	only original
.venv/Lib/site-packages/pandas/core/dtypes/__pycache__/dtypes.cpython-312.pyc	only original
.venv/Lib/site-packages/pandas/core/dtypes/__pycache__/generic.cpython-312.pyc	only original
.venv/Lib/site-packages/pandas/core/dtypes/__pycache__/inference.cpython-312.pyc	only original
.venv/Lib/site-packages/pandas/core/dtypes/__pycache__/missing.cpython-312.pyc	only original
.venv/Lib/site-packages/pandas/core/dtypes/api.py	only original
.venv/Lib/site-packages/pandas/core/dtypes/astype.py	only original
.venv/Lib/site-packages/pandas/core/dtypes/base.py	only original
.venv/Lib/site-packages/pandas/core/dtypes/cast.py	only original
.venv/Lib/site-packages/pandas/core/dtypes/common.py	only original
.venv/Lib/site-packages/pandas/core/dtypes/concat.py	only original
.venv/Lib/site-packages/pandas/core/dtypes/dtypes.py	only original
.venv/Lib/site-packages/pandas/core/dtypes/generic.py	only original
.venv/Lib/site-packages/pandas/core/dtypes/inference.py	only original
.venv/Lib/site-packages/pandas/core/dtypes/missing.py	only original
.venv/Lib/site-packages/pandas/core/flags.py	only original
.venv/Lib/site-packages/pandas/core/frame.py	only original
.venv/Lib/site-packages/pandas/core/generic.py	only original
.venv/Lib/site-packages/pandas/core/groupby/__init__.py	only original
.venv/Lib/site-packages/pandas/core/groupby/__pycache__/__init__.cpython-312.pyc	only original
.venv/Lib/site-packages/pandas/core/groupby/__pycache__/base.cpython-312.pyc	only original
.venv/Lib/site-packages/pandas/core/groupby/__pycache__/categorical.cpython-312.pyc	only original
.venv/Lib/site-packages/pandas/core/groupby/__pycache__/generic.cpython-312.pyc	only original
.venv/Lib/site-packages/pandas/core/groupby/__pycache__/groupby.cpython-312.pyc	only original
.venv/Lib/site-packages/pandas/core/groupby/__pycache__/grouper.cpython-312.pyc	only original
.venv/Lib/site-packages/pandas/core/groupby/__pycache__/indexing.cpython-312.pyc	only original
.venv/Lib/site-packages/pandas/core/groupby/__pycache__/numba_.cpython-312.pyc	only original
.venv/Lib/site-packages/pandas/core/groupby/__pycache__/ops.cpython-312.pyc	only original
.venv/Lib/site-packages/pandas/core/groupby/base.py	only original
.venv/Lib/site-packages/pandas/core/groupby/categorical.py	only original
.venv/Lib/site-packages/pandas/core/groupby/generic.py	only original
.venv/Lib/site-packages/pandas/core/groupby/groupby.py	only original
.venv/Lib/site-packages/pandas/core/groupby/grouper.py	only original
.venv/Lib/site-packages/pandas/core/groupby/indexing.py	only original
.venv/Lib/site-packages/pandas/core/groupby/numba_.py	only original
.venv/Lib/site-packages/pandas/core/groupby/ops.py	only original
.venv/Lib/site-packages/pandas/core/indexers/__init__.py	only original
.venv/Lib/site-packages/pandas/core/indexers/__pycache__/__init__.cpython-312.pyc	only original
.venv/Lib/site-packages/pandas/core/indexers/__pycache__/objects.cpython-312.pyc	only original
.venv/Lib/site-packages/pandas/core/indexers/__pycache__/utils.cpython-312.pyc	only original
.venv/Lib/site-packages/pandas/core/indexers/objects.py	only original
.venv/Lib/site-packages/pandas/core/indexers/utils.py	only original
.venv/Lib/site-packages/pandas/core/indexes/__init__.py	only original
.venv/Lib/site-packages/pandas/core/indexes/__pycache__/__init__.cpython-312.pyc	only original
.venv/Lib/site-packages/pandas/core/indexes/__pycache__/accessors.cpython-312.pyc	only original
.venv/Lib/site-packages/pandas/core/indexes/__pycache__/api.cpython-312.pyc	only original
.venv/Lib/site-packages/pandas/core/indexes/__pycache__/base.cpython-312.pyc	only original
.venv/Lib/site-packages/pandas/core/indexes/__pycache__/category.cpython-312.pyc	only original
.venv/Lib/site-packages/pandas/core/indexes/__pycache__/datetimelike.cpython-312.pyc	only original
.venv/Lib/site-packages/pandas/core/indexes/__pycache__/datetimes.cpython-312.pyc	only original
.venv/Lib/site-packages/pandas/core/indexes/__pycache__/extension.cpython-312.pyc	only original
.venv/Lib/site-packages/pandas/core/indexes/__pycache__/frozen.cpython-312.pyc	only original
.venv/Lib/site-packages/pandas/core/indexes/__pycache__/interval.cpython-312.pyc	only original
.venv/Lib/site-packages/pandas/core/indexes/__pycache__/multi.cpython-312.pyc	only original
.venv/Lib/site-packages/pandas/core/indexes/__pycache__/period.cpython-312.pyc	only original
.venv/Lib/site-packages/pandas/core/indexes/__pycache__/range.cpython-312.pyc	only original
.venv/Lib/site-packages/pandas/core/indexes/__pycache__/timedeltas.cpython-312.pyc	only original
.venv/Lib/site-packages/pandas/core/indexes/accessors.py	only original
.venv/Lib/site-packages/pandas/core/indexes/api.py	only original
.venv/Lib/site-packages/pandas/core/indexes/base.py	only original
.venv/Lib/site-packages/pandas/core/indexes/category.py	only original
.venv/Lib/site-packages/pandas/core/indexes/datetimelike.py	only original
.venv/Lib/site-packages/pandas/core/indexes/datetimes.py	only original
.venv/Lib/site-packages/pandas/core/indexes/extension.py	only original
.venv/Lib/site-packages/pandas/core/indexes/frozen.py	only original
.venv/Lib/site-packages/pandas/core/indexes/interval.py	only original
.venv/Lib/site-packages/pandas/core/indexes/multi.py	only original
.venv/Lib/site-packages/pandas/core/indexes/period.py	only original
.venv/Lib/site-packages/pandas/core/indexes/range.py	only original
.venv/Lib/site-packages/pandas/core/indexes/timedeltas.py	only original
.venv/Lib/site-packages/pandas/core/indexing.py	only original
.venv/Lib/site-packages/pandas/core/interchange/__init__.py	only original
.venv/Lib/site-packages/pandas/core/interchange/__pycache__/__init__.cpython-312.pyc	only original
.venv/Lib/site-packages/pandas/core/interchange/__pycache__/buffer.cpython-312.pyc	only original
.venv/Lib/site-packages/pandas/core/interchange/__pycache__/column.cpython-312.pyc	only original
.venv/Lib/site-packages/pandas/core/interchange/__pycache__/dataframe.cpython-312.pyc	only original
.venv/Lib/site-packages/pandas/core/interchange/__pycache__/dataframe_protocol.cpython-312.pyc	only original
.venv/Lib/site-packages/pandas/core/interchange/__pycache__/from_dataframe.cpython-312.pyc	only original
.venv/Lib/site-packages/pandas/core/interchange/__pycache__/utils.cpython-312.pyc	only original
.venv/Lib/site-packages/pandas/core/interchange/buffer.py	only original
.venv/Lib/site-packages/pandas/core/interchange/column.py	only original
.venv/Lib/site-packages/pandas/core/interchange/dataframe.py	only original
.venv/Lib/site-packages/pandas/core/interchange/dataframe_protocol.py	only original
.venv/Lib/site-packages/pandas/core/interchange/from_dataframe.py	only original
.venv/Lib/site-packages/pandas/core/interchange/utils.py	only original
.venv/Lib/site-packages/pandas/core/internals/__init__.py	only original
.venv/Lib/site-packages/pandas/core/internals/__pycache__/__init__.cpython-312.pyc	only original
.venv/Lib/site-packages/pandas/core/internals/__pycache__/api.cpython-312.pyc	only original
.venv/Lib/site-packages/pandas/core/internals/__pycache__/array_manager.cpython-312.pyc	only original
.venv/Lib/site-packages/pandas/core/internals/__pycache__/base.cpython-312.pyc	only original
.venv/Lib/site-packages/pandas/core/internals/__pycache__/blocks.cpython-312.pyc	only original
.venv/Lib/site-packages/pandas/core/internals/__pycache__/concat.cpython-312.pyc	only original
.venv/Lib/site-packages/pandas/core/internals/__pycache__/construction.cpython-312.pyc	only original
.venv/Lib/site-packages/pandas/core/internals/__pycache__/managers.cpython-312.pyc	only original
.venv/Lib/site-packages/pandas/core/internals/__pycache__/ops.cpython-312.pyc	only original
.venv/Lib/site-packages/pandas/core/internals/api.py	only original
.venv/Lib/site-packages/pandas/core/internals/array_manager.py	only original
.venv/Lib/site-packages/pandas/core/internals/base.py	only original
.venv/Lib/site-packages/pandas/core/internals/blocks.py	only original
.venv/Lib/site-packages/pandas/core/internals/concat.py	only original
.venv/Lib/site-packages/pandas/core/internals/construction.py	only original
.venv/Lib/site-packages/pandas/core/internals/managers.py	only original
.venv/Lib/site-packages/pandas/core/internals/ops.py	only original
.venv/Lib/site-packages/pandas/core/methods/__init__.py	only original
.venv/Lib/site-packages/pandas/core/methods/__pycache__/__init__.cpython-312.pyc	only original
.venv/Lib/site-packages/pandas/core/methods/__pycache__/describe.cpython-312.pyc	only original
.venv/Lib/site-packages/pandas/core/methods/__pycache__/selectn.cpython-312.pyc	only original
.venv/Lib/site-packages/pandas/core/methods/__pycache__/to_dict.cpython-312.pyc	only original
.venv/Lib/site-packages/pandas/core/methods/describe.py	only original
.venv/Lib/site-packages/pandas/core/methods/selectn.py	only original
.venv/Lib/site-packages/pandas/core/methods/to_dict.py	only original
.venv/Lib/site-packages/pandas/core/missing.py	only original
.venv/Lib/site-packages/pandas/core/nanops.py	only original
.venv/Lib/site-packages/pandas/core/ops/__init__.py	only original
.venv/Lib/site-packages/pandas/core/ops/__pycache__/__init__.cpython-312.pyc	only original
.venv/Lib/site-packages/pandas/core/ops/__pycache__/array_ops.cpython-312.pyc	only original
.venv/Lib/site-packages/pandas/core/ops/__pycache__/common.cpython-312.pyc	only original
.venv/Lib/site-packages/pandas/core/ops/__pycache__/dispatch.cpython-312.pyc	only original
.venv/Lib/site-packages/pandas/core/ops/__pycache__/docstrings.cpython-312.pyc	only original
.venv/Lib/site-packages/pandas/core/ops/__pycache__/invalid.cpython-312.pyc	only original
.venv/Lib/site-packages/pandas/core/ops/__pycache__/mask_ops.cpython-312.pyc	only original
.venv/Lib/site-packages/pandas/core/ops/__pycache__/missing.cpython-312.pyc	only original
.venv/Lib/site-packages/pandas/core/ops/array_ops.py	only original
.venv/Lib/site-packages/pandas/core/ops/common.py	only original
.venv/Lib/site-packages/pandas/core/ops/dispatch.py	only original
.venv/Lib/site-packages/pandas/core/ops/docstrings.py	only original
.venv/Lib/site-packages/pandas/core/ops/invalid.py	only original
.venv/Lib/site-packages/pandas/core/ops/mask_ops.py	only original
.venv/Lib/site-packages/pandas/core/ops/missing.py	only original
.venv/Lib/site-packages/pandas/core/resample.py	only original
.venv/Lib/site-packages/pandas/core/reshape/__init__.py	only original
.venv/Lib/site-packages/pandas/core/reshape/__pycache__/__init__.cpython-312.pyc	only original
.venv/Lib/site-packages/pandas/core/reshape/__pycache__/api.cpython-312.pyc	only original
.venv/Lib/site-packages/pandas/core/reshape/__pycache__/concat.cpython-312.pyc	only original
.venv/Lib/site-packages/pandas/core/reshape/__pycache__/encoding.cpython-312.pyc	only original
.venv/Lib/site-packages/pandas/core/reshape/__pycache__/melt.cpython-312.pyc	only original
.venv/Lib/site-packages/pandas/core/reshape/__pycache__/merge.cpython-312.pyc	only original
.venv/Lib/site-packages/pandas/core/reshape/__pycache__/pivot.cpython-312.pyc	only original
.venv/Lib/site-packages/pandas/core/reshape/__pycache__/reshape.cpython-312.pyc	only original
.venv/Lib/site-packages/pandas/core/reshape/__pycache__/tile.cpython-312.pyc	only original
.venv/Lib/site-packages/pandas/core/reshape/__pycache__/util.cpython-312.pyc	only original
.venv/Lib/site-packages/pandas/core/reshape/api.py	only original
.venv/Lib/site-packages/pandas/core/reshape/concat.py	only original
.venv/Lib/site-packages/pandas/core/reshape/encoding.py	only original
.venv/Lib/site-packages/pandas/core/reshape/melt.py	only original
.venv/Lib/site-packages/pandas/core/reshape/merge.py	only original
.venv/Lib/site-packages/pandas/core/reshape/pivot.py	only original
.venv/Lib/site-packages/pandas/core/reshape/reshape.py	only original
.venv/Lib/site-packages/pandas/core/reshape/tile.py	only original
.venv/Lib/site-packages/pandas/core/reshape/util.py	only original
.venv/Lib/site-packages/pandas/core/roperator.py	only original
.venv/Lib/site-packages/pandas/core/sample.py	only original
.venv/Lib/site-packages/pandas/core/series.py	only original
.venv/Lib/site-packages/pandas/core/shared_docs.py	only original
.venv/Lib/site-packages/pandas/core/sorting.py	only original
.venv/Lib/site-packages/pandas/core/sparse/__init__.py	only original
.venv/Lib/site-packages/pandas/core/sparse/__pycache__/__init__.cpython-312.pyc	only original
.venv/Lib/site-packages/pandas/core/sparse/__pycache__/api.cpython-312.pyc	only original
.venv/Lib/site-packages/pandas/core/sparse/api.py	only original
.venv/Lib/site-packages/pandas/core/strings/__init__.py	only original
.venv/Lib/site-packages/pandas/core/strings/__pycache__/__init__.cpython-312.pyc	only original
.venv/Lib/site-packages/pandas/core/strings/__pycache__/accessor.cpython-312.pyc	only original
.venv/Lib/site-packages/pandas/core/strings/__pycache__/base.cpython-312.pyc	only original
.venv/Lib/site-packages/pandas/core/strings/__pycache__/object_array.cpython-312.pyc	only original
.venv/Lib/site-packages/pandas/core/strings/accessor.py	only original
.venv/Lib/site-packages/pandas/core/strings/base.py	only original
.venv/Lib/site-packages/pandas/core/strings/object_array.py	only original
.venv/Lib/site-packages/pandas/core/tools/__init__.py	only original
.venv/Lib/site-packages/pandas/core/tools/__pycache__/__init__.cpython-312.pyc	only original
.venv/Lib/site-packages/pandas/core/tools/__pycache__/datetimes.cpython-312.pyc	only original
.venv/Lib/site-packages/pandas/core/tools/__pycache__/numeric.cpython-312.pyc	only original
.venv/Lib/site-packages/pandas/core/tools/__pycache__/timedeltas.cpython-312.pyc	only original
.venv/Lib/site-packages/pandas/core/tools/__pycache__/times.cpython-312.pyc	only original
.venv/Lib/site-packages/pandas/core/tools/datetimes.py	only original
.venv/Lib/site-packages/pandas/core/tools/numeric.py	only original
.venv/Lib/site-packages/pandas/core/tools/timedeltas.py	only original
.venv/Lib/site-packages/pandas/core/tools/times.py	only original
.venv/Lib/site-packages/pandas/core/util/__init__.py	only original
.venv/Lib/site-packages/pandas/core/util/__pycache__/__init__.cpython-312.pyc	only original
.venv/Lib/site-packages/pandas/core/util/__pycache__/hashing.cpython-312.pyc	only original
.venv/Lib/site-packages/pandas/core/util/__pycache__/numba_.cpython-312.pyc	only original
.venv/Lib/site-packages/pandas/core/util/hashing.py	only original
.venv/Lib/site-packages/pandas/core/util/numba_.py	only original
.venv/Lib/site-packages/pandas/core/window/__init__.py	only original
.venv/Lib/site-packages/pandas/core/window/__pycache__/__init__.cpython-312.pyc	only original
.venv/Lib/site-packages/pandas/core/window/__pycache__/common.cpython-312.pyc	only original
.venv/Lib/site-packages/pandas/core/window/__pycache__/doc.cpython-312.pyc	only original
.venv/Lib/site-packages/pandas/core/window/__pycache__/ewm.cpython-312.pyc	only original
.venv/Lib/site-packages/pandas/core/window/__pycache__/expanding.cpython-312.pyc	only original
.venv/Lib/site-packages/pandas/core/window/__pycache__/numba_.cpython-312.pyc	only original
.venv/Lib/site-packages/pandas/core/window/__pycache__/online.cpython-312.pyc	only original
.venv/Lib/site-packages/pandas/core/window/__pycache__/rolling.cpython-312.pyc	only original
.venv/Lib/site-packages/pandas/core/window/common.py	only original
.venv/Lib/site-packages/pandas/core/window/doc.py	only original
.venv/Lib/site-packages/pandas/core/window/ewm.py	only original
.venv/Lib/site-packages/pandas/core/window/expanding.py	only original
.venv/Lib/site-packages/pandas/core/window/numba_.py	only original
.venv/Lib/site-packages/pandas/core/window/online.py	only original
.venv/Lib/site-packages/pandas/core/window/rolling.py	only original
.venv/Lib/site-packages/pandas/errors/__init__.py	only original
.venv/Lib/site-packages/pandas/errors/__pycache__/__init__.cpython-312.pyc	only original
.venv/Lib/site-packages/pandas/io/__init__.py	only original
.venv/Lib/site-packages/pandas/io/__pycache__/__init__.cpython-312.pyc	only original
.venv/Lib/site-packages/pandas/io/__pycache__/_util.cpython-312.pyc	only original
.venv/Lib/site-packages/pandas/io/__pycache__/api.cpython-312.pyc	only original
.venv/Lib/site-packages/pandas/io/__pycache__/clipboards.cpython-312.pyc	only original
.venv/Lib/site-packages/pandas/io/__pycache__/common.cpython-312.pyc	only original
.venv/Lib/site-packages/pandas/io/__pycache__/feather_format.cpython-312.pyc	only original
.venv/Lib/site-packages/pandas/io/__pycache__/gbq.cpython-312.pyc	only original
.venv/Lib/site-packages/pandas/io/__pycache__/html.cpython-312.pyc	only original
.venv/Lib/site-packages/pandas/io/__pycache__/orc.cpython-312.pyc	only original
.venv/Lib/site-packages/pandas/io/__pycache__/parquet.cpython-312.pyc	only original
.venv/Lib/site-packages/pandas/io/__pycache__/pickle.cpython-312.pyc	only original
.venv/Lib/site-packages/pandas/io/__pycache__/pytables.cpython-312.pyc	only original
.venv/Lib/site-packages/pandas/io/__pycache__/spss.cpython-312.pyc	only original
.venv/Lib/site-packages/pandas/io/__pycache__/sql.cpython-312.pyc	only original
.venv/Lib/site-packages/pandas/io/__pycache__/stata.cpython-312.pyc	only original
.venv/Lib/site-packages/pandas/io/__pycache__/xml.cpython-312.pyc	only original
.venv/Lib/site-packages/pandas/io/_util.py	only original
.venv/Lib/site-packages/pandas/io/api.py	only original
.venv/Lib/site-packages/pandas/io/clipboard/__init__.py	only original
.venv/Lib/site-packages/pandas/io/clipboard/__pycache__/__init__.cpython-312.pyc	only original
.venv/Lib/site-packages/pandas/io/clipboards.py	only original
.venv/Lib/site-packages/pandas/io/common.py	only original
.venv/Lib/site-packages/pandas/io/excel/__init__.py	only original
.venv/Lib/site-packages/pandas/io/excel/__pycache__/__init__.cpython-312.pyc	only original
.venv/Lib/site-packages/pandas/io/excel/__pycache__/_base.cpython-312.pyc	only original
.venv/Lib/site-packages/pandas/io/excel/__pycache__/_calamine.cpython-312.pyc	only original
.venv/Lib/site-packages/pandas/io/excel/__pycache__/_odfreader.cpython-312.pyc	only original
.venv/Lib/site-packages/pandas/io/excel/__pycache__/_odswriter.cpython-312.pyc	only original
.venv/Lib/site-packages/pandas/io/excel/__pycache__/_openpyxl.cpython-312.pyc	only original
.venv/Lib/site-packages/pandas/io/excel/__pycache__/_pyxlsb.cpython-312.pyc	only original
.venv/Lib/site-packages/pandas/io/excel/__pycache__/_util.cpython-312.pyc	only original
.venv/Lib/site-packages/pandas/io/excel/__pycache__/_xlrd.cpython-312.pyc	only original
.venv/Lib/site-packages/pandas/io/excel/__pycache__/_xlsxwriter.cpython-312.pyc	only original
.venv/Lib/site-packages/pandas/io/excel/_base.py	only original
.venv/Lib/site-packages/pandas/io/excel/_calamine.py	only original
.venv/Lib/site-packages/pandas/io/excel/_odfreader.py	only original
.venv/Lib/site-packages/pandas/io/excel/_odswriter.py	only original
.venv/Lib/site-packages/pandas/io/excel/_openpyxl.py	only original
.venv/Lib/site-packages/pandas/io/excel/_pyxlsb.py	only original
.venv/Lib/site-packages/pandas/io/excel/_util.py	only original
.venv/Lib/site-packages/pandas/io/excel/_xlrd.py	only original
.venv/Lib/site-packages/pandas/io/excel/_xlsxwriter.py	only original
.venv/Lib/site-packages/pandas/io/feather_format.py	only original
.venv/Lib/site-packages/pandas/io/formats/__init__.py	only original
.venv/Lib/site-packages/pandas/io/formats/__pycache__/__init__.cpython-312.pyc	only original
.venv/Lib/site-packages/pandas/io/formats/__pycache__/_color_data.cpython-312.pyc	only original
.venv/Lib/site-packages/pandas/io/formats/__pycache__/console.cpython-312.pyc	only original
.venv/Lib/site-packages/pandas/io/formats/__pycache__/css.cpython-312.pyc	only original
.venv/Lib/site-packages/pandas/io/formats/__pycache__/csvs.cpython-312.pyc	only original
.venv/Lib/site-packages/pandas/io/formats/__pycache__/excel.cpython-312.pyc	only original
.venv/Lib/site-packages/pandas/io/formats/__pycache__/format.cpython-312.pyc	only original
.venv/Lib/site-packages/pandas/io/formats/__pycache__/html.cpython-312.pyc	only original
.venv/Lib/site-packages/pandas/io/formats/__pycache__/info.cpython-312.pyc	only original
.venv/Lib/site-packages/pandas/io/formats/__pycache__/printing.cpython-312.pyc	only original
.venv/Lib/site-packages/pandas/io/formats/__pycache__/string.cpython-312.pyc	only original
.venv/Lib/site-packages/pandas/io/formats/__pycache__/style.cpython-312.pyc	only original
.venv/Lib/site-packages/pandas/io/formats/__pycache__/style_render.cpython-312.pyc	only original
.venv/Lib/site-packages/pandas/io/formats/__pycache__/xml.cpython-312.pyc	only original
.venv/Lib/site-packages/pandas/io/formats/_color_data.py	only original
.venv/Lib/site-packages/pandas/io/formats/console.py	only original
.venv/Lib/site-packages/pandas/io/formats/css.py	only original
.venv/Lib/site-packages/pandas/io/formats/csvs.py	only original
.venv/Lib/site-packages/pandas/io/formats/excel.py	only original
.venv/Lib/site-packages/pandas/io/formats/format.py	only original
.venv/Lib/site-packages/pandas/io/formats/html.py	only original
.venv/Lib/site-packages/pandas/io/formats/info.py	only original
.venv/Lib/site-packages/pandas/io/formats/printing.py	only original
.venv/Lib/site-packages/pandas/io/formats/string.py	only original
.venv/Lib/site-packages/pandas/io/formats/style.py	only original
.venv/Lib/site-packages/pandas/io/formats/style_render.py	only original
.venv/Lib/site-packages/pandas/io/formats/templates/html.tpl	only original
.venv/Lib/site-packages/pandas/io/formats/templates/html_style.tpl	only original
.venv/Lib/site-packages/pandas/io/formats/templates/html_table.tpl	only original
.venv/Lib/site-packages/pandas/io/formats/templates/latex.tpl	only original
.venv/Lib/site-packages/pandas/io/formats/templates/latex_longtable.tpl	only original
.venv/Lib/site-packages/pandas/io/formats/templates/latex_table.tpl	only original
.venv/Lib/site-packages/pandas/io/formats/templates/string.tpl	only original
.venv/Lib/site-packages/pandas/io/formats/xml.py	only original
.venv/Lib/site-packages/pandas/io/gbq.py	only original
.venv/Lib/site-packages/pandas/io/html.py	only original
.venv/Lib/site-packages/pandas/io/json/__init__.py	only original
.venv/Lib/site-packages/pandas/io/json/__pycache__/__init__.cpython-312.pyc	only original
.venv/Lib/site-packages/pandas/io/json/__pycache__/_json.cpython-312.pyc	only original
.venv/Lib/site-packages/pandas/io/json/__pycache__/_normalize.cpython-312.pyc	only original
.venv/Lib/site-packages/pandas/io/json/__pycache__/_table_schema.cpython-312.pyc	only original
.venv/Lib/site-packages/pandas/io/json/_json.py	only original
.venv/Lib/site-packages/pandas/io/json/_normalize.py	only original
.venv/Lib/site-packages/pandas/io/json/_table_schema.py	only original
.venv/Lib/site-packages/pandas/io/orc.py	only original
.venv/Lib/site-packages/pandas/io/parquet.py	only original
.venv/Lib/site-packages/pandas/io/parsers/__init__.py	only original
.venv/Lib/site-packages/pandas/io/parsers/__pycache__/__init__.cpython-312.pyc	only original
.venv/Lib/site-packages/pandas/io/parsers/__pycache__/arrow_parser_wrapper.cpython-312.pyc	only original
.venv/Lib/site-packages/pandas/io/parsers/__pycache__/base_parser.cpython-312.pyc	only original
.venv/Lib/site-packages/pandas/io/parsers/__pycache__/c_parser_wrapper.cpython-312.pyc	only original
.venv/Lib/site-packages/pandas/io/parsers/__pycache__/python_parser.cpython-312.pyc	only original
.venv/Lib/site-packages/pandas/io/parsers/__pycache__/readers.cpython-312.pyc	only original
.venv/Lib/site-packages/pandas/io/parsers/arrow_parser_wrapper.py	only original
.venv/Lib/site-packages/pandas/io/parsers/base_parser.py	only original
.venv/Lib/site-packages/pandas/io/parsers/c_parser_wrapper.py	only original
.venv/Lib/site-packages/pandas/io/parsers/python_parser.py	only original
.venv/Lib/site-packages/pandas/io/parsers/readers.py	only original
.venv/Lib/site-packages/pandas/io/pickle.py	only original
.venv/Lib/site-packages/pandas/io/pytables.py	only original
.venv/Lib/site-packages/pandas/io/sas/__init__.py	only original
.venv/Lib/site-packages/pandas/io/sas/__pycache__/__init__.cpython-312.pyc	only original
.venv/Lib/site-packages/pandas/io/sas/__pycache__/sas7bdat.cpython-312.pyc	only original
.venv/Lib/site-packages/pandas/io/sas/__pycache__/sas_constants.cpython-312.pyc	only original
.venv/Lib/site-packages/pandas/io/sas/__pycache__/sas_xport.cpython-312.pyc	only original
.venv/Lib/site-packages/pandas/io/sas/__pycache__/sasreader.cpython-312.pyc	only original
.venv/Lib/site-packages/pandas/io/sas/sas7bdat.py	only original
.venv/Lib/site-packages/pandas/io/sas/sas_constants.py	only original
.venv/Lib/site-packages/pandas/io/sas/sas_xport.py	only original
.venv/Lib/site-packages/pandas/io/sas/sasreader.py	only original
.venv/Lib/site-packages/pandas/io/spss.py	only original
.venv/Lib/site-packages/pandas/io/sql.py	only original
.venv/Lib/site-packages/pandas/io/stata.py	only original
.venv/Lib/site-packages/pandas/io/xml.py	only original
.venv/Lib/site-packages/pandas/plotting/__init__.py	only original
.venv/Lib/site-packages/pandas/plotting/__pycache__/__init__.cpython-312.pyc	only original
.venv/Lib/site-packages/pandas/plotting/__pycache__/_core.cpython-312.pyc	only original
.venv/Lib/site-packages/pandas/plotting/__pycache__/_misc.cpython-312.pyc	only original
.venv/Lib/site-packages/pandas/plotting/_core.py	only original
.venv/Lib/site-packages/pandas/plotting/_matplotlib/__init__.py	only original
.venv/Lib/site-packages/pandas/plotting/_matplotlib/__pycache__/__init__.cpython-312.pyc	only original
.venv/Lib/site-packages/pandas/plotting/_matplotlib/__pycache__/boxplot.cpython-312.pyc	only original
.venv/Lib/site-packages/pandas/plotting/_matplotlib/__pycache__/converter.cpython-312.pyc	only original
.venv/Lib/site-packages/pandas/plotting/_matplotlib/__pycache__/core.cpython-312.pyc	only original
.venv/Lib/site-packages/pandas/plotting/_matplotlib/__pycache__/groupby.cpython-312.pyc	only original
.venv/Lib/site-packages/pandas/plotting/_matplotlib/__pycache__/hist.cpython-312.pyc	only original
.venv/Lib/site-packages/pandas/plotting/_matplotlib/__pycache__/misc.cpython-312.pyc	only original
.venv/Lib/site-packages/pandas/plotting/_matplotlib/__pycache__/style.cpython-312.pyc	only original
.venv/Lib/site-packages/pandas/plotting/_matplotlib/__pycache__/timeseries.cpython-312.pyc	only original
.venv/Lib/site-packages/pandas/plotting/_matplotlib/__pycache__/tools.cpython-312.pyc	only original
.venv/Lib/site-packages/pandas/plotting/_matplotlib/boxplot.py	only original
.venv/Lib/site-packages/pandas/plotting/_matplotlib/converter.py	only original
.venv/Lib/site-packages/pandas/plotting/_matplotlib/core.py	only original
.venv/Lib/site-packages/pandas/plotting/_matplotlib/groupby.py	only original
.venv/Lib/site-packages/pandas/plotting/_matplotlib/hist.py	only original
.venv/Lib/site-packages/pandas/plotting/_matplotlib/misc.py	only original
.venv/Lib/site-packages/pandas/plotting/_matplotlib/style.py	only original
.venv/Lib/site-packages/pandas/plotting/_matplotlib/timeseries.py	only original
.venv/Lib/site-packages/pandas/plotting/_matplotlib/tools.py	only original
.venv/Lib/site-packages/pandas/plotting/_misc.py	only original
.venv/Lib/site-packages/pandas/pyproject.toml	only original
.venv/Lib/site-packages/pandas/testing.py	only original
.venv/Lib/site-packages/pandas/tests/__init__.py	only original
.venv/Lib/site-packages/pandas/tests/__pycache__/__init__.cpython-312.pyc	only original
.venv/Lib/site-packages/pandas/tests/__pycache__/test_aggregation.cpython-312.pyc	only original
.venv/Lib/site-packages/pandas/tests/__pycache__/test_algos.cpython-312.pyc	only original
.venv/Lib/site-packages/pandas/tests/__pycache__/test_common.cpython-312.pyc	only original
.venv/Lib/site-packages/pandas/tests/__pycache__/test_downstream.cpython-312.pyc	only original
.venv/Lib/site-packages/pandas/tests/__pycache__/test_errors.cpython-312.pyc	only original
.venv/Lib/site-packages/pandas/tests/__pycache__/test_expressions.cpython-312.pyc	only original
.venv/Lib/site-packages/pandas/tests/__pycache__/test_flags.cpython-312.pyc	only original
.venv/Lib/site-packages/pandas/tests/__pycache__/test_multilevel.cpython-312.pyc	only original
.venv/Lib/site-packages/pandas/tests/__pycache__/test_nanops.cpython-312.pyc	only original
.venv/Lib/site-packages/pandas/tests/__pycache__/test_optional_dependency.cpython-312.pyc	only original
.venv/Lib/site-packages/pandas/tests/__pycache__/test_register_accessor.cpython-312.pyc	only original
.venv/Lib/site-packages/pandas/tests/__pycache__/test_sorting.cpython-312.pyc	only original
.venv/Lib/site-packages/pandas/tests/__pycache__/test_take.cpython-312.pyc	only original
.venv/Lib/site-packages/pandas/tests/api/__init__.py	only original
.venv/Lib/site-packages/pandas/tests/api/__pycache__/__init__.cpython-312.pyc	only original
.venv/Lib/site-packages/pandas/tests/api/__pycache__/test_api.cpython-312.pyc	only original
.venv/Lib/site-packages/pandas/tests/api/__pycache__/test_types.cpython-312.pyc	only original
.venv/Lib/site-packages/pandas/tests/api/test_api.py	only original
.venv/Lib/site-packages/pandas/tests/api/test_types.py	only original
.venv/Lib/site-packages/pandas/tests/apply/__init__.py	only original
.venv/Lib/site-packages/pandas/tests/apply/__pycache__/__init__.cpython-312.pyc	only original
.venv/Lib/site-packages/pandas/tests/apply/__pycache__/common.cpython-312.pyc	only original
.venv/Lib/site-packages/pandas/tests/apply/__pycache__/test_frame_apply.cpython-312.pyc	only original
.venv/Lib/site-packages/pandas/tests/apply/__pycache__/test_frame_apply_relabeling.cpython-312.pyc	only original
.venv/Lib/site-packages/pandas/tests/apply/__pycache__/test_frame_transform.cpython-312.pyc	only original
.venv/Lib/site-packages/pandas/tests/apply/__pycache__/test_invalid_arg.cpython-312.pyc	only original
.venv/Lib/site-packages/pandas/tests/apply/__pycache__/test_numba.cpython-312.pyc	only original
.venv/Lib/site-packages/pandas/tests/apply/__pycache__/test_series_apply.cpython-312.pyc	only original
.venv/Lib/site-packages/pandas/tests/apply/__pycache__/test_series_apply_relabeling.cpython-312.pyc	only original
.venv/Lib/site-packages/pandas/tests/apply/__pycache__/test_series_transform.cpython-312.pyc	only original
.venv/Lib/site-packages/pandas/tests/apply/__pycache__/test_str.cpython-312.pyc	only original
.venv/Lib/site-packages/pandas/tests/apply/common.py	only original
.venv/Lib/site-packages/pandas/tests/apply/test_frame_apply.py	only original
.venv/Lib/site-packages/pandas/tests/apply/test_frame_apply_relabeling.py	only original
.venv/Lib/site-packages/pandas/tests/apply/test_frame_transform.py	only original
.venv/Lib/site-packages/pandas/tests/apply/test_invalid_arg.py	only original
.venv/Lib/site-packages/pandas/tests/apply/test_numba.py	only original
.venv/Lib/site-packages/pandas/tests/apply/test_series_apply.py	only original
.venv/Lib/site-packages/pandas/tests/apply/test_series_apply_relabeling.py	only original
.venv/Lib/site-packages/pandas/tests/apply/test_series_transform.py	only original
.venv/Lib/site-packages/pandas/tests/apply/test_str.py	only original
.venv/Lib/site-packages/pandas/tests/arithmetic/__init__.py	only original
.venv/Lib/site-packages/pandas/tests/arithmetic/__pycache__/__init__.cpython-312.pyc	only original
.venv/Lib/site-packages/pandas/tests/arithmetic/__pycache__/common.cpython-312.pyc	only original
.venv/Lib/site-packages/pandas/tests/arithmetic/__pycache__/conftest.cpython-312.pyc	only original
.venv/Lib/site-packages/pandas/tests/arithmetic/__pycache__/test_array_ops.cpython-312.pyc	only original
.venv/Lib/site-packages/pandas/tests/arithmetic/__pycache__/test_categorical.cpython-312.pyc	only original
.venv/Lib/site-packages/pandas/tests/arithmetic/__pycache__/test_datetime64.cpython-312.pyc	only original
.venv/Lib/site-packages/pandas/tests/arithmetic/__pycache__/test_interval.cpython-312.pyc	only original
.venv/Lib/site-packages/pandas/tests/arithmetic/__pycache__/test_numeric.cpython-312.pyc	only original
.venv/Lib/site-packages/pandas/tests/arithmetic/__pycache__/test_object.cpython-312.pyc	only original
.venv/Lib/site-packages/pandas/tests/arithmetic/__pycache__/test_period.cpython-312.pyc	only original
.venv/Lib/site-packages/pandas/tests/arithmetic/__pycache__/test_timedelta64.cpython-312.pyc	only original
.venv/Lib/site-packages/pandas/tests/arithmetic/common.py	only original
.venv/Lib/site-packages/pandas/tests/arithmetic/conftest.py	only original
.venv/Lib/site-packages/pandas/tests/arithmetic/test_array_ops.py	only original
.venv/Lib/site-packages/pandas/tests/arithmetic/test_categorical.py	only original
.venv/Lib/site-packages/pandas/tests/arithmetic/test_datetime64.py	only original
.venv/Lib/site-packages/pandas/tests/arithmetic/test_interval.py	only original
.venv/Lib/site-packages/pandas/tests/arithmetic/test_numeric.py	only original
.venv/Lib/site-packages/pandas/tests/arithmetic/test_object.py	only original
.venv/Lib/site-packages/pandas/tests/arithmetic/test_period.py	only original
.venv/Lib/site-packages/pandas/tests/arithmetic/test_timedelta64.py	only original
.venv/Lib/site-packages/pandas/tests/arrays/__init__.py	only original
.venv/Lib/site-packages/pandas/tests/arrays/__pycache__/__init__.cpython-312.pyc	only original
.venv/Lib/site-packages/pandas/tests/arrays/__pycache__/masked_shared.cpython-312.pyc	only original
.venv/Lib/site-packages/pandas/tests/arrays/__pycache__/test_array.cpython-312.pyc	only original
.venv/Lib/site-packages/pandas/tests/arrays/__pycache__/test_datetimelike.cpython-312.pyc	only original
.venv/Lib/site-packages/pandas/tests/arrays/__pycache__/test_datetimes.cpython-312.pyc	only original
.venv/Lib/site-packages/pandas/tests/arrays/__pycache__/test_ndarray_backed.cpython-312.pyc	only original
.venv/Lib/site-packages/pandas/tests/arrays/__pycache__/test_period.cpython-312.pyc	only original
.venv/Lib/site-packages/pandas/tests/arrays/__pycache__/test_timedeltas.cpython-312.pyc	only original
.venv/Lib/site-packages/pandas/tests/arrays/boolean/__init__.py	only original
.venv/Lib/site-packages/pandas/tests/arrays/boolean/__pycache__/__init__.cpython-312.pyc	only original
.venv/Lib/site-packages/pandas/tests/arrays/boolean/__pycache__/test_arithmetic.cpython-312.pyc	only original
.venv/Lib/site-packages/pandas/tests/arrays/boolean/__pycache__/test_astype.cpython-312.pyc	only original
.venv/Lib/site-packages/pandas/tests/arrays/boolean/__pycache__/test_comparison.cpython-312.pyc	only original
.venv/Lib/site-packages/pandas/tests/arrays/boolean/__pycache__/test_construction.cpython-312.pyc	only original
.venv/Lib/site-packages/pandas/tests/arrays/boolean/__pycache__/test_function.cpython-312.pyc	only original
.venv/Lib/site-packages/pandas/tests/arrays/boolean/__pycache__/test_indexing.cpython-312.pyc	only original
.venv/Lib/site-packages/pandas/tests/arrays/boolean/__pycache__/test_logical.cpython-312.pyc	only original
.venv/Lib/site-packages/pandas/tests/arrays/boolean/__pycache__/test_ops.cpython-312.pyc	only original
.venv/Lib/site-packages/pandas/tests/arrays/boolean/__pycache__/test_reduction.cpython-312.pyc	only original
.venv/Lib/site-packages/pandas/tests/arrays/boolean/__pycache__/test_repr.cpython-312.pyc	only original
.venv/Lib/site-packages/pandas/tests/arrays/boolean/test_arithmetic.py	only original
.venv/Lib/site-packages/pandas/tests/arrays/boolean/test_astype.py	only original
.venv/Lib/site-packages/pandas/tests/arrays/boolean/test_comparison.py	only original
.venv/Lib/site-packages/pandas/tests/arrays/boolean/test_construction.py	only original
.venv/Lib/site-packages/pandas/tests/arrays/boolean/test_function.py	only original
.venv/Lib/site-packages/pandas/tests/arrays/boolean/test_indexing.py	only original
.venv/Lib/site-packages/pandas/tests/arrays/boolean/test_logical.py	only original
.venv/Lib/site-packages/pandas/tests/arrays/boolean/test_ops.py	only original
.venv/Lib/site-packages/pandas/tests/arrays/boolean/test_reduction.py	only original
.venv/Lib/site-packages/pandas/tests/arrays/boolean/test_repr.py	only original
.venv/Lib/site-packages/pandas/tests/arrays/categorical/__init__.py	only original
.venv/Lib/site-packages/pandas/tests/arrays/categorical/__pycache__/__init__.cpython-312.pyc	only original
.venv/Lib/site-packages/pandas/tests/arrays/categorical/__pycache__/test_algos.cpython-312.pyc	only original
.venv/Lib/site-packages/pandas/tests/arrays/categorical/__pycache__/test_analytics.cpython-312.pyc	only original
.venv/Lib/site-packages/pandas/tests/arrays/categorical/__pycache__/test_api.cpython-312.pyc	only original
.venv/Lib/site-packages/pandas/tests/arrays/categorical/__pycache__/test_astype.cpython-312.pyc	only original
.venv/Lib/site-packages/pandas/tests/arrays/categorical/__pycache__/test_constructors.cpython-312.pyc	only original
.venv/Lib/site-packages/pandas/tests/arrays/categorical/__pycache__/test_dtypes.cpython-312.pyc	only original
.venv/Lib/site-packages/pandas/tests/arrays/categorical/__pycache__/test_indexing.cpython-312.pyc	only original
.venv/Lib/site-packages/pandas/tests/arrays/categorical/__pycache__/test_map.cpython-312.pyc	only original
.venv/Lib/site-packages/pandas/tests/arrays/categorical/__pycache__/test_missing.cpython-312.pyc	only original
.venv/Lib/site-packages/pandas/tests/arrays/categorical/__pycache__/test_operators.cpython-312.pyc	only original
.venv/Lib/site-packages/pandas/tests/arrays/categorical/__pycache__/test_replace.cpython-312.pyc	only original
.venv/Lib/site-packages/pandas/tests/arrays/categorical/__pycache__/test_repr.cpython-312.pyc	only original
.venv/Lib/site-packages/pandas/tests/arrays/categorical/__pycache__/test_sorting.cpython-312.pyc	only original
.venv/Lib/site-packages/pandas/tests/arrays/categorical/__pycache__/test_subclass.cpython-312.pyc	only original
.venv/Lib/site-packages/pandas/tests/arrays/categorical/__pycache__/test_take.cpython-312.pyc	only original
.venv/Lib/site-packages/pandas/tests/arrays/categorical/__pycache__/test_warnings.cpython-312.pyc	only original
.venv/Lib/site-packages/pandas/tests/arrays/categorical/test_algos.py	only original
.venv/Lib/site-packages/pandas/tests/arrays/categorical/test_analytics.py	only original
.venv/Lib/site-packages/pandas/tests/arrays/categorical/test_api.py	only original
.venv/Lib/site-packages/pandas/tests/arrays/categorical/test_astype.py	only original
.venv/Lib/site-packages/pandas/tests/arrays/categorical/test_constructors.py	only original
.venv/Lib/site-packages/pandas/tests/arrays/categorical/test_dtypes.py	only original
.venv/Lib/site-packages/pandas/tests/arrays/categorical/test_indexing.py	only original
.venv/Lib/site-packages/pandas/tests/arrays/categorical/test_map.py	only original
.venv/Lib/site-packages/pandas/tests/arrays/categorical/test_missing.py	only original
.venv/Lib/site-packages/pandas/tests/arrays/categorical/test_operators.py	only original
.venv/Lib/site-packages/pandas/tests/arrays/categorical/test_replace.py	only original
.venv/Lib/site-packages/pandas/tests/arrays/categorical/test_repr.py	only original
.venv/Lib/site-packages/pandas/tests/arrays/categorical/test_sorting.py	only original
.venv/Lib/site-packages/pandas/tests/arrays/categorical/test_subclass.py	only original
.venv/Lib/site-packages/pandas/tests/arrays/categorical/test_take.py	only original
.venv/Lib/site-packages/pandas/tests/arrays/categorical/test_warnings.py	only original
.venv/Lib/site-packages/pandas/tests/arrays/datetimes/__init__.py	only original
.venv/Lib/site-packages/pandas/tests/arrays/datetimes/__pycache__/__init__.cpython-312.pyc	only original
.venv/Lib/site-packages/pandas/tests/arrays/datetimes/__pycache__/test_constructors.cpython-312.pyc	only original
.venv/Lib/site-packages/pandas/tests/arrays/datetimes/__pycache__/test_cumulative.cpython-312.pyc	only original
.venv/Lib/site-packages/pandas/tests/arrays/datetimes/__pycache__/test_reductions.cpython-312.pyc	only original
.venv/Lib/site-packages/pandas/tests/arrays/datetimes/test_constructors.py	only original
.venv/Lib/site-packages/pandas/tests/arrays/datetimes/test_cumulative.py	only original
.venv/Lib/site-packages/pandas/tests/arrays/datetimes/test_reductions.py	only original
.venv/Lib/site-packages/pandas/tests/arrays/floating/__init__.py	only original
.venv/Lib/site-packages/pandas/tests/arrays/floating/__pycache__/__init__.cpython-312.pyc	only original
.venv/Lib/site-packages/pandas/tests/arrays/floating/__pycache__/conftest.cpython-312.pyc	only original
.venv/Lib/site-packages/pandas/tests/arrays/floating/__pycache__/test_arithmetic.cpython-312.pyc	only original
.venv/Lib/site-packages/pandas/tests/arrays/floating/__pycache__/test_astype.cpython-312.pyc	only original
.venv/Lib/site-packages/pandas/tests/arrays/floating/__pycache__/test_comparison.cpython-312.pyc	only original
.venv/Lib/site-packages/pandas/tests/arrays/floating/__pycache__/test_concat.cpython-312.pyc	only original
.venv/Lib/site-packages/pandas/tests/arrays/floating/__pycache__/test_construction.cpython-312.pyc	only original
.venv/Lib/site-packages/pandas/tests/arrays/floating/__pycache__/test_contains.cpython-312.pyc	only original
.venv/Lib/site-packages/pandas/tests/arrays/floating/__pycache__/test_function.cpython-312.pyc	only original
.venv/Lib/site-packages/pandas/tests/arrays/floating/__pycache__/test_repr.cpython-312.pyc	only original
.venv/Lib/site-packages/pandas/tests/arrays/floating/__pycache__/test_to_numpy.cpython-312.pyc	only original
.venv/Lib/site-packages/pandas/tests/arrays/floating/conftest.py	only original
.venv/Lib/site-packages/pandas/tests/arrays/floating/test_arithmetic.py	only original
.venv/Lib/site-packages/pandas/tests/arrays/floating/test_astype.py	only original
.venv/Lib/site-packages/pandas/tests/arrays/floating/test_comparison.py	only original
.venv/Lib/site-packages/pandas/tests/arrays/floating/test_concat.py	only original
.venv/Lib/site-packages/pandas/tests/arrays/floating/test_construction.py	only original
.venv/Lib/site-packages/pandas/tests/arrays/floating/test_contains.py	only original
.venv/Lib/site-packages/pandas/tests/arrays/floating/test_function.py	only original
.venv/Lib/site-packages/pandas/tests/arrays/floating/test_repr.py	only original
.venv/Lib/site-packages/pandas/tests/arrays/floating/test_to_numpy.py	only original
.venv/Lib/site-packages/pandas/tests/arrays/integer/__init__.py	only original
.venv/Lib/site-packages/pandas/tests/arrays/integer/__pycache__/__init__.cpython-312.pyc	only original
.venv/Lib/site-packages/pandas/tests/arrays/integer/__pycache__/conftest.cpython-312.pyc	only original
.venv/Lib/site-packages/pandas/tests/arrays/integer/__pycache__/test_arithmetic.cpython-312.pyc	only original
.venv/Lib/site-packages/pandas/tests/arrays/integer/__pycache__/test_comparison.cpython-312.pyc	only original
.venv/Lib/site-packages/pandas/tests/arrays/integer/__pycache__/test_concat.cpython-312.pyc	only original
.venv/Lib/site-packages/pandas/tests/arrays/integer/__pycache__/test_construction.cpython-312.pyc	only original
.venv/Lib/site-packages/pandas/tests/arrays/integer/__pycache__/test_dtypes.cpython-312.pyc	only original
.venv/Lib/site-packages/pandas/tests/arrays/integer/__pycache__/test_function.cpython-312.pyc	only original
.venv/Lib/site-packages/pandas/tests/arrays/integer/__pycache__/test_indexing.cpython-312.pyc	only original
.venv/Lib/site-packages/pandas/tests/arrays/integer/__pycache__/test_reduction.cpython-312.pyc	only original
.venv/Lib/site-packages/pandas/tests/arrays/integer/__pycache__/test_repr.cpython-312.pyc	only original
.venv/Lib/site-packages/pandas/tests/arrays/integer/conftest.py	only original
.venv/Lib/site-packages/pandas/tests/arrays/integer/test_arithmetic.py	only original
.venv/Lib/site-packages/pandas/tests/arrays/integer/test_comparison.py	only original
.venv/Lib/site-packages/pandas/tests/arrays/integer/test_concat.py	only original
.venv/Lib/site-packages/pandas/tests/arrays/integer/test_construction.py	only original
.venv/Lib/site-packages/pandas/tests/arrays/integer/test_dtypes.py	only original
.venv/Lib/site-packages/pandas/tests/arrays/integer/test_function.py	only original
.venv/Lib/site-packages/pandas/tests/arrays/integer/test_indexing.py	only original
.venv/Lib/site-packages/pandas/tests/arrays/integer/test_reduction.py	only original
.venv/Lib/site-packages/pandas/tests/arrays/integer/test_repr.py	only original
.venv/Lib/site-packages/pandas/tests/arrays/interval/__init__.py	only original
.venv/Lib/site-packages/pandas/tests/arrays/interval/__pycache__/__init__.cpython-312.pyc	only original
.venv/Lib/site-packages/pandas/tests/arrays/interval/__pycache__/test_astype.cpython-312.pyc	only original
.venv/Lib/site-packages/pandas/tests/arrays/interval/__pycache__/test_formats.cpython-312.pyc	only original
.venv/Lib/site-packages/pandas/tests/arrays/interval/__pycache__/test_interval.cpython-312.pyc	only original
.venv/Lib/site-packages/pandas/tests/arrays/interval/__pycache__/test_interval_pyarrow.cpython-312.pyc	only original
.venv/Lib/site-packages/pandas/tests/arrays/interval/__pycache__/test_overlaps.cpython-312.pyc	only original
.venv/Lib/site-packages/pandas/tests/arrays/interval/test_astype.py	only original
.venv/Lib/site-packages/pandas/tests/arrays/interval/test_formats.py	only original
.venv/Lib/site-packages/pandas/tests/arrays/interval/test_interval.py	only original
.venv/Lib/site-packages/pandas/tests/arrays/interval/test_interval_pyarrow.py	only original
.venv/Lib/site-packages/pandas/tests/arrays/interval/test_overlaps.py	only original
.venv/Lib/site-packages/pandas/tests/arrays/masked/__init__.py	only original
.venv/Lib/site-packages/pandas/tests/arrays/masked/__pycache__/__init__.cpython-312.pyc	only original
.venv/Lib/site-packages/pandas/tests/arrays/masked/__pycache__/test_arithmetic.cpython-312.pyc	only original
.venv/Lib/site-packages/pandas/tests/arrays/masked/__pycache__/test_arrow_compat.cpython-312.pyc	only original
.venv/Lib/site-packages/pandas/tests/arrays/masked/__pycache__/test_function.cpython-312.pyc	only original
.venv/Lib/site-packages/pandas/tests/arrays/masked/__pycache__/test_indexing.cpython-312.pyc	only original
.venv/Lib/site-packages/pandas/tests/arrays/masked/test_arithmetic.py	only original
.venv/Lib/site-packages/pandas/tests/arrays/masked/test_arrow_compat.py	only original
.venv/Lib/site-packages/pandas/tests/arrays/masked/test_function.py	only original
.venv/Lib/site-packages/pandas/tests/arrays/masked/test_indexing.py	only original
.venv/Lib/site-packages/pandas/tests/arrays/masked_shared.py	only original
.venv/Lib/site-packages/pandas/tests/arrays/numpy_/__init__.py	only original
.venv/Lib/site-packages/pandas/tests/arrays/numpy_/__pycache__/__init__.cpython-312.pyc	only original
.venv/Lib/site-packages/pandas/tests/arrays/numpy_/__pycache__/test_indexing.cpython-312.pyc	only original
.venv/Lib/site-packages/pandas/tests/arrays/numpy_/__pycache__/test_numpy.cpython-312.pyc	only original
.venv/Lib/site-packages/pandas/tests/arrays/numpy_/test_indexing.py	only original
.venv/Lib/site-packages/pandas/tests/arrays/numpy_/test_numpy.py	only original
.venv/Lib/site-packages/pandas/tests/arrays/period/__init__.py	only original
.venv/Lib/site-packages/pandas/tests/arrays/period/__pycache__/__init__.cpython-312.pyc	only original
.venv/Lib/site-packages/pandas/tests/arrays/period/__pycache__/test_arrow_compat.cpython-312.pyc	only original
.venv/Lib/site-packages/pandas/tests/arrays/period/__pycache__/test_astype.cpython-312.pyc	only original
.venv/Lib/site-packages/pandas/tests/arrays/period/__pycache__/test_constructors.cpython-312.pyc	only original
.venv/Lib/site-packages/pandas/tests/arrays/period/__pycache__/test_reductions.cpython-312.pyc	only original
.venv/Lib/site-packages/pandas/tests/arrays/period/test_arrow_compat.py	only original
.venv/Lib/site-packages/pandas/tests/arrays/period/test_astype.py	only original
.venv/Lib/site-packages/pandas/tests/arrays/period/test_constructors.py	only original
.venv/Lib/site-packages/pandas/tests/arrays/period/test_reductions.py	only original
.venv/Lib/site-packages/pandas/tests/arrays/sparse/__init__.py	only original
.venv/Lib/site-packages/pandas/tests/arrays/sparse/__pycache__/__init__.cpython-312.pyc	only original
.venv/Lib/site-packages/pandas/tests/arrays/sparse/__pycache__/test_accessor.cpython-312.pyc	only original
.venv/Lib/site-packages/pandas/tests/arrays/sparse/__pycache__/test_arithmetics.cpython-312.pyc	only original
.venv/Lib/site-packages/pandas/tests/arrays/sparse/__pycache__/test_array.cpython-312.pyc	only original
.venv/Lib/site-packages/pandas/tests/arrays/sparse/__pycache__/test_astype.cpython-312.pyc	only original
.venv/Lib/site-packages/pandas/tests/arrays/sparse/__pycache__/test_combine_concat.cpython-312.pyc	only original
.venv/Lib/site-packages/pandas/tests/arrays/sparse/__pycache__/test_constructors.cpython-312.pyc	only original
.venv/Lib/site-packages/pandas/tests/arrays/sparse/__pycache__/test_dtype.cpython-312.pyc	only original
.venv/Lib/site-packages/pandas/tests/arrays/sparse/__pycache__/test_indexing.cpython-312.pyc	only original
.venv/Lib/site-packages/pandas/tests/arrays/sparse/__pycache__/test_libsparse.cpython-312.pyc	only original
.venv/Lib/site-packages/pandas/tests/arrays/sparse/__pycache__/test_reductions.cpython-312.pyc	only original
.venv/Lib/site-packages/pandas/tests/arrays/sparse/__pycache__/test_unary.cpython-312.pyc	only original
.venv/Lib/site-packages/pandas/tests/arrays/sparse/test_accessor.py	only original
.venv/Lib/site-packages/pandas/tests/arrays/sparse/test_arithmetics.py	only original
.venv/Lib/site-packages/pandas/tests/arrays/sparse/test_array.py	only original
.venv/Lib/site-packages/pandas/tests/arrays/sparse/test_astype.py	only original
.venv/Lib/site-packages/pandas/tests/arrays/sparse/test_combine_concat.py	only original
.venv/Lib/site-packages/pandas/tests/arrays/sparse/test_constructors.py	only original
.venv/Lib/site-packages/pandas/tests/arrays/sparse/test_dtype.py	only original
.venv/Lib/site-packages/pandas/tests/arrays/sparse/test_indexing.py	only original
.venv/Lib/site-packages/pandas/tests/arrays/sparse/test_libsparse.py	only original
.venv/Lib/site-packages/pandas/tests/arrays/sparse/test_reductions.py	only original
.venv/Lib/site-packages/pandas/tests/arrays/sparse/test_unary.py	only original
.venv/Lib/site-packages/pandas/tests/arrays/string_/__init__.py	only original
.venv/Lib/site-packages/pandas/tests/arrays/string_/__pycache__/__init__.cpython-312.pyc	only original
.venv/Lib/site-packages/pandas/tests/arrays/string_/__pycache__/test_concat.cpython-312.pyc	only original
.venv/Lib/site-packages/pandas/tests/arrays/string_/__pycache__/test_string.cpython-312.pyc	only original
.venv/Lib/site-packages/pandas/tests/arrays/string_/__pycache__/test_string_arrow.cpython-312.pyc	only original
.venv/Lib/site-packages/pandas/tests/arrays/string_/test_concat.py	only original
.venv/Lib/site-packages/pandas/tests/arrays/string_/test_string.py	only original
.venv/Lib/site-packages/pandas/tests/arrays/string_/test_string_arrow.py	only original
.venv/Lib/site-packages/pandas/tests/arrays/test_array.py	only original
.venv/Lib/site-packages/pandas/tests/arrays/test_datetimelike.py	only original
.venv/Lib/site-packages/pandas/tests/arrays/test_datetimes.py	only original
.venv/Lib/site-packages/pandas/tests/arrays/test_ndarray_backed.py	only original
.venv/Lib/site-packages/pandas/tests/arrays/test_period.py	only original
.venv/Lib/site-packages/pandas/tests/arrays/test_timedeltas.py	only original
.venv/Lib/site-packages/pandas/tests/arrays/timedeltas/__init__.py	only original
.venv/Lib/site-packages/pandas/tests/arrays/timedeltas/__pycache__/__init__.cpython-312.pyc	only original
.venv/Lib/site-packages/pandas/tests/arrays/timedeltas/__pycache__/test_constructors.cpython-312.pyc	only original
.venv/Lib/site-packages/pandas/tests/arrays/timedeltas/__pycache__/test_cumulative.cpython-312.pyc	only original
.venv/Lib/site-packages/pandas/tests/arrays/timedeltas/__pycache__/test_reductions.cpython-312.pyc	only original
.venv/Lib/site-packages/pandas/tests/arrays/timedeltas/test_constructors.py	only original
.venv/Lib/site-packages/pandas/tests/arrays/timedeltas/test_cumulative.py	only original
.venv/Lib/site-packages/pandas/tests/arrays/timedeltas/test_reductions.py	only original
.venv/Lib/site-packages/pandas/tests/base/__init__.py	only original
.venv/Lib/site-packages/pandas/tests/base/__pycache__/__init__.cpython-312.pyc	only original
.venv/Lib/site-packages/pandas/tests/base/__pycache__/common.cpython-312.pyc	only original
.venv/Lib/site-packages/pandas/tests/base/__pycache__/test_constructors.cpython-312.pyc	only original
.venv/Lib/site-packages/pandas/tests/base/__pycache__/test_conversion.cpython-312.pyc	only original
.venv/Lib/site-packages/pandas/tests/base/__pycache__/test_fillna.cpython-312.pyc	only original
.venv/Lib/site-packages/pandas/tests/base/__pycache__/test_misc.cpython-312.pyc	only original
.venv/Lib/site-packages/pandas/tests/base/__pycache__/test_transpose.cpython-312.pyc	only original
.venv/Lib/site-packages/pandas/tests/base/__pycache__/test_unique.cpython-312.pyc	only original
.venv/Lib/site-packages/pandas/tests/base/__pycache__/test_value_counts.cpython-312.pyc	only original
.venv/Lib/site-packages/pandas/tests/base/common.py	only original
.venv/Lib/site-packages/pandas/tests/base/test_constructors.py	only original
.venv/Lib/site-packages/pandas/tests/base/test_conversion.py	only original
.venv/Lib/site-packages/pandas/tests/base/test_fillna.py	only original
.venv/Lib/site-packages/pandas/tests/base/test_misc.py	only original
.venv/Lib/site-packages/pandas/tests/base/test_transpose.py	only original
.venv/Lib/site-packages/pandas/tests/base/test_unique.py	only original
.venv/Lib/site-packages/pandas/tests/base/test_value_counts.py	only original
.venv/Lib/site-packages/pandas/tests/computation/__init__.py	only original
.venv/Lib/site-packages/pandas/tests/computation/__pycache__/__init__.cpython-312.pyc	only original
.venv/Lib/site-packages/pandas/tests/computation/__pycache__/test_compat.cpython-312.pyc	only original
.venv/Lib/site-packages/pandas/tests/computation/__pycache__/test_eval.cpython-312.pyc	only original
.venv/Lib/site-packages/pandas/tests/computation/test_compat.py	only original
.venv/Lib/site-packages/pandas/tests/computation/test_eval.py	only original
.venv/Lib/site-packages/pandas/tests/config/__init__.py	only original
.venv/Lib/site-packages/pandas/tests/config/__pycache__/__init__.cpython-312.pyc	only original
.venv/Lib/site-packages/pandas/tests/config/__pycache__/test_config.cpython-312.pyc	only original
.venv/Lib/site-packages/pandas/tests/config/__pycache__/test_localization.cpython-312.pyc	only original
.venv/Lib/site-packages/pandas/tests/config/test_config.py	only original
.venv/Lib/site-packages/pandas/tests/config/test_localization.py	only original
.venv/Lib/site-packages/pandas/tests/construction/__init__.py	only original
.venv/Lib/site-packages/pandas/tests/construction/__pycache__/__init__.cpython-312.pyc	only original
.venv/Lib/site-packages/pandas/tests/construction/__pycache__/test_extract_array.cpython-312.pyc	only original
.venv/Lib/site-packages/pandas/tests/construction/test_extract_array.py	only original
.venv/Lib/site-packages/pandas/tests/copy_view/__init__.py	only original
.venv/Lib/site-packages/pandas/tests/copy_view/__pycache__/__init__.cpython-312.pyc	only original
.venv/Lib/site-packages/pandas/tests/copy_view/__pycache__/test_array.cpython-312.pyc	only original
.venv/Lib/site-packages/pandas/tests/copy_view/__pycache__/test_astype.cpython-312.pyc	only original
.venv/Lib/site-packages/pandas/tests/copy_view/__pycache__/test_chained_assignment_deprecation.cpython-312.pyc	only original
.venv/Lib/site-packages/pandas/tests/copy_view/__pycache__/test_clip.cpython-312.pyc	only original
.venv/Lib/site-packages/pandas/tests/copy_view/__pycache__/test_constructors.cpython-312.pyc	only original
.venv/Lib/site-packages/pandas/tests/copy_view/__pycache__/test_core_functionalities.cpython-312.pyc	only original
.venv/Lib/site-packages/pandas/tests/copy_view/__pycache__/test_functions.cpython-312.pyc	only original
.venv/Lib/site-packages/pandas/tests/copy_view/__pycache__/test_indexing.cpython-312.pyc	only original
.venv/Lib/site-packages/pandas/tests/copy_view/__pycache__/test_internals.cpython-312.pyc	only original
.venv/Lib/site-packages/pandas/tests/copy_view/__pycache__/test_interp_fillna.cpython-312.pyc	only original
.venv/Lib/site-packages/pandas/tests/copy_view/__pycache__/test_methods.cpython-312.pyc	only original
.venv/Lib/site-packages/pandas/tests/copy_view/__pycache__/test_replace.cpython-312.pyc	only original
.venv/Lib/site-packages/pandas/tests/copy_view/__pycache__/test_setitem.cpython-312.pyc	only original
.venv/Lib/site-packages/pandas/tests/copy_view/__pycache__/test_util.cpython-312.pyc	only original
.venv/Lib/site-packages/pandas/tests/copy_view/__pycache__/util.cpython-312.pyc	only original
.venv/Lib/site-packages/pandas/tests/copy_view/index/__init__.py	only original
.venv/Lib/site-packages/pandas/tests/copy_view/index/__pycache__/__init__.cpython-312.pyc	only original
.venv/Lib/site-packages/pandas/tests/copy_view/index/__pycache__/test_datetimeindex.cpython-312.pyc	only original
.venv/Lib/site-packages/pandas/tests/copy_view/index/__pycache__/test_index.cpython-312.pyc	only original
.venv/Lib/site-packages/pandas/tests/copy_view/index/__pycache__/test_periodindex.cpython-312.pyc	only original
.venv/Lib/site-packages/pandas/tests/copy_view/index/__pycache__/test_timedeltaindex.cpython-312.pyc	only original
.venv/Lib/site-packages/pandas/tests/copy_view/index/test_datetimeindex.py	only original
.venv/Lib/site-packages/pandas/tests/copy_view/index/test_index.py	only original
.venv/Lib/site-packages/pandas/tests/copy_view/index/test_periodindex.py	only original
.venv/Lib/site-packages/pandas/tests/copy_view/index/test_timedeltaindex.py	only original
.venv/Lib/site-packages/pandas/tests/copy_view/test_array.py	only original
.venv/Lib/site-packages/pandas/tests/copy_view/test_astype.py	only original
.venv/Lib/site-packages/pandas/tests/copy_view/test_chained_assignment_deprecation.py	only original
.venv/Lib/site-packages/pandas/tests/copy_view/test_clip.py	only original
.venv/Lib/site-packages/pandas/tests/copy_view/test_constructors.py	only original
.venv/Lib/site-packages/pandas/tests/copy_view/test_core_functionalities.py	only original
.venv/Lib/site-packages/pandas/tests/copy_view/test_functions.py	only original
.venv/Lib/site-packages/pandas/tests/copy_view/test_indexing.py	only original
.venv/Lib/site-packages/pandas/tests/copy_view/test_internals.py	only original
.venv/Lib/site-packages/pandas/tests/copy_view/test_interp_fillna.py	only original
.venv/Lib/site-packages/pandas/tests/copy_view/test_methods.py	only original
.venv/Lib/site-packages/pandas/tests/copy_view/test_replace.py	only original
.venv/Lib/site-packages/pandas/tests/copy_view/test_setitem.py	only original
.venv/Lib/site-packages/pandas/tests/copy_view/test_util.py	only original
.venv/Lib/site-packages/pandas/tests/copy_view/util.py	only original
.venv/Lib/site-packages/pandas/tests/dtypes/__init__.py	only original
.venv/Lib/site-packages/pandas/tests/dtypes/__pycache__/__init__.cpython-312.pyc	only original
.venv/Lib/site-packages/pandas/tests/dtypes/__pycache__/test_common.cpython-312.pyc	only original
.venv/Lib/site-packages/pandas/tests/dtypes/__pycache__/test_concat.cpython-312.pyc	only original
.venv/Lib/site-packages/pandas/tests/dtypes/__pycache__/test_dtypes.cpython-312.pyc	only original
.venv/Lib/site-packages/pandas/tests/dtypes/__pycache__/test_generic.cpython-312.pyc	only original
.venv/Lib/site-packages/pandas/tests/dtypes/__pycache__/test_inference.cpython-312.pyc	only original
.venv/Lib/site-packages/pandas/tests/dtypes/__pycache__/test_missing.cpython-312.pyc	only original
.venv/Lib/site-packages/pandas/tests/dtypes/cast/__init__.py	only original
.venv/Lib/site-packages/pandas/tests/dtypes/cast/__pycache__/__init__.cpython-312.pyc	only original
.venv/Lib/site-packages/pandas/tests/dtypes/cast/__pycache__/test_can_hold_element.cpython-312.pyc	only original
.venv/Lib/site-packages/pandas/tests/dtypes/cast/__pycache__/test_construct_from_scalar.cpython-312.pyc	only original
.venv/Lib/site-packages/pandas/tests/dtypes/cast/__pycache__/test_construct_ndarray.cpython-312.pyc	only original
.venv/Lib/site-packages/pandas/tests/dtypes/cast/__pycache__/test_construct_object_arr.cpython-312.pyc	only original
.venv/Lib/site-packages/pandas/tests/dtypes/cast/__pycache__/test_dict_compat.cpython-312.pyc	only original
.venv/Lib/site-packages/pandas/tests/dtypes/cast/__pycache__/test_downcast.cpython-312.pyc	only original
.venv/Lib/site-packages/pandas/tests/dtypes/cast/__pycache__/test_find_common_type.cpython-312.pyc	only original
.venv/Lib/site-packages/pandas/tests/dtypes/cast/__pycache__/test_infer_datetimelike.cpython-312.pyc	only original
.venv/Lib/site-packages/pandas/tests/dtypes/cast/__pycache__/test_infer_dtype.cpython-312.pyc	only original
.venv/Lib/site-packages/pandas/tests/dtypes/cast/__pycache__/test_maybe_box_native.cpython-312.pyc	only original
.venv/Lib/site-packages/pandas/tests/dtypes/cast/__pycache__/test_promote.cpython-312.pyc	only original
.venv/Lib/site-packages/pandas/tests/dtypes/cast/test_can_hold_element.py	only original
.venv/Lib/site-packages/pandas/tests/dtypes/cast/test_construct_from_scalar.py	only original
.venv/Lib/site-packages/pandas/tests/dtypes/cast/test_construct_ndarray.py	only original
.venv/Lib/site-packages/pandas/tests/dtypes/cast/test_construct_object_arr.py	only original
.venv/Lib/site-packages/pandas/tests/dtypes/cast/test_dict_compat.py	only original
.venv/Lib/site-packages/pandas/tests/dtypes/cast/test_downcast.py	only original
.venv/Lib/site-packages/pandas/tests/dtypes/cast/test_find_common_type.py	only original
.venv/Lib/site-packages/pandas/tests/dtypes/cast/test_infer_datetimelike.py	only original
.venv/Lib/site-packages/pandas/tests/dtypes/cast/test_infer_dtype.py	only original
.venv/Lib/site-packages/pandas/tests/dtypes/cast/test_maybe_box_native.py	only original
.venv/Lib/site-packages/pandas/tests/dtypes/cast/test_promote.py	only original
.venv/Lib/site-packages/pandas/tests/dtypes/test_common.py	only original
.venv/Lib/site-packages/pandas/tests/dtypes/test_concat.py	only original
.venv/Lib/site-packages/pandas/tests/dtypes/test_dtypes.py	only original
.venv/Lib/site-packages/pandas/tests/dtypes/test_generic.py	only original
.venv/Lib/site-packages/pandas/tests/dtypes/test_inference.py	only original
.venv/Lib/site-packages/pandas/tests/dtypes/test_missing.py	only original
.venv/Lib/site-packages/pandas/tests/extension/__init__.py	only original
.venv/Lib/site-packages/pandas/tests/extension/__pycache__/__init__.cpython-312.pyc	only original
.venv/Lib/site-packages/pandas/tests/extension/__pycache__/conftest.cpython-312.pyc	only original
.venv/Lib/site-packages/pandas/tests/extension/__pycache__/test_arrow.cpython-312.pyc	only original
.venv/Lib/site-packages/pandas/tests/extension/__pycache__/test_categorical.cpython-312.pyc	only original
.venv/Lib/site-packages/pandas/tests/extension/__pycache__/test_common.cpython-312.pyc	only original
.venv/Lib/site-packages/pandas/tests/extension/__pycache__/test_datetime.cpython-312.pyc	only original
.venv/Lib/site-packages/pandas/tests/extension/__pycache__/test_extension.cpython-312.pyc	only original
.venv/Lib/site-packages/pandas/tests/extension/__pycache__/test_interval.cpython-312.pyc	only original
.venv/Lib/site-packages/pandas/tests/extension/__pycache__/test_masked.cpython-312.pyc	only original
.venv/Lib/site-packages/pandas/tests/extension/__pycache__/test_numpy.cpython-312.pyc	only original
.venv/Lib/site-packages/pandas/tests/extension/__pycache__/test_period.cpython-312.pyc	only original
.venv/Lib/site-packages/pandas/tests/extension/__pycache__/test_sparse.cpython-312.pyc	only original
.venv/Lib/site-packages/pandas/tests/extension/__pycache__/test_string.cpython-312.pyc	only original
.venv/Lib/site-packages/pandas/tests/extension/array_with_attr/__init__.py	only original
.venv/Lib/site-packages/pandas/tests/extension/array_with_attr/__pycache__/__init__.cpython-312.pyc	only original
.venv/Lib/site-packages/pandas/tests/extension/array_with_attr/__pycache__/array.cpython-312.pyc	only original
.venv/Lib/site-packages/pandas/tests/extension/array_with_attr/__pycache__/test_array_with_attr.cpython-312.pyc	only original
.venv/Lib/site-packages/pandas/tests/extension/array_with_attr/array.py	only original
.venv/Lib/site-packages/pandas/tests/extension/array_with_attr/test_array_with_attr.py	only original
.venv/Lib/site-packages/pandas/tests/extension/base/__init__.py	only original
.venv/Lib/site-packages/pandas/tests/extension/base/__pycache__/__init__.cpython-312.pyc	only original
.venv/Lib/site-packages/pandas/tests/extension/base/__pycache__/accumulate.cpython-312.pyc	only original
.venv/Lib/site-packages/pandas/tests/extension/base/__pycache__/base.cpython-312.pyc	only original
.venv/Lib/site-packages/pandas/tests/extension/base/__pycache__/casting.cpython-312.pyc	only original
.venv/Lib/site-packages/pandas/tests/extension/base/__pycache__/constructors.cpython-312.pyc	only original
.venv/Lib/site-packages/pandas/tests/extension/base/__pycache__/dim2.cpython-312.pyc	only original
.venv/Lib/site-packages/pandas/tests/extension/base/__pycache__/dtype.cpython-312.pyc	only original
.venv/Lib/site-packages/pandas/tests/extension/base/__pycache__/getitem.cpython-312.pyc	only original
.venv/Lib/site-packages/pandas/tests/extension/base/__pycache__/groupby.cpython-312.pyc	only original
.venv/Lib/site-packages/pandas/tests/extension/base/__pycache__/index.cpython-312.pyc	only original
.venv/Lib/site-packages/pandas/tests/extension/base/__pycache__/interface.cpython-312.pyc	only original
.venv/Lib/site-packages/pandas/tests/extension/base/__pycache__/io.cpython-312.pyc	only original
.venv/Lib/site-packages/pandas/tests/extension/base/__pycache__/methods.cpython-312.pyc	only original
.venv/Lib/site-packages/pandas/tests/extension/base/__pycache__/missing.cpython-312.pyc	only original
.venv/Lib/site-packages/pandas/tests/extension/base/__pycache__/ops.cpython-312.pyc	only original
.venv/Lib/site-packages/pandas/tests/extension/base/__pycache__/printing.cpython-312.pyc	only original
.venv/Lib/site-packages/pandas/tests/extension/base/__pycache__/reduce.cpython-312.pyc	only original
.venv/Lib/site-packages/pandas/tests/extension/base/__pycache__/reshaping.cpython-312.pyc	only original
.venv/Lib/site-packages/pandas/tests/extension/base/__pycache__/setitem.cpython-312.pyc	only original
.venv/Lib/site-packages/pandas/tests/extension/base/accumulate.py	only original
.venv/Lib/site-packages/pandas/tests/extension/base/base.py	only original
.venv/Lib/site-packages/pandas/tests/extension/base/casting.py	only original
.venv/Lib/site-packages/pandas/tests/extension/base/constructors.py	only original
.venv/Lib/site-packages/pandas/tests/extension/base/dim2.py	only original
.venv/Lib/site-packages/pandas/tests/extension/base/dtype.py	only original
.venv/Lib/site-packages/pandas/tests/extension/base/getitem.py	only original
.venv/Lib/site-packages/pandas/tests/extension/base/groupby.py	only original
.venv/Lib/site-packages/pandas/tests/extension/base/index.py	only original
.venv/Lib/site-packages/pandas/tests/extension/base/interface.py	only original
.venv/Lib/site-packages/pandas/tests/extension/base/io.py	only original
.venv/Lib/site-packages/pandas/tests/extension/base/methods.py	only original
.venv/Lib/site-packages/pandas/tests/extension/base/missing.py	only original
.venv/Lib/site-packages/pandas/tests/extension/base/ops.py	only original
.venv/Lib/site-packages/pandas/tests/extension/base/printing.py	only original
.venv/Lib/site-packages/pandas/tests/extension/base/reduce.py	only original
.venv/Lib/site-packages/pandas/tests/extension/base/reshaping.py	only original
.venv/Lib/site-packages/pandas/tests/extension/base/setitem.py	only original
.venv/Lib/site-packages/pandas/tests/extension/conftest.py	only original
.venv/Lib/site-packages/pandas/tests/extension/date/__init__.py	only original
.venv/Lib/site-packages/pandas/tests/extension/date/__pycache__/__init__.cpython-312.pyc	only original
.venv/Lib/site-packages/pandas/tests/extension/date/__pycache__/array.cpython-312.pyc	only original
.venv/Lib/site-packages/pandas/tests/extension/date/array.py	only original
.venv/Lib/site-packages/pandas/tests/extension/decimal/__init__.py	only original
.venv/Lib/site-packages/pandas/tests/extension/decimal/__pycache__/__init__.cpython-312.pyc	only original
.venv/Lib/site-packages/pandas/tests/extension/decimal/__pycache__/array.cpython-312.pyc	only original
.venv/Lib/site-packages/pandas/tests/extension/decimal/__pycache__/test_decimal.cpython-312.pyc	only original
.venv/Lib/site-packages/pandas/tests/extension/decimal/array.py	only original
.venv/Lib/site-packages/pandas/tests/extension/decimal/test_decimal.py	only original
.venv/Lib/site-packages/pandas/tests/extension/json/__init__.py	only original
.venv/Lib/site-packages/pandas/tests/extension/json/__pycache__/__init__.cpython-312.pyc	only original
.venv/Lib/site-packages/pandas/tests/extension/json/__pycache__/array.cpython-312.pyc	only original
.venv/Lib/site-packages/pandas/tests/extension/json/__pycache__/test_json.cpython-312.pyc	only original
.venv/Lib/site-packages/pandas/tests/extension/json/array.py	only original
.venv/Lib/site-packages/pandas/tests/extension/json/test_json.py	only original
.venv/Lib/site-packages/pandas/tests/extension/list/__init__.py	only original
.venv/Lib/site-packages/pandas/tests/extension/list/__pycache__/__init__.cpython-312.pyc	only original
.venv/Lib/site-packages/pandas/tests/extension/list/__pycache__/array.cpython-312.pyc	only original
.venv/Lib/site-packages/pandas/tests/extension/list/__pycache__/test_list.cpython-312.pyc	only original
.venv/Lib/site-packages/pandas/tests/extension/list/array.py	only original
.venv/Lib/site-packages/pandas/tests/extension/list/test_list.py	only original
.venv/Lib/site-packages/pandas/tests/extension/test_arrow.py	only original
.venv/Lib/site-packages/pandas/tests/extension/test_categorical.py	only original
.venv/Lib/site-packages/pandas/tests/extension/test_common.py	only original
.venv/Lib/site-packages/pandas/tests/extension/test_datetime.py	only original
.venv/Lib/site-packages/pandas/tests/extension/test_extension.py	only original
.venv/Lib/site-packages/pandas/tests/extension/test_interval.py	only original
.venv/Lib/site-packages/pandas/tests/extension/test_masked.py	only original
.venv/Lib/site-packages/pandas/tests/extension/test_numpy.py	only original
.venv/Lib/site-packages/pandas/tests/extension/test_period.py	only original
.venv/Lib/site-packages/pandas/tests/extension/test_sparse.py	only original
.venv/Lib/site-packages/pandas/tests/extension/test_string.py	only original
.venv/Lib/site-packages/pandas/tests/frame/__init__.py	only original
.venv/Lib/site-packages/pandas/tests/frame/__pycache__/__init__.cpython-312.pyc	only original
.venv/Lib/site-packages/pandas/tests/frame/__pycache__/common.cpython-312.pyc	only original
.venv/Lib/site-packages/pandas/tests/frame/__pycache__/conftest.cpython-312.pyc	only original
.venv/Lib/site-packages/pandas/tests/frame/__pycache__/test_alter_axes.cpython-312.pyc	only original
.venv/Lib/site-packages/pandas/tests/frame/__pycache__/test_api.cpython-312.pyc	only original
.venv/Lib/site-packages/pandas/tests/frame/__pycache__/test_arithmetic.cpython-312.pyc	only original
.venv/Lib/site-packages/pandas/tests/frame/__pycache__/test_arrow_interface.cpython-312.pyc	only original
.venv/Lib/site-packages/pandas/tests/frame/__pycache__/test_block_internals.cpython-312.pyc	only original
.venv/Lib/site-packages/pandas/tests/frame/__pycache__/test_constructors.cpython-312.pyc	only original
.venv/Lib/site-packages/pandas/tests/frame/__pycache__/test_cumulative.cpython-312.pyc	only original
.venv/Lib/site-packages/pandas/tests/frame/__pycache__/test_iteration.cpython-312.pyc	only original
.venv/Lib/site-packages/pandas/tests/frame/__pycache__/test_logical_ops.cpython-312.pyc	only original
.venv/Lib/site-packages/pandas/tests/frame/__pycache__/test_nonunique_indexes.cpython-312.pyc	only original
.venv/Lib/site-packages/pandas/tests/frame/__pycache__/test_npfuncs.cpython-312.pyc	only original
.venv/Lib/site-packages/pandas/tests/frame/__pycache__/test_query_eval.cpython-312.pyc	only original
.venv/Lib/site-packages/pandas/tests/frame/__pycache__/test_reductions.cpython-312.pyc	only original
.venv/Lib/site-packages/pandas/tests/frame/__pycache__/test_repr.cpython-312.pyc	only original
.venv/Lib/site-packages/pandas/tests/frame/__pycache__/test_stack_unstack.cpython-312.pyc	only original
.venv/Lib/site-packages/pandas/tests/frame/__pycache__/test_subclass.cpython-312.pyc	only original
.venv/Lib/site-packages/pandas/tests/frame/__pycache__/test_ufunc.cpython-312.pyc	only original
.venv/Lib/site-packages/pandas/tests/frame/__pycache__/test_unary.cpython-312.pyc	only original
.venv/Lib/site-packages/pandas/tests/frame/__pycache__/test_validate.cpython-312.pyc	only original
.venv/Lib/site-packages/pandas/tests/frame/common.py	only original
.venv/Lib/site-packages/pandas/tests/frame/conftest.py	only original
.venv/Lib/site-packages/pandas/tests/frame/constructors/__init__.py	only original
.venv/Lib/site-packages/pandas/tests/frame/constructors/__pycache__/__init__.cpython-312.pyc	only original
.venv/Lib/site-packages/pandas/tests/frame/constructors/__pycache__/test_from_dict.cpython-312.pyc	only original
.venv/Lib/site-packages/pandas/tests/frame/constructors/__pycache__/test_from_records.cpython-312.pyc	only original
.venv/Lib/site-packages/pandas/tests/frame/constructors/test_from_dict.py	only original
.venv/Lib/site-packages/pandas/tests/frame/constructors/test_from_records.py	only original
.venv/Lib/site-packages/pandas/tests/frame/indexing/__init__.py	only original
.venv/Lib/site-packages/pandas/tests/frame/indexing/__pycache__/__init__.cpython-312.pyc	only original
.venv/Lib/site-packages/pandas/tests/frame/indexing/__pycache__/test_coercion.cpython-312.pyc	only original
.venv/Lib/site-packages/pandas/tests/frame/indexing/__pycache__/test_delitem.cpython-312.pyc	only original
.venv/Lib/site-packages/pandas/tests/frame/indexing/__pycache__/test_get.cpython-312.pyc	only original
.venv/Lib/site-packages/pandas/tests/frame/indexing/__pycache__/test_get_value.cpython-312.pyc	only original
.venv/Lib/site-packages/pandas/tests/frame/indexing/__pycache__/test_getitem.cpython-312.pyc	only original
.venv/Lib/site-packages/pandas/tests/frame/indexing/__pycache__/test_indexing.cpython-312.pyc	only original
.venv/Lib/site-packages/pandas/tests/frame/indexing/__pycache__/test_insert.cpython-312.pyc	only original
.venv/Lib/site-packages/pandas/tests/frame/indexing/__pycache__/test_mask.cpython-312.pyc	only original
.venv/Lib/site-packages/pandas/tests/frame/indexing/__pycache__/test_set_value.cpython-312.pyc	only original
.venv/Lib/site-packages/pandas/tests/frame/indexing/__pycache__/test_setitem.cpython-312.pyc	only original
.venv/Lib/site-packages/pandas/tests/frame/indexing/__pycache__/test_take.cpython-312.pyc	only original
.venv/Lib/site-packages/pandas/tests/frame/indexing/__pycache__/test_where.cpython-312.pyc	only original
.venv/Lib/site-packages/pandas/tests/frame/indexing/__pycache__/test_xs.cpython-312.pyc	only original
.venv/Lib/site-packages/pandas/tests/frame/indexing/test_coercion.py	only original
.venv/Lib/site-packages/pandas/tests/frame/indexing/test_delitem.py	only original
.venv/Lib/site-packages/pandas/tests/frame/indexing/test_get.py	only original
.venv/Lib/site-packages/pandas/tests/frame/indexing/test_get_value.py	only original
.venv/Lib/site-packages/pandas/tests/frame/indexing/test_getitem.py	only original
.venv/Lib/site-packages/pandas/tests/frame/indexing/test_indexing.py	only original
.venv/Lib/site-packages/pandas/tests/frame/indexing/test_insert.py	only original
.venv/Lib/site-packages/pandas/tests/frame/indexing/test_mask.py	only original
.venv/Lib/site-packages/pandas/tests/frame/indexing/test_set_value.py	only original
.venv/Lib/site-packages/pandas/tests/frame/indexing/test_setitem.py	only original
.venv/Lib/site-packages/pandas/tests/frame/indexing/test_take.py	only original
.venv/Lib/site-packages/pandas/tests/frame/indexing/test_where.py	only original
.venv/Lib/site-packages/pandas/tests/frame/indexing/test_xs.py	only original
.venv/Lib/site-packages/pandas/tests/frame/methods/__init__.py	only original
.venv/Lib/site-packages/pandas/tests/frame/methods/__pycache__/__init__.cpython-312.pyc	only original
.venv/Lib/site-packages/pandas/tests/frame/methods/__pycache__/test_add_prefix_suffix.cpython-312.pyc	only original
.venv/Lib/site-packages/pandas/tests/frame/methods/__pycache__/test_align.cpython-312.pyc	only original
.venv/Lib/site-packages/pandas/tests/frame/methods/__pycache__/test_asfreq.cpython-312.pyc	only original
.venv/Lib/site-packages/pandas/tests/frame/methods/__pycache__/test_asof.cpython-312.pyc	only original
.venv/Lib/site-packages/pandas/tests/frame/methods/__pycache__/test_assign.cpython-312.pyc	only original
.venv/Lib/site-packages/pandas/tests/frame/methods/__pycache__/test_astype.cpython-312.pyc	only original
.venv/Lib/site-packages/pandas/tests/frame/methods/__pycache__/test_at_time.cpython-312.pyc	only original
.venv/Lib/site-packages/pandas/tests/frame/methods/__pycache__/test_between_time.cpython-312.pyc	only original
.venv/Lib/site-packages/pandas/tests/frame/methods/__pycache__/test_clip.cpython-312.pyc	only original
.venv/Lib/site-packages/pandas/tests/frame/methods/__pycache__/test_combine.cpython-312.pyc	only original
.venv/Lib/site-packages/pandas/tests/frame/methods/__pycache__/test_combine_first.cpython-312.pyc	only original
.venv/Lib/site-packages/pandas/tests/frame/methods/__pycache__/test_compare.cpython-312.pyc	only original
.venv/Lib/site-packages/pandas/tests/frame/methods/__pycache__/test_convert_dtypes.cpython-312.pyc	only original
.venv/Lib/site-packages/pandas/tests/frame/methods/__pycache__/test_copy.cpython-312.pyc	only original
.venv/Lib/site-packages/pandas/tests/frame/methods/__pycache__/test_count.cpython-312.pyc	only original
.venv/Lib/site-packages/pandas/tests/frame/methods/__pycache__/test_cov_corr.cpython-312.pyc	only original
.venv/Lib/site-packages/pandas/tests/frame/methods/__pycache__/test_describe.cpython-312.pyc	only original
.venv/Lib/site-packages/pandas/tests/frame/methods/__pycache__/test_diff.cpython-312.pyc	only original
.venv/Lib/site-packages/pandas/tests/frame/methods/__pycache__/test_dot.cpython-312.pyc	only original
.venv/Lib/site-packages/pandas/tests/frame/methods/__pycache__/test_drop.cpython-312.pyc	only original
.venv/Lib/site-packages/pandas/tests/frame/methods/__pycache__/test_drop_duplicates.cpython-312.pyc	only original
.venv/Lib/site-packages/pandas/tests/frame/methods/__pycache__/test_droplevel.cpython-312.pyc	only original
.venv/Lib/site-packages/pandas/tests/frame/methods/__pycache__/test_dropna.cpython-312.pyc	only original
.venv/Lib/site-packages/pandas/tests/frame/methods/__pycache__/test_dtypes.cpython-312.pyc	only original
.venv/Lib/site-packages/pandas/tests/frame/methods/__pycache__/test_duplicated.cpython-312.pyc	only original
.venv/Lib/site-packages/pandas/tests/frame/methods/__pycache__/test_equals.cpython-312.pyc	only original
.venv/Lib/site-packages/pandas/tests/frame/methods/__pycache__/test_explode.cpython-312.pyc	only original
.venv/Lib/site-packages/pandas/tests/frame/methods/__pycache__/test_fillna.cpython-312.pyc	only original
.venv/Lib/site-packages/pandas/tests/frame/methods/__pycache__/test_filter.cpython-312.pyc	only original
.venv/Lib/site-packages/pandas/tests/frame/methods/__pycache__/test_first_and_last.cpython-312.pyc	only original
.venv/Lib/site-packages/pandas/tests/frame/methods/__pycache__/test_first_valid_index.cpython-312.pyc	only original
.venv/Lib/site-packages/pandas/tests/frame/methods/__pycache__/test_get_numeric_data.cpython-312.pyc	only original
.venv/Lib/site-packages/pandas/tests/frame/methods/__pycache__/test_head_tail.cpython-312.pyc	only original
.venv/Lib/site-packages/pandas/tests/frame/methods/__pycache__/test_infer_objects.cpython-312.pyc	only original
.venv/Lib/site-packages/pandas/tests/frame/methods/__pycache__/test_info.cpython-312.pyc	only original
.venv/Lib/site-packages/pandas/tests/frame/methods/__pycache__/test_interpolate.cpython-312.pyc	only original
.venv/Lib/site-packages/pandas/tests/frame/methods/__pycache__/test_is_homogeneous_dtype.cpython-312.pyc	only original
.venv/Lib/site-packages/pandas/tests/frame/methods/__pycache__/test_isetitem.cpython-312.pyc	only original
.venv/Lib/site-packages/pandas/tests/frame/methods/__pycache__/test_isin.cpython-312.pyc	only original
.venv/Lib/site-packages/pandas/tests/frame/methods/__pycache__/test_iterrows.cpython-312.pyc	only original
.venv/Lib/site-packages/pandas/tests/frame/methods/__pycache__/test_join.cpython-312.pyc	only original
.venv/Lib/site-packages/pandas/tests/frame/methods/__pycache__/test_map.cpython-312.pyc	only original
.venv/Lib/site-packages/pandas/tests/frame/methods/__pycache__/test_matmul.cpython-312.pyc	only original
.venv/Lib/site-packages/pandas/tests/frame/methods/__pycache__/test_nlargest.cpython-312.pyc	only original
.venv/Lib/site-packages/pandas/tests/frame/methods/__pycache__/test_pct_change.cpython-312.pyc	only original
.venv/Lib/site-packages/pandas/tests/frame/methods/__pycache__/test_pipe.cpython-312.pyc	only original
.venv/Lib/site-packages/pandas/tests/frame/methods/__pycache__/test_pop.cpython-312.pyc	only original
.venv/Lib/site-packages/pandas/tests/frame/methods/__pycache__/test_quantile.cpython-312.pyc	only original
.venv/Lib/site-packages/pandas/tests/frame/methods/__pycache__/test_rank.cpython-312.pyc	only original
.venv/Lib/site-packages/pandas/tests/frame/methods/__pycache__/test_reindex.cpython-312.pyc	only original
.venv/Lib/site-packages/pandas/tests/frame/methods/__pycache__/test_reindex_like.cpython-312.pyc	only original
.venv/Lib/site-packages/pandas/tests/frame/methods/__pycache__/test_rename.cpython-312.pyc	only original
.venv/Lib/site-packages/pandas/tests/frame/methods/__pycache__/test_rename_axis.cpython-312.pyc	only original
.venv/Lib/site-packages/pandas/tests/frame/methods/__pycache__/test_reorder_levels.cpython-312.pyc	only original
.venv/Lib/site-packages/pandas/tests/frame/methods/__pycache__/test_replace.cpython-312.pyc	only original
.venv/Lib/site-packages/pandas/tests/frame/methods/__pycache__/test_reset_index.cpython-312.pyc	only original
.venv/Lib/site-packages/pandas/tests/frame/methods/__pycache__/test_round.cpython-312.pyc	only original
.venv/Lib/site-packages/pandas/tests/frame/methods/__pycache__/test_sample.cpython-312.pyc	only original
.venv/Lib/site-packages/pandas/tests/frame/methods/__pycache__/test_select_dtypes.cpython-312.pyc	only original
.venv/Lib/site-packages/pandas/tests/frame/methods/__pycache__/test_set_axis.cpython-312.pyc	only original
.venv/Lib/site-packages/pandas/tests/frame/methods/__pycache__/test_set_index.cpython-312.pyc	only original
.venv/Lib/site-packages/pandas/tests/frame/methods/__pycache__/test_shift.cpython-312.pyc	only original
.venv/Lib/site-packages/pandas/tests/frame/methods/__pycache__/test_size.cpython-312.pyc	only original
.venv/Lib/site-packages/pandas/tests/frame/methods/__pycache__/test_sort_index.cpython-312.pyc	only original
.venv/Lib/site-packages/pandas/tests/frame/methods/__pycache__/test_sort_values.cpython-312.pyc	only original
.venv/Lib/site-packages/pandas/tests/frame/methods/__pycache__/test_swapaxes.cpython-312.pyc	only original
.venv/Lib/site-packages/pandas/tests/frame/methods/__pycache__/test_swaplevel.cpython-312.pyc	only original
.venv/Lib/site-packages/pandas/tests/frame/methods/__pycache__/test_to_csv.cpython-312.pyc	only original
.venv/Lib/site-packages/pandas/tests/frame/methods/__pycache__/test_to_dict.cpython-312.pyc	only original
.venv/Lib/site-packages/pandas/tests/frame/methods/__pycache__/test_to_dict_of_blocks.cpython-312.pyc	only original
.venv/Lib/site-packages/pandas/tests/frame/methods/__pycache__/test_to_numpy.cpython-312.pyc	only original
.venv/Lib/site-packages/pandas/tests/frame/methods/__pycache__/test_to_period.cpython-312.pyc	only original
.venv/Lib/site-packages/pandas/tests/frame/methods/__pycache__/test_to_records.cpython-312.pyc	only original
.venv/Lib/site-packages/pandas/tests/frame/methods/__pycache__/test_to_timestamp.cpython-312.pyc	only original
.venv/Lib/site-packages/pandas/tests/frame/methods/__pycache__/test_transpose.cpython-312.pyc	only original
.venv/Lib/site-packages/pandas/tests/frame/methods/__pycache__/test_truncate.cpython-312.pyc	only original
.venv/Lib/site-packages/pandas/tests/frame/methods/__pycache__/test_tz_convert.cpython-312.pyc	only original
.venv/Lib/site-packages/pandas/tests/frame/methods/__pycache__/test_tz_localize.cpython-312.pyc	only original
.venv/Lib/site-packages/pandas/tests/frame/methods/__pycache__/test_update.cpython-312.pyc	only original
.venv/Lib/site-packages/pandas/tests/frame/methods/__pycache__/test_value_counts.cpython-312.pyc	only original
.venv/Lib/site-packages/pandas/tests/frame/methods/__pycache__/test_values.cpython-312.pyc	only original
.venv/Lib/site-packages/pandas/tests/frame/methods/test_add_prefix_suffix.py	only original
.venv/Lib/site-packages/pandas/tests/frame/methods/test_align.py	only original
.venv/Lib/site-packages/pandas/tests/frame/methods/test_asfreq.py	only original
.venv/Lib/site-packages/pandas/tests/frame/methods/test_asof.py	only original
.venv/Lib/site-packages/pandas/tests/frame/methods/test_assign.py	only original
.venv/Lib/site-packages/pandas/tests/frame/methods/test_astype.py	only original
.venv/Lib/site-packages/pandas/tests/frame/methods/test_at_time.py	only original
.venv/Lib/site-packages/pandas/tests/frame/methods/test_between_time.py	only original
.venv/Lib/site-packages/pandas/tests/frame/methods/test_clip.py	only original
.venv/Lib/site-packages/pandas/tests/frame/methods/test_combine.py	only original
.venv/Lib/site-packages/pandas/tests/frame/methods/test_combine_first.py	only original
.venv/Lib/site-packages/pandas/tests/frame/methods/test_compare.py	only original
.venv/Lib/site-packages/pandas/tests/frame/methods/test_convert_dtypes.py	only original
.venv/Lib/site-packages/pandas/tests/frame/methods/test_copy.py	only original
.venv/Lib/site-packages/pandas/tests/frame/methods/test_count.py	only original
.venv/Lib/site-packages/pandas/tests/frame/methods/test_cov_corr.py	only original
.venv/Lib/site-packages/pandas/tests/frame/methods/test_describe.py	only original
.venv/Lib/site-packages/pandas/tests/frame/methods/test_diff.py	only original
.venv/Lib/site-packages/pandas/tests/frame/methods/test_dot.py	only original
.venv/Lib/site-packages/pandas/tests/frame/methods/test_drop.py	only original
.venv/Lib/site-packages/pandas/tests/frame/methods/test_drop_duplicates.py	only original
.venv/Lib/site-packages/pandas/tests/frame/methods/test_droplevel.py	only original
.venv/Lib/site-packages/pandas/tests/frame/methods/test_dropna.py	only original
.venv/Lib/site-packages/pandas/tests/frame/methods/test_dtypes.py	only original
.venv/Lib/site-packages/pandas/tests/frame/methods/test_duplicated.py	only original
.venv/Lib/site-packages/pandas/tests/frame/methods/test_equals.py	only original
.venv/Lib/site-packages/pandas/tests/frame/methods/test_explode.py	only original
.venv/Lib/site-packages/pandas/tests/frame/methods/test_fillna.py	only original
.venv/Lib/site-packages/pandas/tests/frame/methods/test_filter.py	only original
.venv/Lib/site-packages/pandas/tests/frame/methods/test_first_and_last.py	only original
.venv/Lib/site-packages/pandas/tests/frame/methods/test_first_valid_index.py	only original
.venv/Lib/site-packages/pandas/tests/frame/methods/test_get_numeric_data.py	only original
.venv/Lib/site-packages/pandas/tests/frame/methods/test_head_tail.py	only original
.venv/Lib/site-packages/pandas/tests/frame/methods/test_infer_objects.py	only original
.venv/Lib/site-packages/pandas/tests/frame/methods/test_info.py	only original
.venv/Lib/site-packages/pandas/tests/frame/methods/test_interpolate.py	only original
.venv/Lib/site-packages/pandas/tests/frame/methods/test_is_homogeneous_dtype.py	only original
.venv/Lib/site-packages/pandas/tests/frame/methods/test_isetitem.py	only original
.venv/Lib/site-packages/pandas/tests/frame/methods/test_isin.py	only original
.venv/Lib/site-packages/pandas/tests/frame/methods/test_iterrows.py	only original
.venv/Lib/site-packages/pandas/tests/frame/methods/test_join.py	only original
.venv/Lib/site-packages/pandas/tests/frame/methods/test_map.py	only original
.venv/Lib/site-packages/pandas/tests/frame/methods/test_matmul.py	only original
.venv/Lib/site-packages/pandas/tests/frame/methods/test_nlargest.py	only original
.venv/Lib/site-packages/pandas/tests/frame/methods/test_pct_change.py	only original
.venv/Lib/site-packages/pandas/tests/frame/methods/test_pipe.py	only original
.venv/Lib/site-packages/pandas/tests/frame/methods/test_pop.py	only original
.venv/Lib/site-packages/pandas/tests/frame/methods/test_quantile.py	only original
.venv/Lib/site-packages/pandas/tests/frame/methods/test_rank.py	only original
.venv/Lib/site-packages/pandas/tests/frame/methods/test_reindex.py	only original
.venv/Lib/site-packages/pandas/tests/frame/methods/test_reindex_like.py	only original
.venv/Lib/site-packages/pandas/tests/frame/methods/test_rename.py	only original
.venv/Lib/site-packages/pandas/tests/frame/methods/test_rename_axis.py	only original
.venv/Lib/site-packages/pandas/tests/frame/methods/test_reorder_levels.py	only original
.venv/Lib/site-packages/pandas/tests/frame/methods/test_replace.py	only original
.venv/Lib/site-packages/pandas/tests/frame/methods/test_reset_index.py	only original
.venv/Lib/site-packages/pandas/tests/frame/methods/test_round.py	only original
.venv/Lib/site-packages/pandas/tests/frame/methods/test_sample.py	only original
.venv/Lib/site-packages/pandas/tests/frame/methods/test_select_dtypes.py	only original
.venv/Lib/site-packages/pandas/tests/frame/methods/test_set_axis.py	only original
.venv/Lib/site-packages/pandas/tests/frame/methods/test_set_index.py	only original
.venv/Lib/site-packages/pandas/tests/frame/methods/test_shift.py	only original
.venv/Lib/site-packages/pandas/tests/frame/methods/test_size.py	only original
.venv/Lib/site-packages/pandas/tests/frame/methods/test_sort_index.py	only original
.venv/Lib/site-packages/pandas/tests/frame/methods/test_sort_values.py	only original
.venv/Lib/site-packages/pandas/tests/frame/methods/test_swapaxes.py	only original
.venv/Lib/site-packages/pandas/tests/frame/methods/test_swaplevel.py	only original
.venv/Lib/site-packages/pandas/tests/frame/methods/test_to_csv.py	only original
.venv/Lib/site-packages/pandas/tests/frame/methods/test_to_dict.py	only original
.venv/Lib/site-packages/pandas/tests/frame/methods/test_to_dict_of_blocks.py	only original
.venv/Lib/site-packages/pandas/tests/frame/methods/test_to_numpy.py	only original
.venv/Lib/site-packages/pandas/tests/frame/methods/test_to_period.py	only original
.venv/Lib/site-packages/pandas/tests/frame/methods/test_to_records.py	only original
.venv/Lib/site-packages/pandas/tests/frame/methods/test_to_timestamp.py	only original
.venv/Lib/site-packages/pandas/tests/frame/methods/test_transpose.py	only original
.venv/Lib/site-packages/pandas/tests/frame/methods/test_truncate.py	only original
.venv/Lib/site-packages/pandas/tests/frame/methods/test_tz_convert.py	only original
.venv/Lib/site-packages/pandas/tests/frame/methods/test_tz_localize.py	only original
.venv/Lib/site-packages/pandas/tests/frame/methods/test_update.py	only original
.venv/Lib/site-packages/pandas/tests/frame/methods/test_value_counts.py	only original
.venv/Lib/site-packages/pandas/tests/frame/methods/test_values.py	only original
.venv/Lib/site-packages/pandas/tests/frame/test_alter_axes.py	only original
.venv/Lib/site-packages/pandas/tests/frame/test_api.py	only original
.venv/Lib/site-packages/pandas/tests/frame/test_arithmetic.py	only original
.venv/Lib/site-packages/pandas/tests/frame/test_arrow_interface.py	only original
.venv/Lib/site-packages/pandas/tests/frame/test_block_internals.py	only original
.venv/Lib/site-packages/pandas/tests/frame/test_constructors.py	only original
.venv/Lib/site-packages/pandas/tests/frame/test_cumulative.py	only original
.venv/Lib/site-packages/pandas/tests/frame/test_iteration.py	only original
.venv/Lib/site-packages/pandas/tests/frame/test_logical_ops.py	only original
.venv/Lib/site-packages/pandas/tests/frame/test_nonunique_indexes.py	only original
.venv/Lib/site-packages/pandas/tests/frame/test_npfuncs.py	only original
.venv/Lib/site-packages/pandas/tests/frame/test_query_eval.py	only original
.venv/Lib/site-packages/pandas/tests/frame/test_reductions.py	only original
.venv/Lib/site-packages/pandas/tests/frame/test_repr.py	only original
.venv/Lib/site-packages/pandas/tests/frame/test_stack_unstack.py	only original
.venv/Lib/site-packages/pandas/tests/frame/test_subclass.py	only original
.venv/Lib/site-packages/pandas/tests/frame/test_ufunc.py	only original
.venv/Lib/site-packages/pandas/tests/frame/test_unary.py	only original
.venv/Lib/site-packages/pandas/tests/frame/test_validate.py	only original
.venv/Lib/site-packages/pandas/tests/generic/__init__.py	only original
.venv/Lib/site-packages/pandas/tests/generic/__pycache__/__init__.cpython-312.pyc	only original
.venv/Lib/site-packages/pandas/tests/generic/__pycache__/test_duplicate_labels.cpython-312.pyc	only original
.venv/Lib/site-packages/pandas/tests/generic/__pycache__/test_finalize.cpython-312.pyc	only original
.venv/Lib/site-packages/pandas/tests/generic/__pycache__/test_frame.cpython-312.pyc	only original
.venv/Lib/site-packages/pandas/tests/generic/__pycache__/test_generic.cpython-312.pyc	only original
.venv/Lib/site-packages/pandas/tests/generic/__pycache__/test_label_or_level_utils.cpython-312.pyc	only original
.venv/Lib/site-packages/pandas/tests/generic/__pycache__/test_series.cpython-312.pyc	only original
.venv/Lib/site-packages/pandas/tests/generic/__pycache__/test_to_xarray.cpython-312.pyc	only original
.venv/Lib/site-packages/pandas/tests/generic/test_duplicate_labels.py	only original
.venv/Lib/site-packages/pandas/tests/generic/test_finalize.py	only original
.venv/Lib/site-packages/pandas/tests/generic/test_frame.py	only original
.venv/Lib/site-packages/pandas/tests/generic/test_generic.py	only original
.venv/Lib/site-packages/pandas/tests/generic/test_label_or_level_utils.py	only original
.venv/Lib/site-packages/pandas/tests/generic/test_series.py	only original
.venv/Lib/site-packages/pandas/tests/generic/test_to_xarray.py	only original
.venv/Lib/site-packages/pandas/tests/groupby/__init__.py	only original
.venv/Lib/site-packages/pandas/tests/groupby/__pycache__/__init__.cpython-312.pyc	only original
.venv/Lib/site-packages/pandas/tests/groupby/__pycache__/conftest.cpython-312.pyc	only original
.venv/Lib/site-packages/pandas/tests/groupby/__pycache__/test_all_methods.cpython-312.pyc	only original
.venv/Lib/site-packages/pandas/tests/groupby/__pycache__/test_api.cpython-312.pyc	only original
.venv/Lib/site-packages/pandas/tests/groupby/__pycache__/test_apply.cpython-312.pyc	only original
.venv/Lib/site-packages/pandas/tests/groupby/__pycache__/test_apply_mutate.cpython-312.pyc	only original
.venv/Lib/site-packages/pandas/tests/groupby/__pycache__/test_bin_groupby.cpython-312.pyc	only original
.venv/Lib/site-packages/pandas/tests/groupby/__pycache__/test_categorical.cpython-312.pyc	only original
.venv/Lib/site-packages/pandas/tests/groupby/__pycache__/test_counting.cpython-312.pyc	only original
.venv/Lib/site-packages/pandas/tests/groupby/__pycache__/test_cumulative.cpython-312.pyc	only original
.venv/Lib/site-packages/pandas/tests/groupby/__pycache__/test_filters.cpython-312.pyc	only original
.venv/Lib/site-packages/pandas/tests/groupby/__pycache__/test_groupby.cpython-312.pyc	only original
.venv/Lib/site-packages/pandas/tests/groupby/__pycache__/test_groupby_dropna.cpython-312.pyc	only original
.venv/Lib/site-packages/pandas/tests/groupby/__pycache__/test_groupby_subclass.cpython-312.pyc	only original
.venv/Lib/site-packages/pandas/tests/groupby/__pycache__/test_grouping.cpython-312.pyc	only original
.venv/Lib/site-packages/pandas/tests/groupby/__pycache__/test_index_as_string.cpython-312.pyc	only original
.venv/Lib/site-packages/pandas/tests/groupby/__pycache__/test_indexing.cpython-312.pyc	only original
.venv/Lib/site-packages/pandas/tests/groupby/__pycache__/test_libgroupby.cpython-312.pyc	only original
.venv/Lib/site-packages/pandas/tests/groupby/__pycache__/test_missing.cpython-312.pyc	only original
.venv/Lib/site-packages/pandas/tests/groupby/__pycache__/test_numba.cpython-312.pyc	only original
.venv/Lib/site-packages/pandas/tests/groupby/__pycache__/test_numeric_only.cpython-312.pyc	only original
.venv/Lib/site-packages/pandas/tests/groupby/__pycache__/test_pipe.cpython-312.pyc	only original
.venv/Lib/site-packages/pandas/tests/groupby/__pycache__/test_raises.cpython-312.pyc	only original
.venv/Lib/site-packages/pandas/tests/groupby/__pycache__/test_reductions.cpython-312.pyc	only original
.venv/Lib/site-packages/pandas/tests/groupby/__pycache__/test_timegrouper.cpython-312.pyc	only original
.venv/Lib/site-packages/pandas/tests/groupby/aggregate/__init__.py	only original
.venv/Lib/site-packages/pandas/tests/groupby/aggregate/__pycache__/__init__.cpython-312.pyc	only original
.venv/Lib/site-packages/pandas/tests/groupby/aggregate/__pycache__/test_aggregate.cpython-312.pyc	only original
.venv/Lib/site-packages/pandas/tests/groupby/aggregate/__pycache__/test_cython.cpython-312.pyc	only original
.venv/Lib/site-packages/pandas/tests/groupby/aggregate/__pycache__/test_numba.cpython-312.pyc	only original
.venv/Lib/site-packages/pandas/tests/groupby/aggregate/__pycache__/test_other.cpython-312.pyc	only original
.venv/Lib/site-packages/pandas/tests/groupby/aggregate/test_aggregate.py	only original
.venv/Lib/site-packages/pandas/tests/groupby/aggregate/test_cython.py	only original
.venv/Lib/site-packages/pandas/tests/groupby/aggregate/test_numba.py	only original
.venv/Lib/site-packages/pandas/tests/groupby/aggregate/test_other.py	only original
.venv/Lib/site-packages/pandas/tests/groupby/conftest.py	only original
.venv/Lib/site-packages/pandas/tests/groupby/methods/__init__.py	only original
.venv/Lib/site-packages/pandas/tests/groupby/methods/__pycache__/__init__.cpython-312.pyc	only original
.venv/Lib/site-packages/pandas/tests/groupby/methods/__pycache__/test_corrwith.cpython-312.pyc	only original
.venv/Lib/site-packages/pandas/tests/groupby/methods/__pycache__/test_describe.cpython-312.pyc	only original
.venv/Lib/site-packages/pandas/tests/groupby/methods/__pycache__/test_groupby_shift_diff.cpython-312.pyc	only original
.venv/Lib/site-packages/pandas/tests/groupby/methods/__pycache__/test_is_monotonic.cpython-312.pyc	only original
.venv/Lib/site-packages/pandas/tests/groupby/methods/__pycache__/test_nlargest_nsmallest.cpython-312.pyc	only original
.venv/Lib/site-packages/pandas/tests/groupby/methods/__pycache__/test_nth.cpython-312.pyc	only original
.venv/Lib/site-packages/pandas/tests/groupby/methods/__pycache__/test_quantile.cpython-312.pyc	only original
.venv/Lib/site-packages/pandas/tests/groupby/methods/__pycache__/test_rank.cpython-312.pyc	only original
.venv/Lib/site-packages/pandas/tests/groupby/methods/__pycache__/test_sample.cpython-312.pyc	only original
.venv/Lib/site-packages/pandas/tests/groupby/methods/__pycache__/test_size.cpython-312.pyc	only original
.venv/Lib/site-packages/pandas/tests/groupby/methods/__pycache__/test_skew.cpython-312.pyc	only original
.venv/Lib/site-packages/pandas/tests/groupby/methods/__pycache__/test_value_counts.cpython-312.pyc	only original
.venv/Lib/site-packages/pandas/tests/groupby/methods/test_corrwith.py	only original
.venv/Lib/site-packages/pandas/tests/groupby/methods/test_describe.py	only original
.venv/Lib/site-packages/pandas/tests/groupby/methods/test_groupby_shift_diff.py	only original
.venv/Lib/site-packages/pandas/tests/groupby/methods/test_is_monotonic.py	only original
.venv/Lib/site-packages/pandas/tests/groupby/methods/test_nlargest_nsmallest.py	only original
.venv/Lib/site-packages/pandas/tests/groupby/methods/test_nth.py	only original
.venv/Lib/site-packages/pandas/tests/groupby/methods/test_quantile.py	only original
.venv/Lib/site-packages/pandas/tests/groupby/methods/test_rank.py	only original
.venv/Lib/site-packages/pandas/tests/groupby/methods/test_sample.py	only original
.venv/Lib/site-packages/pandas/tests/groupby/methods/test_size.py	only original
.venv/Lib/site-packages/pandas/tests/groupby/methods/test_skew.py	only original
.venv/Lib/site-packages/pandas/tests/groupby/methods/test_value_counts.py	only original
.venv/Lib/site-packages/pandas/tests/groupby/test_all_methods.py	only original
.venv/Lib/site-packages/pandas/tests/groupby/test_api.py	only original
.venv/Lib/site-packages/pandas/tests/groupby/test_apply.py	only original
.venv/Lib/site-packages/pandas/tests/groupby/test_apply_mutate.py	only original
.venv/Lib/site-packages/pandas/tests/groupby/test_bin_groupby.py	only original
.venv/Lib/site-packages/pandas/tests/groupby/test_categorical.py	only original
.venv/Lib/site-packages/pandas/tests/groupby/test_counting.py	only original
.venv/Lib/site-packages/pandas/tests/groupby/test_cumulative.py	only original
.venv/Lib/site-packages/pandas/tests/groupby/test_filters.py	only original
.venv/Lib/site-packages/pandas/tests/groupby/test_groupby.py	only original
.venv/Lib/site-packages/pandas/tests/groupby/test_groupby_dropna.py	only original
.venv/Lib/site-packages/pandas/tests/groupby/test_groupby_subclass.py	only original
.venv/Lib/site-packages/pandas/tests/groupby/test_grouping.py	only original
.venv/Lib/site-packages/pandas/tests/groupby/test_index_as_string.py	only original
.venv/Lib/site-packages/pandas/tests/groupby/test_indexing.py	only original
.venv/Lib/site-packages/pandas/tests/groupby/test_libgroupby.py	only original
.venv/Lib/site-packages/pandas/tests/groupby/test_missing.py	only original
.venv/Lib/site-packages/pandas/tests/groupby/test_numba.py	only original
.venv/Lib/site-packages/pandas/tests/groupby/test_numeric_only.py	only original
.venv/Lib/site-packages/pandas/tests/groupby/test_pipe.py	only original
.venv/Lib/site-packages/pandas/tests/groupby/test_raises.py	only original
.venv/Lib/site-packages/pandas/tests/groupby/test_reductions.py	only original
.venv/Lib/site-packages/pandas/tests/groupby/test_timegrouper.py	only original
.venv/Lib/site-packages/pandas/tests/groupby/transform/__init__.py	only original
.venv/Lib/site-packages/pandas/tests/groupby/transform/__pycache__/__init__.cpython-312.pyc	only original
.venv/Lib/site-packages/pandas/tests/groupby/transform/__pycache__/test_numba.cpython-312.pyc	only original
.venv/Lib/site-packages/pandas/tests/groupby/transform/__pycache__/test_transform.cpython-312.pyc	only original
.venv/Lib/site-packages/pandas/tests/groupby/transform/test_numba.py	only original
.venv/Lib/site-packages/pandas/tests/groupby/transform/test_transform.py	only original
.venv/Lib/site-packages/pandas/tests/indexes/__init__.py	only original
.venv/Lib/site-packages/pandas/tests/indexes/__pycache__/__init__.cpython-312.pyc	only original
.venv/Lib/site-packages/pandas/tests/indexes/__pycache__/conftest.cpython-312.pyc	only original
.venv/Lib/site-packages/pandas/tests/indexes/__pycache__/test_any_index.cpython-312.pyc	only original
.venv/Lib/site-packages/pandas/tests/indexes/__pycache__/test_base.cpython-312.pyc	only original
.venv/Lib/site-packages/pandas/tests/indexes/__pycache__/test_common.cpython-312.pyc	only original
.venv/Lib/site-packages/pandas/tests/indexes/__pycache__/test_datetimelike.cpython-312.pyc	only original
.venv/Lib/site-packages/pandas/tests/indexes/__pycache__/test_engines.cpython-312.pyc	only original
.venv/Lib/site-packages/pandas/tests/indexes/__pycache__/test_frozen.cpython-312.pyc	only original
.venv/Lib/site-packages/pandas/tests/indexes/__pycache__/test_index_new.cpython-312.pyc	only original
.venv/Lib/site-packages/pandas/tests/indexes/__pycache__/test_indexing.cpython-312.pyc	only original
.venv/Lib/site-packages/pandas/tests/indexes/__pycache__/test_numpy_compat.cpython-312.pyc	only original
.venv/Lib/site-packages/pandas/tests/indexes/__pycache__/test_old_base.cpython-312.pyc	only original
.venv/Lib/site-packages/pandas/tests/indexes/__pycache__/test_setops.cpython-312.pyc	only original
.venv/Lib/site-packages/pandas/tests/indexes/__pycache__/test_subclass.cpython-312.pyc	only original
.venv/Lib/site-packages/pandas/tests/indexes/base_class/__init__.py	only original
.venv/Lib/site-packages/pandas/tests/indexes/base_class/__pycache__/__init__.cpython-312.pyc	only original
.venv/Lib/site-packages/pandas/tests/indexes/base_class/__pycache__/test_constructors.cpython-312.pyc	only original
.venv/Lib/site-packages/pandas/tests/indexes/base_class/__pycache__/test_formats.cpython-312.pyc	only original
.venv/Lib/site-packages/pandas/tests/indexes/base_class/__pycache__/test_indexing.cpython-312.pyc	only original
.venv/Lib/site-packages/pandas/tests/indexes/base_class/__pycache__/test_pickle.cpython-312.pyc	only original
.venv/Lib/site-packages/pandas/tests/indexes/base_class/__pycache__/test_reshape.cpython-312.pyc	only original
.venv/Lib/site-packages/pandas/tests/indexes/base_class/__pycache__/test_setops.cpython-312.pyc	only original
.venv/Lib/site-packages/pandas/tests/indexes/base_class/__pycache__/test_where.cpython-312.pyc	only original
.venv/Lib/site-packages/pandas/tests/indexes/base_class/test_constructors.py	only original
.venv/Lib/site-packages/pandas/tests/indexes/base_class/test_formats.py	only original
.venv/Lib/site-packages/pandas/tests/indexes/base_class/test_indexing.py	only original
.venv/Lib/site-packages/pandas/tests/indexes/base_class/test_pickle.py	only original
.venv/Lib/site-packages/pandas/tests/indexes/base_class/test_reshape.py	only original
.venv/Lib/site-packages/pandas/tests/indexes/base_class/test_setops.py	only original
.venv/Lib/site-packages/pandas/tests/indexes/base_class/test_where.py	only original
.venv/Lib/site-packages/pandas/tests/indexes/categorical/__init__.py	only original
.venv/Lib/site-packages/pandas/tests/indexes/categorical/__pycache__/__init__.cpython-312.pyc	only original
.venv/Lib/site-packages/pandas/tests/indexes/categorical/__pycache__/test_append.cpython-312.pyc	only original
.venv/Lib/site-packages/pandas/tests/indexes/categorical/__pycache__/test_astype.cpython-312.pyc	only original
.venv/Lib/site-packages/pandas/tests/indexes/categorical/__pycache__/test_category.cpython-312.pyc	only original
.venv/Lib/site-packages/pandas/tests/indexes/categorical/__pycache__/test_constructors.cpython-312.pyc	only original
.venv/Lib/site-packages/pandas/tests/indexes/categorical/__pycache__/test_equals.cpython-312.pyc	only original
.venv/Lib/site-packages/pandas/tests/indexes/categorical/__pycache__/test_fillna.cpython-312.pyc	only original
.venv/Lib/site-packages/pandas/tests/indexes/categorical/__pycache__/test_formats.cpython-312.pyc	only original
.venv/Lib/site-packages/pandas/tests/indexes/categorical/__pycache__/test_indexing.cpython-312.pyc	only original
.venv/Lib/site-packages/pandas/tests/indexes/categorical/__pycache__/test_map.cpython-312.pyc	only original
.venv/Lib/site-packages/pandas/tests/indexes/categorical/__pycache__/test_reindex.cpython-312.pyc	only original
.venv/Lib/site-packages/pandas/tests/indexes/categorical/__pycache__/test_setops.cpython-312.pyc	only original
.venv/Lib/site-packages/pandas/tests/indexes/categorical/test_append.py	only original
.venv/Lib/site-packages/pandas/tests/indexes/categorical/test_astype.py	only original
.venv/Lib/site-packages/pandas/tests/indexes/categorical/test_category.py	only original
.venv/Lib/site-packages/pandas/tests/indexes/categorical/test_constructors.py	only original
.venv/Lib/site-packages/pandas/tests/indexes/categorical/test_equals.py	only original
.venv/Lib/site-packages/pandas/tests/indexes/categorical/test_fillna.py	only original
.venv/Lib/site-packages/pandas/tests/indexes/categorical/test_formats.py	only original
.venv/Lib/site-packages/pandas/tests/indexes/categorical/test_indexing.py	only original
.venv/Lib/site-packages/pandas/tests/indexes/categorical/test_map.py	only original
.venv/Lib/site-packages/pandas/tests/indexes/categorical/test_reindex.py	only original
.venv/Lib/site-packages/pandas/tests/indexes/categorical/test_setops.py	only original
.venv/Lib/site-packages/pandas/tests/indexes/conftest.py	only original
.venv/Lib/site-packages/pandas/tests/indexes/datetimelike_/__init__.py	only original
.venv/Lib/site-packages/pandas/tests/indexes/datetimelike_/__pycache__/__init__.cpython-312.pyc	only original
.venv/Lib/site-packages/pandas/tests/indexes/datetimelike_/__pycache__/test_drop_duplicates.cpython-312.pyc	only original
.venv/Lib/site-packages/pandas/tests/indexes/datetimelike_/__pycache__/test_equals.cpython-312.pyc	only original
.venv/Lib/site-packages/pandas/tests/indexes/datetimelike_/__pycache__/test_indexing.cpython-312.pyc	only original
.venv/Lib/site-packages/pandas/tests/indexes/datetimelike_/__pycache__/test_is_monotonic.cpython-312.pyc	only original
.venv/Lib/site-packages/pandas/tests/indexes/datetimelike_/__pycache__/test_nat.cpython-312.pyc	only original
.venv/Lib/site-packages/pandas/tests/indexes/datetimelike_/__pycache__/test_sort_values.cpython-312.pyc	only original
.venv/Lib/site-packages/pandas/tests/indexes/datetimelike_/__pycache__/test_value_counts.cpython-312.pyc	only original
.venv/Lib/site-packages/pandas/tests/indexes/datetimelike_/test_drop_duplicates.py	only original
.venv/Lib/site-packages/pandas/tests/indexes/datetimelike_/test_equals.py	only original
.venv/Lib/site-packages/pandas/tests/indexes/datetimelike_/test_indexing.py	only original
.venv/Lib/site-packages/pandas/tests/indexes/datetimelike_/test_is_monotonic.py	only original
.venv/Lib/site-packages/pandas/tests/indexes/datetimelike_/test_nat.py	only original
.venv/Lib/site-packages/pandas/tests/indexes/datetimelike_/test_sort_values.py	only original
.venv/Lib/site-packages/pandas/tests/indexes/datetimelike_/test_value_counts.py	only original
.venv/Lib/site-packages/pandas/tests/indexes/datetimes/__init__.py	only original
.venv/Lib/site-packages/pandas/tests/indexes/datetimes/__pycache__/__init__.cpython-312.pyc	only original
.venv/Lib/site-packages/pandas/tests/indexes/datetimes/__pycache__/test_arithmetic.cpython-312.pyc	only original
.venv/Lib/site-packages/pandas/tests/indexes/datetimes/__pycache__/test_constructors.cpython-312.pyc	only original
.venv/Lib/site-packages/pandas/tests/indexes/datetimes/__pycache__/test_date_range.cpython-312.pyc	only original
.venv/Lib/site-packages/pandas/tests/indexes/datetimes/__pycache__/test_datetime.cpython-312.pyc	only original
.venv/Lib/site-packages/pandas/tests/indexes/datetimes/__pycache__/test_formats.cpython-312.pyc	only original
.venv/Lib/site-packages/pandas/tests/indexes/datetimes/__pycache__/test_freq_attr.cpython-312.pyc	only original
.venv/Lib/site-packages/pandas/tests/indexes/datetimes/__pycache__/test_indexing.cpython-312.pyc	only original
.venv/Lib/site-packages/pandas/tests/indexes/datetimes/__pycache__/test_iter.cpython-312.pyc	only original
.venv/Lib/site-packages/pandas/tests/indexes/datetimes/__pycache__/test_join.cpython-312.pyc	only original
.venv/Lib/site-packages/pandas/tests/indexes/datetimes/__pycache__/test_npfuncs.cpython-312.pyc	only original
.venv/Lib/site-packages/pandas/tests/indexes/datetimes/__pycache__/test_ops.cpython-312.pyc	only original
.venv/Lib/site-packages/pandas/tests/indexes/datetimes/__pycache__/test_partial_slicing.cpython-312.pyc	only original
.venv/Lib/site-packages/pandas/tests/indexes/datetimes/__pycache__/test_pickle.cpython-312.pyc	only original
.venv/Lib/site-packages/pandas/tests/indexes/datetimes/__pycache__/test_reindex.cpython-312.pyc	only original
.venv/Lib/site-packages/pandas/tests/indexes/datetimes/__pycache__/test_scalar_compat.cpython-312.pyc	only original
.venv/Lib/site-packages/pandas/tests/indexes/datetimes/__pycache__/test_setops.cpython-312.pyc	only original
.venv/Lib/site-packages/pandas/tests/indexes/datetimes/__pycache__/test_timezones.cpython-312.pyc	only original
.venv/Lib/site-packages/pandas/tests/indexes/datetimes/methods/__init__.py	only original
.venv/Lib/site-packages/pandas/tests/indexes/datetimes/methods/__pycache__/__init__.cpython-312.pyc	only original
.venv/Lib/site-packages/pandas/tests/indexes/datetimes/methods/__pycache__/test_asof.cpython-312.pyc	only original
.venv/Lib/site-packages/pandas/tests/indexes/datetimes/methods/__pycache__/test_astype.cpython-312.pyc	only original
.venv/Lib/site-packages/pandas/tests/indexes/datetimes/methods/__pycache__/test_delete.cpython-312.pyc	only original
.venv/Lib/site-packages/pandas/tests/indexes/datetimes/methods/__pycache__/test_factorize.cpython-312.pyc	only original
.venv/Lib/site-packages/pandas/tests/indexes/datetimes/methods/__pycache__/test_fillna.cpython-312.pyc	only original
.venv/Lib/site-packages/pandas/tests/indexes/datetimes/methods/__pycache__/test_insert.cpython-312.pyc	only original
.venv/Lib/site-packages/pandas/tests/indexes/datetimes/methods/__pycache__/test_isocalendar.cpython-312.pyc	only original
.venv/Lib/site-packages/pandas/tests/indexes/datetimes/methods/__pycache__/test_map.cpython-312.pyc	only original
.venv/Lib/site-packages/pandas/tests/indexes/datetimes/methods/__pycache__/test_normalize.cpython-312.pyc	only original
.venv/Lib/site-packages/pandas/tests/indexes/datetimes/methods/__pycache__/test_repeat.cpython-312.pyc	only original
.venv/Lib/site-packages/pandas/tests/indexes/datetimes/methods/__pycache__/test_resolution.cpython-312.pyc	only original
.venv/Lib/site-packages/pandas/tests/indexes/datetimes/methods/__pycache__/test_round.cpython-312.pyc	only original
.venv/Lib/site-packages/pandas/tests/indexes/datetimes/methods/__pycache__/test_shift.cpython-312.pyc	only original
.venv/Lib/site-packages/pandas/tests/indexes/datetimes/methods/__pycache__/test_snap.cpython-312.pyc	only original
.venv/Lib/site-packages/pandas/tests/indexes/datetimes/methods/__pycache__/test_to_frame.cpython-312.pyc	only original
.venv/Lib/site-packages/pandas/tests/indexes/datetimes/methods/__pycache__/test_to_julian_date.cpython-312.pyc	only original
.venv/Lib/site-packages/pandas/tests/indexes/datetimes/methods/__pycache__/test_to_period.cpython-312.pyc	only original
.venv/Lib/site-packages/pandas/tests/indexes/datetimes/methods/__pycache__/test_to_pydatetime.cpython-312.pyc	only original
.venv/Lib/site-packages/pandas/tests/indexes/datetimes/methods/__pycache__/test_to_series.cpython-312.pyc	only original
.venv/Lib/site-packages/pandas/tests/indexes/datetimes/methods/__pycache__/test_tz_convert.cpython-312.pyc	only original
.venv/Lib/site-packages/pandas/tests/indexes/datetimes/methods/__pycache__/test_tz_localize.cpython-312.pyc	only original
.venv/Lib/site-packages/pandas/tests/indexes/datetimes/methods/__pycache__/test_unique.cpython-312.pyc	only original
.venv/Lib/site-packages/pandas/tests/indexes/datetimes/methods/test_asof.py	only original
.venv/Lib/site-packages/pandas/tests/indexes/datetimes/methods/test_astype.py	only original
.venv/Lib/site-packages/pandas/tests/indexes/datetimes/methods/test_delete.py	only original
.venv/Lib/site-packages/pandas/tests/indexes/datetimes/methods/test_factorize.py	only original
.venv/Lib/site-packages/pandas/tests/indexes/datetimes/methods/test_fillna.py	only original
.venv/Lib/site-packages/pandas/tests/indexes/datetimes/methods/test_insert.py	only original
.venv/Lib/site-packages/pandas/tests/indexes/datetimes/methods/test_isocalendar.py	only original
.venv/Lib/site-packages/pandas/tests/indexes/datetimes/methods/test_map.py	only original
.venv/Lib/site-packages/pandas/tests/indexes/datetimes/methods/test_normalize.py	only original
.venv/Lib/site-packages/pandas/tests/indexes/datetimes/methods/test_repeat.py	only original
.venv/Lib/site-packages/pandas/tests/indexes/datetimes/methods/test_resolution.py	only original
.venv/Lib/site-packages/pandas/tests/indexes/datetimes/methods/test_round.py	only original
.venv/Lib/site-packages/pandas/tests/indexes/datetimes/methods/test_shift.py	only original
.venv/Lib/site-packages/pandas/tests/indexes/datetimes/methods/test_snap.py	only original
.venv/Lib/site-packages/pandas/tests/indexes/datetimes/methods/test_to_frame.py	only original
.venv/Lib/site-packages/pandas/tests/indexes/datetimes/methods/test_to_julian_date.py	only original
.venv/Lib/site-packages/pandas/tests/indexes/datetimes/methods/test_to_period.py	only original
.venv/Lib/site-packages/pandas/tests/indexes/datetimes/methods/test_to_pydatetime.py	only original
.venv/Lib/site-packages/pandas/tests/indexes/datetimes/methods/test_to_series.py	only original
.venv/Lib/site-packages/pandas/tests/indexes/datetimes/methods/test_tz_convert.py	only original
.venv/Lib/site-packages/pandas/tests/indexes/datetimes/methods/test_tz_localize.py	only original
.venv/Lib/site-packages/pandas/tests/indexes/datetimes/methods/test_unique.py	only original
.venv/Lib/site-packages/pandas/tests/indexes/datetimes/test_arithmetic.py	only original
.venv/Lib/site-packages/pandas/tests/indexes/datetimes/test_constructors.py	only original
.venv/Lib/site-packages/pandas/tests/indexes/datetimes/test_date_range.py	only original
.venv/Lib/site-packages/pandas/tests/indexes/datetimes/test_datetime.py	only original
.venv/Lib/site-packages/pandas/tests/indexes/datetimes/test_formats.py	only original
.venv/Lib/site-packages/pandas/tests/indexes/datetimes/test_freq_attr.py	only original
.venv/Lib/site-packages/pandas/tests/indexes/datetimes/test_indexing.py	only original
.venv/Lib/site-packages/pandas/tests/indexes/datetimes/test_iter.py	only original
.venv/Lib/site-packages/pandas/tests/indexes/datetimes/test_join.py	only original
.venv/Lib/site-packages/pandas/tests/indexes/datetimes/test_npfuncs.py	only original
.venv/Lib/site-packages/pandas/tests/indexes/datetimes/test_ops.py	only original
.venv/Lib/site-packages/pandas/tests/indexes/datetimes/test_partial_slicing.py	only original
.venv/Lib/site-packages/pandas/tests/indexes/datetimes/test_pickle.py	only original
.venv/Lib/site-packages/pandas/tests/indexes/datetimes/test_reindex.py	only original
.venv/Lib/site-packages/pandas/tests/indexes/datetimes/test_scalar_compat.py	only original
.venv/Lib/site-packages/pandas/tests/indexes/datetimes/test_setops.py	only original
.venv/Lib/site-packages/pandas/tests/indexes/datetimes/test_timezones.py	only original
.venv/Lib/site-packages/pandas/tests/indexes/interval/__init__.py	only original
.venv/Lib/site-packages/pandas/tests/indexes/interval/__pycache__/__init__.cpython-312.pyc	only original
.venv/Lib/site-packages/pandas/tests/indexes/interval/__pycache__/test_astype.cpython-312.pyc	only original
.venv/Lib/site-packages/pandas/tests/indexes/interval/__pycache__/test_constructors.cpython-312.pyc	only original
.venv/Lib/site-packages/pandas/tests/indexes/interval/__pycache__/test_equals.cpython-312.pyc	only original
.venv/Lib/site-packages/pandas/tests/indexes/interval/__pycache__/test_formats.cpython-312.pyc	only original
.venv/Lib/site-packages/pandas/tests/indexes/interval/__pycache__/test_indexing.cpython-312.pyc	only original
.venv/Lib/site-packages/pandas/tests/indexes/interval/__pycache__/test_interval.cpython-312.pyc	only original
.venv/Lib/site-packages/pandas/tests/indexes/interval/__pycache__/test_interval_range.cpython-312.pyc	only original
.venv/Lib/site-packages/pandas/tests/indexes/interval/__pycache__/test_interval_tree.cpython-312.pyc	only original
.venv/Lib/site-packages/pandas/tests/indexes/interval/__pycache__/test_join.cpython-312.pyc	only original
.venv/Lib/site-packages/pandas/tests/indexes/interval/__pycache__/test_pickle.cpython-312.pyc	only original
.venv/Lib/site-packages/pandas/tests/indexes/interval/__pycache__/test_setops.cpython-312.pyc	only original
.venv/Lib/site-packages/pandas/tests/indexes/interval/test_astype.py	only original
.venv/Lib/site-packages/pandas/tests/indexes/interval/test_constructors.py	only original
.venv/Lib/site-packages/pandas/tests/indexes/interval/test_equals.py	only original
.venv/Lib/site-packages/pandas/tests/indexes/interval/test_formats.py	only original
.venv/Lib/site-packages/pandas/tests/indexes/interval/test_indexing.py	only original
.venv/Lib/site-packages/pandas/tests/indexes/interval/test_interval.py	only original
.venv/Lib/site-packages/pandas/tests/indexes/interval/test_interval_range.py	only original
.venv/Lib/site-packages/pandas/tests/indexes/interval/test_interval_tree.py	only original
.venv/Lib/site-packages/pandas/tests/indexes/interval/test_join.py	only original
.venv/Lib/site-packages/pandas/tests/indexes/interval/test_pickle.py	only original
.venv/Lib/site-packages/pandas/tests/indexes/interval/test_setops.py	only original
.venv/Lib/site-packages/pandas/tests/indexes/multi/__init__.py	only original
.venv/Lib/site-packages/pandas/tests/indexes/multi/__pycache__/__init__.cpython-312.pyc	only original
.venv/Lib/site-packages/pandas/tests/indexes/multi/__pycache__/conftest.cpython-312.pyc	only original
.venv/Lib/site-packages/pandas/tests/indexes/multi/__pycache__/test_analytics.cpython-312.pyc	only original
.venv/Lib/site-packages/pandas/tests/indexes/multi/__pycache__/test_astype.cpython-312.pyc	only original
.venv/Lib/site-packages/pandas/tests/indexes/multi/__pycache__/test_compat.cpython-312.pyc	only original
.venv/Lib/site-packages/pandas/tests/indexes/multi/__pycache__/test_constructors.cpython-312.pyc	only original
.venv/Lib/site-packages/pandas/tests/indexes/multi/__pycache__/test_conversion.cpython-312.pyc	only original
.venv/Lib/site-packages/pandas/tests/indexes/multi/__pycache__/test_copy.cpython-312.pyc	only original
.venv/Lib/site-packages/pandas/tests/indexes/multi/__pycache__/test_drop.cpython-312.pyc	only original
.venv/Lib/site-packages/pandas/tests/indexes/multi/__pycache__/test_duplicates.cpython-312.pyc	only original
.venv/Lib/site-packages/pandas/tests/indexes/multi/__pycache__/test_equivalence.cpython-312.pyc	only original
.venv/Lib/site-packages/pandas/tests/indexes/multi/__pycache__/test_formats.cpython-312.pyc	only original
.venv/Lib/site-packages/pandas/tests/indexes/multi/__pycache__/test_get_level_values.cpython-312.pyc	only original
.venv/Lib/site-packages/pandas/tests/indexes/multi/__pycache__/test_get_set.cpython-312.pyc	only original
.venv/Lib/site-packages/pandas/tests/indexes/multi/__pycache__/test_indexing.cpython-312.pyc	only original
.venv/Lib/site-packages/pandas/tests/indexes/multi/__pycache__/test_integrity.cpython-312.pyc	only original
.venv/Lib/site-packages/pandas/tests/indexes/multi/__pycache__/test_isin.cpython-312.pyc	only original
.venv/Lib/site-packages/pandas/tests/indexes/multi/__pycache__/test_join.cpython-312.pyc	only original
.venv/Lib/site-packages/pandas/tests/indexes/multi/__pycache__/test_lexsort.cpython-312.pyc	only original
.venv/Lib/site-packages/pandas/tests/indexes/multi/__pycache__/test_missing.cpython-312.pyc	only original
.venv/Lib/site-packages/pandas/tests/indexes/multi/__pycache__/test_monotonic.cpython-312.pyc	only original
.venv/Lib/site-packages/pandas/tests/indexes/multi/__pycache__/test_names.cpython-312.pyc	only original
.venv/Lib/site-packages/pandas/tests/indexes/multi/__pycache__/test_partial_indexing.cpython-312.pyc	only original
.venv/Lib/site-packages/pandas/tests/indexes/multi/__pycache__/test_pickle.cpython-312.pyc	only original
.venv/Lib/site-packages/pandas/tests/indexes/multi/__pycache__/test_reindex.cpython-312.pyc	only original
.venv/Lib/site-packages/pandas/tests/indexes/multi/__pycache__/test_reshape.cpython-312.pyc	only original
.venv/Lib/site-packages/pandas/tests/indexes/multi/__pycache__/test_setops.cpython-312.pyc	only original
.venv/Lib/site-packages/pandas/tests/indexes/multi/__pycache__/test_sorting.cpython-312.pyc	only original
.venv/Lib/site-packages/pandas/tests/indexes/multi/__pycache__/test_take.cpython-312.pyc	only original
.venv/Lib/site-packages/pandas/tests/indexes/multi/conftest.py	only original
.venv/Lib/site-packages/pandas/tests/indexes/multi/test_analytics.py	only original
.venv/Lib/site-packages/pandas/tests/indexes/multi/test_astype.py	only original
.venv/Lib/site-packages/pandas/tests/indexes/multi/test_compat.py	only original
.venv/Lib/site-packages/pandas/tests/indexes/multi/test_constructors.py	only original
.venv/Lib/site-packages/pandas/tests/indexes/multi/test_conversion.py	only original
.venv/Lib/site-packages/pandas/tests/indexes/multi/test_copy.py	only original
.venv/Lib/site-packages/pandas/tests/indexes/multi/test_drop.py	only original
.venv/Lib/site-packages/pandas/tests/indexes/multi/test_duplicates.py	only original
.venv/Lib/site-packages/pandas/tests/indexes/multi/test_equivalence.py	only original
.venv/Lib/site-packages/pandas/tests/indexes/multi/test_formats.py	only original
.venv/Lib/site-packages/pandas/tests/indexes/multi/test_get_level_values.py	only original
.venv/Lib/site-packages/pandas/tests/indexes/multi/test_get_set.py	only original
.venv/Lib/site-packages/pandas/tests/indexes/multi/test_indexing.py	only original
.venv/Lib/site-packages/pandas/tests/indexes/multi/test_integrity.py	only original
.venv/Lib/site-packages/pandas/tests/indexes/multi/test_isin.py	only original
.venv/Lib/site-packages/pandas/tests/indexes/multi/test_join.py	only original
.venv/Lib/site-packages/pandas/tests/indexes/multi/test_lexsort.py	only original
.venv/Lib/site-packages/pandas/tests/indexes/multi/test_missing.py	only original
.venv/Lib/site-packages/pandas/tests/indexes/multi/test_monotonic.py	only original
.venv/Lib/site-packages/pandas/tests/indexes/multi/test_names.py	only original
.venv/Lib/site-packages/pandas/tests/indexes/multi/test_partial_indexing.py	only original
.venv/Lib/site-packages/pandas/tests/indexes/multi/test_pickle.py	only original
.venv/Lib/site-packages/pandas/tests/indexes/multi/test_reindex.py	only original
.venv/Lib/site-packages/pandas/tests/indexes/multi/test_reshape.py	only original
.venv/Lib/site-packages/pandas/tests/indexes/multi/test_setops.py	only original
.venv/Lib/site-packages/pandas/tests/indexes/multi/test_sorting.py	only original
.venv/Lib/site-packages/pandas/tests/indexes/multi/test_take.py	only original
.venv/Lib/site-packages/pandas/tests/indexes/numeric/__init__.py	only original
.venv/Lib/site-packages/pandas/tests/indexes/numeric/__pycache__/__init__.cpython-312.pyc	only original
.venv/Lib/site-packages/pandas/tests/indexes/numeric/__pycache__/test_astype.cpython-312.pyc	only original
.venv/Lib/site-packages/pandas/tests/indexes/numeric/__pycache__/test_indexing.cpython-312.pyc	only original
.venv/Lib/site-packages/pandas/tests/indexes/numeric/__pycache__/test_join.cpython-312.pyc	only original
.venv/Lib/site-packages/pandas/tests/indexes/numeric/__pycache__/test_numeric.cpython-312.pyc	only original
.venv/Lib/site-packages/pandas/tests/indexes/numeric/__pycache__/test_setops.cpython-312.pyc	only original
.venv/Lib/site-packages/pandas/tests/indexes/numeric/test_astype.py	only original
.venv/Lib/site-packages/pandas/tests/indexes/numeric/test_indexing.py	only original
.venv/Lib/site-packages/pandas/tests/indexes/numeric/test_join.py	only original
.venv/Lib/site-packages/pandas/tests/indexes/numeric/test_numeric.py	only original
.venv/Lib/site-packages/pandas/tests/indexes/numeric/test_setops.py	only original
.venv/Lib/site-packages/pandas/tests/indexes/object/__init__.py	only original
.venv/Lib/site-packages/pandas/tests/indexes/object/__pycache__/__init__.cpython-312.pyc	only original
.venv/Lib/site-packages/pandas/tests/indexes/object/__pycache__/test_astype.cpython-312.pyc	only original
.venv/Lib/site-packages/pandas/tests/indexes/object/__pycache__/test_indexing.cpython-312.pyc	only original
.venv/Lib/site-packages/pandas/tests/indexes/object/test_astype.py	only original
.venv/Lib/site-packages/pandas/tests/indexes/object/test_indexing.py	only original
.venv/Lib/site-packages/pandas/tests/indexes/period/__init__.py	only original
.venv/Lib/site-packages/pandas/tests/indexes/period/__pycache__/__init__.cpython-312.pyc	only original
.venv/Lib/site-packages/pandas/tests/indexes/period/__pycache__/test_constructors.cpython-312.pyc	only original
.venv/Lib/site-packages/pandas/tests/indexes/period/__pycache__/test_formats.cpython-312.pyc	only original
.venv/Lib/site-packages/pandas/tests/indexes/period/__pycache__/test_freq_attr.cpython-312.pyc	only original
.venv/Lib/site-packages/pandas/tests/indexes/period/__pycache__/test_indexing.cpython-312.pyc	only original
.venv/Lib/site-packages/pandas/tests/indexes/period/__pycache__/test_join.cpython-312.pyc	only original
.venv/Lib/site-packages/pandas/tests/indexes/period/__pycache__/test_monotonic.cpython-312.pyc	only original
.venv/Lib/site-packages/pandas/tests/indexes/period/__pycache__/test_partial_slicing.cpython-312.pyc	only original
.venv/Lib/site-packages/pandas/tests/indexes/period/__pycache__/test_period.cpython-312.pyc	only original
.venv/Lib/site-packages/pandas/tests/indexes/period/__pycache__/test_period_range.cpython-312.pyc	only original
.venv/Lib/site-packages/pandas/tests/indexes/period/__pycache__/test_pickle.cpython-312.pyc	only original
.venv/Lib/site-packages/pandas/tests/indexes/period/__pycache__/test_resolution.cpython-312.pyc	only original
.venv/Lib/site-packages/pandas/tests/indexes/period/__pycache__/test_scalar_compat.cpython-312.pyc	only original
.venv/Lib/site-packages/pandas/tests/indexes/period/__pycache__/test_searchsorted.cpython-312.pyc	only original
.venv/Lib/site-packages/pandas/tests/indexes/period/__pycache__/test_setops.cpython-312.pyc	only original
.venv/Lib/site-packages/pandas/tests/indexes/period/__pycache__/test_tools.cpython-312.pyc	only original
.venv/Lib/site-packages/pandas/tests/indexes/period/methods/__init__.py	only original
.venv/Lib/site-packages/pandas/tests/indexes/period/methods/__pycache__/__init__.cpython-312.pyc	only original
.venv/Lib/site-packages/pandas/tests/indexes/period/methods/__pycache__/test_asfreq.cpython-312.pyc	only original
.venv/Lib/site-packages/pandas/tests/indexes/period/methods/__pycache__/test_astype.cpython-312.pyc	only original
.venv/Lib/site-packages/pandas/tests/indexes/period/methods/__pycache__/test_factorize.cpython-312.pyc	only original
.venv/Lib/site-packages/pandas/tests/indexes/period/methods/__pycache__/test_fillna.cpython-312.pyc	only original
.venv/Lib/site-packages/pandas/tests/indexes/period/methods/__pycache__/test_insert.cpython-312.pyc	only original
.venv/Lib/site-packages/pandas/tests/indexes/period/methods/__pycache__/test_is_full.cpython-312.pyc	only original
.venv/Lib/site-packages/pandas/tests/indexes/period/methods/__pycache__/test_repeat.cpython-312.pyc	only original
.venv/Lib/site-packages/pandas/tests/indexes/period/methods/__pycache__/test_shift.cpython-312.pyc	only original
.venv/Lib/site-packages/pandas/tests/indexes/period/methods/__pycache__/test_to_timestamp.cpython-312.pyc	only original
.venv/Lib/site-packages/pandas/tests/indexes/period/methods/test_asfreq.py	only original
.venv/Lib/site-packages/pandas/tests/indexes/period/methods/test_astype.py	only original
.venv/Lib/site-packages/pandas/tests/indexes/period/methods/test_factorize.py	only original
.venv/Lib/site-packages/pandas/tests/indexes/period/methods/test_fillna.py	only original
.venv/Lib/site-packages/pandas/tests/indexes/period/methods/test_insert.py	only original
.venv/Lib/site-packages/pandas/tests/indexes/period/methods/test_is_full.py	only original
.venv/Lib/site-packages/pandas/tests/indexes/period/methods/test_repeat.py	only original
.venv/Lib/site-packages/pandas/tests/indexes/period/methods/test_shift.py	only original
.venv/Lib/site-packages/pandas/tests/indexes/period/methods/test_to_timestamp.py	only original
.venv/Lib/site-packages/pandas/tests/indexes/period/test_constructors.py	only original
.venv/Lib/site-packages/pandas/tests/indexes/period/test_formats.py	only original
.venv/Lib/site-packages/pandas/tests/indexes/period/test_freq_attr.py	only original
.venv/Lib/site-packages/pandas/tests/indexes/period/test_indexing.py	only original
.venv/Lib/site-packages/pandas/tests/indexes/period/test_join.py	only original
.venv/Lib/site-packages/pandas/tests/indexes/period/test_monotonic.py	only original
.venv/Lib/site-packages/pandas/tests/indexes/period/test_partial_slicing.py	only original
.venv/Lib/site-packages/pandas/tests/indexes/period/test_period.py	only original
.venv/Lib/site-packages/pandas/tests/indexes/period/test_period_range.py	only original
.venv/Lib/site-packages/pandas/tests/indexes/period/test_pickle.py	only original
.venv/Lib/site-packages/pandas/tests/indexes/period/test_resolution.py	only original
.venv/Lib/site-packages/pandas/tests/indexes/period/test_scalar_compat.py	only original
.venv/Lib/site-packages/pandas/tests/indexes/period/test_searchsorted.py	only original
.venv/Lib/site-packages/pandas/tests/indexes/period/test_setops.py	only original
.venv/Lib/site-packages/pandas/tests/indexes/period/test_tools.py	only original
.venv/Lib/site-packages/pandas/tests/indexes/ranges/__init__.py	only original
.venv/Lib/site-packages/pandas/tests/indexes/ranges/__pycache__/__init__.cpython-312.pyc	only original
.venv/Lib/site-packages/pandas/tests/indexes/ranges/__pycache__/test_constructors.cpython-312.pyc	only original
.venv/Lib/site-packages/pandas/tests/indexes/ranges/__pycache__/test_indexing.cpython-312.pyc	only original
.venv/Lib/site-packages/pandas/tests/indexes/ranges/__pycache__/test_join.cpython-312.pyc	only original
.venv/Lib/site-packages/pandas/tests/indexes/ranges/__pycache__/test_range.cpython-312.pyc	only original
.venv/Lib/site-packages/pandas/tests/indexes/ranges/__pycache__/test_setops.cpython-312.pyc	only original
.venv/Lib/site-packages/pandas/tests/indexes/ranges/test_constructors.py	only original
.venv/Lib/site-packages/pandas/tests/indexes/ranges/test_indexing.py	only original
.venv/Lib/site-packages/pandas/tests/indexes/ranges/test_join.py	only original
.venv/Lib/site-packages/pandas/tests/indexes/ranges/test_range.py	only original
.venv/Lib/site-packages/pandas/tests/indexes/ranges/test_setops.py	only original
.venv/Lib/site-packages/pandas/tests/indexes/string/__init__.py	only original
.venv/Lib/site-packages/pandas/tests/indexes/string/__pycache__/__init__.cpython-312.pyc	only original
.venv/Lib/site-packages/pandas/tests/indexes/string/__pycache__/test_astype.cpython-312.pyc	only original
.venv/Lib/site-packages/pandas/tests/indexes/string/__pycache__/test_indexing.cpython-312.pyc	only original
.venv/Lib/site-packages/pandas/tests/indexes/string/test_astype.py	only original
.venv/Lib/site-packages/pandas/tests/indexes/string/test_indexing.py	only original
.venv/Lib/site-packages/pandas/tests/indexes/test_any_index.py	only original
.venv/Lib/site-packages/pandas/tests/indexes/test_base.py	only original
.venv/Lib/site-packages/pandas/tests/indexes/test_common.py	only original
.venv/Lib/site-packages/pandas/tests/indexes/test_datetimelike.py	only original
.venv/Lib/site-packages/pandas/tests/indexes/test_engines.py	only original
.venv/Lib/site-packages/pandas/tests/indexes/test_frozen.py	only original
.venv/Lib/site-packages/pandas/tests/indexes/test_index_new.py	only original
.venv/Lib/site-packages/pandas/tests/indexes/test_indexing.py	only original
.venv/Lib/site-packages/pandas/tests/indexes/test_numpy_compat.py	only original
.venv/Lib/site-packages/pandas/tests/indexes/test_old_base.py	only original
.venv/Lib/site-packages/pandas/tests/indexes/test_setops.py	only original
.venv/Lib/site-packages/pandas/tests/indexes/test_subclass.py	only original
.venv/Lib/site-packages/pandas/tests/indexes/timedeltas/__init__.py	only original
.venv/Lib/site-packages/pandas/tests/indexes/timedeltas/__pycache__/__init__.cpython-312.pyc	only original
.venv/Lib/site-packages/pandas/tests/indexes/timedeltas/__pycache__/test_arithmetic.cpython-312.pyc	only original
.venv/Lib/site-packages/pandas/tests/indexes/timedeltas/__pycache__/test_constructors.cpython-312.pyc	only original
.venv/Lib/site-packages/pandas/tests/indexes/timedeltas/__pycache__/test_delete.cpython-312.pyc	only original
.venv/Lib/site-packages/pandas/tests/indexes/timedeltas/__pycache__/test_formats.cpython-312.pyc	only original
.venv/Lib/site-packages/pandas/tests/indexes/timedeltas/__pycache__/test_freq_attr.cpython-312.pyc	only original
.venv/Lib/site-packages/pandas/tests/indexes/timedeltas/__pycache__/test_indexing.cpython-312.pyc	only original
.venv/Lib/site-packages/pandas/tests/indexes/timedeltas/__pycache__/test_join.cpython-312.pyc	only original
.venv/Lib/site-packages/pandas/tests/indexes/timedeltas/__pycache__/test_ops.cpython-312.pyc	only original
.venv/Lib/site-packages/pandas/tests/indexes/timedeltas/__pycache__/test_pickle.cpython-312.pyc	only original
.venv/Lib/site-packages/pandas/tests/indexes/timedeltas/__pycache__/test_scalar_compat.cpython-312.pyc	only original
.venv/Lib/site-packages/pandas/tests/indexes/timedeltas/__pycache__/test_searchsorted.cpython-312.pyc	only original
.venv/Lib/site-packages/pandas/tests/indexes/timedeltas/__pycache__/test_setops.cpython-312.pyc	only original
.venv/Lib/site-packages/pandas/tests/indexes/timedeltas/__pycache__/test_timedelta.cpython-312.pyc	only original
.venv/Lib/site-packages/pandas/tests/indexes/timedeltas/__pycache__/test_timedelta_range.cpython-312.pyc	only original
.venv/Lib/site-packages/pandas/tests/indexes/timedeltas/methods/__init__.py	only original
.venv/Lib/site-packages/pandas/tests/indexes/timedeltas/methods/__pycache__/__init__.cpython-312.pyc	only original
.venv/Lib/site-packages/pandas/tests/indexes/timedeltas/methods/__pycache__/test_astype.cpython-312.pyc	only original
.venv/Lib/site-packages/pandas/tests/indexes/timedeltas/methods/__pycache__/test_factorize.cpython-312.pyc	only original
.venv/Lib/site-packages/pandas/tests/indexes/timedeltas/methods/__pycache__/test_fillna.cpython-312.pyc	only original
.venv/Lib/site-packages/pandas/tests/indexes/timedeltas/methods/__pycache__/test_insert.cpython-312.pyc	only original
.venv/Lib/site-packages/pandas/tests/indexes/timedeltas/methods/__pycache__/test_repeat.cpython-312.pyc	only original
.venv/Lib/site-packages/pandas/tests/indexes/timedeltas/methods/__pycache__/test_shift.cpython-312.pyc	only original
.venv/Lib/site-packages/pandas/tests/indexes/timedeltas/methods/test_astype.py	only original
.venv/Lib/site-packages/pandas/tests/indexes/timedeltas/methods/test_factorize.py	only original
.venv/Lib/site-packages/pandas/tests/indexes/timedeltas/methods/test_fillna.py	only original
.venv/Lib/site-packages/pandas/tests/indexes/timedeltas/methods/test_insert.py	only original
.venv/Lib/site-packages/pandas/tests/indexes/timedeltas/methods/test_repeat.py	only original
.venv/Lib/site-packages/pandas/tests/indexes/timedeltas/methods/test_shift.py	only original
.venv/Lib/site-packages/pandas/tests/indexes/timedeltas/test_arithmetic.py	only original
.venv/Lib/site-packages/pandas/tests/indexes/timedeltas/test_constructors.py	only original
.venv/Lib/site-packages/pandas/tests/indexes/timedeltas/test_delete.py	only original
.venv/Lib/site-packages/pandas/tests/indexes/timedeltas/test_formats.py	only original
.venv/Lib/site-packages/pandas/tests/indexes/timedeltas/test_freq_attr.py	only original
.venv/Lib/site-packages/pandas/tests/indexes/timedeltas/test_indexing.py	only original
.venv/Lib/site-packages/pandas/tests/indexes/timedeltas/test_join.py	only original
.venv/Lib/site-packages/pandas/tests/indexes/timedeltas/test_ops.py	only original
.venv/Lib/site-packages/pandas/tests/indexes/timedeltas/test_pickle.py	only original
.venv/Lib/site-packages/pandas/tests/indexes/timedeltas/test_scalar_compat.py	only original
.venv/Lib/site-packages/pandas/tests/indexes/timedeltas/test_searchsorted.py	only original
.venv/Lib/site-packages/pandas/tests/indexes/timedeltas/test_setops.py	only original
.venv/Lib/site-packages/pandas/tests/indexes/timedeltas/test_timedelta.py	only original
.venv/Lib/site-packages/pandas/tests/indexes/timedeltas/test_timedelta_range.py	only original
.venv/Lib/site-packages/pandas/tests/indexing/__init__.py	only original
.venv/Lib/site-packages/pandas/tests/indexing/__pycache__/__init__.cpython-312.pyc	only original
.venv/Lib/site-packages/pandas/tests/indexing/__pycache__/common.cpython-312.pyc	only original
.venv/Lib/site-packages/pandas/tests/indexing/__pycache__/conftest.cpython-312.pyc	only original
.venv/Lib/site-packages/pandas/tests/indexing/__pycache__/test_at.cpython-312.pyc	only original
.venv/Lib/site-packages/pandas/tests/indexing/__pycache__/test_categorical.cpython-312.pyc	only original
.venv/Lib/site-packages/pandas/tests/indexing/__pycache__/test_chaining_and_caching.cpython-312.pyc	only original
.venv/Lib/site-packages/pandas/tests/indexing/__pycache__/test_check_indexer.cpython-312.pyc	only original
.venv/Lib/site-packages/pandas/tests/indexing/__pycache__/test_coercion.cpython-312.pyc	only original
.venv/Lib/site-packages/pandas/tests/indexing/__pycache__/test_datetime.cpython-312.pyc	only original
.venv/Lib/site-packages/pandas/tests/indexing/__pycache__/test_floats.cpython-312.pyc	only original
.venv/Lib/site-packages/pandas/tests/indexing/__pycache__/test_iat.cpython-312.pyc	only original
.venv/Lib/site-packages/pandas/tests/indexing/__pycache__/test_iloc.cpython-312.pyc	only original
.venv/Lib/site-packages/pandas/tests/indexing/__pycache__/test_indexers.cpython-312.pyc	only original
.venv/Lib/site-packages/pandas/tests/indexing/__pycache__/test_indexing.cpython-312.pyc	only original
.venv/Lib/site-packages/pandas/tests/indexing/__pycache__/test_loc.cpython-312.pyc	only original
.venv/Lib/site-packages/pandas/tests/indexing/__pycache__/test_na_indexing.cpython-312.pyc	only original
.venv/Lib/site-packages/pandas/tests/indexing/__pycache__/test_partial.cpython-312.pyc	only original
.venv/Lib/site-packages/pandas/tests/indexing/__pycache__/test_scalar.cpython-312.pyc	only original
.venv/Lib/site-packages/pandas/tests/indexing/common.py	only original
.venv/Lib/site-packages/pandas/tests/indexing/conftest.py	only original
.venv/Lib/site-packages/pandas/tests/indexing/interval/__init__.py	only original
.venv/Lib/site-packages/pandas/tests/indexing/interval/__pycache__/__init__.cpython-312.pyc	only original
.venv/Lib/site-packages/pandas/tests/indexing/interval/__pycache__/test_interval.cpython-312.pyc	only original
.venv/Lib/site-packages/pandas/tests/indexing/interval/__pycache__/test_interval_new.cpython-312.pyc	only original
.venv/Lib/site-packages/pandas/tests/indexing/interval/test_interval.py	only original
.venv/Lib/site-packages/pandas/tests/indexing/interval/test_interval_new.py	only original
.venv/Lib/site-packages/pandas/tests/indexing/multiindex/__init__.py	only original
.venv/Lib/site-packages/pandas/tests/indexing/multiindex/__pycache__/__init__.cpython-312.pyc	only original
.venv/Lib/site-packages/pandas/tests/indexing/multiindex/__pycache__/test_chaining_and_caching.cpython-312.pyc	only original
.venv/Lib/site-packages/pandas/tests/indexing/multiindex/__pycache__/test_datetime.cpython-312.pyc	only original
.venv/Lib/site-packages/pandas/tests/indexing/multiindex/__pycache__/test_getitem.cpython-312.pyc	only original
.venv/Lib/site-packages/pandas/tests/indexing/multiindex/__pycache__/test_iloc.cpython-312.pyc	only original
.venv/Lib/site-packages/pandas/tests/indexing/multiindex/__pycache__/test_indexing_slow.cpython-312.pyc	only original
.venv/Lib/site-packages/pandas/tests/indexing/multiindex/__pycache__/test_loc.cpython-312.pyc	only original
.venv/Lib/site-packages/pandas/tests/indexing/multiindex/__pycache__/test_multiindex.cpython-312.pyc	only original
.venv/Lib/site-packages/pandas/tests/indexing/multiindex/__pycache__/test_partial.cpython-312.pyc	only original
.venv/Lib/site-packages/pandas/tests/indexing/multiindex/__pycache__/test_setitem.cpython-312.pyc	only original
.venv/Lib/site-packages/pandas/tests/indexing/multiindex/__pycache__/test_slice.cpython-312.pyc	only original
.venv/Lib/site-packages/pandas/tests/indexing/multiindex/__pycache__/test_sorted.cpython-312.pyc	only original
.venv/Lib/site-packages/pandas/tests/indexing/multiindex/test_chaining_and_caching.py	only original
.venv/Lib/site-packages/pandas/tests/indexing/multiindex/test_datetime.py	only original
.venv/Lib/site-packages/pandas/tests/indexing/multiindex/test_getitem.py	only original
.venv/Lib/site-packages/pandas/tests/indexing/multiindex/test_iloc.py	only original
.venv/Lib/site-packages/pandas/tests/indexing/multiindex/test_indexing_slow.py	only original
.venv/Lib/site-packages/pandas/tests/indexing/multiindex/test_loc.py	only original
.venv/Lib/site-packages/pandas/tests/indexing/multiindex/test_multiindex.py	only original
.venv/Lib/site-packages/pandas/tests/indexing/multiindex/test_partial.py	only original
.venv/Lib/site-packages/pandas/tests/indexing/multiindex/test_setitem.py	only original
.venv/Lib/site-packages/pandas/tests/indexing/multiindex/test_slice.py	only original
.venv/Lib/site-packages/pandas/tests/indexing/multiindex/test_sorted.py	only original
.venv/Lib/site-packages/pandas/tests/indexing/test_at.py	only original
.venv/Lib/site-packages/pandas/tests/indexing/test_categorical.py	only original
.venv/Lib/site-packages/pandas/tests/indexing/test_chaining_and_caching.py	only original
.venv/Lib/site-packages/pandas/tests/indexing/test_check_indexer.py	only original
.venv/Lib/site-packages/pandas/tests/indexing/test_coercion.py	only original
.venv/Lib/site-packages/pandas/tests/indexing/test_datetime.py	only original
.venv/Lib/site-packages/pandas/tests/indexing/test_floats.py	only original
.venv/Lib/site-packages/pandas/tests/indexing/test_iat.py	only original
.venv/Lib/site-packages/pandas/tests/indexing/test_iloc.py	only original
.venv/Lib/site-packages/pandas/tests/indexing/test_indexers.py	only original
.venv/Lib/site-packages/pandas/tests/indexing/test_indexing.py	only original
.venv/Lib/site-packages/pandas/tests/indexing/test_loc.py	only original
.venv/Lib/site-packages/pandas/tests/indexing/test_na_indexing.py	only original
.venv/Lib/site-packages/pandas/tests/indexing/test_partial.py	only original
.venv/Lib/site-packages/pandas/tests/indexing/test_scalar.py	only original
.venv/Lib/site-packages/pandas/tests/interchange/__init__.py	only original
.venv/Lib/site-packages/pandas/tests/interchange/__pycache__/__init__.cpython-312.pyc	only original
.venv/Lib/site-packages/pandas/tests/interchange/__pycache__/test_impl.cpython-312.pyc	only original
.venv/Lib/site-packages/pandas/tests/interchange/__pycache__/test_spec_conformance.cpython-312.pyc	only original
.venv/Lib/site-packages/pandas/tests/interchange/__pycache__/test_utils.cpython-312.pyc	only original
.venv/Lib/site-packages/pandas/tests/interchange/test_impl.py	only original
.venv/Lib/site-packages/pandas/tests/interchange/test_spec_conformance.py	only original
.venv/Lib/site-packages/pandas/tests/interchange/test_utils.py	only original
.venv/Lib/site-packages/pandas/tests/internals/__init__.py	only original
.venv/Lib/site-packages/pandas/tests/internals/__pycache__/__init__.cpython-312.pyc	only original
.venv/Lib/site-packages/pandas/tests/internals/__pycache__/test_api.cpython-312.pyc	only original
.venv/Lib/site-packages/pandas/tests/internals/__pycache__/test_internals.cpython-312.pyc	only original
.venv/Lib/site-packages/pandas/tests/internals/__pycache__/test_managers.cpython-312.pyc	only original
.venv/Lib/site-packages/pandas/tests/internals/test_api.py	only original
.venv/Lib/site-packages/pandas/tests/internals/test_internals.py	only original
.venv/Lib/site-packages/pandas/tests/internals/test_managers.py	only original
.venv/Lib/site-packages/pandas/tests/io/__init__.py	only original
.venv/Lib/site-packages/pandas/tests/io/__pycache__/__init__.cpython-312.pyc	only original
.venv/Lib/site-packages/pandas/tests/io/__pycache__/conftest.cpython-312.pyc	only original
.venv/Lib/site-packages/pandas/tests/io/__pycache__/generate_legacy_storage_files.cpython-312.pyc	only original
.venv/Lib/site-packages/pandas/tests/io/__pycache__/test_clipboard.cpython-312.pyc	only original
.venv/Lib/site-packages/pandas/tests/io/__pycache__/test_common.cpython-312.pyc	only original
.venv/Lib/site-packages/pandas/tests/io/__pycache__/test_compression.cpython-312.pyc	only original
.venv/Lib/site-packages/pandas/tests/io/__pycache__/test_feather.cpython-312.pyc	only original
.venv/Lib/site-packages/pandas/tests/io/__pycache__/test_fsspec.cpython-312.pyc	only original
.venv/Lib/site-packages/pandas/tests/io/__pycache__/test_gbq.cpython-312.pyc	only original
.venv/Lib/site-packages/pandas/tests/io/__pycache__/test_gcs.cpython-312.pyc	only original
.venv/Lib/site-packages/pandas/tests/io/__pycache__/test_html.cpython-312.pyc	only original
.venv/Lib/site-packages/pandas/tests/io/__pycache__/test_http_headers.cpython-312.pyc	only original
.venv/Lib/site-packages/pandas/tests/io/__pycache__/test_orc.cpython-312.pyc	only original
.venv/Lib/site-packages/pandas/tests/io/__pycache__/test_parquet.cpython-312.pyc	only original
.venv/Lib/site-packages/pandas/tests/io/__pycache__/test_pickle.cpython-312.pyc	only original
.venv/Lib/site-packages/pandas/tests/io/__pycache__/test_s3.cpython-312.pyc	only original
.venv/Lib/site-packages/pandas/tests/io/__pycache__/test_spss.cpython-312.pyc	only original
.venv/Lib/site-packages/pandas/tests/io/__pycache__/test_sql.cpython-312.pyc	only original
.venv/Lib/site-packages/pandas/tests/io/__pycache__/test_stata.cpython-312.pyc	only original
.venv/Lib/site-packages/pandas/tests/io/conftest.py	only original
.venv/Lib/site-packages/pandas/tests/io/excel/__init__.py	only original
.venv/Lib/site-packages/pandas/tests/io/excel/__pycache__/__init__.cpython-312.pyc	only original
.venv/Lib/site-packages/pandas/tests/io/excel/__pycache__/test_odf.cpython-312.pyc	only original
.venv/Lib/site-packages/pandas/tests/io/excel/__pycache__/test_odswriter.cpython-312.pyc	only original
.venv/Lib/site-packages/pandas/tests/io/excel/__pycache__/test_openpyxl.cpython-312.pyc	only original
.venv/Lib/site-packages/pandas/tests/io/excel/__pycache__/test_readers.cpython-312.pyc	only original
.venv/Lib/site-packages/pandas/tests/io/excel/__pycache__/test_style.cpython-312.pyc	only original
.venv/Lib/site-packages/pandas/tests/io/excel/__pycache__/test_writers.cpython-312.pyc	only original
.venv/Lib/site-packages/pandas/tests/io/excel/__pycache__/test_xlrd.cpython-312.pyc	only original
.venv/Lib/site-packages/pandas/tests/io/excel/__pycache__/test_xlsxwriter.cpython-312.pyc	only original
.venv/Lib/site-packages/pandas/tests/io/excel/test_odf.py	only original
.venv/Lib/site-packages/pandas/tests/io/excel/test_odswriter.py	only original
.venv/Lib/site-packages/pandas/tests/io/excel/test_openpyxl.py	only original
.venv/Lib/site-packages/pandas/tests/io/excel/test_readers.py	only original
.venv/Lib/site-packages/pandas/tests/io/excel/test_style.py	only original
.venv/Lib/site-packages/pandas/tests/io/excel/test_writers.py	only original
.venv/Lib/site-packages/pandas/tests/io/excel/test_xlrd.py	only original
.venv/Lib/site-packages/pandas/tests/io/excel/test_xlsxwriter.py	only original
.venv/Lib/site-packages/pandas/tests/io/formats/__init__.py	only original
.venv/Lib/site-packages/pandas/tests/io/formats/__pycache__/__init__.cpython-312.pyc	only original
.venv/Lib/site-packages/pandas/tests/io/formats/__pycache__/test_console.cpython-312.pyc	only original
.venv/Lib/site-packages/pandas/tests/io/formats/__pycache__/test_css.cpython-312.pyc	only original
.venv/Lib/site-packages/pandas/tests/io/formats/__pycache__/test_eng_formatting.cpython-312.pyc	only original
.venv/Lib/site-packages/pandas/tests/io/formats/__pycache__/test_format.cpython-312.pyc	only original
.venv/Lib/site-packages/pandas/tests/io/formats/__pycache__/test_ipython_compat.cpython-312.pyc	only original
.venv/Lib/site-packages/pandas/tests/io/formats/__pycache__/test_printing.cpython-312.pyc	only original
.venv/Lib/site-packages/pandas/tests/io/formats/__pycache__/test_to_csv.cpython-312.pyc	only original
.venv/Lib/site-packages/pandas/tests/io/formats/__pycache__/test_to_excel.cpython-312.pyc	only original
.venv/Lib/site-packages/pandas/tests/io/formats/__pycache__/test_to_html.cpython-312.pyc	only original
.venv/Lib/site-packages/pandas/tests/io/formats/__pycache__/test_to_latex.cpython-312.pyc	only original
.venv/Lib/site-packages/pandas/tests/io/formats/__pycache__/test_to_markdown.cpython-312.pyc	only original
.venv/Lib/site-packages/pandas/tests/io/formats/__pycache__/test_to_string.cpython-312.pyc	only original
.venv/Lib/site-packages/pandas/tests/io/formats/style/__init__.py	only original
.venv/Lib/site-packages/pandas/tests/io/formats/style/__pycache__/__init__.cpython-312.pyc	only original
.venv/Lib/site-packages/pandas/tests/io/formats/style/__pycache__/test_bar.cpython-312.pyc	only original
.venv/Lib/site-packages/pandas/tests/io/formats/style/__pycache__/test_exceptions.cpython-312.pyc	only original
.venv/Lib/site-packages/pandas/tests/io/formats/style/__pycache__/test_format.cpython-312.pyc	only original
.venv/Lib/site-packages/pandas/tests/io/formats/style/__pycache__/test_highlight.cpython-312.pyc	only original
.venv/Lib/site-packages/pandas/tests/io/formats/style/__pycache__/test_html.cpython-312.pyc	only original
.venv/Lib/site-packages/pandas/tests/io/formats/style/__pycache__/test_matplotlib.cpython-312.pyc	only original
.venv/Lib/site-packages/pandas/tests/io/formats/style/__pycache__/test_non_unique.cpython-312.pyc	only original
.venv/Lib/site-packages/pandas/tests/io/formats/style/__pycache__/test_style.cpython-312.pyc	only original
.venv/Lib/site-packages/pandas/tests/io/formats/style/__pycache__/test_to_latex.cpython-312.pyc	only original
.venv/Lib/site-packages/pandas/tests/io/formats/style/__pycache__/test_to_string.cpython-312.pyc	only original
.venv/Lib/site-packages/pandas/tests/io/formats/style/__pycache__/test_tooltip.cpython-312.pyc	only original
.venv/Lib/site-packages/pandas/tests/io/formats/style/test_bar.py	only original
.venv/Lib/site-packages/pandas/tests/io/formats/style/test_exceptions.py	only original
.venv/Lib/site-packages/pandas/tests/io/formats/style/test_format.py	only original
.venv/Lib/site-packages/pandas/tests/io/formats/style/test_highlight.py	only original
.venv/Lib/site-packages/pandas/tests/io/formats/style/test_html.py	only original
.venv/Lib/site-packages/pandas/tests/io/formats/style/test_matplotlib.py	only original
.venv/Lib/site-packages/pandas/tests/io/formats/style/test_non_unique.py	only original
.venv/Lib/site-packages/pandas/tests/io/formats/style/test_style.py	only original
.venv/Lib/site-packages/pandas/tests/io/formats/style/test_to_latex.py	only original
.venv/Lib/site-packages/pandas/tests/io/formats/style/test_to_string.py	only original
.venv/Lib/site-packages/pandas/tests/io/formats/style/test_tooltip.py	only original
.venv/Lib/site-packages/pandas/tests/io/formats/test_console.py	only original
.venv/Lib/site-packages/pandas/tests/io/formats/test_css.py	only original
.venv/Lib/site-packages/pandas/tests/io/formats/test_eng_formatting.py	only original
.venv/Lib/site-packages/pandas/tests/io/formats/test_format.py	only original
.venv/Lib/site-packages/pandas/tests/io/formats/test_ipython_compat.py	only original
.venv/Lib/site-packages/pandas/tests/io/formats/test_printing.py	only original
.venv/Lib/site-packages/pandas/tests/io/formats/test_to_csv.py	only original
.venv/Lib/site-packages/pandas/tests/io/formats/test_to_excel.py	only original
.venv/Lib/site-packages/pandas/tests/io/formats/test_to_html.py	only original
.venv/Lib/site-packages/pandas/tests/io/formats/test_to_latex.py	only original
.venv/Lib/site-packages/pandas/tests/io/formats/test_to_markdown.py	only original
.venv/Lib/site-packages/pandas/tests/io/formats/test_to_string.py	only original
.venv/Lib/site-packages/pandas/tests/io/generate_legacy_storage_files.py	only original
.venv/Lib/site-packages/pandas/tests/io/json/__init__.py	only original
.venv/Lib/site-packages/pandas/tests/io/json/__pycache__/__init__.cpython-312.pyc	only original
.venv/Lib/site-packages/pandas/tests/io/json/__pycache__/conftest.cpython-312.pyc	only original
.venv/Lib/site-packages/pandas/tests/io/json/__pycache__/test_compression.cpython-312.pyc	only original
.venv/Lib/site-packages/pandas/tests/io/json/__pycache__/test_deprecated_kwargs.cpython-312.pyc	only original
.venv/Lib/site-packages/pandas/tests/io/json/__pycache__/test_json_table_schema.cpython-312.pyc	only original
.venv/Lib/site-packages/pandas/tests/io/json/__pycache__/test_json_table_schema_ext_dtype.cpython-312.pyc	only original
.venv/Lib/site-packages/pandas/tests/io/json/__pycache__/test_normalize.cpython-312.pyc	only original
.venv/Lib/site-packages/pandas/tests/io/json/__pycache__/test_pandas.cpython-312.pyc	only original
.venv/Lib/site-packages/pandas/tests/io/json/__pycache__/test_readlines.cpython-312.pyc	only original
.venv/Lib/site-packages/pandas/tests/io/json/__pycache__/test_ujson.cpython-312.pyc	only original
.venv/Lib/site-packages/pandas/tests/io/json/conftest.py	only original
.venv/Lib/site-packages/pandas/tests/io/json/test_compression.py	only original
.venv/Lib/site-packages/pandas/tests/io/json/test_deprecated_kwargs.py	only original
.venv/Lib/site-packages/pandas/tests/io/json/test_json_table_schema.py	only original
.venv/Lib/site-packages/pandas/tests/io/json/test_json_table_schema_ext_dtype.py	only original
.venv/Lib/site-packages/pandas/tests/io/json/test_normalize.py	only original
.venv/Lib/site-packages/pandas/tests/io/json/test_pandas.py	only original
.venv/Lib/site-packages/pandas/tests/io/json/test_readlines.py	only original
.venv/Lib/site-packages/pandas/tests/io/json/test_ujson.py	only original
.venv/Lib/site-packages/pandas/tests/io/parser/__init__.py	only original
.venv/Lib/site-packages/pandas/tests/io/parser/__pycache__/__init__.cpython-312.pyc	only original
.venv/Lib/site-packages/pandas/tests/io/parser/__pycache__/conftest.cpython-312.pyc	only original
.venv/Lib/site-packages/pandas/tests/io/parser/__pycache__/test_c_parser_only.cpython-312.pyc	only original
.venv/Lib/site-packages/pandas/tests/io/parser/__pycache__/test_comment.cpython-312.pyc	only original
.venv/Lib/site-packages/pandas/tests/io/parser/__pycache__/test_compression.cpython-312.pyc	only original
.venv/Lib/site-packages/pandas/tests/io/parser/__pycache__/test_concatenate_chunks.cpython-312.pyc	only original
.venv/Lib/site-packages/pandas/tests/io/parser/__pycache__/test_converters.cpython-312.pyc	only original
.venv/Lib/site-packages/pandas/tests/io/parser/__pycache__/test_dialect.cpython-312.pyc	only original
.venv/Lib/site-packages/pandas/tests/io/parser/__pycache__/test_encoding.cpython-312.pyc	only original
.venv/Lib/site-packages/pandas/tests/io/parser/__pycache__/test_header.cpython-312.pyc	only original
.venv/Lib/site-packages/pandas/tests/io/parser/__pycache__/test_index_col.cpython-312.pyc	only original
.venv/Lib/site-packages/pandas/tests/io/parser/__pycache__/test_mangle_dupes.cpython-312.pyc	only original
.venv/Lib/site-packages/pandas/tests/io/parser/__pycache__/test_multi_thread.cpython-312.pyc	only original
.venv/Lib/site-packages/pandas/tests/io/parser/__pycache__/test_na_values.cpython-312.pyc	only original
.venv/Lib/site-packages/pandas/tests/io/parser/__pycache__/test_network.cpython-312.pyc	only original
.venv/Lib/site-packages/pandas/tests/io/parser/__pycache__/test_parse_dates.cpython-312.pyc	only original
.venv/Lib/site-packages/pandas/tests/io/parser/__pycache__/test_python_parser_only.cpython-312.pyc	only original
.venv/Lib/site-packages/pandas/tests/io/parser/__pycache__/test_quoting.cpython-312.pyc	only original
.venv/Lib/site-packages/pandas/tests/io/parser/__pycache__/test_read_fwf.cpython-312.pyc	only original
.venv/Lib/site-packages/pandas/tests/io/parser/__pycache__/test_skiprows.cpython-312.pyc	only original
.venv/Lib/site-packages/pandas/tests/io/parser/__pycache__/test_textreader.cpython-312.pyc	only original
.venv/Lib/site-packages/pandas/tests/io/parser/__pycache__/test_unsupported.cpython-312.pyc	only original
.venv/Lib/site-packages/pandas/tests/io/parser/__pycache__/test_upcast.cpython-312.pyc	only original
.venv/Lib/site-packages/pandas/tests/io/parser/common/__init__.py	only original
.venv/Lib/site-packages/pandas/tests/io/parser/common/__pycache__/__init__.cpython-312.pyc	only original
.venv/Lib/site-packages/pandas/tests/io/parser/common/__pycache__/test_chunksize.cpython-312.pyc	only original
.venv/Lib/site-packages/pandas/tests/io/parser/common/__pycache__/test_common_basic.cpython-312.pyc	only original
.venv/Lib/site-packages/pandas/tests/io/parser/common/__pycache__/test_data_list.cpython-312.pyc	only original
.venv/Lib/site-packages/pandas/tests/io/parser/common/__pycache__/test_decimal.cpython-312.pyc	only original
.venv/Lib/site-packages/pandas/tests/io/parser/common/__pycache__/test_file_buffer_url.cpython-312.pyc	only original
.venv/Lib/site-packages/pandas/tests/io/parser/common/__pycache__/test_float.cpython-312.pyc	only original
.venv/Lib/site-packages/pandas/tests/io/parser/common/__pycache__/test_index.cpython-312.pyc	only original
.venv/Lib/site-packages/pandas/tests/io/parser/common/__pycache__/test_inf.cpython-312.pyc	only original
.venv/Lib/site-packages/pandas/tests/io/parser/common/__pycache__/test_ints.cpython-312.pyc	only original
.venv/Lib/site-packages/pandas/tests/io/parser/common/__pycache__/test_iterator.cpython-312.pyc	only original
.venv/Lib/site-packages/pandas/tests/io/parser/common/__pycache__/test_read_errors.cpython-312.pyc	only original
.venv/Lib/site-packages/pandas/tests/io/parser/common/__pycache__/test_verbose.cpython-312.pyc	only original
.venv/Lib/site-packages/pandas/tests/io/parser/common/test_chunksize.py	only original
.venv/Lib/site-packages/pandas/tests/io/parser/common/test_common_basic.py	only original
.venv/Lib/site-packages/pandas/tests/io/parser/common/test_data_list.py	only original
.venv/Lib/site-packages/pandas/tests/io/parser/common/test_decimal.py	only original
.venv/Lib/site-packages/pandas/tests/io/parser/common/test_file_buffer_url.py	only original
.venv/Lib/site-packages/pandas/tests/io/parser/common/test_float.py	only original
.venv/Lib/site-packages/pandas/tests/io/parser/common/test_index.py	only original
.venv/Lib/site-packages/pandas/tests/io/parser/common/test_inf.py	only original
.venv/Lib/site-packages/pandas/tests/io/parser/common/test_ints.py	only original
.venv/Lib/site-packages/pandas/tests/io/parser/common/test_iterator.py	only original
.venv/Lib/site-packages/pandas/tests/io/parser/common/test_read_errors.py	only original
.venv/Lib/site-packages/pandas/tests/io/parser/common/test_verbose.py	only original
.venv/Lib/site-packages/pandas/tests/io/parser/conftest.py	only original
.venv/Lib/site-packages/pandas/tests/io/parser/dtypes/__init__.py	only original
.venv/Lib/site-packages/pandas/tests/io/parser/dtypes/__pycache__/__init__.cpython-312.pyc	only original
.venv/Lib/site-packages/pandas/tests/io/parser/dtypes/__pycache__/test_categorical.cpython-312.pyc	only original
.venv/Lib/site-packages/pandas/tests/io/parser/dtypes/__pycache__/test_dtypes_basic.cpython-312.pyc	only original
.venv/Lib/site-packages/pandas/tests/io/parser/dtypes/__pycache__/test_empty.cpython-312.pyc	only original
.venv/Lib/site-packages/pandas/tests/io/parser/dtypes/test_categorical.py	only original
.venv/Lib/site-packages/pandas/tests/io/parser/dtypes/test_dtypes_basic.py	only original
.venv/Lib/site-packages/pandas/tests/io/parser/dtypes/test_empty.py	only original
.venv/Lib/site-packages/pandas/tests/io/parser/test_c_parser_only.py	only original
.venv/Lib/site-packages/pandas/tests/io/parser/test_comment.py	only original
.venv/Lib/site-packages/pandas/tests/io/parser/test_compression.py	only original
.venv/Lib/site-packages/pandas/tests/io/parser/test_concatenate_chunks.py	only original
.venv/Lib/site-packages/pandas/tests/io/parser/test_converters.py	only original
.venv/Lib/site-packages/pandas/tests/io/parser/test_dialect.py	only original
.venv/Lib/site-packages/pandas/tests/io/parser/test_encoding.py	only original
.venv/Lib/site-packages/pandas/tests/io/parser/test_header.py	only original
.venv/Lib/site-packages/pandas/tests/io/parser/test_index_col.py	only original
.venv/Lib/site-packages/pandas/tests/io/parser/test_mangle_dupes.py	only original
.venv/Lib/site-packages/pandas/tests/io/parser/test_multi_thread.py	only original
.venv/Lib/site-packages/pandas/tests/io/parser/test_na_values.py	only original
.venv/Lib/site-packages/pandas/tests/io/parser/test_network.py	only original
.venv/Lib/site-packages/pandas/tests/io/parser/test_parse_dates.py	only original
.venv/Lib/site-packages/pandas/tests/io/parser/test_python_parser_only.py	only original
.venv/Lib/site-packages/pandas/tests/io/parser/test_quoting.py	only original
.venv/Lib/site-packages/pandas/tests/io/parser/test_read_fwf.py	only original
.venv/Lib/site-packages/pandas/tests/io/parser/test_skiprows.py	only original
.venv/Lib/site-packages/pandas/tests/io/parser/test_textreader.py	only original
.venv/Lib/site-packages/pandas/tests/io/parser/test_unsupported.py	only original
.venv/Lib/site-packages/pandas/tests/io/parser/test_upcast.py	only original
.venv/Lib/site-packages/pandas/tests/io/parser/usecols/__init__.py	only original
.venv/Lib/site-packages/pandas/tests/io/parser/usecols/__pycache__/__init__.cpython-312.pyc	only original
.venv/Lib/site-packages/pandas/tests/io/parser/usecols/__pycache__/test_parse_dates.cpython-312.pyc	only original
.venv/Lib/site-packages/pandas/tests/io/parser/usecols/__pycache__/test_strings.cpython-312.pyc	only original
.venv/Lib/site-packages/pandas/tests/io/parser/usecols/__pycache__/test_usecols_basic.cpython-312.pyc	only original
.venv/Lib/site-packages/pandas/tests/io/parser/usecols/test_parse_dates.py	only original
.venv/Lib/site-packages/pandas/tests/io/parser/usecols/test_strings.py	only original
.venv/Lib/site-packages/pandas/tests/io/parser/usecols/test_usecols_basic.py	only original
.venv/Lib/site-packages/pandas/tests/io/pytables/__init__.py	only original
.venv/Lib/site-packages/pandas/tests/io/pytables/__pycache__/__init__.cpython-312.pyc	only original
.venv/Lib/site-packages/pandas/tests/io/pytables/__pycache__/common.cpython-312.pyc	only original
.venv/Lib/site-packages/pandas/tests/io/pytables/__pycache__/conftest.cpython-312.pyc	only original
.venv/Lib/site-packages/pandas/tests/io/pytables/__pycache__/test_append.cpython-312.pyc	only original
.venv/Lib/site-packages/pandas/tests/io/pytables/__pycache__/test_categorical.cpython-312.pyc	only original
.venv/Lib/site-packages/pandas/tests/io/pytables/__pycache__/test_compat.cpython-312.pyc	only original
.venv/Lib/site-packages/pandas/tests/io/pytables/__pycache__/test_complex.cpython-312.pyc	only original
.venv/Lib/site-packages/pandas/tests/io/pytables/__pycache__/test_errors.cpython-312.pyc	only original
.venv/Lib/site-packages/pandas/tests/io/pytables/__pycache__/test_file_handling.cpython-312.pyc	only original
.venv/Lib/site-packages/pandas/tests/io/pytables/__pycache__/test_keys.cpython-312.pyc	only original
.venv/Lib/site-packages/pandas/tests/io/pytables/__pycache__/test_put.cpython-312.pyc	only original
.venv/Lib/site-packages/pandas/tests/io/pytables/__pycache__/test_pytables_missing.cpython-312.pyc	only original
.venv/Lib/site-packages/pandas/tests/io/pytables/__pycache__/test_read.cpython-312.pyc	only original
.venv/Lib/site-packages/pandas/tests/io/pytables/__pycache__/test_retain_attributes.cpython-312.pyc	only original
.venv/Lib/site-packages/pandas/tests/io/pytables/__pycache__/test_round_trip.cpython-312.pyc	only original
.venv/Lib/site-packages/pandas/tests/io/pytables/__pycache__/test_select.cpython-312.pyc	only original
.venv/Lib/site-packages/pandas/tests/io/pytables/__pycache__/test_store.cpython-312.pyc	only original
.venv/Lib/site-packages/pandas/tests/io/pytables/__pycache__/test_subclass.cpython-312.pyc	only original
.venv/Lib/site-packages/pandas/tests/io/pytables/__pycache__/test_time_series.cpython-312.pyc	only original
.venv/Lib/site-packages/pandas/tests/io/pytables/__pycache__/test_timezones.cpython-312.pyc	only original
.venv/Lib/site-packages/pandas/tests/io/pytables/common.py	only original
.venv/Lib/site-packages/pandas/tests/io/pytables/conftest.py	only original
.venv/Lib/site-packages/pandas/tests/io/pytables/test_append.py	only original
.venv/Lib/site-packages/pandas/tests/io/pytables/test_categorical.py	only original
.venv/Lib/site-packages/pandas/tests/io/pytables/test_compat.py	only original
.venv/Lib/site-packages/pandas/tests/io/pytables/test_complex.py	only original
.venv/Lib/site-packages/pandas/tests/io/pytables/test_errors.py	only original
.venv/Lib/site-packages/pandas/tests/io/pytables/test_file_handling.py	only original
.venv/Lib/site-packages/pandas/tests/io/pytables/test_keys.py	only original
.venv/Lib/site-packages/pandas/tests/io/pytables/test_put.py	only original
.venv/Lib/site-packages/pandas/tests/io/pytables/test_pytables_missing.py	only original
.venv/Lib/site-packages/pandas/tests/io/pytables/test_read.py	only original
.venv/Lib/site-packages/pandas/tests/io/pytables/test_retain_attributes.py	only original
.venv/Lib/site-packages/pandas/tests/io/pytables/test_round_trip.py	only original
.venv/Lib/site-packages/pandas/tests/io/pytables/test_select.py	only original
.venv/Lib/site-packages/pandas/tests/io/pytables/test_store.py	only original
.venv/Lib/site-packages/pandas/tests/io/pytables/test_subclass.py	only original
.venv/Lib/site-packages/pandas/tests/io/pytables/test_time_series.py	only original
.venv/Lib/site-packages/pandas/tests/io/pytables/test_timezones.py	only original
.venv/Lib/site-packages/pandas/tests/io/sas/__init__.py	only original
.venv/Lib/site-packages/pandas/tests/io/sas/__pycache__/__init__.cpython-312.pyc	only original
.venv/Lib/site-packages/pandas/tests/io/sas/__pycache__/test_byteswap.cpython-312.pyc	only original
.venv/Lib/site-packages/pandas/tests/io/sas/__pycache__/test_sas.cpython-312.pyc	only original
.venv/Lib/site-packages/pandas/tests/io/sas/__pycache__/test_sas7bdat.cpython-312.pyc	only original
.venv/Lib/site-packages/pandas/tests/io/sas/__pycache__/test_xport.cpython-312.pyc	only original
.venv/Lib/site-packages/pandas/tests/io/sas/test_byteswap.py	only original
.venv/Lib/site-packages/pandas/tests/io/sas/test_sas.py	only original
.venv/Lib/site-packages/pandas/tests/io/sas/test_sas7bdat.py	only original
.venv/Lib/site-packages/pandas/tests/io/sas/test_xport.py	only original
.venv/Lib/site-packages/pandas/tests/io/test_clipboard.py	only original
.venv/Lib/site-packages/pandas/tests/io/test_common.py	only original
.venv/Lib/site-packages/pandas/tests/io/test_compression.py	only original
.venv/Lib/site-packages/pandas/tests/io/test_feather.py	only original
.venv/Lib/site-packages/pandas/tests/io/test_fsspec.py	only original
.venv/Lib/site-packages/pandas/tests/io/test_gbq.py	only original
.venv/Lib/site-packages/pandas/tests/io/test_gcs.py	only original
.venv/Lib/site-packages/pandas/tests/io/test_html.py	only original
.venv/Lib/site-packages/pandas/tests/io/test_http_headers.py	only original
.venv/Lib/site-packages/pandas/tests/io/test_orc.py	only original
.venv/Lib/site-packages/pandas/tests/io/test_parquet.py	only original
.venv/Lib/site-packages/pandas/tests/io/test_pickle.py	only original
.venv/Lib/site-packages/pandas/tests/io/test_s3.py	only original
.venv/Lib/site-packages/pandas/tests/io/test_spss.py	only original
.venv/Lib/site-packages/pandas/tests/io/test_sql.py	only original
.venv/Lib/site-packages/pandas/tests/io/test_stata.py	only original
.venv/Lib/site-packages/pandas/tests/io/xml/__init__.py	only original
.venv/Lib/site-packages/pandas/tests/io/xml/__pycache__/__init__.cpython-312.pyc	only original
.venv/Lib/site-packages/pandas/tests/io/xml/__pycache__/conftest.cpython-312.pyc	only original
.venv/Lib/site-packages/pandas/tests/io/xml/__pycache__/test_to_xml.cpython-312.pyc	only original
.venv/Lib/site-packages/pandas/tests/io/xml/__pycache__/test_xml.cpython-312.pyc	only original
.venv/Lib/site-packages/pandas/tests/io/xml/__pycache__/test_xml_dtypes.cpython-312.pyc	only original
.venv/Lib/site-packages/pandas/tests/io/xml/conftest.py	only original
.venv/Lib/site-packages/pandas/tests/io/xml/test_to_xml.py	only original
.venv/Lib/site-packages/pandas/tests/io/xml/test_xml.py	only original
.venv/Lib/site-packages/pandas/tests/io/xml/test_xml_dtypes.py	only original
.venv/Lib/site-packages/pandas/tests/libs/__init__.py	only original
.venv/Lib/site-packages/pandas/tests/libs/__pycache__/__init__.cpython-312.pyc	only original
.venv/Lib/site-packages/pandas/tests/libs/__pycache__/test_hashtable.cpython-312.pyc	only original
.venv/Lib/site-packages/pandas/tests/libs/__pycache__/test_join.cpython-312.pyc	only original
.venv/Lib/site-packages/pandas/tests/libs/__pycache__/test_lib.cpython-312.pyc	only original
.venv/Lib/site-packages/pandas/tests/libs/__pycache__/test_libalgos.cpython-312.pyc	only original
.venv/Lib/site-packages/pandas/tests/libs/test_hashtable.py	only original
.venv/Lib/site-packages/pandas/tests/libs/test_join.py	only original
.venv/Lib/site-packages/pandas/tests/libs/test_lib.py	only original
.venv/Lib/site-packages/pandas/tests/libs/test_libalgos.py	only original
.venv/Lib/site-packages/pandas/tests/plotting/__init__.py	only original
.venv/Lib/site-packages/pandas/tests/plotting/__pycache__/__init__.cpython-312.pyc	only original
.venv/Lib/site-packages/pandas/tests/plotting/__pycache__/common.cpython-312.pyc	only original
.venv/Lib/site-packages/pandas/tests/plotting/__pycache__/conftest.cpython-312.pyc	only original
.venv/Lib/site-packages/pandas/tests/plotting/__pycache__/test_backend.cpython-312.pyc	only original
.venv/Lib/site-packages/pandas/tests/plotting/__pycache__/test_boxplot_method.cpython-312.pyc	only original
.venv/Lib/site-packages/pandas/tests/plotting/__pycache__/test_common.cpython-312.pyc	only original
.venv/Lib/site-packages/pandas/tests/plotting/__pycache__/test_converter.cpython-312.pyc	only original
.venv/Lib/site-packages/pandas/tests/plotting/__pycache__/test_datetimelike.cpython-312.pyc	only original
.venv/Lib/site-packages/pandas/tests/plotting/__pycache__/test_groupby.cpython-312.pyc	only original
.venv/Lib/site-packages/pandas/tests/plotting/__pycache__/test_hist_method.cpython-312.pyc	only original
.venv/Lib/site-packages/pandas/tests/plotting/__pycache__/test_misc.cpython-312.pyc	only original
.venv/Lib/site-packages/pandas/tests/plotting/__pycache__/test_series.cpython-312.pyc	only original
.venv/Lib/site-packages/pandas/tests/plotting/__pycache__/test_style.cpython-312.pyc	only original
.venv/Lib/site-packages/pandas/tests/plotting/common.py	only original
.venv/Lib/site-packages/pandas/tests/plotting/conftest.py	only original
.venv/Lib/site-packages/pandas/tests/plotting/frame/__init__.py	only original
.venv/Lib/site-packages/pandas/tests/plotting/frame/__pycache__/__init__.cpython-312.pyc	only original
.venv/Lib/site-packages/pandas/tests/plotting/frame/__pycache__/test_frame.cpython-312.pyc	only original
.venv/Lib/site-packages/pandas/tests/plotting/frame/__pycache__/test_frame_color.cpython-312.pyc	only original
.venv/Lib/site-packages/pandas/tests/plotting/frame/__pycache__/test_frame_groupby.cpython-312.pyc	only original
.venv/Lib/site-packages/pandas/tests/plotting/frame/__pycache__/test_frame_legend.cpython-312.pyc	only original
.venv/Lib/site-packages/pandas/tests/plotting/frame/__pycache__/test_frame_subplots.cpython-312.pyc	only original
.venv/Lib/site-packages/pandas/tests/plotting/frame/__pycache__/test_hist_box_by.cpython-312.pyc	only original
.venv/Lib/site-packages/pandas/tests/plotting/frame/test_frame.py	only original
.venv/Lib/site-packages/pandas/tests/plotting/frame/test_frame_color.py	only original
.venv/Lib/site-packages/pandas/tests/plotting/frame/test_frame_groupby.py	only original
.venv/Lib/site-packages/pandas/tests/plotting/frame/test_frame_legend.py	only original
.venv/Lib/site-packages/pandas/tests/plotting/frame/test_frame_subplots.py	only original
.venv/Lib/site-packages/pandas/tests/plotting/frame/test_hist_box_by.py	only original
.venv/Lib/site-packages/pandas/tests/plotting/test_backend.py	only original
.venv/Lib/site-packages/pandas/tests/plotting/test_boxplot_method.py	only original
.venv/Lib/site-packages/pandas/tests/plotting/test_common.py	only original
.venv/Lib/site-packages/pandas/tests/plotting/test_converter.py	only original
.venv/Lib/site-packages/pandas/tests/plotting/test_datetimelike.py	only original
.venv/Lib/site-packages/pandas/tests/plotting/test_groupby.py	only original
.venv/Lib/site-packages/pandas/tests/plotting/test_hist_method.py	only original
.venv/Lib/site-packages/pandas/tests/plotting/test_misc.py	only original
.venv/Lib/site-packages/pandas/tests/plotting/test_series.py	only original
.venv/Lib/site-packages/pandas/tests/plotting/test_style.py	only original
.venv/Lib/site-packages/pandas/tests/reductions/__init__.py	only original
.venv/Lib/site-packages/pandas/tests/reductions/__pycache__/__init__.cpython-312.pyc	only original
.venv/Lib/site-packages/pandas/tests/reductions/__pycache__/test_reductions.cpython-312.pyc	only original
.venv/Lib/site-packages/pandas/tests/reductions/__pycache__/test_stat_reductions.cpython-312.pyc	only original
.venv/Lib/site-packages/pandas/tests/reductions/test_reductions.py	only original
.venv/Lib/site-packages/pandas/tests/reductions/test_stat_reductions.py	only original
.venv/Lib/site-packages/pandas/tests/resample/__init__.py	only original
.venv/Lib/site-packages/pandas/tests/resample/__pycache__/__init__.cpython-312.pyc	only original
.venv/Lib/site-packages/pandas/tests/resample/__pycache__/conftest.cpython-312.pyc	only original
.venv/Lib/site-packages/pandas/tests/resample/__pycache__/test_base.cpython-312.pyc	only original
.venv/Lib/site-packages/pandas/tests/resample/__pycache__/test_datetime_index.cpython-312.pyc	only original
.venv/Lib/site-packages/pandas/tests/resample/__pycache__/test_period_index.cpython-312.pyc	only original
.venv/Lib/site-packages/pandas/tests/resample/__pycache__/test_resample_api.cpython-312.pyc	only original
.venv/Lib/site-packages/pandas/tests/resample/__pycache__/test_resampler_grouper.cpython-312.pyc	only original
.venv/Lib/site-packages/pandas/tests/resample/__pycache__/test_time_grouper.cpython-312.pyc	only original
.venv/Lib/site-packages/pandas/tests/resample/__pycache__/test_timedelta.cpython-312.pyc	only original
.venv/Lib/site-packages/pandas/tests/resample/conftest.py	only original
.venv/Lib/site-packages/pandas/tests/resample/test_base.py	only original
.venv/Lib/site-packages/pandas/tests/resample/test_datetime_index.py	only original
.venv/Lib/site-packages/pandas/tests/resample/test_period_index.py	only original
.venv/Lib/site-packages/pandas/tests/resample/test_resample_api.py	only original
.venv/Lib/site-packages/pandas/tests/resample/test_resampler_grouper.py	only original
.venv/Lib/site-packages/pandas/tests/resample/test_time_grouper.py	only original
.venv/Lib/site-packages/pandas/tests/resample/test_timedelta.py	only original
.venv/Lib/site-packages/pandas/tests/reshape/__init__.py	only original
.venv/Lib/site-packages/pandas/tests/reshape/__pycache__/__init__.cpython-312.pyc	only original
.venv/Lib/site-packages/pandas/tests/reshape/__pycache__/test_crosstab.cpython-312.pyc	only original
.venv/Lib/site-packages/pandas/tests/reshape/__pycache__/test_cut.cpython-312.pyc	only original
.venv/Lib/site-packages/pandas/tests/reshape/__pycache__/test_from_dummies.cpython-312.pyc	only original
.venv/Lib/site-packages/pandas/tests/reshape/__pycache__/test_get_dummies.cpython-312.pyc	only original
.venv/Lib/site-packages/pandas/tests/reshape/__pycache__/test_melt.cpython-312.pyc	only original
.venv/Lib/site-packages/pandas/tests/reshape/__pycache__/test_pivot.cpython-312.pyc	only original
.venv/Lib/site-packages/pandas/tests/reshape/__pycache__/test_pivot_multilevel.cpython-312.pyc	only original
.venv/Lib/site-packages/pandas/tests/reshape/__pycache__/test_qcut.cpython-312.pyc	only original
.venv/Lib/site-packages/pandas/tests/reshape/__pycache__/test_union_categoricals.cpython-312.pyc	only original
.venv/Lib/site-packages/pandas/tests/reshape/__pycache__/test_util.cpython-312.pyc	only original
.venv/Lib/site-packages/pandas/tests/reshape/concat/__init__.py	only original
.venv/Lib/site-packages/pandas/tests/reshape/concat/__pycache__/__init__.cpython-312.pyc	only original
.venv/Lib/site-packages/pandas/tests/reshape/concat/__pycache__/conftest.cpython-312.pyc	only original
.venv/Lib/site-packages/pandas/tests/reshape/concat/__pycache__/test_append.cpython-312.pyc	only original
.venv/Lib/site-packages/pandas/tests/reshape/concat/__pycache__/test_append_common.cpython-312.pyc	only original
.venv/Lib/site-packages/pandas/tests/reshape/concat/__pycache__/test_categorical.cpython-312.pyc	only original
.venv/Lib/site-packages/pandas/tests/reshape/concat/__pycache__/test_concat.cpython-312.pyc	only original
.venv/Lib/site-packages/pandas/tests/reshape/concat/__pycache__/test_dataframe.cpython-312.pyc	only original
.venv/Lib/site-packages/pandas/tests/reshape/concat/__pycache__/test_datetimes.cpython-312.pyc	only original
.venv/Lib/site-packages/pandas/tests/reshape/concat/__pycache__/test_empty.cpython-312.pyc	only original
.venv/Lib/site-packages/pandas/tests/reshape/concat/__pycache__/test_index.cpython-312.pyc	only original
.venv/Lib/site-packages/pandas/tests/reshape/concat/__pycache__/test_invalid.cpython-312.pyc	only original
.venv/Lib/site-packages/pandas/tests/reshape/concat/__pycache__/test_series.cpython-312.pyc	only original
.venv/Lib/site-packages/pandas/tests/reshape/concat/__pycache__/test_sort.cpython-312.pyc	only original
.venv/Lib/site-packages/pandas/tests/reshape/concat/conftest.py	only original
.venv/Lib/site-packages/pandas/tests/reshape/concat/test_append.py	only original
.venv/Lib/site-packages/pandas/tests/reshape/concat/test_append_common.py	only original
.venv/Lib/site-packages/pandas/tests/reshape/concat/test_categorical.py	only original
.venv/Lib/site-packages/pandas/tests/reshape/concat/test_concat.py	only original
.venv/Lib/site-packages/pandas/tests/reshape/concat/test_dataframe.py	only original
.venv/Lib/site-packages/pandas/tests/reshape/concat/test_datetimes.py	only original
.venv/Lib/site-packages/pandas/tests/reshape/concat/test_empty.py	only original
.venv/Lib/site-packages/pandas/tests/reshape/concat/test_index.py	only original
.venv/Lib/site-packages/pandas/tests/reshape/concat/test_invalid.py	only original
.venv/Lib/site-packages/pandas/tests/reshape/concat/test_series.py	only original
.venv/Lib/site-packages/pandas/tests/reshape/concat/test_sort.py	only original
.venv/Lib/site-packages/pandas/tests/reshape/merge/__init__.py	only original
.venv/Lib/site-packages/pandas/tests/reshape/merge/__pycache__/__init__.cpython-312.pyc	only original
.venv/Lib/site-packages/pandas/tests/reshape/merge/__pycache__/test_join.cpython-312.pyc	only original
.venv/Lib/site-packages/pandas/tests/reshape/merge/__pycache__/test_merge.cpython-312.pyc	only original
.venv/Lib/site-packages/pandas/tests/reshape/merge/__pycache__/test_merge_asof.cpython-312.pyc	only original
.venv/Lib/site-packages/pandas/tests/reshape/merge/__pycache__/test_merge_cross.cpython-312.pyc	only original
.venv/Lib/site-packages/pandas/tests/reshape/merge/__pycache__/test_merge_index_as_string.cpython-312.pyc	only original
.venv/Lib/site-packages/pandas/tests/reshape/merge/__pycache__/test_merge_ordered.cpython-312.pyc	only original
.venv/Lib/site-packages/pandas/tests/reshape/merge/__pycache__/test_multi.cpython-312.pyc	only original
.venv/Lib/site-packages/pandas/tests/reshape/merge/test_join.py	only original
.venv/Lib/site-packages/pandas/tests/reshape/merge/test_merge.py	only original
.venv/Lib/site-packages/pandas/tests/reshape/merge/test_merge_asof.py	only original
.venv/Lib/site-packages/pandas/tests/reshape/merge/test_merge_cross.py	only original
.venv/Lib/site-packages/pandas/tests/reshape/merge/test_merge_index_as_string.py	only original
.venv/Lib/site-packages/pandas/tests/reshape/merge/test_merge_ordered.py	only original
.venv/Lib/site-packages/pandas/tests/reshape/merge/test_multi.py	only original
.venv/Lib/site-packages/pandas/tests/reshape/test_crosstab.py	only original
.venv/Lib/site-packages/pandas/tests/reshape/test_cut.py	only original
.venv/Lib/site-packages/pandas/tests/reshape/test_from_dummies.py	only original
.venv/Lib/site-packages/pandas/tests/reshape/test_get_dummies.py	only original
.venv/Lib/site-packages/pandas/tests/reshape/test_melt.py	only original
.venv/Lib/site-packages/pandas/tests/reshape/test_pivot.py	only original
.venv/Lib/site-packages/pandas/tests/reshape/test_pivot_multilevel.py	only original
.venv/Lib/site-packages/pandas/tests/reshape/test_qcut.py	only original
.venv/Lib/site-packages/pandas/tests/reshape/test_union_categoricals.py	only original
.venv/Lib/site-packages/pandas/tests/reshape/test_util.py	only original
.venv/Lib/site-packages/pandas/tests/scalar/__init__.py	only original
.venv/Lib/site-packages/pandas/tests/scalar/__pycache__/__init__.cpython-312.pyc	only original
.venv/Lib/site-packages/pandas/tests/scalar/__pycache__/test_na_scalar.cpython-312.pyc	only original
.venv/Lib/site-packages/pandas/tests/scalar/__pycache__/test_nat.cpython-312.pyc	only original
.venv/Lib/site-packages/pandas/tests/scalar/interval/__init__.py	only original
.venv/Lib/site-packages/pandas/tests/scalar/interval/__pycache__/__init__.cpython-312.pyc	only original
.venv/Lib/site-packages/pandas/tests/scalar/interval/__pycache__/test_arithmetic.cpython-312.pyc	only original
.venv/Lib/site-packages/pandas/tests/scalar/interval/__pycache__/test_constructors.cpython-312.pyc	only original
.venv/Lib/site-packages/pandas/tests/scalar/interval/__pycache__/test_contains.cpython-312.pyc	only original
.venv/Lib/site-packages/pandas/tests/scalar/interval/__pycache__/test_formats.cpython-312.pyc	only original
.venv/Lib/site-packages/pandas/tests/scalar/interval/__pycache__/test_interval.cpython-312.pyc	only original
.venv/Lib/site-packages/pandas/tests/scalar/interval/__pycache__/test_overlaps.cpython-312.pyc	only original
.venv/Lib/site-packages/pandas/tests/scalar/interval/test_arithmetic.py	only original
.venv/Lib/site-packages/pandas/tests/scalar/interval/test_constructors.py	only original
.venv/Lib/site-packages/pandas/tests/scalar/interval/test_contains.py	only original
.venv/Lib/site-packages/pandas/tests/scalar/interval/test_formats.py	only original
.venv/Lib/site-packages/pandas/tests/scalar/interval/test_interval.py	only original
.venv/Lib/site-packages/pandas/tests/scalar/interval/test_overlaps.py	only original
.venv/Lib/site-packages/pandas/tests/scalar/period/__init__.py	only original
.venv/Lib/site-packages/pandas/tests/scalar/period/__pycache__/__init__.cpython-312.pyc	only original
.venv/Lib/site-packages/pandas/tests/scalar/period/__pycache__/test_arithmetic.cpython-312.pyc	only original
.venv/Lib/site-packages/pandas/tests/scalar/period/__pycache__/test_asfreq.cpython-312.pyc	only original
.venv/Lib/site-packages/pandas/tests/scalar/period/__pycache__/test_period.cpython-312.pyc	only original
.venv/Lib/site-packages/pandas/tests/scalar/period/test_arithmetic.py	only original
.venv/Lib/site-packages/pandas/tests/scalar/period/test_asfreq.py	only original
.venv/Lib/site-packages/pandas/tests/scalar/period/test_period.py	only original
.venv/Lib/site-packages/pandas/tests/scalar/test_na_scalar.py	only original
.venv/Lib/site-packages/pandas/tests/scalar/test_nat.py	only original
.venv/Lib/site-packages/pandas/tests/scalar/timedelta/__init__.py	only original
.venv/Lib/site-packages/pandas/tests/scalar/timedelta/__pycache__/__init__.cpython-312.pyc	only original
.venv/Lib/site-packages/pandas/tests/scalar/timedelta/__pycache__/test_arithmetic.cpython-312.pyc	only original
.venv/Lib/site-packages/pandas/tests/scalar/timedelta/__pycache__/test_constructors.cpython-312.pyc	only original
.venv/Lib/site-packages/pandas/tests/scalar/timedelta/__pycache__/test_formats.cpython-312.pyc	only original
.venv/Lib/site-packages/pandas/tests/scalar/timedelta/__pycache__/test_timedelta.cpython-312.pyc	only original
.venv/Lib/site-packages/pandas/tests/scalar/timedelta/methods/__init__.py	only original
.venv/Lib/site-packages/pandas/tests/scalar/timedelta/methods/__pycache__/__init__.cpython-312.pyc	only original
.venv/Lib/site-packages/pandas/tests/scalar/timedelta/methods/__pycache__/test_as_unit.cpython-312.pyc	only original
.venv/Lib/site-packages/pandas/tests/scalar/timedelta/methods/__pycache__/test_round.cpython-312.pyc	only original
.venv/Lib/site-packages/pandas/tests/scalar/timedelta/methods/test_as_unit.py	only original
.venv/Lib/site-packages/pandas/tests/scalar/timedelta/methods/test_round.py	only original
.venv/Lib/site-packages/pandas/tests/scalar/timedelta/test_arithmetic.py	only original
.venv/Lib/site-packages/pandas/tests/scalar/timedelta/test_constructors.py	only original
.venv/Lib/site-packages/pandas/tests/scalar/timedelta/test_formats.py	only original
.venv/Lib/site-packages/pandas/tests/scalar/timedelta/test_timedelta.py	only original
.venv/Lib/site-packages/pandas/tests/scalar/timestamp/__init__.py	only original
.venv/Lib/site-packages/pandas/tests/scalar/timestamp/__pycache__/__init__.cpython-312.pyc	only original
.venv/Lib/site-packages/pandas/tests/scalar/timestamp/__pycache__/test_arithmetic.cpython-312.pyc	only original
.venv/Lib/site-packages/pandas/tests/scalar/timestamp/__pycache__/test_comparisons.cpython-312.pyc	only original
.venv/Lib/site-packages/pandas/tests/scalar/timestamp/__pycache__/test_constructors.cpython-312.pyc	only original
.venv/Lib/site-packages/pandas/tests/scalar/timestamp/__pycache__/test_formats.cpython-312.pyc	only original
.venv/Lib/site-packages/pandas/tests/scalar/timestamp/__pycache__/test_timestamp.cpython-312.pyc	only original
.venv/Lib/site-packages/pandas/tests/scalar/timestamp/__pycache__/test_timezones.cpython-312.pyc	only original
.venv/Lib/site-packages/pandas/tests/scalar/timestamp/methods/__init__.py	only original
.venv/Lib/site-packages/pandas/tests/scalar/timestamp/methods/__pycache__/__init__.cpython-312.pyc	only original
.venv/Lib/site-packages/pandas/tests/scalar/timestamp/methods/__pycache__/test_as_unit.cpython-312.pyc	only original
.venv/Lib/site-packages/pandas/tests/scalar/timestamp/methods/__pycache__/test_normalize.cpython-312.pyc	only original
.venv/Lib/site-packages/pandas/tests/scalar/timestamp/methods/__pycache__/test_replace.cpython-312.pyc	only original
.venv/Lib/site-packages/pandas/tests/scalar/timestamp/methods/__pycache__/test_round.cpython-312.pyc	only original
.venv/Lib/site-packages/pandas/tests/scalar/timestamp/methods/__pycache__/test_timestamp_method.cpython-312.pyc	only original
.venv/Lib/site-packages/pandas/tests/scalar/timestamp/methods/__pycache__/test_to_julian_date.cpython-312.pyc	only original
.venv/Lib/site-packages/pandas/tests/scalar/timestamp/methods/__pycache__/test_to_pydatetime.cpython-312.pyc	only original
.venv/Lib/site-packages/pandas/tests/scalar/timestamp/methods/__pycache__/test_tz_convert.cpython-312.pyc	only original
.venv/Lib/site-packages/pandas/tests/scalar/timestamp/methods/__pycache__/test_tz_localize.cpython-312.pyc	only original
.venv/Lib/site-packages/pandas/tests/scalar/timestamp/methods/test_as_unit.py	only original
.venv/Lib/site-packages/pandas/tests/scalar/timestamp/methods/test_normalize.py	only original
.venv/Lib/site-packages/pandas/tests/scalar/timestamp/methods/test_replace.py	only original
.venv/Lib/site-packages/pandas/tests/scalar/timestamp/methods/test_round.py	only original
.venv/Lib/site-packages/pandas/tests/scalar/timestamp/methods/test_timestamp_method.py	only original
.venv/Lib/site-packages/pandas/tests/scalar/timestamp/methods/test_to_julian_date.py	only original
.venv/Lib/site-packages/pandas/tests/scalar/timestamp/methods/test_to_pydatetime.py	only original
.venv/Lib/site-packages/pandas/tests/scalar/timestamp/methods/test_tz_convert.py	only original
.venv/Lib/site-packages/pandas/tests/scalar/timestamp/methods/test_tz_localize.py	only original
.venv/Lib/site-packages/pandas/tests/scalar/timestamp/test_arithmetic.py	only original
.venv/Lib/site-packages/pandas/tests/scalar/timestamp/test_comparisons.py	only original
.venv/Lib/site-packages/pandas/tests/scalar/timestamp/test_constructors.py	only original
.venv/Lib/site-packages/pandas/tests/scalar/timestamp/test_formats.py	only original
.venv/Lib/site-packages/pandas/tests/scalar/timestamp/test_timestamp.py	only original
.venv/Lib/site-packages/pandas/tests/scalar/timestamp/test_timezones.py	only original
.venv/Lib/site-packages/pandas/tests/series/__init__.py	only original
.venv/Lib/site-packages/pandas/tests/series/__pycache__/__init__.cpython-312.pyc	only original
.venv/Lib/site-packages/pandas/tests/series/__pycache__/test_api.cpython-312.pyc	only original
.venv/Lib/site-packages/pandas/tests/series/__pycache__/test_arithmetic.cpython-312.pyc	only original
.venv/Lib/site-packages/pandas/tests/series/__pycache__/test_constructors.cpython-312.pyc	only original
.venv/Lib/site-packages/pandas/tests/series/__pycache__/test_cumulative.cpython-312.pyc	only original
.venv/Lib/site-packages/pandas/tests/series/__pycache__/test_formats.cpython-312.pyc	only original
.venv/Lib/site-packages/pandas/tests/series/__pycache__/test_iteration.cpython-312.pyc	only original
.venv/Lib/site-packages/pandas/tests/series/__pycache__/test_logical_ops.cpython-312.pyc	only original
.venv/Lib/site-packages/pandas/tests/series/__pycache__/test_missing.cpython-312.pyc	only original
.venv/Lib/site-packages/pandas/tests/series/__pycache__/test_npfuncs.cpython-312.pyc	only original
.venv/Lib/site-packages/pandas/tests/series/__pycache__/test_reductions.cpython-312.pyc	only original
.venv/Lib/site-packages/pandas/tests/series/__pycache__/test_subclass.cpython-312.pyc	only original
.venv/Lib/site-packages/pandas/tests/series/__pycache__/test_ufunc.cpython-312.pyc	only original
.venv/Lib/site-packages/pandas/tests/series/__pycache__/test_unary.cpython-312.pyc	only original
.venv/Lib/site-packages/pandas/tests/series/__pycache__/test_validate.cpython-312.pyc	only original
.venv/Lib/site-packages/pandas/tests/series/accessors/__init__.py	only original
.venv/Lib/site-packages/pandas/tests/series/accessors/__pycache__/__init__.cpython-312.pyc	only original
.venv/Lib/site-packages/pandas/tests/series/accessors/__pycache__/test_cat_accessor.cpython-312.pyc	only original
.venv/Lib/site-packages/pandas/tests/series/accessors/__pycache__/test_dt_accessor.cpython-312.pyc	only original
.venv/Lib/site-packages/pandas/tests/series/accessors/__pycache__/test_list_accessor.cpython-312.pyc	only original
.venv/Lib/site-packages/pandas/tests/series/accessors/__pycache__/test_sparse_accessor.cpython-312.pyc	only original
.venv/Lib/site-packages/pandas/tests/series/accessors/__pycache__/test_str_accessor.cpython-312.pyc	only original
.venv/Lib/site-packages/pandas/tests/series/accessors/__pycache__/test_struct_accessor.cpython-312.pyc	only original
.venv/Lib/site-packages/pandas/tests/series/accessors/test_cat_accessor.py	only original
.venv/Lib/site-packages/pandas/tests/series/accessors/test_dt_accessor.py	only original
.venv/Lib/site-packages/pandas/tests/series/accessors/test_list_accessor.py	only original
.venv/Lib/site-packages/pandas/tests/series/accessors/test_sparse_accessor.py	only original
.venv/Lib/site-packages/pandas/tests/series/accessors/test_str_accessor.py	only original
.venv/Lib/site-packages/pandas/tests/series/accessors/test_struct_accessor.py	only original
.venv/Lib/site-packages/pandas/tests/series/indexing/__init__.py	only original
.venv/Lib/site-packages/pandas/tests/series/indexing/__pycache__/__init__.cpython-312.pyc	only original
.venv/Lib/site-packages/pandas/tests/series/indexing/__pycache__/test_datetime.cpython-312.pyc	only original
.venv/Lib/site-packages/pandas/tests/series/indexing/__pycache__/test_delitem.cpython-312.pyc	only original
.venv/Lib/site-packages/pandas/tests/series/indexing/__pycache__/test_get.cpython-312.pyc	only original
.venv/Lib/site-packages/pandas/tests/series/indexing/__pycache__/test_getitem.cpython-312.pyc	only original
.venv/Lib/site-packages/pandas/tests/series/indexing/__pycache__/test_indexing.cpython-312.pyc	only original
.venv/Lib/site-packages/pandas/tests/series/indexing/__pycache__/test_mask.cpython-312.pyc	only original
.venv/Lib/site-packages/pandas/tests/series/indexing/__pycache__/test_set_value.cpython-312.pyc	only original
.venv/Lib/site-packages/pandas/tests/series/indexing/__pycache__/test_setitem.cpython-312.pyc	only original
.venv/Lib/site-packages/pandas/tests/series/indexing/__pycache__/test_take.cpython-312.pyc	only original
.venv/Lib/site-packages/pandas/tests/series/indexing/__pycache__/test_where.cpython-312.pyc	only original
.venv/Lib/site-packages/pandas/tests/series/indexing/__pycache__/test_xs.cpython-312.pyc	only original
.venv/Lib/site-packages/pandas/tests/series/indexing/test_datetime.py	only original
.venv/Lib/site-packages/pandas/tests/series/indexing/test_delitem.py	only original
.venv/Lib/site-packages/pandas/tests/series/indexing/test_get.py	only original
.venv/Lib/site-packages/pandas/tests/series/indexing/test_getitem.py	only original
.venv/Lib/site-packages/pandas/tests/series/indexing/test_indexing.py	only original
.venv/Lib/site-packages/pandas/tests/series/indexing/test_mask.py	only original
.venv/Lib/site-packages/pandas/tests/series/indexing/test_set_value.py	only original
.venv/Lib/site-packages/pandas/tests/series/indexing/test_setitem.py	only original
.venv/Lib/site-packages/pandas/tests/series/indexing/test_take.py	only original
.venv/Lib/site-packages/pandas/tests/series/indexing/test_where.py	only original
.venv/Lib/site-packages/pandas/tests/series/indexing/test_xs.py	only original
.venv/Lib/site-packages/pandas/tests/series/methods/__init__.py	only original
.venv/Lib/site-packages/pandas/tests/series/methods/__pycache__/__init__.cpython-312.pyc	only original
.venv/Lib/site-packages/pandas/tests/series/methods/__pycache__/test_add_prefix_suffix.cpython-312.pyc	only original
.venv/Lib/site-packages/pandas/tests/series/methods/__pycache__/test_align.cpython-312.pyc	only original
.venv/Lib/site-packages/pandas/tests/series/methods/__pycache__/test_argsort.cpython-312.pyc	only original
.venv/Lib/site-packages/pandas/tests/series/methods/__pycache__/test_asof.cpython-312.pyc	only original
.venv/Lib/site-packages/pandas/tests/series/methods/__pycache__/test_astype.cpython-312.pyc	only original
.venv/Lib/site-packages/pandas/tests/series/methods/__pycache__/test_autocorr.cpython-312.pyc	only original
.venv/Lib/site-packages/pandas/tests/series/methods/__pycache__/test_between.cpython-312.pyc	only original
.venv/Lib/site-packages/pandas/tests/series/methods/__pycache__/test_case_when.cpython-312.pyc	only original
.venv/Lib/site-packages/pandas/tests/series/methods/__pycache__/test_clip.cpython-312.pyc	only original
.venv/Lib/site-packages/pandas/tests/series/methods/__pycache__/test_combine.cpython-312.pyc	only original
.venv/Lib/site-packages/pandas/tests/series/methods/__pycache__/test_combine_first.cpython-312.pyc	only original
.venv/Lib/site-packages/pandas/tests/series/methods/__pycache__/test_compare.cpython-312.pyc	only original
.venv/Lib/site-packages/pandas/tests/series/methods/__pycache__/test_convert_dtypes.cpython-312.pyc	only original
.venv/Lib/site-packages/pandas/tests/series/methods/__pycache__/test_copy.cpython-312.pyc	only original
.venv/Lib/site-packages/pandas/tests/series/methods/__pycache__/test_count.cpython-312.pyc	only original
.venv/Lib/site-packages/pandas/tests/series/methods/__pycache__/test_cov_corr.cpython-312.pyc	only original
.venv/Lib/site-packages/pandas/tests/series/methods/__pycache__/test_describe.cpython-312.pyc	only original
.venv/Lib/site-packages/pandas/tests/series/methods/__pycache__/test_diff.cpython-312.pyc	only original
.venv/Lib/site-packages/pandas/tests/series/methods/__pycache__/test_drop.cpython-312.pyc	only original
.venv/Lib/site-packages/pandas/tests/series/methods/__pycache__/test_drop_duplicates.cpython-312.pyc	only original
.venv/Lib/site-packages/pandas/tests/series/methods/__pycache__/test_dropna.cpython-312.pyc	only original
.venv/Lib/site-packages/pandas/tests/series/methods/__pycache__/test_dtypes.cpython-312.pyc	only original
.venv/Lib/site-packages/pandas/tests/series/methods/__pycache__/test_duplicated.cpython-312.pyc	only original
.venv/Lib/site-packages/pandas/tests/series/methods/__pycache__/test_equals.cpython-312.pyc	only original
.venv/Lib/site-packages/pandas/tests/series/methods/__pycache__/test_explode.cpython-312.pyc	only original
.venv/Lib/site-packages/pandas/tests/series/methods/__pycache__/test_fillna.cpython-312.pyc	only original
.venv/Lib/site-packages/pandas/tests/series/methods/__pycache__/test_get_numeric_data.cpython-312.pyc	only original
.venv/Lib/site-packages/pandas/tests/series/methods/__pycache__/test_head_tail.cpython-312.pyc	only original
.venv/Lib/site-packages/pandas/tests/series/methods/__pycache__/test_infer_objects.cpython-312.pyc	only original
.venv/Lib/site-packages/pandas/tests/series/methods/__pycache__/test_info.cpython-312.pyc	only original
.venv/Lib/site-packages/pandas/tests/series/methods/__pycache__/test_interpolate.cpython-312.pyc	only original
.venv/Lib/site-packages/pandas/tests/series/methods/__pycache__/test_is_monotonic.cpython-312.pyc	only original
.venv/Lib/site-packages/pandas/tests/series/methods/__pycache__/test_is_unique.cpython-312.pyc	only original
.venv/Lib/site-packages/pandas/tests/series/methods/__pycache__/test_isin.cpython-312.pyc	only original
.venv/Lib/site-packages/pandas/tests/series/methods/__pycache__/test_isna.cpython-312.pyc	only original
.venv/Lib/site-packages/pandas/tests/series/methods/__pycache__/test_item.cpython-312.pyc	only original
.venv/Lib/site-packages/pandas/tests/series/methods/__pycache__/test_map.cpython-312.pyc	only original
.venv/Lib/site-packages/pandas/tests/series/methods/__pycache__/test_matmul.cpython-312.pyc	only original
.venv/Lib/site-packages/pandas/tests/series/methods/__pycache__/test_nlargest.cpython-312.pyc	only original
.venv/Lib/site-packages/pandas/tests/series/methods/__pycache__/test_nunique.cpython-312.pyc	only original
.venv/Lib/site-packages/pandas/tests/series/methods/__pycache__/test_pct_change.cpython-312.pyc	only original
.venv/Lib/site-packages/pandas/tests/series/methods/__pycache__/test_pop.cpython-312.pyc	only original
.venv/Lib/site-packages/pandas/tests/series/methods/__pycache__/test_quantile.cpython-312.pyc	only original
.venv/Lib/site-packages/pandas/tests/series/methods/__pycache__/test_rank.cpython-312.pyc	only original
.venv/Lib/site-packages/pandas/tests/series/methods/__pycache__/test_reindex.cpython-312.pyc	only original
.venv/Lib/site-packages/pandas/tests/series/methods/__pycache__/test_reindex_like.cpython-312.pyc	only original
.venv/Lib/site-packages/pandas/tests/series/methods/__pycache__/test_rename.cpython-312.pyc	only original
.venv/Lib/site-packages/pandas/tests/series/methods/__pycache__/test_rename_axis.cpython-312.pyc	only original
.venv/Lib/site-packages/pandas/tests/series/methods/__pycache__/test_repeat.cpython-312.pyc	only original
.venv/Lib/site-packages/pandas/tests/series/methods/__pycache__/test_replace.cpython-312.pyc	only original
.venv/Lib/site-packages/pandas/tests/series/methods/__pycache__/test_reset_index.cpython-312.pyc	only original
.venv/Lib/site-packages/pandas/tests/series/methods/__pycache__/test_round.cpython-312.pyc	only original
.venv/Lib/site-packages/pandas/tests/series/methods/__pycache__/test_searchsorted.cpython-312.pyc	only original
.venv/Lib/site-packages/pandas/tests/series/methods/__pycache__/test_set_name.cpython-312.pyc	only original
.venv/Lib/site-packages/pandas/tests/series/methods/__pycache__/test_size.cpython-312.pyc	only original
.venv/Lib/site-packages/pandas/tests/series/methods/__pycache__/test_sort_index.cpython-312.pyc	only original
.venv/Lib/site-packages/pandas/tests/series/methods/__pycache__/test_sort_values.cpython-312.pyc	only original
.venv/Lib/site-packages/pandas/tests/series/methods/__pycache__/test_to_csv.cpython-312.pyc	only original
.venv/Lib/site-packages/pandas/tests/series/methods/__pycache__/test_to_dict.cpython-312.pyc	only original
.venv/Lib/site-packages/pandas/tests/series/methods/__pycache__/test_to_frame.cpython-312.pyc	only original
.venv/Lib/site-packages/pandas/tests/series/methods/__pycache__/test_to_numpy.cpython-312.pyc	only original
.venv/Lib/site-packages/pandas/tests/series/methods/__pycache__/test_tolist.cpython-312.pyc	only original
.venv/Lib/site-packages/pandas/tests/series/methods/__pycache__/test_truncate.cpython-312.pyc	only original
.venv/Lib/site-packages/pandas/tests/series/methods/__pycache__/test_tz_localize.cpython-312.pyc	only original
.venv/Lib/site-packages/pandas/tests/series/methods/__pycache__/test_unique.cpython-312.pyc	only original
.venv/Lib/site-packages/pandas/tests/series/methods/__pycache__/test_unstack.cpython-312.pyc	only original
.venv/Lib/site-packages/pandas/tests/series/methods/__pycache__/test_update.cpython-312.pyc	only original
.venv/Lib/site-packages/pandas/tests/series/methods/__pycache__/test_value_counts.cpython-312.pyc	only original
.venv/Lib/site-packages/pandas/tests/series/methods/__pycache__/test_values.cpython-312.pyc	only original
.venv/Lib/site-packages/pandas/tests/series/methods/__pycache__/test_view.cpython-312.pyc	only original
.venv/Lib/site-packages/pandas/tests/series/methods/test_add_prefix_suffix.py	only original
.venv/Lib/site-packages/pandas/tests/series/methods/test_align.py	only original
.venv/Lib/site-packages/pandas/tests/series/methods/test_argsort.py	only original
.venv/Lib/site-packages/pandas/tests/series/methods/test_asof.py	only original
.venv/Lib/site-packages/pandas/tests/series/methods/test_astype.py	only original
.venv/Lib/site-packages/pandas/tests/series/methods/test_autocorr.py	only original
.venv/Lib/site-packages/pandas/tests/series/methods/test_between.py	only original
.venv/Lib/site-packages/pandas/tests/series/methods/test_case_when.py	only original
.venv/Lib/site-packages/pandas/tests/series/methods/test_clip.py	only original
.venv/Lib/site-packages/pandas/tests/series/methods/test_combine.py	only original
.venv/Lib/site-packages/pandas/tests/series/methods/test_combine_first.py	only original
.venv/Lib/site-packages/pandas/tests/series/methods/test_compare.py	only original
.venv/Lib/site-packages/pandas/tests/series/methods/test_convert_dtypes.py	only original
.venv/Lib/site-packages/pandas/tests/series/methods/test_copy.py	only original
.venv/Lib/site-packages/pandas/tests/series/methods/test_count.py	only original
.venv/Lib/site-packages/pandas/tests/series/methods/test_cov_corr.py	only original
.venv/Lib/site-packages/pandas/tests/series/methods/test_describe.py	only original
.venv/Lib/site-packages/pandas/tests/series/methods/test_diff.py	only original
.venv/Lib/site-packages/pandas/tests/series/methods/test_drop.py	only original
.venv/Lib/site-packages/pandas/tests/series/methods/test_drop_duplicates.py	only original
.venv/Lib/site-packages/pandas/tests/series/methods/test_dropna.py	only original
.venv/Lib/site-packages/pandas/tests/series/methods/test_dtypes.py	only original
.venv/Lib/site-packages/pandas/tests/series/methods/test_duplicated.py	only original
.venv/Lib/site-packages/pandas/tests/series/methods/test_equals.py	only original
.venv/Lib/site-packages/pandas/tests/series/methods/test_explode.py	only original
.venv/Lib/site-packages/pandas/tests/series/methods/test_fillna.py	only original
.venv/Lib/site-packages/pandas/tests/series/methods/test_get_numeric_data.py	only original
.venv/Lib/site-packages/pandas/tests/series/methods/test_head_tail.py	only original
.venv/Lib/site-packages/pandas/tests/series/methods/test_infer_objects.py	only original
.venv/Lib/site-packages/pandas/tests/series/methods/test_info.py	only original
.venv/Lib/site-packages/pandas/tests/series/methods/test_interpolate.py	only original
.venv/Lib/site-packages/pandas/tests/series/methods/test_is_monotonic.py	only original
.venv/Lib/site-packages/pandas/tests/series/methods/test_is_unique.py	only original
.venv/Lib/site-packages/pandas/tests/series/methods/test_isin.py	only original
.venv/Lib/site-packages/pandas/tests/series/methods/test_isna.py	only original
.venv/Lib/site-packages/pandas/tests/series/methods/test_item.py	only original
.venv/Lib/site-packages/pandas/tests/series/methods/test_map.py	only original
.venv/Lib/site-packages/pandas/tests/series/methods/test_matmul.py	only original
.venv/Lib/site-packages/pandas/tests/series/methods/test_nlargest.py	only original
.venv/Lib/site-packages/pandas/tests/series/methods/test_nunique.py	only original
.venv/Lib/site-packages/pandas/tests/series/methods/test_pct_change.py	only original
.venv/Lib/site-packages/pandas/tests/series/methods/test_pop.py	only original
.venv/Lib/site-packages/pandas/tests/series/methods/test_quantile.py	only original
.venv/Lib/site-packages/pandas/tests/series/methods/test_rank.py	only original
.venv/Lib/site-packages/pandas/tests/series/methods/test_reindex.py	only original
.venv/Lib/site-packages/pandas/tests/series/methods/test_reindex_like.py	only original
.venv/Lib/site-packages/pandas/tests/series/methods/test_rename.py	only original
.venv/Lib/site-packages/pandas/tests/series/methods/test_rename_axis.py	only original
.venv/Lib/site-packages/pandas/tests/series/methods/test_repeat.py	only original
.venv/Lib/site-packages/pandas/tests/series/methods/test_replace.py	only original
.venv/Lib/site-packages/pandas/tests/series/methods/test_reset_index.py	only original
.venv/Lib/site-packages/pandas/tests/series/methods/test_round.py	only original
.venv/Lib/site-packages/pandas/tests/series/methods/test_searchsorted.py	only original
.venv/Lib/site-packages/pandas/tests/series/methods/test_set_name.py	only original
.venv/Lib/site-packages/pandas/tests/series/methods/test_size.py	only original
.venv/Lib/site-packages/pandas/tests/series/methods/test_sort_index.py	only original
.venv/Lib/site-packages/pandas/tests/series/methods/test_sort_values.py	only original
.venv/Lib/site-packages/pandas/tests/series/methods/test_to_csv.py	only original
.venv/Lib/site-packages/pandas/tests/series/methods/test_to_dict.py	only original
.venv/Lib/site-packages/pandas/tests/series/methods/test_to_frame.py	only original
.venv/Lib/site-packages/pandas/tests/series/methods/test_to_numpy.py	only original
.venv/Lib/site-packages/pandas/tests/series/methods/test_tolist.py	only original
.venv/Lib/site-packages/pandas/tests/series/methods/test_truncate.py	only original
.venv/Lib/site-packages/pandas/tests/series/methods/test_tz_localize.py	only original
.venv/Lib/site-packages/pandas/tests/series/methods/test_unique.py	only original
.venv/Lib/site-packages/pandas/tests/series/methods/test_unstack.py	only original
.venv/Lib/site-packages/pandas/tests/series/methods/test_update.py	only original
.venv/Lib/site-packages/pandas/tests/series/methods/test_value_counts.py	only original
.venv/Lib/site-packages/pandas/tests/series/methods/test_values.py	only original
.venv/Lib/site-packages/pandas/tests/series/methods/test_view.py	only original
.venv/Lib/site-packages/pandas/tests/series/test_api.py	only original
.venv/Lib/site-packages/pandas/tests/series/test_arithmetic.py	only original
.venv/Lib/site-packages/pandas/tests/series/test_constructors.py	only original
.venv/Lib/site-packages/pandas/tests/series/test_cumulative.py	only original
.venv/Lib/site-packages/pandas/tests/series/test_formats.py	only original
.venv/Lib/site-packages/pandas/tests/series/test_iteration.py	only original
.venv/Lib/site-packages/pandas/tests/series/test_logical_ops.py	only original
.venv/Lib/site-packages/pandas/tests/series/test_missing.py	only original
.venv/Lib/site-packages/pandas/tests/series/test_npfuncs.py	only original
.venv/Lib/site-packages/pandas/tests/series/test_reductions.py	only original
.venv/Lib/site-packages/pandas/tests/series/test_subclass.py	only original
.venv/Lib/site-packages/pandas/tests/series/test_ufunc.py	only original
.venv/Lib/site-packages/pandas/tests/series/test_unary.py	only original
.venv/Lib/site-packages/pandas/tests/series/test_validate.py	only original
.venv/Lib/site-packages/pandas/tests/strings/__init__.py	only original
.venv/Lib/site-packages/pandas/tests/strings/__pycache__/__init__.cpython-312.pyc	only original
.venv/Lib/site-packages/pandas/tests/strings/__pycache__/conftest.cpython-312.pyc	only original
.venv/Lib/site-packages/pandas/tests/strings/__pycache__/test_api.cpython-312.pyc	only original
.venv/Lib/site-packages/pandas/tests/strings/__pycache__/test_case_justify.cpython-312.pyc	only original
.venv/Lib/site-packages/pandas/tests/strings/__pycache__/test_cat.cpython-312.pyc	only original
.venv/Lib/site-packages/pandas/tests/strings/__pycache__/test_extract.cpython-312.pyc	only original
.venv/Lib/site-packages/pandas/tests/strings/__pycache__/test_find_replace.cpython-312.pyc	only original
.venv/Lib/site-packages/pandas/tests/strings/__pycache__/test_get_dummies.cpython-312.pyc	only original
.venv/Lib/site-packages/pandas/tests/strings/__pycache__/test_split_partition.cpython-312.pyc	only original
.venv/Lib/site-packages/pandas/tests/strings/__pycache__/test_string_array.cpython-312.pyc	only original
.venv/Lib/site-packages/pandas/tests/strings/__pycache__/test_strings.cpython-312.pyc	only original
.venv/Lib/site-packages/pandas/tests/strings/conftest.py	only original
.venv/Lib/site-packages/pandas/tests/strings/test_api.py	only original
.venv/Lib/site-packages/pandas/tests/strings/test_case_justify.py	only original
.venv/Lib/site-packages/pandas/tests/strings/test_cat.py	only original
.venv/Lib/site-packages/pandas/tests/strings/test_extract.py	only original
.venv/Lib/site-packages/pandas/tests/strings/test_find_replace.py	only original
.venv/Lib/site-packages/pandas/tests/strings/test_get_dummies.py	only original
.venv/Lib/site-packages/pandas/tests/strings/test_split_partition.py	only original
.venv/Lib/site-packages/pandas/tests/strings/test_string_array.py	only original
.venv/Lib/site-packages/pandas/tests/strings/test_strings.py	only original
.venv/Lib/site-packages/pandas/tests/test_aggregation.py	only original
.venv/Lib/site-packages/pandas/tests/test_algos.py	only original
.venv/Lib/site-packages/pandas/tests/test_common.py	only original
.venv/Lib/site-packages/pandas/tests/test_downstream.py	only original
.venv/Lib/site-packages/pandas/tests/test_errors.py	only original
.venv/Lib/site-packages/pandas/tests/test_expressions.py	only original
.venv/Lib/site-packages/pandas/tests/test_flags.py	only original
.venv/Lib/site-packages/pandas/tests/test_multilevel.py	only original
.venv/Lib/site-packages/pandas/tests/test_nanops.py	only original
.venv/Lib/site-packages/pandas/tests/test_optional_dependency.py	only original
.venv/Lib/site-packages/pandas/tests/test_register_accessor.py	only original
.venv/Lib/site-packages/pandas/tests/test_sorting.py	only original
.venv/Lib/site-packages/pandas/tests/test_take.py	only original
.venv/Lib/site-packages/pandas/tests/tools/__init__.py	only original
.venv/Lib/site-packages/pandas/tests/tools/__pycache__/__init__.cpython-312.pyc	only original
.venv/Lib/site-packages/pandas/tests/tools/__pycache__/test_to_datetime.cpython-312.pyc	only original
.venv/Lib/site-packages/pandas/tests/tools/__pycache__/test_to_numeric.cpython-312.pyc	only original
.venv/Lib/site-packages/pandas/tests/tools/__pycache__/test_to_time.cpython-312.pyc	only original
.venv/Lib/site-packages/pandas/tests/tools/__pycache__/test_to_timedelta.cpython-312.pyc	only original
.venv/Lib/site-packages/pandas/tests/tools/test_to_datetime.py	only original
.venv/Lib/site-packages/pandas/tests/tools/test_to_numeric.py	only original
.venv/Lib/site-packages/pandas/tests/tools/test_to_time.py	only original
.venv/Lib/site-packages/pandas/tests/tools/test_to_timedelta.py	only original
.venv/Lib/site-packages/pandas/tests/tseries/__init__.py	only original
.venv/Lib/site-packages/pandas/tests/tseries/__pycache__/__init__.cpython-312.pyc	only original
.venv/Lib/site-packages/pandas/tests/tseries/frequencies/__init__.py	only original
.venv/Lib/site-packages/pandas/tests/tseries/frequencies/__pycache__/__init__.cpython-312.pyc	only original
.venv/Lib/site-packages/pandas/tests/tseries/frequencies/__pycache__/test_freq_code.cpython-312.pyc	only original
.venv/Lib/site-packages/pandas/tests/tseries/frequencies/__pycache__/test_frequencies.cpython-312.pyc	only original
.venv/Lib/site-packages/pandas/tests/tseries/frequencies/__pycache__/test_inference.cpython-312.pyc	only original
.venv/Lib/site-packages/pandas/tests/tseries/frequencies/test_freq_code.py	only original
.venv/Lib/site-packages/pandas/tests/tseries/frequencies/test_frequencies.py	only original
.venv/Lib/site-packages/pandas/tests/tseries/frequencies/test_inference.py	only original
.venv/Lib/site-packages/pandas/tests/tseries/holiday/__init__.py	only original
.venv/Lib/site-packages/pandas/tests/tseries/holiday/__pycache__/__init__.cpython-312.pyc	only original
.venv/Lib/site-packages/pandas/tests/tseries/holiday/__pycache__/test_calendar.cpython-312.pyc	only original
.venv/Lib/site-packages/pandas/tests/tseries/holiday/__pycache__/test_federal.cpython-312.pyc	only original
.venv/Lib/site-packages/pandas/tests/tseries/holiday/__pycache__/test_holiday.cpython-312.pyc	only original
.venv/Lib/site-packages/pandas/tests/tseries/holiday/__pycache__/test_observance.cpython-312.pyc	only original
.venv/Lib/site-packages/pandas/tests/tseries/holiday/test_calendar.py	only original
.venv/Lib/site-packages/pandas/tests/tseries/holiday/test_federal.py	only original
.venv/Lib/site-packages/pandas/tests/tseries/holiday/test_holiday.py	only original
.venv/Lib/site-packages/pandas/tests/tseries/holiday/test_observance.py	only original
.venv/Lib/site-packages/pandas/tests/tseries/offsets/__init__.py	only original
.venv/Lib/site-packages/pandas/tests/tseries/offsets/__pycache__/__init__.cpython-312.pyc	only original
.venv/Lib/site-packages/pandas/tests/tseries/offsets/__pycache__/common.cpython-312.pyc	only original
.venv/Lib/site-packages/pandas/tests/tseries/offsets/__pycache__/test_business_day.cpython-312.pyc	only original
.venv/Lib/site-packages/pandas/tests/tseries/offsets/__pycache__/test_business_hour.cpython-312.pyc	only original
.venv/Lib/site-packages/pandas/tests/tseries/offsets/__pycache__/test_business_month.cpython-312.pyc	only original
.venv/Lib/site-packages/pandas/tests/tseries/offsets/__pycache__/test_business_quarter.cpython-312.pyc	only original
.venv/Lib/site-packages/pandas/tests/tseries/offsets/__pycache__/test_business_year.cpython-312.pyc	only original
.venv/Lib/site-packages/pandas/tests/tseries/offsets/__pycache__/test_common.cpython-312.pyc	only original
.venv/Lib/site-packages/pandas/tests/tseries/offsets/__pycache__/test_custom_business_day.cpython-312.pyc	only original
.venv/Lib/site-packages/pandas/tests/tseries/offsets/__pycache__/test_custom_business_hour.cpython-312.pyc	only original
.venv/Lib/site-packages/pandas/tests/tseries/offsets/__pycache__/test_custom_business_month.cpython-312.pyc	only original
.venv/Lib/site-packages/pandas/tests/tseries/offsets/__pycache__/test_dst.cpython-312.pyc	only original
.venv/Lib/site-packages/pandas/tests/tseries/offsets/__pycache__/test_easter.cpython-312.pyc	only original
.venv/Lib/site-packages/pandas/tests/tseries/offsets/__pycache__/test_fiscal.cpython-312.pyc	only original
.venv/Lib/site-packages/pandas/tests/tseries/offsets/__pycache__/test_index.cpython-312.pyc	only original
.venv/Lib/site-packages/pandas/tests/tseries/offsets/__pycache__/test_month.cpython-312.pyc	only original
.venv/Lib/site-packages/pandas/tests/tseries/offsets/__pycache__/test_offsets.cpython-312.pyc	only original
.venv/Lib/site-packages/pandas/tests/tseries/offsets/__pycache__/test_offsets_properties.cpython-312.pyc	only original
.venv/Lib/site-packages/pandas/tests/tseries/offsets/__pycache__/test_quarter.cpython-312.pyc	only original
.venv/Lib/site-packages/pandas/tests/tseries/offsets/__pycache__/test_ticks.cpython-312.pyc	only original
.venv/Lib/site-packages/pandas/tests/tseries/offsets/__pycache__/test_week.cpython-312.pyc	only original
.venv/Lib/site-packages/pandas/tests/tseries/offsets/__pycache__/test_year.cpython-312.pyc	only original
.venv/Lib/site-packages/pandas/tests/tseries/offsets/common.py	only original
.venv/Lib/site-packages/pandas/tests/tseries/offsets/test_business_day.py	only original
.venv/Lib/site-packages/pandas/tests/tseries/offsets/test_business_hour.py	only original
.venv/Lib/site-packages/pandas/tests/tseries/offsets/test_business_month.py	only original
.venv/Lib/site-packages/pandas/tests/tseries/offsets/test_business_quarter.py	only original
.venv/Lib/site-packages/pandas/tests/tseries/offsets/test_business_year.py	only original
.venv/Lib/site-packages/pandas/tests/tseries/offsets/test_common.py	only original
.venv/Lib/site-packages/pandas/tests/tseries/offsets/test_custom_business_day.py	only original
.venv/Lib/site-packages/pandas/tests/tseries/offsets/test_custom_business_hour.py	only original
.venv/Lib/site-packages/pandas/tests/tseries/offsets/test_custom_business_month.py	only original
.venv/Lib/site-packages/pandas/tests/tseries/offsets/test_dst.py	only original
.venv/Lib/site-packages/pandas/tests/tseries/offsets/test_easter.py	only original
.venv/Lib/site-packages/pandas/tests/tseries/offsets/test_fiscal.py	only original
.venv/Lib/site-packages/pandas/tests/tseries/offsets/test_index.py	only original
.venv/Lib/site-packages/pandas/tests/tseries/offsets/test_month.py	only original
.venv/Lib/site-packages/pandas/tests/tseries/offsets/test_offsets.py	only original
.venv/Lib/site-packages/pandas/tests/tseries/offsets/test_offsets_properties.py	only original
.venv/Lib/site-packages/pandas/tests/tseries/offsets/test_quarter.py	only original
.venv/Lib/site-packages/pandas/tests/tseries/offsets/test_ticks.py	only original
.venv/Lib/site-packages/pandas/tests/tseries/offsets/test_week.py	only original
.venv/Lib/site-packages/pandas/tests/tseries/offsets/test_year.py	only original
.venv/Lib/site-packages/pandas/tests/tslibs/__init__.py	only original
.venv/Lib/site-packages/pandas/tests/tslibs/__pycache__/__init__.cpython-312.pyc	only original
.venv/Lib/site-packages/pandas/tests/tslibs/__pycache__/test_api.cpython-312.pyc	only original
.venv/Lib/site-packages/pandas/tests/tslibs/__pycache__/test_array_to_datetime.cpython-312.pyc	only original
.venv/Lib/site-packages/pandas/tests/tslibs/__pycache__/test_ccalendar.cpython-312.pyc	only original
.venv/Lib/site-packages/pandas/tests/tslibs/__pycache__/test_conversion.cpython-312.pyc	only original
.venv/Lib/site-packages/pandas/tests/tslibs/__pycache__/test_fields.cpython-312.pyc	only original
.venv/Lib/site-packages/pandas/tests/tslibs/__pycache__/test_libfrequencies.cpython-312.pyc	only original
.venv/Lib/site-packages/pandas/tests/tslibs/__pycache__/test_liboffsets.cpython-312.pyc	only original
.venv/Lib/site-packages/pandas/tests/tslibs/__pycache__/test_np_datetime.cpython-312.pyc	only original
.venv/Lib/site-packages/pandas/tests/tslibs/__pycache__/test_npy_units.cpython-312.pyc	only original
.venv/Lib/site-packages/pandas/tests/tslibs/__pycache__/test_parse_iso8601.cpython-312.pyc	only original
.venv/Lib/site-packages/pandas/tests/tslibs/__pycache__/test_parsing.cpython-312.pyc	only original
.venv/Lib/site-packages/pandas/tests/tslibs/__pycache__/test_period.cpython-312.pyc	only original
.venv/Lib/site-packages/pandas/tests/tslibs/__pycache__/test_resolution.cpython-312.pyc	only original
.venv/Lib/site-packages/pandas/tests/tslibs/__pycache__/test_strptime.cpython-312.pyc	only original
.venv/Lib/site-packages/pandas/tests/tslibs/__pycache__/test_timedeltas.cpython-312.pyc	only original
.venv/Lib/site-packages/pandas/tests/tslibs/__pycache__/test_timezones.cpython-312.pyc	only original
.venv/Lib/site-packages/pandas/tests/tslibs/__pycache__/test_to_offset.cpython-312.pyc	only original
.venv/Lib/site-packages/pandas/tests/tslibs/__pycache__/test_tzconversion.cpython-312.pyc	only original
.venv/Lib/site-packages/pandas/tests/tslibs/test_api.py	only original
.venv/Lib/site-packages/pandas/tests/tslibs/test_array_to_datetime.py	only original
.venv/Lib/site-packages/pandas/tests/tslibs/test_ccalendar.py	only original
.venv/Lib/site-packages/pandas/tests/tslibs/test_conversion.py	only original
.venv/Lib/site-packages/pandas/tests/tslibs/test_fields.py	only original
.venv/Lib/site-packages/pandas/tests/tslibs/test_libfrequencies.py	only original
.venv/Lib/site-packages/pandas/tests/tslibs/test_liboffsets.py	only original
.venv/Lib/site-packages/pandas/tests/tslibs/test_np_datetime.py	only original
.venv/Lib/site-packages/pandas/tests/tslibs/test_npy_units.py	only original
.venv/Lib/site-packages/pandas/tests/tslibs/test_parse_iso8601.py	only original
.venv/Lib/site-packages/pandas/tests/tslibs/test_parsing.py	only original
.venv/Lib/site-packages/pandas/tests/tslibs/test_period.py	only original
.venv/Lib/site-packages/pandas/tests/tslibs/test_resolution.py	only original
.venv/Lib/site-packages/pandas/tests/tslibs/test_strptime.py	only original
.venv/Lib/site-packages/pandas/tests/tslibs/test_timedeltas.py	only original
.venv/Lib/site-packages/pandas/tests/tslibs/test_timezones.py	only original
.venv/Lib/site-packages/pandas/tests/tslibs/test_to_offset.py	only original
.venv/Lib/site-packages/pandas/tests/tslibs/test_tzconversion.py	only original
.venv/Lib/site-packages/pandas/tests/util/__init__.py	only original
.venv/Lib/site-packages/pandas/tests/util/__pycache__/__init__.cpython-312.pyc	only original
.venv/Lib/site-packages/pandas/tests/util/__pycache__/conftest.cpython-312.pyc	only original
.venv/Lib/site-packages/pandas/tests/util/__pycache__/test_assert_almost_equal.cpython-312.pyc	only original
.venv/Lib/site-packages/pandas/tests/util/__pycache__/test_assert_attr_equal.cpython-312.pyc	only original
.venv/Lib/site-packages/pandas/tests/util/__pycache__/test_assert_categorical_equal.cpython-312.pyc	only original
.venv/Lib/site-packages/pandas/tests/util/__pycache__/test_assert_extension_array_equal.cpython-312.pyc	only original
.venv/Lib/site-packages/pandas/tests/util/__pycache__/test_assert_frame_equal.cpython-312.pyc	only original
.venv/Lib/site-packages/pandas/tests/util/__pycache__/test_assert_index_equal.cpython-312.pyc	only original
.venv/Lib/site-packages/pandas/tests/util/__pycache__/test_assert_interval_array_equal.cpython-312.pyc	only original
.venv/Lib/site-packages/pandas/tests/util/__pycache__/test_assert_numpy_array_equal.cpython-312.pyc	only original
.venv/Lib/site-packages/pandas/tests/util/__pycache__/test_assert_produces_warning.cpython-312.pyc	only original
.venv/Lib/site-packages/pandas/tests/util/__pycache__/test_assert_series_equal.cpython-312.pyc	only original
.venv/Lib/site-packages/pandas/tests/util/__pycache__/test_deprecate.cpython-312.pyc	only original
.venv/Lib/site-packages/pandas/tests/util/__pycache__/test_deprecate_kwarg.cpython-312.pyc	only original
.venv/Lib/site-packages/pandas/tests/util/__pycache__/test_deprecate_nonkeyword_arguments.cpython-312.pyc	only original
.venv/Lib/site-packages/pandas/tests/util/__pycache__/test_doc.cpython-312.pyc	only original
.venv/Lib/site-packages/pandas/tests/util/__pycache__/test_hashing.cpython-312.pyc	only original
.venv/Lib/site-packages/pandas/tests/util/__pycache__/test_numba.cpython-312.pyc	only original
.venv/Lib/site-packages/pandas/tests/util/__pycache__/test_rewrite_warning.cpython-312.pyc	only original
.venv/Lib/site-packages/pandas/tests/util/__pycache__/test_shares_memory.cpython-312.pyc	only original
.venv/Lib/site-packages/pandas/tests/util/__pycache__/test_show_versions.cpython-312.pyc	only original
.venv/Lib/site-packages/pandas/tests/util/__pycache__/test_util.cpython-312.pyc	only original
.venv/Lib/site-packages/pandas/tests/util/__pycache__/test_validate_args.cpython-312.pyc	only original
.venv/Lib/site-packages/pandas/tests/util/__pycache__/test_validate_args_and_kwargs.cpython-312.pyc	only original
.venv/Lib/site-packages/pandas/tests/util/__pycache__/test_validate_inclusive.cpython-312.pyc	only original
.venv/Lib/site-packages/pandas/tests/util/__pycache__/test_validate_kwargs.cpython-312.pyc	only original
.venv/Lib/site-packages/pandas/tests/util/conftest.py	only original
.venv/Lib/site-packages/pandas/tests/util/test_assert_almost_equal.py	only original
.venv/Lib/site-packages/pandas/tests/util/test_assert_attr_equal.py	only original
.venv/Lib/site-packages/pandas/tests/util/test_assert_categorical_equal.py	only original
.venv/Lib/site-packages/pandas/tests/util/test_assert_extension_array_equal.py	only original
.venv/Lib/site-packages/pandas/tests/util/test_assert_frame_equal.py	only original
.venv/Lib/site-packages/pandas/tests/util/test_assert_index_equal.py	only original
.venv/Lib/site-packages/pandas/tests/util/test_assert_interval_array_equal.py	only original
.venv/Lib/site-packages/pandas/tests/util/test_assert_numpy_array_equal.py	only original
.venv/Lib/site-packages/pandas/tests/util/test_assert_produces_warning.py	only original
.venv/Lib/site-packages/pandas/tests/util/test_assert_series_equal.py	only original
.venv/Lib/site-packages/pandas/tests/util/test_deprecate.py	only original
.venv/Lib/site-packages/pandas/tests/util/test_deprecate_kwarg.py	only original
.venv/Lib/site-packages/pandas/tests/util/test_deprecate_nonkeyword_arguments.py	only original
.venv/Lib/site-packages/pandas/tests/util/test_doc.py	only original
.venv/Lib/site-packages/pandas/tests/util/test_hashing.py	only original
.venv/Lib/site-packages/pandas/tests/util/test_numba.py	only original
.venv/Lib/site-packages/pandas/tests/util/test_rewrite_warning.py	only original
.venv/Lib/site-packages/pandas/tests/util/test_shares_memory.py	only original
.venv/Lib/site-packages/pandas/tests/util/test_show_versions.py	only original
.venv/Lib/site-packages/pandas/tests/util/test_util.py	only original
.venv/Lib/site-packages/pandas/tests/util/test_validate_args.py	only original
.venv/Lib/site-packages/pandas/tests/util/test_validate_args_and_kwargs.py	only original
.venv/Lib/site-packages/pandas/tests/util/test_validate_inclusive.py	only original
.venv/Lib/site-packages/pandas/tests/util/test_validate_kwargs.py	only original
.venv/Lib/site-packages/pandas/tests/window/__init__.py	only original
.venv/Lib/site-packages/pandas/tests/window/__pycache__/__init__.cpython-312.pyc	only original
.venv/Lib/site-packages/pandas/tests/window/__pycache__/conftest.cpython-312.pyc	only original
.venv/Lib/site-packages/pandas/tests/window/__pycache__/test_api.cpython-312.pyc	only original
.venv/Lib/site-packages/pandas/tests/window/__pycache__/test_apply.cpython-312.pyc	only original
.venv/Lib/site-packages/pandas/tests/window/__pycache__/test_base_indexer.cpython-312.pyc	only original
.venv/Lib/site-packages/pandas/tests/window/__pycache__/test_cython_aggregations.cpython-312.pyc	only original
.venv/Lib/site-packages/pandas/tests/window/__pycache__/test_dtypes.cpython-312.pyc	only original
.venv/Lib/site-packages/pandas/tests/window/__pycache__/test_ewm.cpython-312.pyc	only original
.venv/Lib/site-packages/pandas/tests/window/__pycache__/test_expanding.cpython-312.pyc	only original
.venv/Lib/site-packages/pandas/tests/window/__pycache__/test_groupby.cpython-312.pyc	only original
.venv/Lib/site-packages/pandas/tests/window/__pycache__/test_numba.cpython-312.pyc	only original
.venv/Lib/site-packages/pandas/tests/window/__pycache__/test_online.cpython-312.pyc	only original
.venv/Lib/site-packages/pandas/tests/window/__pycache__/test_pairwise.cpython-312.pyc	only original
.venv/Lib/site-packages/pandas/tests/window/__pycache__/test_rolling.cpython-312.pyc	only original
.venv/Lib/site-packages/pandas/tests/window/__pycache__/test_rolling_functions.cpython-312.pyc	only original
.venv/Lib/site-packages/pandas/tests/window/__pycache__/test_rolling_quantile.cpython-312.pyc	only original
.venv/Lib/site-packages/pandas/tests/window/__pycache__/test_rolling_skew_kurt.cpython-312.pyc	only original
.venv/Lib/site-packages/pandas/tests/window/__pycache__/test_timeseries_window.cpython-312.pyc	only original
.venv/Lib/site-packages/pandas/tests/window/__pycache__/test_win_type.cpython-312.pyc	only original
.venv/Lib/site-packages/pandas/tests/window/conftest.py	only original
.venv/Lib/site-packages/pandas/tests/window/moments/__init__.py	only original
.venv/Lib/site-packages/pandas/tests/window/moments/__pycache__/__init__.cpython-312.pyc	only original
.venv/Lib/site-packages/pandas/tests/window/moments/__pycache__/conftest.cpython-312.pyc	only original
.venv/Lib/site-packages/pandas/tests/window/moments/__pycache__/test_moments_consistency_ewm.cpython-312.pyc	only original
.venv/Lib/site-packages/pandas/tests/window/moments/__pycache__/test_moments_consistency_expanding.cpython-312.pyc	only original
.venv/Lib/site-packages/pandas/tests/window/moments/__pycache__/test_moments_consistency_rolling.cpython-312.pyc	only original
.venv/Lib/site-packages/pandas/tests/window/moments/conftest.py	only original
.venv/Lib/site-packages/pandas/tests/window/moments/test_moments_consistency_ewm.py	only original
.venv/Lib/site-packages/pandas/tests/window/moments/test_moments_consistency_expanding.py	only original
.venv/Lib/site-packages/pandas/tests/window/moments/test_moments_consistency_rolling.py	only original
.venv/Lib/site-packages/pandas/tests/window/test_api.py	only original
.venv/Lib/site-packages/pandas/tests/window/test_apply.py	only original
.venv/Lib/site-packages/pandas/tests/window/test_base_indexer.py	only original
.venv/Lib/site-packages/pandas/tests/window/test_cython_aggregations.py	only original
.venv/Lib/site-packages/pandas/tests/window/test_dtypes.py	only original
.venv/Lib/site-packages/pandas/tests/window/test_ewm.py	only original
.venv/Lib/site-packages/pandas/tests/window/test_expanding.py	only original
.venv/Lib/site-packages/pandas/tests/window/test_groupby.py	only original
.venv/Lib/site-packages/pandas/tests/window/test_numba.py	only original
.venv/Lib/site-packages/pandas/tests/window/test_online.py	only original
.venv/Lib/site-packages/pandas/tests/window/test_pairwise.py	only original
.venv/Lib/site-packages/pandas/tests/window/test_rolling.py	only original
.venv/Lib/site-packages/pandas/tests/window/test_rolling_functions.py	only original
.venv/Lib/site-packages/pandas/tests/window/test_rolling_quantile.py	only original
.venv/Lib/site-packages/pandas/tests/window/test_rolling_skew_kurt.py	only original
.venv/Lib/site-packages/pandas/tests/window/test_timeseries_window.py	only original
.venv/Lib/site-packages/pandas/tests/window/test_win_type.py	only original
.venv/Lib/site-packages/pandas/tseries/__init__.py	only original
.venv/Lib/site-packages/pandas/tseries/__pycache__/__init__.cpython-312.pyc	only original
.venv/Lib/site-packages/pandas/tseries/__pycache__/api.cpython-312.pyc	only original
.venv/Lib/site-packages/pandas/tseries/__pycache__/frequencies.cpython-312.pyc	only original
.venv/Lib/site-packages/pandas/tseries/__pycache__/holiday.cpython-312.pyc	only original
.venv/Lib/site-packages/pandas/tseries/__pycache__/offsets.cpython-312.pyc	only original
.venv/Lib/site-packages/pandas/tseries/api.py	only original
.venv/Lib/site-packages/pandas/tseries/frequencies.py	only original
.venv/Lib/site-packages/pandas/tseries/holiday.py	only original
.venv/Lib/site-packages/pandas/tseries/offsets.py	only original
.venv/Lib/site-packages/pandas/util/__init__.py	only original
.venv/Lib/site-packages/pandas/util/__pycache__/__init__.cpython-312.pyc	only original
.venv/Lib/site-packages/pandas/util/__pycache__/_decorators.cpython-312.pyc	only original
.venv/Lib/site-packages/pandas/util/__pycache__/_doctools.cpython-312.pyc	only original
.venv/Lib/site-packages/pandas/util/__pycache__/_exceptions.cpython-312.pyc	only original
.venv/Lib/site-packages/pandas/util/__pycache__/_print_versions.cpython-312.pyc	only original
.venv/Lib/site-packages/pandas/util/__pycache__/_test_decorators.cpython-312.pyc	only original
.venv/Lib/site-packages/pandas/util/__pycache__/_tester.cpython-312.pyc	only original
.venv/Lib/site-packages/pandas/util/__pycache__/_validators.cpython-312.pyc	only original
.venv/Lib/site-packages/pandas/util/_decorators.py	only original
.venv/Lib/site-packages/pandas/util/_doctools.py	only original
.venv/Lib/site-packages/pandas/util/_exceptions.py	only original
.venv/Lib/site-packages/pandas/util/_print_versions.py	only original
.venv/Lib/site-packages/pandas/util/_test_decorators.py	only original
.venv/Lib/site-packages/pandas/util/_tester.py	only original
.venv/Lib/site-packages/pandas/util/_validators.py	only original
.venv/Lib/site-packages/pandas/util/version/__init__.py	only original
.venv/Lib/site-packages/pandas/util/version/__pycache__/__init__.cpython-312.pyc	only original
.venv/Lib/site-packages/pip-25.0.1.dist-info/AUTHORS.txt	only original
.venv/Lib/site-packages/pip-25.0.1.dist-info/INSTALLER	only original
.venv/Lib/site-packages/pip-25.0.1.dist-info/LICENSE.txt	only original
.venv/Lib/site-packages/pip-25.0.1.dist-info/METADATA	only original
.venv/Lib/site-packages/pip-25.0.1.dist-info/RECORD	only original
.venv/Lib/site-packages/pip-25.0.1.dist-info/REQUESTED	only original
.venv/Lib/site-packages/pip-25.0.1.dist-info/WHEEL	only original
.venv/Lib/site-packages/pip-25.0.1.dist-info/entry_points.txt	only original
.venv/Lib/site-packages/pip-25.0.1.dist-info/top_level.txt	only original
.venv/Lib/site-packages/pip/__init__.py	only original
.venv/Lib/site-packages/pip/__main__.py	only original
.venv/Lib/site-packages/pip/__pip-runner__.py	only original
.venv/Lib/site-packages/pip/__pycache__/__init__.cpython-312.pyc	only original
.venv/Lib/site-packages/pip/__pycache__/__main__.cpython-312.pyc	only original
.venv/Lib/site-packages/pip/__pycache__/__pip-runner__.cpython-312.pyc	only original
.venv/Lib/site-packages/pip/_internal/__init__.py	only original
.venv/Lib/site-packages/pip/_internal/__pycache__/__init__.cpython-312.pyc	only original
.venv/Lib/site-packages/pip/_internal/__pycache__/build_env.cpython-312.pyc	only original
.venv/Lib/site-packages/pip/_internal/__pycache__/cache.cpython-312.pyc	only original
.venv/Lib/site-packages/pip/_internal/__pycache__/configuration.cpython-312.pyc	only original
.venv/Lib/site-packages/pip/_internal/__pycache__/exceptions.cpython-312.pyc	only original
.venv/Lib/site-packages/pip/_internal/__pycache__/main.cpython-312.pyc	only original
.venv/Lib/site-packages/pip/_internal/__pycache__/pyproject.cpython-312.pyc	only original
.venv/Lib/site-packages/pip/_internal/__pycache__/self_outdated_check.cpython-312.pyc	only original
.venv/Lib/site-packages/pip/_internal/__pycache__/wheel_builder.cpython-312.pyc	only original
.venv/Lib/site-packages/pip/_internal/build_env.py	only original
.venv/Lib/site-packages/pip/_internal/cache.py	only original
.venv/Lib/site-packages/pip/_internal/cli/__init__.py	only original
.venv/Lib/site-packages/pip/_internal/cli/__pycache__/__init__.cpython-312.pyc	only original
.venv/Lib/site-packages/pip/_internal/cli/__pycache__/autocompletion.cpython-312.pyc	only original
.venv/Lib/site-packages/pip/_internal/cli/__pycache__/base_command.cpython-312.pyc	only original
.venv/Lib/site-packages/pip/_internal/cli/__pycache__/cmdoptions.cpython-312.pyc	only original
.venv/Lib/site-packages/pip/_internal/cli/__pycache__/command_context.cpython-312.pyc	only original
.venv/Lib/site-packages/pip/_internal/cli/__pycache__/index_command.cpython-312.pyc	only original
.venv/Lib/site-packages/pip/_internal/cli/__pycache__/main.cpython-312.pyc	only original
.venv/Lib/site-packages/pip/_internal/cli/__pycache__/main_parser.cpython-312.pyc	only original
.venv/Lib/site-packages/pip/_internal/cli/__pycache__/parser.cpython-312.pyc	only original
.venv/Lib/site-packages/pip/_internal/cli/__pycache__/progress_bars.cpython-312.pyc	only original
.venv/Lib/site-packages/pip/_internal/cli/__pycache__/req_command.cpython-312.pyc	only original
.venv/Lib/site-packages/pip/_internal/cli/__pycache__/spinners.cpython-312.pyc	only original
.venv/Lib/site-packages/pip/_internal/cli/__pycache__/status_codes.cpython-312.pyc	only original
.venv/Lib/site-packages/pip/_internal/cli/autocompletion.py	only original
.venv/Lib/site-packages/pip/_internal/cli/base_command.py	only original
.venv/Lib/site-packages/pip/_internal/cli/cmdoptions.py	only original
.venv/Lib/site-packages/pip/_internal/cli/command_context.py	only original
.venv/Lib/site-packages/pip/_internal/cli/index_command.py	only original
.venv/Lib/site-packages/pip/_internal/cli/main.py	only original
.venv/Lib/site-packages/pip/_internal/cli/main_parser.py	only original
.venv/Lib/site-packages/pip/_internal/cli/parser.py	only original
.venv/Lib/site-packages/pip/_internal/cli/progress_bars.py	only original
.venv/Lib/site-packages/pip/_internal/cli/req_command.py	only original
.venv/Lib/site-packages/pip/_internal/cli/spinners.py	only original
.venv/Lib/site-packages/pip/_internal/cli/status_codes.py	only original
.venv/Lib/site-packages/pip/_internal/commands/__init__.py	only original
.venv/Lib/site-packages/pip/_internal/commands/__pycache__/__init__.cpython-312.pyc	only original
.venv/Lib/site-packages/pip/_internal/commands/__pycache__/cache.cpython-312.pyc	only original
.venv/Lib/site-packages/pip/_internal/commands/__pycache__/check.cpython-312.pyc	only original
.venv/Lib/site-packages/pip/_internal/commands/__pycache__/completion.cpython-312.pyc	only original
.venv/Lib/site-packages/pip/_internal/commands/__pycache__/configuration.cpython-312.pyc	only original
.venv/Lib/site-packages/pip/_internal/commands/__pycache__/debug.cpython-312.pyc	only original
.venv/Lib/site-packages/pip/_internal/commands/__pycache__/download.cpython-312.pyc	only original
.venv/Lib/site-packages/pip/_internal/commands/__pycache__/freeze.cpython-312.pyc	only original
.venv/Lib/site-packages/pip/_internal/commands/__pycache__/hash.cpython-312.pyc	only original
.venv/Lib/site-packages/pip/_internal/commands/__pycache__/help.cpython-312.pyc	only original
.venv/Lib/site-packages/pip/_internal/commands/__pycache__/index.cpython-312.pyc	only original
.venv/Lib/site-packages/pip/_internal/commands/__pycache__/inspect.cpython-312.pyc	only original
.venv/Lib/site-packages/pip/_internal/commands/__pycache__/install.cpython-312.pyc	only original
.venv/Lib/site-packages/pip/_internal/commands/__pycache__/list.cpython-312.pyc	only original
.venv/Lib/site-packages/pip/_internal/commands/__pycache__/search.cpython-312.pyc	only original
.venv/Lib/site-packages/pip/_internal/commands/__pycache__/show.cpython-312.pyc	only original
.venv/Lib/site-packages/pip/_internal/commands/__pycache__/uninstall.cpython-312.pyc	only original
.venv/Lib/site-packages/pip/_internal/commands/__pycache__/wheel.cpython-312.pyc	only original
.venv/Lib/site-packages/pip/_internal/commands/cache.py	only original
.venv/Lib/site-packages/pip/_internal/commands/check.py	only original
.venv/Lib/site-packages/pip/_internal/commands/completion.py	only original
.venv/Lib/site-packages/pip/_internal/commands/configuration.py	only original
.venv/Lib/site-packages/pip/_internal/commands/debug.py	only original
.venv/Lib/site-packages/pip/_internal/commands/download.py	only original
.venv/Lib/site-packages/pip/_internal/commands/freeze.py	only original
.venv/Lib/site-packages/pip/_internal/commands/hash.py	only original
.venv/Lib/site-packages/pip/_internal/commands/help.py	only original
.venv/Lib/site-packages/pip/_internal/commands/index.py	only original
.venv/Lib/site-packages/pip/_internal/commands/inspect.py	only original
.venv/Lib/site-packages/pip/_internal/commands/install.py	only original
.venv/Lib/site-packages/pip/_internal/commands/list.py	only original
.venv/Lib/site-packages/pip/_internal/commands/search.py	only original
.venv/Lib/site-packages/pip/_internal/commands/show.py	only original
.venv/Lib/site-packages/pip/_internal/commands/uninstall.py	only original
.venv/Lib/site-packages/pip/_internal/commands/wheel.py	only original
.venv/Lib/site-packages/pip/_internal/configuration.py	only original
.venv/Lib/site-packages/pip/_internal/distributions/__init__.py	only original
.venv/Lib/site-packages/pip/_internal/distributions/__pycache__/__init__.cpython-312.pyc	only original
.venv/Lib/site-packages/pip/_internal/distributions/__pycache__/base.cpython-312.pyc	only original
.venv/Lib/site-packages/pip/_internal/distributions/__pycache__/installed.cpython-312.pyc	only original
.venv/Lib/site-packages/pip/_internal/distributions/__pycache__/sdist.cpython-312.pyc	only original
.venv/Lib/site-packages/pip/_internal/distributions/__pycache__/wheel.cpython-312.pyc	only original
.venv/Lib/site-packages/pip/_internal/distributions/base.py	only original
.venv/Lib/site-packages/pip/_internal/distributions/installed.py	only original
.venv/Lib/site-packages/pip/_internal/distributions/sdist.py	only original
.venv/Lib/site-packages/pip/_internal/distributions/wheel.py	only original
.venv/Lib/site-packages/pip/_internal/exceptions.py	only original
.venv/Lib/site-packages/pip/_internal/index/__init__.py	only original
.venv/Lib/site-packages/pip/_internal/index/__pycache__/__init__.cpython-312.pyc	only original
.venv/Lib/site-packages/pip/_internal/index/__pycache__/collector.cpython-312.pyc	only original
.venv/Lib/site-packages/pip/_internal/index/__pycache__/package_finder.cpython-312.pyc	only original
.venv/Lib/site-packages/pip/_internal/index/__pycache__/sources.cpython-312.pyc	only original
.venv/Lib/site-packages/pip/_internal/index/collector.py	only original
.venv/Lib/site-packages/pip/_internal/index/package_finder.py	only original
.venv/Lib/site-packages/pip/_internal/index/sources.py	only original
.venv/Lib/site-packages/pip/_internal/locations/__init__.py	only original
.venv/Lib/site-packages/pip/_internal/locations/__pycache__/__init__.cpython-312.pyc	only original
.venv/Lib/site-packages/pip/_internal/locations/__pycache__/_distutils.cpython-312.pyc	only original
.venv/Lib/site-packages/pip/_internal/locations/__pycache__/_sysconfig.cpython-312.pyc	only original
.venv/Lib/site-packages/pip/_internal/locations/__pycache__/base.cpython-312.pyc	only original
.venv/Lib/site-packages/pip/_internal/locations/_distutils.py	only original
.venv/Lib/site-packages/pip/_internal/locations/_sysconfig.py	only original
.venv/Lib/site-packages/pip/_internal/locations/base.py	only original
.venv/Lib/site-packages/pip/_internal/main.py	only original
.venv/Lib/site-packages/pip/_internal/metadata/__init__.py	only original
.venv/Lib/site-packages/pip/_internal/metadata/__pycache__/__init__.cpython-312.pyc	only original
.venv/Lib/site-packages/pip/_internal/metadata/__pycache__/_json.cpython-312.pyc	only original
.venv/Lib/site-packages/pip/_internal/metadata/__pycache__/base.cpython-312.pyc	only original
.venv/Lib/site-packages/pip/_internal/metadata/__pycache__/pkg_resources.cpython-312.pyc	only original
.venv/Lib/site-packages/pip/_internal/metadata/_json.py	only original
.venv/Lib/site-packages/pip/_internal/metadata/base.py	only original
.venv/Lib/site-packages/pip/_internal/metadata/importlib/__init__.py	only original
.venv/Lib/site-packages/pip/_internal/metadata/importlib/__pycache__/__init__.cpython-312.pyc	only original
.venv/Lib/site-packages/pip/_internal/metadata/importlib/__pycache__/_compat.cpython-312.pyc	only original
.venv/Lib/site-packages/pip/_internal/metadata/importlib/__pycache__/_dists.cpython-312.pyc	only original
.venv/Lib/site-packages/pip/_internal/metadata/importlib/__pycache__/_envs.cpython-312.pyc	only original
.venv/Lib/site-packages/pip/_internal/metadata/importlib/_compat.py	only original
.venv/Lib/site-packages/pip/_internal/metadata/importlib/_dists.py	only original
.venv/Lib/site-packages/pip/_internal/metadata/importlib/_envs.py	only original
.venv/Lib/site-packages/pip/_internal/metadata/pkg_resources.py	only original
.venv/Lib/site-packages/pip/_internal/models/__init__.py	only original
.venv/Lib/site-packages/pip/_internal/models/__pycache__/__init__.cpython-312.pyc	only original
.venv/Lib/site-packages/pip/_internal/models/__pycache__/candidate.cpython-312.pyc	only original
.venv/Lib/site-packages/pip/_internal/models/__pycache__/direct_url.cpython-312.pyc	only original
.venv/Lib/site-packages/pip/_internal/models/__pycache__/format_control.cpython-312.pyc	only original
.venv/Lib/site-packages/pip/_internal/models/__pycache__/index.cpython-312.pyc	only original
.venv/Lib/site-packages/pip/_internal/models/__pycache__/installation_report.cpython-312.pyc	only original
.venv/Lib/site-packages/pip/_internal/models/__pycache__/link.cpython-312.pyc	only original
.venv/Lib/site-packages/pip/_internal/models/__pycache__/scheme.cpython-312.pyc	only original
.venv/Lib/site-packages/pip/_internal/models/__pycache__/search_scope.cpython-312.pyc	only original
.venv/Lib/site-packages/pip/_internal/models/__pycache__/selection_prefs.cpython-312.pyc	only original
.venv/Lib/site-packages/pip/_internal/models/__pycache__/target_python.cpython-312.pyc	only original
.venv/Lib/site-packages/pip/_internal/models/__pycache__/wheel.cpython-312.pyc	only original
.venv/Lib/site-packages/pip/_internal/models/candidate.py	only original
.venv/Lib/site-packages/pip/_internal/models/direct_url.py	only original
.venv/Lib/site-packages/pip/_internal/models/format_control.py	only original
.venv/Lib/site-packages/pip/_internal/models/index.py	only original
.venv/Lib/site-packages/pip/_internal/models/installation_report.py	only original
.venv/Lib/site-packages/pip/_internal/models/link.py	only original
.venv/Lib/site-packages/pip/_internal/models/scheme.py	only original
.venv/Lib/site-packages/pip/_internal/models/search_scope.py	only original
.venv/Lib/site-packages/pip/_internal/models/selection_prefs.py	only original
.venv/Lib/site-packages/pip/_internal/models/target_python.py	only original
.venv/Lib/site-packages/pip/_internal/models/wheel.py	only original
.venv/Lib/site-packages/pip/_internal/network/__init__.py	only original
.venv/Lib/site-packages/pip/_internal/network/__pycache__/__init__.cpython-312.pyc	only original
.venv/Lib/site-packages/pip/_internal/network/__pycache__/auth.cpython-312.pyc	only original
.venv/Lib/site-packages/pip/_internal/network/__pycache__/cache.cpython-312.pyc	only original
.venv/Lib/site-packages/pip/_internal/network/__pycache__/download.cpython-312.pyc	only original
.venv/Lib/site-packages/pip/_internal/network/__pycache__/lazy_wheel.cpython-312.pyc	only original
.venv/Lib/site-packages/pip/_internal/network/__pycache__/session.cpython-312.pyc	only original
.venv/Lib/site-packages/pip/_internal/network/__pycache__/utils.cpython-312.pyc	only original
.venv/Lib/site-packages/pip/_internal/network/__pycache__/xmlrpc.cpython-312.pyc	only original
.venv/Lib/site-packages/pip/_internal/network/auth.py	only original
.venv/Lib/site-packages/pip/_internal/network/cache.py	only original
.venv/Lib/site-packages/pip/_internal/network/download.py	only original
.venv/Lib/site-packages/pip/_internal/network/lazy_wheel.py	only original
.venv/Lib/site-packages/pip/_internal/network/session.py	only original
.venv/Lib/site-packages/pip/_internal/network/utils.py	only original
.venv/Lib/site-packages/pip/_internal/network/xmlrpc.py	only original
.venv/Lib/site-packages/pip/_internal/operations/__init__.py	only original
.venv/Lib/site-packages/pip/_internal/operations/__pycache__/__init__.cpython-312.pyc	only original
.venv/Lib/site-packages/pip/_internal/operations/__pycache__/check.cpython-312.pyc	only original
.venv/Lib/site-packages/pip/_internal/operations/__pycache__/freeze.cpython-312.pyc	only original
.venv/Lib/site-packages/pip/_internal/operations/__pycache__/prepare.cpython-312.pyc	only original
.venv/Lib/site-packages/pip/_internal/operations/build/__init__.py	only original
.venv/Lib/site-packages/pip/_internal/operations/build/__pycache__/__init__.cpython-312.pyc	only original
.venv/Lib/site-packages/pip/_internal/operations/build/__pycache__/build_tracker.cpython-312.pyc	only original
.venv/Lib/site-packages/pip/_internal/operations/build/__pycache__/metadata.cpython-312.pyc	only original
.venv/Lib/site-packages/pip/_internal/operations/build/__pycache__/metadata_editable.cpython-312.pyc	only original
.venv/Lib/site-packages/pip/_internal/operations/build/__pycache__/metadata_legacy.cpython-312.pyc	only original
.venv/Lib/site-packages/pip/_internal/operations/build/__pycache__/wheel.cpython-312.pyc	only original
.venv/Lib/site-packages/pip/_internal/operations/build/__pycache__/wheel_editable.cpython-312.pyc	only original
.venv/Lib/site-packages/pip/_internal/operations/build/__pycache__/wheel_legacy.cpython-312.pyc	only original
.venv/Lib/site-packages/pip/_internal/operations/build/build_tracker.py	only original
.venv/Lib/site-packages/pip/_internal/operations/build/metadata.py	only original
.venv/Lib/site-packages/pip/_internal/operations/build/metadata_editable.py	only original
.venv/Lib/site-packages/pip/_internal/operations/build/metadata_legacy.py	only original
.venv/Lib/site-packages/pip/_internal/operations/build/wheel.py	only original
.venv/Lib/site-packages/pip/_internal/operations/build/wheel_editable.py	only original
.venv/Lib/site-packages/pip/_internal/operations/build/wheel_legacy.py	only original
.venv/Lib/site-packages/pip/_internal/operations/check.py	only original
.venv/Lib/site-packages/pip/_internal/operations/freeze.py	only original
.venv/Lib/site-packages/pip/_internal/operations/install/__init__.py	only original
.venv/Lib/site-packages/pip/_internal/operations/install/__pycache__/__init__.cpython-312.pyc	only original
.venv/Lib/site-packages/pip/_internal/operations/install/__pycache__/editable_legacy.cpython-312.pyc	only original
.venv/Lib/site-packages/pip/_internal/operations/install/__pycache__/wheel.cpython-312.pyc	only original
.venv/Lib/site-packages/pip/_internal/operations/install/editable_legacy.py	only original
.venv/Lib/site-packages/pip/_internal/operations/install/wheel.py	only original
.venv/Lib/site-packages/pip/_internal/operations/prepare.py	only original
.venv/Lib/site-packages/pip/_internal/pyproject.py	only original
.venv/Lib/site-packages/pip/_internal/req/__init__.py	only original
.venv/Lib/site-packages/pip/_internal/req/__pycache__/__init__.cpython-312.pyc	only original
.venv/Lib/site-packages/pip/_internal/req/__pycache__/constructors.cpython-312.pyc	only original
.venv/Lib/site-packages/pip/_internal/req/__pycache__/req_file.cpython-312.pyc	only original
.venv/Lib/site-packages/pip/_internal/req/__pycache__/req_install.cpython-312.pyc	only original
.venv/Lib/site-packages/pip/_internal/req/__pycache__/req_set.cpython-312.pyc	only original
.venv/Lib/site-packages/pip/_internal/req/__pycache__/req_uninstall.cpython-312.pyc	only original
.venv/Lib/site-packages/pip/_internal/req/constructors.py	only original
.venv/Lib/site-packages/pip/_internal/req/req_file.py	only original
.venv/Lib/site-packages/pip/_internal/req/req_install.py	only original
.venv/Lib/site-packages/pip/_internal/req/req_set.py	only original
.venv/Lib/site-packages/pip/_internal/req/req_uninstall.py	only original
.venv/Lib/site-packages/pip/_internal/resolution/__init__.py	only original
.venv/Lib/site-packages/pip/_internal/resolution/__pycache__/__init__.cpython-312.pyc	only original
.venv/Lib/site-packages/pip/_internal/resolution/__pycache__/base.cpython-312.pyc	only original
.venv/Lib/site-packages/pip/_internal/resolution/base.py	only original
.venv/Lib/site-packages/pip/_internal/resolution/legacy/__init__.py	only original
.venv/Lib/site-packages/pip/_internal/resolution/legacy/__pycache__/__init__.cpython-312.pyc	only original
.venv/Lib/site-packages/pip/_internal/resolution/legacy/__pycache__/resolver.cpython-312.pyc	only original
.venv/Lib/site-packages/pip/_internal/resolution/legacy/resolver.py	only original
.venv/Lib/site-packages/pip/_internal/resolution/resolvelib/__init__.py	only original
.venv/Lib/site-packages/pip/_internal/resolution/resolvelib/__pycache__/__init__.cpython-312.pyc	only original
.venv/Lib/site-packages/pip/_internal/resolution/resolvelib/__pycache__/base.cpython-312.pyc	only original
.venv/Lib/site-packages/pip/_internal/resolution/resolvelib/__pycache__/candidates.cpython-312.pyc	only original
.venv/Lib/site-packages/pip/_internal/resolution/resolvelib/__pycache__/factory.cpython-312.pyc	only original
.venv/Lib/site-packages/pip/_internal/resolution/resolvelib/__pycache__/found_candidates.cpython-312.pyc	only original
.venv/Lib/site-packages/pip/_internal/resolution/resolvelib/__pycache__/provider.cpython-312.pyc	only original
.venv/Lib/site-packages/pip/_internal/resolution/resolvelib/__pycache__/reporter.cpython-312.pyc	only original
.venv/Lib/site-packages/pip/_internal/resolution/resolvelib/__pycache__/requirements.cpython-312.pyc	only original
.venv/Lib/site-packages/pip/_internal/resolution/resolvelib/__pycache__/resolver.cpython-312.pyc	only original
.venv/Lib/site-packages/pip/_internal/resolution/resolvelib/base.py	only original
.venv/Lib/site-packages/pip/_internal/resolution/resolvelib/candidates.py	only original
.venv/Lib/site-packages/pip/_internal/resolution/resolvelib/factory.py	only original
.venv/Lib/site-packages/pip/_internal/resolution/resolvelib/found_candidates.py	only original
.venv/Lib/site-packages/pip/_internal/resolution/resolvelib/provider.py	only original
.venv/Lib/site-packages/pip/_internal/resolution/resolvelib/reporter.py	only original
.venv/Lib/site-packages/pip/_internal/resolution/resolvelib/requirements.py	only original
.venv/Lib/site-packages/pip/_internal/resolution/resolvelib/resolver.py	only original
.venv/Lib/site-packages/pip/_internal/self_outdated_check.py	only original
.venv/Lib/site-packages/pip/_internal/utils/__init__.py	only original
.venv/Lib/site-packages/pip/_internal/utils/__pycache__/__init__.cpython-312.pyc	only original
.venv/Lib/site-packages/pip/_internal/utils/__pycache__/_jaraco_text.cpython-312.pyc	only original
.venv/Lib/site-packages/pip/_internal/utils/__pycache__/_log.cpython-312.pyc	only original
.venv/Lib/site-packages/pip/_internal/utils/__pycache__/appdirs.cpython-312.pyc	only original
.venv/Lib/site-packages/pip/_internal/utils/__pycache__/compat.cpython-312.pyc	only original
.venv/Lib/site-packages/pip/_internal/utils/__pycache__/compatibility_tags.cpython-312.pyc	only original
.venv/Lib/site-packages/pip/_internal/utils/__pycache__/datetime.cpython-312.pyc	only original
.venv/Lib/site-packages/pip/_internal/utils/__pycache__/deprecation.cpython-312.pyc	only original
.venv/Lib/site-packages/pip/_internal/utils/__pycache__/direct_url_helpers.cpython-312.pyc	only original
.venv/Lib/site-packages/pip/_internal/utils/__pycache__/egg_link.cpython-312.pyc	only original
.venv/Lib/site-packages/pip/_internal/utils/__pycache__/entrypoints.cpython-312.pyc	only original
.venv/Lib/site-packages/pip/_internal/utils/__pycache__/filesystem.cpython-312.pyc	only original
.venv/Lib/site-packages/pip/_internal/utils/__pycache__/filetypes.cpython-312.pyc	only original
.venv/Lib/site-packages/pip/_internal/utils/__pycache__/glibc.cpython-312.pyc	only original
.venv/Lib/site-packages/pip/_internal/utils/__pycache__/hashes.cpython-312.pyc	only original
.venv/Lib/site-packages/pip/_internal/utils/__pycache__/logging.cpython-312.pyc	only original
.venv/Lib/site-packages/pip/_internal/utils/__pycache__/misc.cpython-312.pyc	only original
.venv/Lib/site-packages/pip/_internal/utils/__pycache__/packaging.cpython-312.pyc	only original
.venv/Lib/site-packages/pip/_internal/utils/__pycache__/retry.cpython-312.pyc	only original
.venv/Lib/site-packages/pip/_internal/utils/__pycache__/setuptools_build.cpython-312.pyc	only original
.venv/Lib/site-packages/pip/_internal/utils/__pycache__/subprocess.cpython-312.pyc	only original
.venv/Lib/site-packages/pip/_internal/utils/__pycache__/temp_dir.cpython-312.pyc	only original
.venv/Lib/site-packages/pip/_internal/utils/__pycache__/unpacking.cpython-312.pyc	only original
.venv/Lib/site-packages/pip/_internal/utils/__pycache__/urls.cpython-312.pyc	only original
.venv/Lib/site-packages/pip/_internal/utils/__pycache__/virtualenv.cpython-312.pyc	only original
.venv/Lib/site-packages/pip/_internal/utils/__pycache__/wheel.cpython-312.pyc	only original
.venv/Lib/site-packages/pip/_internal/utils/_jaraco_text.py	only original
.venv/Lib/site-packages/pip/_internal/utils/_log.py	only original
.venv/Lib/site-packages/pip/_internal/utils/appdirs.py	only original
.venv/Lib/site-packages/pip/_internal/utils/compat.py	only original
.venv/Lib/site-packages/pip/_internal/utils/compatibility_tags.py	only original
.venv/Lib/site-packages/pip/_internal/utils/datetime.py	only original
.venv/Lib/site-packages/pip/_internal/utils/deprecation.py	only original
.venv/Lib/site-packages/pip/_internal/utils/direct_url_helpers.py	only original
.venv/Lib/site-packages/pip/_internal/utils/egg_link.py	only original
.venv/Lib/site-packages/pip/_internal/utils/entrypoints.py	only original
.venv/Lib/site-packages/pip/_internal/utils/filesystem.py	only original
.venv/Lib/site-packages/pip/_internal/utils/filetypes.py	only original
.venv/Lib/site-packages/pip/_internal/utils/glibc.py	only original
.venv/Lib/site-packages/pip/_internal/utils/hashes.py	only original
.venv/Lib/site-packages/pip/_internal/utils/logging.py	only original
.venv/Lib/site-packages/pip/_internal/utils/misc.py	only original
.venv/Lib/site-packages/pip/_internal/utils/packaging.py	only original
.venv/Lib/site-packages/pip/_internal/utils/retry.py	only original
.venv/Lib/site-packages/pip/_internal/utils/setuptools_build.py	only original
.venv/Lib/site-packages/pip/_internal/utils/subprocess.py	only original
.venv/Lib/site-packages/pip/_internal/utils/temp_dir.py	only original
.venv/Lib/site-packages/pip/_internal/utils/unpacking.py	only original
.venv/Lib/site-packages/pip/_internal/utils/urls.py	only original
.venv/Lib/site-packages/pip/_internal/utils/virtualenv.py	only original
.venv/Lib/site-packages/pip/_internal/utils/wheel.py	only original
.venv/Lib/site-packages/pip/_internal/vcs/__init__.py	only original
.venv/Lib/site-packages/pip/_internal/vcs/__pycache__/__init__.cpython-312.pyc	only original
.venv/Lib/site-packages/pip/_internal/vcs/__pycache__/bazaar.cpython-312.pyc	only original
.venv/Lib/site-packages/pip/_internal/vcs/__pycache__/git.cpython-312.pyc	only original
.venv/Lib/site-packages/pip/_internal/vcs/__pycache__/mercurial.cpython-312.pyc	only original
.venv/Lib/site-packages/pip/_internal/vcs/__pycache__/subversion.cpython-312.pyc	only original
.venv/Lib/site-packages/pip/_internal/vcs/__pycache__/versioncontrol.cpython-312.pyc	only original
.venv/Lib/site-packages/pip/_internal/vcs/bazaar.py	only original
.venv/Lib/site-packages/pip/_internal/vcs/git.py	only original
.venv/Lib/site-packages/pip/_internal/vcs/mercurial.py	only original
.venv/Lib/site-packages/pip/_internal/vcs/subversion.py	only original
.venv/Lib/site-packages/pip/_internal/vcs/versioncontrol.py	only original
.venv/Lib/site-packages/pip/_internal/wheel_builder.py	only original
.venv/Lib/site-packages/pip/_vendor/__init__.py	only original
.venv/Lib/site-packages/pip/_vendor/__pycache__/__init__.cpython-312.pyc	only original
.venv/Lib/site-packages/pip/_vendor/__pycache__/typing_extensions.cpython-312.pyc	only original
.venv/Lib/site-packages/pip/_vendor/cachecontrol/__init__.py	only original
.venv/Lib/site-packages/pip/_vendor/cachecontrol/__pycache__/__init__.cpython-312.pyc	only original
.venv/Lib/site-packages/pip/_vendor/cachecontrol/__pycache__/_cmd.cpython-312.pyc	only original
.venv/Lib/site-packages/pip/_vendor/cachecontrol/__pycache__/adapter.cpython-312.pyc	only original
.venv/Lib/site-packages/pip/_vendor/cachecontrol/__pycache__/cache.cpython-312.pyc	only original
.venv/Lib/site-packages/pip/_vendor/cachecontrol/__pycache__/controller.cpython-312.pyc	only original
.venv/Lib/site-packages/pip/_vendor/cachecontrol/__pycache__/filewrapper.cpython-312.pyc	only original
.venv/Lib/site-packages/pip/_vendor/cachecontrol/__pycache__/heuristics.cpython-312.pyc	only original
.venv/Lib/site-packages/pip/_vendor/cachecontrol/__pycache__/serialize.cpython-312.pyc	only original
.venv/Lib/site-packages/pip/_vendor/cachecontrol/__pycache__/wrapper.cpython-312.pyc	only original
.venv/Lib/site-packages/pip/_vendor/cachecontrol/_cmd.py	only original
.venv/Lib/site-packages/pip/_vendor/cachecontrol/adapter.py	only original
.venv/Lib/site-packages/pip/_vendor/cachecontrol/cache.py	only original
.venv/Lib/site-packages/pip/_vendor/cachecontrol/caches/__init__.py	only original
.venv/Lib/site-packages/pip/_vendor/cachecontrol/caches/__pycache__/__init__.cpython-312.pyc	only original
.venv/Lib/site-packages/pip/_vendor/cachecontrol/caches/__pycache__/file_cache.cpython-312.pyc	only original
.venv/Lib/site-packages/pip/_vendor/cachecontrol/caches/__pycache__/redis_cache.cpython-312.pyc	only original
.venv/Lib/site-packages/pip/_vendor/cachecontrol/caches/file_cache.py	only original
.venv/Lib/site-packages/pip/_vendor/cachecontrol/caches/redis_cache.py	only original
.venv/Lib/site-packages/pip/_vendor/cachecontrol/controller.py	only original
.venv/Lib/site-packages/pip/_vendor/cachecontrol/filewrapper.py	only original
.venv/Lib/site-packages/pip/_vendor/cachecontrol/heuristics.py	only original
.venv/Lib/site-packages/pip/_vendor/cachecontrol/py.typed	only original
.venv/Lib/site-packages/pip/_vendor/cachecontrol/serialize.py	only original
.venv/Lib/site-packages/pip/_vendor/cachecontrol/wrapper.py	only original
.venv/Lib/site-packages/pip/_vendor/certifi/__init__.py	only original
.venv/Lib/site-packages/pip/_vendor/certifi/__main__.py	only original
.venv/Lib/site-packages/pip/_vendor/certifi/__pycache__/__init__.cpython-312.pyc	only original
.venv/Lib/site-packages/pip/_vendor/certifi/__pycache__/__main__.cpython-312.pyc	only original
.venv/Lib/site-packages/pip/_vendor/certifi/__pycache__/core.cpython-312.pyc	only original
.venv/Lib/site-packages/pip/_vendor/certifi/cacert.pem	only original
.venv/Lib/site-packages/pip/_vendor/certifi/core.py	only original
.venv/Lib/site-packages/pip/_vendor/certifi/py.typed	only original
.venv/Lib/site-packages/pip/_vendor/distlib/__init__.py	only original
.venv/Lib/site-packages/pip/_vendor/distlib/__pycache__/__init__.cpython-312.pyc	only original
.venv/Lib/site-packages/pip/_vendor/distlib/__pycache__/compat.cpython-312.pyc	only original
.venv/Lib/site-packages/pip/_vendor/distlib/__pycache__/database.cpython-312.pyc	only original
.venv/Lib/site-packages/pip/_vendor/distlib/__pycache__/index.cpython-312.pyc	only original
.venv/Lib/site-packages/pip/_vendor/distlib/__pycache__/locators.cpython-312.pyc	only original
.venv/Lib/site-packages/pip/_vendor/distlib/__pycache__/manifest.cpython-312.pyc	only original
.venv/Lib/site-packages/pip/_vendor/distlib/__pycache__/markers.cpython-312.pyc	only original
.venv/Lib/site-packages/pip/_vendor/distlib/__pycache__/metadata.cpython-312.pyc	only original
.venv/Lib/site-packages/pip/_vendor/distlib/__pycache__/resources.cpython-312.pyc	only original
.venv/Lib/site-packages/pip/_vendor/distlib/__pycache__/scripts.cpython-312.pyc	only original
.venv/Lib/site-packages/pip/_vendor/distlib/__pycache__/util.cpython-312.pyc	only original
.venv/Lib/site-packages/pip/_vendor/distlib/__pycache__/version.cpython-312.pyc	only original
.venv/Lib/site-packages/pip/_vendor/distlib/__pycache__/wheel.cpython-312.pyc	only original
.venv/Lib/site-packages/pip/_vendor/distlib/compat.py	only original
.venv/Lib/site-packages/pip/_vendor/distlib/database.py	only original
.venv/Lib/site-packages/pip/_vendor/distlib/index.py	only original
.venv/Lib/site-packages/pip/_vendor/distlib/locators.py	only original
.venv/Lib/site-packages/pip/_vendor/distlib/manifest.py	only original
.venv/Lib/site-packages/pip/_vendor/distlib/markers.py	only original
.venv/Lib/site-packages/pip/_vendor/distlib/metadata.py	only original
.venv/Lib/site-packages/pip/_vendor/distlib/resources.py	only original
.venv/Lib/site-packages/pip/_vendor/distlib/scripts.py	only original
.venv/Lib/site-packages/pip/_vendor/distlib/t32.exe	only original
.venv/Lib/site-packages/pip/_vendor/distlib/t64-arm.exe	only original
.venv/Lib/site-packages/pip/_vendor/distlib/t64.exe	only original
.venv/Lib/site-packages/pip/_vendor/distlib/util.py	only original
.venv/Lib/site-packages/pip/_vendor/distlib/version.py	only original
.venv/Lib/site-packages/pip/_vendor/distlib/w32.exe	only original
.venv/Lib/site-packages/pip/_vendor/distlib/w64-arm.exe	only original
.venv/Lib/site-packages/pip/_vendor/distlib/w64.exe	only original
.venv/Lib/site-packages/pip/_vendor/distlib/wheel.py	only original
.venv/Lib/site-packages/pip/_vendor/distro/__init__.py	only original
.venv/Lib/site-packages/pip/_vendor/distro/__main__.py	only original
.venv/Lib/site-packages/pip/_vendor/distro/__pycache__/__init__.cpython-312.pyc	only original
.venv/Lib/site-packages/pip/_vendor/distro/__pycache__/__main__.cpython-312.pyc	only original
.venv/Lib/site-packages/pip/_vendor/distro/__pycache__/distro.cpython-312.pyc	only original
.venv/Lib/site-packages/pip/_vendor/distro/distro.py	only original
.venv/Lib/site-packages/pip/_vendor/distro/py.typed	only original
.venv/Lib/site-packages/pip/_vendor/idna/__init__.py	only original
.venv/Lib/site-packages/pip/_vendor/idna/__pycache__/__init__.cpython-312.pyc	only original
.venv/Lib/site-packages/pip/_vendor/idna/__pycache__/codec.cpython-312.pyc	only original
.venv/Lib/site-packages/pip/_vendor/idna/__pycache__/compat.cpython-312.pyc	only original
.venv/Lib/site-packages/pip/_vendor/idna/__pycache__/core.cpython-312.pyc	only original
.venv/Lib/site-packages/pip/_vendor/idna/__pycache__/idnadata.cpython-312.pyc	only original
.venv/Lib/site-packages/pip/_vendor/idna/__pycache__/intranges.cpython-312.pyc	only original
.venv/Lib/site-packages/pip/_vendor/idna/__pycache__/package_data.cpython-312.pyc	only original
.venv/Lib/site-packages/pip/_vendor/idna/__pycache__/uts46data.cpython-312.pyc	only original
.venv/Lib/site-packages/pip/_vendor/idna/codec.py	only original
.venv/Lib/site-packages/pip/_vendor/idna/compat.py	only original
.venv/Lib/site-packages/pip/_vendor/idna/core.py	only original
.venv/Lib/site-packages/pip/_vendor/idna/idnadata.py	only original
.venv/Lib/site-packages/pip/_vendor/idna/intranges.py	only original
.venv/Lib/site-packages/pip/_vendor/idna/package_data.py	only original
.venv/Lib/site-packages/pip/_vendor/idna/py.typed	only original
.venv/Lib/site-packages/pip/_vendor/idna/uts46data.py	only original
.venv/Lib/site-packages/pip/_vendor/msgpack/__init__.py	only original
.venv/Lib/site-packages/pip/_vendor/msgpack/__pycache__/__init__.cpython-312.pyc	only original
.venv/Lib/site-packages/pip/_vendor/msgpack/__pycache__/exceptions.cpython-312.pyc	only original
.venv/Lib/site-packages/pip/_vendor/msgpack/__pycache__/ext.cpython-312.pyc	only original
.venv/Lib/site-packages/pip/_vendor/msgpack/__pycache__/fallback.cpython-312.pyc	only original
.venv/Lib/site-packages/pip/_vendor/msgpack/exceptions.py	only original
.venv/Lib/site-packages/pip/_vendor/msgpack/ext.py	only original
.venv/Lib/site-packages/pip/_vendor/msgpack/fallback.py	only original
.venv/Lib/site-packages/pip/_vendor/packaging/__init__.py	only original
.venv/Lib/site-packages/pip/_vendor/packaging/__pycache__/__init__.cpython-312.pyc	only original
.venv/Lib/site-packages/pip/_vendor/packaging/__pycache__/_elffile.cpython-312.pyc	only original
.venv/Lib/site-packages/pip/_vendor/packaging/__pycache__/_manylinux.cpython-312.pyc	only original
.venv/Lib/site-packages/pip/_vendor/packaging/__pycache__/_musllinux.cpython-312.pyc	only original
.venv/Lib/site-packages/pip/_vendor/packaging/__pycache__/_parser.cpython-312.pyc	only original
.venv/Lib/site-packages/pip/_vendor/packaging/__pycache__/_structures.cpython-312.pyc	only original
.venv/Lib/site-packages/pip/_vendor/packaging/__pycache__/_tokenizer.cpython-312.pyc	only original
.venv/Lib/site-packages/pip/_vendor/packaging/__pycache__/markers.cpython-312.pyc	only original
.venv/Lib/site-packages/pip/_vendor/packaging/__pycache__/metadata.cpython-312.pyc	only original
.venv/Lib/site-packages/pip/_vendor/packaging/__pycache__/requirements.cpython-312.pyc	only original
.venv/Lib/site-packages/pip/_vendor/packaging/__pycache__/specifiers.cpython-312.pyc	only original
.venv/Lib/site-packages/pip/_vendor/packaging/__pycache__/tags.cpython-312.pyc	only original
.venv/Lib/site-packages/pip/_vendor/packaging/__pycache__/utils.cpython-312.pyc	only original
.venv/Lib/site-packages/pip/_vendor/packaging/__pycache__/version.cpython-312.pyc	only original
.venv/Lib/site-packages/pip/_vendor/packaging/_elffile.py	only original
.venv/Lib/site-packages/pip/_vendor/packaging/_manylinux.py	only original
.venv/Lib/site-packages/pip/_vendor/packaging/_musllinux.py	only original
.venv/Lib/site-packages/pip/_vendor/packaging/_parser.py	only original
.venv/Lib/site-packages/pip/_vendor/packaging/_structures.py	only original
.venv/Lib/site-packages/pip/_vendor/packaging/_tokenizer.py	only original
.venv/Lib/site-packages/pip/_vendor/packaging/licenses/__init__.py	only original
.venv/Lib/site-packages/pip/_vendor/packaging/licenses/__pycache__/__init__.cpython-312.pyc	only original
.venv/Lib/site-packages/pip/_vendor/packaging/licenses/__pycache__/_spdx.cpython-312.pyc	only original
.venv/Lib/site-packages/pip/_vendor/packaging/licenses/_spdx.py	only original
.venv/Lib/site-packages/pip/_vendor/packaging/markers.py	only original
.venv/Lib/site-packages/pip/_vendor/packaging/metadata.py	only original
.venv/Lib/site-packages/pip/_vendor/packaging/py.typed	only original
.venv/Lib/site-packages/pip/_vendor/packaging/requirements.py	only original
.venv/Lib/site-packages/pip/_vendor/packaging/specifiers.py	only original
.venv/Lib/site-packages/pip/_vendor/packaging/tags.py	only original
.venv/Lib/site-packages/pip/_vendor/packaging/utils.py	only original
.venv/Lib/site-packages/pip/_vendor/packaging/version.py	only original
.venv/Lib/site-packages/pip/_vendor/pkg_resources/__init__.py	only original
.venv/Lib/site-packages/pip/_vendor/pkg_resources/__pycache__/__init__.cpython-312.pyc	only original
.venv/Lib/site-packages/pip/_vendor/platformdirs/__init__.py	only original
.venv/Lib/site-packages/pip/_vendor/platformdirs/__main__.py	only original
.venv/Lib/site-packages/pip/_vendor/platformdirs/__pycache__/__init__.cpython-312.pyc	only original
.venv/Lib/site-packages/pip/_vendor/platformdirs/__pycache__/__main__.cpython-312.pyc	only original
.venv/Lib/site-packages/pip/_vendor/platformdirs/__pycache__/android.cpython-312.pyc	only original
.venv/Lib/site-packages/pip/_vendor/platformdirs/__pycache__/api.cpython-312.pyc	only original
.venv/Lib/site-packages/pip/_vendor/platformdirs/__pycache__/macos.cpython-312.pyc	only original
.venv/Lib/site-packages/pip/_vendor/platformdirs/__pycache__/unix.cpython-312.pyc	only original
.venv/Lib/site-packages/pip/_vendor/platformdirs/__pycache__/version.cpython-312.pyc	only original
.venv/Lib/site-packages/pip/_vendor/platformdirs/__pycache__/windows.cpython-312.pyc	only original
.venv/Lib/site-packages/pip/_vendor/platformdirs/android.py	only original
.venv/Lib/site-packages/pip/_vendor/platformdirs/api.py	only original
.venv/Lib/site-packages/pip/_vendor/platformdirs/macos.py	only original
.venv/Lib/site-packages/pip/_vendor/platformdirs/py.typed	only original
.venv/Lib/site-packages/pip/_vendor/platformdirs/unix.py	only original
.venv/Lib/site-packages/pip/_vendor/platformdirs/version.py	only original
.venv/Lib/site-packages/pip/_vendor/platformdirs/windows.py	only original
.venv/Lib/site-packages/pip/_vendor/pygments/__init__.py	only original
.venv/Lib/site-packages/pip/_vendor/pygments/__main__.py	only original
.venv/Lib/site-packages/pip/_vendor/pygments/__pycache__/__init__.cpython-312.pyc	only original
.venv/Lib/site-packages/pip/_vendor/pygments/__pycache__/__main__.cpython-312.pyc	only original
.venv/Lib/site-packages/pip/_vendor/pygments/__pycache__/cmdline.cpython-312.pyc	only original
.venv/Lib/site-packages/pip/_vendor/pygments/__pycache__/console.cpython-312.pyc	only original
.venv/Lib/site-packages/pip/_vendor/pygments/__pycache__/filter.cpython-312.pyc	only original
.venv/Lib/site-packages/pip/_vendor/pygments/__pycache__/formatter.cpython-312.pyc	only original
.venv/Lib/site-packages/pip/_vendor/pygments/__pycache__/lexer.cpython-312.pyc	only original
.venv/Lib/site-packages/pip/_vendor/pygments/__pycache__/modeline.cpython-312.pyc	only original
.venv/Lib/site-packages/pip/_vendor/pygments/__pycache__/plugin.cpython-312.pyc	only original
.venv/Lib/site-packages/pip/_vendor/pygments/__pycache__/regexopt.cpython-312.pyc	only original
.venv/Lib/site-packages/pip/_vendor/pygments/__pycache__/scanner.cpython-312.pyc	only original
.venv/Lib/site-packages/pip/_vendor/pygments/__pycache__/sphinxext.cpython-312.pyc	only original
.venv/Lib/site-packages/pip/_vendor/pygments/__pycache__/style.cpython-312.pyc	only original
.venv/Lib/site-packages/pip/_vendor/pygments/__pycache__/token.cpython-312.pyc	only original
.venv/Lib/site-packages/pip/_vendor/pygments/__pycache__/unistring.cpython-312.pyc	only original
.venv/Lib/site-packages/pip/_vendor/pygments/__pycache__/util.cpython-312.pyc	only original
.venv/Lib/site-packages/pip/_vendor/pygments/cmdline.py	only original
.venv/Lib/site-packages/pip/_vendor/pygments/console.py	only original
.venv/Lib/site-packages/pip/_vendor/pygments/filter.py	only original
.venv/Lib/site-packages/pip/_vendor/pygments/filters/__init__.py	only original
.venv/Lib/site-packages/pip/_vendor/pygments/filters/__pycache__/__init__.cpython-312.pyc	only original
.venv/Lib/site-packages/pip/_vendor/pygments/formatter.py	only original
.venv/Lib/site-packages/pip/_vendor/pygments/formatters/__init__.py	only original
.venv/Lib/site-packages/pip/_vendor/pygments/formatters/__pycache__/__init__.cpython-312.pyc	only original
.venv/Lib/site-packages/pip/_vendor/pygments/formatters/__pycache__/_mapping.cpython-312.pyc	only original
.venv/Lib/site-packages/pip/_vendor/pygments/formatters/__pycache__/bbcode.cpython-312.pyc	only original
.venv/Lib/site-packages/pip/_vendor/pygments/formatters/__pycache__/groff.cpython-312.pyc	only original
.venv/Lib/site-packages/pip/_vendor/pygments/formatters/__pycache__/html.cpython-312.pyc	only original
.venv/Lib/site-packages/pip/_vendor/pygments/formatters/__pycache__/img.cpython-312.pyc	only original
.venv/Lib/site-packages/pip/_vendor/pygments/formatters/__pycache__/irc.cpython-312.pyc	only original
.venv/Lib/site-packages/pip/_vendor/pygments/formatters/__pycache__/latex.cpython-312.pyc	only original
.venv/Lib/site-packages/pip/_vendor/pygments/formatters/__pycache__/other.cpython-312.pyc	only original
.venv/Lib/site-packages/pip/_vendor/pygments/formatters/__pycache__/pangomarkup.cpython-312.pyc	only original
.venv/Lib/site-packages/pip/_vendor/pygments/formatters/__pycache__/rtf.cpython-312.pyc	only original
.venv/Lib/site-packages/pip/_vendor/pygments/formatters/__pycache__/svg.cpython-312.pyc	only original
.venv/Lib/site-packages/pip/_vendor/pygments/formatters/__pycache__/terminal.cpython-312.pyc	only original
.venv/Lib/site-packages/pip/_vendor/pygments/formatters/__pycache__/terminal256.cpython-312.pyc	only original
.venv/Lib/site-packages/pip/_vendor/pygments/formatters/_mapping.py	only original
.venv/Lib/site-packages/pip/_vendor/pygments/formatters/bbcode.py	only original
.venv/Lib/site-packages/pip/_vendor/pygments/formatters/groff.py	only original
.venv/Lib/site-packages/pip/_vendor/pygments/formatters/html.py	only original
.venv/Lib/site-packages/pip/_vendor/pygments/formatters/img.py	only original
.venv/Lib/site-packages/pip/_vendor/pygments/formatters/irc.py	only original
.venv/Lib/site-packages/pip/_vendor/pygments/formatters/latex.py	only original
.venv/Lib/site-packages/pip/_vendor/pygments/formatters/other.py	only original
.venv/Lib/site-packages/pip/_vendor/pygments/formatters/pangomarkup.py	only original
.venv/Lib/site-packages/pip/_vendor/pygments/formatters/rtf.py	only original
.venv/Lib/site-packages/pip/_vendor/pygments/formatters/svg.py	only original
.venv/Lib/site-packages/pip/_vendor/pygments/formatters/terminal.py	only original
.venv/Lib/site-packages/pip/_vendor/pygments/formatters/terminal256.py	only original
.venv/Lib/site-packages/pip/_vendor/pygments/lexer.py	only original
.venv/Lib/site-packages/pip/_vendor/pygments/lexers/__init__.py	only original
.venv/Lib/site-packages/pip/_vendor/pygments/lexers/__pycache__/__init__.cpython-312.pyc	only original
.venv/Lib/site-packages/pip/_vendor/pygments/lexers/__pycache__/_mapping.cpython-312.pyc	only original
.venv/Lib/site-packages/pip/_vendor/pygments/lexers/__pycache__/python.cpython-312.pyc	only original
.venv/Lib/site-packages/pip/_vendor/pygments/lexers/_mapping.py	only original
.venv/Lib/site-packages/pip/_vendor/pygments/lexers/python.py	only original
.venv/Lib/site-packages/pip/_vendor/pygments/modeline.py	only original
.venv/Lib/site-packages/pip/_vendor/pygments/plugin.py	only original
.venv/Lib/site-packages/pip/_vendor/pygments/regexopt.py	only original
.venv/Lib/site-packages/pip/_vendor/pygments/scanner.py	only original
.venv/Lib/site-packages/pip/_vendor/pygments/sphinxext.py	only original
.venv/Lib/site-packages/pip/_vendor/pygments/style.py	only original
.venv/Lib/site-packages/pip/_vendor/pygments/styles/__init__.py	only original
.venv/Lib/site-packages/pip/_vendor/pygments/styles/__pycache__/__init__.cpython-312.pyc	only original
.venv/Lib/site-packages/pip/_vendor/pygments/styles/__pycache__/_mapping.cpython-312.pyc	only original
.venv/Lib/site-packages/pip/_vendor/pygments/styles/_mapping.py	only original
.venv/Lib/site-packages/pip/_vendor/pygments/token.py	only original
.venv/Lib/site-packages/pip/_vendor/pygments/unistring.py	only original
.venv/Lib/site-packages/pip/_vendor/pygments/util.py	only original
.venv/Lib/site-packages/pip/_vendor/pyproject_hooks/__init__.py	only original
.venv/Lib/site-packages/pip/_vendor/pyproject_hooks/__pycache__/__init__.cpython-312.pyc	only original
.venv/Lib/site-packages/pip/_vendor/pyproject_hooks/__pycache__/_impl.cpython-312.pyc	only original
.venv/Lib/site-packages/pip/_vendor/pyproject_hooks/_impl.py	only original
.venv/Lib/site-packages/pip/_vendor/pyproject_hooks/_in_process/__init__.py	only original
.venv/Lib/site-packages/pip/_vendor/pyproject_hooks/_in_process/__pycache__/__init__.cpython-312.pyc	only original
.venv/Lib/site-packages/pip/_vendor/pyproject_hooks/_in_process/__pycache__/_in_process.cpython-312.pyc	only original
.venv/Lib/site-packages/pip/_vendor/pyproject_hooks/_in_process/_in_process.py	only original
.venv/Lib/site-packages/pip/_vendor/pyproject_hooks/py.typed	only original
.venv/Lib/site-packages/pip/_vendor/requests/__init__.py	only original
.venv/Lib/site-packages/pip/_vendor/requests/__pycache__/__init__.cpython-312.pyc	only original
.venv/Lib/site-packages/pip/_vendor/requests/__pycache__/__version__.cpython-312.pyc	only original
.venv/Lib/site-packages/pip/_vendor/requests/__pycache__/_internal_utils.cpython-312.pyc	only original
.venv/Lib/site-packages/pip/_vendor/requests/__pycache__/adapters.cpython-312.pyc	only original
.venv/Lib/site-packages/pip/_vendor/requests/__pycache__/api.cpython-312.pyc	only original
.venv/Lib/site-packages/pip/_vendor/requests/__pycache__/auth.cpython-312.pyc	only original
.venv/Lib/site-packages/pip/_vendor/requests/__pycache__/certs.cpython-312.pyc	only original
.venv/Lib/site-packages/pip/_vendor/requests/__pycache__/compat.cpython-312.pyc	only original
.venv/Lib/site-packages/pip/_vendor/requests/__pycache__/cookies.cpython-312.pyc	only original
.venv/Lib/site-packages/pip/_vendor/requests/__pycache__/exceptions.cpython-312.pyc	only original
.venv/Lib/site-packages/pip/_vendor/requests/__pycache__/help.cpython-312.pyc	only original
.venv/Lib/site-packages/pip/_vendor/requests/__pycache__/hooks.cpython-312.pyc	only original
.venv/Lib/site-packages/pip/_vendor/requests/__pycache__/models.cpython-312.pyc	only original
.venv/Lib/site-packages/pip/_vendor/requests/__pycache__/packages.cpython-312.pyc	only original
.venv/Lib/site-packages/pip/_vendor/requests/__pycache__/sessions.cpython-312.pyc	only original
.venv/Lib/site-packages/pip/_vendor/requests/__pycache__/status_codes.cpython-312.pyc	only original
.venv/Lib/site-packages/pip/_vendor/requests/__pycache__/structures.cpython-312.pyc	only original
.venv/Lib/site-packages/pip/_vendor/requests/__pycache__/utils.cpython-312.pyc	only original
.venv/Lib/site-packages/pip/_vendor/requests/__version__.py	only original
.venv/Lib/site-packages/pip/_vendor/requests/_internal_utils.py	only original
.venv/Lib/site-packages/pip/_vendor/requests/adapters.py	only original
.venv/Lib/site-packages/pip/_vendor/requests/api.py	only original
.venv/Lib/site-packages/pip/_vendor/requests/auth.py	only original
.venv/Lib/site-packages/pip/_vendor/requests/certs.py	only original
.venv/Lib/site-packages/pip/_vendor/requests/compat.py	only original
.venv/Lib/site-packages/pip/_vendor/requests/cookies.py	only original
.venv/Lib/site-packages/pip/_vendor/requests/exceptions.py	only original
.venv/Lib/site-packages/pip/_vendor/requests/help.py	only original
.venv/Lib/site-packages/pip/_vendor/requests/hooks.py	only original
.venv/Lib/site-packages/pip/_vendor/requests/models.py	only original
.venv/Lib/site-packages/pip/_vendor/requests/packages.py	only original
.venv/Lib/site-packages/pip/_vendor/requests/sessions.py	only original
.venv/Lib/site-packages/pip/_vendor/requests/status_codes.py	only original
.venv/Lib/site-packages/pip/_vendor/requests/structures.py	only original
.venv/Lib/site-packages/pip/_vendor/requests/utils.py	only original
.venv/Lib/site-packages/pip/_vendor/resolvelib/__init__.py	only original
.venv/Lib/site-packages/pip/_vendor/resolvelib/__pycache__/__init__.cpython-312.pyc	only original
.venv/Lib/site-packages/pip/_vendor/resolvelib/__pycache__/providers.cpython-312.pyc	only original
.venv/Lib/site-packages/pip/_vendor/resolvelib/__pycache__/reporters.cpython-312.pyc	only original
.venv/Lib/site-packages/pip/_vendor/resolvelib/__pycache__/resolvers.cpython-312.pyc	only original
.venv/Lib/site-packages/pip/_vendor/resolvelib/__pycache__/structs.cpython-312.pyc	only original
.venv/Lib/site-packages/pip/_vendor/resolvelib/compat/__init__.py	only original
.venv/Lib/site-packages/pip/_vendor/resolvelib/compat/__pycache__/__init__.cpython-312.pyc	only original
.venv/Lib/site-packages/pip/_vendor/resolvelib/compat/__pycache__/collections_abc.cpython-312.pyc	only original
.venv/Lib/site-packages/pip/_vendor/resolvelib/compat/collections_abc.py	only original
.venv/Lib/site-packages/pip/_vendor/resolvelib/providers.py	only original
.venv/Lib/site-packages/pip/_vendor/resolvelib/py.typed	only original
.venv/Lib/site-packages/pip/_vendor/resolvelib/reporters.py	only original
.venv/Lib/site-packages/pip/_vendor/resolvelib/resolvers.py	only original
.venv/Lib/site-packages/pip/_vendor/resolvelib/structs.py	only original
.venv/Lib/site-packages/pip/_vendor/rich/__init__.py	only original
.venv/Lib/site-packages/pip/_vendor/rich/__main__.py	only original
.venv/Lib/site-packages/pip/_vendor/rich/__pycache__/__init__.cpython-312.pyc	only original
.venv/Lib/site-packages/pip/_vendor/rich/__pycache__/__main__.cpython-312.pyc	only original
.venv/Lib/site-packages/pip/_vendor/rich/__pycache__/_cell_widths.cpython-312.pyc	only original
.venv/Lib/site-packages/pip/_vendor/rich/__pycache__/_emoji_codes.cpython-312.pyc	only original
.venv/Lib/site-packages/pip/_vendor/rich/__pycache__/_emoji_replace.cpython-312.pyc	only original
.venv/Lib/site-packages/pip/_vendor/rich/__pycache__/_export_format.cpython-312.pyc	only original
.venv/Lib/site-packages/pip/_vendor/rich/__pycache__/_extension.cpython-312.pyc	only original
.venv/Lib/site-packages/pip/_vendor/rich/__pycache__/_fileno.cpython-312.pyc	only original
.venv/Lib/site-packages/pip/_vendor/rich/__pycache__/_inspect.cpython-312.pyc	only original
.venv/Lib/site-packages/pip/_vendor/rich/__pycache__/_log_render.cpython-312.pyc	only original
.venv/Lib/site-packages/pip/_vendor/rich/__pycache__/_loop.cpython-312.pyc	only original
.venv/Lib/site-packages/pip/_vendor/rich/__pycache__/_null_file.cpython-312.pyc	only original
.venv/Lib/site-packages/pip/_vendor/rich/__pycache__/_palettes.cpython-312.pyc	only original
.venv/Lib/site-packages/pip/_vendor/rich/__pycache__/_pick.cpython-312.pyc	only original
.venv/Lib/site-packages/pip/_vendor/rich/__pycache__/_ratio.cpython-312.pyc	only original
.venv/Lib/site-packages/pip/_vendor/rich/__pycache__/_spinners.cpython-312.pyc	only original
.venv/Lib/site-packages/pip/_vendor/rich/__pycache__/_stack.cpython-312.pyc	only original
.venv/Lib/site-packages/pip/_vendor/rich/__pycache__/_timer.cpython-312.pyc	only original
.venv/Lib/site-packages/pip/_vendor/rich/__pycache__/_win32_console.cpython-312.pyc	only original
.venv/Lib/site-packages/pip/_vendor/rich/__pycache__/_windows.cpython-312.pyc	only original
.venv/Lib/site-packages/pip/_vendor/rich/__pycache__/_windows_renderer.cpython-312.pyc	only original
.venv/Lib/site-packages/pip/_vendor/rich/__pycache__/_wrap.cpython-312.pyc	only original
.venv/Lib/site-packages/pip/_vendor/rich/__pycache__/abc.cpython-312.pyc	only original
.venv/Lib/site-packages/pip/_vendor/rich/__pycache__/align.cpython-312.pyc	only original
.venv/Lib/site-packages/pip/_vendor/rich/__pycache__/ansi.cpython-312.pyc	only original
.venv/Lib/site-packages/pip/_vendor/rich/__pycache__/bar.cpython-312.pyc	only original
.venv/Lib/site-packages/pip/_vendor/rich/__pycache__/box.cpython-312.pyc	only original
.venv/Lib/site-packages/pip/_vendor/rich/__pycache__/cells.cpython-312.pyc	only original
.venv/Lib/site-packages/pip/_vendor/rich/__pycache__/color.cpython-312.pyc	only original
.venv/Lib/site-packages/pip/_vendor/rich/__pycache__/color_triplet.cpython-312.pyc	only original
.venv/Lib/site-packages/pip/_vendor/rich/__pycache__/columns.cpython-312.pyc	only original
.venv/Lib/site-packages/pip/_vendor/rich/__pycache__/console.cpython-312.pyc	only original
.venv/Lib/site-packages/pip/_vendor/rich/__pycache__/constrain.cpython-312.pyc	only original
.venv/Lib/site-packages/pip/_vendor/rich/__pycache__/containers.cpython-312.pyc	only original
.venv/Lib/site-packages/pip/_vendor/rich/__pycache__/control.cpython-312.pyc	only original
.venv/Lib/site-packages/pip/_vendor/rich/__pycache__/default_styles.cpython-312.pyc	only original
.venv/Lib/site-packages/pip/_vendor/rich/__pycache__/diagnose.cpython-312.pyc	only original
.venv/Lib/site-packages/pip/_vendor/rich/__pycache__/emoji.cpython-312.pyc	only original
.venv/Lib/site-packages/pip/_vendor/rich/__pycache__/errors.cpython-312.pyc	only original
.venv/Lib/site-packages/pip/_vendor/rich/__pycache__/file_proxy.cpython-312.pyc	only original
.venv/Lib/site-packages/pip/_vendor/rich/__pycache__/filesize.cpython-312.pyc	only original
.venv/Lib/site-packages/pip/_vendor/rich/__pycache__/highlighter.cpython-312.pyc	only original
.venv/Lib/site-packages/pip/_vendor/rich/__pycache__/json.cpython-312.pyc	only original
.venv/Lib/site-packages/pip/_vendor/rich/__pycache__/jupyter.cpython-312.pyc	only original
.venv/Lib/site-packages/pip/_vendor/rich/__pycache__/layout.cpython-312.pyc	only original
.venv/Lib/site-packages/pip/_vendor/rich/__pycache__/live.cpython-312.pyc	only original
.venv/Lib/site-packages/pip/_vendor/rich/__pycache__/live_render.cpython-312.pyc	only original
.venv/Lib/site-packages/pip/_vendor/rich/__pycache__/logging.cpython-312.pyc	only original
.venv/Lib/site-packages/pip/_vendor/rich/__pycache__/markup.cpython-312.pyc	only original
.venv/Lib/site-packages/pip/_vendor/rich/__pycache__/measure.cpython-312.pyc	only original
.venv/Lib/site-packages/pip/_vendor/rich/__pycache__/padding.cpython-312.pyc	only original
.venv/Lib/site-packages/pip/_vendor/rich/__pycache__/pager.cpython-312.pyc	only original
.venv/Lib/site-packages/pip/_vendor/rich/__pycache__/palette.cpython-312.pyc	only original
.venv/Lib/site-packages/pip/_vendor/rich/__pycache__/panel.cpython-312.pyc	only original
.venv/Lib/site-packages/pip/_vendor/rich/__pycache__/pretty.cpython-312.pyc	only original
.venv/Lib/site-packages/pip/_vendor/rich/__pycache__/progress.cpython-312.pyc	only original
.venv/Lib/site-packages/pip/_vendor/rich/__pycache__/progress_bar.cpython-312.pyc	only original
.venv/Lib/site-packages/pip/_vendor/rich/__pycache__/prompt.cpython-312.pyc	only original
.venv/Lib/site-packages/pip/_vendor/rich/__pycache__/protocol.cpython-312.pyc	only original
.venv/Lib/site-packages/pip/_vendor/rich/__pycache__/region.cpython-312.pyc	only original
.venv/Lib/site-packages/pip/_vendor/rich/__pycache__/repr.cpython-312.pyc	only original
.venv/Lib/site-packages/pip/_vendor/rich/__pycache__/rule.cpython-312.pyc	only original
.venv/Lib/site-packages/pip/_vendor/rich/__pycache__/scope.cpython-312.pyc	only original
.venv/Lib/site-packages/pip/_vendor/rich/__pycache__/screen.cpython-312.pyc	only original
.venv/Lib/site-packages/pip/_vendor/rich/__pycache__/segment.cpython-312.pyc	only original
.venv/Lib/site-packages/pip/_vendor/rich/__pycache__/spinner.cpython-312.pyc	only original
.venv/Lib/site-packages/pip/_vendor/rich/__pycache__/status.cpython-312.pyc	only original
.venv/Lib/site-packages/pip/_vendor/rich/__pycache__/style.cpython-312.pyc	only original
.venv/Lib/site-packages/pip/_vendor/rich/__pycache__/styled.cpython-312.pyc	only original
.venv/Lib/site-packages/pip/_vendor/rich/__pycache__/syntax.cpython-312.pyc	only original
.venv/Lib/site-packages/pip/_vendor/rich/__pycache__/table.cpython-312.pyc	only original
.venv/Lib/site-packages/pip/_vendor/rich/__pycache__/terminal_theme.cpython-312.pyc	only original
.venv/Lib/site-packages/pip/_vendor/rich/__pycache__/text.cpython-312.pyc	only original
.venv/Lib/site-packages/pip/_vendor/rich/__pycache__/theme.cpython-312.pyc	only original
.venv/Lib/site-packages/pip/_vendor/rich/__pycache__/themes.cpython-312.pyc	only original
.venv/Lib/site-packages/pip/_vendor/rich/__pycache__/traceback.cpython-312.pyc	only original
.venv/Lib/site-packages/pip/_vendor/rich/__pycache__/tree.cpython-312.pyc	only original
.venv/Lib/site-packages/pip/_vendor/rich/_cell_widths.py	only original
.venv/Lib/site-packages/pip/_vendor/rich/_emoji_codes.py	only original
.venv/Lib/site-packages/pip/_vendor/rich/_emoji_replace.py	only original
.venv/Lib/site-packages/pip/_vendor/rich/_export_format.py	only original
.venv/Lib/site-packages/pip/_vendor/rich/_extension.py	only original
.venv/Lib/site-packages/pip/_vendor/rich/_fileno.py	only original
.venv/Lib/site-packages/pip/_vendor/rich/_inspect.py	only original
.venv/Lib/site-packages/pip/_vendor/rich/_log_render.py	only original
.venv/Lib/site-packages/pip/_vendor/rich/_loop.py	only original
.venv/Lib/site-packages/pip/_vendor/rich/_null_file.py	only original
.venv/Lib/site-packages/pip/_vendor/rich/_palettes.py	only original
.venv/Lib/site-packages/pip/_vendor/rich/_pick.py	only original
.venv/Lib/site-packages/pip/_vendor/rich/_ratio.py	only original
.venv/Lib/site-packages/pip/_vendor/rich/_spinners.py	only original
.venv/Lib/site-packages/pip/_vendor/rich/_stack.py	only original
.venv/Lib/site-packages/pip/_vendor/rich/_timer.py	only original
.venv/Lib/site-packages/pip/_vendor/rich/_win32_console.py	only original
.venv/Lib/site-packages/pip/_vendor/rich/_windows.py	only original
.venv/Lib/site-packages/pip/_vendor/rich/_windows_renderer.py	only original
.venv/Lib/site-packages/pip/_vendor/rich/_wrap.py	only original
.venv/Lib/site-packages/pip/_vendor/rich/abc.py	only original
.venv/Lib/site-packages/pip/_vendor/rich/align.py	only original
.venv/Lib/site-packages/pip/_vendor/rich/ansi.py	only original
.venv/Lib/site-packages/pip/_vendor/rich/bar.py	only original
.venv/Lib/site-packages/pip/_vendor/rich/box.py	only original
.venv/Lib/site-packages/pip/_vendor/rich/cells.py	only original
.venv/Lib/site-packages/pip/_vendor/rich/color.py	only original
.venv/Lib/site-packages/pip/_vendor/rich/color_triplet.py	only original
.venv/Lib/site-packages/pip/_vendor/rich/columns.py	only original
.venv/Lib/site-packages/pip/_vendor/rich/console.py	only original
.venv/Lib/site-packages/pip/_vendor/rich/constrain.py	only original
.venv/Lib/site-packages/pip/_vendor/rich/containers.py	only original
.venv/Lib/site-packages/pip/_vendor/rich/control.py	only original
.venv/Lib/site-packages/pip/_vendor/rich/default_styles.py	only original
.venv/Lib/site-packages/pip/_vendor/rich/diagnose.py	only original
.venv/Lib/site-packages/pip/_vendor/rich/emoji.py	only original
.venv/Lib/site-packages/pip/_vendor/rich/errors.py	only original
.venv/Lib/site-packages/pip/_vendor/rich/file_proxy.py	only original
.venv/Lib/site-packages/pip/_vendor/rich/filesize.py	only original
.venv/Lib/site-packages/pip/_vendor/rich/highlighter.py	only original
.venv/Lib/site-packages/pip/_vendor/rich/json.py	only original
.venv/Lib/site-packages/pip/_vendor/rich/jupyter.py	only original
.venv/Lib/site-packages/pip/_vendor/rich/layout.py	only original
.venv/Lib/site-packages/pip/_vendor/rich/live.py	only original
.venv/Lib/site-packages/pip/_vendor/rich/live_render.py	only original
.venv/Lib/site-packages/pip/_vendor/rich/logging.py	only original
.venv/Lib/site-packages/pip/_vendor/rich/markup.py	only original
.venv/Lib/site-packages/pip/_vendor/rich/measure.py	only original
.venv/Lib/site-packages/pip/_vendor/rich/padding.py	only original
.venv/Lib/site-packages/pip/_vendor/rich/pager.py	only original
.venv/Lib/site-packages/pip/_vendor/rich/palette.py	only original
.venv/Lib/site-packages/pip/_vendor/rich/panel.py	only original
.venv/Lib/site-packages/pip/_vendor/rich/pretty.py	only original
.venv/Lib/site-packages/pip/_vendor/rich/progress.py	only original
.venv/Lib/site-packages/pip/_vendor/rich/progress_bar.py	only original
.venv/Lib/site-packages/pip/_vendor/rich/prompt.py	only original
.venv/Lib/site-packages/pip/_vendor/rich/protocol.py	only original
.venv/Lib/site-packages/pip/_vendor/rich/py.typed	only original
.venv/Lib/site-packages/pip/_vendor/rich/region.py	only original
.venv/Lib/site-packages/pip/_vendor/rich/repr.py	only original
.venv/Lib/site-packages/pip/_vendor/rich/rule.py	only original
.venv/Lib/site-packages/pip/_vendor/rich/scope.py	only original
.venv/Lib/site-packages/pip/_vendor/rich/screen.py	only original
.venv/Lib/site-packages/pip/_vendor/rich/segment.py	only original
.venv/Lib/site-packages/pip/_vendor/rich/spinner.py	only original
.venv/Lib/site-packages/pip/_vendor/rich/status.py	only original
.venv/Lib/site-packages/pip/_vendor/rich/style.py	only original
.venv/Lib/site-packages/pip/_vendor/rich/styled.py	only original
.venv/Lib/site-packages/pip/_vendor/rich/syntax.py	only original
.venv/Lib/site-packages/pip/_vendor/rich/table.py	only original
.venv/Lib/site-packages/pip/_vendor/rich/terminal_theme.py	only original
.venv/Lib/site-packages/pip/_vendor/rich/text.py	only original
.venv/Lib/site-packages/pip/_vendor/rich/theme.py	only original
.venv/Lib/site-packages/pip/_vendor/rich/themes.py	only original
.venv/Lib/site-packages/pip/_vendor/rich/traceback.py	only original
.venv/Lib/site-packages/pip/_vendor/rich/tree.py	only original
.venv/Lib/site-packages/pip/_vendor/tomli/__init__.py	only original
.venv/Lib/site-packages/pip/_vendor/tomli/__pycache__/__init__.cpython-312.pyc	only original
.venv/Lib/site-packages/pip/_vendor/tomli/__pycache__/_parser.cpython-312.pyc	only original
.venv/Lib/site-packages/pip/_vendor/tomli/__pycache__/_re.cpython-312.pyc	only original
.venv/Lib/site-packages/pip/_vendor/tomli/__pycache__/_types.cpython-312.pyc	only original
.venv/Lib/site-packages/pip/_vendor/tomli/_parser.py	only original
.venv/Lib/site-packages/pip/_vendor/tomli/_re.py	only original
.venv/Lib/site-packages/pip/_vendor/tomli/_types.py	only original
.venv/Lib/site-packages/pip/_vendor/tomli/py.typed	only original
.venv/Lib/site-packages/pip/_vendor/truststore/__init__.py	only original
.venv/Lib/site-packages/pip/_vendor/truststore/__pycache__/__init__.cpython-312.pyc	only original
.venv/Lib/site-packages/pip/_vendor/truststore/__pycache__/_api.cpython-312.pyc	only original
.venv/Lib/site-packages/pip/_vendor/truststore/__pycache__/_macos.cpython-312.pyc	only original
.venv/Lib/site-packages/pip/_vendor/truststore/__pycache__/_openssl.cpython-312.pyc	only original
.venv/Lib/site-packages/pip/_vendor/truststore/__pycache__/_ssl_constants.cpython-312.pyc	only original
.venv/Lib/site-packages/pip/_vendor/truststore/__pycache__/_windows.cpython-312.pyc	only original
.venv/Lib/site-packages/pip/_vendor/truststore/_api.py	only original
.venv/Lib/site-packages/pip/_vendor/truststore/_macos.py	only original
.venv/Lib/site-packages/pip/_vendor/truststore/_openssl.py	only original
.venv/Lib/site-packages/pip/_vendor/truststore/_ssl_constants.py	only original
.venv/Lib/site-packages/pip/_vendor/truststore/_windows.py	only original
.venv/Lib/site-packages/pip/_vendor/truststore/py.typed	only original
.venv/Lib/site-packages/pip/_vendor/typing_extensions.py	only original
.venv/Lib/site-packages/pip/_vendor/urllib3/__init__.py	only original
.venv/Lib/site-packages/pip/_vendor/urllib3/__pycache__/__init__.cpython-312.pyc	only original
.venv/Lib/site-packages/pip/_vendor/urllib3/__pycache__/_collections.cpython-312.pyc	only original
.venv/Lib/site-packages/pip/_vendor/urllib3/__pycache__/_version.cpython-312.pyc	only original
.venv/Lib/site-packages/pip/_vendor/urllib3/__pycache__/connection.cpython-312.pyc	only original
.venv/Lib/site-packages/pip/_vendor/urllib3/__pycache__/connectionpool.cpython-312.pyc	only original
.venv/Lib/site-packages/pip/_vendor/urllib3/__pycache__/exceptions.cpython-312.pyc	only original
.venv/Lib/site-packages/pip/_vendor/urllib3/__pycache__/fields.cpython-312.pyc	only original
.venv/Lib/site-packages/pip/_vendor/urllib3/__pycache__/filepost.cpython-312.pyc	only original
.venv/Lib/site-packages/pip/_vendor/urllib3/__pycache__/poolmanager.cpython-312.pyc	only original
.venv/Lib/site-packages/pip/_vendor/urllib3/__pycache__/request.cpython-312.pyc	only original
.venv/Lib/site-packages/pip/_vendor/urllib3/__pycache__/response.cpython-312.pyc	only original
.venv/Lib/site-packages/pip/_vendor/urllib3/_collections.py	only original
.venv/Lib/site-packages/pip/_vendor/urllib3/_version.py	only original
.venv/Lib/site-packages/pip/_vendor/urllib3/connection.py	only original
.venv/Lib/site-packages/pip/_vendor/urllib3/connectionpool.py	only original
.venv/Lib/site-packages/pip/_vendor/urllib3/contrib/__init__.py	only original
.venv/Lib/site-packages/pip/_vendor/urllib3/contrib/__pycache__/__init__.cpython-312.pyc	only original
.venv/Lib/site-packages/pip/_vendor/urllib3/contrib/__pycache__/_appengine_environ.cpython-312.pyc	only original
.venv/Lib/site-packages/pip/_vendor/urllib3/contrib/__pycache__/appengine.cpython-312.pyc	only original
.venv/Lib/site-packages/pip/_vendor/urllib3/contrib/__pycache__/ntlmpool.cpython-312.pyc	only original
.venv/Lib/site-packages/pip/_vendor/urllib3/contrib/__pycache__/pyopenssl.cpython-312.pyc	only original
.venv/Lib/site-packages/pip/_vendor/urllib3/contrib/__pycache__/securetransport.cpython-312.pyc	only original
.venv/Lib/site-packages/pip/_vendor/urllib3/contrib/__pycache__/socks.cpython-312.pyc	only original
.venv/Lib/site-packages/pip/_vendor/urllib3/contrib/_appengine_environ.py	only original
.venv/Lib/site-packages/pip/_vendor/urllib3/contrib/_securetransport/__init__.py	only original
.venv/Lib/site-packages/pip/_vendor/urllib3/contrib/_securetransport/__pycache__/__init__.cpython-312.pyc	only original
.venv/Lib/site-packages/pip/_vendor/urllib3/contrib/_securetransport/__pycache__/bindings.cpython-312.pyc	only original
.venv/Lib/site-packages/pip/_vendor/urllib3/contrib/_securetransport/__pycache__/low_level.cpython-312.pyc	only original
.venv/Lib/site-packages/pip/_vendor/urllib3/contrib/_securetransport/bindings.py	only original
.venv/Lib/site-packages/pip/_vendor/urllib3/contrib/_securetransport/low_level.py	only original
.venv/Lib/site-packages/pip/_vendor/urllib3/contrib/appengine.py	only original
.venv/Lib/site-packages/pip/_vendor/urllib3/contrib/ntlmpool.py	only original
.venv/Lib/site-packages/pip/_vendor/urllib3/contrib/pyopenssl.py	only original
.venv/Lib/site-packages/pip/_vendor/urllib3/contrib/securetransport.py	only original
.venv/Lib/site-packages/pip/_vendor/urllib3/contrib/socks.py	only original
.venv/Lib/site-packages/pip/_vendor/urllib3/exceptions.py	only original
.venv/Lib/site-packages/pip/_vendor/urllib3/fields.py	only original
.venv/Lib/site-packages/pip/_vendor/urllib3/filepost.py	only original
.venv/Lib/site-packages/pip/_vendor/urllib3/packages/__init__.py	only original
.venv/Lib/site-packages/pip/_vendor/urllib3/packages/__pycache__/__init__.cpython-312.pyc	only original
.venv/Lib/site-packages/pip/_vendor/urllib3/packages/__pycache__/six.cpython-312.pyc	only original
.venv/Lib/site-packages/pip/_vendor/urllib3/packages/backports/__init__.py	only original
.venv/Lib/site-packages/pip/_vendor/urllib3/packages/backports/__pycache__/__init__.cpython-312.pyc	only original
.venv/Lib/site-packages/pip/_vendor/urllib3/packages/backports/__pycache__/makefile.cpython-312.pyc	only original
.venv/Lib/site-packages/pip/_vendor/urllib3/packages/backports/__pycache__/weakref_finalize.cpython-312.pyc	only original
.venv/Lib/site-packages/pip/_vendor/urllib3/packages/backports/makefile.py	only original
.venv/Lib/site-packages/pip/_vendor/urllib3/packages/backports/weakref_finalize.py	only original
.venv/Lib/site-packages/pip/_vendor/urllib3/packages/six.py	only original
.venv/Lib/site-packages/pip/_vendor/urllib3/poolmanager.py	only original
.venv/Lib/site-packages/pip/_vendor/urllib3/request.py	only original
.venv/Lib/site-packages/pip/_vendor/urllib3/response.py	only original
.venv/Lib/site-packages/pip/_vendor/urllib3/util/__init__.py	only original
.venv/Lib/site-packages/pip/_vendor/urllib3/util/__pycache__/__init__.cpython-312.pyc	only original
.venv/Lib/site-packages/pip/_vendor/urllib3/util/__pycache__/connection.cpython-312.pyc	only original
.venv/Lib/site-packages/pip/_vendor/urllib3/util/__pycache__/proxy.cpython-312.pyc	only original
.venv/Lib/site-packages/pip/_vendor/urllib3/util/__pycache__/queue.cpython-312.pyc	only original
.venv/Lib/site-packages/pip/_vendor/urllib3/util/__pycache__/request.cpython-312.pyc	only original
.venv/Lib/site-packages/pip/_vendor/urllib3/util/__pycache__/response.cpython-312.pyc	only original
.venv/Lib/site-packages/pip/_vendor/urllib3/util/__pycache__/retry.cpython-312.pyc	only original
.venv/Lib/site-packages/pip/_vendor/urllib3/util/__pycache__/ssl_.cpython-312.pyc	only original
.venv/Lib/site-packages/pip/_vendor/urllib3/util/__pycache__/ssl_match_hostname.cpython-312.pyc	only original
.venv/Lib/site-packages/pip/_vendor/urllib3/util/__pycache__/ssltransport.cpython-312.pyc	only original
.venv/Lib/site-packages/pip/_vendor/urllib3/util/__pycache__/timeout.cpython-312.pyc	only original
.venv/Lib/site-packages/pip/_vendor/urllib3/util/__pycache__/url.cpython-312.pyc	only original
.venv/Lib/site-packages/pip/_vendor/urllib3/util/__pycache__/wait.cpython-312.pyc	only original
.venv/Lib/site-packages/pip/_vendor/urllib3/util/connection.py	only original
.venv/Lib/site-packages/pip/_vendor/urllib3/util/proxy.py	only original
.venv/Lib/site-packages/pip/_vendor/urllib3/util/queue.py	only original
.venv/Lib/site-packages/pip/_vendor/urllib3/util/request.py	only original
.venv/Lib/site-packages/pip/_vendor/urllib3/util/response.py	only original
.venv/Lib/site-packages/pip/_vendor/urllib3/util/retry.py	only original
.venv/Lib/site-packages/pip/_vendor/urllib3/util/ssl_.py	only original
.venv/Lib/site-packages/pip/_vendor/urllib3/util/ssl_match_hostname.py	only original
.venv/Lib/site-packages/pip/_vendor/urllib3/util/ssltransport.py	only original
.venv/Lib/site-packages/pip/_vendor/urllib3/util/timeout.py	only original
.venv/Lib/site-packages/pip/_vendor/urllib3/util/url.py	only original
.venv/Lib/site-packages/pip/_vendor/urllib3/util/wait.py	only original
.venv/Lib/site-packages/pip/_vendor/vendor.txt	only original
.venv/Lib/site-packages/pip/py.typed	only original
.venv/Lib/site-packages/pluggy-1.6.0.dist-info/INSTALLER	only original
.venv/Lib/site-packages/pluggy-1.6.0.dist-info/METADATA	only original
.venv/Lib/site-packages/pluggy-1.6.0.dist-info/RECORD	only original
.venv/Lib/site-packages/pluggy-1.6.0.dist-info/WHEEL	only original
.venv/Lib/site-packages/pluggy-1.6.0.dist-info/licenses/LICENSE	only original
.venv/Lib/site-packages/pluggy-1.6.0.dist-info/top_level.txt	only original
.venv/Lib/site-packages/pluggy/__init__.py	only original
.venv/Lib/site-packages/pluggy/__pycache__/__init__.cpython-312.pyc	only original
.venv/Lib/site-packages/pluggy/__pycache__/_callers.cpython-312.pyc	only original
.venv/Lib/site-packages/pluggy/__pycache__/_hooks.cpython-312.pyc	only original
.venv/Lib/site-packages/pluggy/__pycache__/_manager.cpython-312.pyc	only original
.venv/Lib/site-packages/pluggy/__pycache__/_result.cpython-312.pyc	only original
.venv/Lib/site-packages/pluggy/__pycache__/_tracing.cpython-312.pyc	only original
.venv/Lib/site-packages/pluggy/__pycache__/_version.cpython-312.pyc	only original
.venv/Lib/site-packages/pluggy/__pycache__/_warnings.cpython-312.pyc	only original
.venv/Lib/site-packages/pluggy/_callers.py	only original
.venv/Lib/site-packages/pluggy/_hooks.py	only original
.venv/Lib/site-packages/pluggy/_manager.py	only original
.venv/Lib/site-packages/pluggy/_result.py	only original
.venv/Lib/site-packages/pluggy/_tracing.py	only original
.venv/Lib/site-packages/pluggy/_version.py	only original
.venv/Lib/site-packages/pluggy/_warnings.py	only original
.venv/Lib/site-packages/pluggy/py.typed	only original
.venv/Lib/site-packages/py.py	only original
.venv/Lib/site-packages/pydantic-2.11.9.dist-info/INSTALLER	only original
.venv/Lib/site-packages/pydantic-2.11.9.dist-info/METADATA	only original
.venv/Lib/site-packages/pydantic-2.11.9.dist-info/RECORD	only original
.venv/Lib/site-packages/pydantic-2.11.9.dist-info/REQUESTED	only original
.venv/Lib/site-packages/pydantic-2.11.9.dist-info/WHEEL	only original
.venv/Lib/site-packages/pydantic-2.11.9.dist-info/licenses/LICENSE	only original
.venv/Lib/site-packages/pydantic/__init__.py	only original
.venv/Lib/site-packages/pydantic/__pycache__/__init__.cpython-312.pyc	only original
.venv/Lib/site-packages/pydantic/__pycache__/_migration.cpython-312.pyc	only original
.venv/Lib/site-packages/pydantic/__pycache__/alias_generators.cpython-312.pyc	only original
.venv/Lib/site-packages/pydantic/__pycache__/aliases.cpython-312.pyc	only original
.venv/Lib/site-packages/pydantic/__pycache__/annotated_handlers.cpython-312.pyc	only original
.venv/Lib/site-packages/pydantic/__pycache__/class_validators.cpython-312.pyc	only original
.venv/Lib/site-packages/pydantic/__pycache__/color.cpython-312.pyc	only original
.venv/Lib/site-packages/pydantic/__pycache__/config.cpython-312.pyc	only original
.venv/Lib/site-packages/pydantic/__pycache__/dataclasses.cpython-312.pyc	only original
.venv/Lib/site-packages/pydantic/__pycache__/datetime_parse.cpython-312.pyc	only original
.venv/Lib/site-packages/pydantic/__pycache__/decorator.cpython-312.pyc	only original
.venv/Lib/site-packages/pydantic/__pycache__/env_settings.cpython-312.pyc	only original
.venv/Lib/site-packages/pydantic/__pycache__/error_wrappers.cpython-312.pyc	only original
.venv/Lib/site-packages/pydantic/__pycache__/errors.cpython-312.pyc	only original
.venv/Lib/site-packages/pydantic/__pycache__/fields.cpython-312.pyc	only original
.venv/Lib/site-packages/pydantic/__pycache__/functional_serializers.cpython-312.pyc	only original
.venv/Lib/site-packages/pydantic/__pycache__/functional_validators.cpython-312.pyc	only original
.venv/Lib/site-packages/pydantic/__pycache__/generics.cpython-312.pyc	only original
.venv/Lib/site-packages/pydantic/__pycache__/json.cpython-312.pyc	only original
.venv/Lib/site-packages/pydantic/__pycache__/json_schema.cpython-312.pyc	only original
.venv/Lib/site-packages/pydantic/__pycache__/main.cpython-312.pyc	only original
.venv/Lib/site-packages/pydantic/__pycache__/mypy.cpython-312.pyc	only original
.venv/Lib/site-packages/pydantic/__pycache__/networks.cpython-312.pyc	only original
.venv/Lib/site-packages/pydantic/__pycache__/parse.cpython-312.pyc	only original
.venv/Lib/site-packages/pydantic/__pycache__/root_model.cpython-312.pyc	only original
.venv/Lib/site-packages/pydantic/__pycache__/schema.cpython-312.pyc	only original
.venv/Lib/site-packages/pydantic/__pycache__/tools.cpython-312.pyc	only original
.venv/Lib/site-packages/pydantic/__pycache__/type_adapter.cpython-312.pyc	only original
.venv/Lib/site-packages/pydantic/__pycache__/types.cpython-312.pyc	only original
.venv/Lib/site-packages/pydantic/__pycache__/typing.cpython-312.pyc	only original
.venv/Lib/site-packages/pydantic/__pycache__/utils.cpython-312.pyc	only original
.venv/Lib/site-packages/pydantic/__pycache__/validate_call_decorator.cpython-312.pyc	only original
.venv/Lib/site-packages/pydantic/__pycache__/validators.cpython-312.pyc	only original
.venv/Lib/site-packages/pydantic/__pycache__/version.cpython-312.pyc	only original
.venv/Lib/site-packages/pydantic/__pycache__/warnings.cpython-312.pyc	only original
.venv/Lib/site-packages/pydantic/_internal/__init__.py	only original
.venv/Lib/site-packages/pydantic/_internal/__pycache__/__init__.cpython-312.pyc	only original
.venv/Lib/site-packages/pydantic/_internal/__pycache__/_config.cpython-312.pyc	only original
.venv/Lib/site-packages/pydantic/_internal/__pycache__/_core_metadata.cpython-312.pyc	only original
.venv/Lib/site-packages/pydantic/_internal/__pycache__/_core_utils.cpython-312.pyc	only original
.venv/Lib/site-packages/pydantic/_internal/__pycache__/_dataclasses.cpython-312.pyc	only original
.venv/Lib/site-packages/pydantic/_internal/__pycache__/_decorators.cpython-312.pyc	only original
.venv/Lib/site-packages/pydantic/_internal/__pycache__/_decorators_v1.cpython-312.pyc	only original
.venv/Lib/site-packages/pydantic/_internal/__pycache__/_discriminated_union.cpython-312.pyc	only original
.venv/Lib/site-packages/pydantic/_internal/__pycache__/_docs_extraction.cpython-312.pyc	only original
.venv/Lib/site-packages/pydantic/_internal/__pycache__/_fields.cpython-312.pyc	only original
.venv/Lib/site-packages/pydantic/_internal/__pycache__/_forward_ref.cpython-312.pyc	only original
.venv/Lib/site-packages/pydantic/_internal/__pycache__/_generate_schema.cpython-312.pyc	only original
.venv/Lib/site-packages/pydantic/_internal/__pycache__/_generics.cpython-312.pyc	only original
.venv/Lib/site-packages/pydantic/_internal/__pycache__/_git.cpython-312.pyc	only original
.venv/Lib/site-packages/pydantic/_internal/__pycache__/_import_utils.cpython-312.pyc	only original
.venv/Lib/site-packages/pydantic/_internal/__pycache__/_internal_dataclass.cpython-312.pyc	only original
.venv/Lib/site-packages/pydantic/_internal/__pycache__/_known_annotated_metadata.cpython-312.pyc	only original
.venv/Lib/site-packages/pydantic/_internal/__pycache__/_mock_val_ser.cpython-312.pyc	only original
.venv/Lib/site-packages/pydantic/_internal/__pycache__/_model_construction.cpython-312.pyc	only original
.venv/Lib/site-packages/pydantic/_internal/__pycache__/_namespace_utils.cpython-312.pyc	only original
.venv/Lib/site-packages/pydantic/_internal/__pycache__/_repr.cpython-312.pyc	only original
.venv/Lib/site-packages/pydantic/_internal/__pycache__/_schema_gather.cpython-312.pyc	only original
.venv/Lib/site-packages/pydantic/_internal/__pycache__/_schema_generation_shared.cpython-312.pyc	only original
.venv/Lib/site-packages/pydantic/_internal/__pycache__/_serializers.cpython-312.pyc	only original
.venv/Lib/site-packages/pydantic/_internal/__pycache__/_signature.cpython-312.pyc	only original
.venv/Lib/site-packages/pydantic/_internal/__pycache__/_typing_extra.cpython-312.pyc	only original
.venv/Lib/site-packages/pydantic/_internal/__pycache__/_utils.cpython-312.pyc	only original
.venv/Lib/site-packages/pydantic/_internal/__pycache__/_validate_call.cpython-312.pyc	only original
.venv/Lib/site-packages/pydantic/_internal/__pycache__/_validators.cpython-312.pyc	only original
.venv/Lib/site-packages/pydantic/_internal/_config.py	only original
.venv/Lib/site-packages/pydantic/_internal/_core_metadata.py	only original
.venv/Lib/site-packages/pydantic/_internal/_core_utils.py	only original
.venv/Lib/site-packages/pydantic/_internal/_dataclasses.py	only original
.venv/Lib/site-packages/pydantic/_internal/_decorators.py	only original
.venv/Lib/site-packages/pydantic/_internal/_decorators_v1.py	only original
.venv/Lib/site-packages/pydantic/_internal/_discriminated_union.py	only original
.venv/Lib/site-packages/pydantic/_internal/_docs_extraction.py	only original
.venv/Lib/site-packages/pydantic/_internal/_fields.py	only original
.venv/Lib/site-packages/pydantic/_internal/_forward_ref.py	only original
.venv/Lib/site-packages/pydantic/_internal/_generate_schema.py	only original
.venv/Lib/site-packages/pydantic/_internal/_generics.py	only original
.venv/Lib/site-packages/pydantic/_internal/_git.py	only original
.venv/Lib/site-packages/pydantic/_internal/_import_utils.py	only original
.venv/Lib/site-packages/pydantic/_internal/_internal_dataclass.py	only original
.venv/Lib/site-packages/pydantic/_internal/_known_annotated_metadata.py	only original
.venv/Lib/site-packages/pydantic/_internal/_mock_val_ser.py	only original
.venv/Lib/site-packages/pydantic/_internal/_model_construction.py	only original
.venv/Lib/site-packages/pydantic/_internal/_namespace_utils.py	only original
.venv/Lib/site-packages/pydantic/_internal/_repr.py	only original
.venv/Lib/site-packages/pydantic/_internal/_schema_gather.py	only original
.venv/Lib/site-packages/pydantic/_internal/_schema_generation_shared.py	only original
.venv/Lib/site-packages/pydantic/_internal/_serializers.py	only original
.venv/Lib/site-packages/pydantic/_internal/_signature.py	only original
.venv/Lib/site-packages/pydantic/_internal/_typing_extra.py	only original
.venv/Lib/site-packages/pydantic/_internal/_utils.py	only original
.venv/Lib/site-packages/pydantic/_internal/_validate_call.py	only original
.venv/Lib/site-packages/pydantic/_internal/_validators.py	only original
.venv/Lib/site-packages/pydantic/_migration.py	only original
.venv/Lib/site-packages/pydantic/alias_generators.py	only original
.venv/Lib/site-packages/pydantic/aliases.py	only original
.venv/Lib/site-packages/pydantic/annotated_handlers.py	only original
.venv/Lib/site-packages/pydantic/class_validators.py	only original
.venv/Lib/site-packages/pydantic/color.py	only original
.venv/Lib/site-packages/pydantic/config.py	only original
.venv/Lib/site-packages/pydantic/dataclasses.py	only original
.venv/Lib/site-packages/pydantic/datetime_parse.py	only original
.venv/Lib/site-packages/pydantic/decorator.py	only original
.venv/Lib/site-packages/pydantic/deprecated/__init__.py	only original
.venv/Lib/site-packages/pydantic/deprecated/__pycache__/__init__.cpython-312.pyc	only original
.venv/Lib/site-packages/pydantic/deprecated/__pycache__/class_validators.cpython-312.pyc	only original
.venv/Lib/site-packages/pydantic/deprecated/__pycache__/config.cpython-312.pyc	only original
.venv/Lib/site-packages/pydantic/deprecated/__pycache__/copy_internals.cpython-312.pyc	only original
.venv/Lib/site-packages/pydantic/deprecated/__pycache__/decorator.cpython-312.pyc	only original
.venv/Lib/site-packages/pydantic/deprecated/__pycache__/json.cpython-312.pyc	only original
.venv/Lib/site-packages/pydantic/deprecated/__pycache__/parse.cpython-312.pyc	only original
.venv/Lib/site-packages/pydantic/deprecated/__pycache__/tools.cpython-312.pyc	only original
.venv/Lib/site-packages/pydantic/deprecated/class_validators.py	only original
.venv/Lib/site-packages/pydantic/deprecated/config.py	only original
.venv/Lib/site-packages/pydantic/deprecated/copy_internals.py	only original
.venv/Lib/site-packages/pydantic/deprecated/decorator.py	only original
.venv/Lib/site-packages/pydantic/deprecated/json.py	only original
.venv/Lib/site-packages/pydantic/deprecated/parse.py	only original
.venv/Lib/site-packages/pydantic/deprecated/tools.py	only original
.venv/Lib/site-packages/pydantic/env_settings.py	only original
.venv/Lib/site-packages/pydantic/error_wrappers.py	only original
.venv/Lib/site-packages/pydantic/errors.py	only original
.venv/Lib/site-packages/pydantic/experimental/__init__.py	only original
.venv/Lib/site-packages/pydantic/experimental/__pycache__/__init__.cpython-312.pyc	only original
.venv/Lib/site-packages/pydantic/experimental/__pycache__/arguments_schema.cpython-312.pyc	only original
.venv/Lib/site-packages/pydantic/experimental/__pycache__/pipeline.cpython-312.pyc	only original
.venv/Lib/site-packages/pydantic/experimental/arguments_schema.py	only original
.venv/Lib/site-packages/pydantic/experimental/pipeline.py	only original
.venv/Lib/site-packages/pydantic/fields.py	only original
.venv/Lib/site-packages/pydantic/functional_serializers.py	only original
.venv/Lib/site-packages/pydantic/functional_validators.py	only original
.venv/Lib/site-packages/pydantic/generics.py	only original
.venv/Lib/site-packages/pydantic/json.py	only original
.venv/Lib/site-packages/pydantic/json_schema.py	only original
.venv/Lib/site-packages/pydantic/main.py	only original
.venv/Lib/site-packages/pydantic/mypy.py	only original
.venv/Lib/site-packages/pydantic/networks.py	only original
.venv/Lib/site-packages/pydantic/parse.py	only original
.venv/Lib/site-packages/pydantic/plugin/__init__.py	only original
.venv/Lib/site-packages/pydantic/plugin/__pycache__/__init__.cpython-312.pyc	only original
.venv/Lib/site-packages/pydantic/plugin/__pycache__/_loader.cpython-312.pyc	only original
.venv/Lib/site-packages/pydantic/plugin/__pycache__/_schema_validator.cpython-312.pyc	only original
.venv/Lib/site-packages/pydantic/plugin/_loader.py	only original
.venv/Lib/site-packages/pydantic/plugin/_schema_validator.py	only original
.venv/Lib/site-packages/pydantic/py.typed	only original
.venv/Lib/site-packages/pydantic/root_model.py	only original
.venv/Lib/site-packages/pydantic/schema.py	only original
.venv/Lib/site-packages/pydantic/tools.py	only original
.venv/Lib/site-packages/pydantic/type_adapter.py	only original
.venv/Lib/site-packages/pydantic/types.py	only original
.venv/Lib/site-packages/pydantic/typing.py	only original
.venv/Lib/site-packages/pydantic/utils.py	only original
.venv/Lib/site-packages/pydantic/v1/__init__.py	only original
.venv/Lib/site-packages/pydantic/v1/__pycache__/__init__.cpython-312.pyc	only original
.venv/Lib/site-packages/pydantic/v1/__pycache__/_hypothesis_plugin.cpython-312.pyc	only original
.venv/Lib/site-packages/pydantic/v1/__pycache__/annotated_types.cpython-312.pyc	only original
.venv/Lib/site-packages/pydantic/v1/__pycache__/class_validators.cpython-312.pyc	only original
.venv/Lib/site-packages/pydantic/v1/__pycache__/color.cpython-312.pyc	only original
.venv/Lib/site-packages/pydantic/v1/__pycache__/config.cpython-312.pyc	only original
.venv/Lib/site-packages/pydantic/v1/__pycache__/dataclasses.cpython-312.pyc	only original
.venv/Lib/site-packages/pydantic/v1/__pycache__/datetime_parse.cpython-312.pyc	only original
.venv/Lib/site-packages/pydantic/v1/__pycache__/decorator.cpython-312.pyc	only original
.venv/Lib/site-packages/pydantic/v1/__pycache__/env_settings.cpython-312.pyc	only original
.venv/Lib/site-packages/pydantic/v1/__pycache__/error_wrappers.cpython-312.pyc	only original
.venv/Lib/site-packages/pydantic/v1/__pycache__/errors.cpython-312.pyc	only original
.venv/Lib/site-packages/pydantic/v1/__pycache__/fields.cpython-312.pyc	only original
.venv/Lib/site-packages/pydantic/v1/__pycache__/generics.cpython-312.pyc	only original
.venv/Lib/site-packages/pydantic/v1/__pycache__/json.cpython-312.pyc	only original
.venv/Lib/site-packages/pydantic/v1/__pycache__/main.cpython-312.pyc	only original
.venv/Lib/site-packages/pydantic/v1/__pycache__/mypy.cpython-312.pyc	only original
.venv/Lib/site-packages/pydantic/v1/__pycache__/networks.cpython-312.pyc	only original
.venv/Lib/site-packages/pydantic/v1/__pycache__/parse.cpython-312.pyc	only original
.venv/Lib/site-packages/pydantic/v1/__pycache__/schema.cpython-312.pyc	only original
.venv/Lib/site-packages/pydantic/v1/__pycache__/tools.cpython-312.pyc	only original
.venv/Lib/site-packages/pydantic/v1/__pycache__/types.cpython-312.pyc	only original
.venv/Lib/site-packages/pydantic/v1/__pycache__/typing.cpython-312.pyc	only original
.venv/Lib/site-packages/pydantic/v1/__pycache__/utils.cpython-312.pyc	only original
.venv/Lib/site-packages/pydantic/v1/__pycache__/validators.cpython-312.pyc	only original
.venv/Lib/site-packages/pydantic/v1/__pycache__/version.cpython-312.pyc	only original
.venv/Lib/site-packages/pydantic/v1/_hypothesis_plugin.py	only original
.venv/Lib/site-packages/pydantic/v1/annotated_types.py	only original
.venv/Lib/site-packages/pydantic/v1/class_validators.py	only original
.venv/Lib/site-packages/pydantic/v1/color.py	only original
.venv/Lib/site-packages/pydantic/v1/config.py	only original
.venv/Lib/site-packages/pydantic/v1/dataclasses.py	only original
.venv/Lib/site-packages/pydantic/v1/datetime_parse.py	only original
.venv/Lib/site-packages/pydantic/v1/decorator.py	only original
.venv/Lib/site-packages/pydantic/v1/env_settings.py	only original
.venv/Lib/site-packages/pydantic/v1/error_wrappers.py	only original
.venv/Lib/site-packages/pydantic/v1/errors.py	only original
.venv/Lib/site-packages/pydantic/v1/fields.py	only original
.venv/Lib/site-packages/pydantic/v1/generics.py	only original
.venv/Lib/site-packages/pydantic/v1/json.py	only original
.venv/Lib/site-packages/pydantic/v1/main.py	only original
.venv/Lib/site-packages/pydantic/v1/mypy.py	only original
.venv/Lib/site-packages/pydantic/v1/networks.py	only original
.venv/Lib/site-packages/pydantic/v1/parse.py	only original
.venv/Lib/site-packages/pydantic/v1/py.typed	only original
.venv/Lib/site-packages/pydantic/v1/schema.py	only original
.venv/Lib/site-packages/pydantic/v1/tools.py	only original
.venv/Lib/site-packages/pydantic/v1/types.py	only original
.venv/Lib/site-packages/pydantic/v1/typing.py	only original
.venv/Lib/site-packages/pydantic/v1/utils.py	only original
.venv/Lib/site-packages/pydantic/v1/validators.py	only original
.venv/Lib/site-packages/pydantic/v1/version.py	only original
.venv/Lib/site-packages/pydantic/validate_call_decorator.py	only original
.venv/Lib/site-packages/pydantic/validators.py	only original
.venv/Lib/site-packages/pydantic/version.py	only original
.venv/Lib/site-packages/pydantic/warnings.py	only original
.venv/Lib/site-packages/pydantic_core-2.33.2.dist-info/INSTALLER	only original
.venv/Lib/site-packages/pydantic_core-2.33.2.dist-info/METADATA	only original
.venv/Lib/site-packages/pydantic_core-2.33.2.dist-info/RECORD	only original
.venv/Lib/site-packages/pydantic_core-2.33.2.dist-info/WHEEL	only original
.venv/Lib/site-packages/pydantic_core-2.33.2.dist-info/licenses/LICENSE	only original
.venv/Lib/site-packages/pydantic_core/__init__.py	only original
.venv/Lib/site-packages/pydantic_core/__pycache__/__init__.cpython-312.pyc	only original
.venv/Lib/site-packages/pydantic_core/__pycache__/core_schema.cpython-312.pyc	only original
.venv/Lib/site-packages/pydantic_core/_pydantic_core.cp312-win_amd64.pyd	only original
.venv/Lib/site-packages/pydantic_core/_pydantic_core.pyi	only original
.venv/Lib/site-packages/pydantic_core/core_schema.py	only original
.venv/Lib/site-packages/pydantic_core/py.typed	only original
.venv/Lib/site-packages/pygments-2.21.0.dist-info/INSTALLER	only original
.venv/Lib/site-packages/pygments-2.21.0.dist-info/METADATA	only original
.venv/Lib/site-packages/pygments-2.21.0.dist-info/RECORD	only original
.venv/Lib/site-packages/pygments-2.21.0.dist-info/WHEEL	only original
.venv/Lib/site-packages/pygments-2.21.0.dist-info/entry_points.txt	only original
.venv/Lib/site-packages/pygments-2.21.0.dist-info/licenses/AUTHORS	only original
.venv/Lib/site-packages/pygments-2.21.0.dist-info/licenses/LICENSE	only original
.venv/Lib/site-packages/pygments/__init__.py	only original
.venv/Lib/site-packages/pygments/__main__.py	only original
.venv/Lib/site-packages/pygments/__pycache__/__init__.cpython-312.pyc	only original
.venv/Lib/site-packages/pygments/__pycache__/__main__.cpython-312.pyc	only original
.venv/Lib/site-packages/pygments/__pycache__/cmdline.cpython-312.pyc	only original
.venv/Lib/site-packages/pygments/__pycache__/console.cpython-312.pyc	only original
.venv/Lib/site-packages/pygments/__pycache__/filter.cpython-312.pyc	only original
.venv/Lib/site-packages/pygments/__pycache__/formatter.cpython-312.pyc	only original
.venv/Lib/site-packages/pygments/__pycache__/lexer.cpython-312.pyc	only original
.venv/Lib/site-packages/pygments/__pycache__/modeline.cpython-312.pyc	only original
.venv/Lib/site-packages/pygments/__pycache__/plugin.cpython-312.pyc	only original
.venv/Lib/site-packages/pygments/__pycache__/regexopt.cpython-312.pyc	only original
.venv/Lib/site-packages/pygments/__pycache__/scanner.cpython-312.pyc	only original
.venv/Lib/site-packages/pygments/__pycache__/sphinxext.cpython-312.pyc	only original
.venv/Lib/site-packages/pygments/__pycache__/style.cpython-312.pyc	only original
.venv/Lib/site-packages/pygments/__pycache__/token.cpython-312.pyc	only original
.venv/Lib/site-packages/pygments/__pycache__/unistring.cpython-312.pyc	only original
.venv/Lib/site-packages/pygments/__pycache__/util.cpython-312.pyc	only original
.venv/Lib/site-packages/pygments/cmdline.py	only original
.venv/Lib/site-packages/pygments/console.py	only original
.venv/Lib/site-packages/pygments/filter.py	only original
.venv/Lib/site-packages/pygments/filters/__init__.py	only original
.venv/Lib/site-packages/pygments/filters/__pycache__/__init__.cpython-312.pyc	only original
.venv/Lib/site-packages/pygments/formatter.py	only original
.venv/Lib/site-packages/pygments/formatters/__init__.py	only original
.venv/Lib/site-packages/pygments/formatters/__pycache__/__init__.cpython-312.pyc	only original
.venv/Lib/site-packages/pygments/formatters/__pycache__/_mapping.cpython-312.pyc	only original
.venv/Lib/site-packages/pygments/formatters/__pycache__/bbcode.cpython-312.pyc	only original
.venv/Lib/site-packages/pygments/formatters/__pycache__/groff.cpython-312.pyc	only original
.venv/Lib/site-packages/pygments/formatters/__pycache__/html.cpython-312.pyc	only original
.venv/Lib/site-packages/pygments/formatters/__pycache__/img.cpython-312.pyc	only original
.venv/Lib/site-packages/pygments/formatters/__pycache__/irc.cpython-312.pyc	only original
.venv/Lib/site-packages/pygments/formatters/__pycache__/latex.cpython-312.pyc	only original
.venv/Lib/site-packages/pygments/formatters/__pycache__/other.cpython-312.pyc	only original
.venv/Lib/site-packages/pygments/formatters/__pycache__/pangomarkup.cpython-312.pyc	only original
.venv/Lib/site-packages/pygments/formatters/__pycache__/rtf.cpython-312.pyc	only original
.venv/Lib/site-packages/pygments/formatters/__pycache__/svg.cpython-312.pyc	only original
.venv/Lib/site-packages/pygments/formatters/__pycache__/terminal.cpython-312.pyc	only original
.venv/Lib/site-packages/pygments/formatters/__pycache__/terminal256.cpython-312.pyc	only original
.venv/Lib/site-packages/pygments/formatters/_mapping.py	only original
.venv/Lib/site-packages/pygments/formatters/bbcode.py	only original
.venv/Lib/site-packages/pygments/formatters/groff.py	only original
.venv/Lib/site-packages/pygments/formatters/html.py	only original
.venv/Lib/site-packages/pygments/formatters/img.py	only original
.venv/Lib/site-packages/pygments/formatters/irc.py	only original
.venv/Lib/site-packages/pygments/formatters/latex.py	only original
.venv/Lib/site-packages/pygments/formatters/other.py	only original
.venv/Lib/site-packages/pygments/formatters/pangomarkup.py	only original
.venv/Lib/site-packages/pygments/formatters/rtf.py	only original
.venv/Lib/site-packages/pygments/formatters/svg.py	only original
.venv/Lib/site-packages/pygments/formatters/terminal.py	only original
.venv/Lib/site-packages/pygments/formatters/terminal256.py	only original
.venv/Lib/site-packages/pygments/lexer.py	only original
.venv/Lib/site-packages/pygments/lexers/__init__.py	only original
.venv/Lib/site-packages/pygments/lexers/__pycache__/__init__.cpython-312.pyc	only original
.venv/Lib/site-packages/pygments/lexers/__pycache__/_ada_builtins.cpython-312.pyc	only original
.venv/Lib/site-packages/pygments/lexers/__pycache__/_asy_builtins.cpython-312.pyc	only original
.venv/Lib/site-packages/pygments/lexers/__pycache__/_cl_builtins.cpython-312.pyc	only original
.venv/Lib/site-packages/pygments/lexers/__pycache__/_cocoa_builtins.cpython-312.pyc	only original
.venv/Lib/site-packages/pygments/lexers/__pycache__/_csound_builtins.cpython-312.pyc	only original
.venv/Lib/site-packages/pygments/lexers/__pycache__/_css_builtins.cpython-312.pyc	only original
.venv/Lib/site-packages/pygments/lexers/__pycache__/_googlesql_builtins.cpython-312.pyc	only original
.venv/Lib/site-packages/pygments/lexers/__pycache__/_julia_builtins.cpython-312.pyc	only original
.venv/Lib/site-packages/pygments/lexers/__pycache__/_lasso_builtins.cpython-312.pyc	only original
.venv/Lib/site-packages/pygments/lexers/__pycache__/_lilypond_builtins.cpython-312.pyc	only original
.venv/Lib/site-packages/pygments/lexers/__pycache__/_lua_builtins.cpython-312.pyc	only original
.venv/Lib/site-packages/pygments/lexers/__pycache__/_luau_builtins.cpython-312.pyc	only original
.venv/Lib/site-packages/pygments/lexers/__pycache__/_mapping.cpython-312.pyc	only original
.venv/Lib/site-packages/pygments/lexers/__pycache__/_mql_builtins.cpython-312.pyc	only original
.venv/Lib/site-packages/pygments/lexers/__pycache__/_mysql_builtins.cpython-312.pyc	only original
.venv/Lib/site-packages/pygments/lexers/__pycache__/_openedge_builtins.cpython-312.pyc	only original
.venv/Lib/site-packages/pygments/lexers/__pycache__/_php_builtins.cpython-312.pyc	only original
.venv/Lib/site-packages/pygments/lexers/__pycache__/_postgres_builtins.cpython-312.pyc	only original
.venv/Lib/site-packages/pygments/lexers/__pycache__/_qlik_builtins.cpython-312.pyc	only original
.venv/Lib/site-packages/pygments/lexers/__pycache__/_scheme_builtins.cpython-312.pyc	only original
.venv/Lib/site-packages/pygments/lexers/__pycache__/_scilab_builtins.cpython-312.pyc	only original
.venv/Lib/site-packages/pygments/lexers/__pycache__/_sourcemod_builtins.cpython-312.pyc	only original
.venv/Lib/site-packages/pygments/lexers/__pycache__/_sql_builtins.cpython-312.pyc	only original
.venv/Lib/site-packages/pygments/lexers/__pycache__/_stan_builtins.cpython-312.pyc	only original
.venv/Lib/site-packages/pygments/lexers/__pycache__/_stata_builtins.cpython-312.pyc	only original
.venv/Lib/site-packages/pygments/lexers/__pycache__/_tsql_builtins.cpython-312.pyc	only original
.venv/Lib/site-packages/pygments/lexers/__pycache__/_usd_builtins.cpython-312.pyc	only original
.venv/Lib/site-packages/pygments/lexers/__pycache__/_vbscript_builtins.cpython-312.pyc	only original
.venv/Lib/site-packages/pygments/lexers/__pycache__/_vim_builtins.cpython-312.pyc	only original
.venv/Lib/site-packages/pygments/lexers/__pycache__/actionscript.cpython-312.pyc	only original
.venv/Lib/site-packages/pygments/lexers/__pycache__/ada.cpython-312.pyc	only original
.venv/Lib/site-packages/pygments/lexers/__pycache__/agile.cpython-312.pyc	only original
.venv/Lib/site-packages/pygments/lexers/__pycache__/algebra.cpython-312.pyc	only original
.venv/Lib/site-packages/pygments/lexers/__pycache__/ambient.cpython-312.pyc	only original
.venv/Lib/site-packages/pygments/lexers/__pycache__/amdgpu.cpython-312.pyc	only original
.venv/Lib/site-packages/pygments/lexers/__pycache__/ampl.cpython-312.pyc	only original
.venv/Lib/site-packages/pygments/lexers/__pycache__/apdlexer.cpython-312.pyc	only original
.venv/Lib/site-packages/pygments/lexers/__pycache__/apl.cpython-312.pyc	only original
.venv/Lib/site-packages/pygments/lexers/__pycache__/archetype.cpython-312.pyc	only original
.venv/Lib/site-packages/pygments/lexers/__pycache__/arrow.cpython-312.pyc	only original
.venv/Lib/site-packages/pygments/lexers/__pycache__/arturo.cpython-312.pyc	only original
.venv/Lib/site-packages/pygments/lexers/__pycache__/asc.cpython-312.pyc	only original
.venv/Lib/site-packages/pygments/lexers/__pycache__/asm.cpython-312.pyc	only original
.venv/Lib/site-packages/pygments/lexers/__pycache__/asn1.cpython-312.pyc	only original
.venv/Lib/site-packages/pygments/lexers/__pycache__/automation.cpython-312.pyc	only original
.venv/Lib/site-packages/pygments/lexers/__pycache__/bare.cpython-312.pyc	only original
.venv/Lib/site-packages/pygments/lexers/__pycache__/basic.cpython-312.pyc	only original
.venv/Lib/site-packages/pygments/lexers/__pycache__/bdd.cpython-312.pyc	only original
.venv/Lib/site-packages/pygments/lexers/__pycache__/berry.cpython-312.pyc	only original
.venv/Lib/site-packages/pygments/lexers/__pycache__/bibtex.cpython-312.pyc	only original
.venv/Lib/site-packages/pygments/lexers/__pycache__/bitbake.cpython-312.pyc	only original
.venv/Lib/site-packages/pygments/lexers/__pycache__/blueprint.cpython-312.pyc	only original
.venv/Lib/site-packages/pygments/lexers/__pycache__/boa.cpython-312.pyc	only original
.venv/Lib/site-packages/pygments/lexers/__pycache__/bqn.cpython-312.pyc	only original
.venv/Lib/site-packages/pygments/lexers/__pycache__/business.cpython-312.pyc	only original
.venv/Lib/site-packages/pygments/lexers/__pycache__/c_cpp.cpython-312.pyc	only original
.venv/Lib/site-packages/pygments/lexers/__pycache__/c_like.cpython-312.pyc	only original
.venv/Lib/site-packages/pygments/lexers/__pycache__/capnproto.cpython-312.pyc	only original
.venv/Lib/site-packages/pygments/lexers/__pycache__/carbon.cpython-312.pyc	only original
.venv/Lib/site-packages/pygments/lexers/__pycache__/cddl.cpython-312.pyc	only original
.venv/Lib/site-packages/pygments/lexers/__pycache__/cel.cpython-312.pyc	only original
.venv/Lib/site-packages/pygments/lexers/__pycache__/chapel.cpython-312.pyc	only original
.venv/Lib/site-packages/pygments/lexers/__pycache__/clean.cpython-312.pyc	only original
.venv/Lib/site-packages/pygments/lexers/__pycache__/codeql.cpython-312.pyc	only original
.venv/Lib/site-packages/pygments/lexers/__pycache__/comal.cpython-312.pyc	only original
.venv/Lib/site-packages/pygments/lexers/__pycache__/compiled.cpython-312.pyc	only original
.venv/Lib/site-packages/pygments/lexers/__pycache__/configs.cpython-312.pyc	only original
.venv/Lib/site-packages/pygments/lexers/__pycache__/console.cpython-312.pyc	only original
.venv/Lib/site-packages/pygments/lexers/__pycache__/cplint.cpython-312.pyc	only original
.venv/Lib/site-packages/pygments/lexers/__pycache__/crystal.cpython-312.pyc	only original
.venv/Lib/site-packages/pygments/lexers/__pycache__/csound.cpython-312.pyc	only original
.venv/Lib/site-packages/pygments/lexers/__pycache__/css.cpython-312.pyc	only original
.venv/Lib/site-packages/pygments/lexers/__pycache__/d.cpython-312.pyc	only original
.venv/Lib/site-packages/pygments/lexers/__pycache__/dalvik.cpython-312.pyc	only original
.venv/Lib/site-packages/pygments/lexers/__pycache__/data.cpython-312.pyc	only original
.venv/Lib/site-packages/pygments/lexers/__pycache__/dax.cpython-312.pyc	only original
.venv/Lib/site-packages/pygments/lexers/__pycache__/devicetree.cpython-312.pyc	only original
.venv/Lib/site-packages/pygments/lexers/__pycache__/diff.cpython-312.pyc	only original
.venv/Lib/site-packages/pygments/lexers/__pycache__/dns.cpython-312.pyc	only original
.venv/Lib/site-packages/pygments/lexers/__pycache__/dotnet.cpython-312.pyc	only original
.venv/Lib/site-packages/pygments/lexers/__pycache__/dsls.cpython-312.pyc	only original
.venv/Lib/site-packages/pygments/lexers/__pycache__/dylan.cpython-312.pyc	only original
.venv/Lib/site-packages/pygments/lexers/__pycache__/ecl.cpython-312.pyc	only original
.venv/Lib/site-packages/pygments/lexers/__pycache__/eiffel.cpython-312.pyc	only original
.venv/Lib/site-packages/pygments/lexers/__pycache__/elm.cpython-312.pyc	only original
.venv/Lib/site-packages/pygments/lexers/__pycache__/elpi.cpython-312.pyc	only original
.venv/Lib/site-packages/pygments/lexers/__pycache__/email.cpython-312.pyc	only original
.venv/Lib/site-packages/pygments/lexers/__pycache__/erlang.cpython-312.pyc	only original
.venv/Lib/site-packages/pygments/lexers/__pycache__/esoteric.cpython-312.pyc	only original
.venv/Lib/site-packages/pygments/lexers/__pycache__/ezhil.cpython-312.pyc	only original
.venv/Lib/site-packages/pygments/lexers/__pycache__/factor.cpython-312.pyc	only original
.venv/Lib/site-packages/pygments/lexers/__pycache__/fantom.cpython-312.pyc	only original
.venv/Lib/site-packages/pygments/lexers/__pycache__/felix.cpython-312.pyc	only original
.venv/Lib/site-packages/pygments/lexers/__pycache__/fift.cpython-312.pyc	only original
.venv/Lib/site-packages/pygments/lexers/__pycache__/floscript.cpython-312.pyc	only original
.venv/Lib/site-packages/pygments/lexers/__pycache__/forth.cpython-312.pyc	only original
.venv/Lib/site-packages/pygments/lexers/__pycache__/fortran.cpython-312.pyc	only original
.venv/Lib/site-packages/pygments/lexers/__pycache__/foxpro.cpython-312.pyc	only original
.venv/Lib/site-packages/pygments/lexers/__pycache__/freefem.cpython-312.pyc	only original
.venv/Lib/site-packages/pygments/lexers/__pycache__/func.cpython-312.pyc	only original
.venv/Lib/site-packages/pygments/lexers/__pycache__/functional.cpython-312.pyc	only original
.venv/Lib/site-packages/pygments/lexers/__pycache__/futhark.cpython-312.pyc	only original
.venv/Lib/site-packages/pygments/lexers/__pycache__/gcodelexer.cpython-312.pyc	only original
.venv/Lib/site-packages/pygments/lexers/__pycache__/gdscript.cpython-312.pyc	only original
.venv/Lib/site-packages/pygments/lexers/__pycache__/gleam.cpython-312.pyc	only original
.venv/Lib/site-packages/pygments/lexers/__pycache__/go.cpython-312.pyc	only original
.venv/Lib/site-packages/pygments/lexers/__pycache__/grammar_notation.cpython-312.pyc	only original
.venv/Lib/site-packages/pygments/lexers/__pycache__/graph.cpython-312.pyc	only original
.venv/Lib/site-packages/pygments/lexers/__pycache__/graphics.cpython-312.pyc	only original
.venv/Lib/site-packages/pygments/lexers/__pycache__/graphql.cpython-312.pyc	only original
.venv/Lib/site-packages/pygments/lexers/__pycache__/graphviz.cpython-312.pyc	only original
.venv/Lib/site-packages/pygments/lexers/__pycache__/gsql.cpython-312.pyc	only original
.venv/Lib/site-packages/pygments/lexers/__pycache__/hare.cpython-312.pyc	only original
.venv/Lib/site-packages/pygments/lexers/__pycache__/haskell.cpython-312.pyc	only original
.venv/Lib/site-packages/pygments/lexers/__pycache__/haxe.cpython-312.pyc	only original
.venv/Lib/site-packages/pygments/lexers/__pycache__/hdl.cpython-312.pyc	only original
.venv/Lib/site-packages/pygments/lexers/__pycache__/hexdump.cpython-312.pyc	only original
.venv/Lib/site-packages/pygments/lexers/__pycache__/html.cpython-312.pyc	only original
.venv/Lib/site-packages/pygments/lexers/__pycache__/idl.cpython-312.pyc	only original
.venv/Lib/site-packages/pygments/lexers/__pycache__/igor.cpython-312.pyc	only original
.venv/Lib/site-packages/pygments/lexers/__pycache__/inferno.cpython-312.pyc	only original
.venv/Lib/site-packages/pygments/lexers/__pycache__/installers.cpython-312.pyc	only original
.venv/Lib/site-packages/pygments/lexers/__pycache__/int_fiction.cpython-312.pyc	only original
.venv/Lib/site-packages/pygments/lexers/__pycache__/iolang.cpython-312.pyc	only original
.venv/Lib/site-packages/pygments/lexers/__pycache__/j.cpython-312.pyc	only original
.venv/Lib/site-packages/pygments/lexers/__pycache__/javascript.cpython-312.pyc	only original
.venv/Lib/site-packages/pygments/lexers/__pycache__/jmespath.cpython-312.pyc	only original
.venv/Lib/site-packages/pygments/lexers/__pycache__/jslt.cpython-312.pyc	only original
.venv/Lib/site-packages/pygments/lexers/__pycache__/json5.cpython-312.pyc	only original
.venv/Lib/site-packages/pygments/lexers/__pycache__/jsonnet.cpython-312.pyc	only original
.venv/Lib/site-packages/pygments/lexers/__pycache__/jsx.cpython-312.pyc	only original
.venv/Lib/site-packages/pygments/lexers/__pycache__/julia.cpython-312.pyc	only original
.venv/Lib/site-packages/pygments/lexers/__pycache__/jvm.cpython-312.pyc	only original
.venv/Lib/site-packages/pygments/lexers/__pycache__/kuin.cpython-312.pyc	only original
.venv/Lib/site-packages/pygments/lexers/__pycache__/kusto.cpython-312.pyc	only original
.venv/Lib/site-packages/pygments/lexers/__pycache__/ldap.cpython-312.pyc	only original
.venv/Lib/site-packages/pygments/lexers/__pycache__/lean.cpython-312.pyc	only original
.venv/Lib/site-packages/pygments/lexers/__pycache__/lilypond.cpython-312.pyc	only original
.venv/Lib/site-packages/pygments/lexers/__pycache__/lisp.cpython-312.pyc	only original
.venv/Lib/site-packages/pygments/lexers/__pycache__/macaulay2.cpython-312.pyc	only original
.venv/Lib/site-packages/pygments/lexers/__pycache__/make.cpython-312.pyc	only original
.venv/Lib/site-packages/pygments/lexers/__pycache__/maple.cpython-312.pyc	only original
.venv/Lib/site-packages/pygments/lexers/__pycache__/markup.cpython-312.pyc	only original
.venv/Lib/site-packages/pygments/lexers/__pycache__/math.cpython-312.pyc	only original
.venv/Lib/site-packages/pygments/lexers/__pycache__/matlab.cpython-312.pyc	only original
.venv/Lib/site-packages/pygments/lexers/__pycache__/maxima.cpython-312.pyc	only original
.venv/Lib/site-packages/pygments/lexers/__pycache__/meson.cpython-312.pyc	only original
.venv/Lib/site-packages/pygments/lexers/__pycache__/mime.cpython-312.pyc	only original
.venv/Lib/site-packages/pygments/lexers/__pycache__/minecraft.cpython-312.pyc	only original
.venv/Lib/site-packages/pygments/lexers/__pycache__/mips.cpython-312.pyc	only original
.venv/Lib/site-packages/pygments/lexers/__pycache__/ml.cpython-312.pyc	only original
.venv/Lib/site-packages/pygments/lexers/__pycache__/modeling.cpython-312.pyc	only original
.venv/Lib/site-packages/pygments/lexers/__pycache__/modula2.cpython-312.pyc	only original
.venv/Lib/site-packages/pygments/lexers/__pycache__/mojo.cpython-312.pyc	only original
.venv/Lib/site-packages/pygments/lexers/__pycache__/monte.cpython-312.pyc	only original
.venv/Lib/site-packages/pygments/lexers/__pycache__/mosel.cpython-312.pyc	only original
.venv/Lib/site-packages/pygments/lexers/__pycache__/ncl.cpython-312.pyc	only original
.venv/Lib/site-packages/pygments/lexers/__pycache__/nimrod.cpython-312.pyc	only original
.venv/Lib/site-packages/pygments/lexers/__pycache__/nit.cpython-312.pyc	only original
.venv/Lib/site-packages/pygments/lexers/__pycache__/nix.cpython-312.pyc	only original
.venv/Lib/site-packages/pygments/lexers/__pycache__/numbair.cpython-312.pyc	only original
.venv/Lib/site-packages/pygments/lexers/__pycache__/oberon.cpython-312.pyc	only original
.venv/Lib/site-packages/pygments/lexers/__pycache__/objective.cpython-312.pyc	only original
.venv/Lib/site-packages/pygments/lexers/__pycache__/ooc.cpython-312.pyc	only original
.venv/Lib/site-packages/pygments/lexers/__pycache__/openscad.cpython-312.pyc	only original
.venv/Lib/site-packages/pygments/lexers/__pycache__/other.cpython-312.pyc	only original
.venv/Lib/site-packages/pygments/lexers/__pycache__/parasail.cpython-312.pyc	only original
.venv/Lib/site-packages/pygments/lexers/__pycache__/parsers.cpython-312.pyc	only original
.venv/Lib/site-packages/pygments/lexers/__pycache__/pascal.cpython-312.pyc	only original
.venv/Lib/site-packages/pygments/lexers/__pycache__/pawn.cpython-312.pyc	only original
.venv/Lib/site-packages/pygments/lexers/__pycache__/pddl.cpython-312.pyc	only original
.venv/Lib/site-packages/pygments/lexers/__pycache__/perl.cpython-312.pyc	only original
.venv/Lib/site-packages/pygments/lexers/__pycache__/phix.cpython-312.pyc	only original
.venv/Lib/site-packages/pygments/lexers/__pycache__/php.cpython-312.pyc	only original
.venv/Lib/site-packages/pygments/lexers/__pycache__/pointless.cpython-312.pyc	only original
.venv/Lib/site-packages/pygments/lexers/__pycache__/pony.cpython-312.pyc	only original
.venv/Lib/site-packages/pygments/lexers/__pycache__/praat.cpython-312.pyc	only original
.venv/Lib/site-packages/pygments/lexers/__pycache__/procfile.cpython-312.pyc	only original
.venv/Lib/site-packages/pygments/lexers/__pycache__/prolog.cpython-312.pyc	only original
.venv/Lib/site-packages/pygments/lexers/__pycache__/promql.cpython-312.pyc	only original
.venv/Lib/site-packages/pygments/lexers/__pycache__/prql.cpython-312.pyc	only original
.venv/Lib/site-packages/pygments/lexers/__pycache__/ptx.cpython-312.pyc	only original
.venv/Lib/site-packages/pygments/lexers/__pycache__/purescript.cpython-312.pyc	only original
.venv/Lib/site-packages/pygments/lexers/__pycache__/python.cpython-312.pyc	only original
.venv/Lib/site-packages/pygments/lexers/__pycache__/q.cpython-312.pyc	only original
.venv/Lib/site-packages/pygments/lexers/__pycache__/qlik.cpython-312.pyc	only original
.venv/Lib/site-packages/pygments/lexers/__pycache__/qvt.cpython-312.pyc	only original
.venv/Lib/site-packages/pygments/lexers/__pycache__/r.cpython-312.pyc	only original
.venv/Lib/site-packages/pygments/lexers/__pycache__/rdf.cpython-312.pyc	only original
.venv/Lib/site-packages/pygments/lexers/__pycache__/rebol.cpython-312.pyc	only original
.venv/Lib/site-packages/pygments/lexers/__pycache__/rego.cpython-312.pyc	only original
.venv/Lib/site-packages/pygments/lexers/__pycache__/rell.cpython-312.pyc	only original
.venv/Lib/site-packages/pygments/lexers/__pycache__/resource.cpython-312.pyc	only original
.venv/Lib/site-packages/pygments/lexers/__pycache__/ride.cpython-312.pyc	only original
.venv/Lib/site-packages/pygments/lexers/__pycache__/rita.cpython-312.pyc	only original
.venv/Lib/site-packages/pygments/lexers/__pycache__/rnc.cpython-312.pyc	only original
.venv/Lib/site-packages/pygments/lexers/__pycache__/roboconf.cpython-312.pyc	only original
.venv/Lib/site-packages/pygments/lexers/__pycache__/robotframework.cpython-312.pyc	only original
.venv/Lib/site-packages/pygments/lexers/__pycache__/ruby.cpython-312.pyc	only original
.venv/Lib/site-packages/pygments/lexers/__pycache__/rust.cpython-312.pyc	only original
.venv/Lib/site-packages/pygments/lexers/__pycache__/sas.cpython-312.pyc	only original
.venv/Lib/site-packages/pygments/lexers/__pycache__/savi.cpython-312.pyc	only original
.venv/Lib/site-packages/pygments/lexers/__pycache__/scdoc.cpython-312.pyc	only original
.venv/Lib/site-packages/pygments/lexers/__pycache__/scripting.cpython-312.pyc	only original
.venv/Lib/site-packages/pygments/lexers/__pycache__/sgf.cpython-312.pyc	only original
.venv/Lib/site-packages/pygments/lexers/__pycache__/shell.cpython-312.pyc	only original
.venv/Lib/site-packages/pygments/lexers/__pycache__/sieve.cpython-312.pyc	only original
.venv/Lib/site-packages/pygments/lexers/__pycache__/slash.cpython-312.pyc	only original
.venv/Lib/site-packages/pygments/lexers/__pycache__/smalltalk.cpython-312.pyc	only original
.venv/Lib/site-packages/pygments/lexers/__pycache__/smithy.cpython-312.pyc	only original
.venv/Lib/site-packages/pygments/lexers/__pycache__/smv.cpython-312.pyc	only original
.venv/Lib/site-packages/pygments/lexers/__pycache__/snobol.cpython-312.pyc	only original
.venv/Lib/site-packages/pygments/lexers/__pycache__/solidity.cpython-312.pyc	only original
.venv/Lib/site-packages/pygments/lexers/__pycache__/soong.cpython-312.pyc	only original
.venv/Lib/site-packages/pygments/lexers/__pycache__/sophia.cpython-312.pyc	only original
.venv/Lib/site-packages/pygments/lexers/__pycache__/special.cpython-312.pyc	only original
.venv/Lib/site-packages/pygments/lexers/__pycache__/spice.cpython-312.pyc	only original
.venv/Lib/site-packages/pygments/lexers/__pycache__/sql.cpython-312.pyc	only original
.venv/Lib/site-packages/pygments/lexers/__pycache__/srcinfo.cpython-312.pyc	only original
.venv/Lib/site-packages/pygments/lexers/__pycache__/stata.cpython-312.pyc	only original
.venv/Lib/site-packages/pygments/lexers/__pycache__/supercollider.cpython-312.pyc	only original
.venv/Lib/site-packages/pygments/lexers/__pycache__/tablegen.cpython-312.pyc	only original
.venv/Lib/site-packages/pygments/lexers/__pycache__/tact.cpython-312.pyc	only original
.venv/Lib/site-packages/pygments/lexers/__pycache__/tal.cpython-312.pyc	only original
.venv/Lib/site-packages/pygments/lexers/__pycache__/tcl.cpython-312.pyc	only original
.venv/Lib/site-packages/pygments/lexers/__pycache__/teal.cpython-312.pyc	only original
.venv/Lib/site-packages/pygments/lexers/__pycache__/templates.cpython-312.pyc	only original
.venv/Lib/site-packages/pygments/lexers/__pycache__/teraterm.cpython-312.pyc	only original
.venv/Lib/site-packages/pygments/lexers/__pycache__/testing.cpython-312.pyc	only original
.venv/Lib/site-packages/pygments/lexers/__pycache__/text.cpython-312.pyc	only original
.venv/Lib/site-packages/pygments/lexers/__pycache__/textedit.cpython-312.pyc	only original
.venv/Lib/site-packages/pygments/lexers/__pycache__/textfmts.cpython-312.pyc	only original
.venv/Lib/site-packages/pygments/lexers/__pycache__/theorem.cpython-312.pyc	only original
.venv/Lib/site-packages/pygments/lexers/__pycache__/thingsdb.cpython-312.pyc	only original
.venv/Lib/site-packages/pygments/lexers/__pycache__/tlb.cpython-312.pyc	only original
.venv/Lib/site-packages/pygments/lexers/__pycache__/tls.cpython-312.pyc	only original
.venv/Lib/site-packages/pygments/lexers/__pycache__/tnt.cpython-312.pyc	only original
.venv/Lib/site-packages/pygments/lexers/__pycache__/trafficscript.cpython-312.pyc	only original
.venv/Lib/site-packages/pygments/lexers/__pycache__/typoscript.cpython-312.pyc	only original
.venv/Lib/site-packages/pygments/lexers/__pycache__/typst.cpython-312.pyc	only original
.venv/Lib/site-packages/pygments/lexers/__pycache__/ul4.cpython-312.pyc	only original
.venv/Lib/site-packages/pygments/lexers/__pycache__/unicon.cpython-312.pyc	only original
.venv/Lib/site-packages/pygments/lexers/__pycache__/urbi.cpython-312.pyc	only original
.venv/Lib/site-packages/pygments/lexers/__pycache__/usd.cpython-312.pyc	only original
.venv/Lib/site-packages/pygments/lexers/__pycache__/varnish.cpython-312.pyc	only original
.venv/Lib/site-packages/pygments/lexers/__pycache__/verification.cpython-312.pyc	only original
.venv/Lib/site-packages/pygments/lexers/__pycache__/verifpal.cpython-312.pyc	only original
.venv/Lib/site-packages/pygments/lexers/__pycache__/vip.cpython-312.pyc	only original
.venv/Lib/site-packages/pygments/lexers/__pycache__/vyper.cpython-312.pyc	only original
.venv/Lib/site-packages/pygments/lexers/__pycache__/web.cpython-312.pyc	only original
.venv/Lib/site-packages/pygments/lexers/__pycache__/webassembly.cpython-312.pyc	only original
.venv/Lib/site-packages/pygments/lexers/__pycache__/webidl.cpython-312.pyc	only original
.venv/Lib/site-packages/pygments/lexers/__pycache__/webmisc.cpython-312.pyc	only original
.venv/Lib/site-packages/pygments/lexers/__pycache__/wgsl.cpython-312.pyc	only original
.venv/Lib/site-packages/pygments/lexers/__pycache__/whiley.cpython-312.pyc	only original
.venv/Lib/site-packages/pygments/lexers/__pycache__/wowtoc.cpython-312.pyc	only original
.venv/Lib/site-packages/pygments/lexers/__pycache__/wren.cpython-312.pyc	only original
.venv/Lib/site-packages/pygments/lexers/__pycache__/x10.cpython-312.pyc	only original
.venv/Lib/site-packages/pygments/lexers/__pycache__/xorg.cpython-312.pyc	only original
.venv/Lib/site-packages/pygments/lexers/__pycache__/yang.cpython-312.pyc	only original
.venv/Lib/site-packages/pygments/lexers/__pycache__/yara.cpython-312.pyc	only original
.venv/Lib/site-packages/pygments/lexers/__pycache__/zig.cpython-312.pyc	only original
.venv/Lib/site-packages/pygments/lexers/_ada_builtins.py	only original
.venv/Lib/site-packages/pygments/lexers/_asy_builtins.py	only original
.venv/Lib/site-packages/pygments/lexers/_cl_builtins.py	only original
.venv/Lib/site-packages/pygments/lexers/_cocoa_builtins.py	only original
.venv/Lib/site-packages/pygments/lexers/_csound_builtins.py	only original
.venv/Lib/site-packages/pygments/lexers/_css_builtins.py	only original
.venv/Lib/site-packages/pygments/lexers/_googlesql_builtins.py	only original
.venv/Lib/site-packages/pygments/lexers/_julia_builtins.py	only original
.venv/Lib/site-packages/pygments/lexers/_lasso_builtins.py	only original
.venv/Lib/site-packages/pygments/lexers/_lilypond_builtins.py	only original
.venv/Lib/site-packages/pygments/lexers/_lua_builtins.py	only original
.venv/Lib/site-packages/pygments/lexers/_luau_builtins.py	only original
.venv/Lib/site-packages/pygments/lexers/_mapping.py	only original
.venv/Lib/site-packages/pygments/lexers/_mql_builtins.py	only original
.venv/Lib/site-packages/pygments/lexers/_mysql_builtins.py	only original
.venv/Lib/site-packages/pygments/lexers/_openedge_builtins.py	only original
.venv/Lib/site-packages/pygments/lexers/_php_builtins.py	only original
.venv/Lib/site-packages/pygments/lexers/_postgres_builtins.py	only original
.venv/Lib/site-packages/pygments/lexers/_qlik_builtins.py	only original
.venv/Lib/site-packages/pygments/lexers/_scheme_builtins.py	only original
.venv/Lib/site-packages/pygments/lexers/_scilab_builtins.py	only original
.venv/Lib/site-packages/pygments/lexers/_sourcemod_builtins.py	only original
.venv/Lib/site-packages/pygments/lexers/_sql_builtins.py	only original
.venv/Lib/site-packages/pygments/lexers/_stan_builtins.py	only original
.venv/Lib/site-packages/pygments/lexers/_stata_builtins.py	only original
.venv/Lib/site-packages/pygments/lexers/_tsql_builtins.py	only original
.venv/Lib/site-packages/pygments/lexers/_usd_builtins.py	only original
.venv/Lib/site-packages/pygments/lexers/_vbscript_builtins.py	only original
.venv/Lib/site-packages/pygments/lexers/_vim_builtins.py	only original
.venv/Lib/site-packages/pygments/lexers/actionscript.py	only original
.venv/Lib/site-packages/pygments/lexers/ada.py	only original
.venv/Lib/site-packages/pygments/lexers/agile.py	only original
.venv/Lib/site-packages/pygments/lexers/algebra.py	only original
.venv/Lib/site-packages/pygments/lexers/ambient.py	only original
.venv/Lib/site-packages/pygments/lexers/amdgpu.py	only original
.venv/Lib/site-packages/pygments/lexers/ampl.py	only original
.venv/Lib/site-packages/pygments/lexers/apdlexer.py	only original
.venv/Lib/site-packages/pygments/lexers/apl.py	only original
.venv/Lib/site-packages/pygments/lexers/archetype.py	only original
.venv/Lib/site-packages/pygments/lexers/arrow.py	only original
.venv/Lib/site-packages/pygments/lexers/arturo.py	only original
.venv/Lib/site-packages/pygments/lexers/asc.py	only original
.venv/Lib/site-packages/pygments/lexers/asm.py	only original
.venv/Lib/site-packages/pygments/lexers/asn1.py	only original
.venv/Lib/site-packages/pygments/lexers/automation.py	only original
.venv/Lib/site-packages/pygments/lexers/bare.py	only original
.venv/Lib/site-packages/pygments/lexers/basic.py	only original
.venv/Lib/site-packages/pygments/lexers/bdd.py	only original
.venv/Lib/site-packages/pygments/lexers/berry.py	only original
.venv/Lib/site-packages/pygments/lexers/bibtex.py	only original
.venv/Lib/site-packages/pygments/lexers/bitbake.py	only original
.venv/Lib/site-packages/pygments/lexers/blueprint.py	only original
.venv/Lib/site-packages/pygments/lexers/boa.py	only original
.venv/Lib/site-packages/pygments/lexers/bqn.py	only original
.venv/Lib/site-packages/pygments/lexers/business.py	only original
.venv/Lib/site-packages/pygments/lexers/c_cpp.py	only original
.venv/Lib/site-packages/pygments/lexers/c_like.py	only original
.venv/Lib/site-packages/pygments/lexers/capnproto.py	only original
.venv/Lib/site-packages/pygments/lexers/carbon.py	only original
.venv/Lib/site-packages/pygments/lexers/cddl.py	only original
.venv/Lib/site-packages/pygments/lexers/cel.py	only original
.venv/Lib/site-packages/pygments/lexers/chapel.py	only original
.venv/Lib/site-packages/pygments/lexers/clean.py	only original
.venv/Lib/site-packages/pygments/lexers/codeql.py	only original
.venv/Lib/site-packages/pygments/lexers/comal.py	only original
.venv/Lib/site-packages/pygments/lexers/compiled.py	only original
.venv/Lib/site-packages/pygments/lexers/configs.py	only original
.venv/Lib/site-packages/pygments/lexers/console.py	only original
.venv/Lib/site-packages/pygments/lexers/cplint.py	only original
.venv/Lib/site-packages/pygments/lexers/crystal.py	only original
.venv/Lib/site-packages/pygments/lexers/csound.py	only original
.venv/Lib/site-packages/pygments/lexers/css.py	only original
.venv/Lib/site-packages/pygments/lexers/d.py	only original
.venv/Lib/site-packages/pygments/lexers/dalvik.py	only original
.venv/Lib/site-packages/pygments/lexers/data.py	only original
.venv/Lib/site-packages/pygments/lexers/dax.py	only original
.venv/Lib/site-packages/pygments/lexers/devicetree.py	only original
.venv/Lib/site-packages/pygments/lexers/diff.py	only original
.venv/Lib/site-packages/pygments/lexers/dns.py	only original
.venv/Lib/site-packages/pygments/lexers/dotnet.py	only original
.venv/Lib/site-packages/pygments/lexers/dsls.py	only original
.venv/Lib/site-packages/pygments/lexers/dylan.py	only original
.venv/Lib/site-packages/pygments/lexers/ecl.py	only original
.venv/Lib/site-packages/pygments/lexers/eiffel.py	only original
.venv/Lib/site-packages/pygments/lexers/elm.py	only original
.venv/Lib/site-packages/pygments/lexers/elpi.py	only original
.venv/Lib/site-packages/pygments/lexers/email.py	only original
.venv/Lib/site-packages/pygments/lexers/erlang.py	only original
.venv/Lib/site-packages/pygments/lexers/esoteric.py	only original
.venv/Lib/site-packages/pygments/lexers/ezhil.py	only original
.venv/Lib/site-packages/pygments/lexers/factor.py	only original
.venv/Lib/site-packages/pygments/lexers/fantom.py	only original
.venv/Lib/site-packages/pygments/lexers/felix.py	only original
.venv/Lib/site-packages/pygments/lexers/fift.py	only original
.venv/Lib/site-packages/pygments/lexers/floscript.py	only original
.venv/Lib/site-packages/pygments/lexers/forth.py	only original
.venv/Lib/site-packages/pygments/lexers/fortran.py	only original
.venv/Lib/site-packages/pygments/lexers/foxpro.py	only original
.venv/Lib/site-packages/pygments/lexers/freefem.py	only original
.venv/Lib/site-packages/pygments/lexers/func.py	only original
.venv/Lib/site-packages/pygments/lexers/functional.py	only original
.venv/Lib/site-packages/pygments/lexers/futhark.py	only original
.venv/Lib/site-packages/pygments/lexers/gcodelexer.py	only original
.venv/Lib/site-packages/pygments/lexers/gdscript.py	only original
.venv/Lib/site-packages/pygments/lexers/gleam.py	only original
.venv/Lib/site-packages/pygments/lexers/go.py	only original
.venv/Lib/site-packages/pygments/lexers/grammar_notation.py	only original
.venv/Lib/site-packages/pygments/lexers/graph.py	only original
.venv/Lib/site-packages/pygments/lexers/graphics.py	only original
.venv/Lib/site-packages/pygments/lexers/graphql.py	only original
.venv/Lib/site-packages/pygments/lexers/graphviz.py	only original
.venv/Lib/site-packages/pygments/lexers/gsql.py	only original
.venv/Lib/site-packages/pygments/lexers/hare.py	only original
.venv/Lib/site-packages/pygments/lexers/haskell.py	only original
.venv/Lib/site-packages/pygments/lexers/haxe.py	only original
.venv/Lib/site-packages/pygments/lexers/hdl.py	only original
.venv/Lib/site-packages/pygments/lexers/hexdump.py	only original
.venv/Lib/site-packages/pygments/lexers/html.py	only original
.venv/Lib/site-packages/pygments/lexers/idl.py	only original
.venv/Lib/site-packages/pygments/lexers/igor.py	only original
.venv/Lib/site-packages/pygments/lexers/inferno.py	only original
.venv/Lib/site-packages/pygments/lexers/installers.py	only original
.venv/Lib/site-packages/pygments/lexers/int_fiction.py	only original
.venv/Lib/site-packages/pygments/lexers/iolang.py	only original
.venv/Lib/site-packages/pygments/lexers/j.py	only original
.venv/Lib/site-packages/pygments/lexers/javascript.py	only original
.venv/Lib/site-packages/pygments/lexers/jmespath.py	only original
.venv/Lib/site-packages/pygments/lexers/jslt.py	only original
.venv/Lib/site-packages/pygments/lexers/json5.py	only original
.venv/Lib/site-packages/pygments/lexers/jsonnet.py	only original
.venv/Lib/site-packages/pygments/lexers/jsx.py	only original
.venv/Lib/site-packages/pygments/lexers/julia.py	only original
.venv/Lib/site-packages/pygments/lexers/jvm.py	only original
.venv/Lib/site-packages/pygments/lexers/kuin.py	only original
.venv/Lib/site-packages/pygments/lexers/kusto.py	only original
.venv/Lib/site-packages/pygments/lexers/ldap.py	only original
.venv/Lib/site-packages/pygments/lexers/lean.py	only original
.venv/Lib/site-packages/pygments/lexers/lilypond.py	only original
.venv/Lib/site-packages/pygments/lexers/lisp.py	only original
.venv/Lib/site-packages/pygments/lexers/macaulay2.py	only original
.venv/Lib/site-packages/pygments/lexers/make.py	only original
.venv/Lib/site-packages/pygments/lexers/maple.py	only original
.venv/Lib/site-packages/pygments/lexers/markup.py	only original
.venv/Lib/site-packages/pygments/lexers/math.py	only original
.venv/Lib/site-packages/pygments/lexers/matlab.py	only original
.venv/Lib/site-packages/pygments/lexers/maxima.py	only original
.venv/Lib/site-packages/pygments/lexers/meson.py	only original
.venv/Lib/site-packages/pygments/lexers/mime.py	only original
.venv/Lib/site-packages/pygments/lexers/minecraft.py	only original
.venv/Lib/site-packages/pygments/lexers/mips.py	only original
.venv/Lib/site-packages/pygments/lexers/ml.py	only original
.venv/Lib/site-packages/pygments/lexers/modeling.py	only original
.venv/Lib/site-packages/pygments/lexers/modula2.py	only original
.venv/Lib/site-packages/pygments/lexers/mojo.py	only original
.venv/Lib/site-packages/pygments/lexers/monte.py	only original
.venv/Lib/site-packages/pygments/lexers/mosel.py	only original
.venv/Lib/site-packages/pygments/lexers/ncl.py	only original
.venv/Lib/site-packages/pygments/lexers/nimrod.py	only original
.venv/Lib/site-packages/pygments/lexers/nit.py	only original
.venv/Lib/site-packages/pygments/lexers/nix.py	only original
.venv/Lib/site-packages/pygments/lexers/numbair.py	only original
.venv/Lib/site-packages/pygments/lexers/oberon.py	only original
.venv/Lib/site-packages/pygments/lexers/objective.py	only original
.venv/Lib/site-packages/pygments/lexers/ooc.py	only original
.venv/Lib/site-packages/pygments/lexers/openscad.py	only original
.venv/Lib/site-packages/pygments/lexers/other.py	only original
.venv/Lib/site-packages/pygments/lexers/parasail.py	only original
.venv/Lib/site-packages/pygments/lexers/parsers.py	only original
.venv/Lib/site-packages/pygments/lexers/pascal.py	only original
.venv/Lib/site-packages/pygments/lexers/pawn.py	only original
.venv/Lib/site-packages/pygments/lexers/pddl.py	only original
.venv/Lib/site-packages/pygments/lexers/perl.py	only original
.venv/Lib/site-packages/pygments/lexers/phix.py	only original
.venv/Lib/site-packages/pygments/lexers/php.py	only original
.venv/Lib/site-packages/pygments/lexers/pointless.py	only original
.venv/Lib/site-packages/pygments/lexers/pony.py	only original
.venv/Lib/site-packages/pygments/lexers/praat.py	only original
.venv/Lib/site-packages/pygments/lexers/procfile.py	only original
.venv/Lib/site-packages/pygments/lexers/prolog.py	only original
.venv/Lib/site-packages/pygments/lexers/promql.py	only original
.venv/Lib/site-packages/pygments/lexers/prql.py	only original
.venv/Lib/site-packages/pygments/lexers/ptx.py	only original
.venv/Lib/site-packages/pygments/lexers/purescript.py	only original
.venv/Lib/site-packages/pygments/lexers/python.py	only original
.venv/Lib/site-packages/pygments/lexers/q.py	only original
.venv/Lib/site-packages/pygments/lexers/qlik.py	only original
.venv/Lib/site-packages/pygments/lexers/qvt.py	only original
.venv/Lib/site-packages/pygments/lexers/r.py	only original
.venv/Lib/site-packages/pygments/lexers/rdf.py	only original
.venv/Lib/site-packages/pygments/lexers/rebol.py	only original
.venv/Lib/site-packages/pygments/lexers/rego.py	only original
.venv/Lib/site-packages/pygments/lexers/rell.py	only original
.venv/Lib/site-packages/pygments/lexers/resource.py	only original
.venv/Lib/site-packages/pygments/lexers/ride.py	only original
.venv/Lib/site-packages/pygments/lexers/rita.py	only original
.venv/Lib/site-packages/pygments/lexers/rnc.py	only original
.venv/Lib/site-packages/pygments/lexers/roboconf.py	only original
.venv/Lib/site-packages/pygments/lexers/robotframework.py	only original
.venv/Lib/site-packages/pygments/lexers/ruby.py	only original
.venv/Lib/site-packages/pygments/lexers/rust.py	only original
.venv/Lib/site-packages/pygments/lexers/sas.py	only original
.venv/Lib/site-packages/pygments/lexers/savi.py	only original
.venv/Lib/site-packages/pygments/lexers/scdoc.py	only original
.venv/Lib/site-packages/pygments/lexers/scripting.py	only original
.venv/Lib/site-packages/pygments/lexers/sgf.py	only original
.venv/Lib/site-packages/pygments/lexers/shell.py	only original
.venv/Lib/site-packages/pygments/lexers/sieve.py	only original
.venv/Lib/site-packages/pygments/lexers/slash.py	only original
.venv/Lib/site-packages/pygments/lexers/smalltalk.py	only original
.venv/Lib/site-packages/pygments/lexers/smithy.py	only original
.venv/Lib/site-packages/pygments/lexers/smv.py	only original
.venv/Lib/site-packages/pygments/lexers/snobol.py	only original
.venv/Lib/site-packages/pygments/lexers/solidity.py	only original
.venv/Lib/site-packages/pygments/lexers/soong.py	only original
.venv/Lib/site-packages/pygments/lexers/sophia.py	only original
.venv/Lib/site-packages/pygments/lexers/special.py	only original
.venv/Lib/site-packages/pygments/lexers/spice.py	only original
.venv/Lib/site-packages/pygments/lexers/sql.py	only original
.venv/Lib/site-packages/pygments/lexers/srcinfo.py	only original
.venv/Lib/site-packages/pygments/lexers/stata.py	only original
.venv/Lib/site-packages/pygments/lexers/supercollider.py	only original
.venv/Lib/site-packages/pygments/lexers/tablegen.py	only original
.venv/Lib/site-packages/pygments/lexers/tact.py	only original
.venv/Lib/site-packages/pygments/lexers/tal.py	only original
.venv/Lib/site-packages/pygments/lexers/tcl.py	only original
.venv/Lib/site-packages/pygments/lexers/teal.py	only original
.venv/Lib/site-packages/pygments/lexers/templates.py	only original
.venv/Lib/site-packages/pygments/lexers/teraterm.py	only original
.venv/Lib/site-packages/pygments/lexers/testing.py	only original
.venv/Lib/site-packages/pygments/lexers/text.py	only original
.venv/Lib/site-packages/pygments/lexers/textedit.py	only original
.venv/Lib/site-packages/pygments/lexers/textfmts.py	only original
.venv/Lib/site-packages/pygments/lexers/theorem.py	only original
.venv/Lib/site-packages/pygments/lexers/thingsdb.py	only original
.venv/Lib/site-packages/pygments/lexers/tlb.py	only original
.venv/Lib/site-packages/pygments/lexers/tls.py	only original
.venv/Lib/site-packages/pygments/lexers/tnt.py	only original
.venv/Lib/site-packages/pygments/lexers/trafficscript.py	only original
.venv/Lib/site-packages/pygments/lexers/typoscript.py	only original
.venv/Lib/site-packages/pygments/lexers/typst.py	only original
.venv/Lib/site-packages/pygments/lexers/ul4.py	only original
.venv/Lib/site-packages/pygments/lexers/unicon.py	only original
.venv/Lib/site-packages/pygments/lexers/urbi.py	only original
.venv/Lib/site-packages/pygments/lexers/usd.py	only original
.venv/Lib/site-packages/pygments/lexers/varnish.py	only original
.venv/Lib/site-packages/pygments/lexers/verification.py	only original
.venv/Lib/site-packages/pygments/lexers/verifpal.py	only original
.venv/Lib/site-packages/pygments/lexers/vip.py	only original
.venv/Lib/site-packages/pygments/lexers/vyper.py	only original
.venv/Lib/site-packages/pygments/lexers/web.py	only original
.venv/Lib/site-packages/pygments/lexers/webassembly.py	only original
.venv/Lib/site-packages/pygments/lexers/webidl.py	only original
.venv/Lib/site-packages/pygments/lexers/webmisc.py	only original
.venv/Lib/site-packages/pygments/lexers/wgsl.py	only original
.venv/Lib/site-packages/pygments/lexers/whiley.py	only original
.venv/Lib/site-packages/pygments/lexers/wowtoc.py	only original
.venv/Lib/site-packages/pygments/lexers/wren.py	only original
.venv/Lib/site-packages/pygments/lexers/x10.py	only original
.venv/Lib/site-packages/pygments/lexers/xorg.py	only original
.venv/Lib/site-packages/pygments/lexers/yang.py	only original
.venv/Lib/site-packages/pygments/lexers/yara.py	only original
.venv/Lib/site-packages/pygments/lexers/zig.py	only original
.venv/Lib/site-packages/pygments/modeline.py	only original
.venv/Lib/site-packages/pygments/plugin.py	only original
.venv/Lib/site-packages/pygments/regexopt.py	only original
.venv/Lib/site-packages/pygments/scanner.py	only original
.venv/Lib/site-packages/pygments/sphinxext.py	only original
.venv/Lib/site-packages/pygments/style.py	only original
.venv/Lib/site-packages/pygments/styles/__init__.py	only original
.venv/Lib/site-packages/pygments/styles/__pycache__/__init__.cpython-312.pyc	only original
.venv/Lib/site-packages/pygments/styles/__pycache__/_mapping.cpython-312.pyc	only original
.venv/Lib/site-packages/pygments/styles/__pycache__/abap.cpython-312.pyc	only original
.venv/Lib/site-packages/pygments/styles/__pycache__/algol.cpython-312.pyc	only original
.venv/Lib/site-packages/pygments/styles/__pycache__/algol_nu.cpython-312.pyc	only original
.venv/Lib/site-packages/pygments/styles/__pycache__/arduino.cpython-312.pyc	only original
.venv/Lib/site-packages/pygments/styles/__pycache__/autumn.cpython-312.pyc	only original
.venv/Lib/site-packages/pygments/styles/__pycache__/borland.cpython-312.pyc	only original
.venv/Lib/site-packages/pygments/styles/__pycache__/bw.cpython-312.pyc	only original
.venv/Lib/site-packages/pygments/styles/__pycache__/coffee.cpython-312.pyc	only original
.venv/Lib/site-packages/pygments/styles/__pycache__/colorful.cpython-312.pyc	only original
.venv/Lib/site-packages/pygments/styles/__pycache__/default.cpython-312.pyc	only original
.venv/Lib/site-packages/pygments/styles/__pycache__/dracula.cpython-312.pyc	only original
.venv/Lib/site-packages/pygments/styles/__pycache__/emacs.cpython-312.pyc	only original
.venv/Lib/site-packages/pygments/styles/__pycache__/friendly.cpython-312.pyc	only original
.venv/Lib/site-packages/pygments/styles/__pycache__/friendly_grayscale.cpython-312.pyc	only original
.venv/Lib/site-packages/pygments/styles/__pycache__/fruity.cpython-312.pyc	only original
.venv/Lib/site-packages/pygments/styles/__pycache__/gh_dark.cpython-312.pyc	only original
.venv/Lib/site-packages/pygments/styles/__pycache__/gruvbox.cpython-312.pyc	only original
.venv/Lib/site-packages/pygments/styles/__pycache__/igor.cpython-312.pyc	only original
.venv/Lib/site-packages/pygments/styles/__pycache__/inkpot.cpython-312.pyc	only original
.venv/Lib/site-packages/pygments/styles/__pycache__/lightbulb.cpython-312.pyc	only original
.venv/Lib/site-packages/pygments/styles/__pycache__/lilypond.cpython-312.pyc	only original
.venv/Lib/site-packages/pygments/styles/__pycache__/lovelace.cpython-312.pyc	only original
.venv/Lib/site-packages/pygments/styles/__pycache__/manni.cpython-312.pyc	only original
.venv/Lib/site-packages/pygments/styles/__pycache__/material.cpython-312.pyc	only original
.venv/Lib/site-packages/pygments/styles/__pycache__/monokai.cpython-312.pyc	only original
.venv/Lib/site-packages/pygments/styles/__pycache__/murphy.cpython-312.pyc	only original
.venv/Lib/site-packages/pygments/styles/__pycache__/native.cpython-312.pyc	only original
.venv/Lib/site-packages/pygments/styles/__pycache__/night_owl.cpython-312.pyc	only original
.venv/Lib/site-packages/pygments/styles/__pycache__/nord.cpython-312.pyc	only original
.venv/Lib/site-packages/pygments/styles/__pycache__/onedark.cpython-312.pyc	only original
.venv/Lib/site-packages/pygments/styles/__pycache__/paraiso_dark.cpython-312.pyc	only original
.venv/Lib/site-packages/pygments/styles/__pycache__/paraiso_light.cpython-312.pyc	only original
.venv/Lib/site-packages/pygments/styles/__pycache__/pastie.cpython-312.pyc	only original
.venv/Lib/site-packages/pygments/styles/__pycache__/perldoc.cpython-312.pyc	only original
.venv/Lib/site-packages/pygments/styles/__pycache__/rainbow_dash.cpython-312.pyc	only original
.venv/Lib/site-packages/pygments/styles/__pycache__/rrt.cpython-312.pyc	only original
.venv/Lib/site-packages/pygments/styles/__pycache__/sas.cpython-312.pyc	only original
.venv/Lib/site-packages/pygments/styles/__pycache__/solarized.cpython-312.pyc	only original
.venv/Lib/site-packages/pygments/styles/__pycache__/staroffice.cpython-312.pyc	only original
.venv/Lib/site-packages/pygments/styles/__pycache__/stata_dark.cpython-312.pyc	only original
.venv/Lib/site-packages/pygments/styles/__pycache__/stata_light.cpython-312.pyc	only original
.venv/Lib/site-packages/pygments/styles/__pycache__/tango.cpython-312.pyc	only original
.venv/Lib/site-packages/pygments/styles/__pycache__/trac.cpython-312.pyc	only original
.venv/Lib/site-packages/pygments/styles/__pycache__/vim.cpython-312.pyc	only original
.venv/Lib/site-packages/pygments/styles/__pycache__/vs.cpython-312.pyc	only original
.venv/Lib/site-packages/pygments/styles/__pycache__/xcode.cpython-312.pyc	only original
.venv/Lib/site-packages/pygments/styles/__pycache__/zenburn.cpython-312.pyc	only original
.venv/Lib/site-packages/pygments/styles/_mapping.py	only original
.venv/Lib/site-packages/pygments/styles/abap.py	only original
.venv/Lib/site-packages/pygments/styles/algol.py	only original
.venv/Lib/site-packages/pygments/styles/algol_nu.py	only original
.venv/Lib/site-packages/pygments/styles/arduino.py	only original
.venv/Lib/site-packages/pygments/styles/autumn.py	only original
.venv/Lib/site-packages/pygments/styles/borland.py	only original
.venv/Lib/site-packages/pygments/styles/bw.py	only original
.venv/Lib/site-packages/pygments/styles/coffee.py	only original
.venv/Lib/site-packages/pygments/styles/colorful.py	only original
.venv/Lib/site-packages/pygments/styles/default.py	only original
.venv/Lib/site-packages/pygments/styles/dracula.py	only original
.venv/Lib/site-packages/pygments/styles/emacs.py	only original
.venv/Lib/site-packages/pygments/styles/friendly.py	only original
.venv/Lib/site-packages/pygments/styles/friendly_grayscale.py	only original
.venv/Lib/site-packages/pygments/styles/fruity.py	only original
.venv/Lib/site-packages/pygments/styles/gh_dark.py	only original
.venv/Lib/site-packages/pygments/styles/gruvbox.py	only original
.venv/Lib/site-packages/pygments/styles/igor.py	only original
.venv/Lib/site-packages/pygments/styles/inkpot.py	only original
.venv/Lib/site-packages/pygments/styles/lightbulb.py	only original
.venv/Lib/site-packages/pygments/styles/lilypond.py	only original
.venv/Lib/site-packages/pygments/styles/lovelace.py	only original
.venv/Lib/site-packages/pygments/styles/manni.py	only original
.venv/Lib/site-packages/pygments/styles/material.py	only original
.venv/Lib/site-packages/pygments/styles/monokai.py	only original
.venv/Lib/site-packages/pygments/styles/murphy.py	only original
.venv/Lib/site-packages/pygments/styles/native.py	only original
.venv/Lib/site-packages/pygments/styles/night_owl.py	only original
.venv/Lib/site-packages/pygments/styles/nord.py	only original
.venv/Lib/site-packages/pygments/styles/onedark.py	only original
.venv/Lib/site-packages/pygments/styles/paraiso_dark.py	only original
.venv/Lib/site-packages/pygments/styles/paraiso_light.py	only original
.venv/Lib/site-packages/pygments/styles/pastie.py	only original
.venv/Lib/site-packages/pygments/styles/perldoc.py	only original
.venv/Lib/site-packages/pygments/styles/rainbow_dash.py	only original
.venv/Lib/site-packages/pygments/styles/rrt.py	only original
.venv/Lib/site-packages/pygments/styles/sas.py	only original
.venv/Lib/site-packages/pygments/styles/solarized.py	only original
.venv/Lib/site-packages/pygments/styles/staroffice.py	only original
.venv/Lib/site-packages/pygments/styles/stata_dark.py	only original
.venv/Lib/site-packages/pygments/styles/stata_light.py	only original
.venv/Lib/site-packages/pygments/styles/tango.py	only original
.venv/Lib/site-packages/pygments/styles/trac.py	only original
.venv/Lib/site-packages/pygments/styles/vim.py	only original
.venv/Lib/site-packages/pygments/styles/vs.py	only original
.venv/Lib/site-packages/pygments/styles/xcode.py	only original
.venv/Lib/site-packages/pygments/styles/zenburn.py	only original
.venv/Lib/site-packages/pygments/token.py	only original
.venv/Lib/site-packages/pygments/unistring.py	only original
.venv/Lib/site-packages/pygments/util.py	only original
.venv/Lib/site-packages/pytest-8.4.2.dist-info/INSTALLER	only original
.venv/Lib/site-packages/pytest-8.4.2.dist-info/METADATA	only original
.venv/Lib/site-packages/pytest-8.4.2.dist-info/RECORD	only original
.venv/Lib/site-packages/pytest-8.4.2.dist-info/REQUESTED	only original
.venv/Lib/site-packages/pytest-8.4.2.dist-info/WHEEL	only original
.venv/Lib/site-packages/pytest-8.4.2.dist-info/entry_points.txt	only original
.venv/Lib/site-packages/pytest-8.4.2.dist-info/licenses/AUTHORS	only original
.venv/Lib/site-packages/pytest-8.4.2.dist-info/licenses/LICENSE	only original
.venv/Lib/site-packages/pytest-8.4.2.dist-info/top_level.txt	only original
.venv/Lib/site-packages/pytest/__init__.py	only original
.venv/Lib/site-packages/pytest/__main__.py	only original
.venv/Lib/site-packages/pytest/__pycache__/__init__.cpython-312.pyc	only original
.venv/Lib/site-packages/pytest/__pycache__/__main__.cpython-312.pyc	only original
.venv/Lib/site-packages/pytest/py.typed	only original
.venv/Lib/site-packages/python_dateutil-2.9.0.post0.dist-info/INSTALLER	only original
.venv/Lib/site-packages/python_dateutil-2.9.0.post0.dist-info/LICENSE	only original
.venv/Lib/site-packages/python_dateutil-2.9.0.post0.dist-info/METADATA	only original
.venv/Lib/site-packages/python_dateutil-2.9.0.post0.dist-info/RECORD	only original
.venv/Lib/site-packages/python_dateutil-2.9.0.post0.dist-info/WHEEL	only original
.venv/Lib/site-packages/python_dateutil-2.9.0.post0.dist-info/top_level.txt	only original
.venv/Lib/site-packages/python_dateutil-2.9.0.post0.dist-info/zip-safe	only original
.venv/Lib/site-packages/python_dotenv-1.2.3.dist-info/INSTALLER	only original
.venv/Lib/site-packages/python_dotenv-1.2.3.dist-info/METADATA	only original
.venv/Lib/site-packages/python_dotenv-1.2.3.dist-info/RECORD	only original
.venv/Lib/site-packages/python_dotenv-1.2.3.dist-info/WHEEL	only original
.venv/Lib/site-packages/python_dotenv-1.2.3.dist-info/entry_points.txt	only original
.venv/Lib/site-packages/python_dotenv-1.2.3.dist-info/licenses/LICENSE	only original
.venv/Lib/site-packages/python_dotenv-1.2.3.dist-info/top_level.txt	only original
.venv/Lib/site-packages/python_multipart-0.0.20.dist-info/INSTALLER	only original
.venv/Lib/site-packages/python_multipart-0.0.20.dist-info/METADATA	only original
.venv/Lib/site-packages/python_multipart-0.0.20.dist-info/RECORD	only original
.venv/Lib/site-packages/python_multipart-0.0.20.dist-info/REQUESTED	only original
.venv/Lib/site-packages/python_multipart-0.0.20.dist-info/WHEEL	only original
.venv/Lib/site-packages/python_multipart-0.0.20.dist-info/licenses/LICENSE.txt	only original
.venv/Lib/site-packages/python_multipart/__init__.py	only original
.venv/Lib/site-packages/python_multipart/__pycache__/__init__.cpython-312.pyc	only original
.venv/Lib/site-packages/python_multipart/__pycache__/decoders.cpython-312.pyc	only original
.venv/Lib/site-packages/python_multipart/__pycache__/exceptions.cpython-312.pyc	only original
.venv/Lib/site-packages/python_multipart/__pycache__/multipart.cpython-312.pyc	only original
.venv/Lib/site-packages/python_multipart/decoders.py	only original
.venv/Lib/site-packages/python_multipart/exceptions.py	only original
.venv/Lib/site-packages/python_multipart/multipart.py	only original
.venv/Lib/site-packages/python_multipart/py.typed	only original
.venv/Lib/site-packages/pytz-2026.3.post1.dist-info/INSTALLER	only original
.venv/Lib/site-packages/pytz-2026.3.post1.dist-info/LICENSE.txt	only original
.venv/Lib/site-packages/pytz-2026.3.post1.dist-info/METADATA	only original
.venv/Lib/site-packages/pytz-2026.3.post1.dist-info/RECORD	only original
.venv/Lib/site-packages/pytz-2026.3.post1.dist-info/WHEEL	only original
.venv/Lib/site-packages/pytz-2026.3.post1.dist-info/top_level.txt	only original
.venv/Lib/site-packages/pytz-2026.3.post1.dist-info/zip-safe	only original
.venv/Lib/site-packages/pytz/__init__.py	only original
.venv/Lib/site-packages/pytz/__pycache__/__init__.cpython-312.pyc	only original
.venv/Lib/site-packages/pytz/__pycache__/exceptions.cpython-312.pyc	only original
.venv/Lib/site-packages/pytz/__pycache__/lazy.cpython-312.pyc	only original
.venv/Lib/site-packages/pytz/__pycache__/reference.cpython-312.pyc	only original
.venv/Lib/site-packages/pytz/__pycache__/tzfile.cpython-312.pyc	only original
.venv/Lib/site-packages/pytz/__pycache__/tzinfo.cpython-312.pyc	only original
.venv/Lib/site-packages/pytz/exceptions.py	only original
.venv/Lib/site-packages/pytz/lazy.py	only original
.venv/Lib/site-packages/pytz/reference.py	only original
.venv/Lib/site-packages/pytz/tzfile.py	only original
.venv/Lib/site-packages/pytz/tzinfo.py	only original
.venv/Lib/site-packages/pytz/zoneinfo/Africa/Abidjan	only original
.venv/Lib/site-packages/pytz/zoneinfo/Africa/Accra	only original
.venv/Lib/site-packages/pytz/zoneinfo/Africa/Addis_Ababa	only original
.venv/Lib/site-packages/pytz/zoneinfo/Africa/Algiers	only original
.venv/Lib/site-packages/pytz/zoneinfo/Africa/Asmara	only original
.venv/Lib/site-packages/pytz/zoneinfo/Africa/Asmera	only original
.venv/Lib/site-packages/pytz/zoneinfo/Africa/Bamako	only original
.venv/Lib/site-packages/pytz/zoneinfo/Africa/Bangui	only original
.venv/Lib/site-packages/pytz/zoneinfo/Africa/Banjul	only original
.venv/Lib/site-packages/pytz/zoneinfo/Africa/Bissau	only original
.venv/Lib/site-packages/pytz/zoneinfo/Africa/Blantyre	only original
.venv/Lib/site-packages/pytz/zoneinfo/Africa/Brazzaville	only original
.venv/Lib/site-packages/pytz/zoneinfo/Africa/Bujumbura	only original
.venv/Lib/site-packages/pytz/zoneinfo/Africa/Cairo	only original
.venv/Lib/site-packages/pytz/zoneinfo/Africa/Casablanca	only original
.venv/Lib/site-packages/pytz/zoneinfo/Africa/Ceuta	only original
.venv/Lib/site-packages/pytz/zoneinfo/Africa/Conakry	only original
.venv/Lib/site-packages/pytz/zoneinfo/Africa/Dakar	only original
.venv/Lib/site-packages/pytz/zoneinfo/Africa/Dar_es_Salaam	only original
.venv/Lib/site-packages/pytz/zoneinfo/Africa/Djibouti	only original
.venv/Lib/site-packages/pytz/zoneinfo/Africa/Douala	only original
.venv/Lib/site-packages/pytz/zoneinfo/Africa/El_Aaiun	only original
.venv/Lib/site-packages/pytz/zoneinfo/Africa/Freetown	only original
.venv/Lib/site-packages/pytz/zoneinfo/Africa/Gaborone	only original
.venv/Lib/site-packages/pytz/zoneinfo/Africa/Harare	only original
.venv/Lib/site-packages/pytz/zoneinfo/Africa/Johannesburg	only original
.venv/Lib/site-packages/pytz/zoneinfo/Africa/Juba	only original
.venv/Lib/site-packages/pytz/zoneinfo/Africa/Kampala	only original
.venv/Lib/site-packages/pytz/zoneinfo/Africa/Khartoum	only original
.venv/Lib/site-packages/pytz/zoneinfo/Africa/Kigali	only original
.venv/Lib/site-packages/pytz/zoneinfo/Africa/Kinshasa	only original
.venv/Lib/site-packages/pytz/zoneinfo/Africa/Lagos	only original
.venv/Lib/site-packages/pytz/zoneinfo/Africa/Libreville	only original
.venv/Lib/site-packages/pytz/zoneinfo/Africa/Lome	only original
.venv/Lib/site-packages/pytz/zoneinfo/Africa/Luanda	only original
.venv/Lib/site-packages/pytz/zoneinfo/Africa/Lubumbashi	only original
.venv/Lib/site-packages/pytz/zoneinfo/Africa/Lusaka	only original
.venv/Lib/site-packages/pytz/zoneinfo/Africa/Malabo	only original
.venv/Lib/site-packages/pytz/zoneinfo/Africa/Maputo	only original
.venv/Lib/site-packages/pytz/zoneinfo/Africa/Maseru	only original
.venv/Lib/site-packages/pytz/zoneinfo/Africa/Mbabane	only original
.venv/Lib/site-packages/pytz/zoneinfo/Africa/Mogadishu	only original
.venv/Lib/site-packages/pytz/zoneinfo/Africa/Monrovia	only original
.venv/Lib/site-packages/pytz/zoneinfo/Africa/Nairobi	only original
.venv/Lib/site-packages/pytz/zoneinfo/Africa/Ndjamena	only original
.venv/Lib/site-packages/pytz/zoneinfo/Africa/Niamey	only original
.venv/Lib/site-packages/pytz/zoneinfo/Africa/Nouakchott	only original
.venv/Lib/site-packages/pytz/zoneinfo/Africa/Ouagadougou	only original
.venv/Lib/site-packages/pytz/zoneinfo/Africa/Porto-Novo	only original
.venv/Lib/site-packages/pytz/zoneinfo/Africa/Sao_Tome	only original
.venv/Lib/site-packages/pytz/zoneinfo/Africa/Timbuktu	only original
.venv/Lib/site-packages/pytz/zoneinfo/Africa/Tripoli	only original
.venv/Lib/site-packages/pytz/zoneinfo/Africa/Tunis	only original
.venv/Lib/site-packages/pytz/zoneinfo/Africa/Windhoek	only original
.venv/Lib/site-packages/pytz/zoneinfo/America/Adak	only original
.venv/Lib/site-packages/pytz/zoneinfo/America/Anchorage	only original
.venv/Lib/site-packages/pytz/zoneinfo/America/Anguilla	only original
.venv/Lib/site-packages/pytz/zoneinfo/America/Antigua	only original
.venv/Lib/site-packages/pytz/zoneinfo/America/Araguaina	only original
.venv/Lib/site-packages/pytz/zoneinfo/America/Argentina/Buenos_Aires	only original
.venv/Lib/site-packages/pytz/zoneinfo/America/Argentina/Catamarca	only original
.venv/Lib/site-packages/pytz/zoneinfo/America/Argentina/ComodRivadavia	only original
.venv/Lib/site-packages/pytz/zoneinfo/America/Argentina/Cordoba	only original
.venv/Lib/site-packages/pytz/zoneinfo/America/Argentina/Jujuy	only original
.venv/Lib/site-packages/pytz/zoneinfo/America/Argentina/La_Rioja	only original
.venv/Lib/site-packages/pytz/zoneinfo/America/Argentina/Mendoza	only original
.venv/Lib/site-packages/pytz/zoneinfo/America/Argentina/Rio_Gallegos	only original
.venv/Lib/site-packages/pytz/zoneinfo/America/Argentina/Salta	only original
.venv/Lib/site-packages/pytz/zoneinfo/America/Argentina/San_Juan	only original
.venv/Lib/site-packages/pytz/zoneinfo/America/Argentina/San_Luis	only original
.venv/Lib/site-packages/pytz/zoneinfo/America/Argentina/Tucuman	only original
.venv/Lib/site-packages/pytz/zoneinfo/America/Argentina/Ushuaia	only original
.venv/Lib/site-packages/pytz/zoneinfo/America/Aruba	only original
.venv/Lib/site-packages/pytz/zoneinfo/America/Asuncion	only original
.venv/Lib/site-packages/pytz/zoneinfo/America/Atikokan	only original
.venv/Lib/site-packages/pytz/zoneinfo/America/Atka	only original
.venv/Lib/site-packages/pytz/zoneinfo/America/Bahia	only original
.venv/Lib/site-packages/pytz/zoneinfo/America/Bahia_Banderas	only original
.venv/Lib/site-packages/pytz/zoneinfo/America/Barbados	only original
.venv/Lib/site-packages/pytz/zoneinfo/America/Belem	only original
.venv/Lib/site-packages/pytz/zoneinfo/America/Belize	only original
.venv/Lib/site-packages/pytz/zoneinfo/America/Blanc-Sablon	only original
.venv/Lib/site-packages/pytz/zoneinfo/America/Boa_Vista	only original
.venv/Lib/site-packages/pytz/zoneinfo/America/Bogota	only original
.venv/Lib/site-packages/pytz/zoneinfo/America/Boise	only original
.venv/Lib/site-packages/pytz/zoneinfo/America/Buenos_Aires	only original
.venv/Lib/site-packages/pytz/zoneinfo/America/Cambridge_Bay	only original
.venv/Lib/site-packages/pytz/zoneinfo/America/Campo_Grande	only original
.venv/Lib/site-packages/pytz/zoneinfo/America/Cancun	only original
.venv/Lib/site-packages/pytz/zoneinfo/America/Caracas	only original
.venv/Lib/site-packages/pytz/zoneinfo/America/Catamarca	only original
.venv/Lib/site-packages/pytz/zoneinfo/America/Cayenne	only original
.venv/Lib/site-packages/pytz/zoneinfo/America/Cayman	only original
.venv/Lib/site-packages/pytz/zoneinfo/America/Chicago	only original
.venv/Lib/site-packages/pytz/zoneinfo/America/Chihuahua	only original
.venv/Lib/site-packages/pytz/zoneinfo/America/Ciudad_Juarez	only original
.venv/Lib/site-packages/pytz/zoneinfo/America/Coral_Harbour	only original
.venv/Lib/site-packages/pytz/zoneinfo/America/Cordoba	only original
.venv/Lib/site-packages/pytz/zoneinfo/America/Costa_Rica	only original
.venv/Lib/site-packages/pytz/zoneinfo/America/Coyhaique	only original
.venv/Lib/site-packages/pytz/zoneinfo/America/Creston	only original
.venv/Lib/site-packages/pytz/zoneinfo/America/Cuiaba	only original
.venv/Lib/site-packages/pytz/zoneinfo/America/Curacao	only original
.venv/Lib/site-packages/pytz/zoneinfo/America/Danmarkshavn	only original
.venv/Lib/site-packages/pytz/zoneinfo/America/Dawson	only original
.venv/Lib/site-packages/pytz/zoneinfo/America/Dawson_Creek	only original
.venv/Lib/site-packages/pytz/zoneinfo/America/Denver	only original
.venv/Lib/site-packages/pytz/zoneinfo/America/Detroit	only original
.venv/Lib/site-packages/pytz/zoneinfo/America/Dominica	only original
.venv/Lib/site-packages/pytz/zoneinfo/America/Edmonton	only original
.venv/Lib/site-packages/pytz/zoneinfo/America/Eirunepe	only original
.venv/Lib/site-packages/pytz/zoneinfo/America/El_Salvador	only original
.venv/Lib/site-packages/pytz/zoneinfo/America/Ensenada	only original
.venv/Lib/site-packages/pytz/zoneinfo/America/Fort_Nelson	only original
.venv/Lib/site-packages/pytz/zoneinfo/America/Fort_Wayne	only original
.venv/Lib/site-packages/pytz/zoneinfo/America/Fortaleza	only original
.venv/Lib/site-packages/pytz/zoneinfo/America/Glace_Bay	only original
.venv/Lib/site-packages/pytz/zoneinfo/America/Godthab	only original
.venv/Lib/site-packages/pytz/zoneinfo/America/Goose_Bay	only original
.venv/Lib/site-packages/pytz/zoneinfo/America/Grand_Turk	only original
.venv/Lib/site-packages/pytz/zoneinfo/America/Grenada	only original
.venv/Lib/site-packages/pytz/zoneinfo/America/Guadeloupe	only original
.venv/Lib/site-packages/pytz/zoneinfo/America/Guatemala	only original
.venv/Lib/site-packages/pytz/zoneinfo/America/Guayaquil	only original
.venv/Lib/site-packages/pytz/zoneinfo/America/Guyana	only original
.venv/Lib/site-packages/pytz/zoneinfo/America/Halifax	only original
.venv/Lib/site-packages/pytz/zoneinfo/America/Havana	only original
.venv/Lib/site-packages/pytz/zoneinfo/America/Hermosillo	only original
.venv/Lib/site-packages/pytz/zoneinfo/America/Indiana/Indianapolis	only original
.venv/Lib/site-packages/pytz/zoneinfo/America/Indiana/Knox	only original
.venv/Lib/site-packages/pytz/zoneinfo/America/Indiana/Marengo	only original
.venv/Lib/site-packages/pytz/zoneinfo/America/Indiana/Petersburg	only original
.venv/Lib/site-packages/pytz/zoneinfo/America/Indiana/Tell_City	only original
.venv/Lib/site-packages/pytz/zoneinfo/America/Indiana/Vevay	only original
.venv/Lib/site-packages/pytz/zoneinfo/America/Indiana/Vincennes	only original
.venv/Lib/site-packages/pytz/zoneinfo/America/Indiana/Winamac	only original
.venv/Lib/site-packages/pytz/zoneinfo/America/Indianapolis	only original
.venv/Lib/site-packages/pytz/zoneinfo/America/Inuvik	only original
.venv/Lib/site-packages/pytz/zoneinfo/America/Iqaluit	only original
.venv/Lib/site-packages/pytz/zoneinfo/America/Jamaica	only original
.venv/Lib/site-packages/pytz/zoneinfo/America/Jujuy	only original
.venv/Lib/site-packages/pytz/zoneinfo/America/Juneau	only original
.venv/Lib/site-packages/pytz/zoneinfo/America/Kentucky/Louisville	only original
.venv/Lib/site-packages/pytz/zoneinfo/America/Kentucky/Monticello	only original
.venv/Lib/site-packages/pytz/zoneinfo/America/Knox_IN	only original
.venv/Lib/site-packages/pytz/zoneinfo/America/Kralendijk	only original
.venv/Lib/site-packages/pytz/zoneinfo/America/La_Paz	only original
.venv/Lib/site-packages/pytz/zoneinfo/America/Lima	only original
.venv/Lib/site-packages/pytz/zoneinfo/America/Los_Angeles	only original
.venv/Lib/site-packages/pytz/zoneinfo/America/Louisville	only original
.venv/Lib/site-packages/pytz/zoneinfo/America/Lower_Princes	only original
.venv/Lib/site-packages/pytz/zoneinfo/America/Maceio	only original
.venv/Lib/site-packages/pytz/zoneinfo/America/Managua	only original
.venv/Lib/site-packages/pytz/zoneinfo/America/Manaus	only original
.venv/Lib/site-packages/pytz/zoneinfo/America/Marigot	only original
.venv/Lib/site-packages/pytz/zoneinfo/America/Martinique	only original
.venv/Lib/site-packages/pytz/zoneinfo/America/Matamoros	only original
.venv/Lib/site-packages/pytz/zoneinfo/America/Mazatlan	only original
.venv/Lib/site-packages/pytz/zoneinfo/America/Mendoza	only original
.venv/Lib/site-packages/pytz/zoneinfo/America/Menominee	only original
.venv/Lib/site-packages/pytz/zoneinfo/America/Merida	only original
.venv/Lib/site-packages/pytz/zoneinfo/America/Metlakatla	only original
.venv/Lib/site-packages/pytz/zoneinfo/America/Mexico_City	only original
.venv/Lib/site-packages/pytz/zoneinfo/America/Miquelon	only original
.venv/Lib/site-packages/pytz/zoneinfo/America/Moncton	only original
.venv/Lib/site-packages/pytz/zoneinfo/America/Monterrey	only original
.venv/Lib/site-packages/pytz/zoneinfo/America/Montevideo	only original
.venv/Lib/site-packages/pytz/zoneinfo/America/Montreal	only original
.venv/Lib/site-packages/pytz/zoneinfo/America/Montserrat	only original
.venv/Lib/site-packages/pytz/zoneinfo/America/Nassau	only original
.venv/Lib/site-packages/pytz/zoneinfo/America/New_York	only original
.venv/Lib/site-packages/pytz/zoneinfo/America/Nipigon	only original
.venv/Lib/site-packages/pytz/zoneinfo/America/Nome	only original
.venv/Lib/site-packages/pytz/zoneinfo/America/Noronha	only original
.venv/Lib/site-packages/pytz/zoneinfo/America/North_Dakota/Beulah	only original
.venv/Lib/site-packages/pytz/zoneinfo/America/North_Dakota/Center	only original
.venv/Lib/site-packages/pytz/zoneinfo/America/North_Dakota/New_Salem	only original
.venv/Lib/site-packages/pytz/zoneinfo/America/Nuuk	only original
.venv/Lib/site-packages/pytz/zoneinfo/America/Ojinaga	only original
.venv/Lib/site-packages/pytz/zoneinfo/America/Panama	only original
.venv/Lib/site-packages/pytz/zoneinfo/America/Pangnirtung	only original
.venv/Lib/site-packages/pytz/zoneinfo/America/Paramaribo	only original
.venv/Lib/site-packages/pytz/zoneinfo/America/Phoenix	only original
.venv/Lib/site-packages/pytz/zoneinfo/America/Port-au-Prince	only original
.venv/Lib/site-packages/pytz/zoneinfo/America/Port_of_Spain	only original
.venv/Lib/site-packages/pytz/zoneinfo/America/Porto_Acre	only original
.venv/Lib/site-packages/pytz/zoneinfo/America/Porto_Velho	only original
.venv/Lib/site-packages/pytz/zoneinfo/America/Puerto_Rico	only original
.venv/Lib/site-packages/pytz/zoneinfo/America/Punta_Arenas	only original
.venv/Lib/site-packages/pytz/zoneinfo/America/Rainy_River	only original
.venv/Lib/site-packages/pytz/zoneinfo/America/Rankin_Inlet	only original
.venv/Lib/site-packages/pytz/zoneinfo/America/Recife	only original
.venv/Lib/site-packages/pytz/zoneinfo/America/Regina	only original
.venv/Lib/site-packages/pytz/zoneinfo/America/Resolute	only original
.venv/Lib/site-packages/pytz/zoneinfo/America/Rio_Branco	only original
.venv/Lib/site-packages/pytz/zoneinfo/America/Rosario	only original
.venv/Lib/site-packages/pytz/zoneinfo/America/Santa_Isabel	only original
.venv/Lib/site-packages/pytz/zoneinfo/America/Santarem	only original
.venv/Lib/site-packages/pytz/zoneinfo/America/Santiago	only original
.venv/Lib/site-packages/pytz/zoneinfo/America/Santo_Domingo	only original
.venv/Lib/site-packages/pytz/zoneinfo/America/Sao_Paulo	only original
.venv/Lib/site-packages/pytz/zoneinfo/America/Scoresbysund	only original
.venv/Lib/site-packages/pytz/zoneinfo/America/Shiprock	only original
.venv/Lib/site-packages/pytz/zoneinfo/America/Sitka	only original
.venv/Lib/site-packages/pytz/zoneinfo/America/St_Barthelemy	only original
.venv/Lib/site-packages/pytz/zoneinfo/America/St_Johns	only original
.venv/Lib/site-packages/pytz/zoneinfo/America/St_Kitts	only original
.venv/Lib/site-packages/pytz/zoneinfo/America/St_Lucia	only original
.venv/Lib/site-packages/pytz/zoneinfo/America/St_Thomas	only original
.venv/Lib/site-packages/pytz/zoneinfo/America/St_Vincent	only original
.venv/Lib/site-packages/pytz/zoneinfo/America/Swift_Current	only original
.venv/Lib/site-packages/pytz/zoneinfo/America/Tegucigalpa	only original
.venv/Lib/site-packages/pytz/zoneinfo/America/Thule	only original
.venv/Lib/site-packages/pytz/zoneinfo/America/Thunder_Bay	only original
.venv/Lib/site-packages/pytz/zoneinfo/America/Tijuana	only original
.venv/Lib/site-packages/pytz/zoneinfo/America/Toronto	only original
.venv/Lib/site-packages/pytz/zoneinfo/America/Tortola	only original
.venv/Lib/site-packages/pytz/zoneinfo/America/Vancouver	only original
.venv/Lib/site-packages/pytz/zoneinfo/America/Virgin	only original
.venv/Lib/site-packages/pytz/zoneinfo/America/Whitehorse	only original
.venv/Lib/site-packages/pytz/zoneinfo/America/Winnipeg	only original
.venv/Lib/site-packages/pytz/zoneinfo/America/Yakutat	only original
.venv/Lib/site-packages/pytz/zoneinfo/America/Yellowknife	only original
.venv/Lib/site-packages/pytz/zoneinfo/Antarctica/Casey	only original
.venv/Lib/site-packages/pytz/zoneinfo/Antarctica/Davis	only original
.venv/Lib/site-packages/pytz/zoneinfo/Antarctica/DumontDUrville	only original
.venv/Lib/site-packages/pytz/zoneinfo/Antarctica/Macquarie	only original
.venv/Lib/site-packages/pytz/zoneinfo/Antarctica/Mawson	only original
.venv/Lib/site-packages/pytz/zoneinfo/Antarctica/McMurdo	only original
.venv/Lib/site-packages/pytz/zoneinfo/Antarctica/Palmer	only original
.venv/Lib/site-packages/pytz/zoneinfo/Antarctica/Rothera	only original
.venv/Lib/site-packages/pytz/zoneinfo/Antarctica/South_Pole	only original
.venv/Lib/site-packages/pytz/zoneinfo/Antarctica/Syowa	only original
.venv/Lib/site-packages/pytz/zoneinfo/Antarctica/Troll	only original
.venv/Lib/site-packages/pytz/zoneinfo/Antarctica/Vostok	only original
.venv/Lib/site-packages/pytz/zoneinfo/Arctic/Longyearbyen	only original
.venv/Lib/site-packages/pytz/zoneinfo/Asia/Aden	only original
.venv/Lib/site-packages/pytz/zoneinfo/Asia/Almaty	only original
.venv/Lib/site-packages/pytz/zoneinfo/Asia/Amman	only original
.venv/Lib/site-packages/pytz/zoneinfo/Asia/Anadyr	only original
.venv/Lib/site-packages/pytz/zoneinfo/Asia/Aqtau	only original
.venv/Lib/site-packages/pytz/zoneinfo/Asia/Aqtobe	only original
.venv/Lib/site-packages/pytz/zoneinfo/Asia/Ashgabat	only original
.venv/Lib/site-packages/pytz/zoneinfo/Asia/Ashkhabad	only original
.venv/Lib/site-packages/pytz/zoneinfo/Asia/Atyrau	only original
.venv/Lib/site-packages/pytz/zoneinfo/Asia/Baghdad	only original
.venv/Lib/site-packages/pytz/zoneinfo/Asia/Bahrain	only original
.venv/Lib/site-packages/pytz/zoneinfo/Asia/Baku	only original
.venv/Lib/site-packages/pytz/zoneinfo/Asia/Bangkok	only original
.venv/Lib/site-packages/pytz/zoneinfo/Asia/Barnaul	only original
.venv/Lib/site-packages/pytz/zoneinfo/Asia/Beirut	only original
.venv/Lib/site-packages/pytz/zoneinfo/Asia/Bishkek	only original
.venv/Lib/site-packages/pytz/zoneinfo/Asia/Brunei	only original
.venv/Lib/site-packages/pytz/zoneinfo/Asia/Calcutta	only original
.venv/Lib/site-packages/pytz/zoneinfo/Asia/Chita	only original
.venv/Lib/site-packages/pytz/zoneinfo/Asia/Choibalsan	only original
.venv/Lib/site-packages/pytz/zoneinfo/Asia/Chongqing	only original
.venv/Lib/site-packages/pytz/zoneinfo/Asia/Chungking	only original
.venv/Lib/site-packages/pytz/zoneinfo/Asia/Colombo	only original
.venv/Lib/site-packages/pytz/zoneinfo/Asia/Dacca	only original
.venv/Lib/site-packages/pytz/zoneinfo/Asia/Damascus	only original
.venv/Lib/site-packages/pytz/zoneinfo/Asia/Dhaka	only original
.venv/Lib/site-packages/pytz/zoneinfo/Asia/Dili	only original
.venv/Lib/site-packages/pytz/zoneinfo/Asia/Dubai	only original
.venv/Lib/site-packages/pytz/zoneinfo/Asia/Dushanbe	only original
.venv/Lib/site-packages/pytz/zoneinfo/Asia/Famagusta	only original
.venv/Lib/site-packages/pytz/zoneinfo/Asia/Gaza	only original
.venv/Lib/site-packages/pytz/zoneinfo/Asia/Harbin	only original
.venv/Lib/site-packages/pytz/zoneinfo/Asia/Hebron	only original
.venv/Lib/site-packages/pytz/zoneinfo/Asia/Ho_Chi_Minh	only original
.venv/Lib/site-packages/pytz/zoneinfo/Asia/Hong_Kong	only original
.venv/Lib/site-packages/pytz/zoneinfo/Asia/Hovd	only original
.venv/Lib/site-packages/pytz/zoneinfo/Asia/Irkutsk	only original
.venv/Lib/site-packages/pytz/zoneinfo/Asia/Istanbul	only original
.venv/Lib/site-packages/pytz/zoneinfo/Asia/Jakarta	only original
.venv/Lib/site-packages/pytz/zoneinfo/Asia/Jayapura	only original
.venv/Lib/site-packages/pytz/zoneinfo/Asia/Jerusalem	only original
.venv/Lib/site-packages/pytz/zoneinfo/Asia/Kabul	only original
.venv/Lib/site-packages/pytz/zoneinfo/Asia/Kamchatka	only original
.venv/Lib/site-packages/pytz/zoneinfo/Asia/Karachi	only original
.venv/Lib/site-packages/pytz/zoneinfo/Asia/Kashgar	only original
.venv/Lib/site-packages/pytz/zoneinfo/Asia/Kathmandu	only original
.venv/Lib/site-packages/pytz/zoneinfo/Asia/Katmandu	only original
.venv/Lib/site-packages/pytz/zoneinfo/Asia/Khandyga	only original
.venv/Lib/site-packages/pytz/zoneinfo/Asia/Kolkata	only original
.venv/Lib/site-packages/pytz/zoneinfo/Asia/Krasnoyarsk	only original
.venv/Lib/site-packages/pytz/zoneinfo/Asia/Kuala_Lumpur	only original
.venv/Lib/site-packages/pytz/zoneinfo/Asia/Kuching	only original
.venv/Lib/site-packages/pytz/zoneinfo/Asia/Kuwait	only original
.venv/Lib/site-packages/pytz/zoneinfo/Asia/Macao	only original
.venv/Lib/site-packages/pytz/zoneinfo/Asia/Macau	only original
.venv/Lib/site-packages/pytz/zoneinfo/Asia/Magadan	only original
.venv/Lib/site-packages/pytz/zoneinfo/Asia/Makassar	only original
.venv/Lib/site-packages/pytz/zoneinfo/Asia/Manila	only original
.venv/Lib/site-packages/pytz/zoneinfo/Asia/Muscat	only original
.venv/Lib/site-packages/pytz/zoneinfo/Asia/Nicosia	only original
.venv/Lib/site-packages/pytz/zoneinfo/Asia/Novokuznetsk	only original
.venv/Lib/site-packages/pytz/zoneinfo/Asia/Novosibirsk	only original
.venv/Lib/site-packages/pytz/zoneinfo/Asia/Omsk	only original
.venv/Lib/site-packages/pytz/zoneinfo/Asia/Oral	only original
.venv/Lib/site-packages/pytz/zoneinfo/Asia/Phnom_Penh	only original
.venv/Lib/site-packages/pytz/zoneinfo/Asia/Pontianak	only original
.venv/Lib/site-packages/pytz/zoneinfo/Asia/Pyongyang	only original
.venv/Lib/site-packages/pytz/zoneinfo/Asia/Qatar	only original
.venv/Lib/site-packages/pytz/zoneinfo/Asia/Qostanay	only original
.venv/Lib/site-packages/pytz/zoneinfo/Asia/Qyzylorda	only original
.venv/Lib/site-packages/pytz/zoneinfo/Asia/Rangoon	only original
.venv/Lib/site-packages/pytz/zoneinfo/Asia/Riyadh	only original
.venv/Lib/site-packages/pytz/zoneinfo/Asia/Saigon	only original
.venv/Lib/site-packages/pytz/zoneinfo/Asia/Sakhalin	only original
.venv/Lib/site-packages/pytz/zoneinfo/Asia/Samarkand	only original
.venv/Lib/site-packages/pytz/zoneinfo/Asia/Seoul	only original
.venv/Lib/site-packages/pytz/zoneinfo/Asia/Shanghai	only original
.venv/Lib/site-packages/pytz/zoneinfo/Asia/Singapore	only original
.venv/Lib/site-packages/pytz/zoneinfo/Asia/Srednekolymsk	only original
.venv/Lib/site-packages/pytz/zoneinfo/Asia/Taipei	only original
.venv/Lib/site-packages/pytz/zoneinfo/Asia/Tashkent	only original
.venv/Lib/site-packages/pytz/zoneinfo/Asia/Tbilisi	only original
.venv/Lib/site-packages/pytz/zoneinfo/Asia/Tehran	only original
.venv/Lib/site-packages/pytz/zoneinfo/Asia/Tel_Aviv	only original
.venv/Lib/site-packages/pytz/zoneinfo/Asia/Thimbu	only original
.venv/Lib/site-packages/pytz/zoneinfo/Asia/Thimphu	only original
.venv/Lib/site-packages/pytz/zoneinfo/Asia/Tokyo	only original
.venv/Lib/site-packages/pytz/zoneinfo/Asia/Tomsk	only original
.venv/Lib/site-packages/pytz/zoneinfo/Asia/Ujung_Pandang	only original
.venv/Lib/site-packages/pytz/zoneinfo/Asia/Ulaanbaatar	only original
.venv/Lib/site-packages/pytz/zoneinfo/Asia/Ulan_Bator	only original
.venv/Lib/site-packages/pytz/zoneinfo/Asia/Urumqi	only original
.venv/Lib/site-packages/pytz/zoneinfo/Asia/Ust-Nera	only original
.venv/Lib/site-packages/pytz/zoneinfo/Asia/Vientiane	only original
.venv/Lib/site-packages/pytz/zoneinfo/Asia/Vladivostok	only original
.venv/Lib/site-packages/pytz/zoneinfo/Asia/Yakutsk	only original
.venv/Lib/site-packages/pytz/zoneinfo/Asia/Yangon	only original
.venv/Lib/site-packages/pytz/zoneinfo/Asia/Yekaterinburg	only original
.venv/Lib/site-packages/pytz/zoneinfo/Asia/Yerevan	only original
.venv/Lib/site-packages/pytz/zoneinfo/Atlantic/Azores	only original
.venv/Lib/site-packages/pytz/zoneinfo/Atlantic/Bermuda	only original
.venv/Lib/site-packages/pytz/zoneinfo/Atlantic/Canary	only original
.venv/Lib/site-packages/pytz/zoneinfo/Atlantic/Cape_Verde	only original
.venv/Lib/site-packages/pytz/zoneinfo/Atlantic/Faeroe	only original
.venv/Lib/site-packages/pytz/zoneinfo/Atlantic/Faroe	only original
.venv/Lib/site-packages/pytz/zoneinfo/Atlantic/Jan_Mayen	only original
.venv/Lib/site-packages/pytz/zoneinfo/Atlantic/Madeira	only original
.venv/Lib/site-packages/pytz/zoneinfo/Atlantic/Reykjavik	only original
.venv/Lib/site-packages/pytz/zoneinfo/Atlantic/South_Georgia	only original
.venv/Lib/site-packages/pytz/zoneinfo/Atlantic/St_Helena	only original
.venv/Lib/site-packages/pytz/zoneinfo/Atlantic/Stanley	only original
.venv/Lib/site-packages/pytz/zoneinfo/Australia/ACT	only original
.venv/Lib/site-packages/pytz/zoneinfo/Australia/Adelaide	only original
.venv/Lib/site-packages/pytz/zoneinfo/Australia/Brisbane	only original
.venv/Lib/site-packages/pytz/zoneinfo/Australia/Broken_Hill	only original
.venv/Lib/site-packages/pytz/zoneinfo/Australia/Canberra	only original
.venv/Lib/site-packages/pytz/zoneinfo/Australia/Currie	only original
.venv/Lib/site-packages/pytz/zoneinfo/Australia/Darwin	only original
.venv/Lib/site-packages/pytz/zoneinfo/Australia/Eucla	only original
.venv/Lib/site-packages/pytz/zoneinfo/Australia/Hobart	only original
.venv/Lib/site-packages/pytz/zoneinfo/Australia/LHI	only original
.venv/Lib/site-packages/pytz/zoneinfo/Australia/Lindeman	only original
.venv/Lib/site-packages/pytz/zoneinfo/Australia/Lord_Howe	only original
.venv/Lib/site-packages/pytz/zoneinfo/Australia/Melbourne	only original
.venv/Lib/site-packages/pytz/zoneinfo/Australia/NSW	only original
.venv/Lib/site-packages/pytz/zoneinfo/Australia/North	only original
.venv/Lib/site-packages/pytz/zoneinfo/Australia/Perth	only original
.venv/Lib/site-packages/pytz/zoneinfo/Australia/Queensland	only original
.venv/Lib/site-packages/pytz/zoneinfo/Australia/South	only original
.venv/Lib/site-packages/pytz/zoneinfo/Australia/Sydney	only original
.venv/Lib/site-packages/pytz/zoneinfo/Australia/Tasmania	only original
.venv/Lib/site-packages/pytz/zoneinfo/Australia/Victoria	only original
.venv/Lib/site-packages/pytz/zoneinfo/Australia/West	only original
.venv/Lib/site-packages/pytz/zoneinfo/Australia/Yancowinna	only original
.venv/Lib/site-packages/pytz/zoneinfo/Brazil/Acre	only original
.venv/Lib/site-packages/pytz/zoneinfo/Brazil/DeNoronha	only original
.venv/Lib/site-packages/pytz/zoneinfo/Brazil/East	only original
.venv/Lib/site-packages/pytz/zoneinfo/Brazil/West	only original
.venv/Lib/site-packages/pytz/zoneinfo/CET	only original
.venv/Lib/site-packages/pytz/zoneinfo/CST6CDT	only original
.venv/Lib/site-packages/pytz/zoneinfo/Canada/Atlantic	only original
.venv/Lib/site-packages/pytz/zoneinfo/Canada/Central	only original
.venv/Lib/site-packages/pytz/zoneinfo/Canada/Eastern	only original
.venv/Lib/site-packages/pytz/zoneinfo/Canada/Mountain	only original
.venv/Lib/site-packages/pytz/zoneinfo/Canada/Newfoundland	only original
.venv/Lib/site-packages/pytz/zoneinfo/Canada/Pacific	only original
.venv/Lib/site-packages/pytz/zoneinfo/Canada/Saskatchewan	only original
.venv/Lib/site-packages/pytz/zoneinfo/Canada/Yukon	only original
.venv/Lib/site-packages/pytz/zoneinfo/Chile/Continental	only original
.venv/Lib/site-packages/pytz/zoneinfo/Chile/EasterIsland	only original
.venv/Lib/site-packages/pytz/zoneinfo/Cuba	only original
.venv/Lib/site-packages/pytz/zoneinfo/EET	only original
.venv/Lib/site-packages/pytz/zoneinfo/EST	only original
.venv/Lib/site-packages/pytz/zoneinfo/EST5EDT	only original
.venv/Lib/site-packages/pytz/zoneinfo/Egypt	only original
.venv/Lib/site-packages/pytz/zoneinfo/Eire	only original
.venv/Lib/site-packages/pytz/zoneinfo/Etc/GMT	only original
.venv/Lib/site-packages/pytz/zoneinfo/Etc/GMT+0	only original
.venv/Lib/site-packages/pytz/zoneinfo/Etc/GMT+1	only original
.venv/Lib/site-packages/pytz/zoneinfo/Etc/GMT+10	only original
.venv/Lib/site-packages/pytz/zoneinfo/Etc/GMT+11	only original
.venv/Lib/site-packages/pytz/zoneinfo/Etc/GMT+12	only original
.venv/Lib/site-packages/pytz/zoneinfo/Etc/GMT+2	only original
.venv/Lib/site-packages/pytz/zoneinfo/Etc/GMT+3	only original
.venv/Lib/site-packages/pytz/zoneinfo/Etc/GMT+4	only original
.venv/Lib/site-packages/pytz/zoneinfo/Etc/GMT+5	only original
.venv/Lib/site-packages/pytz/zoneinfo/Etc/GMT+6	only original
.venv/Lib/site-packages/pytz/zoneinfo/Etc/GMT+7	only original
.venv/Lib/site-packages/pytz/zoneinfo/Etc/GMT+8	only original
.venv/Lib/site-packages/pytz/zoneinfo/Etc/GMT+9	only original
.venv/Lib/site-packages/pytz/zoneinfo/Etc/GMT-0	only original
.venv/Lib/site-packages/pytz/zoneinfo/Etc/GMT-1	only original
.venv/Lib/site-packages/pytz/zoneinfo/Etc/GMT-10	only original
.venv/Lib/site-packages/pytz/zoneinfo/Etc/GMT-11	only original
.venv/Lib/site-packages/pytz/zoneinfo/Etc/GMT-12	only original
.venv/Lib/site-packages/pytz/zoneinfo/Etc/GMT-13	only original
.venv/Lib/site-packages/pytz/zoneinfo/Etc/GMT-14	only original
.venv/Lib/site-packages/pytz/zoneinfo/Etc/GMT-2	only original
.venv/Lib/site-packages/pytz/zoneinfo/Etc/GMT-3	only original
.venv/Lib/site-packages/pytz/zoneinfo/Etc/GMT-4	only original
.venv/Lib/site-packages/pytz/zoneinfo/Etc/GMT-5	only original
.venv/Lib/site-packages/pytz/zoneinfo/Etc/GMT-6	only original
.venv/Lib/site-packages/pytz/zoneinfo/Etc/GMT-7	only original
.venv/Lib/site-packages/pytz/zoneinfo/Etc/GMT-8	only original
.venv/Lib/site-packages/pytz/zoneinfo/Etc/GMT-9	only original
.venv/Lib/site-packages/pytz/zoneinfo/Etc/GMT0	only original
.venv/Lib/site-packages/pytz/zoneinfo/Etc/Greenwich	only original
.venv/Lib/site-packages/pytz/zoneinfo/Etc/UCT	only original
.venv/Lib/site-packages/pytz/zoneinfo/Etc/UTC	only original
.venv/Lib/site-packages/pytz/zoneinfo/Etc/Universal	only original
.venv/Lib/site-packages/pytz/zoneinfo/Etc/Zulu	only original
.venv/Lib/site-packages/pytz/zoneinfo/Europe/Amsterdam	only original
.venv/Lib/site-packages/pytz/zoneinfo/Europe/Andorra	only original
.venv/Lib/site-packages/pytz/zoneinfo/Europe/Astrakhan	only original
.venv/Lib/site-packages/pytz/zoneinfo/Europe/Athens	only original
.venv/Lib/site-packages/pytz/zoneinfo/Europe/Belfast	only original
.venv/Lib/site-packages/pytz/zoneinfo/Europe/Belgrade	only original
.venv/Lib/site-packages/pytz/zoneinfo/Europe/Berlin	only original
.venv/Lib/site-packages/pytz/zoneinfo/Europe/Bratislava	only original
.venv/Lib/site-packages/pytz/zoneinfo/Europe/Brussels	only original
.venv/Lib/site-packages/pytz/zoneinfo/Europe/Bucharest	only original
.venv/Lib/site-packages/pytz/zoneinfo/Europe/Budapest	only original
.venv/Lib/site-packages/pytz/zoneinfo/Europe/Busingen	only original
.venv/Lib/site-packages/pytz/zoneinfo/Europe/Chisinau	only original
.venv/Lib/site-packages/pytz/zoneinfo/Europe/Copenhagen	only original
.venv/Lib/site-packages/pytz/zoneinfo/Europe/Dublin	only original
.venv/Lib/site-packages/pytz/zoneinfo/Europe/Gibraltar	only original
.venv/Lib/site-packages/pytz/zoneinfo/Europe/Guernsey	only original
.venv/Lib/site-packages/pytz/zoneinfo/Europe/Helsinki	only original
.venv/Lib/site-packages/pytz/zoneinfo/Europe/Isle_of_Man	only original
.venv/Lib/site-packages/pytz/zoneinfo/Europe/Istanbul	only original
.venv/Lib/site-packages/pytz/zoneinfo/Europe/Jersey	only original
.venv/Lib/site-packages/pytz/zoneinfo/Europe/Kaliningrad	only original
.venv/Lib/site-packages/pytz/zoneinfo/Europe/Kiev	only original
.venv/Lib/site-packages/pytz/zoneinfo/Europe/Kirov	only original
.venv/Lib/site-packages/pytz/zoneinfo/Europe/Kyiv	only original
.venv/Lib/site-packages/pytz/zoneinfo/Europe/Lisbon	only original
.venv/Lib/site-packages/pytz/zoneinfo/Europe/Ljubljana	only original
.venv/Lib/site-packages/pytz/zoneinfo/Europe/London	only original
.venv/Lib/site-packages/pytz/zoneinfo/Europe/Luxembourg	only original
.venv/Lib/site-packages/pytz/zoneinfo/Europe/Madrid	only original
.venv/Lib/site-packages/pytz/zoneinfo/Europe/Malta	only original
.venv/Lib/site-packages/pytz/zoneinfo/Europe/Mariehamn	only original
.venv/Lib/site-packages/pytz/zoneinfo/Europe/Minsk	only original
.venv/Lib/site-packages/pytz/zoneinfo/Europe/Monaco	only original
.venv/Lib/site-packages/pytz/zoneinfo/Europe/Moscow	only original
.venv/Lib/site-packages/pytz/zoneinfo/Europe/Nicosia	only original
.venv/Lib/site-packages/pytz/zoneinfo/Europe/Oslo	only original
.venv/Lib/site-packages/pytz/zoneinfo/Europe/Paris	only original
.venv/Lib/site-packages/pytz/zoneinfo/Europe/Podgorica	only original
.venv/Lib/site-packages/pytz/zoneinfo/Europe/Prague	only original
.venv/Lib/site-packages/pytz/zoneinfo/Europe/Riga	only original
.venv/Lib/site-packages/pytz/zoneinfo/Europe/Rome	only original
.venv/Lib/site-packages/pytz/zoneinfo/Europe/Samara	only original
.venv/Lib/site-packages/pytz/zoneinfo/Europe/San_Marino	only original
.venv/Lib/site-packages/pytz/zoneinfo/Europe/Sarajevo	only original
.venv/Lib/site-packages/pytz/zoneinfo/Europe/Saratov	only original
.venv/Lib/site-packages/pytz/zoneinfo/Europe/Simferopol	only original
.venv/Lib/site-packages/pytz/zoneinfo/Europe/Skopje	only original
.venv/Lib/site-packages/pytz/zoneinfo/Europe/Sofia	only original
.venv/Lib/site-packages/pytz/zoneinfo/Europe/Stockholm	only original
.venv/Lib/site-packages/pytz/zoneinfo/Europe/Tallinn	only original
.venv/Lib/site-packages/pytz/zoneinfo/Europe/Tirane	only original
.venv/Lib/site-packages/pytz/zoneinfo/Europe/Tiraspol	only original
.venv/Lib/site-packages/pytz/zoneinfo/Europe/Ulyanovsk	only original
.venv/Lib/site-packages/pytz/zoneinfo/Europe/Uzhgorod	only original
.venv/Lib/site-packages/pytz/zoneinfo/Europe/Vaduz	only original
.venv/Lib/site-packages/pytz/zoneinfo/Europe/Vatican	only original
.venv/Lib/site-packages/pytz/zoneinfo/Europe/Vienna	only original
.venv/Lib/site-packages/pytz/zoneinfo/Europe/Vilnius	only original
.venv/Lib/site-packages/pytz/zoneinfo/Europe/Volgograd	only original
.venv/Lib/site-packages/pytz/zoneinfo/Europe/Warsaw	only original
.venv/Lib/site-packages/pytz/zoneinfo/Europe/Zagreb	only original
.venv/Lib/site-packages/pytz/zoneinfo/Europe/Zaporozhye	only original
.venv/Lib/site-packages/pytz/zoneinfo/Europe/Zurich	only original
.venv/Lib/site-packages/pytz/zoneinfo/Factory	only original
.venv/Lib/site-packages/pytz/zoneinfo/GB	only original
.venv/Lib/site-packages/pytz/zoneinfo/GB-Eire	only original
.venv/Lib/site-packages/pytz/zoneinfo/GMT	only original
.venv/Lib/site-packages/pytz/zoneinfo/GMT+0	only original
.venv/Lib/site-packages/pytz/zoneinfo/GMT-0	only original
.venv/Lib/site-packages/pytz/zoneinfo/GMT0	only original
.venv/Lib/site-packages/pytz/zoneinfo/Greenwich	only original
.venv/Lib/site-packages/pytz/zoneinfo/HST	only original
.venv/Lib/site-packages/pytz/zoneinfo/Hongkong	only original
.venv/Lib/site-packages/pytz/zoneinfo/Iceland	only original
.venv/Lib/site-packages/pytz/zoneinfo/Indian/Antananarivo	only original
.venv/Lib/site-packages/pytz/zoneinfo/Indian/Chagos	only original
.venv/Lib/site-packages/pytz/zoneinfo/Indian/Christmas	only original
.venv/Lib/site-packages/pytz/zoneinfo/Indian/Cocos	only original
.venv/Lib/site-packages/pytz/zoneinfo/Indian/Comoro	only original
.venv/Lib/site-packages/pytz/zoneinfo/Indian/Kerguelen	only original
.venv/Lib/site-packages/pytz/zoneinfo/Indian/Mahe	only original
.venv/Lib/site-packages/pytz/zoneinfo/Indian/Maldives	only original
.venv/Lib/site-packages/pytz/zoneinfo/Indian/Mauritius	only original
.venv/Lib/site-packages/pytz/zoneinfo/Indian/Mayotte	only original
.venv/Lib/site-packages/pytz/zoneinfo/Indian/Reunion	only original
.venv/Lib/site-packages/pytz/zoneinfo/Iran	only original
.venv/Lib/site-packages/pytz/zoneinfo/Israel	only original
.venv/Lib/site-packages/pytz/zoneinfo/Jamaica	only original
.venv/Lib/site-packages/pytz/zoneinfo/Japan	only original
.venv/Lib/site-packages/pytz/zoneinfo/Kwajalein	only original
.venv/Lib/site-packages/pytz/zoneinfo/Libya	only original
.venv/Lib/site-packages/pytz/zoneinfo/MET	only original
.venv/Lib/site-packages/pytz/zoneinfo/MST	only original
.venv/Lib/site-packages/pytz/zoneinfo/MST7MDT	only original
.venv/Lib/site-packages/pytz/zoneinfo/Mexico/BajaNorte	only original
.venv/Lib/site-packages/pytz/zoneinfo/Mexico/BajaSur	only original
.venv/Lib/site-packages/pytz/zoneinfo/Mexico/General	only original
.venv/Lib/site-packages/pytz/zoneinfo/NZ	only original
.venv/Lib/site-packages/pytz/zoneinfo/NZ-CHAT	only original
.venv/Lib/site-packages/pytz/zoneinfo/Navajo	only original
.venv/Lib/site-packages/pytz/zoneinfo/PRC	only original
.venv/Lib/site-packages/pytz/zoneinfo/PST8PDT	only original
.venv/Lib/site-packages/pytz/zoneinfo/Pacific/Apia	only original
.venv/Lib/site-packages/pytz/zoneinfo/Pacific/Auckland	only original
.venv/Lib/site-packages/pytz/zoneinfo/Pacific/Bougainville	only original
.venv/Lib/site-packages/pytz/zoneinfo/Pacific/Chatham	only original
.venv/Lib/site-packages/pytz/zoneinfo/Pacific/Chuuk	only original
.venv/Lib/site-packages/pytz/zoneinfo/Pacific/Easter	only original
.venv/Lib/site-packages/pytz/zoneinfo/Pacific/Efate	only original
.venv/Lib/site-packages/pytz/zoneinfo/Pacific/Enderbury	only original
.venv/Lib/site-packages/pytz/zoneinfo/Pacific/Fakaofo	only original
.venv/Lib/site-packages/pytz/zoneinfo/Pacific/Fiji	only original
.venv/Lib/site-packages/pytz/zoneinfo/Pacific/Funafuti	only original
.venv/Lib/site-packages/pytz/zoneinfo/Pacific/Galapagos	only original
.venv/Lib/site-packages/pytz/zoneinfo/Pacific/Gambier	only original
.venv/Lib/site-packages/pytz/zoneinfo/Pacific/Guadalcanal	only original
.venv/Lib/site-packages/pytz/zoneinfo/Pacific/Guam	only original
.venv/Lib/site-packages/pytz/zoneinfo/Pacific/Honolulu	only original
.venv/Lib/site-packages/pytz/zoneinfo/Pacific/Johnston	only original
.venv/Lib/site-packages/pytz/zoneinfo/Pacific/Kanton	only original
.venv/Lib/site-packages/pytz/zoneinfo/Pacific/Kiritimati	only original
.venv/Lib/site-packages/pytz/zoneinfo/Pacific/Kosrae	only original
.venv/Lib/site-packages/pytz/zoneinfo/Pacific/Kwajalein	only original
.venv/Lib/site-packages/pytz/zoneinfo/Pacific/Majuro	only original
.venv/Lib/site-packages/pytz/zoneinfo/Pacific/Marquesas	only original
.venv/Lib/site-packages/pytz/zoneinfo/Pacific/Midway	only original
.venv/Lib/site-packages/pytz/zoneinfo/Pacific/Nauru	only original
.venv/Lib/site-packages/pytz/zoneinfo/Pacific/Niue	only original
.venv/Lib/site-packages/pytz/zoneinfo/Pacific/Norfolk	only original
.venv/Lib/site-packages/pytz/zoneinfo/Pacific/Noumea	only original
.venv/Lib/site-packages/pytz/zoneinfo/Pacific/Pago_Pago	only original
.venv/Lib/site-packages/pytz/zoneinfo/Pacific/Palau	only original
.venv/Lib/site-packages/pytz/zoneinfo/Pacific/Pitcairn	only original
.venv/Lib/site-packages/pytz/zoneinfo/Pacific/Pohnpei	only original
.venv/Lib/site-packages/pytz/zoneinfo/Pacific/Ponape	only original
.venv/Lib/site-packages/pytz/zoneinfo/Pacific/Port_Moresby	only original
.venv/Lib/site-packages/pytz/zoneinfo/Pacific/Rarotonga	only original
.venv/Lib/site-packages/pytz/zoneinfo/Pacific/Saipan	only original
.venv/Lib/site-packages/pytz/zoneinfo/Pacific/Samoa	only original
.venv/Lib/site-packages/pytz/zoneinfo/Pacific/Tahiti	only original
.venv/Lib/site-packages/pytz/zoneinfo/Pacific/Tarawa	only original
.venv/Lib/site-packages/pytz/zoneinfo/Pacific/Tongatapu	only original
.venv/Lib/site-packages/pytz/zoneinfo/Pacific/Truk	only original
.venv/Lib/site-packages/pytz/zoneinfo/Pacific/Wake	only original
.venv/Lib/site-packages/pytz/zoneinfo/Pacific/Wallis	only original
.venv/Lib/site-packages/pytz/zoneinfo/Pacific/Yap	only original
.venv/Lib/site-packages/pytz/zoneinfo/Poland	only original
.venv/Lib/site-packages/pytz/zoneinfo/Portugal	only original
.venv/Lib/site-packages/pytz/zoneinfo/ROC	only original
.venv/Lib/site-packages/pytz/zoneinfo/ROK	only original
.venv/Lib/site-packages/pytz/zoneinfo/Singapore	only original
.venv/Lib/site-packages/pytz/zoneinfo/Turkey	only original
.venv/Lib/site-packages/pytz/zoneinfo/UCT	only original
.venv/Lib/site-packages/pytz/zoneinfo/US/Alaska	only original
.venv/Lib/site-packages/pytz/zoneinfo/US/Aleutian	only original
.venv/Lib/site-packages/pytz/zoneinfo/US/Arizona	only original
.venv/Lib/site-packages/pytz/zoneinfo/US/Central	only original
.venv/Lib/site-packages/pytz/zoneinfo/US/East-Indiana	only original
.venv/Lib/site-packages/pytz/zoneinfo/US/Eastern	only original
.venv/Lib/site-packages/pytz/zoneinfo/US/Hawaii	only original
.venv/Lib/site-packages/pytz/zoneinfo/US/Indiana-Starke	only original
.venv/Lib/site-packages/pytz/zoneinfo/US/Michigan	only original
.venv/Lib/site-packages/pytz/zoneinfo/US/Mountain	only original
.venv/Lib/site-packages/pytz/zoneinfo/US/Pacific	only original
.venv/Lib/site-packages/pytz/zoneinfo/US/Samoa	only original
.venv/Lib/site-packages/pytz/zoneinfo/UTC	only original
.venv/Lib/site-packages/pytz/zoneinfo/Universal	only original
.venv/Lib/site-packages/pytz/zoneinfo/W-SU	only original
.venv/Lib/site-packages/pytz/zoneinfo/WET	only original
.venv/Lib/site-packages/pytz/zoneinfo/Zulu	only original
.venv/Lib/site-packages/pytz/zoneinfo/iso3166.tab	only original
.venv/Lib/site-packages/pytz/zoneinfo/leapseconds	only original
.venv/Lib/site-packages/pytz/zoneinfo/tzdata.zi	only original
.venv/Lib/site-packages/pytz/zoneinfo/zone.tab	only original
.venv/Lib/site-packages/pytz/zoneinfo/zone1970.tab	only original
.venv/Lib/site-packages/pytz/zoneinfo/zonenow.tab	only original
.venv/Lib/site-packages/pyyaml-6.0.3.dist-info/INSTALLER	only original
.venv/Lib/site-packages/pyyaml-6.0.3.dist-info/METADATA	only original
.venv/Lib/site-packages/pyyaml-6.0.3.dist-info/RECORD	only original
.venv/Lib/site-packages/pyyaml-6.0.3.dist-info/WHEEL	only original
.venv/Lib/site-packages/pyyaml-6.0.3.dist-info/licenses/LICENSE	only original
.venv/Lib/site-packages/pyyaml-6.0.3.dist-info/top_level.txt	only original
.venv/Lib/site-packages/six-1.17.0.dist-info/INSTALLER	only original
.venv/Lib/site-packages/six-1.17.0.dist-info/LICENSE	only original
.venv/Lib/site-packages/six-1.17.0.dist-info/METADATA	only original
.venv/Lib/site-packages/six-1.17.0.dist-info/RECORD	only original
.venv/Lib/site-packages/six-1.17.0.dist-info/WHEEL	only original
.venv/Lib/site-packages/six-1.17.0.dist-info/top_level.txt	only original
.venv/Lib/site-packages/six.py	only original
.venv/Lib/site-packages/starlette-0.48.0.dist-info/INSTALLER	only original
.venv/Lib/site-packages/starlette-0.48.0.dist-info/METADATA	only original
.venv/Lib/site-packages/starlette-0.48.0.dist-info/RECORD	only original
.venv/Lib/site-packages/starlette-0.48.0.dist-info/WHEEL	only original
.venv/Lib/site-packages/starlette-0.48.0.dist-info/licenses/LICENSE.md	only original
.venv/Lib/site-packages/starlette/__init__.py	only original
.venv/Lib/site-packages/starlette/__pycache__/__init__.cpython-312.pyc	only original
.venv/Lib/site-packages/starlette/__pycache__/_exception_handler.cpython-312.pyc	only original
.venv/Lib/site-packages/starlette/__pycache__/_utils.cpython-312.pyc	only original
.venv/Lib/site-packages/starlette/__pycache__/applications.cpython-312.pyc	only original
.venv/Lib/site-packages/starlette/__pycache__/authentication.cpython-312.pyc	only original
.venv/Lib/site-packages/starlette/__pycache__/background.cpython-312.pyc	only original
.venv/Lib/site-packages/starlette/__pycache__/concurrency.cpython-312.pyc	only original
.venv/Lib/site-packages/starlette/__pycache__/config.cpython-312.pyc	only original
.venv/Lib/site-packages/starlette/__pycache__/convertors.cpython-312.pyc	only original
.venv/Lib/site-packages/starlette/__pycache__/datastructures.cpython-312.pyc	only original
.venv/Lib/site-packages/starlette/__pycache__/endpoints.cpython-312.pyc	only original
.venv/Lib/site-packages/starlette/__pycache__/exceptions.cpython-312.pyc	only original
.venv/Lib/site-packages/starlette/__pycache__/formparsers.cpython-312.pyc	only original
.venv/Lib/site-packages/starlette/__pycache__/requests.cpython-312.pyc	only original
.venv/Lib/site-packages/starlette/__pycache__/responses.cpython-312.pyc	only original
.venv/Lib/site-packages/starlette/__pycache__/routing.cpython-312.pyc	only original
.venv/Lib/site-packages/starlette/__pycache__/schemas.cpython-312.pyc	only original
.venv/Lib/site-packages/starlette/__pycache__/staticfiles.cpython-312.pyc	only original
.venv/Lib/site-packages/starlette/__pycache__/status.cpython-312.pyc	only original
.venv/Lib/site-packages/starlette/__pycache__/templating.cpython-312.pyc	only original
.venv/Lib/site-packages/starlette/__pycache__/testclient.cpython-312.pyc	only original
.venv/Lib/site-packages/starlette/__pycache__/types.cpython-312.pyc	only original
.venv/Lib/site-packages/starlette/__pycache__/websockets.cpython-312.pyc	only original
.venv/Lib/site-packages/starlette/_exception_handler.py	only original
.venv/Lib/site-packages/starlette/_utils.py	only original
.venv/Lib/site-packages/starlette/applications.py	only original
.venv/Lib/site-packages/starlette/authentication.py	only original
.venv/Lib/site-packages/starlette/background.py	only original
.venv/Lib/site-packages/starlette/concurrency.py	only original
.venv/Lib/site-packages/starlette/config.py	only original
.venv/Lib/site-packages/starlette/convertors.py	only original
.venv/Lib/site-packages/starlette/datastructures.py	only original
.venv/Lib/site-packages/starlette/endpoints.py	only original
.venv/Lib/site-packages/starlette/exceptions.py	only original
.venv/Lib/site-packages/starlette/formparsers.py	only original
.venv/Lib/site-packages/starlette/middleware/__init__.py	only original
.venv/Lib/site-packages/starlette/middleware/__pycache__/__init__.cpython-312.pyc	only original
.venv/Lib/site-packages/starlette/middleware/__pycache__/authentication.cpython-312.pyc	only original
.venv/Lib/site-packages/starlette/middleware/__pycache__/base.cpython-312.pyc	only original
.venv/Lib/site-packages/starlette/middleware/__pycache__/cors.cpython-312.pyc	only original
.venv/Lib/site-packages/starlette/middleware/__pycache__/errors.cpython-312.pyc	only original
.venv/Lib/site-packages/starlette/middleware/__pycache__/exceptions.cpython-312.pyc	only original
.venv/Lib/site-packages/starlette/middleware/__pycache__/gzip.cpython-312.pyc	only original
.venv/Lib/site-packages/starlette/middleware/__pycache__/httpsredirect.cpython-312.pyc	only original
.venv/Lib/site-packages/starlette/middleware/__pycache__/sessions.cpython-312.pyc	only original
.venv/Lib/site-packages/starlette/middleware/__pycache__/trustedhost.cpython-312.pyc	only original
.venv/Lib/site-packages/starlette/middleware/__pycache__/wsgi.cpython-312.pyc	only original
.venv/Lib/site-packages/starlette/middleware/authentication.py	only original
.venv/Lib/site-packages/starlette/middleware/base.py	only original
.venv/Lib/site-packages/starlette/middleware/cors.py	only original
.venv/Lib/site-packages/starlette/middleware/errors.py	only original
.venv/Lib/site-packages/starlette/middleware/exceptions.py	only original
.venv/Lib/site-packages/starlette/middleware/gzip.py	only original
.venv/Lib/site-packages/starlette/middleware/httpsredirect.py	only original
.venv/Lib/site-packages/starlette/middleware/sessions.py	only original
.venv/Lib/site-packages/starlette/middleware/trustedhost.py	only original
.venv/Lib/site-packages/starlette/middleware/wsgi.py	only original
.venv/Lib/site-packages/starlette/py.typed	only original
.venv/Lib/site-packages/starlette/requests.py	only original
.venv/Lib/site-packages/starlette/responses.py	only original
.venv/Lib/site-packages/starlette/routing.py	only original
.venv/Lib/site-packages/starlette/schemas.py	only original
.venv/Lib/site-packages/starlette/staticfiles.py	only original
.venv/Lib/site-packages/starlette/status.py	only original
.venv/Lib/site-packages/starlette/templating.py	only original
.venv/Lib/site-packages/starlette/testclient.py	only original
.venv/Lib/site-packages/starlette/types.py	only original
.venv/Lib/site-packages/starlette/websockets.py	only original
.venv/Lib/site-packages/typing_extensions-4.16.0.dist-info/INSTALLER	only original
.venv/Lib/site-packages/typing_extensions-4.16.0.dist-info/METADATA	only original
.venv/Lib/site-packages/typing_extensions-4.16.0.dist-info/RECORD	only original
.venv/Lib/site-packages/typing_extensions-4.16.0.dist-info/WHEEL	only original
.venv/Lib/site-packages/typing_extensions-4.16.0.dist-info/licenses/LICENSE	only original
.venv/Lib/site-packages/typing_extensions.py	only original
.venv/Lib/site-packages/typing_inspection-0.4.4.dist-info/INSTALLER	only original
.venv/Lib/site-packages/typing_inspection-0.4.4.dist-info/METADATA	only original
.venv/Lib/site-packages/typing_inspection-0.4.4.dist-info/RECORD	only original
.venv/Lib/site-packages/typing_inspection-0.4.4.dist-info/WHEEL	only original
.venv/Lib/site-packages/typing_inspection-0.4.4.dist-info/licenses/LICENSE	only original
.venv/Lib/site-packages/typing_inspection/__init__.py	only original
.venv/Lib/site-packages/typing_inspection/__pycache__/__init__.cpython-312.pyc	only original
.venv/Lib/site-packages/typing_inspection/__pycache__/introspection.cpython-312.pyc	only original
.venv/Lib/site-packages/typing_inspection/__pycache__/typing_objects.cpython-312.pyc	only original
.venv/Lib/site-packages/typing_inspection/introspection.py	only original
.venv/Lib/site-packages/typing_inspection/py.typed	only original
.venv/Lib/site-packages/typing_inspection/typing_objects.py	only original
.venv/Lib/site-packages/typing_inspection/typing_objects.pyi	only original
.venv/Lib/site-packages/tzdata-2026.4.dist-info/INSTALLER	only original
.venv/Lib/site-packages/tzdata-2026.4.dist-info/METADATA	only original
.venv/Lib/site-packages/tzdata-2026.4.dist-info/RECORD	only original
.venv/Lib/site-packages/tzdata-2026.4.dist-info/WHEEL	only original
.venv/Lib/site-packages/tzdata-2026.4.dist-info/licenses/LICENSE	only original
.venv/Lib/site-packages/tzdata-2026.4.dist-info/licenses/licenses/LICENSE_APACHE	only original
.venv/Lib/site-packages/tzdata-2026.4.dist-info/top_level.txt	only original
.venv/Lib/site-packages/tzdata/__init__.py	only original
.venv/Lib/site-packages/tzdata/__pycache__/__init__.cpython-312.pyc	only original
.venv/Lib/site-packages/tzdata/zoneinfo/Africa/Abidjan	only original
.venv/Lib/site-packages/tzdata/zoneinfo/Africa/Accra	only original
.venv/Lib/site-packages/tzdata/zoneinfo/Africa/Addis_Ababa	only original
.venv/Lib/site-packages/tzdata/zoneinfo/Africa/Algiers	only original
.venv/Lib/site-packages/tzdata/zoneinfo/Africa/Asmara	only original
.venv/Lib/site-packages/tzdata/zoneinfo/Africa/Asmera	only original
.venv/Lib/site-packages/tzdata/zoneinfo/Africa/Bamako	only original
.venv/Lib/site-packages/tzdata/zoneinfo/Africa/Bangui	only original
.venv/Lib/site-packages/tzdata/zoneinfo/Africa/Banjul	only original
.venv/Lib/site-packages/tzdata/zoneinfo/Africa/Bissau	only original
.venv/Lib/site-packages/tzdata/zoneinfo/Africa/Blantyre	only original
.venv/Lib/site-packages/tzdata/zoneinfo/Africa/Brazzaville	only original
.venv/Lib/site-packages/tzdata/zoneinfo/Africa/Bujumbura	only original
.venv/Lib/site-packages/tzdata/zoneinfo/Africa/Cairo	only original
.venv/Lib/site-packages/tzdata/zoneinfo/Africa/Casablanca	only original
.venv/Lib/site-packages/tzdata/zoneinfo/Africa/Ceuta	only original
.venv/Lib/site-packages/tzdata/zoneinfo/Africa/Conakry	only original
.venv/Lib/site-packages/tzdata/zoneinfo/Africa/Dakar	only original
.venv/Lib/site-packages/tzdata/zoneinfo/Africa/Dar_es_Salaam	only original
.venv/Lib/site-packages/tzdata/zoneinfo/Africa/Djibouti	only original
.venv/Lib/site-packages/tzdata/zoneinfo/Africa/Douala	only original
.venv/Lib/site-packages/tzdata/zoneinfo/Africa/El_Aaiun	only original
.venv/Lib/site-packages/tzdata/zoneinfo/Africa/Freetown	only original
.venv/Lib/site-packages/tzdata/zoneinfo/Africa/Gaborone	only original
.venv/Lib/site-packages/tzdata/zoneinfo/Africa/Harare	only original
.venv/Lib/site-packages/tzdata/zoneinfo/Africa/Johannesburg	only original
.venv/Lib/site-packages/tzdata/zoneinfo/Africa/Juba	only original
.venv/Lib/site-packages/tzdata/zoneinfo/Africa/Kampala	only original
.venv/Lib/site-packages/tzdata/zoneinfo/Africa/Khartoum	only original
.venv/Lib/site-packages/tzdata/zoneinfo/Africa/Kigali	only original
.venv/Lib/site-packages/tzdata/zoneinfo/Africa/Kinshasa	only original
.venv/Lib/site-packages/tzdata/zoneinfo/Africa/Lagos	only original
.venv/Lib/site-packages/tzdata/zoneinfo/Africa/Libreville	only original
.venv/Lib/site-packages/tzdata/zoneinfo/Africa/Lome	only original
.venv/Lib/site-packages/tzdata/zoneinfo/Africa/Luanda	only original
.venv/Lib/site-packages/tzdata/zoneinfo/Africa/Lubumbashi	only original
.venv/Lib/site-packages/tzdata/zoneinfo/Africa/Lusaka	only original
.venv/Lib/site-packages/tzdata/zoneinfo/Africa/Malabo	only original
.venv/Lib/site-packages/tzdata/zoneinfo/Africa/Maputo	only original
.venv/Lib/site-packages/tzdata/zoneinfo/Africa/Maseru	only original
.venv/Lib/site-packages/tzdata/zoneinfo/Africa/Mbabane	only original
.venv/Lib/site-packages/tzdata/zoneinfo/Africa/Mogadishu	only original
.venv/Lib/site-packages/tzdata/zoneinfo/Africa/Monrovia	only original
.venv/Lib/site-packages/tzdata/zoneinfo/Africa/Nairobi	only original
.venv/Lib/site-packages/tzdata/zoneinfo/Africa/Ndjamena	only original
.venv/Lib/site-packages/tzdata/zoneinfo/Africa/Niamey	only original
.venv/Lib/site-packages/tzdata/zoneinfo/Africa/Nouakchott	only original
.venv/Lib/site-packages/tzdata/zoneinfo/Africa/Ouagadougou	only original
.venv/Lib/site-packages/tzdata/zoneinfo/Africa/Porto-Novo	only original
.venv/Lib/site-packages/tzdata/zoneinfo/Africa/Sao_Tome	only original
.venv/Lib/site-packages/tzdata/zoneinfo/Africa/Timbuktu	only original
.venv/Lib/site-packages/tzdata/zoneinfo/Africa/Tripoli	only original
.venv/Lib/site-packages/tzdata/zoneinfo/Africa/Tunis	only original
.venv/Lib/site-packages/tzdata/zoneinfo/Africa/Windhoek	only original
.venv/Lib/site-packages/tzdata/zoneinfo/Africa/__init__.py	only original
.venv/Lib/site-packages/tzdata/zoneinfo/Africa/__pycache__/__init__.cpython-312.pyc	only original
.venv/Lib/site-packages/tzdata/zoneinfo/America/Adak	only original
.venv/Lib/site-packages/tzdata/zoneinfo/America/Anchorage	only original
.venv/Lib/site-packages/tzdata/zoneinfo/America/Anguilla	only original
.venv/Lib/site-packages/tzdata/zoneinfo/America/Antigua	only original
.venv/Lib/site-packages/tzdata/zoneinfo/America/Araguaina	only original
.venv/Lib/site-packages/tzdata/zoneinfo/America/Argentina/Buenos_Aires	only original
.venv/Lib/site-packages/tzdata/zoneinfo/America/Argentina/Catamarca	only original
.venv/Lib/site-packages/tzdata/zoneinfo/America/Argentina/ComodRivadavia	only original
.venv/Lib/site-packages/tzdata/zoneinfo/America/Argentina/Cordoba	only original
.venv/Lib/site-packages/tzdata/zoneinfo/America/Argentina/Jujuy	only original
.venv/Lib/site-packages/tzdata/zoneinfo/America/Argentina/La_Rioja	only original
.venv/Lib/site-packages/tzdata/zoneinfo/America/Argentina/Mendoza	only original
.venv/Lib/site-packages/tzdata/zoneinfo/America/Argentina/Rio_Gallegos	only original
.venv/Lib/site-packages/tzdata/zoneinfo/America/Argentina/Salta	only original
.venv/Lib/site-packages/tzdata/zoneinfo/America/Argentina/San_Juan	only original
.venv/Lib/site-packages/tzdata/zoneinfo/America/Argentina/San_Luis	only original
.venv/Lib/site-packages/tzdata/zoneinfo/America/Argentina/Tucuman	only original
.venv/Lib/site-packages/tzdata/zoneinfo/America/Argentina/Ushuaia	only original
.venv/Lib/site-packages/tzdata/zoneinfo/America/Argentina/__init__.py	only original
.venv/Lib/site-packages/tzdata/zoneinfo/America/Argentina/__pycache__/__init__.cpython-312.pyc	only original
.venv/Lib/site-packages/tzdata/zoneinfo/America/Aruba	only original
.venv/Lib/site-packages/tzdata/zoneinfo/America/Asuncion	only original
.venv/Lib/site-packages/tzdata/zoneinfo/America/Atikokan	only original
.venv/Lib/site-packages/tzdata/zoneinfo/America/Atka	only original
.venv/Lib/site-packages/tzdata/zoneinfo/America/Bahia	only original
.venv/Lib/site-packages/tzdata/zoneinfo/America/Bahia_Banderas	only original
.venv/Lib/site-packages/tzdata/zoneinfo/America/Barbados	only original
.venv/Lib/site-packages/tzdata/zoneinfo/America/Belem	only original
.venv/Lib/site-packages/tzdata/zoneinfo/America/Belize	only original
.venv/Lib/site-packages/tzdata/zoneinfo/America/Blanc-Sablon	only original
.venv/Lib/site-packages/tzdata/zoneinfo/America/Boa_Vista	only original
.venv/Lib/site-packages/tzdata/zoneinfo/America/Bogota	only original
.venv/Lib/site-packages/tzdata/zoneinfo/America/Boise	only original
.venv/Lib/site-packages/tzdata/zoneinfo/America/Buenos_Aires	only original
.venv/Lib/site-packages/tzdata/zoneinfo/America/Cambridge_Bay	only original
.venv/Lib/site-packages/tzdata/zoneinfo/America/Campo_Grande	only original
.venv/Lib/site-packages/tzdata/zoneinfo/America/Cancun	only original
.venv/Lib/site-packages/tzdata/zoneinfo/America/Caracas	only original
.venv/Lib/site-packages/tzdata/zoneinfo/America/Catamarca	only original
.venv/Lib/site-packages/tzdata/zoneinfo/America/Cayenne	only original
.venv/Lib/site-packages/tzdata/zoneinfo/America/Cayman	only original
.venv/Lib/site-packages/tzdata/zoneinfo/America/Chicago	only original
.venv/Lib/site-packages/tzdata/zoneinfo/America/Chihuahua	only original
.venv/Lib/site-packages/tzdata/zoneinfo/America/Ciudad_Juarez	only original
.venv/Lib/site-packages/tzdata/zoneinfo/America/Coral_Harbour	only original
.venv/Lib/site-packages/tzdata/zoneinfo/America/Cordoba	only original
.venv/Lib/site-packages/tzdata/zoneinfo/America/Costa_Rica	only original
.venv/Lib/site-packages/tzdata/zoneinfo/America/Coyhaique	only original
.venv/Lib/site-packages/tzdata/zoneinfo/America/Creston	only original
.venv/Lib/site-packages/tzdata/zoneinfo/America/Cuiaba	only original
.venv/Lib/site-packages/tzdata/zoneinfo/America/Curacao	only original
.venv/Lib/site-packages/tzdata/zoneinfo/America/Danmarkshavn	only original
.venv/Lib/site-packages/tzdata/zoneinfo/America/Dawson	only original
.venv/Lib/site-packages/tzdata/zoneinfo/America/Dawson_Creek	only original
.venv/Lib/site-packages/tzdata/zoneinfo/America/Denver	only original
.venv/Lib/site-packages/tzdata/zoneinfo/America/Detroit	only original
.venv/Lib/site-packages/tzdata/zoneinfo/America/Dominica	only original
.venv/Lib/site-packages/tzdata/zoneinfo/America/Edmonton	only original
.venv/Lib/site-packages/tzdata/zoneinfo/America/Eirunepe	only original
.venv/Lib/site-packages/tzdata/zoneinfo/America/El_Salvador	only original
.venv/Lib/site-packages/tzdata/zoneinfo/America/Ensenada	only original
.venv/Lib/site-packages/tzdata/zoneinfo/America/Fort_Nelson	only original
.venv/Lib/site-packages/tzdata/zoneinfo/America/Fort_Wayne	only original
.venv/Lib/site-packages/tzdata/zoneinfo/America/Fortaleza	only original
.venv/Lib/site-packages/tzdata/zoneinfo/America/Glace_Bay	only original
.venv/Lib/site-packages/tzdata/zoneinfo/America/Godthab	only original
.venv/Lib/site-packages/tzdata/zoneinfo/America/Goose_Bay	only original
.venv/Lib/site-packages/tzdata/zoneinfo/America/Grand_Turk	only original
.venv/Lib/site-packages/tzdata/zoneinfo/America/Grenada	only original
.venv/Lib/site-packages/tzdata/zoneinfo/America/Guadeloupe	only original
.venv/Lib/site-packages/tzdata/zoneinfo/America/Guatemala	only original
.venv/Lib/site-packages/tzdata/zoneinfo/America/Guayaquil	only original
.venv/Lib/site-packages/tzdata/zoneinfo/America/Guyana	only original
.venv/Lib/site-packages/tzdata/zoneinfo/America/Halifax	only original
.venv/Lib/site-packages/tzdata/zoneinfo/America/Havana	only original
.venv/Lib/site-packages/tzdata/zoneinfo/America/Hermosillo	only original
.venv/Lib/site-packages/tzdata/zoneinfo/America/Indiana/Indianapolis	only original
.venv/Lib/site-packages/tzdata/zoneinfo/America/Indiana/Knox	only original
.venv/Lib/site-packages/tzdata/zoneinfo/America/Indiana/Marengo	only original
.venv/Lib/site-packages/tzdata/zoneinfo/America/Indiana/Petersburg	only original
.venv/Lib/site-packages/tzdata/zoneinfo/America/Indiana/Tell_City	only original
.venv/Lib/site-packages/tzdata/zoneinfo/America/Indiana/Vevay	only original
.venv/Lib/site-packages/tzdata/zoneinfo/America/Indiana/Vincennes	only original
.venv/Lib/site-packages/tzdata/zoneinfo/America/Indiana/Winamac	only original
.venv/Lib/site-packages/tzdata/zoneinfo/America/Indiana/__init__.py	only original
.venv/Lib/site-packages/tzdata/zoneinfo/America/Indiana/__pycache__/__init__.cpython-312.pyc	only original
.venv/Lib/site-packages/tzdata/zoneinfo/America/Indianapolis	only original
.venv/Lib/site-packages/tzdata/zoneinfo/America/Inuvik	only original
.venv/Lib/site-packages/tzdata/zoneinfo/America/Iqaluit	only original
.venv/Lib/site-packages/tzdata/zoneinfo/America/Jamaica	only original
.venv/Lib/site-packages/tzdata/zoneinfo/America/Jujuy	only original
.venv/Lib/site-packages/tzdata/zoneinfo/America/Juneau	only original
.venv/Lib/site-packages/tzdata/zoneinfo/America/Kentucky/Louisville	only original
.venv/Lib/site-packages/tzdata/zoneinfo/America/Kentucky/Monticello	only original
.venv/Lib/site-packages/tzdata/zoneinfo/America/Kentucky/__init__.py	only original
.venv/Lib/site-packages/tzdata/zoneinfo/America/Kentucky/__pycache__/__init__.cpython-312.pyc	only original
.venv/Lib/site-packages/tzdata/zoneinfo/America/Knox_IN	only original
.venv/Lib/site-packages/tzdata/zoneinfo/America/Kralendijk	only original
.venv/Lib/site-packages/tzdata/zoneinfo/America/La_Paz	only original
.venv/Lib/site-packages/tzdata/zoneinfo/America/Lima	only original
.venv/Lib/site-packages/tzdata/zoneinfo/America/Los_Angeles	only original
.venv/Lib/site-packages/tzdata/zoneinfo/America/Louisville	only original
.venv/Lib/site-packages/tzdata/zoneinfo/America/Lower_Princes	only original
.venv/Lib/site-packages/tzdata/zoneinfo/America/Maceio	only original
.venv/Lib/site-packages/tzdata/zoneinfo/America/Managua	only original
.venv/Lib/site-packages/tzdata/zoneinfo/America/Manaus	only original
.venv/Lib/site-packages/tzdata/zoneinfo/America/Marigot	only original
.venv/Lib/site-packages/tzdata/zoneinfo/America/Martinique	only original
.venv/Lib/site-packages/tzdata/zoneinfo/America/Matamoros	only original
.venv/Lib/site-packages/tzdata/zoneinfo/America/Mazatlan	only original
.venv/Lib/site-packages/tzdata/zoneinfo/America/Mendoza	only original
.venv/Lib/site-packages/tzdata/zoneinfo/America/Menominee	only original
.venv/Lib/site-packages/tzdata/zoneinfo/America/Merida	only original
.venv/Lib/site-packages/tzdata/zoneinfo/America/Metlakatla	only original
.venv/Lib/site-packages/tzdata/zoneinfo/America/Mexico_City	only original
.venv/Lib/site-packages/tzdata/zoneinfo/America/Miquelon	only original
.venv/Lib/site-packages/tzdata/zoneinfo/America/Moncton	only original
.venv/Lib/site-packages/tzdata/zoneinfo/America/Monterrey	only original
.venv/Lib/site-packages/tzdata/zoneinfo/America/Montevideo	only original
.venv/Lib/site-packages/tzdata/zoneinfo/America/Montreal	only original
.venv/Lib/site-packages/tzdata/zoneinfo/America/Montserrat	only original
.venv/Lib/site-packages/tzdata/zoneinfo/America/Nassau	only original
.venv/Lib/site-packages/tzdata/zoneinfo/America/New_York	only original
.venv/Lib/site-packages/tzdata/zoneinfo/America/Nipigon	only original
.venv/Lib/site-packages/tzdata/zoneinfo/America/Nome	only original
.venv/Lib/site-packages/tzdata/zoneinfo/America/Noronha	only original
.venv/Lib/site-packages/tzdata/zoneinfo/America/North_Dakota/Beulah	only original
.venv/Lib/site-packages/tzdata/zoneinfo/America/North_Dakota/Center	only original
.venv/Lib/site-packages/tzdata/zoneinfo/America/North_Dakota/New_Salem	only original
.venv/Lib/site-packages/tzdata/zoneinfo/America/North_Dakota/__init__.py	only original
.venv/Lib/site-packages/tzdata/zoneinfo/America/North_Dakota/__pycache__/__init__.cpython-312.pyc	only original
.venv/Lib/site-packages/tzdata/zoneinfo/America/Nuuk	only original
.venv/Lib/site-packages/tzdata/zoneinfo/America/Ojinaga	only original
.venv/Lib/site-packages/tzdata/zoneinfo/America/Panama	only original
.venv/Lib/site-packages/tzdata/zoneinfo/America/Pangnirtung	only original
.venv/Lib/site-packages/tzdata/zoneinfo/America/Paramaribo	only original
.venv/Lib/site-packages/tzdata/zoneinfo/America/Phoenix	only original
.venv/Lib/site-packages/tzdata/zoneinfo/America/Port-au-Prince	only original
.venv/Lib/site-packages/tzdata/zoneinfo/America/Port_of_Spain	only original
.venv/Lib/site-packages/tzdata/zoneinfo/America/Porto_Acre	only original
.venv/Lib/site-packages/tzdata/zoneinfo/America/Porto_Velho	only original
.venv/Lib/site-packages/tzdata/zoneinfo/America/Puerto_Rico	only original
.venv/Lib/site-packages/tzdata/zoneinfo/America/Punta_Arenas	only original
.venv/Lib/site-packages/tzdata/zoneinfo/America/Rainy_River	only original
.venv/Lib/site-packages/tzdata/zoneinfo/America/Rankin_Inlet	only original
.venv/Lib/site-packages/tzdata/zoneinfo/America/Recife	only original
.venv/Lib/site-packages/tzdata/zoneinfo/America/Regina	only original
.venv/Lib/site-packages/tzdata/zoneinfo/America/Resolute	only original
.venv/Lib/site-packages/tzdata/zoneinfo/America/Rio_Branco	only original
.venv/Lib/site-packages/tzdata/zoneinfo/America/Rosario	only original
.venv/Lib/site-packages/tzdata/zoneinfo/America/Santa_Isabel	only original
.venv/Lib/site-packages/tzdata/zoneinfo/America/Santarem	only original
.venv/Lib/site-packages/tzdata/zoneinfo/America/Santiago	only original
.venv/Lib/site-packages/tzdata/zoneinfo/America/Santo_Domingo	only original
.venv/Lib/site-packages/tzdata/zoneinfo/America/Sao_Paulo	only original
.venv/Lib/site-packages/tzdata/zoneinfo/America/Scoresbysund	only original
.venv/Lib/site-packages/tzdata/zoneinfo/America/Shiprock	only original
.venv/Lib/site-packages/tzdata/zoneinfo/America/Sitka	only original
.venv/Lib/site-packages/tzdata/zoneinfo/America/St_Barthelemy	only original
.venv/Lib/site-packages/tzdata/zoneinfo/America/St_Johns	only original
.venv/Lib/site-packages/tzdata/zoneinfo/America/St_Kitts	only original
.venv/Lib/site-packages/tzdata/zoneinfo/America/St_Lucia	only original
.venv/Lib/site-packages/tzdata/zoneinfo/America/St_Thomas	only original
.venv/Lib/site-packages/tzdata/zoneinfo/America/St_Vincent	only original
.venv/Lib/site-packages/tzdata/zoneinfo/America/Swift_Current	only original
.venv/Lib/site-packages/tzdata/zoneinfo/America/Tegucigalpa	only original
.venv/Lib/site-packages/tzdata/zoneinfo/America/Thule	only original
.venv/Lib/site-packages/tzdata/zoneinfo/America/Thunder_Bay	only original
.venv/Lib/site-packages/tzdata/zoneinfo/America/Tijuana	only original
.venv/Lib/site-packages/tzdata/zoneinfo/America/Toronto	only original
.venv/Lib/site-packages/tzdata/zoneinfo/America/Tortola	only original
.venv/Lib/site-packages/tzdata/zoneinfo/America/Vancouver	only original
.venv/Lib/site-packages/tzdata/zoneinfo/America/Virgin	only original
.venv/Lib/site-packages/tzdata/zoneinfo/America/Whitehorse	only original
.venv/Lib/site-packages/tzdata/zoneinfo/America/Winnipeg	only original
.venv/Lib/site-packages/tzdata/zoneinfo/America/Yakutat	only original
.venv/Lib/site-packages/tzdata/zoneinfo/America/Yellowknife	only original
.venv/Lib/site-packages/tzdata/zoneinfo/America/__init__.py	only original
.venv/Lib/site-packages/tzdata/zoneinfo/America/__pycache__/__init__.cpython-312.pyc	only original
.venv/Lib/site-packages/tzdata/zoneinfo/Antarctica/Casey	only original
.venv/Lib/site-packages/tzdata/zoneinfo/Antarctica/Davis	only original
.venv/Lib/site-packages/tzdata/zoneinfo/Antarctica/DumontDUrville	only original
.venv/Lib/site-packages/tzdata/zoneinfo/Antarctica/Macquarie	only original
.venv/Lib/site-packages/tzdata/zoneinfo/Antarctica/Mawson	only original
.venv/Lib/site-packages/tzdata/zoneinfo/Antarctica/McMurdo	only original
.venv/Lib/site-packages/tzdata/zoneinfo/Antarctica/Palmer	only original
.venv/Lib/site-packages/tzdata/zoneinfo/Antarctica/Rothera	only original
.venv/Lib/site-packages/tzdata/zoneinfo/Antarctica/South_Pole	only original
.venv/Lib/site-packages/tzdata/zoneinfo/Antarctica/Syowa	only original
.venv/Lib/site-packages/tzdata/zoneinfo/Antarctica/Troll	only original
.venv/Lib/site-packages/tzdata/zoneinfo/Antarctica/Vostok	only original
.venv/Lib/site-packages/tzdata/zoneinfo/Antarctica/__init__.py	only original
.venv/Lib/site-packages/tzdata/zoneinfo/Antarctica/__pycache__/__init__.cpython-312.pyc	only original
.venv/Lib/site-packages/tzdata/zoneinfo/Arctic/Longyearbyen	only original
.venv/Lib/site-packages/tzdata/zoneinfo/Arctic/__init__.py	only original
.venv/Lib/site-packages/tzdata/zoneinfo/Arctic/__pycache__/__init__.cpython-312.pyc	only original
.venv/Lib/site-packages/tzdata/zoneinfo/Asia/Aden	only original
.venv/Lib/site-packages/tzdata/zoneinfo/Asia/Almaty	only original
.venv/Lib/site-packages/tzdata/zoneinfo/Asia/Amman	only original
.venv/Lib/site-packages/tzdata/zoneinfo/Asia/Anadyr	only original
.venv/Lib/site-packages/tzdata/zoneinfo/Asia/Aqtau	only original
.venv/Lib/site-packages/tzdata/zoneinfo/Asia/Aqtobe	only original
.venv/Lib/site-packages/tzdata/zoneinfo/Asia/Ashgabat	only original
.venv/Lib/site-packages/tzdata/zoneinfo/Asia/Ashkhabad	only original
.venv/Lib/site-packages/tzdata/zoneinfo/Asia/Atyrau	only original
.venv/Lib/site-packages/tzdata/zoneinfo/Asia/Baghdad	only original
.venv/Lib/site-packages/tzdata/zoneinfo/Asia/Bahrain	only original
.venv/Lib/site-packages/tzdata/zoneinfo/Asia/Baku	only original
.venv/Lib/site-packages/tzdata/zoneinfo/Asia/Bangkok	only original
.venv/Lib/site-packages/tzdata/zoneinfo/Asia/Barnaul	only original
.venv/Lib/site-packages/tzdata/zoneinfo/Asia/Beirut	only original
.venv/Lib/site-packages/tzdata/zoneinfo/Asia/Bishkek	only original
.venv/Lib/site-packages/tzdata/zoneinfo/Asia/Brunei	only original
.venv/Lib/site-packages/tzdata/zoneinfo/Asia/Calcutta	only original
.venv/Lib/site-packages/tzdata/zoneinfo/Asia/Chita	only original
.venv/Lib/site-packages/tzdata/zoneinfo/Asia/Choibalsan	only original
.venv/Lib/site-packages/tzdata/zoneinfo/Asia/Chongqing	only original
.venv/Lib/site-packages/tzdata/zoneinfo/Asia/Chungking	only original
.venv/Lib/site-packages/tzdata/zoneinfo/Asia/Colombo	only original
.venv/Lib/site-packages/tzdata/zoneinfo/Asia/Dacca	only original
.venv/Lib/site-packages/tzdata/zoneinfo/Asia/Damascus	only original
.venv/Lib/site-packages/tzdata/zoneinfo/Asia/Dhaka	only original
.venv/Lib/site-packages/tzdata/zoneinfo/Asia/Dili	only original
.venv/Lib/site-packages/tzdata/zoneinfo/Asia/Dubai	only original
.venv/Lib/site-packages/tzdata/zoneinfo/Asia/Dushanbe	only original
.venv/Lib/site-packages/tzdata/zoneinfo/Asia/Famagusta	only original
.venv/Lib/site-packages/tzdata/zoneinfo/Asia/Gaza	only original
.venv/Lib/site-packages/tzdata/zoneinfo/Asia/Harbin	only original
.venv/Lib/site-packages/tzdata/zoneinfo/Asia/Hebron	only original
.venv/Lib/site-packages/tzdata/zoneinfo/Asia/Ho_Chi_Minh	only original
.venv/Lib/site-packages/tzdata/zoneinfo/Asia/Hong_Kong	only original
.venv/Lib/site-packages/tzdata/zoneinfo/Asia/Hovd	only original
.venv/Lib/site-packages/tzdata/zoneinfo/Asia/Irkutsk	only original
.venv/Lib/site-packages/tzdata/zoneinfo/Asia/Istanbul	only original
.venv/Lib/site-packages/tzdata/zoneinfo/Asia/Jakarta	only original
.venv/Lib/site-packages/tzdata/zoneinfo/Asia/Jayapura	only original
.venv/Lib/site-packages/tzdata/zoneinfo/Asia/Jerusalem	only original
.venv/Lib/site-packages/tzdata/zoneinfo/Asia/Kabul	only original
.venv/Lib/site-packages/tzdata/zoneinfo/Asia/Kamchatka	only original
.venv/Lib/site-packages/tzdata/zoneinfo/Asia/Karachi	only original
.venv/Lib/site-packages/tzdata/zoneinfo/Asia/Kashgar	only original
.venv/Lib/site-packages/tzdata/zoneinfo/Asia/Kathmandu	only original
.venv/Lib/site-packages/tzdata/zoneinfo/Asia/Katmandu	only original
.venv/Lib/site-packages/tzdata/zoneinfo/Asia/Khandyga	only original
.venv/Lib/site-packages/tzdata/zoneinfo/Asia/Kolkata	only original
.venv/Lib/site-packages/tzdata/zoneinfo/Asia/Krasnoyarsk	only original
.venv/Lib/site-packages/tzdata/zoneinfo/Asia/Kuala_Lumpur	only original
.venv/Lib/site-packages/tzdata/zoneinfo/Asia/Kuching	only original
.venv/Lib/site-packages/tzdata/zoneinfo/Asia/Kuwait	only original
.venv/Lib/site-packages/tzdata/zoneinfo/Asia/Macao	only original
.venv/Lib/site-packages/tzdata/zoneinfo/Asia/Macau	only original
.venv/Lib/site-packages/tzdata/zoneinfo/Asia/Magadan	only original
.venv/Lib/site-packages/tzdata/zoneinfo/Asia/Makassar	only original
.venv/Lib/site-packages/tzdata/zoneinfo/Asia/Manila	only original
.venv/Lib/site-packages/tzdata/zoneinfo/Asia/Muscat	only original
.venv/Lib/site-packages/tzdata/zoneinfo/Asia/Nicosia	only original
.venv/Lib/site-packages/tzdata/zoneinfo/Asia/Novokuznetsk	only original
.venv/Lib/site-packages/tzdata/zoneinfo/Asia/Novosibirsk	only original
.venv/Lib/site-packages/tzdata/zoneinfo/Asia/Omsk	only original
.venv/Lib/site-packages/tzdata/zoneinfo/Asia/Oral	only original
.venv/Lib/site-packages/tzdata/zoneinfo/Asia/Phnom_Penh	only original
.venv/Lib/site-packages/tzdata/zoneinfo/Asia/Pontianak	only original
.venv/Lib/site-packages/tzdata/zoneinfo/Asia/Pyongyang	only original
.venv/Lib/site-packages/tzdata/zoneinfo/Asia/Qatar	only original
.venv/Lib/site-packages/tzdata/zoneinfo/Asia/Qostanay	only original
.venv/Lib/site-packages/tzdata/zoneinfo/Asia/Qyzylorda	only original
.venv/Lib/site-packages/tzdata/zoneinfo/Asia/Rangoon	only original
.venv/Lib/site-packages/tzdata/zoneinfo/Asia/Riyadh	only original
.venv/Lib/site-packages/tzdata/zoneinfo/Asia/Saigon	only original
.venv/Lib/site-packages/tzdata/zoneinfo/Asia/Sakhalin	only original
.venv/Lib/site-packages/tzdata/zoneinfo/Asia/Samarkand	only original
.venv/Lib/site-packages/tzdata/zoneinfo/Asia/Seoul	only original
.venv/Lib/site-packages/tzdata/zoneinfo/Asia/Shanghai	only original
.venv/Lib/site-packages/tzdata/zoneinfo/Asia/Singapore	only original
.venv/Lib/site-packages/tzdata/zoneinfo/Asia/Srednekolymsk	only original
.venv/Lib/site-packages/tzdata/zoneinfo/Asia/Taipei	only original
.venv/Lib/site-packages/tzdata/zoneinfo/Asia/Tashkent	only original
.venv/Lib/site-packages/tzdata/zoneinfo/Asia/Tbilisi	only original
.venv/Lib/site-packages/tzdata/zoneinfo/Asia/Tehran	only original
.venv/Lib/site-packages/tzdata/zoneinfo/Asia/Tel_Aviv	only original
.venv/Lib/site-packages/tzdata/zoneinfo/Asia/Thimbu	only original
.venv/Lib/site-packages/tzdata/zoneinfo/Asia/Thimphu	only original
.venv/Lib/site-packages/tzdata/zoneinfo/Asia/Tokyo	only original
.venv/Lib/site-packages/tzdata/zoneinfo/Asia/Tomsk	only original
.venv/Lib/site-packages/tzdata/zoneinfo/Asia/Ujung_Pandang	only original
.venv/Lib/site-packages/tzdata/zoneinfo/Asia/Ulaanbaatar	only original
.venv/Lib/site-packages/tzdata/zoneinfo/Asia/Ulan_Bator	only original
.venv/Lib/site-packages/tzdata/zoneinfo/Asia/Urumqi	only original
.venv/Lib/site-packages/tzdata/zoneinfo/Asia/Ust-Nera	only original
.venv/Lib/site-packages/tzdata/zoneinfo/Asia/Vientiane	only original
.venv/Lib/site-packages/tzdata/zoneinfo/Asia/Vladivostok	only original
.venv/Lib/site-packages/tzdata/zoneinfo/Asia/Yakutsk	only original
.venv/Lib/site-packages/tzdata/zoneinfo/Asia/Yangon	only original
.venv/Lib/site-packages/tzdata/zoneinfo/Asia/Yekaterinburg	only original
.venv/Lib/site-packages/tzdata/zoneinfo/Asia/Yerevan	only original
.venv/Lib/site-packages/tzdata/zoneinfo/Asia/__init__.py	only original
.venv/Lib/site-packages/tzdata/zoneinfo/Asia/__pycache__/__init__.cpython-312.pyc	only original
.venv/Lib/site-packages/tzdata/zoneinfo/Atlantic/Azores	only original
.venv/Lib/site-packages/tzdata/zoneinfo/Atlantic/Bermuda	only original
.venv/Lib/site-packages/tzdata/zoneinfo/Atlantic/Canary	only original
.venv/Lib/site-packages/tzdata/zoneinfo/Atlantic/Cape_Verde	only original
.venv/Lib/site-packages/tzdata/zoneinfo/Atlantic/Faeroe	only original
.venv/Lib/site-packages/tzdata/zoneinfo/Atlantic/Faroe	only original
.venv/Lib/site-packages/tzdata/zoneinfo/Atlantic/Jan_Mayen	only original
.venv/Lib/site-packages/tzdata/zoneinfo/Atlantic/Madeira	only original
.venv/Lib/site-packages/tzdata/zoneinfo/Atlantic/Reykjavik	only original
.venv/Lib/site-packages/tzdata/zoneinfo/Atlantic/South_Georgia	only original
.venv/Lib/site-packages/tzdata/zoneinfo/Atlantic/St_Helena	only original
.venv/Lib/site-packages/tzdata/zoneinfo/Atlantic/Stanley	only original
.venv/Lib/site-packages/tzdata/zoneinfo/Atlantic/__init__.py	only original
.venv/Lib/site-packages/tzdata/zoneinfo/Atlantic/__pycache__/__init__.cpython-312.pyc	only original
.venv/Lib/site-packages/tzdata/zoneinfo/Australia/ACT	only original
.venv/Lib/site-packages/tzdata/zoneinfo/Australia/Adelaide	only original
.venv/Lib/site-packages/tzdata/zoneinfo/Australia/Brisbane	only original
.venv/Lib/site-packages/tzdata/zoneinfo/Australia/Broken_Hill	only original
.venv/Lib/site-packages/tzdata/zoneinfo/Australia/Canberra	only original
.venv/Lib/site-packages/tzdata/zoneinfo/Australia/Currie	only original
.venv/Lib/site-packages/tzdata/zoneinfo/Australia/Darwin	only original
.venv/Lib/site-packages/tzdata/zoneinfo/Australia/Eucla	only original
.venv/Lib/site-packages/tzdata/zoneinfo/Australia/Hobart	only original
.venv/Lib/site-packages/tzdata/zoneinfo/Australia/LHI	only original
.venv/Lib/site-packages/tzdata/zoneinfo/Australia/Lindeman	only original
.venv/Lib/site-packages/tzdata/zoneinfo/Australia/Lord_Howe	only original
.venv/Lib/site-packages/tzdata/zoneinfo/Australia/Melbourne	only original
.venv/Lib/site-packages/tzdata/zoneinfo/Australia/NSW	only original
.venv/Lib/site-packages/tzdata/zoneinfo/Australia/North	only original
.venv/Lib/site-packages/tzdata/zoneinfo/Australia/Perth	only original
.venv/Lib/site-packages/tzdata/zoneinfo/Australia/Queensland	only original
.venv/Lib/site-packages/tzdata/zoneinfo/Australia/South	only original
.venv/Lib/site-packages/tzdata/zoneinfo/Australia/Sydney	only original
.venv/Lib/site-packages/tzdata/zoneinfo/Australia/Tasmania	only original
.venv/Lib/site-packages/tzdata/zoneinfo/Australia/Victoria	only original
.venv/Lib/site-packages/tzdata/zoneinfo/Australia/West	only original
.venv/Lib/site-packages/tzdata/zoneinfo/Australia/Yancowinna	only original
.venv/Lib/site-packages/tzdata/zoneinfo/Australia/__init__.py	only original
.venv/Lib/site-packages/tzdata/zoneinfo/Australia/__pycache__/__init__.cpython-312.pyc	only original
.venv/Lib/site-packages/tzdata/zoneinfo/Brazil/Acre	only original
.venv/Lib/site-packages/tzdata/zoneinfo/Brazil/DeNoronha	only original
.venv/Lib/site-packages/tzdata/zoneinfo/Brazil/East	only original
.venv/Lib/site-packages/tzdata/zoneinfo/Brazil/West	only original
.venv/Lib/site-packages/tzdata/zoneinfo/Brazil/__init__.py	only original
.venv/Lib/site-packages/tzdata/zoneinfo/Brazil/__pycache__/__init__.cpython-312.pyc	only original
.venv/Lib/site-packages/tzdata/zoneinfo/CET	only original
.venv/Lib/site-packages/tzdata/zoneinfo/CST6CDT	only original
.venv/Lib/site-packages/tzdata/zoneinfo/Canada/Atlantic	only original
.venv/Lib/site-packages/tzdata/zoneinfo/Canada/Central	only original
.venv/Lib/site-packages/tzdata/zoneinfo/Canada/Eastern	only original
.venv/Lib/site-packages/tzdata/zoneinfo/Canada/Mountain	only original
.venv/Lib/site-packages/tzdata/zoneinfo/Canada/Newfoundland	only original
.venv/Lib/site-packages/tzdata/zoneinfo/Canada/Pacific	only original
.venv/Lib/site-packages/tzdata/zoneinfo/Canada/Saskatchewan	only original
.venv/Lib/site-packages/tzdata/zoneinfo/Canada/Yukon	only original
.venv/Lib/site-packages/tzdata/zoneinfo/Canada/__init__.py	only original
.venv/Lib/site-packages/tzdata/zoneinfo/Canada/__pycache__/__init__.cpython-312.pyc	only original
.venv/Lib/site-packages/tzdata/zoneinfo/Chile/Continental	only original
.venv/Lib/site-packages/tzdata/zoneinfo/Chile/EasterIsland	only original
.venv/Lib/site-packages/tzdata/zoneinfo/Chile/__init__.py	only original
.venv/Lib/site-packages/tzdata/zoneinfo/Chile/__pycache__/__init__.cpython-312.pyc	only original
.venv/Lib/site-packages/tzdata/zoneinfo/Cuba	only original
.venv/Lib/site-packages/tzdata/zoneinfo/EET	only original
.venv/Lib/site-packages/tzdata/zoneinfo/EST	only original
.venv/Lib/site-packages/tzdata/zoneinfo/EST5EDT	only original
.venv/Lib/site-packages/tzdata/zoneinfo/Egypt	only original
.venv/Lib/site-packages/tzdata/zoneinfo/Eire	only original
.venv/Lib/site-packages/tzdata/zoneinfo/Etc/GMT	only original
.venv/Lib/site-packages/tzdata/zoneinfo/Etc/GMT+0	only original
.venv/Lib/site-packages/tzdata/zoneinfo/Etc/GMT+1	only original
.venv/Lib/site-packages/tzdata/zoneinfo/Etc/GMT+10	only original
.venv/Lib/site-packages/tzdata/zoneinfo/Etc/GMT+11	only original
.venv/Lib/site-packages/tzdata/zoneinfo/Etc/GMT+12	only original
.venv/Lib/site-packages/tzdata/zoneinfo/Etc/GMT+2	only original
.venv/Lib/site-packages/tzdata/zoneinfo/Etc/GMT+3	only original
.venv/Lib/site-packages/tzdata/zoneinfo/Etc/GMT+4	only original
.venv/Lib/site-packages/tzdata/zoneinfo/Etc/GMT+5	only original
.venv/Lib/site-packages/tzdata/zoneinfo/Etc/GMT+6	only original
.venv/Lib/site-packages/tzdata/zoneinfo/Etc/GMT+7	only original
.venv/Lib/site-packages/tzdata/zoneinfo/Etc/GMT+8	only original
.venv/Lib/site-packages/tzdata/zoneinfo/Etc/GMT+9	only original
.venv/Lib/site-packages/tzdata/zoneinfo/Etc/GMT-0	only original
.venv/Lib/site-packages/tzdata/zoneinfo/Etc/GMT-1	only original
.venv/Lib/site-packages/tzdata/zoneinfo/Etc/GMT-10	only original
.venv/Lib/site-packages/tzdata/zoneinfo/Etc/GMT-11	only original
.venv/Lib/site-packages/tzdata/zoneinfo/Etc/GMT-12	only original
.venv/Lib/site-packages/tzdata/zoneinfo/Etc/GMT-13	only original
.venv/Lib/site-packages/tzdata/zoneinfo/Etc/GMT-14	only original
.venv/Lib/site-packages/tzdata/zoneinfo/Etc/GMT-2	only original
.venv/Lib/site-packages/tzdata/zoneinfo/Etc/GMT-3	only original
.venv/Lib/site-packages/tzdata/zoneinfo/Etc/GMT-4	only original
.venv/Lib/site-packages/tzdata/zoneinfo/Etc/GMT-5	only original
.venv/Lib/site-packages/tzdata/zoneinfo/Etc/GMT-6	only original
.venv/Lib/site-packages/tzdata/zoneinfo/Etc/GMT-7	only original
.venv/Lib/site-packages/tzdata/zoneinfo/Etc/GMT-8	only original
.venv/Lib/site-packages/tzdata/zoneinfo/Etc/GMT-9	only original
.venv/Lib/site-packages/tzdata/zoneinfo/Etc/GMT0	only original
.venv/Lib/site-packages/tzdata/zoneinfo/Etc/Greenwich	only original
.venv/Lib/site-packages/tzdata/zoneinfo/Etc/UCT	only original
.venv/Lib/site-packages/tzdata/zoneinfo/Etc/UTC	only original
.venv/Lib/site-packages/tzdata/zoneinfo/Etc/Universal	only original
.venv/Lib/site-packages/tzdata/zoneinfo/Etc/Zulu	only original
.venv/Lib/site-packages/tzdata/zoneinfo/Etc/__init__.py	only original
.venv/Lib/site-packages/tzdata/zoneinfo/Etc/__pycache__/__init__.cpython-312.pyc	only original
.venv/Lib/site-packages/tzdata/zoneinfo/Europe/Amsterdam	only original
.venv/Lib/site-packages/tzdata/zoneinfo/Europe/Andorra	only original
.venv/Lib/site-packages/tzdata/zoneinfo/Europe/Astrakhan	only original
.venv/Lib/site-packages/tzdata/zoneinfo/Europe/Athens	only original
.venv/Lib/site-packages/tzdata/zoneinfo/Europe/Belfast	only original
.venv/Lib/site-packages/tzdata/zoneinfo/Europe/Belgrade	only original
.venv/Lib/site-packages/tzdata/zoneinfo/Europe/Berlin	only original
.venv/Lib/site-packages/tzdata/zoneinfo/Europe/Bratislava	only original
.venv/Lib/site-packages/tzdata/zoneinfo/Europe/Brussels	only original
.venv/Lib/site-packages/tzdata/zoneinfo/Europe/Bucharest	only original
.venv/Lib/site-packages/tzdata/zoneinfo/Europe/Budapest	only original
.venv/Lib/site-packages/tzdata/zoneinfo/Europe/Busingen	only original
.venv/Lib/site-packages/tzdata/zoneinfo/Europe/Chisinau	only original
.venv/Lib/site-packages/tzdata/zoneinfo/Europe/Copenhagen	only original
.venv/Lib/site-packages/tzdata/zoneinfo/Europe/Dublin	only original
.venv/Lib/site-packages/tzdata/zoneinfo/Europe/Gibraltar	only original
.venv/Lib/site-packages/tzdata/zoneinfo/Europe/Guernsey	only original
.venv/Lib/site-packages/tzdata/zoneinfo/Europe/Helsinki	only original
.venv/Lib/site-packages/tzdata/zoneinfo/Europe/Isle_of_Man	only original
.venv/Lib/site-packages/tzdata/zoneinfo/Europe/Istanbul	only original
.venv/Lib/site-packages/tzdata/zoneinfo/Europe/Jersey	only original
.venv/Lib/site-packages/tzdata/zoneinfo/Europe/Kaliningrad	only original
.venv/Lib/site-packages/tzdata/zoneinfo/Europe/Kiev	only original
.venv/Lib/site-packages/tzdata/zoneinfo/Europe/Kirov	only original
.venv/Lib/site-packages/tzdata/zoneinfo/Europe/Kyiv	only original
.venv/Lib/site-packages/tzdata/zoneinfo/Europe/Lisbon	only original
.venv/Lib/site-packages/tzdata/zoneinfo/Europe/Ljubljana	only original
.venv/Lib/site-packages/tzdata/zoneinfo/Europe/London	only original
.venv/Lib/site-packages/tzdata/zoneinfo/Europe/Luxembourg	only original
.venv/Lib/site-packages/tzdata/zoneinfo/Europe/Madrid	only original
.venv/Lib/site-packages/tzdata/zoneinfo/Europe/Malta	only original
.venv/Lib/site-packages/tzdata/zoneinfo/Europe/Mariehamn	only original
.venv/Lib/site-packages/tzdata/zoneinfo/Europe/Minsk	only original
.venv/Lib/site-packages/tzdata/zoneinfo/Europe/Monaco	only original
.venv/Lib/site-packages/tzdata/zoneinfo/Europe/Moscow	only original
.venv/Lib/site-packages/tzdata/zoneinfo/Europe/Nicosia	only original
.venv/Lib/site-packages/tzdata/zoneinfo/Europe/Oslo	only original
.venv/Lib/site-packages/tzdata/zoneinfo/Europe/Paris	only original
.venv/Lib/site-packages/tzdata/zoneinfo/Europe/Podgorica	only original
.venv/Lib/site-packages/tzdata/zoneinfo/Europe/Prague	only original
.venv/Lib/site-packages/tzdata/zoneinfo/Europe/Riga	only original
.venv/Lib/site-packages/tzdata/zoneinfo/Europe/Rome	only original
.venv/Lib/site-packages/tzdata/zoneinfo/Europe/Samara	only original
.venv/Lib/site-packages/tzdata/zoneinfo/Europe/San_Marino	only original
.venv/Lib/site-packages/tzdata/zoneinfo/Europe/Sarajevo	only original
.venv/Lib/site-packages/tzdata/zoneinfo/Europe/Saratov	only original
.venv/Lib/site-packages/tzdata/zoneinfo/Europe/Simferopol	only original
.venv/Lib/site-packages/tzdata/zoneinfo/Europe/Skopje	only original
.venv/Lib/site-packages/tzdata/zoneinfo/Europe/Sofia	only original
.venv/Lib/site-packages/tzdata/zoneinfo/Europe/Stockholm	only original
.venv/Lib/site-packages/tzdata/zoneinfo/Europe/Tallinn	only original
.venv/Lib/site-packages/tzdata/zoneinfo/Europe/Tirane	only original
.venv/Lib/site-packages/tzdata/zoneinfo/Europe/Tiraspol	only original
.venv/Lib/site-packages/tzdata/zoneinfo/Europe/Ulyanovsk	only original
.venv/Lib/site-packages/tzdata/zoneinfo/Europe/Uzhgorod	only original
.venv/Lib/site-packages/tzdata/zoneinfo/Europe/Vaduz	only original
.venv/Lib/site-packages/tzdata/zoneinfo/Europe/Vatican	only original
.venv/Lib/site-packages/tzdata/zoneinfo/Europe/Vienna	only original
.venv/Lib/site-packages/tzdata/zoneinfo/Europe/Vilnius	only original
.venv/Lib/site-packages/tzdata/zoneinfo/Europe/Volgograd	only original
.venv/Lib/site-packages/tzdata/zoneinfo/Europe/Warsaw	only original
.venv/Lib/site-packages/tzdata/zoneinfo/Europe/Zagreb	only original
.venv/Lib/site-packages/tzdata/zoneinfo/Europe/Zaporozhye	only original
.venv/Lib/site-packages/tzdata/zoneinfo/Europe/Zurich	only original
.venv/Lib/site-packages/tzdata/zoneinfo/Europe/__init__.py	only original
.venv/Lib/site-packages/tzdata/zoneinfo/Europe/__pycache__/__init__.cpython-312.pyc	only original
.venv/Lib/site-packages/tzdata/zoneinfo/Factory	only original
.venv/Lib/site-packages/tzdata/zoneinfo/GB	only original
.venv/Lib/site-packages/tzdata/zoneinfo/GB-Eire	only original
.venv/Lib/site-packages/tzdata/zoneinfo/GMT	only original
.venv/Lib/site-packages/tzdata/zoneinfo/GMT+0	only original
.venv/Lib/site-packages/tzdata/zoneinfo/GMT-0	only original
.venv/Lib/site-packages/tzdata/zoneinfo/GMT0	only original
.venv/Lib/site-packages/tzdata/zoneinfo/Greenwich	only original
.venv/Lib/site-packages/tzdata/zoneinfo/HST	only original
.venv/Lib/site-packages/tzdata/zoneinfo/Hongkong	only original
.venv/Lib/site-packages/tzdata/zoneinfo/Iceland	only original
.venv/Lib/site-packages/tzdata/zoneinfo/Indian/Antananarivo	only original
.venv/Lib/site-packages/tzdata/zoneinfo/Indian/Chagos	only original
.venv/Lib/site-packages/tzdata/zoneinfo/Indian/Christmas	only original
.venv/Lib/site-packages/tzdata/zoneinfo/Indian/Cocos	only original
.venv/Lib/site-packages/tzdata/zoneinfo/Indian/Comoro	only original
.venv/Lib/site-packages/tzdata/zoneinfo/Indian/Kerguelen	only original
.venv/Lib/site-packages/tzdata/zoneinfo/Indian/Mahe	only original
.venv/Lib/site-packages/tzdata/zoneinfo/Indian/Maldives	only original
.venv/Lib/site-packages/tzdata/zoneinfo/Indian/Mauritius	only original
.venv/Lib/site-packages/tzdata/zoneinfo/Indian/Mayotte	only original
.venv/Lib/site-packages/tzdata/zoneinfo/Indian/Reunion	only original
.venv/Lib/site-packages/tzdata/zoneinfo/Indian/__init__.py	only original
.venv/Lib/site-packages/tzdata/zoneinfo/Indian/__pycache__/__init__.cpython-312.pyc	only original
.venv/Lib/site-packages/tzdata/zoneinfo/Iran	only original
.venv/Lib/site-packages/tzdata/zoneinfo/Israel	only original
.venv/Lib/site-packages/tzdata/zoneinfo/Jamaica	only original
.venv/Lib/site-packages/tzdata/zoneinfo/Japan	only original
.venv/Lib/site-packages/tzdata/zoneinfo/Kwajalein	only original
.venv/Lib/site-packages/tzdata/zoneinfo/Libya	only original
.venv/Lib/site-packages/tzdata/zoneinfo/MET	only original
.venv/Lib/site-packages/tzdata/zoneinfo/MST	only original
.venv/Lib/site-packages/tzdata/zoneinfo/MST7MDT	only original
.venv/Lib/site-packages/tzdata/zoneinfo/Mexico/BajaNorte	only original
.venv/Lib/site-packages/tzdata/zoneinfo/Mexico/BajaSur	only original
.venv/Lib/site-packages/tzdata/zoneinfo/Mexico/General	only original
.venv/Lib/site-packages/tzdata/zoneinfo/Mexico/__init__.py	only original
.venv/Lib/site-packages/tzdata/zoneinfo/Mexico/__pycache__/__init__.cpython-312.pyc	only original
.venv/Lib/site-packages/tzdata/zoneinfo/NZ	only original
.venv/Lib/site-packages/tzdata/zoneinfo/NZ-CHAT	only original
.venv/Lib/site-packages/tzdata/zoneinfo/Navajo	only original
.venv/Lib/site-packages/tzdata/zoneinfo/PRC	only original
.venv/Lib/site-packages/tzdata/zoneinfo/PST8PDT	only original
.venv/Lib/site-packages/tzdata/zoneinfo/Pacific/Apia	only original
.venv/Lib/site-packages/tzdata/zoneinfo/Pacific/Auckland	only original
.venv/Lib/site-packages/tzdata/zoneinfo/Pacific/Bougainville	only original
.venv/Lib/site-packages/tzdata/zoneinfo/Pacific/Chatham	only original
.venv/Lib/site-packages/tzdata/zoneinfo/Pacific/Chuuk	only original
.venv/Lib/site-packages/tzdata/zoneinfo/Pacific/Easter	only original
.venv/Lib/site-packages/tzdata/zoneinfo/Pacific/Efate	only original
.venv/Lib/site-packages/tzdata/zoneinfo/Pacific/Enderbury	only original
.venv/Lib/site-packages/tzdata/zoneinfo/Pacific/Fakaofo	only original
.venv/Lib/site-packages/tzdata/zoneinfo/Pacific/Fiji	only original
.venv/Lib/site-packages/tzdata/zoneinfo/Pacific/Funafuti	only original
.venv/Lib/site-packages/tzdata/zoneinfo/Pacific/Galapagos	only original
.venv/Lib/site-packages/tzdata/zoneinfo/Pacific/Gambier	only original
.venv/Lib/site-packages/tzdata/zoneinfo/Pacific/Guadalcanal	only original
.venv/Lib/site-packages/tzdata/zoneinfo/Pacific/Guam	only original
.venv/Lib/site-packages/tzdata/zoneinfo/Pacific/Honolulu	only original
.venv/Lib/site-packages/tzdata/zoneinfo/Pacific/Johnston	only original
.venv/Lib/site-packages/tzdata/zoneinfo/Pacific/Kanton	only original
.venv/Lib/site-packages/tzdata/zoneinfo/Pacific/Kiritimati	only original
.venv/Lib/site-packages/tzdata/zoneinfo/Pacific/Kosrae	only original
.venv/Lib/site-packages/tzdata/zoneinfo/Pacific/Kwajalein	only original
.venv/Lib/site-packages/tzdata/zoneinfo/Pacific/Majuro	only original
.venv/Lib/site-packages/tzdata/zoneinfo/Pacific/Marquesas	only original
.venv/Lib/site-packages/tzdata/zoneinfo/Pacific/Midway	only original
.venv/Lib/site-packages/tzdata/zoneinfo/Pacific/Nauru	only original
.venv/Lib/site-packages/tzdata/zoneinfo/Pacific/Niue	only original
.venv/Lib/site-packages/tzdata/zoneinfo/Pacific/Norfolk	only original
.venv/Lib/site-packages/tzdata/zoneinfo/Pacific/Noumea	only original
.venv/Lib/site-packages/tzdata/zoneinfo/Pacific/Pago_Pago	only original
.venv/Lib/site-packages/tzdata/zoneinfo/Pacific/Palau	only original
.venv/Lib/site-packages/tzdata/zoneinfo/Pacific/Pitcairn	only original
.venv/Lib/site-packages/tzdata/zoneinfo/Pacific/Pohnpei	only original
.venv/Lib/site-packages/tzdata/zoneinfo/Pacific/Ponape	only original
.venv/Lib/site-packages/tzdata/zoneinfo/Pacific/Port_Moresby	only original
.venv/Lib/site-packages/tzdata/zoneinfo/Pacific/Rarotonga	only original
.venv/Lib/site-packages/tzdata/zoneinfo/Pacific/Saipan	only original
.venv/Lib/site-packages/tzdata/zoneinfo/Pacific/Samoa	only original
.venv/Lib/site-packages/tzdata/zoneinfo/Pacific/Tahiti	only original
.venv/Lib/site-packages/tzdata/zoneinfo/Pacific/Tarawa	only original
.venv/Lib/site-packages/tzdata/zoneinfo/Pacific/Tongatapu	only original
.venv/Lib/site-packages/tzdata/zoneinfo/Pacific/Truk	only original
.venv/Lib/site-packages/tzdata/zoneinfo/Pacific/Wake	only original
.venv/Lib/site-packages/tzdata/zoneinfo/Pacific/Wallis	only original
.venv/Lib/site-packages/tzdata/zoneinfo/Pacific/Yap	only original
.venv/Lib/site-packages/tzdata/zoneinfo/Pacific/__init__.py	only original
.venv/Lib/site-packages/tzdata/zoneinfo/Pacific/__pycache__/__init__.cpython-312.pyc	only original
.venv/Lib/site-packages/tzdata/zoneinfo/Poland	only original
.venv/Lib/site-packages/tzdata/zoneinfo/Portugal	only original
.venv/Lib/site-packages/tzdata/zoneinfo/ROC	only original
.venv/Lib/site-packages/tzdata/zoneinfo/ROK	only original
.venv/Lib/site-packages/tzdata/zoneinfo/Singapore	only original
.venv/Lib/site-packages/tzdata/zoneinfo/Turkey	only original
.venv/Lib/site-packages/tzdata/zoneinfo/UCT	only original
.venv/Lib/site-packages/tzdata/zoneinfo/US/Alaska	only original
.venv/Lib/site-packages/tzdata/zoneinfo/US/Aleutian	only original
.venv/Lib/site-packages/tzdata/zoneinfo/US/Arizona	only original
.venv/Lib/site-packages/tzdata/zoneinfo/US/Central	only original
.venv/Lib/site-packages/tzdata/zoneinfo/US/East-Indiana	only original
.venv/Lib/site-packages/tzdata/zoneinfo/US/Eastern	only original
.venv/Lib/site-packages/tzdata/zoneinfo/US/Hawaii	only original
.venv/Lib/site-packages/tzdata/zoneinfo/US/Indiana-Starke	only original
.venv/Lib/site-packages/tzdata/zoneinfo/US/Michigan	only original
.venv/Lib/site-packages/tzdata/zoneinfo/US/Mountain	only original
.venv/Lib/site-packages/tzdata/zoneinfo/US/Pacific	only original
.venv/Lib/site-packages/tzdata/zoneinfo/US/Samoa	only original
.venv/Lib/site-packages/tzdata/zoneinfo/US/__init__.py	only original
.venv/Lib/site-packages/tzdata/zoneinfo/US/__pycache__/__init__.cpython-312.pyc	only original
.venv/Lib/site-packages/tzdata/zoneinfo/UTC	only original
.venv/Lib/site-packages/tzdata/zoneinfo/Universal	only original
.venv/Lib/site-packages/tzdata/zoneinfo/W-SU	only original
.venv/Lib/site-packages/tzdata/zoneinfo/WET	only original
.venv/Lib/site-packages/tzdata/zoneinfo/Zulu	only original
.venv/Lib/site-packages/tzdata/zoneinfo/__init__.py	only original
.venv/Lib/site-packages/tzdata/zoneinfo/__pycache__/__init__.cpython-312.pyc	only original
.venv/Lib/site-packages/tzdata/zoneinfo/iso3166.tab	only original
.venv/Lib/site-packages/tzdata/zoneinfo/leapseconds	only original
.venv/Lib/site-packages/tzdata/zoneinfo/tzdata.zi	only original
.venv/Lib/site-packages/tzdata/zoneinfo/zone.tab	only original
.venv/Lib/site-packages/tzdata/zoneinfo/zone1970.tab	only original
.venv/Lib/site-packages/tzdata/zoneinfo/zonenow.tab	only original
.venv/Lib/site-packages/tzdata/zones	only original
.venv/Lib/site-packages/uvicorn-0.37.0.dist-info/INSTALLER	only original
.venv/Lib/site-packages/uvicorn-0.37.0.dist-info/METADATA	only original
.venv/Lib/site-packages/uvicorn-0.37.0.dist-info/RECORD	only original
.venv/Lib/site-packages/uvicorn-0.37.0.dist-info/REQUESTED	only original
.venv/Lib/site-packages/uvicorn-0.37.0.dist-info/WHEEL	only original
.venv/Lib/site-packages/uvicorn-0.37.0.dist-info/entry_points.txt	only original
.venv/Lib/site-packages/uvicorn-0.37.0.dist-info/licenses/LICENSE.md	only original
.venv/Lib/site-packages/uvicorn/__init__.py	only original
.venv/Lib/site-packages/uvicorn/__main__.py	only original
.venv/Lib/site-packages/uvicorn/__pycache__/__init__.cpython-312.pyc	only original
.venv/Lib/site-packages/uvicorn/__pycache__/__main__.cpython-312.pyc	only original
.venv/Lib/site-packages/uvicorn/__pycache__/_compat.cpython-312.pyc	only original
.venv/Lib/site-packages/uvicorn/__pycache__/_subprocess.cpython-312.pyc	only original
.venv/Lib/site-packages/uvicorn/__pycache__/_types.cpython-312.pyc	only original
.venv/Lib/site-packages/uvicorn/__pycache__/config.cpython-312.pyc	only original
.venv/Lib/site-packages/uvicorn/__pycache__/importer.cpython-312.pyc	only original
.venv/Lib/site-packages/uvicorn/__pycache__/logging.cpython-312.pyc	only original
.venv/Lib/site-packages/uvicorn/__pycache__/main.cpython-312.pyc	only original
.venv/Lib/site-packages/uvicorn/__pycache__/server.cpython-312.pyc	only original
.venv/Lib/site-packages/uvicorn/__pycache__/workers.cpython-312.pyc	only original
.venv/Lib/site-packages/uvicorn/_compat.py	only original
.venv/Lib/site-packages/uvicorn/_subprocess.py	only original
.venv/Lib/site-packages/uvicorn/_types.py	only original
.venv/Lib/site-packages/uvicorn/config.py	only original
.venv/Lib/site-packages/uvicorn/importer.py	only original
.venv/Lib/site-packages/uvicorn/lifespan/__init__.py	only original
.venv/Lib/site-packages/uvicorn/lifespan/__pycache__/__init__.cpython-312.pyc	only original
.venv/Lib/site-packages/uvicorn/lifespan/__pycache__/off.cpython-312.pyc	only original
.venv/Lib/site-packages/uvicorn/lifespan/__pycache__/on.cpython-312.pyc	only original
.venv/Lib/site-packages/uvicorn/lifespan/off.py	only original
.venv/Lib/site-packages/uvicorn/lifespan/on.py	only original
.venv/Lib/site-packages/uvicorn/logging.py	only original
.venv/Lib/site-packages/uvicorn/loops/__init__.py	only original
.venv/Lib/site-packages/uvicorn/loops/__pycache__/__init__.cpython-312.pyc	only original
.venv/Lib/site-packages/uvicorn/loops/__pycache__/asyncio.cpython-312.pyc	only original
.venv/Lib/site-packages/uvicorn/loops/__pycache__/auto.cpython-312.pyc	only original
.venv/Lib/site-packages/uvicorn/loops/__pycache__/uvloop.cpython-312.pyc	only original
.venv/Lib/site-packages/uvicorn/loops/asyncio.py	only original
.venv/Lib/site-packages/uvicorn/loops/auto.py	only original
.venv/Lib/site-packages/uvicorn/loops/uvloop.py	only original
.venv/Lib/site-packages/uvicorn/main.py	only original
.venv/Lib/site-packages/uvicorn/middleware/__init__.py	only original
.venv/Lib/site-packages/uvicorn/middleware/__pycache__/__init__.cpython-312.pyc	only original
.venv/Lib/site-packages/uvicorn/middleware/__pycache__/asgi2.cpython-312.pyc	only original
.venv/Lib/site-packages/uvicorn/middleware/__pycache__/message_logger.cpython-312.pyc	only original
.venv/Lib/site-packages/uvicorn/middleware/__pycache__/proxy_headers.cpython-312.pyc	only original
.venv/Lib/site-packages/uvicorn/middleware/__pycache__/wsgi.cpython-312.pyc	only original
.venv/Lib/site-packages/uvicorn/middleware/asgi2.py	only original
.venv/Lib/site-packages/uvicorn/middleware/message_logger.py	only original
.venv/Lib/site-packages/uvicorn/middleware/proxy_headers.py	only original
.venv/Lib/site-packages/uvicorn/middleware/wsgi.py	only original
.venv/Lib/site-packages/uvicorn/protocols/__init__.py	only original
.venv/Lib/site-packages/uvicorn/protocols/__pycache__/__init__.cpython-312.pyc	only original
.venv/Lib/site-packages/uvicorn/protocols/__pycache__/utils.cpython-312.pyc	only original
.venv/Lib/site-packages/uvicorn/protocols/http/__init__.py	only original
.venv/Lib/site-packages/uvicorn/protocols/http/__pycache__/__init__.cpython-312.pyc	only original
.venv/Lib/site-packages/uvicorn/protocols/http/__pycache__/auto.cpython-312.pyc	only original
.venv/Lib/site-packages/uvicorn/protocols/http/__pycache__/flow_control.cpython-312.pyc	only original
.venv/Lib/site-packages/uvicorn/protocols/http/__pycache__/h11_impl.cpython-312.pyc	only original
.venv/Lib/site-packages/uvicorn/protocols/http/__pycache__/httptools_impl.cpython-312.pyc	only original
.venv/Lib/site-packages/uvicorn/protocols/http/auto.py	only original
.venv/Lib/site-packages/uvicorn/protocols/http/flow_control.py	only original
.venv/Lib/site-packages/uvicorn/protocols/http/h11_impl.py	only original
.venv/Lib/site-packages/uvicorn/protocols/http/httptools_impl.py	only original
.venv/Lib/site-packages/uvicorn/protocols/utils.py	only original
.venv/Lib/site-packages/uvicorn/protocols/websockets/__init__.py	only original
.venv/Lib/site-packages/uvicorn/protocols/websockets/__pycache__/__init__.cpython-312.pyc	only original
.venv/Lib/site-packages/uvicorn/protocols/websockets/__pycache__/auto.cpython-312.pyc	only original
.venv/Lib/site-packages/uvicorn/protocols/websockets/__pycache__/websockets_impl.cpython-312.pyc	only original
.venv/Lib/site-packages/uvicorn/protocols/websockets/__pycache__/websockets_sansio_impl.cpython-312.pyc	only original
.venv/Lib/site-packages/uvicorn/protocols/websockets/__pycache__/wsproto_impl.cpython-312.pyc	only original
.venv/Lib/site-packages/uvicorn/protocols/websockets/auto.py	only original
.venv/Lib/site-packages/uvicorn/protocols/websockets/websockets_impl.py	only original
.venv/Lib/site-packages/uvicorn/protocols/websockets/websockets_sansio_impl.py	only original
.venv/Lib/site-packages/uvicorn/protocols/websockets/wsproto_impl.py	only original
.venv/Lib/site-packages/uvicorn/py.typed	only original
.venv/Lib/site-packages/uvicorn/server.py	only original
.venv/Lib/site-packages/uvicorn/supervisors/__init__.py	only original
.venv/Lib/site-packages/uvicorn/supervisors/__pycache__/__init__.cpython-312.pyc	only original
.venv/Lib/site-packages/uvicorn/supervisors/__pycache__/basereload.cpython-312.pyc	only original
.venv/Lib/site-packages/uvicorn/supervisors/__pycache__/multiprocess.cpython-312.pyc	only original
.venv/Lib/site-packages/uvicorn/supervisors/__pycache__/statreload.cpython-312.pyc	only original
.venv/Lib/site-packages/uvicorn/supervisors/__pycache__/watchfilesreload.cpython-312.pyc	only original
.venv/Lib/site-packages/uvicorn/supervisors/basereload.py	only original
.venv/Lib/site-packages/uvicorn/supervisors/multiprocess.py	only original
.venv/Lib/site-packages/uvicorn/supervisors/statreload.py	only original
.venv/Lib/site-packages/uvicorn/supervisors/watchfilesreload.py	only original
.venv/Lib/site-packages/uvicorn/workers.py	only original
.venv/Lib/site-packages/watchfiles-1.2.0.dist-info/INSTALLER	only original
.venv/Lib/site-packages/watchfiles-1.2.0.dist-info/METADATA	only original
.venv/Lib/site-packages/watchfiles-1.2.0.dist-info/RECORD	only original
.venv/Lib/site-packages/watchfiles-1.2.0.dist-info/WHEEL	only original
.venv/Lib/site-packages/watchfiles-1.2.0.dist-info/entry_points.txt	only original
.venv/Lib/site-packages/watchfiles-1.2.0.dist-info/licenses/LICENSE	only original
.venv/Lib/site-packages/watchfiles-1.2.0.dist-info/sboms/watchfiles_rust_notify.cyclonedx.json	only original
.venv/Lib/site-packages/watchfiles/__init__.py	only original
.venv/Lib/site-packages/watchfiles/__main__.py	only original
.venv/Lib/site-packages/watchfiles/__pycache__/__init__.cpython-312.pyc	only original
.venv/Lib/site-packages/watchfiles/__pycache__/__main__.cpython-312.pyc	only original
.venv/Lib/site-packages/watchfiles/__pycache__/cli.cpython-312.pyc	only original
.venv/Lib/site-packages/watchfiles/__pycache__/filters.cpython-312.pyc	only original
.venv/Lib/site-packages/watchfiles/__pycache__/main.cpython-312.pyc	only original
.venv/Lib/site-packages/watchfiles/__pycache__/run.cpython-312.pyc	only original
.venv/Lib/site-packages/watchfiles/__pycache__/version.cpython-312.pyc	only original
.venv/Lib/site-packages/watchfiles/_rust_notify.cp312-win_amd64.pyd	only original
.venv/Lib/site-packages/watchfiles/_rust_notify.pyi	only original
.venv/Lib/site-packages/watchfiles/cli.py	only original
.venv/Lib/site-packages/watchfiles/filters.py	only original
.venv/Lib/site-packages/watchfiles/main.py	only original
.venv/Lib/site-packages/watchfiles/py.typed	only original
.venv/Lib/site-packages/watchfiles/run.py	only original
.venv/Lib/site-packages/watchfiles/version.py	only original
.venv/Lib/site-packages/websockets-17.1.dist-info/INSTALLER	only original
.venv/Lib/site-packages/websockets-17.1.dist-info/METADATA	only original
.venv/Lib/site-packages/websockets-17.1.dist-info/RECORD	only original
.venv/Lib/site-packages/websockets-17.1.dist-info/WHEEL	only original
.venv/Lib/site-packages/websockets-17.1.dist-info/entry_points.txt	only original
.venv/Lib/site-packages/websockets-17.1.dist-info/licenses/LICENSE	only original
.venv/Lib/site-packages/websockets-17.1.dist-info/top_level.txt	only original
.venv/Lib/site-packages/websockets/__init__.py	only original
.venv/Lib/site-packages/websockets/__main__.py	only original
.venv/Lib/site-packages/websockets/__pycache__/__init__.cpython-312.pyc	only original
.venv/Lib/site-packages/websockets/__pycache__/__main__.cpython-312.pyc	only original
.venv/Lib/site-packages/websockets/__pycache__/auth.cpython-312.pyc	only original
.venv/Lib/site-packages/websockets/__pycache__/cli.cpython-312.pyc	only original
.venv/Lib/site-packages/websockets/__pycache__/client.cpython-312.pyc	only original
.venv/Lib/site-packages/websockets/__pycache__/connection.cpython-312.pyc	only original
.venv/Lib/site-packages/websockets/__pycache__/datastructures.cpython-312.pyc	only original
.venv/Lib/site-packages/websockets/__pycache__/exceptions.cpython-312.pyc	only original
.venv/Lib/site-packages/websockets/__pycache__/frames.cpython-312.pyc	only original
.venv/Lib/site-packages/websockets/__pycache__/headers.cpython-312.pyc	only original
.venv/Lib/site-packages/websockets/__pycache__/http11.cpython-312.pyc	only original
.venv/Lib/site-packages/websockets/__pycache__/imports.cpython-312.pyc	only original
.venv/Lib/site-packages/websockets/__pycache__/protocol.cpython-312.pyc	only original
.venv/Lib/site-packages/websockets/__pycache__/proxy.cpython-312.pyc	only original
.venv/Lib/site-packages/websockets/__pycache__/server.cpython-312.pyc	only original
.venv/Lib/site-packages/websockets/__pycache__/streams.cpython-312.pyc	only original
.venv/Lib/site-packages/websockets/__pycache__/typing.cpython-312.pyc	only original
.venv/Lib/site-packages/websockets/__pycache__/uri.cpython-312.pyc	only original
.venv/Lib/site-packages/websockets/__pycache__/utils.cpython-312.pyc	only original
.venv/Lib/site-packages/websockets/__pycache__/version.cpython-312.pyc	only original
.venv/Lib/site-packages/websockets/asyncio/__init__.py	only original
.venv/Lib/site-packages/websockets/asyncio/__pycache__/__init__.cpython-312.pyc	only original
.venv/Lib/site-packages/websockets/asyncio/__pycache__/client.cpython-312.pyc	only original
.venv/Lib/site-packages/websockets/asyncio/__pycache__/connection.cpython-312.pyc	only original
.venv/Lib/site-packages/websockets/asyncio/__pycache__/messages.cpython-312.pyc	only original
.venv/Lib/site-packages/websockets/asyncio/__pycache__/router.cpython-312.pyc	only original
.venv/Lib/site-packages/websockets/asyncio/__pycache__/server.cpython-312.pyc	only original
.venv/Lib/site-packages/websockets/asyncio/client.py	only original
.venv/Lib/site-packages/websockets/asyncio/connection.py	only original
.venv/Lib/site-packages/websockets/asyncio/messages.py	only original
.venv/Lib/site-packages/websockets/asyncio/router.py	only original
.venv/Lib/site-packages/websockets/asyncio/server.py	only original
.venv/Lib/site-packages/websockets/auth.py	only original
.venv/Lib/site-packages/websockets/cli.py	only original
.venv/Lib/site-packages/websockets/client.py	only original
.venv/Lib/site-packages/websockets/connection.py	only original
.venv/Lib/site-packages/websockets/datastructures.py	only original
.venv/Lib/site-packages/websockets/exceptions.py	only original
.venv/Lib/site-packages/websockets/extensions/__init__.py	only original
.venv/Lib/site-packages/websockets/extensions/__pycache__/__init__.cpython-312.pyc	only original
.venv/Lib/site-packages/websockets/extensions/__pycache__/base.cpython-312.pyc	only original
.venv/Lib/site-packages/websockets/extensions/__pycache__/permessage_deflate.cpython-312.pyc	only original
.venv/Lib/site-packages/websockets/extensions/base.py	only original
.venv/Lib/site-packages/websockets/extensions/permessage_deflate.py	only original
.venv/Lib/site-packages/websockets/frames.py	only original
.venv/Lib/site-packages/websockets/headers.py	only original
.venv/Lib/site-packages/websockets/http11.py	only original
.venv/Lib/site-packages/websockets/imports.py	only original
.venv/Lib/site-packages/websockets/legacy/__init__.py	only original
.venv/Lib/site-packages/websockets/legacy/__pycache__/__init__.cpython-312.pyc	only original
.venv/Lib/site-packages/websockets/legacy/__pycache__/auth.cpython-312.pyc	only original
.venv/Lib/site-packages/websockets/legacy/__pycache__/client.cpython-312.pyc	only original
.venv/Lib/site-packages/websockets/legacy/__pycache__/exceptions.cpython-312.pyc	only original
.venv/Lib/site-packages/websockets/legacy/__pycache__/framing.cpython-312.pyc	only original
.venv/Lib/site-packages/websockets/legacy/__pycache__/handshake.cpython-312.pyc	only original
.venv/Lib/site-packages/websockets/legacy/__pycache__/http.cpython-312.pyc	only original
.venv/Lib/site-packages/websockets/legacy/__pycache__/protocol.cpython-312.pyc	only original
.venv/Lib/site-packages/websockets/legacy/__pycache__/server.cpython-312.pyc	only original
.venv/Lib/site-packages/websockets/legacy/auth.py	only original
.venv/Lib/site-packages/websockets/legacy/client.py	only original
.venv/Lib/site-packages/websockets/legacy/exceptions.py	only original
.venv/Lib/site-packages/websockets/legacy/framing.py	only original
.venv/Lib/site-packages/websockets/legacy/handshake.py	only original
.venv/Lib/site-packages/websockets/legacy/http.py	only original
.venv/Lib/site-packages/websockets/legacy/protocol.py	only original
.venv/Lib/site-packages/websockets/legacy/server.py	only original
.venv/Lib/site-packages/websockets/protocol.py	only original
.venv/Lib/site-packages/websockets/proxy.py	only original
.venv/Lib/site-packages/websockets/py.typed	only original
.venv/Lib/site-packages/websockets/server.py	only original
.venv/Lib/site-packages/websockets/speedups.c	only original
.venv/Lib/site-packages/websockets/speedups.cp312-win_amd64.pyd	only original
.venv/Lib/site-packages/websockets/speedups.pyi	only original
.venv/Lib/site-packages/websockets/streams.py	only original
.venv/Lib/site-packages/websockets/sync/__init__.py	only original
.venv/Lib/site-packages/websockets/sync/__pycache__/__init__.cpython-312.pyc	only original
.venv/Lib/site-packages/websockets/sync/__pycache__/client.cpython-312.pyc	only original
.venv/Lib/site-packages/websockets/sync/__pycache__/connection.cpython-312.pyc	only original
.venv/Lib/site-packages/websockets/sync/__pycache__/messages.cpython-312.pyc	only original
.venv/Lib/site-packages/websockets/sync/__pycache__/router.cpython-312.pyc	only original
.venv/Lib/site-packages/websockets/sync/__pycache__/server.cpython-312.pyc	only original
.venv/Lib/site-packages/websockets/sync/__pycache__/utils.cpython-312.pyc	only original
.venv/Lib/site-packages/websockets/sync/client.py	only original
.venv/Lib/site-packages/websockets/sync/connection.py	only original
.venv/Lib/site-packages/websockets/sync/messages.py	only original
.venv/Lib/site-packages/websockets/sync/router.py	only original
.venv/Lib/site-packages/websockets/sync/server.py	only original
.venv/Lib/site-packages/websockets/sync/utils.py	only original
.venv/Lib/site-packages/websockets/trio/__init__.py	only original
.venv/Lib/site-packages/websockets/trio/__pycache__/__init__.cpython-312.pyc	only original
.venv/Lib/site-packages/websockets/trio/__pycache__/client.cpython-312.pyc	only original
.venv/Lib/site-packages/websockets/trio/__pycache__/connection.cpython-312.pyc	only original
.venv/Lib/site-packages/websockets/trio/__pycache__/messages.cpython-312.pyc	only original
.venv/Lib/site-packages/websockets/trio/__pycache__/router.cpython-312.pyc	only original
.venv/Lib/site-packages/websockets/trio/__pycache__/server.cpython-312.pyc	only original
.venv/Lib/site-packages/websockets/trio/__pycache__/utils.cpython-312.pyc	only original
.venv/Lib/site-packages/websockets/trio/client.py	only original
.venv/Lib/site-packages/websockets/trio/connection.py	only original
.venv/Lib/site-packages/websockets/trio/messages.py	only original
.venv/Lib/site-packages/websockets/trio/router.py	only original
.venv/Lib/site-packages/websockets/trio/server.py	only original
.venv/Lib/site-packages/websockets/trio/utils.py	only original
.venv/Lib/site-packages/websockets/typing.py	only original
.venv/Lib/site-packages/websockets/uri.py	only original
.venv/Lib/site-packages/websockets/utils.py	only original
.venv/Lib/site-packages/websockets/version.py	only original
.venv/Lib/site-packages/yaml/__init__.py	only original
.venv/Lib/site-packages/yaml/__pycache__/__init__.cpython-312.pyc	only original
.venv/Lib/site-packages/yaml/__pycache__/composer.cpython-312.pyc	only original
.venv/Lib/site-packages/yaml/__pycache__/constructor.cpython-312.pyc	only original
.venv/Lib/site-packages/yaml/__pycache__/cyaml.cpython-312.pyc	only original
.venv/Lib/site-packages/yaml/__pycache__/dumper.cpython-312.pyc	only original
.venv/Lib/site-packages/yaml/__pycache__/emitter.cpython-312.pyc	only original
.venv/Lib/site-packages/yaml/__pycache__/error.cpython-312.pyc	only original
.venv/Lib/site-packages/yaml/__pycache__/events.cpython-312.pyc	only original
.venv/Lib/site-packages/yaml/__pycache__/loader.cpython-312.pyc	only original
.venv/Lib/site-packages/yaml/__pycache__/nodes.cpython-312.pyc	only original
.venv/Lib/site-packages/yaml/__pycache__/parser.cpython-312.pyc	only original
.venv/Lib/site-packages/yaml/__pycache__/reader.cpython-312.pyc	only original
.venv/Lib/site-packages/yaml/__pycache__/representer.cpython-312.pyc	only original
.venv/Lib/site-packages/yaml/__pycache__/resolver.cpython-312.pyc	only original
.venv/Lib/site-packages/yaml/__pycache__/scanner.cpython-312.pyc	only original
.venv/Lib/site-packages/yaml/__pycache__/serializer.cpython-312.pyc	only original
.venv/Lib/site-packages/yaml/__pycache__/tokens.cpython-312.pyc	only original
.venv/Lib/site-packages/yaml/_yaml.cp312-win_amd64.pyd	only original
.venv/Lib/site-packages/yaml/composer.py	only original
.venv/Lib/site-packages/yaml/constructor.py	only original
.venv/Lib/site-packages/yaml/cyaml.py	only original
.venv/Lib/site-packages/yaml/dumper.py	only original
.venv/Lib/site-packages/yaml/emitter.py	only original
.venv/Lib/site-packages/yaml/error.py	only original
.venv/Lib/site-packages/yaml/events.py	only original
.venv/Lib/site-packages/yaml/loader.py	only original
.venv/Lib/site-packages/yaml/nodes.py	only original
.venv/Lib/site-packages/yaml/parser.py	only original
.venv/Lib/site-packages/yaml/reader.py	only original
.venv/Lib/site-packages/yaml/representer.py	only original
.venv/Lib/site-packages/yaml/resolver.py	only original
.venv/Lib/site-packages/yaml/scanner.py	only original
.venv/Lib/site-packages/yaml/serializer.py	only original
.venv/Lib/site-packages/yaml/tokens.py	only original
.venv/Scripts/dotenv.exe	only original
.venv/Scripts/f2py.exe	only original
.venv/Scripts/fastapi.exe	only original
.venv/Scripts/httpx.exe	only original
.venv/Scripts/idna.exe	only original
.venv/Scripts/numpy-config.exe	only original
.venv/Scripts/pip.exe	only original
.venv/Scripts/pip3.12.exe	only original
.venv/Scripts/pip3.exe	only original
.venv/Scripts/py.test.exe	only original
.venv/Scripts/pygmentize.exe	only original
.venv/Scripts/pytest.exe	only original
.venv/Scripts/python.exe	only original
.venv/Scripts/pythonw.exe	only original
.venv/Scripts/uvicorn.exe	only original
.venv/Scripts/watchfiles.exe	only original
.venv/Scripts/websockets.exe	only original
.venv/pyvenv.cfg	only original
README.md	different
RELEASE_NOTES.md	different
REPAIR_STATUS.md	only reference
SIH26073_MPU_POSITION_ADDITION/START_HERE.md	only original
SIH26073_MPU_POSITION_ADDITION/apply_addition.py	only original
SIH26073_MPU_POSITION_ADDITION/files/firmware/include/station_position.h	only original
SIH26073_MPU_POSITION_ADDITION/files/firmware/include/station_position_core.h	only original
SIH26073_MPU_POSITION_ADDITION/files/firmware/src/station_position.cpp	only original
SIH26073_MPU_POSITION_ADDITION/tests/test_backend.py	only original
SIH26073_MPU_POSITION_ADDITION/tests/test_position.cpp	only original
START_HERE_WINDOWS.md	different
VERSION.txt	different
backend/app/__pycache__/__init__.cpython-312.pyc	only original
backend/app/__pycache__/config.cpython-312.pyc	only original
backend/app/__pycache__/evaluation.cpython-312.pyc	only original
backend/app/__pycache__/global_brain.cpython-312.pyc	only original
backend/app/__pycache__/lstm_autoencoder.cpython-312.pyc	only original
backend/app/__pycache__/main.cpython-312.pyc	only original
backend/app/__pycache__/schemas.cpython-312.pyc	only original
backend/app/__pycache__/sensor_registry.cpython-312.pyc	only original
backend/app/__pycache__/simulator.cpython-312.pyc	only original
backend/app/__pycache__/spatial.cpython-312.pyc	only original
backend/app/__pycache__/storage.cpython-312.pyc	only original
backend/app/__pycache__/ws.cpython-312.pyc	only original
backend/app/evaluation.py	different
backend/app/global_brain.py	different
backend/app/local_reference.py	only reference
backend/app/lstm_autoencoder.py	different
backend/app/main.py	different
backend/app/schemas.py	different
backend/app/sensor_registry.py	different
backend/app/simulator.py	different
backend/app/spatial.py	different
backend/app/storage.py	different
backend/data/global_brain.db	different
backend/data/global_brain.db-shm	only original
backend/data/global_brain.db-wal	only original
backend/models/evaluation_metrics.json	different
backend/models/lstm_metrics.json	only reference
backend/models/lstm_tp_autoencoder.npz	different
backend/models/lstm_tph_autoencoder.npz	different
backend/tests/conftest.py	only reference
backend/tests/test_api.py	different
backend/tests/test_migration.py	only reference
backend/tests/test_native_parity.py	only reference
backend/tests/test_real_training.py	only reference
backend/tests/test_sensor_registry.py	different
backend/tests/test_spatial.py	different
backend/tests/test_temporal.py	only reference
docs/ARCHITECTURE.md	different
docs/EVALUATION.md	different
docs/HARDWARE_CONNECTIONS.md	different
docs/VALIDATION.md	only reference
docs/screenshots/anomaly_history.png	only reference
docs/screenshots/overview.png	only reference
docs/validation_results.json	only reference
edge_training/README.md	different
edge_training/artifacts/edge_mlp.joblib	only original
edge_training/artifacts/edge_mlp.npz	only reference
edge_training/artifacts/edge_mlp_metrics.json	different
edge_training/artifacts/edge_scaler.joblib	only original
edge_training/artifacts/edge_training_sample.csv	only original
edge_training/collect_serial.py	different
edge_training/corpus.py	only reference
edge_training/feature_pipeline.py	different
edge_training/train_edge_mlp.py	different
firmware/.pio/build/esp32-s3-devkitc-1-n8/.sconsign311.dblite	only original
firmware/.pio/build/esp32-s3-devkitc-1-n8/FrameworkArduino/Esp.cpp.d	only original
firmware/.pio/build/esp32-s3-devkitc-1-n8/FrameworkArduino/Esp.cpp.o	only original
firmware/.pio/build/esp32-s3-devkitc-1-n8/FrameworkArduino/FirmwareMSC.cpp.d	only original
firmware/.pio/build/esp32-s3-devkitc-1-n8/FrameworkArduino/FirmwareMSC.cpp.o	only original
firmware/.pio/build/esp32-s3-devkitc-1-n8/FrameworkArduino/FunctionalInterrupt.cpp.d	only original
firmware/.pio/build/esp32-s3-devkitc-1-n8/FrameworkArduino/FunctionalInterrupt.cpp.o	only original
firmware/.pio/build/esp32-s3-devkitc-1-n8/FrameworkArduino/HWCDC.cpp.d	only original
firmware/.pio/build/esp32-s3-devkitc-1-n8/FrameworkArduino/HWCDC.cpp.o	only original
firmware/.pio/build/esp32-s3-devkitc-1-n8/FrameworkArduino/HardwareSerial.cpp.d	only original
firmware/.pio/build/esp32-s3-devkitc-1-n8/FrameworkArduino/HardwareSerial.cpp.o	only original
firmware/.pio/build/esp32-s3-devkitc-1-n8/FrameworkArduino/IPAddress.cpp.d	only original
firmware/.pio/build/esp32-s3-devkitc-1-n8/FrameworkArduino/IPAddress.cpp.o	only original
firmware/.pio/build/esp32-s3-devkitc-1-n8/FrameworkArduino/IPv6Address.cpp.d	only original
firmware/.pio/build/esp32-s3-devkitc-1-n8/FrameworkArduino/IPv6Address.cpp.o	only original
firmware/.pio/build/esp32-s3-devkitc-1-n8/FrameworkArduino/MD5Builder.cpp.d	only original
firmware/.pio/build/esp32-s3-devkitc-1-n8/FrameworkArduino/MD5Builder.cpp.o	only original
firmware/.pio/build/esp32-s3-devkitc-1-n8/FrameworkArduino/Print.cpp.d	only original
firmware/.pio/build/esp32-s3-devkitc-1-n8/FrameworkArduino/Print.cpp.o	only original
firmware/.pio/build/esp32-s3-devkitc-1-n8/FrameworkArduino/Stream.cpp.d	only original
firmware/.pio/build/esp32-s3-devkitc-1-n8/FrameworkArduino/Stream.cpp.o	only original
firmware/.pio/build/esp32-s3-devkitc-1-n8/FrameworkArduino/StreamString.cpp.d	only original
firmware/.pio/build/esp32-s3-devkitc-1-n8/FrameworkArduino/StreamString.cpp.o	only original
firmware/.pio/build/esp32-s3-devkitc-1-n8/FrameworkArduino/Tone.cpp.d	only original
firmware/.pio/build/esp32-s3-devkitc-1-n8/FrameworkArduino/Tone.cpp.o	only original
firmware/.pio/build/esp32-s3-devkitc-1-n8/FrameworkArduino/USB.cpp.d	only original
firmware/.pio/build/esp32-s3-devkitc-1-n8/FrameworkArduino/USB.cpp.o	only original
firmware/.pio/build/esp32-s3-devkitc-1-n8/FrameworkArduino/USBCDC.cpp.d	only original
firmware/.pio/build/esp32-s3-devkitc-1-n8/FrameworkArduino/USBCDC.cpp.o	only original
firmware/.pio/build/esp32-s3-devkitc-1-n8/FrameworkArduino/USBMSC.cpp.d	only original
firmware/.pio/build/esp32-s3-devkitc-1-n8/FrameworkArduino/USBMSC.cpp.o	only original
firmware/.pio/build/esp32-s3-devkitc-1-n8/FrameworkArduino/WMath.cpp.d	only original
firmware/.pio/build/esp32-s3-devkitc-1-n8/FrameworkArduino/WMath.cpp.o	only original
firmware/.pio/build/esp32-s3-devkitc-1-n8/FrameworkArduino/WString.cpp.d	only original
firmware/.pio/build/esp32-s3-devkitc-1-n8/FrameworkArduino/WString.cpp.o	only original
firmware/.pio/build/esp32-s3-devkitc-1-n8/FrameworkArduino/base64.cpp.d	only original
firmware/.pio/build/esp32-s3-devkitc-1-n8/FrameworkArduino/base64.cpp.o	only original
firmware/.pio/build/esp32-s3-devkitc-1-n8/FrameworkArduino/cbuf.cpp.d	only original
firmware/.pio/build/esp32-s3-devkitc-1-n8/FrameworkArduino/cbuf.cpp.o	only original
firmware/.pio/build/esp32-s3-devkitc-1-n8/FrameworkArduino/esp32-hal-adc.c.d	only original
firmware/.pio/build/esp32-s3-devkitc-1-n8/FrameworkArduino/esp32-hal-adc.c.o	only original
firmware/.pio/build/esp32-s3-devkitc-1-n8/FrameworkArduino/esp32-hal-bt.c.d	only original
firmware/.pio/build/esp32-s3-devkitc-1-n8/FrameworkArduino/esp32-hal-bt.c.o	only original
firmware/.pio/build/esp32-s3-devkitc-1-n8/FrameworkArduino/esp32-hal-cpu.c.d	only original
firmware/.pio/build/esp32-s3-devkitc-1-n8/FrameworkArduino/esp32-hal-cpu.c.o	only original
firmware/.pio/build/esp32-s3-devkitc-1-n8/FrameworkArduino/esp32-hal-dac.c.d	only original
firmware/.pio/build/esp32-s3-devkitc-1-n8/FrameworkArduino/esp32-hal-dac.c.o	only original
firmware/.pio/build/esp32-s3-devkitc-1-n8/FrameworkArduino/esp32-hal-gpio.c.d	only original
firmware/.pio/build/esp32-s3-devkitc-1-n8/FrameworkArduino/esp32-hal-gpio.c.o	only original
firmware/.pio/build/esp32-s3-devkitc-1-n8/FrameworkArduino/esp32-hal-i2c-slave.c.d	only original
firmware/.pio/build/esp32-s3-devkitc-1-n8/FrameworkArduino/esp32-hal-i2c-slave.c.o	only original
firmware/.pio/build/esp32-s3-devkitc-1-n8/FrameworkArduino/esp32-hal-i2c.c.d	only original
firmware/.pio/build/esp32-s3-devkitc-1-n8/FrameworkArduino/esp32-hal-i2c.c.o	only original
firmware/.pio/build/esp32-s3-devkitc-1-n8/FrameworkArduino/esp32-hal-ledc.c.d	only original
firmware/.pio/build/esp32-s3-devkitc-1-n8/FrameworkArduino/esp32-hal-ledc.c.o	only original
firmware/.pio/build/esp32-s3-devkitc-1-n8/FrameworkArduino/esp32-hal-matrix.c.d	only original
firmware/.pio/build/esp32-s3-devkitc-1-n8/FrameworkArduino/esp32-hal-matrix.c.o	only original
firmware/.pio/build/esp32-s3-devkitc-1-n8/FrameworkArduino/esp32-hal-misc.c.d	only original
firmware/.pio/build/esp32-s3-devkitc-1-n8/FrameworkArduino/esp32-hal-misc.c.o	only original
firmware/.pio/build/esp32-s3-devkitc-1-n8/FrameworkArduino/esp32-hal-psram.c.d	only original
firmware/.pio/build/esp32-s3-devkitc-1-n8/FrameworkArduino/esp32-hal-psram.c.o	only original
firmware/.pio/build/esp32-s3-devkitc-1-n8/FrameworkArduino/esp32-hal-rgb-led.c.d	only original
firmware/.pio/build/esp32-s3-devkitc-1-n8/FrameworkArduino/esp32-hal-rgb-led.c.o	only original
firmware/.pio/build/esp32-s3-devkitc-1-n8/FrameworkArduino/esp32-hal-rmt.c.d	only original
firmware/.pio/build/esp32-s3-devkitc-1-n8/FrameworkArduino/esp32-hal-rmt.c.o	only original
firmware/.pio/build/esp32-s3-devkitc-1-n8/FrameworkArduino/esp32-hal-sigmadelta.c.d	only original
firmware/.pio/build/esp32-s3-devkitc-1-n8/FrameworkArduino/esp32-hal-sigmadelta.c.o	only original
firmware/.pio/build/esp32-s3-devkitc-1-n8/FrameworkArduino/esp32-hal-spi.c.d	only original
firmware/.pio/build/esp32-s3-devkitc-1-n8/FrameworkArduino/esp32-hal-spi.c.o	only original
firmware/.pio/build/esp32-s3-devkitc-1-n8/FrameworkArduino/esp32-hal-time.c.d	only original
firmware/.pio/build/esp32-s3-devkitc-1-n8/FrameworkArduino/esp32-hal-time.c.o	only original
firmware/.pio/build/esp32-s3-devkitc-1-n8/FrameworkArduino/esp32-hal-timer.c.d	only original
firmware/.pio/build/esp32-s3-devkitc-1-n8/FrameworkArduino/esp32-hal-timer.c.o	only original
firmware/.pio/build/esp32-s3-devkitc-1-n8/FrameworkArduino/esp32-hal-tinyusb.c.d	only original
firmware/.pio/build/esp32-s3-devkitc-1-n8/FrameworkArduino/esp32-hal-tinyusb.c.o	only original
firmware/.pio/build/esp32-s3-devkitc-1-n8/FrameworkArduino/esp32-hal-touch.c.d	only original
firmware/.pio/build/esp32-s3-devkitc-1-n8/FrameworkArduino/esp32-hal-touch.c.o	only original
firmware/.pio/build/esp32-s3-devkitc-1-n8/FrameworkArduino/esp32-hal-uart.c.d	only original
firmware/.pio/build/esp32-s3-devkitc-1-n8/FrameworkArduino/esp32-hal-uart.c.o	only original
firmware/.pio/build/esp32-s3-devkitc-1-n8/FrameworkArduino/firmware_msc_fat.c.d	only original
firmware/.pio/build/esp32-s3-devkitc-1-n8/FrameworkArduino/firmware_msc_fat.c.o	only original
firmware/.pio/build/esp32-s3-devkitc-1-n8/FrameworkArduino/libb64/cdecode.c.d	only original
firmware/.pio/build/esp32-s3-devkitc-1-n8/FrameworkArduino/libb64/cdecode.c.o	only original
firmware/.pio/build/esp32-s3-devkitc-1-n8/FrameworkArduino/libb64/cencode.c.d	only original
firmware/.pio/build/esp32-s3-devkitc-1-n8/FrameworkArduino/libb64/cencode.c.o	only original
firmware/.pio/build/esp32-s3-devkitc-1-n8/FrameworkArduino/main.cpp.d	only original
firmware/.pio/build/esp32-s3-devkitc-1-n8/FrameworkArduino/main.cpp.o	only original
firmware/.pio/build/esp32-s3-devkitc-1-n8/FrameworkArduino/stdlib_noniso.c.d	only original
firmware/.pio/build/esp32-s3-devkitc-1-n8/FrameworkArduino/stdlib_noniso.c.o	only original
firmware/.pio/build/esp32-s3-devkitc-1-n8/FrameworkArduino/wiring_pulse.c.d	only original
firmware/.pio/build/esp32-s3-devkitc-1-n8/FrameworkArduino/wiring_pulse.c.o	only original
firmware/.pio/build/esp32-s3-devkitc-1-n8/FrameworkArduino/wiring_shift.c.d	only original
firmware/.pio/build/esp32-s3-devkitc-1-n8/FrameworkArduino/wiring_shift.c.o	only original
firmware/.pio/build/esp32-s3-devkitc-1-n8/bootloader.bin	only original
firmware/.pio/build/esp32-s3-devkitc-1-n8/firmware.bin	only original
firmware/.pio/build/esp32-s3-devkitc-1-n8/firmware.elf	only original
firmware/.pio/build/esp32-s3-devkitc-1-n8/firmware.map	only original
firmware/.pio/build/esp32-s3-devkitc-1-n8/idedata.json	only original
firmware/.pio/build/esp32-s3-devkitc-1-n8/lib0d7/Adafruit Unified Sensor/Adafruit_Sensor.cpp.d	only original
firmware/.pio/build/esp32-s3-devkitc-1-n8/lib0d7/Adafruit Unified Sensor/Adafruit_Sensor.cpp.o	only original
firmware/.pio/build/esp32-s3-devkitc-1-n8/lib0d7/libAdafruit Unified Sensor.a	only original
firmware/.pio/build/esp32-s3-devkitc-1-n8/lib1bc/LoRa/LoRa.cpp.d	only original
firmware/.pio/build/esp32-s3-devkitc-1-n8/lib1bc/LoRa/LoRa.cpp.o	only original
firmware/.pio/build/esp32-s3-devkitc-1-n8/lib1bc/libLoRa.a	only original
firmware/.pio/build/esp32-s3-devkitc-1-n8/lib1c4/Adafruit SHT31 Library/Adafruit_SHT31.cpp.d	only original
firmware/.pio/build/esp32-s3-devkitc-1-n8/lib1c4/Adafruit SHT31 Library/Adafruit_SHT31.cpp.o	only original
firmware/.pio/build/esp32-s3-devkitc-1-n8/lib1c4/libAdafruit SHT31 Library.a	only original
firmware/.pio/build/esp32-s3-devkitc-1-n8/lib3ac/Adafruit BMP280 Library/Adafruit_BMP280.cpp.d	only original
firmware/.pio/build/esp32-s3-devkitc-1-n8/lib3ac/Adafruit BMP280 Library/Adafruit_BMP280.cpp.o	only original
firmware/.pio/build/esp32-s3-devkitc-1-n8/lib3ac/libAdafruit BMP280 Library.a	only original
firmware/.pio/build/esp32-s3-devkitc-1-n8/lib69a/DHT sensor library/DHT.cpp.d	only original
firmware/.pio/build/esp32-s3-devkitc-1-n8/lib69a/DHT sensor library/DHT.cpp.o	only original
firmware/.pio/build/esp32-s3-devkitc-1-n8/lib69a/DHT sensor library/DHT_U.cpp.d	only original
firmware/.pio/build/esp32-s3-devkitc-1-n8/lib69a/DHT sensor library/DHT_U.cpp.o	only original
firmware/.pio/build/esp32-s3-devkitc-1-n8/lib69a/libDHT sensor library.a	only original
firmware/.pio/build/esp32-s3-devkitc-1-n8/lib6d2/Adafruit BusIO/Adafruit_BusIO_Register.cpp.d	only original
firmware/.pio/build/esp32-s3-devkitc-1-n8/lib6d2/Adafruit BusIO/Adafruit_BusIO_Register.cpp.o	only original
firmware/.pio/build/esp32-s3-devkitc-1-n8/lib6d2/Adafruit BusIO/Adafruit_GenericDevice.cpp.d	only original
firmware/.pio/build/esp32-s3-devkitc-1-n8/lib6d2/Adafruit BusIO/Adafruit_GenericDevice.cpp.o	only original
firmware/.pio/build/esp32-s3-devkitc-1-n8/lib6d2/Adafruit BusIO/Adafruit_I2CDevice.cpp.d	only original
firmware/.pio/build/esp32-s3-devkitc-1-n8/lib6d2/Adafruit BusIO/Adafruit_I2CDevice.cpp.o	only original
firmware/.pio/build/esp32-s3-devkitc-1-n8/lib6d2/Adafruit BusIO/Adafruit_SPIDevice.cpp.d	only original
firmware/.pio/build/esp32-s3-devkitc-1-n8/lib6d2/Adafruit BusIO/Adafruit_SPIDevice.cpp.o	only original
firmware/.pio/build/esp32-s3-devkitc-1-n8/lib6d2/libAdafruit BusIO.a	only original
firmware/.pio/build/esp32-s3-devkitc-1-n8/lib7d7/WiFi/WiFi.cpp.d	only original
firmware/.pio/build/esp32-s3-devkitc-1-n8/lib7d7/WiFi/WiFi.cpp.o	only original
firmware/.pio/build/esp32-s3-devkitc-1-n8/lib7d7/WiFi/WiFiAP.cpp.d	only original
firmware/.pio/build/esp32-s3-devkitc-1-n8/lib7d7/WiFi/WiFiAP.cpp.o	only original
firmware/.pio/build/esp32-s3-devkitc-1-n8/lib7d7/WiFi/WiFiClient.cpp.d	only original
firmware/.pio/build/esp32-s3-devkitc-1-n8/lib7d7/WiFi/WiFiClient.cpp.o	only original
firmware/.pio/build/esp32-s3-devkitc-1-n8/lib7d7/WiFi/WiFiGeneric.cpp.d	only original
firmware/.pio/build/esp32-s3-devkitc-1-n8/lib7d7/WiFi/WiFiGeneric.cpp.o	only original
firmware/.pio/build/esp32-s3-devkitc-1-n8/lib7d7/WiFi/WiFiMulti.cpp.d	only original
firmware/.pio/build/esp32-s3-devkitc-1-n8/lib7d7/WiFi/WiFiMulti.cpp.o	only original
firmware/.pio/build/esp32-s3-devkitc-1-n8/lib7d7/WiFi/WiFiSTA.cpp.d	only original
firmware/.pio/build/esp32-s3-devkitc-1-n8/lib7d7/WiFi/WiFiSTA.cpp.o	only original
firmware/.pio/build/esp32-s3-devkitc-1-n8/lib7d7/WiFi/WiFiScan.cpp.d	only original
firmware/.pio/build/esp32-s3-devkitc-1-n8/lib7d7/WiFi/WiFiScan.cpp.o	only original
firmware/.pio/build/esp32-s3-devkitc-1-n8/lib7d7/WiFi/WiFiServer.cpp.d	only original
firmware/.pio/build/esp32-s3-devkitc-1-n8/lib7d7/WiFi/WiFiServer.cpp.o	only original
firmware/.pio/build/esp32-s3-devkitc-1-n8/lib7d7/WiFi/WiFiUdp.cpp.d	only original
firmware/.pio/build/esp32-s3-devkitc-1-n8/lib7d7/WiFi/WiFiUdp.cpp.o	only original
firmware/.pio/build/esp32-s3-devkitc-1-n8/lib7d7/libWiFi.a	only original
firmware/.pio/build/esp32-s3-devkitc-1-n8/libFrameworkArduino.a	only original
firmware/.pio/build/esp32-s3-devkitc-1-n8/liba20/HTTPClient/HTTPClient.cpp.d	only original
firmware/.pio/build/esp32-s3-devkitc-1-n8/liba20/HTTPClient/HTTPClient.cpp.o	only original
firmware/.pio/build/esp32-s3-devkitc-1-n8/liba20/libHTTPClient.a	only original
firmware/.pio/build/esp32-s3-devkitc-1-n8/liba33/Wire/Wire.cpp.d	only original
firmware/.pio/build/esp32-s3-devkitc-1-n8/liba33/Wire/Wire.cpp.o	only original
firmware/.pio/build/esp32-s3-devkitc-1-n8/liba33/libWire.a	only original
firmware/.pio/build/esp32-s3-devkitc-1-n8/liba4c/Adafruit INA219/Adafruit_INA219.cpp.d	only original
firmware/.pio/build/esp32-s3-devkitc-1-n8/liba4c/Adafruit INA219/Adafruit_INA219.cpp.o	only original
firmware/.pio/build/esp32-s3-devkitc-1-n8/liba4c/libAdafruit INA219.a	only original
firmware/.pio/build/esp32-s3-devkitc-1-n8/libaa6/Adafruit MPU6050/Adafruit_MPU6050.cpp.d	only original
firmware/.pio/build/esp32-s3-devkitc-1-n8/libaa6/Adafruit MPU6050/Adafruit_MPU6050.cpp.o	only original
firmware/.pio/build/esp32-s3-devkitc-1-n8/libaa6/libAdafruit MPU6050.a	only original
firmware/.pio/build/esp32-s3-devkitc-1-n8/libae2/Preferences/Preferences.cpp.d	only original
firmware/.pio/build/esp32-s3-devkitc-1-n8/libae2/Preferences/Preferences.cpp.o	only original
firmware/.pio/build/esp32-s3-devkitc-1-n8/libae2/libPreferences.a	only original
firmware/.pio/build/esp32-s3-devkitc-1-n8/libb8f/SPI/SPI.cpp.d	only original
firmware/.pio/build/esp32-s3-devkitc-1-n8/libb8f/SPI/SPI.cpp.o	only original
firmware/.pio/build/esp32-s3-devkitc-1-n8/libb8f/libSPI.a	only original
firmware/.pio/build/esp32-s3-devkitc-1-n8/libe9a/WiFiClientSecure/WiFiClientSecure.cpp.d	only original
firmware/.pio/build/esp32-s3-devkitc-1-n8/libe9a/WiFiClientSecure/WiFiClientSecure.cpp.o	only original
firmware/.pio/build/esp32-s3-devkitc-1-n8/libe9a/WiFiClientSecure/esp_crt_bundle.c.d	only original
firmware/.pio/build/esp32-s3-devkitc-1-n8/libe9a/WiFiClientSecure/esp_crt_bundle.c.o	only original
firmware/.pio/build/esp32-s3-devkitc-1-n8/libe9a/WiFiClientSecure/ssl_client.cpp.d	only original
firmware/.pio/build/esp32-s3-devkitc-1-n8/libe9a/WiFiClientSecure/ssl_client.cpp.o	only original
firmware/.pio/build/esp32-s3-devkitc-1-n8/libe9a/libWiFiClientSecure.a	only original
firmware/.pio/build/esp32-s3-devkitc-1-n8/partitions.bin	only original
firmware/.pio/build/esp32-s3-devkitc-1-n8/src/alarm_manager.cpp.d	only original
firmware/.pio/build/esp32-s3-devkitc-1-n8/src/alarm_manager.cpp.o	only original
firmware/.pio/build/esp32-s3-devkitc-1-n8/src/edge_mlp.cpp.d	only original
firmware/.pio/build/esp32-s3-devkitc-1-n8/src/edge_mlp.cpp.o	only original
firmware/.pio/build/esp32-s3-devkitc-1-n8/src/feature_engine.cpp.d	only original
firmware/.pio/build/esp32-s3-devkitc-1-n8/src/feature_engine.cpp.o	only original
firmware/.pio/build/esp32-s3-devkitc-1-n8/src/health_engine.cpp.d	only original
firmware/.pio/build/esp32-s3-devkitc-1-n8/src/health_engine.cpp.o	only original
firmware/.pio/build/esp32-s3-devkitc-1-n8/src/local_brain.cpp.d	only original
firmware/.pio/build/esp32-s3-devkitc-1-n8/src/local_brain.cpp.o	only original
firmware/.pio/build/esp32-s3-devkitc-1-n8/src/lora_fallback.cpp.d	only original
firmware/.pio/build/esp32-s3-devkitc-1-n8/src/lora_fallback.cpp.o	only original
firmware/.pio/build/esp32-s3-devkitc-1-n8/src/main.cpp.d	only original
firmware/.pio/build/esp32-s3-devkitc-1-n8/src/main.cpp.o	only original
firmware/.pio/build/esp32-s3-devkitc-1-n8/src/recovery_manager.cpp.d	only original
firmware/.pio/build/esp32-s3-devkitc-1-n8/src/recovery_manager.cpp.o	only original
firmware/.pio/build/esp32-s3-devkitc-1-n8/src/sensor_manager.cpp.d	only original
firmware/.pio/build/esp32-s3-devkitc-1-n8/src/sensor_manager.cpp.o	only original
firmware/.pio/build/esp32-s3-devkitc-1-n8/src/station_position.cpp.d	only original
firmware/.pio/build/esp32-s3-devkitc-1-n8/src/station_position.cpp.o	only original
firmware/.pio/build/esp32-s3-devkitc-1-n8/src/telemetry.cpp.d	only original
firmware/.pio/build/esp32-s3-devkitc-1-n8/src/telemetry.cpp.o	only original
firmware/.pio/build/esp32-s3-devkitc-1-n8/src/trusted_data.cpp.d	only original
firmware/.pio/build/esp32-s3-devkitc-1-n8/src/trusted_data.cpp.o	only original
firmware/.pio/build/project.checksum	only original
firmware/.pio/libdeps/esp32-s3-devkitc-1-n8/Adafruit BMP280 Library/.github/ISSUE_TEMPLATE.md	only original
firmware/.pio/libdeps/esp32-s3-devkitc-1-n8/Adafruit BMP280 Library/.github/PULL_REQUEST_TEMPLATE.md	only original
firmware/.pio/libdeps/esp32-s3-devkitc-1-n8/Adafruit BMP280 Library/.github/workflows/githubci.yml	only original
firmware/.pio/libdeps/esp32-s3-devkitc-1-n8/Adafruit BMP280 Library/.gitignore	only original
firmware/.pio/libdeps/esp32-s3-devkitc-1-n8/Adafruit BMP280 Library/.piopm	only original
firmware/.pio/libdeps/esp32-s3-devkitc-1-n8/Adafruit BMP280 Library/Adafruit_BMP280.cpp	only original
firmware/.pio/libdeps/esp32-s3-devkitc-1-n8/Adafruit BMP280 Library/Adafruit_BMP280.h	only original
firmware/.pio/libdeps/esp32-s3-devkitc-1-n8/Adafruit BMP280 Library/README.md	only original
firmware/.pio/libdeps/esp32-s3-devkitc-1-n8/Adafruit BMP280 Library/examples/bmp280_forced/bmp280_forced.ino	only original
firmware/.pio/libdeps/esp32-s3-devkitc-1-n8/Adafruit BMP280 Library/examples/bmp280_sensortest/bmp280_sensortest.ino	only original
firmware/.pio/libdeps/esp32-s3-devkitc-1-n8/Adafruit BMP280 Library/examples/bmp280test/bmp280test.ino	only original
firmware/.pio/libdeps/esp32-s3-devkitc-1-n8/Adafruit BMP280 Library/keywords.txt	only original
firmware/.pio/libdeps/esp32-s3-devkitc-1-n8/Adafruit BMP280 Library/library.properties	only original
firmware/.pio/libdeps/esp32-s3-devkitc-1-n8/Adafruit BusIO/.clang-format	only original
firmware/.pio/libdeps/esp32-s3-devkitc-1-n8/Adafruit BusIO/.github/ISSUE_TEMPLATE.md	only original
firmware/.pio/libdeps/esp32-s3-devkitc-1-n8/Adafruit BusIO/.github/PULL_REQUEST_TEMPLATE.md	only original
firmware/.pio/libdeps/esp32-s3-devkitc-1-n8/Adafruit BusIO/.github/workflows/githubci.yml	only original
firmware/.pio/libdeps/esp32-s3-devkitc-1-n8/Adafruit BusIO/.piopm	only original
firmware/.pio/libdeps/esp32-s3-devkitc-1-n8/Adafruit BusIO/Adafruit_BusIO_Register.cpp	only original
firmware/.pio/libdeps/esp32-s3-devkitc-1-n8/Adafruit BusIO/Adafruit_BusIO_Register.h	only original
firmware/.pio/libdeps/esp32-s3-devkitc-1-n8/Adafruit BusIO/Adafruit_GenericDevice.cpp	only original
firmware/.pio/libdeps/esp32-s3-devkitc-1-n8/Adafruit BusIO/Adafruit_GenericDevice.h	only original
firmware/.pio/libdeps/esp32-s3-devkitc-1-n8/Adafruit BusIO/Adafruit_I2CDevice.cpp	only original
firmware/.pio/libdeps/esp32-s3-devkitc-1-n8/Adafruit BusIO/Adafruit_I2CDevice.h	only original
firmware/.pio/libdeps/esp32-s3-devkitc-1-n8/Adafruit BusIO/Adafruit_I2CRegister.h	only original
firmware/.pio/libdeps/esp32-s3-devkitc-1-n8/Adafruit BusIO/Adafruit_SPIDevice.cpp	only original
firmware/.pio/libdeps/esp32-s3-devkitc-1-n8/Adafruit BusIO/Adafruit_SPIDevice.h	only original
firmware/.pio/libdeps/esp32-s3-devkitc-1-n8/Adafruit BusIO/CMakeLists.txt	only original
firmware/.pio/libdeps/esp32-s3-devkitc-1-n8/Adafruit BusIO/LICENSE	only original
firmware/.pio/libdeps/esp32-s3-devkitc-1-n8/Adafruit BusIO/README.md	only original
firmware/.pio/libdeps/esp32-s3-devkitc-1-n8/Adafruit BusIO/component.mk	only original
firmware/.pio/libdeps/esp32-s3-devkitc-1-n8/Adafruit BusIO/examples/genericdevice_uartregtest/.uno.test.skip	only original
firmware/.pio/libdeps/esp32-s3-devkitc-1-n8/Adafruit BusIO/examples/genericdevice_uartregtest/genericdevice_uartregtest.ino	only original
firmware/.pio/libdeps/esp32-s3-devkitc-1-n8/Adafruit BusIO/examples/genericdevice_uarttest/.uno.test.skip	only original
firmware/.pio/libdeps/esp32-s3-devkitc-1-n8/Adafruit BusIO/examples/genericdevice_uarttest/genericdevice_uarttest.ino	only original
firmware/.pio/libdeps/esp32-s3-devkitc-1-n8/Adafruit BusIO/examples/i2c_address_detect/i2c_address_detect.ino	only original
firmware/.pio/libdeps/esp32-s3-devkitc-1-n8/Adafruit BusIO/examples/i2c_readwrite/i2c_readwrite.ino	only original
firmware/.pio/libdeps/esp32-s3-devkitc-1-n8/Adafruit BusIO/examples/i2c_registers/i2c_registers.ino	only original
firmware/.pio/libdeps/esp32-s3-devkitc-1-n8/Adafruit BusIO/examples/i2corspi_register/i2corspi_register.ino	only original
firmware/.pio/libdeps/esp32-s3-devkitc-1-n8/Adafruit BusIO/examples/spi_modetest/spi_modetest.ino	only original
firmware/.pio/libdeps/esp32-s3-devkitc-1-n8/Adafruit BusIO/examples/spi_readwrite/spi_readwrite.ino	only original
firmware/.pio/libdeps/esp32-s3-devkitc-1-n8/Adafruit BusIO/examples/spi_register_bits/spi_register_bits.ino	only original
firmware/.pio/libdeps/esp32-s3-devkitc-1-n8/Adafruit BusIO/examples/spi_registers/spi_registers.ino	only original
firmware/.pio/libdeps/esp32-s3-devkitc-1-n8/Adafruit BusIO/library.properties	only original
firmware/.pio/libdeps/esp32-s3-devkitc-1-n8/Adafruit GFX Library/.clang-format	only original
firmware/.pio/libdeps/esp32-s3-devkitc-1-n8/Adafruit GFX Library/.github/ISSUE_TEMPLATE.md	only original
firmware/.pio/libdeps/esp32-s3-devkitc-1-n8/Adafruit GFX Library/.github/PULL_REQUEST_TEMPLATE.md	only original
firmware/.pio/libdeps/esp32-s3-devkitc-1-n8/Adafruit GFX Library/.github/workflows/githubci.yml	only original
firmware/.pio/libdeps/esp32-s3-devkitc-1-n8/Adafruit GFX Library/.gitignore	only original
firmware/.pio/libdeps/esp32-s3-devkitc-1-n8/Adafruit GFX Library/.piopm	only original
firmware/.pio/libdeps/esp32-s3-devkitc-1-n8/Adafruit GFX Library/Adafruit_GFX.cpp	only original
firmware/.pio/libdeps/esp32-s3-devkitc-1-n8/Adafruit GFX Library/Adafruit_GFX.h	only original
firmware/.pio/libdeps/esp32-s3-devkitc-1-n8/Adafruit GFX Library/Adafruit_GrayOLED.cpp	only original
firmware/.pio/libdeps/esp32-s3-devkitc-1-n8/Adafruit GFX Library/Adafruit_GrayOLED.h	only original
firmware/.pio/libdeps/esp32-s3-devkitc-1-n8/Adafruit GFX Library/Adafruit_SPITFT.cpp	only original
firmware/.pio/libdeps/esp32-s3-devkitc-1-n8/Adafruit GFX Library/Adafruit_SPITFT.h	only original
firmware/.pio/libdeps/esp32-s3-devkitc-1-n8/Adafruit GFX Library/Adafruit_SPITFT_Macros.h	only original
firmware/.pio/libdeps/esp32-s3-devkitc-1-n8/Adafruit GFX Library/CMakeLists.txt	only original
firmware/.pio/libdeps/esp32-s3-devkitc-1-n8/Adafruit GFX Library/Fonts/FreeMono12pt7b.h	only original
firmware/.pio/libdeps/esp32-s3-devkitc-1-n8/Adafruit GFX Library/Fonts/FreeMono18pt7b.h	only original
firmware/.pio/libdeps/esp32-s3-devkitc-1-n8/Adafruit GFX Library/Fonts/FreeMono24pt7b.h	only original
firmware/.pio/libdeps/esp32-s3-devkitc-1-n8/Adafruit GFX Library/Fonts/FreeMono9pt7b.h	only original
firmware/.pio/libdeps/esp32-s3-devkitc-1-n8/Adafruit GFX Library/Fonts/FreeMonoBold12pt7b.h	only original
firmware/.pio/libdeps/esp32-s3-devkitc-1-n8/Adafruit GFX Library/Fonts/FreeMonoBold18pt7b.h	only original
firmware/.pio/libdeps/esp32-s3-devkitc-1-n8/Adafruit GFX Library/Fonts/FreeMonoBold24pt7b.h	only original
firmware/.pio/libdeps/esp32-s3-devkitc-1-n8/Adafruit GFX Library/Fonts/FreeMonoBold9pt7b.h	only original
firmware/.pio/libdeps/esp32-s3-devkitc-1-n8/Adafruit GFX Library/Fonts/FreeMonoBoldOblique12pt7b.h	only original
firmware/.pio/libdeps/esp32-s3-devkitc-1-n8/Adafruit GFX Library/Fonts/FreeMonoBoldOblique18pt7b.h	only original
firmware/.pio/libdeps/esp32-s3-devkitc-1-n8/Adafruit GFX Library/Fonts/FreeMonoBoldOblique24pt7b.h	only original
firmware/.pio/libdeps/esp32-s3-devkitc-1-n8/Adafruit GFX Library/Fonts/FreeMonoBoldOblique9pt7b.h	only original
firmware/.pio/libdeps/esp32-s3-devkitc-1-n8/Adafruit GFX Library/Fonts/FreeMonoOblique12pt7b.h	only original
firmware/.pio/libdeps/esp32-s3-devkitc-1-n8/Adafruit GFX Library/Fonts/FreeMonoOblique18pt7b.h	only original
firmware/.pio/libdeps/esp32-s3-devkitc-1-n8/Adafruit GFX Library/Fonts/FreeMonoOblique24pt7b.h	only original
firmware/.pio/libdeps/esp32-s3-devkitc-1-n8/Adafruit GFX Library/Fonts/FreeMonoOblique9pt7b.h	only original
firmware/.pio/libdeps/esp32-s3-devkitc-1-n8/Adafruit GFX Library/Fonts/FreeSans12pt7b.h	only original
firmware/.pio/libdeps/esp32-s3-devkitc-1-n8/Adafruit GFX Library/Fonts/FreeSans18pt7b.h	only original
firmware/.pio/libdeps/esp32-s3-devkitc-1-n8/Adafruit GFX Library/Fonts/FreeSans24pt7b.h	only original
firmware/.pio/libdeps/esp32-s3-devkitc-1-n8/Adafruit GFX Library/Fonts/FreeSans9pt7b.h	only original
firmware/.pio/libdeps/esp32-s3-devkitc-1-n8/Adafruit GFX Library/Fonts/FreeSansBold12pt7b.h	only original
firmware/.pio/libdeps/esp32-s3-devkitc-1-n8/Adafruit GFX Library/Fonts/FreeSansBold18pt7b.h	only original
firmware/.pio/libdeps/esp32-s3-devkitc-1-n8/Adafruit GFX Library/Fonts/FreeSansBold24pt7b.h	only original
firmware/.pio/libdeps/esp32-s3-devkitc-1-n8/Adafruit GFX Library/Fonts/FreeSansBold9pt7b.h	only original
firmware/.pio/libdeps/esp32-s3-devkitc-1-n8/Adafruit GFX Library/Fonts/FreeSansBoldOblique12pt7b.h	only original
firmware/.pio/libdeps/esp32-s3-devkitc-1-n8/Adafruit GFX Library/Fonts/FreeSansBoldOblique18pt7b.h	only original
firmware/.pio/libdeps/esp32-s3-devkitc-1-n8/Adafruit GFX Library/Fonts/FreeSansBoldOblique24pt7b.h	only original
firmware/.pio/libdeps/esp32-s3-devkitc-1-n8/Adafruit GFX Library/Fonts/FreeSansBoldOblique9pt7b.h	only original
firmware/.pio/libdeps/esp32-s3-devkitc-1-n8/Adafruit GFX Library/Fonts/FreeSansOblique12pt7b.h	only original
firmware/.pio/libdeps/esp32-s3-devkitc-1-n8/Adafruit GFX Library/Fonts/FreeSansOblique18pt7b.h	only original
firmware/.pio/libdeps/esp32-s3-devkitc-1-n8/Adafruit GFX Library/Fonts/FreeSansOblique24pt7b.h	only original
firmware/.pio/libdeps/esp32-s3-devkitc-1-n8/Adafruit GFX Library/Fonts/FreeSansOblique9pt7b.h	only original
firmware/.pio/libdeps/esp32-s3-devkitc-1-n8/Adafruit GFX Library/Fonts/FreeSerif12pt7b.h	only original
firmware/.pio/libdeps/esp32-s3-devkitc-1-n8/Adafruit GFX Library/Fonts/FreeSerif18pt7b.h	only original
firmware/.pio/libdeps/esp32-s3-devkitc-1-n8/Adafruit GFX Library/Fonts/FreeSerif24pt7b.h	only original
firmware/.pio/libdeps/esp32-s3-devkitc-1-n8/Adafruit GFX Library/Fonts/FreeSerif9pt7b.h	only original
firmware/.pio/libdeps/esp32-s3-devkitc-1-n8/Adafruit GFX Library/Fonts/FreeSerifBold12pt7b.h	only original
firmware/.pio/libdeps/esp32-s3-devkitc-1-n8/Adafruit GFX Library/Fonts/FreeSerifBold18pt7b.h	only original
firmware/.pio/libdeps/esp32-s3-devkitc-1-n8/Adafruit GFX Library/Fonts/FreeSerifBold24pt7b.h	only original
firmware/.pio/libdeps/esp32-s3-devkitc-1-n8/Adafruit GFX Library/Fonts/FreeSerifBold9pt7b.h	only original
firmware/.pio/libdeps/esp32-s3-devkitc-1-n8/Adafruit GFX Library/Fonts/FreeSerifBoldItalic12pt7b.h	only original
firmware/.pio/libdeps/esp32-s3-devkitc-1-n8/Adafruit GFX Library/Fonts/FreeSerifBoldItalic18pt7b.h	only original
firmware/.pio/libdeps/esp32-s3-devkitc-1-n8/Adafruit GFX Library/Fonts/FreeSerifBoldItalic24pt7b.h	only original
firmware/.pio/libdeps/esp32-s3-devkitc-1-n8/Adafruit GFX Library/Fonts/FreeSerifBoldItalic9pt7b.h	only original
firmware/.pio/libdeps/esp32-s3-devkitc-1-n8/Adafruit GFX Library/Fonts/FreeSerifItalic12pt7b.h	only original
firmware/.pio/libdeps/esp32-s3-devkitc-1-n8/Adafruit GFX Library/Fonts/FreeSerifItalic18pt7b.h	only original
firmware/.pio/libdeps/esp32-s3-devkitc-1-n8/Adafruit GFX Library/Fonts/FreeSerifItalic24pt7b.h	only original
firmware/.pio/libdeps/esp32-s3-devkitc-1-n8/Adafruit GFX Library/Fonts/FreeSerifItalic9pt7b.h	only original
firmware/.pio/libdeps/esp32-s3-devkitc-1-n8/Adafruit GFX Library/Fonts/Org_01.h	only original
firmware/.pio/libdeps/esp32-s3-devkitc-1-n8/Adafruit GFX Library/Fonts/Picopixel.h	only original
firmware/.pio/libdeps/esp32-s3-devkitc-1-n8/Adafruit GFX Library/Fonts/Tiny3x3a2pt7b.h	only original
firmware/.pio/libdeps/esp32-s3-devkitc-1-n8/Adafruit GFX Library/Fonts/TomThumb.h	only original
firmware/.pio/libdeps/esp32-s3-devkitc-1-n8/Adafruit GFX Library/README.md	only original
firmware/.pio/libdeps/esp32-s3-devkitc-1-n8/Adafruit GFX Library/component.mk	only original
firmware/.pio/libdeps/esp32-s3-devkitc-1-n8/Adafruit GFX Library/examples/GFXcanvas/GFXcanvas.ino	only original
firmware/.pio/libdeps/esp32-s3-devkitc-1-n8/Adafruit GFX Library/examples/GFXcanvas/GFXcanvasSerialDemo.cpp	only original
firmware/.pio/libdeps/esp32-s3-devkitc-1-n8/Adafruit GFX Library/examples/GFXcanvas/GFXcanvasSerialDemo.h	only original
firmware/.pio/libdeps/esp32-s3-devkitc-1-n8/Adafruit GFX Library/examples/mock_ili9341/mock_ili9341.ino	only original
firmware/.pio/libdeps/esp32-s3-devkitc-1-n8/Adafruit GFX Library/fontconvert/Makefile	only original
firmware/.pio/libdeps/esp32-s3-devkitc-1-n8/Adafruit GFX Library/fontconvert/bdf2adafruit.py	only original
firmware/.pio/libdeps/esp32-s3-devkitc-1-n8/Adafruit GFX Library/fontconvert/fontconvert.c	only original
firmware/.pio/libdeps/esp32-s3-devkitc-1-n8/Adafruit GFX Library/fontconvert/fontconvert_win.md	only original
firmware/.pio/libdeps/esp32-s3-devkitc-1-n8/Adafruit GFX Library/fontconvert/makefonts.sh	only original
firmware/.pio/libdeps/esp32-s3-devkitc-1-n8/Adafruit GFX Library/gfxfont.h	only original
firmware/.pio/libdeps/esp32-s3-devkitc-1-n8/Adafruit GFX Library/glcdfont.c	only original
firmware/.pio/libdeps/esp32-s3-devkitc-1-n8/Adafruit GFX Library/library.properties	only original
firmware/.pio/libdeps/esp32-s3-devkitc-1-n8/Adafruit GFX Library/license.txt	only original
firmware/.pio/libdeps/esp32-s3-devkitc-1-n8/Adafruit INA219/.github/ISSUE_TEMPLATE.md	only original
firmware/.pio/libdeps/esp32-s3-devkitc-1-n8/Adafruit INA219/.github/PULL_REQUEST_TEMPLATE.md	only original
firmware/.pio/libdeps/esp32-s3-devkitc-1-n8/Adafruit INA219/.github/workflows/githubci.yml	only original
firmware/.pio/libdeps/esp32-s3-devkitc-1-n8/Adafruit INA219/.gitignore	only original
firmware/.pio/libdeps/esp32-s3-devkitc-1-n8/Adafruit INA219/.piopm	only original
firmware/.pio/libdeps/esp32-s3-devkitc-1-n8/Adafruit INA219/Adafruit_INA219.cpp	only original
firmware/.pio/libdeps/esp32-s3-devkitc-1-n8/Adafruit INA219/Adafruit_INA219.h	only original
firmware/.pio/libdeps/esp32-s3-devkitc-1-n8/Adafruit INA219/README.md	only original
firmware/.pio/libdeps/esp32-s3-devkitc-1-n8/Adafruit INA219/code-of-conduct.md	only original
firmware/.pio/libdeps/esp32-s3-devkitc-1-n8/Adafruit INA219/examples/getcurrent/getcurrent.ino	only original
firmware/.pio/libdeps/esp32-s3-devkitc-1-n8/Adafruit INA219/examples/ina_poweroled/ina_poweroled.ino	only original
firmware/.pio/libdeps/esp32-s3-devkitc-1-n8/Adafruit INA219/library.properties	only original
firmware/.pio/libdeps/esp32-s3-devkitc-1-n8/Adafruit INA219/license.txt	only original
firmware/.pio/libdeps/esp32-s3-devkitc-1-n8/Adafruit MPU6050/.clang-format	only original
firmware/.pio/libdeps/esp32-s3-devkitc-1-n8/Adafruit MPU6050/.github/ISSUE_TEMPLATE.md	only original
firmware/.pio/libdeps/esp32-s3-devkitc-1-n8/Adafruit MPU6050/.github/PULL_REQUEST_TEMPLATE.md	only original
firmware/.pio/libdeps/esp32-s3-devkitc-1-n8/Adafruit MPU6050/.github/workflows/githubci.yml	only original
firmware/.pio/libdeps/esp32-s3-devkitc-1-n8/Adafruit MPU6050/.gitignore	only original
firmware/.pio/libdeps/esp32-s3-devkitc-1-n8/Adafruit MPU6050/.piopm	only original
firmware/.pio/libdeps/esp32-s3-devkitc-1-n8/Adafruit MPU6050/Adafruit_MPU6050.cpp	only original
firmware/.pio/libdeps/esp32-s3-devkitc-1-n8/Adafruit MPU6050/Adafruit_MPU6050.h	only original
firmware/.pio/libdeps/esp32-s3-devkitc-1-n8/Adafruit MPU6050/README.md	only original
firmware/.pio/libdeps/esp32-s3-devkitc-1-n8/Adafruit MPU6050/code-of-conduct.md	only original
firmware/.pio/libdeps/esp32-s3-devkitc-1-n8/Adafruit MPU6050/examples/MPU6050_oled/MPU6050_oled.ino	only original
firmware/.pio/libdeps/esp32-s3-devkitc-1-n8/Adafruit MPU6050/examples/basic_readings/basic_readings.ino	only original
firmware/.pio/libdeps/esp32-s3-devkitc-1-n8/Adafruit MPU6050/examples/motion_detection/motion_detection.ino	only original
firmware/.pio/libdeps/esp32-s3-devkitc-1-n8/Adafruit MPU6050/examples/mpu6050_unifiedsensors/mpu6050_unifiedsensors.ino	only original
firmware/.pio/libdeps/esp32-s3-devkitc-1-n8/Adafruit MPU6050/examples/plotter/plotter.ino	only original
firmware/.pio/libdeps/esp32-s3-devkitc-1-n8/Adafruit MPU6050/examples/sleep_demo/sleep_demo.ino	only original
firmware/.pio/libdeps/esp32-s3-devkitc-1-n8/Adafruit MPU6050/library.properties	only original
firmware/.pio/libdeps/esp32-s3-devkitc-1-n8/Adafruit MPU6050/license.txt	only original
firmware/.pio/libdeps/esp32-s3-devkitc-1-n8/Adafruit NeoPixel/.github/ISSUE_TEMPLATE.md	only original
firmware/.pio/libdeps/esp32-s3-devkitc-1-n8/Adafruit NeoPixel/.github/PULL_REQUEST_TEMPLATE.md	only original
firmware/.pio/libdeps/esp32-s3-devkitc-1-n8/Adafruit NeoPixel/.github/workflows/githubci.yml	only original
firmware/.pio/libdeps/esp32-s3-devkitc-1-n8/Adafruit NeoPixel/.gitignore	only original
firmware/.pio/libdeps/esp32-s3-devkitc-1-n8/Adafruit NeoPixel/.piopm	only original
firmware/.pio/libdeps/esp32-s3-devkitc-1-n8/Adafruit NeoPixel/Adafruit_NeoPixel.cpp	only original
firmware/.pio/libdeps/esp32-s3-devkitc-1-n8/Adafruit NeoPixel/Adafruit_NeoPixel.h	only original
firmware/.pio/libdeps/esp32-s3-devkitc-1-n8/Adafruit NeoPixel/Adafruit_Neopixel_RP2.cpp	only original
firmware/.pio/libdeps/esp32-s3-devkitc-1-n8/Adafruit NeoPixel/CONTRIBUTING.md	only original
firmware/.pio/libdeps/esp32-s3-devkitc-1-n8/Adafruit NeoPixel/COPYING	only original
firmware/.pio/libdeps/esp32-s3-devkitc-1-n8/Adafruit NeoPixel/README.md	only original
firmware/.pio/libdeps/esp32-s3-devkitc-1-n8/Adafruit NeoPixel/esp.c	only original
firmware/.pio/libdeps/esp32-s3-devkitc-1-n8/Adafruit NeoPixel/esp8266.c	only original
firmware/.pio/libdeps/esp32-s3-devkitc-1-n8/Adafruit NeoPixel/examples/RGBWstrandtest/.esp8266.test.skip	only original
firmware/.pio/libdeps/esp32-s3-devkitc-1-n8/Adafruit NeoPixel/examples/RGBWstrandtest/.trinket.test.skip	only original
firmware/.pio/libdeps/esp32-s3-devkitc-1-n8/Adafruit NeoPixel/examples/RGBWstrandtest/RGBWstrandtest.ino	only original
firmware/.pio/libdeps/esp32-s3-devkitc-1-n8/Adafruit NeoPixel/examples/StrandtestArduinoBLE/.none.test.only	only original
firmware/.pio/libdeps/esp32-s3-devkitc-1-n8/Adafruit NeoPixel/examples/StrandtestArduinoBLE/StrandtestArduinoBLE.ino	only original
firmware/.pio/libdeps/esp32-s3-devkitc-1-n8/Adafruit NeoPixel/examples/StrandtestArduinoBLECallback/.none.test.only	only original
firmware/.pio/libdeps/esp32-s3-devkitc-1-n8/Adafruit NeoPixel/examples/StrandtestArduinoBLECallback/StrandtestArduinoBLECallback.ino	only original
firmware/.pio/libdeps/esp32-s3-devkitc-1-n8/Adafruit NeoPixel/examples/StrandtestBLE/.none.test.only	only original
firmware/.pio/libdeps/esp32-s3-devkitc-1-n8/Adafruit NeoPixel/examples/StrandtestBLE/BLESerial.cpp	only original
firmware/.pio/libdeps/esp32-s3-devkitc-1-n8/Adafruit NeoPixel/examples/StrandtestBLE/BLESerial.h	only original
firmware/.pio/libdeps/esp32-s3-devkitc-1-n8/Adafruit NeoPixel/examples/StrandtestBLE/StrandtestBLE.ino	only original
firmware/.pio/libdeps/esp32-s3-devkitc-1-n8/Adafruit NeoPixel/examples/StrandtestBLE_nodelay/.none.test.only	only original
firmware/.pio/libdeps/esp32-s3-devkitc-1-n8/Adafruit NeoPixel/examples/StrandtestBLE_nodelay/BLESerial.cpp	only original
firmware/.pio/libdeps/esp32-s3-devkitc-1-n8/Adafruit NeoPixel/examples/StrandtestBLE_nodelay/BLESerial.h	only original
firmware/.pio/libdeps/esp32-s3-devkitc-1-n8/Adafruit NeoPixel/examples/StrandtestBLE_nodelay/StrandtestBLE_nodelay.ino	only original
firmware/.pio/libdeps/esp32-s3-devkitc-1-n8/Adafruit NeoPixel/examples/buttoncycler/.esp8266.test.skip	only original
firmware/.pio/libdeps/esp32-s3-devkitc-1-n8/Adafruit NeoPixel/examples/buttoncycler/buttoncycler.ino	only original
firmware/.pio/libdeps/esp32-s3-devkitc-1-n8/Adafruit NeoPixel/examples/simple/.esp8266.test.skip	only original
firmware/.pio/libdeps/esp32-s3-devkitc-1-n8/Adafruit NeoPixel/examples/simple/simple.ino	only original
firmware/.pio/libdeps/esp32-s3-devkitc-1-n8/Adafruit NeoPixel/examples/simple_new_operator/.esp8266.test.skip	only original
firmware/.pio/libdeps/esp32-s3-devkitc-1-n8/Adafruit NeoPixel/examples/simple_new_operator/simple_new_operator.ino	only original
firmware/.pio/libdeps/esp32-s3-devkitc-1-n8/Adafruit NeoPixel/examples/strandtest/.esp8266.test.skip	only original
firmware/.pio/libdeps/esp32-s3-devkitc-1-n8/Adafruit NeoPixel/examples/strandtest/strandtest.ino	only original
firmware/.pio/libdeps/esp32-s3-devkitc-1-n8/Adafruit NeoPixel/examples/strandtest_nodelay/.esp8266.test.skip	only original
firmware/.pio/libdeps/esp32-s3-devkitc-1-n8/Adafruit NeoPixel/examples/strandtest_nodelay/strandtest_nodelay.ino	only original
firmware/.pio/libdeps/esp32-s3-devkitc-1-n8/Adafruit NeoPixel/examples/strandtest_wheel/.esp8266.test.skip	only original
firmware/.pio/libdeps/esp32-s3-devkitc-1-n8/Adafruit NeoPixel/examples/strandtest_wheel/strandtest_wheel.ino	only original
firmware/.pio/libdeps/esp32-s3-devkitc-1-n8/Adafruit NeoPixel/kendyte_k210.c	only original
firmware/.pio/libdeps/esp32-s3-devkitc-1-n8/Adafruit NeoPixel/keywords.txt	only original
firmware/.pio/libdeps/esp32-s3-devkitc-1-n8/Adafruit NeoPixel/library.properties	only original
firmware/.pio/libdeps/esp32-s3-devkitc-1-n8/Adafruit NeoPixel/psoc6.c	only original
firmware/.pio/libdeps/esp32-s3-devkitc-1-n8/Adafruit NeoPixel/rp2040_pio.h	only original
firmware/.pio/libdeps/esp32-s3-devkitc-1-n8/Adafruit SHT31 Library/.github/ISSUE_TEMPLATE.md	only original
firmware/.pio/libdeps/esp32-s3-devkitc-1-n8/Adafruit SHT31 Library/.github/PULL_REQUEST_TEMPLATE.md	only original
firmware/.pio/libdeps/esp32-s3-devkitc-1-n8/Adafruit SHT31 Library/.github/workflows/githubci.yml	only original
firmware/.pio/libdeps/esp32-s3-devkitc-1-n8/Adafruit SHT31 Library/.gitignore	only original
firmware/.pio/libdeps/esp32-s3-devkitc-1-n8/Adafruit SHT31 Library/.piopm	only original
firmware/.pio/libdeps/esp32-s3-devkitc-1-n8/Adafruit SHT31 Library/Adafruit_SHT31.cpp	only original
firmware/.pio/libdeps/esp32-s3-devkitc-1-n8/Adafruit SHT31 Library/Adafruit_SHT31.h	only original
firmware/.pio/libdeps/esp32-s3-devkitc-1-n8/Adafruit SHT31 Library/README.md	only original
firmware/.pio/libdeps/esp32-s3-devkitc-1-n8/Adafruit SHT31 Library/examples/SHT31test/SHT31test.ino	only original
firmware/.pio/libdeps/esp32-s3-devkitc-1-n8/Adafruit SHT31 Library/library.properties	only original
firmware/.pio/libdeps/esp32-s3-devkitc-1-n8/Adafruit SHT31 Library/license.txt	only original
firmware/.pio/libdeps/esp32-s3-devkitc-1-n8/Adafruit SSD1306/.github/ISSUE_TEMPLATE.md	only original
firmware/.pio/libdeps/esp32-s3-devkitc-1-n8/Adafruit SSD1306/.github/PULL_REQUEST_TEMPLATE.md	only original
firmware/.pio/libdeps/esp32-s3-devkitc-1-n8/Adafruit SSD1306/.github/workflows/githubci.yml	only original
firmware/.pio/libdeps/esp32-s3-devkitc-1-n8/Adafruit SSD1306/.gitignore	only original
firmware/.pio/libdeps/esp32-s3-devkitc-1-n8/Adafruit SSD1306/.piopm	only original
firmware/.pio/libdeps/esp32-s3-devkitc-1-n8/Adafruit SSD1306/Adafruit_SSD1306.cpp	only original
firmware/.pio/libdeps/esp32-s3-devkitc-1-n8/Adafruit SSD1306/Adafruit_SSD1306.h	only original
firmware/.pio/libdeps/esp32-s3-devkitc-1-n8/Adafruit SSD1306/CMakeLists.txt	only original
firmware/.pio/libdeps/esp32-s3-devkitc-1-n8/Adafruit SSD1306/README.md	only original
firmware/.pio/libdeps/esp32-s3-devkitc-1-n8/Adafruit SSD1306/component.mk	only original
firmware/.pio/libdeps/esp32-s3-devkitc-1-n8/Adafruit SSD1306/examples/OLED_featherwing/OLED_featherwing.ino	only original
firmware/.pio/libdeps/esp32-s3-devkitc-1-n8/Adafruit SSD1306/examples/ssd1306_128x32_i2c/ssd1306_128x32_i2c.ino	only original
firmware/.pio/libdeps/esp32-s3-devkitc-1-n8/Adafruit SSD1306/examples/ssd1306_128x32_spi/ssd1306_128x32_spi.ino	only original
firmware/.pio/libdeps/esp32-s3-devkitc-1-n8/Adafruit SSD1306/examples/ssd1306_128x64_i2c/ssd1306_128x64_i2c.ino	only original
firmware/.pio/libdeps/esp32-s3-devkitc-1-n8/Adafruit SSD1306/examples/ssd1306_128x64_spi/ssd1306_128x64_spi.ino	only original
firmware/.pio/libdeps/esp32-s3-devkitc-1-n8/Adafruit SSD1306/examples/ssd1306_64x32_i2c/ssd1306_64x32_i2c.ino	only original
firmware/.pio/libdeps/esp32-s3-devkitc-1-n8/Adafruit SSD1306/library.properties	only original
firmware/.pio/libdeps/esp32-s3-devkitc-1-n8/Adafruit SSD1306/license.txt	only original
firmware/.pio/libdeps/esp32-s3-devkitc-1-n8/Adafruit SSD1306/scripts/Makefile	only original
firmware/.pio/libdeps/esp32-s3-devkitc-1-n8/Adafruit SSD1306/scripts/make_splash.py	only original
firmware/.pio/libdeps/esp32-s3-devkitc-1-n8/Adafruit SSD1306/splash.h	only original
firmware/.pio/libdeps/esp32-s3-devkitc-1-n8/Adafruit Unified Sensor/.gitignore	only original
firmware/.pio/libdeps/esp32-s3-devkitc-1-n8/Adafruit Unified Sensor/.piopm	only original
firmware/.pio/libdeps/esp32-s3-devkitc-1-n8/Adafruit Unified Sensor/Adafruit_Sensor.cpp	only original
firmware/.pio/libdeps/esp32-s3-devkitc-1-n8/Adafruit Unified Sensor/Adafruit_Sensor.h	only original
firmware/.pio/libdeps/esp32-s3-devkitc-1-n8/Adafruit Unified Sensor/LICENSE.txt	only original
firmware/.pio/libdeps/esp32-s3-devkitc-1-n8/Adafruit Unified Sensor/README.md	only original
firmware/.pio/libdeps/esp32-s3-devkitc-1-n8/Adafruit Unified Sensor/examples/sensortest/sensortest.ino	only original
firmware/.pio/libdeps/esp32-s3-devkitc-1-n8/Adafruit Unified Sensor/library.properties	only original
firmware/.pio/libdeps/esp32-s3-devkitc-1-n8/ArduinoJson/.piopm	only original
firmware/.pio/libdeps/esp32-s3-devkitc-1-n8/ArduinoJson/ArduinoJson.h	only original
firmware/.pio/libdeps/esp32-s3-devkitc-1-n8/ArduinoJson/LICENSE.txt	only original
firmware/.pio/libdeps/esp32-s3-devkitc-1-n8/ArduinoJson/README.md	only original
firmware/.pio/libdeps/esp32-s3-devkitc-1-n8/ArduinoJson/examples/JsonConfigFile/JsonConfigFile.ino	only original
firmware/.pio/libdeps/esp32-s3-devkitc-1-n8/ArduinoJson/examples/JsonFilterExample/JsonFilterExample.ino	only original
firmware/.pio/libdeps/esp32-s3-devkitc-1-n8/ArduinoJson/examples/JsonGeneratorExample/JsonGeneratorExample.ino	only original
firmware/.pio/libdeps/esp32-s3-devkitc-1-n8/ArduinoJson/examples/JsonHttpClient/JsonHttpClient.ino	only original
firmware/.pio/libdeps/esp32-s3-devkitc-1-n8/ArduinoJson/examples/JsonParserExample/JsonParserExample.ino	only original
firmware/.pio/libdeps/esp32-s3-devkitc-1-n8/ArduinoJson/examples/JsonServer/JsonServer.ino	only original
firmware/.pio/libdeps/esp32-s3-devkitc-1-n8/ArduinoJson/examples/JsonUdpBeacon/JsonUdpBeacon.ino	only original
firmware/.pio/libdeps/esp32-s3-devkitc-1-n8/ArduinoJson/examples/MsgPackParser/MsgPackParser.ino	only original
firmware/.pio/libdeps/esp32-s3-devkitc-1-n8/ArduinoJson/examples/ProgmemExample/ProgmemExample.ino	only original
firmware/.pio/libdeps/esp32-s3-devkitc-1-n8/ArduinoJson/examples/StringExample/StringExample.ino	only original
firmware/.pio/libdeps/esp32-s3-devkitc-1-n8/ArduinoJson/library.json	only original
firmware/.pio/libdeps/esp32-s3-devkitc-1-n8/ArduinoJson/library.properties	only original
firmware/.pio/libdeps/esp32-s3-devkitc-1-n8/ArduinoJson/src/ArduinoJson.h	only original
firmware/.pio/libdeps/esp32-s3-devkitc-1-n8/ArduinoJson/src/ArduinoJson.hpp	only original
firmware/.pio/libdeps/esp32-s3-devkitc-1-n8/ArduinoJson/src/ArduinoJson/Array/ArrayData.hpp	only original
firmware/.pio/libdeps/esp32-s3-devkitc-1-n8/ArduinoJson/src/ArduinoJson/Array/ArrayImpl.hpp	only original
firmware/.pio/libdeps/esp32-s3-devkitc-1-n8/ArduinoJson/src/ArduinoJson/Array/ElementProxy.hpp	only original
firmware/.pio/libdeps/esp32-s3-devkitc-1-n8/ArduinoJson/src/ArduinoJson/Array/JsonArray.hpp	only original
firmware/.pio/libdeps/esp32-s3-devkitc-1-n8/ArduinoJson/src/ArduinoJson/Array/JsonArrayConst.hpp	only original
firmware/.pio/libdeps/esp32-s3-devkitc-1-n8/ArduinoJson/src/ArduinoJson/Array/JsonArrayIterator.hpp	only original
firmware/.pio/libdeps/esp32-s3-devkitc-1-n8/ArduinoJson/src/ArduinoJson/Array/Utilities.hpp	only original
firmware/.pio/libdeps/esp32-s3-devkitc-1-n8/ArduinoJson/src/ArduinoJson/Collection/CollectionData.hpp	only original
firmware/.pio/libdeps/esp32-s3-devkitc-1-n8/ArduinoJson/src/ArduinoJson/Collection/CollectionImpl.hpp	only original
firmware/.pio/libdeps/esp32-s3-devkitc-1-n8/ArduinoJson/src/ArduinoJson/Configuration.hpp	only original
firmware/.pio/libdeps/esp32-s3-devkitc-1-n8/ArduinoJson/src/ArduinoJson/Deserialization/DeserializationError.hpp	only original
firmware/.pio/libdeps/esp32-s3-devkitc-1-n8/ArduinoJson/src/ArduinoJson/Deserialization/DeserializationOptions.hpp	only original
firmware/.pio/libdeps/esp32-s3-devkitc-1-n8/ArduinoJson/src/ArduinoJson/Deserialization/Filter.hpp	only original
firmware/.pio/libdeps/esp32-s3-devkitc-1-n8/ArduinoJson/src/ArduinoJson/Deserialization/NestingLimit.hpp	only original
firmware/.pio/libdeps/esp32-s3-devkitc-1-n8/ArduinoJson/src/ArduinoJson/Deserialization/Reader.hpp	only original
firmware/.pio/libdeps/esp32-s3-devkitc-1-n8/ArduinoJson/src/ArduinoJson/Deserialization/Readers/ArduinoStreamReader.hpp	only original
firmware/.pio/libdeps/esp32-s3-devkitc-1-n8/ArduinoJson/src/ArduinoJson/Deserialization/Readers/ArduinoStringReader.hpp	only original
firmware/.pio/libdeps/esp32-s3-devkitc-1-n8/ArduinoJson/src/ArduinoJson/Deserialization/Readers/FlashReader.hpp	only original
firmware/.pio/libdeps/esp32-s3-devkitc-1-n8/ArduinoJson/src/ArduinoJson/Deserialization/Readers/IteratorReader.hpp	only original
firmware/.pio/libdeps/esp32-s3-devkitc-1-n8/ArduinoJson/src/ArduinoJson/Deserialization/Readers/RamReader.hpp	only original
firmware/.pio/libdeps/esp32-s3-devkitc-1-n8/ArduinoJson/src/ArduinoJson/Deserialization/Readers/StdStreamReader.hpp	only original
firmware/.pio/libdeps/esp32-s3-devkitc-1-n8/ArduinoJson/src/ArduinoJson/Deserialization/Readers/VariantReader.hpp	only original
firmware/.pio/libdeps/esp32-s3-devkitc-1-n8/ArduinoJson/src/ArduinoJson/Deserialization/deserialize.hpp	only original
firmware/.pio/libdeps/esp32-s3-devkitc-1-n8/ArduinoJson/src/ArduinoJson/Document/JsonDocument.hpp	only original
firmware/.pio/libdeps/esp32-s3-devkitc-1-n8/ArduinoJson/src/ArduinoJson/Json/EscapeSequence.hpp	only original
firmware/.pio/libdeps/esp32-s3-devkitc-1-n8/ArduinoJson/src/ArduinoJson/Json/JsonDeserializer.hpp	only original
firmware/.pio/libdeps/esp32-s3-devkitc-1-n8/ArduinoJson/src/ArduinoJson/Json/JsonSerializer.hpp	only original
firmware/.pio/libdeps/esp32-s3-devkitc-1-n8/ArduinoJson/src/ArduinoJson/Json/Latch.hpp	only original
firmware/.pio/libdeps/esp32-s3-devkitc-1-n8/ArduinoJson/src/ArduinoJson/Json/PrettyJsonSerializer.hpp	only original
firmware/.pio/libdeps/esp32-s3-devkitc-1-n8/ArduinoJson/src/ArduinoJson/Json/TextFormatter.hpp	only original
firmware/.pio/libdeps/esp32-s3-devkitc-1-n8/ArduinoJson/src/ArduinoJson/Json/Utf16.hpp	only original
firmware/.pio/libdeps/esp32-s3-devkitc-1-n8/ArduinoJson/src/ArduinoJson/Json/Utf8.hpp	only original
firmware/.pio/libdeps/esp32-s3-devkitc-1-n8/ArduinoJson/src/ArduinoJson/Memory/Alignment.hpp	only original
firmware/.pio/libdeps/esp32-s3-devkitc-1-n8/ArduinoJson/src/ArduinoJson/Memory/Allocator.hpp	only original
firmware/.pio/libdeps/esp32-s3-devkitc-1-n8/ArduinoJson/src/ArduinoJson/Memory/MemoryPool.hpp	only original
firmware/.pio/libdeps/esp32-s3-devkitc-1-n8/ArduinoJson/src/ArduinoJson/Memory/MemoryPoolList.hpp	only original
firmware/.pio/libdeps/esp32-s3-devkitc-1-n8/ArduinoJson/src/ArduinoJson/Memory/ResourceManager.hpp	only original
firmware/.pio/libdeps/esp32-s3-devkitc-1-n8/ArduinoJson/src/ArduinoJson/Memory/ResourceManagerImpl.hpp	only original
firmware/.pio/libdeps/esp32-s3-devkitc-1-n8/ArduinoJson/src/ArduinoJson/Memory/StringBuffer.hpp	only original
firmware/.pio/libdeps/esp32-s3-devkitc-1-n8/ArduinoJson/src/ArduinoJson/Memory/StringBuilder.hpp	only original
firmware/.pio/libdeps/esp32-s3-devkitc-1-n8/ArduinoJson/src/ArduinoJson/Memory/StringNode.hpp	only original
firmware/.pio/libdeps/esp32-s3-devkitc-1-n8/ArduinoJson/src/ArduinoJson/Memory/StringPool.hpp	only original
firmware/.pio/libdeps/esp32-s3-devkitc-1-n8/ArduinoJson/src/ArduinoJson/Misc/SerializedValue.hpp	only original
firmware/.pio/libdeps/esp32-s3-devkitc-1-n8/ArduinoJson/src/ArduinoJson/MsgPack/MsgPackBinary.hpp	only original
firmware/.pio/libdeps/esp32-s3-devkitc-1-n8/ArduinoJson/src/ArduinoJson/MsgPack/MsgPackDeserializer.hpp	only original
firmware/.pio/libdeps/esp32-s3-devkitc-1-n8/ArduinoJson/src/ArduinoJson/MsgPack/MsgPackExtension.hpp	only original
firmware/.pio/libdeps/esp32-s3-devkitc-1-n8/ArduinoJson/src/ArduinoJson/MsgPack/MsgPackSerializer.hpp	only original
firmware/.pio/libdeps/esp32-s3-devkitc-1-n8/ArduinoJson/src/ArduinoJson/MsgPack/endianness.hpp	only original
firmware/.pio/libdeps/esp32-s3-devkitc-1-n8/ArduinoJson/src/ArduinoJson/MsgPack/ieee754.hpp	only original
firmware/.pio/libdeps/esp32-s3-devkitc-1-n8/ArduinoJson/src/ArduinoJson/Namespace.hpp	only original
firmware/.pio/libdeps/esp32-s3-devkitc-1-n8/ArduinoJson/src/ArduinoJson/Numbers/FloatParts.hpp	only original
firmware/.pio/libdeps/esp32-s3-devkitc-1-n8/ArduinoJson/src/ArduinoJson/Numbers/FloatTraits.hpp	only original
firmware/.pio/libdeps/esp32-s3-devkitc-1-n8/ArduinoJson/src/ArduinoJson/Numbers/JsonFloat.hpp	only original
firmware/.pio/libdeps/esp32-s3-devkitc-1-n8/ArduinoJson/src/ArduinoJson/Numbers/JsonInteger.hpp	only original
firmware/.pio/libdeps/esp32-s3-devkitc-1-n8/ArduinoJson/src/ArduinoJson/Numbers/arithmeticCompare.hpp	only original
firmware/.pio/libdeps/esp32-s3-devkitc-1-n8/ArduinoJson/src/ArduinoJson/Numbers/convertNumber.hpp	only original
firmware/.pio/libdeps/esp32-s3-devkitc-1-n8/ArduinoJson/src/ArduinoJson/Numbers/parseNumber.hpp	only original
firmware/.pio/libdeps/esp32-s3-devkitc-1-n8/ArduinoJson/src/ArduinoJson/Object/JsonObject.hpp	only original
firmware/.pio/libdeps/esp32-s3-devkitc-1-n8/ArduinoJson/src/ArduinoJson/Object/JsonObjectConst.hpp	only original
firmware/.pio/libdeps/esp32-s3-devkitc-1-n8/ArduinoJson/src/ArduinoJson/Object/JsonObjectIterator.hpp	only original
firmware/.pio/libdeps/esp32-s3-devkitc-1-n8/ArduinoJson/src/ArduinoJson/Object/JsonPair.hpp	only original
firmware/.pio/libdeps/esp32-s3-devkitc-1-n8/ArduinoJson/src/ArduinoJson/Object/MemberProxy.hpp	only original
firmware/.pio/libdeps/esp32-s3-devkitc-1-n8/ArduinoJson/src/ArduinoJson/Object/ObjectData.hpp	only original
firmware/.pio/libdeps/esp32-s3-devkitc-1-n8/ArduinoJson/src/ArduinoJson/Object/ObjectImpl.hpp	only original
firmware/.pio/libdeps/esp32-s3-devkitc-1-n8/ArduinoJson/src/ArduinoJson/Polyfills/alias_cast.hpp	only original
firmware/.pio/libdeps/esp32-s3-devkitc-1-n8/ArduinoJson/src/ArduinoJson/Polyfills/assert.hpp	only original
firmware/.pio/libdeps/esp32-s3-devkitc-1-n8/ArduinoJson/src/ArduinoJson/Polyfills/attributes.hpp	only original
firmware/.pio/libdeps/esp32-s3-devkitc-1-n8/ArduinoJson/src/ArduinoJson/Polyfills/ctype.hpp	only original
firmware/.pio/libdeps/esp32-s3-devkitc-1-n8/ArduinoJson/src/ArduinoJson/Polyfills/integer.hpp	only original
firmware/.pio/libdeps/esp32-s3-devkitc-1-n8/ArduinoJson/src/ArduinoJson/Polyfills/limits.hpp	only original
firmware/.pio/libdeps/esp32-s3-devkitc-1-n8/ArduinoJson/src/ArduinoJson/Polyfills/math.hpp	only original
firmware/.pio/libdeps/esp32-s3-devkitc-1-n8/ArduinoJson/src/ArduinoJson/Polyfills/mpl/max.hpp	only original
firmware/.pio/libdeps/esp32-s3-devkitc-1-n8/ArduinoJson/src/ArduinoJson/Polyfills/pgmspace.hpp	only original
firmware/.pio/libdeps/esp32-s3-devkitc-1-n8/ArduinoJson/src/ArduinoJson/Polyfills/pgmspace_generic.hpp	only original
firmware/.pio/libdeps/esp32-s3-devkitc-1-n8/ArduinoJson/src/ArduinoJson/Polyfills/preprocessor.hpp	only original
firmware/.pio/libdeps/esp32-s3-devkitc-1-n8/ArduinoJson/src/ArduinoJson/Polyfills/type_traits.hpp	only original
firmware/.pio/libdeps/esp32-s3-devkitc-1-n8/ArduinoJson/src/ArduinoJson/Polyfills/type_traits/conditional.hpp	only original
firmware/.pio/libdeps/esp32-s3-devkitc-1-n8/ArduinoJson/src/ArduinoJson/Polyfills/type_traits/decay.hpp	only original
firmware/.pio/libdeps/esp32-s3-devkitc-1-n8/ArduinoJson/src/ArduinoJson/Polyfills/type_traits/declval.hpp	only original
firmware/.pio/libdeps/esp32-s3-devkitc-1-n8/ArduinoJson/src/ArduinoJson/Polyfills/type_traits/enable_if.hpp	only original
firmware/.pio/libdeps/esp32-s3-devkitc-1-n8/ArduinoJson/src/ArduinoJson/Polyfills/type_traits/function_traits.hpp	only original
firmware/.pio/libdeps/esp32-s3-devkitc-1-n8/ArduinoJson/src/ArduinoJson/Polyfills/type_traits/integral_constant.hpp	only original
firmware/.pio/libdeps/esp32-s3-devkitc-1-n8/ArduinoJson/src/ArduinoJson/Polyfills/type_traits/is_array.hpp	only original
firmware/.pio/libdeps/esp32-s3-devkitc-1-n8/ArduinoJson/src/ArduinoJson/Polyfills/type_traits/is_base_of.hpp	only original
firmware/.pio/libdeps/esp32-s3-devkitc-1-n8/ArduinoJson/src/ArduinoJson/Polyfills/type_traits/is_class.hpp	only original
firmware/.pio/libdeps/esp32-s3-devkitc-1-n8/ArduinoJson/src/ArduinoJson/Polyfills/type_traits/is_const.hpp	only original
firmware/.pio/libdeps/esp32-s3-devkitc-1-n8/ArduinoJson/src/ArduinoJson/Polyfills/type_traits/is_convertible.hpp	only original
firmware/.pio/libdeps/esp32-s3-devkitc-1-n8/ArduinoJson/src/ArduinoJson/Polyfills/type_traits/is_enum.hpp	only original
firmware/.pio/libdeps/esp32-s3-devkitc-1-n8/ArduinoJson/src/ArduinoJson/Polyfills/type_traits/is_floating_point.hpp	only original
firmware/.pio/libdeps/esp32-s3-devkitc-1-n8/ArduinoJson/src/ArduinoJson/Polyfills/type_traits/is_integral.hpp	only original
firmware/.pio/libdeps/esp32-s3-devkitc-1-n8/ArduinoJson/src/ArduinoJson/Polyfills/type_traits/is_pointer.hpp	only original
firmware/.pio/libdeps/esp32-s3-devkitc-1-n8/ArduinoJson/src/ArduinoJson/Polyfills/type_traits/is_same.hpp	only original
firmware/.pio/libdeps/esp32-s3-devkitc-1-n8/ArduinoJson/src/ArduinoJson/Polyfills/type_traits/is_signed.hpp	only original
firmware/.pio/libdeps/esp32-s3-devkitc-1-n8/ArduinoJson/src/ArduinoJson/Polyfills/type_traits/is_unsigned.hpp	only original
firmware/.pio/libdeps/esp32-s3-devkitc-1-n8/ArduinoJson/src/ArduinoJson/Polyfills/type_traits/make_unsigned.hpp	only original
firmware/.pio/libdeps/esp32-s3-devkitc-1-n8/ArduinoJson/src/ArduinoJson/Polyfills/type_traits/remove_const.hpp	only original
firmware/.pio/libdeps/esp32-s3-devkitc-1-n8/ArduinoJson/src/ArduinoJson/Polyfills/type_traits/remove_cv.hpp	only original
firmware/.pio/libdeps/esp32-s3-devkitc-1-n8/ArduinoJson/src/ArduinoJson/Polyfills/type_traits/remove_reference.hpp	only original
firmware/.pio/libdeps/esp32-s3-devkitc-1-n8/ArduinoJson/src/ArduinoJson/Polyfills/type_traits/type_identity.hpp	only original
firmware/.pio/libdeps/esp32-s3-devkitc-1-n8/ArduinoJson/src/ArduinoJson/Polyfills/type_traits/void_t.hpp	only original
firmware/.pio/libdeps/esp32-s3-devkitc-1-n8/ArduinoJson/src/ArduinoJson/Polyfills/utility.hpp	only original
firmware/.pio/libdeps/esp32-s3-devkitc-1-n8/ArduinoJson/src/ArduinoJson/Serialization/CountingDecorator.hpp	only original
firmware/.pio/libdeps/esp32-s3-devkitc-1-n8/ArduinoJson/src/ArduinoJson/Serialization/Writer.hpp	only original
firmware/.pio/libdeps/esp32-s3-devkitc-1-n8/ArduinoJson/src/ArduinoJson/Serialization/Writers/ArduinoStringWriter.hpp	only original
firmware/.pio/libdeps/esp32-s3-devkitc-1-n8/ArduinoJson/src/ArduinoJson/Serialization/Writers/DummyWriter.hpp	only original
firmware/.pio/libdeps/esp32-s3-devkitc-1-n8/ArduinoJson/src/ArduinoJson/Serialization/Writers/PrintWriter.hpp	only original
firmware/.pio/libdeps/esp32-s3-devkitc-1-n8/ArduinoJson/src/ArduinoJson/Serialization/Writers/StaticStringWriter.hpp	only original
firmware/.pio/libdeps/esp32-s3-devkitc-1-n8/ArduinoJson/src/ArduinoJson/Serialization/Writers/StdStreamWriter.hpp	only original
firmware/.pio/libdeps/esp32-s3-devkitc-1-n8/ArduinoJson/src/ArduinoJson/Serialization/Writers/StdStringWriter.hpp	only original
firmware/.pio/libdeps/esp32-s3-devkitc-1-n8/ArduinoJson/src/ArduinoJson/Serialization/measure.hpp	only original
firmware/.pio/libdeps/esp32-s3-devkitc-1-n8/ArduinoJson/src/ArduinoJson/Serialization/serialize.hpp	only original
firmware/.pio/libdeps/esp32-s3-devkitc-1-n8/ArduinoJson/src/ArduinoJson/Strings/Adapters/FlashString.hpp	only original
firmware/.pio/libdeps/esp32-s3-devkitc-1-n8/ArduinoJson/src/ArduinoJson/Strings/Adapters/RamString.hpp	only original
firmware/.pio/libdeps/esp32-s3-devkitc-1-n8/ArduinoJson/src/ArduinoJson/Strings/Adapters/StringObject.hpp	only original
firmware/.pio/libdeps/esp32-s3-devkitc-1-n8/ArduinoJson/src/ArduinoJson/Strings/IsString.hpp	only original
firmware/.pio/libdeps/esp32-s3-devkitc-1-n8/ArduinoJson/src/ArduinoJson/Strings/JsonString.hpp	only original
firmware/.pio/libdeps/esp32-s3-devkitc-1-n8/ArduinoJson/src/ArduinoJson/Strings/StringAdapter.hpp	only original
firmware/.pio/libdeps/esp32-s3-devkitc-1-n8/ArduinoJson/src/ArduinoJson/Strings/StringAdapters.hpp	only original
firmware/.pio/libdeps/esp32-s3-devkitc-1-n8/ArduinoJson/src/ArduinoJson/Strings/StringTraits.hpp	only original
firmware/.pio/libdeps/esp32-s3-devkitc-1-n8/ArduinoJson/src/ArduinoJson/Variant/Converter.hpp	only original
firmware/.pio/libdeps/esp32-s3-devkitc-1-n8/ArduinoJson/src/ArduinoJson/Variant/ConverterImpl.hpp	only original
firmware/.pio/libdeps/esp32-s3-devkitc-1-n8/ArduinoJson/src/ArduinoJson/Variant/JsonVariant.hpp	only original
firmware/.pio/libdeps/esp32-s3-devkitc-1-n8/ArduinoJson/src/ArduinoJson/Variant/JsonVariantConst.hpp	only original
firmware/.pio/libdeps/esp32-s3-devkitc-1-n8/ArduinoJson/src/ArduinoJson/Variant/JsonVariantCopier.hpp	only original
firmware/.pio/libdeps/esp32-s3-devkitc-1-n8/ArduinoJson/src/ArduinoJson/Variant/JsonVariantVisitor.hpp	only original
firmware/.pio/libdeps/esp32-s3-devkitc-1-n8/ArduinoJson/src/ArduinoJson/Variant/VariantAttorney.hpp	only original
firmware/.pio/libdeps/esp32-s3-devkitc-1-n8/ArduinoJson/src/ArduinoJson/Variant/VariantCompare.hpp	only original
firmware/.pio/libdeps/esp32-s3-devkitc-1-n8/ArduinoJson/src/ArduinoJson/Variant/VariantContent.hpp	only original
firmware/.pio/libdeps/esp32-s3-devkitc-1-n8/ArduinoJson/src/ArduinoJson/Variant/VariantData.hpp	only original
firmware/.pio/libdeps/esp32-s3-devkitc-1-n8/ArduinoJson/src/ArduinoJson/Variant/VariantDataVisitor.hpp	only original
firmware/.pio/libdeps/esp32-s3-devkitc-1-n8/ArduinoJson/src/ArduinoJson/Variant/VariantImpl.hpp	only original
firmware/.pio/libdeps/esp32-s3-devkitc-1-n8/ArduinoJson/src/ArduinoJson/Variant/VariantOperators.hpp	only original
firmware/.pio/libdeps/esp32-s3-devkitc-1-n8/ArduinoJson/src/ArduinoJson/Variant/VariantRefBase.hpp	only original
firmware/.pio/libdeps/esp32-s3-devkitc-1-n8/ArduinoJson/src/ArduinoJson/Variant/VariantRefBaseImpl.hpp	only original
firmware/.pio/libdeps/esp32-s3-devkitc-1-n8/ArduinoJson/src/ArduinoJson/Variant/VariantTag.hpp	only original
firmware/.pio/libdeps/esp32-s3-devkitc-1-n8/ArduinoJson/src/ArduinoJson/Variant/VariantTo.hpp	only original
firmware/.pio/libdeps/esp32-s3-devkitc-1-n8/ArduinoJson/src/ArduinoJson/compatibility.hpp	only original
firmware/.pio/libdeps/esp32-s3-devkitc-1-n8/ArduinoJson/src/ArduinoJson/version.hpp	only original
firmware/.pio/libdeps/esp32-s3-devkitc-1-n8/ArduinoJson/src/CMakeLists.txt	only original
firmware/.pio/libdeps/esp32-s3-devkitc-1-n8/DHT sensor library/.clang-format	only original
firmware/.pio/libdeps/esp32-s3-devkitc-1-n8/DHT sensor library/.github/ISSUE_TEMPLATE.md	only original
firmware/.pio/libdeps/esp32-s3-devkitc-1-n8/DHT sensor library/.github/PULL_REQUEST_TEMPLATE.md	only original
firmware/.pio/libdeps/esp32-s3-devkitc-1-n8/DHT sensor library/.github/workflows/githubci.yml	only original
firmware/.pio/libdeps/esp32-s3-devkitc-1-n8/DHT sensor library/.gitignore	only original
firmware/.pio/libdeps/esp32-s3-devkitc-1-n8/DHT sensor library/.piopm	only original
firmware/.pio/libdeps/esp32-s3-devkitc-1-n8/DHT sensor library/CONTRIBUTING.md	only original
firmware/.pio/libdeps/esp32-s3-devkitc-1-n8/DHT sensor library/DHT.cpp	only original
firmware/.pio/libdeps/esp32-s3-devkitc-1-n8/DHT sensor library/DHT.h	only original
firmware/.pio/libdeps/esp32-s3-devkitc-1-n8/DHT sensor library/DHT_U.cpp	only original
firmware/.pio/libdeps/esp32-s3-devkitc-1-n8/DHT sensor library/DHT_U.h	only original
firmware/.pio/libdeps/esp32-s3-devkitc-1-n8/DHT sensor library/README.md	only original
firmware/.pio/libdeps/esp32-s3-devkitc-1-n8/DHT sensor library/code-of-conduct.md	only original
firmware/.pio/libdeps/esp32-s3-devkitc-1-n8/DHT sensor library/examples/DHT_Unified_Sensor/DHT_Unified_Sensor.ino	only original
firmware/.pio/libdeps/esp32-s3-devkitc-1-n8/DHT sensor library/examples/DHTtester/DHTtester.ino	only original
firmware/.pio/libdeps/esp32-s3-devkitc-1-n8/DHT sensor library/keywords.txt	only original
firmware/.pio/libdeps/esp32-s3-devkitc-1-n8/DHT sensor library/library.properties	only original
firmware/.pio/libdeps/esp32-s3-devkitc-1-n8/DHT sensor library/license.txt	only original
firmware/.pio/libdeps/esp32-s3-devkitc-1-n8/LoRa/.piopm	only original
firmware/.pio/libdeps/esp32-s3-devkitc-1-n8/LoRa/.travis.yml	only original
firmware/.pio/libdeps/esp32-s3-devkitc-1-n8/LoRa/API.md	only original
firmware/.pio/libdeps/esp32-s3-devkitc-1-n8/LoRa/LICENSE	only original
firmware/.pio/libdeps/esp32-s3-devkitc-1-n8/LoRa/README.md	only original
firmware/.pio/libdeps/esp32-s3-devkitc-1-n8/LoRa/examples/LoRaDumpRegisters/LoRaDumpRegisters.ino	only original
firmware/.pio/libdeps/esp32-s3-devkitc-1-n8/LoRa/examples/LoRaDuplex/LoRaDuplex.ino	only original
firmware/.pio/libdeps/esp32-s3-devkitc-1-n8/LoRa/examples/LoRaDuplexCallback/LoRaDuplexCallback.ino	only original
firmware/.pio/libdeps/esp32-s3-devkitc-1-n8/LoRa/examples/LoRaReceiver/LoRaReceiver.ino	only original
firmware/.pio/libdeps/esp32-s3-devkitc-1-n8/LoRa/examples/LoRaReceiverCallback/LoRaReceiverCallback.ino	only original
firmware/.pio/libdeps/esp32-s3-devkitc-1-n8/LoRa/examples/LoRaSender/LoRaSender.ino	only original
firmware/.pio/libdeps/esp32-s3-devkitc-1-n8/LoRa/examples/LoRaSenderNonBlocking/LoRaSenderNonBlocking.ino	only original
firmware/.pio/libdeps/esp32-s3-devkitc-1-n8/LoRa/examples/LoRaSenderNonBlockingCallback/LoRaSenderNonBlockingCallback.ino	only original
firmware/.pio/libdeps/esp32-s3-devkitc-1-n8/LoRa/examples/LoRaSetSpread/LoRaSetSpread.ino	only original
firmware/.pio/libdeps/esp32-s3-devkitc-1-n8/LoRa/examples/LoRaSetSyncWord/LoRaSetSyncWord.ino	only original
firmware/.pio/libdeps/esp32-s3-devkitc-1-n8/LoRa/examples/LoRaSimpleGateway/LoRaSimpleGateway.ino	only original
firmware/.pio/libdeps/esp32-s3-devkitc-1-n8/LoRa/examples/LoRaSimpleNode/LoRaSimpleNode.ino	only original
firmware/.pio/libdeps/esp32-s3-devkitc-1-n8/LoRa/issue_template.md	only original
firmware/.pio/libdeps/esp32-s3-devkitc-1-n8/LoRa/keywords.txt	only original
firmware/.pio/libdeps/esp32-s3-devkitc-1-n8/LoRa/library.properties	only original
firmware/.pio/libdeps/esp32-s3-devkitc-1-n8/LoRa/src/LoRa.cpp	only original
firmware/.pio/libdeps/esp32-s3-devkitc-1-n8/LoRa/src/LoRa.h	only original
firmware/.pio/libdeps/esp32-s3-devkitc-1-n8/integrity.dat	only original
firmware/.vscode/c_cpp_properties.json	only original
firmware/.vscode/extensions.json	only original
firmware/.vscode/launch.json	only original
firmware/include/config.h	different
firmware/include/detection_rules.h	only reference
firmware/include/model_weights.h	different
firmware/include/sensor_manager.h	different
firmware/include/trusted_data.h	different
firmware/include/user_config.h	different
firmware/src/edge_mlp.cpp	different
firmware/src/feature_engine.cpp	different
firmware/src/health_engine.cpp	different
firmware/src/local_brain.cpp	different
firmware/src/main.cpp	different
firmware/src/recovery_manager.cpp	different
firmware/src/sensor_manager.cpp	different
firmware/src/station_position.cpp	different
firmware/src/telemetry.cpp	different
firmware/src/trusted_data.cpp	different
firmware/tests/native_replay.cpp	only reference
firmware/tests/native_stub/Arduino.h	only reference
firmware/tests/test_position.cpp	only reference
firmware/tests/test_recovery_trusted.cpp	only reference
frontend/dist/assets/index-BUwwYF9p.js	only reference
frontend/dist/assets/index-CJfyV_W6.js	only original
frontend/dist/assets/index-COiNgVAk.css	only reference
frontend/dist/assets/index-CVruJ8gU.css	only original
frontend/dist/index.html	different
frontend/package-lock.json	different
frontend/package.json	different
frontend/src/App.jsx	different
frontend/src/styles.css	different
scripts/migrate_database.py	only reference
scripts/run_evaluation.py	different
scripts/send_demo_telemetry.py	different
scripts/train_lstm.py	different
sih26073_code_audit.md	only reference
start_dashboard.bat	different
start_dashboard.sh	different
