timestamp,temperature,pressure,humidity,anomaly,anomaly_type
2026-07-01T00:01:00+00:00,20.42,1015.92,82.36,0,normal
2026-07-01T00:02:00+00:00,20.34,1015.93,82.59,0,normal
2026-07-01T00:03:00+00:00,20.33,1015.99,82.81,0,normal
2026-07-01T00:04:00+00:00,20.38,1016.01,83.31,0,normal
2026-07-01T00:05:00+00:00,20.35,1015.9,83.65,0,normal
2026-07-01T00:06:00+00:00,20.3,1015.9,83.91,0,normal
2026-07-01T00:07:00+00:00,20.16,1015.83,83.58,0,normal
2026-07-01T00:08:00+00:00,20.09,1015.85,83.7,0,normal
2026-07-01T00:09:00+00:00,20.11,1015.78,83.24,0,normal
2026-07-01T00:10:00+00:00,20.11,1015.76,83.36,0,normal
2026-07-01T00:11:00+00:00,20.16,1015.77,83.54,0,normal
2026-07-01T00:12:00+00:00,20.17,1015.8,83.42,0,normal
2026-07-01T00:13:00+00:00,20.15,1015.81,83.61,0,normal
2026-07-01T00:14:00+00:00,20.11,1015.83,83.57,0,normal
2026-07-01T00:15:00+00:00,20.09,1015.87,83.2,0,normal
2026-07-01T00:16:00+00:00,19.98,1015.8,82.78,0,normal
2026-07-01T00:17:00+00:00,19.92,1015.84,82.79,0,normal
2026-07-01T00:18:00+00:00,19.94,1015.89,83.12,0,normal
2026-07-01T00:19:00+00:00,19.93,1015.96,83.19,0,normal
2026-07-01T00:20:00+00:00,19.86,1015.92,82.95,0,normal
2026-07-01T00:21:00+00:00,19.79,1015.9,83.17,0,normal
2026-07-01T00:22:00+00:00,19.94,1015.83,83.31,0,normal
2026-07-01T00:23:00+00:00,19.85,1015.85,83.33,0,normal
2026-07-01T00:24:00+00:00,19.7,1015.9,83.26,0,normal
2026-07-01T00:25:00+00:00,19.67,1015.84,83.19,0,normal
2026-07-01T00:26:00+00:00,19.71,1015.83,83.32,0,normal
2026-07-01T00:27:00+00:00,19.74,1015.9,83.31,0,normal
2026-07-01T00:28:00+00:00,19.63,1015.95,83.3,0,normal
2026-07-01T00:29:00+00:00,19.73,1015.97,83.34,0,normal
2026-07-01T00:30:00+00:00,19.76,1016.06,83.81,0,normal
2026-07-01T00:31:00+00:00,19.77,1016.06,84.07,0,normal
2026-07-01T00:32:00+00:00,19.7,1016.07,84.09,0,normal
2026-07-01T00:33:00+00:00,19.73,1016.01,83.8,0,normal
2026-07-01T00:34:00+00:00,19.56,1015.95,83.75,0,normal
2026-07-01T00:35:00+00:00,19.55,1016.05,84.02,0,normal
2026-07-01T00:36:00+00:00,19.48,1016.06,83.98,0,normal
2026-07-01T00:37:00+00:00,19.47,1016.06,84.14,0,normal
2026-07-01T00:38:00+00:00,19.46,1016.1,83.95,0,normal
2026-07-01T00:39:00+00:00,19.47,1016.22,84.04,0,normal
2026-07-01T00:40:00+00:00,19.6,1016.21,84.2,0,normal
2026-07-01T00:41:00+00:00,19.6,1016.19,84.08,0,normal
2026-07-01T00:42:00+00:00,19.64,1016.13,84.25,0,normal
2026-07-01T00:43:00+00:00,19.72,1016.14,84.23,0,normal
2026-07-01T00:44:00+00:00,19.76,1016.12,84.46,0,normal
2026-07-01T00:45:00+00:00,19.61,1016.09,84.09,0,normal
2026-07-01T00:46:00+00:00,19.49,1016.15,84.31,0,normal
2026-07-01T00:47:00+00:00,19.44,1016.07,83.76,0,normal
2026-07-01T00:48:00+00:00,19.41,1016.18,83.91,0,normal
2026-07-01T00:49:00+00:00,19.37,1016.2,83.66,0,normal
2026-07-01T00:50:00+00:00,19.36,1016.19,83.72,0,normal
2026-07-01T00:51:00+00:00,19.44,1016.2,83.92,0,normal
2026-07-01T00:52:00+00:00,19.39,1016.23,84.31,0,normal
2026-07-01T00:53:00+00:00,19.32,1016.18,84.63,0,normal
2026-07-01T00:54:00+00:00,19.32,1016.24,84.57,0,normal
2026-07-01T00:55:00+00:00,19.45,1016.23,84.66,0,normal
2026-07-01T00:56:00+00:00,19.58,1016.21,84.5,0,normal
2026-07-01T00:57:00+00:00,19.55,1016.22,84.23,0,normal
2026-07-01T00:58:00+00:00,19.6,1016.18,84.51,0,normal
2026-07-01T00:59:00+00:00,19.4,1016.14,84.22,0,normal
2026-07-01T01:00:00+00:00,19.35,1016.15,84.24,0,normal
2026-07-01T01:01:00+00:00,19.34,1016.13,84.34,0,normal
2026-07-01T01:02:00+00:00,19.26,1016.17,84.52,0,normal
2026-07-01T01:03:00+00:00,19.31,1016.19,84.63,0,normal
2026-07-01T01:04:00+00:00,19.48,1016.18,84.61,0,normal
2026-07-01T01:05:00+00:00,19.42,1016.12,84.4,0,normal
2026-07-01T01:06:00+00:00,19.36,1016.12,84.53,0,normal
2026-07-01T01:07:00+00:00,19.37,1016.08,84.76,0,normal
2026-07-01T01:08:00+00:00,19.44,1016.07,84.66,0,normal
2026-07-01T01:09:00+00:00,19.48,1016.09,84.42,0,normal
2026-07-01T01:10:00+00:00,19.48,1016.1,84.3,0,normal
2026-07-01T01:11:00+00:00,19.49,1016.03,84.63,0,normal
2026-07-01T01:12:00+00:00,19.59,1016.03,84.75,0,normal
2026-07-01T01:13:00+00:00,19.4,1015.98,84.73,0,normal
2026-07-01T01:14:00+00:00,19.31,1016.02,85.18,0,normal
2026-07-01T01:15:00+00:00,19.23,1015.99,85.25,0,normal
2026-07-01T01:16:00+00:00,19.37,1015.94,85.32,0,normal
2026-07-01T01:17:00+00:00,19.52,1015.87,85.08,0,normal
2026-07-01T01:18:00+00:00,19.48,1015.86,85.27,0,normal
2026-07-01T01:19:00+00:00,19.5,1015.79,85.4,0,normal
2026-07-01T01:20:00+00:00,19.45,1015.88,85.29,0,normal
2026-07-01T01:21:00+00:00,19.4,1015.92,85.46,0,normal
2026-07-01T01:22:00+00:00,19.44,1015.85,85.59,0,normal
2026-07-01T01:23:00+00:00,19.36,1015.89,85.31,0,normal
2026-07-01T01:24:00+00:00,19.4,1015.87,85.08,0,normal
2026-07-01T01:25:00+00:00,19.46,1015.9,84.99,0,normal
2026-07-01T01:26:00+00:00,19.57,1015.9,85.04,0,normal
2026-07-01T01:27:00+00:00,19.58,1015.89,85.17,0,normal
2026-07-01T01:28:00+00:00,19.53,1015.89,85.47,0,normal
2026-07-01T01:29:00+00:00,19.45,1015.79,85.81,0,normal
2026-07-01T01:30:00+00:00,19.65,1015.8,85.43,0,normal
2026-07-01T01:31:00+00:00,19.61,1015.81,85.41,0,normal
2026-07-01T01:32:00+00:00,19.51,1015.87,85.54,0,normal
2026-07-01T01:33:00+00:00,19.39,1015.93,85.96,0,normal
2026-07-01T01:34:00+00:00,19.4,1015.94,85.93,0,normal
2026-07-01T01:35:00+00:00,19.45,1015.87,85.96,0,normal
2026-07-01T01:36:00+00:00,19.42,1015.99,85.92,0,normal
2026-07-01T01:37:00+00:00,19.55,1015.96,86.04,0,normal
2026-07-01T01:38:00+00:00,19.57,1015.94,86.06,0,normal
2026-07-01T01:39:00+00:00,19.66,1015.95,85.72,0,normal
2026-07-01T01:40:00+00:00,19.65,1015.93,85.66,0,normal
2026-07-01T01:41:00+00:00,19.63,1015.87,85.35,0,normal
2026-07-01T01:42:00+00:00,19.66,1015.88,84.86,0,normal
2026-07-01T01:43:00+00:00,19.71,1015.92,84.77,0,normal
2026-07-01T01:44:00+00:00,19.58,1015.99,84.9,0,normal
2026-07-01T01:45:00+00:00,19.77,1016.04,85.03,0,normal
2026-07-01T01:46:00+00:00,19.73,1016.11,85.2,0,normal
2026-07-01T01:47:00+00:00,19.82,1016.1,85.15,0,normal
2026-07-01T01:48:00+00:00,19.76,1016.17,85.48,0,normal
2026-07-01T01:49:00+00:00,19.7,1016.17,85.57,0,normal
2026-07-01T01:50:00+00:00,19.67,1016.24,85.14,0,normal
2026-07-01T01:51:00+00:00,19.59,1016.22,84.71,0,normal
2026-07-01T01:52:00+00:00,19.5,1016.19,84.73,0,normal
2026-07-01T01:53:00+00:00,19.59,1016.2,84.59,0,normal
2026-07-01T01:54:00+00:00,19.57,1016.27,84.46,0,normal
2026-07-01T01:55:00+00:00,19.49,1016.32,84.49,0,normal
2026-07-01T01:56:00+00:00,19.54,1016.34,84.7,0,normal
2026-07-01T01:57:00+00:00,19.45,1016.36,84.72,0,normal
2026-07-01T01:58:00+00:00,19.35,1016.3,84.91,0,normal
2026-07-01T01:59:00+00:00,19.33,1016.27,84.95,0,normal
2026-07-01T02:00:00+00:00,19.42,1016.18,84.69,0,normal
2026-07-01T02:01:00+00:00,19.35,1016.28,84.81,0,normal
2026-07-01T02:02:00+00:00,19.41,1016.24,84.64,0,normal
2026-07-01T02:03:00+00:00,19.45,1016.27,84.81,0,normal
2026-07-01T02:04:00+00:00,19.43,1016.31,84.9,0,normal
2026-07-01T02:05:00+00:00,19.49,1016.38,84.63,0,normal
2026-07-01T02:06:00+00:00,19.31,1016.45,84.93,0,normal
2026-07-01T02:07:00+00:00,19.23,1016.38,84.99,0,normal
2026-07-01T02:08:00+00:00,19.32,1016.49,85.14,0,normal
2026-07-01T02:09:00+00:00,19.29,1016.46,85.18,0,normal
2026-07-01T02:10:00+00:00,19.28,1016.43,85.62,0,normal
2026-07-01T02:11:00+00:00,19.43,1016.51,85.45,0,normal
2026-07-01T02:12:00+00:00,19.5,1016.57,85.56,0,normal
2026-07-01T02:13:00+00:00,19.59,1016.62,85.72,0,normal
2026-07-01T02:14:00+00:00,19.64,1016.65,85.37,0,normal
2026-07-01T02:15:00+00:00,19.64,1016.64,85.13,0,normal
2026-07-01T02:16:00+00:00,19.76,1016.74,85.44,0,normal
2026-07-01T02:17:00+00:00,19.77,1016.82,85.46,0,normal
2026-07-01T02:18:00+00:00,19.77,1016.77,85.55,0,normal
2026-07-01T02:19:00+00:00,19.76,1016.72,85.55,0,normal
2026-07-01T02:20:00+00:00,19.74,1016.83,85.74,0,normal
2026-07-01T02:21:00+00:00,19.72,1016.85,85.75,0,normal
2026-07-01T02:22:00+00:00,19.7,1016.81,85.72,0,normal
2026-07-01T02:23:00+00:00,19.63,1016.76,85.82,0,normal
2026-07-01T02:24:00+00:00,19.65,1016.69,85.79,0,normal
2026-07-01T02:25:00+00:00,19.72,1016.76,85.99,0,normal
2026-07-01T02:26:00+00:00,19.71,1016.74,85.76,0,normal
2026-07-01T02:27:00+00:00,19.73,1016.77,86.01,0,normal
2026-07-01T02:28:00+00:00,19.81,1016.79,85.74,0,normal
2026-07-01T02:29:00+00:00,19.77,1016.82,85.7,0,normal
2026-07-01T02:30:00+00:00,19.71,1016.85,85.59,0,normal
2026-07-01T02:31:00+00:00,19.65,1016.88,85.51,0,normal
2026-07-01T02:32:00+00:00,19.66,1016.91,85.29,0,normal
2026-07-01T02:33:00+00:00,19.62,1017.0,85.07,0,normal
2026-07-01T02:34:00+00:00,19.44,1016.92,85.1,0,normal
2026-07-01T02:35:00+00:00,19.45,1016.93,85.36,0,normal
2026-07-01T02:36:00+00:00,19.24,1016.97,85.68,0,normal
2026-07-01T02:37:00+00:00,19.17,1016.97,85.52,0,normal
2026-07-01T02:38:00+00:00,19.12,1016.97,85.81,0,normal
2026-07-01T02:39:00+00:00,19.29,1016.97,86.17,0,normal
2026-07-01T02:40:00+00:00,19.31,1017.08,86.11,0,normal
2026-07-01T02:41:00+00:00,19.33,1017.11,86.72,0,normal
2026-07-01T02:42:00+00:00,19.41,1017.09,86.84,0,normal
2026-07-01T02:43:00+00:00,19.39,1017.08,86.95,0,normal
2026-07-01T02:44:00+00:00,19.41,1017.11,86.87,0,normal
2026-07-01T02:45:00+00:00,19.44,1017.15,86.41,0,normal
2026-07-01T02:46:00+00:00,19.51,1017.11,86.06,0,normal
2026-07-01T02:47:00+00:00,19.51,1017.14,85.89,0,normal
2026-07-01T02:48:00+00:00,19.58,1017.09,85.77,0,normal
2026-07-01T02:49:00+00:00,19.54,1017.1,85.8,0,normal
2026-07-01T02:50:00+00:00,19.46,1017.16,85.79,0,normal
2026-07-01T02:51:00+00:00,19.32,1017.08,85.75,0,normal
2026-07-01T02:52:00+00:00,19.32,1017.1,85.72,0,normal
2026-07-01T02:53:00+00:00,19.36,1017.17,85.47,0,normal
2026-07-01T02:54:00+00:00,19.28,1017.14,85.51,0,normal
2026-07-01T02:55:00+00:00,19.4,1017.14,84.98,0,normal
2026-07-01T02:56:00+00:00,19.28,1017.12,84.88,0,normal
2026-07-01T02:57:00+00:00,19.27,1017.15,84.82,0,normal
2026-07-01T02:58:00+00:00,19.38,1017.14,84.66,0,normal
2026-07-01T02:59:00+00:00,19.43,1017.09,84.75,0,normal
2026-07-01T03:00:00+00:00,19.46,1017.11,85.08,0,normal
2026-07-01T03:01:00+00:00,19.42,1017.25,85.03,0,normal
2026-07-01T03:02:00+00:00,19.34,1017.27,84.8,0,normal
2026-07-01T03:03:00+00:00,19.3,1017.32,84.92,0,normal
2026-07-01T03:04:00+00:00,19.27,1017.39,85.14,0,normal
2026-07-01T03:05:00+00:00,19.41,1017.43,85.4,0,normal
2026-07-01T03:06:00+00:00,19.28,1017.43,85.19,0,normal
2026-07-01T03:07:00+00:00,19.32,1017.42,85.14,0,normal
2026-07-01T03:08:00+00:00,19.5,1017.44,85.2,0,normal
2026-07-01T03:09:00+00:00,19.49,1017.46,85.17,0,normal
2026-07-01T03:10:00+00:00,19.55,1017.54,85.48,0,normal
2026-07-01T03:11:00+00:00,19.59,1017.58,85.2,0,normal
2026-07-01T03:12:00+00:00,19.6,1017.65,85.34,0,normal
2026-07-01T03:13:00+00:00,19.63,1017.7,85.4,0,normal
2026-07-01T03:14:00+00:00,19.74,1017.73,85.29,0,normal
2026-07-01T03:15:00+00:00,19.77,1017.59,85.32,0,normal
2026-07-01T03:16:00+00:00,19.49,1017.52,85.37,0,normal
2026-07-01T03:17:00+00:00,19.55,1017.49,85.18,0,normal
2026-07-01T03:18:00+00:00,19.68,1017.49,85.58,0,normal
2026-07-01T03:19:00+00:00,19.69,1017.54,85.85,0,normal
2026-07-01T03:20:00+00:00,19.71,1017.51,85.75,0,normal
2026-07-01T03:21:00+00:00,19.72,1017.47,85.62,0,normal
2026-07-01T03:22:00+00:00,19.68,1017.54,85.56,0,normal
2026-07-01T03:23:00+00:00,19.67,1017.57,85.53,0,normal
2026-07-01T03:24:00+00:00,19.74,1017.54,85.25,0,normal
2026-07-01T03:25:00+00:00,19.84,1017.55,84.91,0,normal
2026-07-01T03:26:00+00:00,19.89,1017.6,84.56,0,normal
2026-07-01T03:27:00+00:00,19.91,1017.67,84.61,0,normal
2026-07-01T03:28:00+00:00,19.97,1017.62,84.65,0,normal
2026-07-01T03:29:00+00:00,19.95,1017.62,84.79,0,normal
2026-07-01T03:30:00+00:00,20.08,1017.74,85.01,0,normal
2026-07-01T03:31:00+00:00,20.07,1017.78,85.1,0,normal
2026-07-01T03:32:00+00:00,20.08,1017.81,85.2,0,normal
2026-07-01T03:33:00+00:00,20.08,1017.8,85.05,0,normal
2026-07-01T03:34:00+00:00,20.13,1017.82,85.05,0,normal
2026-07-01T03:35:00+00:00,20.19,1017.82,85.13,0,normal
2026-07-01T03:36:00+00:00,20.22,1017.78,85.35,0,normal
2026-07-01T03:37:00+00:00,20.18,1017.73,85.05,0,normal
2026-07-01T03:38:00+00:00,20.1,1017.76,84.92,0,normal
2026-07-01T03:39:00+00:00,20.08,1017.82,84.92,0,normal
2026-07-01T03:40:00+00:00,20.11,1017.87,84.97,0,normal
2026-07-01T03:41:00+00:00,19.95,1017.87,84.46,0,normal
2026-07-01T03:42:00+00:00,19.97,1017.9,84.62,0,normal
2026-07-01T03:43:00+00:00,20.08,1017.94,84.45,0,normal
2026-07-01T03:44:00+00:00,20.13,1017.93,84.39,0,normal
2026-07-01T03:45:00+00:00,20.21,1017.93,84.5,0,normal
2026-07-01T03:46:00+00:00,20.27,1017.91,84.63,0,normal
2026-07-01T03:47:00+00:00,20.33,1017.94,84.4,0,normal
2026-07-01T03:48:00+00:00,20.26,1017.94,84.45,0,normal
2026-07-01T03:49:00+00:00,20.19,1017.99,84.13,0,normal
2026-07-01T03:50:00+00:00,20.19,1018.02,84.56,0,normal
2026-07-01T03:51:00+00:00,20.09,1018.12,84.51,0,normal
2026-07-01T03:52:00+00:00,20.14,1018.15,84.52,0,normal
2026-07-01T03:53:00+00:00,20.14,1018.24,84.35,0,normal
2026-07-01T03:54:00+00:00,20.24,1018.23,84.26,0,normal
2026-07-01T03:55:00+00:00,20.17,1018.27,84.47,0,normal
2026-07-01T03:56:00+00:00,20.18,1018.28,84.16,0,normal
2026-07-01T03:57:00+00:00,20.18,1018.21,83.91,0,normal
2026-07-01T03:58:00+00:00,20.21,1018.3,84.4,0,normal
2026-07-01T03:59:00+00:00,20.18,1018.39,84.36,0,normal
2026-07-01T04:00:00+00:00,20.19,1018.43,84.28,0,normal
2026-07-01T04:01:00+00:00,20.22,1018.42,83.91,0,normal
2026-07-01T04:02:00+00:00,20.11,1018.47,83.78,0,normal
2026-07-01T04:03:00+00:00,20.09,1018.48,83.87,0,normal
2026-07-01T04:04:00+00:00,20.13,1018.46,84.03,0,normal
2026-07-01T04:05:00+00:00,20.28,1018.5,84.14,0,normal
2026-07-01T04:06:00+00:00,20.4,1018.57,84.16,0,normal
2026-07-01T04:07:00+00:00,20.46,1018.6,83.84,0,normal
2026-07-01T04:08:00+00:00,20.53,1018.55,83.6,0,normal
2026-07-01T04:09:00+00:00,20.64,1018.6,83.82,0,normal
2026-07-01T04:10:00+00:00,20.62,1018.55,83.68,0,normal
2026-07-01T04:11:00+00:00,20.64,1018.57,83.81,0,normal
2026-07-01T04:12:00+00:00,20.61,1018.6,83.52,0,normal
2026-07-01T04:13:00+00:00,20.66,1018.62,83.28,0,normal
2026-07-01T04:14:00+00:00,20.65,1018.62,83.15,0,normal
2026-07-01T04:15:00+00:00,20.8,1018.63,83.03,0,normal
2026-07-01T04:16:00+00:00,20.63,1018.6,82.91,0,normal
2026-07-01T04:17:00+00:00,20.59,1018.68,82.81,0,normal
2026-07-01T04:18:00+00:00,20.7,1018.7,82.75,0,normal
2026-07-01T04:19:00+00:00,20.71,1018.71,83.03,0,normal
2026-07-01T04:20:00+00:00,20.53,1018.63,82.84,0,normal
2026-07-01T04:21:00+00:00,20.55,1018.68,82.86,0,normal
2026-07-01T04:22:00+00:00,20.54,1018.74,82.99,0,normal
2026-07-01T04:23:00+00:00,20.58,1018.81,82.95,0,normal
2026-07-01T04:24:00+00:00,20.55,1018.85,82.88,0,normal
2026-07-01T04:25:00+00:00,20.58,1018.93,82.3,0,normal
2026-07-01T04:26:00+00:00,20.49,1018.88,82.17,0,normal
2026-07-01T04:27:00+00:00,20.49,1018.81,81.91,0,normal
2026-07-01T04:28:00+00:00,20.45,1018.95,82.22,0,normal
2026-07-01T04:29:00+00:00,20.45,1018.94,81.92,0,normal
2026-07-01T04:30:00+00:00,20.33,1018.94,81.67,0,normal
2026-07-01T04:31:00+00:00,20.37,1018.87,81.47,0,normal
2026-07-01T04:32:00+00:00,20.42,1018.9,81.51,0,normal
2026-07-01T04:33:00+00:00,20.35,1018.95,81.3,0,normal
2026-07-01T04:34:00+00:00,20.44,1018.96,80.99,0,normal
2026-07-01T04:35:00+00:00,20.46,1018.99,81.09,0,normal
2026-07-01T04:36:00+00:00,20.48,1019.08,81.25,0,normal
2026-07-01T04:37:00+00:00,20.5,1019.12,81.6,0,normal
2026-07-01T04:38:00+00:00,20.7,1019.06,81.34,0,normal
2026-07-01T04:39:00+00:00,20.85,1019.02,81.02,0,normal
2026-07-01T04:40:00+00:00,20.83,1019.05,80.96,0,normal
2026-07-01T04:41:00+00:00,20.8,1019.03,80.77,0,normal
2026-07-01T04:42:00+00:00,20.76,1019.15,80.79,0,normal
2026-07-01T04:43:00+00:00,20.86,1019.13,80.71,0,normal
2026-07-01T04:44:00+00:00,20.83,1019.01,80.4,0,normal
2026-07-01T04:45:00+00:00,20.72,1018.91,80.13,0,normal
2026-07-01T04:46:00+00:00,20.86,1018.92,80.37,0,normal
2026-07-01T04:47:00+00:00,20.93,1018.98,80.15,0,normal
2026-07-01T04:48:00+00:00,21.0,1019.04,80.01,0,normal
2026-07-01T04:49:00+00:00,21.07,1019.08,79.87,0,normal
2026-07-01T04:50:00+00:00,21.0,1019.03,79.87,0,normal
2026-07-01T04:51:00+00:00,21.06,1019.01,79.85,0,normal
2026-07-01T04:52:00+00:00,21.13,1019.06,80.14,0,normal
2026-07-01T04:53:00+00:00,21.25,1019.02,80.43,0,normal
2026-07-01T04:54:00+00:00,21.23,1019.09,80.38,0,normal
2026-07-01T04:55:00+00:00,21.22,1019.02,80.28,0,normal
2026-07-01T04:56:00+00:00,21.12,1019.09,80.52,0,normal
2026-07-01T04:57:00+00:00,21.08,1019.12,80.3,0,normal
2026-07-01T04:58:00+00:00,21.06,1019.17,80.22,0,normal
2026-07-01T04:59:00+00:00,21.24,1019.16,80.35,0,normal
2026-07-01T05:00:00+00:00,21.27,1019.21,80.18,0,normal
2026-07-01T05:01:00+00:00,26.33,1019.22,79.94,1,temperature_spike
2026-07-01T05:02:00+00:00,26.45,1019.26,80.18,1,temperature_spike
2026-07-01T05:03:00+00:00,24.38,1019.29,79.97,1,temperature_spike
2026-07-01T05:04:00+00:00,24.4,1019.38,79.97,1,temperature_spike
2026-07-01T05:05:00+00:00,25.49,1019.28,79.49,1,temperature_spike
2026-07-01T05:06:00+00:00,21.49,1019.3,79.16,0,normal
2026-07-01T05:07:00+00:00,21.51,1019.41,79.28,0,normal
2026-07-01T05:08:00+00:00,21.55,1019.4,79.15,0,normal
2026-07-01T05:09:00+00:00,21.4,1019.42,79.26,0,normal
2026-07-01T05:10:00+00:00,21.31,1019.39,78.97,0,normal
2026-07-01T05:11:00+00:00,21.27,1019.4,78.5,0,normal
2026-07-01T05:12:00+00:00,21.35,1019.44,78.42,0,normal
2026-07-01T05:13:00+00:00,21.19,1019.4,78.63,0,normal
2026-07-01T05:14:00+00:00,21.02,1019.39,78.35,0,normal
2026-07-01T05:15:00+00:00,21.14,1019.37,78.4,0,normal
2026-07-01T05:16:00+00:00,21.23,1019.47,78.31,0,normal
2026-07-01T05:17:00+00:00,21.31,1019.4,78.51,0,normal
2026-07-01T05:18:00+00:00,21.29,1019.38,78.45,0,normal
2026-07-01T05:19:00+00:00,21.22,1019.41,78.59,0,normal
2026-07-01T05:20:00+00:00,21.29,1019.34,78.49,0,normal
2026-07-01T05:21:00+00:00,21.4,1019.26,78.21,0,normal
2026-07-01T05:22:00+00:00,21.52,1019.29,78.24,0,normal
2026-07-01T05:23:00+00:00,21.71,1019.33,78.31,0,normal
2026-07-01T05:24:00+00:00,21.96,1019.34,78.08,0,normal
2026-07-01T05:25:00+00:00,22.01,1019.37,77.91,0,normal
2026-07-01T05:26:00+00:00,21.95,1019.5,77.92,0,normal
2026-07-01T05:27:00+00:00,21.92,1019.56,77.84,0,normal
2026-07-01T05:28:00+00:00,21.92,1019.59,77.52,0,normal
2026-07-01T05:29:00+00:00,21.98,1019.69,77.56,0,normal
2026-07-01T05:30:00+00:00,21.98,1019.66,77.42,0,normal
2026-07-01T05:31:00+00:00,21.99,1019.65,77.55,0,normal
2026-07-01T05:32:00+00:00,21.88,1019.69,77.41,0,normal
2026-07-01T05:33:00+00:00,21.94,1019.64,77.62,0,normal
2026-07-01T05:34:00+00:00,22.08,1019.69,77.24,0,normal
2026-07-01T05:35:00+00:00,22.17,1019.71,76.86,0,normal
2026-07-01T05:36:00+00:00,22.2,1019.73,76.92,0,normal
2026-07-01T05:37:00+00:00,22.24,1019.74,77.16,0,normal
2026-07-01T05:38:00+00:00,22.36,1019.6,77.03,0,normal
2026-07-01T05:39:00+00:00,22.37,1019.52,76.98,0,normal
2026-07-01T05:40:00+00:00,22.49,1019.47,76.98,0,normal
2026-07-01T05:41:00+00:00,22.43,1019.45,77.21,0,normal
2026-07-01T05:42:00+00:00,22.41,1019.49,76.74,0,normal
2026-07-01T05:43:00+00:00,22.58,1019.53,76.64,0,normal
2026-07-01T05:44:00+00:00,22.64,1019.48,76.81,0,normal
2026-07-01T05:45:00+00:00,22.63,1019.48,76.63,0,normal
2026-07-01T05:46:00+00:00,22.6,1019.53,76.6,0,normal
2026-07-01T05:47:00+00:00,22.67,1019.54,76.63,0,normal
2026-07-01T05:48:00+00:00,22.65,1019.66,76.23,0,normal
2026-07-01T05:49:00+00:00,22.77,1019.74,75.99,0,normal
2026-07-01T05:50:00+00:00,22.97,1019.79,76.12,0,normal
2026-07-01T05:51:00+00:00,22.97,1019.78,76.01,0,normal
2026-07-01T05:52:00+00:00,23.01,1019.85,75.97,0,normal
2026-07-01T05:53:00+00:00,22.95,1019.89,76.08,0,normal
2026-07-01T05:54:00+00:00,23.01,1019.92,75.94,0,normal
2026-07-01T05:55:00+00:00,22.95,1019.87,75.54,0,normal
2026-07-01T05:56:00+00:00,22.98,1019.86,75.38,0,normal
2026-07-01T05:57:00+00:00,22.76,1019.79,75.55,0,normal
2026-07-01T05:58:00+00:00,22.73,1019.81,75.19,0,normal
2026-07-01T05:59:00+00:00,22.88,1019.81,75.19,0,normal
2026-07-01T06:00:00+00:00,23.08,1019.88,75.06,0,normal
2026-07-01T06:01:00+00:00,23.05,1019.86,75.1,0,normal
2026-07-01T06:02:00+00:00,23.06,1019.84,75.33,0,normal
2026-07-01T06:03:00+00:00,23.07,1019.95,75.26,0,normal
2026-07-01T06:04:00+00:00,23.23,1019.96,75.37,0,normal
2026-07-01T06:05:00+00:00,23.19,1019.91,75.36,0,normal
2026-07-01T06:06:00+00:00,23.28,1019.91,75.0,0,normal
2026-07-01T06:07:00+00:00,23.19,1019.83,74.56,0,normal
2026-07-01T06:08:00+00:00,23.22,1019.89,74.49,0,normal
2026-07-01T06:09:00+00:00,23.05,1019.88,74.39,0,normal
2026-07-01T06:10:00+00:00,23.25,1019.8,74.24,0,normal
2026-07-01T06:11:00+00:00,23.41,1019.82,74.28,0,normal
2026-07-01T06:12:00+00:00,23.43,1019.84,74.37,0,normal
2026-07-01T06:13:00+00:00,23.38,1019.88,74.01,0,normal
2026-07-01T06:14:00+00:00,23.43,1019.89,73.82,0,normal
2026-07-01T06:15:00+00:00,23.44,1019.85,73.54,0,normal
2026-07-01T06:16:00+00:00,23.43,1019.8,73.55,0,normal
2026-07-01T06:17:00+00:00,23.36,1019.83,73.25,0,normal
2026-07-01T06:18:00+00:00,23.34,1019.8,73.47,0,normal
2026-07-01T06:19:00+00:00,23.4,1019.79,73.5,0,normal
2026-07-01T06:20:00+00:00,23.25,1019.79,73.83,0,normal
2026-07-01T06:21:00+00:00,23.3,1019.79,73.85,0,normal
2026-07-01T06:22:00+00:00,23.41,1019.69,73.41,0,normal
2026-07-01T06:23:00+00:00,23.45,1019.66,73.59,0,normal
2026-07-01T06:24:00+00:00,23.46,1019.57,73.24,0,normal
2026-07-01T06:25:00+00:00,23.27,1019.57,73.12,0,normal
2026-07-01T06:26:00+00:00,23.28,1019.64,73.28,0,normal
2026-07-01T06:27:00+00:00,23.31,1019.54,73.31,0,normal
2026-07-01T06:28:00+00:00,23.4,1019.57,73.41,0,normal
2026-07-01T06:29:00+00:00,23.34,1019.68,73.11,0,normal
2026-07-01T06:30:00+00:00,23.45,1019.6,72.82,0,normal
2026-07-01T06:31:00+00:00,23.61,1019.6,72.9,0,normal
2026-07-01T06:32:00+00:00,23.66,1019.6,73.08,0,normal
2026-07-01T06:33:00+00:00,23.68,1019.52,72.81,0,normal
2026-07-01T06:34:00+00:00,23.76,1019.56,72.39,0,normal
2026-07-01T06:35:00+00:00,23.73,1019.54,72.23,0,normal
2026-07-01T06:36:00+00:00,23.65,1019.52,72.0,0,normal
2026-07-01T06:37:00+00:00,23.76,1019.57,71.89,0,normal
2026-07-01T06:38:00+00:00,23.76,1019.59,71.65,0,normal
2026-07-01T06:39:00+00:00,23.71,1019.55,71.46,0,normal
2026-07-01T06:40:00+00:00,23.66,1019.57,71.54,0,normal
2026-07-01T06:41:00+00:00,23.57,1019.58,71.42,0,normal
2026-07-01T06:42:00+00:00,23.65,1019.59,71.06,0,normal
2026-07-01T06:43:00+00:00,23.6,1019.6,71.21,0,normal
2026-07-01T06:44:00+00:00,23.48,1019.62,71.37,0,normal
2026-07-01T06:45:00+00:00,23.53,1019.66,71.15,0,normal
2026-07-01T06:46:00+00:00,23.58,1019.58,70.6,0,normal
2026-07-01T06:47:00+00:00,23.71,1019.54,70.46,0,normal
2026-07-01T06:48:00+00:00,23.66,1019.48,70.37,0,normal
2026-07-01T06:49:00+00:00,23.66,1019.51,70.41,0,normal
2026-07-01T06:50:00+00:00,23.74,1019.53,70.66,0,normal
2026-07-01T06:51:00+00:00,23.71,1019.54,70.81,0,normal
2026-07-01T06:52:00+00:00,23.87,1019.48,70.66,0,normal
2026-07-01T06:53:00+00:00,24.04,1019.51,70.61,0,normal
2026-07-01T06:54:00+00:00,24.07,1019.5,70.58,0,normal
2026-07-01T06:55:00+00:00,24.09,1019.51,70.5,0,normal
2026-07-01T06:56:00+00:00,24.09,1019.55,70.99,0,normal
2026-07-01T06:57:00+00:00,24.0,1019.57,70.71,0,normal
2026-07-01T06:58:00+00:00,24.1,1019.58,70.75,0,normal
2026-07-01T06:59:00+00:00,24.24,1019.59,70.86,0,normal
2026-07-01T07:00:00+00:00,24.1,1019.67,70.8,0,normal
2026-07-01T07:01:00+00:00,24.24,1019.61,70.5,0,normal
2026-07-01T07:02:00+00:00,24.31,1019.61,70.43,0,normal
2026-07-01T07:03:00+00:00,24.44,1019.53,70.5,0,normal
2026-07-01T07:04:00+00:00,24.48,1019.52,70.07,0,normal
2026-07-01T07:05:00+00:00,24.57,1019.41,70.08,0,normal
2026-07-01T07:06:00+00:00,24.49,1019.42,69.94,0,normal
2026-07-01T07:07:00+00:00,24.63,1019.42,69.68,0,normal
2026-07-01T07:08:00+00:00,24.63,1019.49,69.67,0,normal
2026-07-01T07:09:00+00:00,24.64,1019.49,69.24,0,normal
2026-07-01T07:10:00+00:00,24.71,1019.4,69.29,0,normal
2026-07-01T07:11:00+00:00,24.76,1019.53,68.96,0,normal
2026-07-01T07:12:00+00:00,24.8,1019.62,69.1,0,normal
2026-07-01T07:13:00+00:00,24.78,1019.63,68.99,0,normal
2026-07-01T07:14:00+00:00,24.84,1019.59,68.87,0,normal
2026-07-01T07:15:00+00:00,24.76,1019.6,68.85,0,normal
2026-07-01T07:16:00+00:00,24.79,1019.51,68.94,0,normal
2026-07-01T07:17:00+00:00,24.86,1019.48,68.76,0,normal
2026-07-01T07:18:00+00:00,24.79,1019.43,68.53,0,normal
2026-07-01T07:19:00+00:00,24.94,1019.4,68.55,0,normal
2026-07-01T07:20:00+00:00,24.94,1019.42,68.41,0,normal
2026-07-01T07:21:00+00:00,25.05,1019.4,67.98,0,normal
2026-07-01T07:22:00+00:00,24.98,1019.38,67.63,0,normal
2026-07-01T07:23:00+00:00,25.06,1019.36,68.02,0,normal
2026-07-01T07:24:00+00:00,24.97,1019.37,67.68,0,normal
2026-07-01T07:25:00+00:00,24.98,1019.38,67.12,0,normal
2026-07-01T07:26:00+00:00,25.05,1019.48,66.95,0,normal
2026-07-01T07:27:00+00:00,25.12,1019.53,66.85,0,normal
2026-07-01T07:28:00+00:00,25.12,1019.41,66.9,0,normal
2026-07-01T07:29:00+00:00,25.16,1019.36,66.85,0,normal
2026-07-01T07:30:00+00:00,25.17,1019.34,66.89,0,normal
2026-07-01T07:31:00+00:00,25.11,1019.39,66.52,0,normal
2026-07-01T07:32:00+00:00,25.11,1019.49,66.67,0,normal
2026-07-01T07:33:00+00:00,25.18,1019.44,66.47,0,normal
2026-07-01T07:34:00+00:00,25.24,1019.44,66.37,0,normal
2026-07-01T07:35:00+00:00,25.29,1019.42,66.0,0,normal
2026-07-01T07:36:00+00:00,25.3,1019.46,65.65,0,normal
2026-07-01T07:37:00+00:00,25.34,1019.42,65.61,0,normal
2026-07-01T07:38:00+00:00,25.36,1019.49,65.65,0,normal
2026-07-01T07:39:00+00:00,25.31,1019.51,65.43,0,normal
2026-07-01T07:40:00+00:00,25.32,1019.52,65.27,0,normal
2026-07-01T07:41:00+00:00,25.46,1019.47,65.08,0,normal
2026-07-01T07:42:00+00:00,25.46,1019.43,65.25,0,normal
2026-07-01T07:43:00+00:00,25.56,1019.51,65.63,0,normal
2026-07-01T07:44:00+00:00,25.53,1019.5,65.3,0,normal
2026-07-01T07:45:00+00:00,25.53,1019.45,65.01,0,normal
2026-07-01T07:46:00+00:00,25.5,1019.44,64.69,0,normal
2026-07-01T07:47:00+00:00,25.63,1019.38,65.19,0,normal
2026-07-01T07:48:00+00:00,25.65,1019.37,64.84,0,normal
2026-07-01T07:49:00+00:00,25.84,1019.42,64.82,0,normal
2026-07-01T07:50:00+00:00,25.78,1019.42,64.51,0,normal
2026-07-01T07:51:00+00:00,25.95,1019.45,64.46,0,normal
2026-07-01T07:52:00+00:00,25.8,1019.39,64.52,0,normal
2026-07-01T07:53:00+00:00,25.96,1019.43,64.12,0,normal
2026-07-01T07:54:00+00:00,26.03,1019.47,63.72,0,normal
2026-07-01T07:55:00+00:00,26.08,1019.46,63.6,0,normal
2026-07-01T07:56:00+00:00,25.98,1019.43,63.48,0,normal
2026-07-01T07:57:00+00:00,26.02,1019.38,63.34,0,normal
2026-07-01T07:58:00+00:00,26.07,1019.39,63.23,0,normal
2026-07-01T07:59:00+00:00,26.09,1019.38,62.79,0,normal
2026-07-01T08:00:00+00:00,26.18,1019.36,62.77,0,normal
2026-07-01T08:01:00+00:00,26.3,1019.25,62.33,0,normal
2026-07-01T08:02:00+00:00,26.37,1019.24,62.35,0,normal
2026-07-01T08:03:00+00:00,26.38,1019.26,62.5,0,normal
2026-07-01T08:04:00+00:00,26.46,1019.24,62.04,0,normal
2026-07-01T08:05:00+00:00,26.57,1019.29,62.15,0,normal
2026-07-01T08:06:00+00:00,26.53,1019.3,62.29,0,normal
2026-07-01T08:07:00+00:00,26.7,1019.24,62.2,0,normal
2026-07-01T08:08:00+00:00,26.8,1019.23,61.93,0,normal
2026-07-01T08:09:00+00:00,26.86,1019.25,61.91,0,normal
2026-07-01T08:10:00+00:00,26.91,1019.22,62.16,0,normal
2026-07-01T08:11:00+00:00,26.87,1019.17,62.1,0,normal
2026-07-01T08:12:00+00:00,26.97,1019.08,61.78,0,normal
2026-07-01T08:13:00+00:00,26.84,1019.08,61.51,0,normal
2026-07-01T08:14:00+00:00,26.85,1019.1,61.33,0,normal
2026-07-01T08:15:00+00:00,26.91,1019.07,61.43,0,normal
2026-07-01T08:16:00+00:00,26.98,1019.03,61.35,0,normal
2026-07-01T08:17:00+00:00,27.1,1019.04,61.02,0,normal
2026-07-01T08:18:00+00:00,27.19,1018.97,61.26,0,normal
2026-07-01T08:19:00+00:00,27.3,1018.98,61.24,0,normal
2026-07-01T08:20:00+00:00,27.31,1019.0,61.1,0,normal
2026-07-01T08:21:00+00:00,27.35,1019.03,60.93,0,normal
2026-07-01T08:22:00+00:00,27.33,1018.96,60.66,0,normal
2026-07-01T08:23:00+00:00,27.21,1018.98,60.98,0,normal
2026-07-01T08:24:00+00:00,27.36,1018.89,61.06,0,normal
2026-07-01T08:25:00+00:00,27.51,1018.86,61.0,0,normal
2026-07-01T08:26:00+00:00,27.37,1018.86,60.71,0,normal
2026-07-01T08:27:00+00:00,27.42,1018.78,60.75,0,normal
2026-07-01T08:28:00+00:00,27.54,1018.73,60.44,0,normal
2026-07-01T08:29:00+00:00,27.39,1018.71,60.26,0,normal
2026-07-01T08:30:00+00:00,27.31,1018.73,60.11,0,normal
2026-07-01T08:31:00+00:00,27.26,1018.7,60.26,0,normal
2026-07-01T08:32:00+00:00,27.36,1018.69,60.31,0,normal
2026-07-01T08:33:00+00:00,27.31,1018.69,60.26,0,normal
2026-07-01T08:34:00+00:00,27.32,1018.7,60.02,0,normal
2026-07-01T08:35:00+00:00,27.41,1018.72,59.36,0,normal
2026-07-01T08:36:00+00:00,27.55,1018.56,59.19,0,normal
2026-07-01T08:37:00+00:00,27.68,1018.54,58.85,0,normal
2026-07-01T08:38:00+00:00,27.63,1018.59,58.43,0,normal
2026-07-01T08:39:00+00:00,27.76,1018.59,58.18,0,normal
2026-07-01T08:40:00+00:00,27.75,1018.53,58.34,0,normal
2026-07-01T08:41:00+00:00,27.84,1018.44,58.23,0,normal
2026-07-01T08:42:00+00:00,27.81,1018.51,57.94,0,normal
2026-07-01T08:43:00+00:00,27.98,1018.5,57.7,0,normal
2026-07-01T08:44:00+00:00,27.95,1018.46,57.43,0,normal
2026-07-01T08:45:00+00:00,28.0,1018.39,57.0,0,normal
2026-07-01T08:46:00+00:00,28.0,1018.3,56.87,0,normal
2026-07-01T08:47:00+00:00,27.96,1018.26,57.29,0,normal
2026-07-01T08:48:00+00:00,28.01,1018.28,56.93,0,normal
2026-07-01T08:49:00+00:00,27.99,1018.29,56.73,0,normal
2026-07-01T08:50:00+00:00,28.1,1018.23,56.68,0,normal
2026-07-01T08:51:00+00:00,28.09,1018.25,56.56,0,normal
2026-07-01T08:52:00+00:00,28.11,1018.24,56.42,0,normal
2026-07-01T08:53:00+00:00,28.19,1018.25,56.42,0,normal
2026-07-01T08:54:00+00:00,28.19,1018.29,56.38,0,normal
2026-07-01T08:55:00+00:00,28.21,1018.29,56.72,0,normal
2026-07-01T08:56:00+00:00,28.14,1018.33,56.32,0,normal
2026-07-01T08:57:00+00:00,28.2,1018.4,56.41,0,normal
2026-07-01T08:58:00+00:00,28.26,1018.36,56.41,0,normal
2026-07-01T08:59:00+00:00,28.28,1018.31,56.33,0,normal
2026-07-01T09:00:00+00:00,28.34,1018.27,56.15,0,normal
2026-07-01T09:01:00+00:00,28.27,1018.28,56.24,0,normal
2026-07-01T09:02:00+00:00,28.34,1018.32,56.24,0,normal
2026-07-01T09:03:00+00:00,28.41,1018.33,56.19,0,normal
2026-07-01T09:04:00+00:00,28.41,1018.43,56.06,0,normal
2026-07-01T09:05:00+00:00,28.4,1018.43,56.08,0,normal
2026-07-01T09:06:00+00:00,28.34,1018.47,56.03,0,normal
2026-07-01T09:07:00+00:00,28.3,1018.51,56.11,0,normal
2026-07-01T09:08:00+00:00,28.25,1018.57,56.19,0,normal
2026-07-01T09:09:00+00:00,28.31,1018.62,56.17,0,normal
2026-07-01T09:10:00+00:00,28.37,1018.56,56.22,0,normal
2026-07-01T09:11:00+00:00,28.46,1018.53,56.0,0,normal
2026-07-01T09:12:00+00:00,28.52,1018.5,55.67,0,normal
2026-07-01T09:13:00+00:00,28.46,1018.5,55.09,0,normal
2026-07-01T09:14:00+00:00,28.53,1018.45,55.33,0,normal
2026-07-01T09:15:00+00:00,28.55,1018.46,55.2,0,normal
2026-07-01T09:16:00+00:00,28.61,1018.46,55.07,0,normal
2026-07-01T09:17:00+00:00,28.74,1018.39,55.08,0,normal
2026-07-01T09:18:00+00:00,28.87,1018.39,55.42,0,normal
2026-07-01T09:19:00+00:00,28.85,1018.3,55.15,0,normal
2026-07-01T09:20:00+00:00,28.95,1018.3,55.11,0,normal
2026-07-01T09:21:00+00:00,28.9,1018.31,54.8,0,normal
2026-07-01T09:22:00+00:00,29.04,1018.43,54.82,1,sensor_drift
2026-07-01T09:23:00+00:00,29.13,1018.37,54.4,1,sensor_drift
2026-07-01T09:24:00+00:00,29.12,1018.29,54.07,1,sensor_drift
2026-07-01T09:25:00+00:00,29.3,1018.28,54.11,1,sensor_drift
2026-07-01T09:26:00+00:00,29.31,1018.24,54.27,1,sensor_drift
2026-07-01T09:27:00+00:00,29.34,1018.24,54.18,1,sensor_drift
2026-07-01T09:28:00+00:00,29.35,1018.14,53.73,1,sensor_drift
2026-07-01T09:29:00+00:00,29.36,1018.12,53.44,1,sensor_drift
2026-07-01T09:30:00+00:00,29.39,1018.11,52.98,1,sensor_drift
2026-07-01T09:31:00+00:00,29.36,1018.1,53.06,1,sensor_drift
2026-07-01T09:32:00+00:00,29.31,1018.09,53.24,1,sensor_drift
2026-07-01T09:33:00+00:00,29.41,1018.06,53.12,1,sensor_drift
2026-07-01T09:34:00+00:00,29.4,1018.06,53.13,1,sensor_drift
2026-07-01T09:35:00+00:00,29.49,1018.04,53.26,1,sensor_drift
2026-07-01T09:36:00+00:00,29.54,1018.06,53.39,1,sensor_drift
2026-07-01T09:37:00+00:00,29.52,1017.94,53.65,1,sensor_drift
2026-07-01T09:38:00+00:00,29.58,1017.84,53.43,1,sensor_drift
2026-07-01T09:39:00+00:00,29.68,1017.81,53.26,1,sensor_drift
2026-07-01T09:40:00+00:00,29.83,1017.74,53.04,1,sensor_drift
2026-07-01T09:41:00+00:00,29.87,1017.75,53.08,1,sensor_drift
2026-07-01T09:42:00+00:00,29.98,1017.75,53.11,1,sensor_drift
2026-07-01T09:43:00+00:00,29.98,1017.74,53.06,1,sensor_drift
2026-07-01T09:44:00+00:00,30.03,1017.76,53.1,1,sensor_drift
2026-07-01T09:45:00+00:00,30.06,1017.7,53.04,1,sensor_drift
2026-07-01T09:46:00+00:00,30.08,1017.7,53.4,1,sensor_drift
2026-07-01T09:47:00+00:00,30.07,1017.71,53.51,1,sensor_drift
2026-07-01T09:48:00+00:00,30.1,1017.81,53.32,1,sensor_drift
2026-07-01T09:49:00+00:00,30.16,1017.74,53.14,1,sensor_drift
2026-07-01T09:50:00+00:00,30.21,1017.77,53.09,1,sensor_drift
2026-07-01T09:51:00+00:00,30.33,1017.74,52.92,1,sensor_drift
2026-07-01T09:52:00+00:00,30.57,1017.74,52.67,0,normal
2026-07-01T09:53:00+00:00,30.53,1017.67,52.76,0,normal
2026-07-01T09:54:00+00:00,30.51,1017.66,52.65,0,normal
2026-07-01T09:55:00+00:00,30.59,1017.6,52.33,0,normal
2026-07-01T09:56:00+00:00,30.62,1017.61,52.3,0,normal
2026-07-01T09:57:00+00:00,30.57,1017.63,52.06,0,normal
2026-07-01T09:58:00+00:00,30.55,1017.56,52.23,0,normal
2026-07-01T09:59:00+00:00,30.62,1017.57,52.38,0,normal
2026-07-01T10:00:00+00:00,30.87,1017.47,52.11,0,normal
2026-07-01T10:01:00+00:00,30.83,1017.41,51.79,0,normal
2026-07-01T10:02:00+00:00,30.81,1017.34,51.77,0,normal
2026-07-01T10:03:00+00:00,30.83,1017.35,51.77,0,normal
2026-07-01T10:04:00+00:00,30.9,1017.33,52.09,0,normal
2026-07-01T10:05:00+00:00,30.93,1017.22,51.77,0,normal
2026-07-01T10:06:00+00:00,30.8,1017.22,51.64,0,normal
2026-07-01T10:07:00+00:00,30.79,1017.31,51.64,0,normal
2026-07-01T10:08:00+00:00,30.87,1017.25,51.32,0,normal
2026-07-01T10:09:00+00:00,30.89,1017.25,50.85,0,normal
2026-07-01T10:10:00+00:00,30.9,1017.24,50.72,0,normal
2026-07-01T10:11:00+00:00,30.85,1017.21,50.61,0,normal
2026-07-01T10:12:00+00:00,30.89,1017.23,50.74,0,normal
2026-07-01T10:13:00+00:00,30.89,1017.2,50.74,0,normal
2026-07-01T10:14:00+00:00,30.96,1017.16,50.8,0,normal
2026-07-01T10:15:00+00:00,31.07,1017.22,51.06,0,normal
2026-07-01T10:16:00+00:00,31.02,1017.21,50.94,0,normal
2026-07-01T10:17:00+00:00,31.03,1017.16,50.52,0,normal
2026-07-01T10:18:00+00:00,31.07,1017.11,50.44,0,normal
2026-07-01T10:19:00+00:00,31.03,1017.05,50.38,0,normal
2026-07-01T10:20:00+00:00,31.07,1017.07,50.71,0,normal
2026-07-01T10:21:00+00:00,31.12,1017.09,50.37,0,normal
2026-07-01T10:22:00+00:00,31.04,1017.16,50.08,0,normal
2026-07-01T10:23:00+00:00,30.99,1017.14,49.96,0,normal
2026-07-01T10:24:00+00:00,30.95,1017.11,50.1,0,normal
2026-07-01T10:25:00+00:00,30.93,1017.03,50.18,0,normal
2026-07-01T10:26:00+00:00,31.01,1016.99,49.74,0,normal
2026-07-01T10:27:00+00:00,30.99,1016.98,49.87,0,normal
2026-07-01T10:28:00+00:00,30.95,1016.96,49.89,0,normal
2026-07-01T10:29:00+00:00,30.8,1017.01,49.54,0,normal
2026-07-01T10:30:00+00:00,30.88,1017.01,49.65,0,normal
2026-07-01T10:31:00+00:00,30.98,1016.88,49.38,0,normal
2026-07-01T10:32:00+00:00,31.04,1016.86,49.37,0,normal
2026-07-01T10:33:00+00:00,31.15,1016.89,49.21,0,normal
2026-07-01T10:34:00+00:00,31.04,1016.85,49.19,0,normal
2026-07-01T10:35:00+00:00,31.0,1016.88,49.26,0,normal
2026-07-01T10:36:00+00:00,31.06,1016.72,48.89,0,normal
2026-07-01T10:37:00+00:00,31.26,1016.69,48.39,0,normal
2026-07-01T10:38:00+00:00,31.4,1016.69,48.53,0,normal
2026-07-01T10:39:00+00:00,31.46,1016.71,48.51,0,normal
2026-07-01T10:40:00+00:00,31.55,1016.82,48.61,0,normal
2026-07-01T10:41:00+00:00,31.46,1016.84,48.73,0,normal
2026-07-01T10:42:00+00:00,31.59,1016.8,48.85,0,normal
2026-07-01T10:43:00+00:00,31.7,1016.92,48.57,0,normal
2026-07-01T10:44:00+00:00,31.68,1016.89,48.36,0,normal
2026-07-01T10:45:00+00:00,31.64,1016.74,48.16,0,normal
2026-07-01T10:46:00+00:00,31.7,1016.71,48.45,0,normal
2026-07-01T10:47:00+00:00,31.74,1016.76,48.38,0,normal
2026-07-01T10:48:00+00:00,31.83,1016.77,48.53,0,normal
2026-07-01T10:49:00+00:00,31.87,1016.78,48.47,0,normal
2026-07-01T10:50:00+00:00,31.87,1016.79,48.78,0,normal
2026-07-01T10:51:00+00:00,31.88,1016.8,48.88,0,normal
2026-07-01T10:52:00+00:00,32.0,1016.78,48.24,0,normal
2026-07-01T10:53:00+00:00,32.06,1016.66,48.39,0,normal
2026-07-01T10:54:00+00:00,32.1,1016.7,48.07,0,normal
2026-07-01T10:55:00+00:00,32.0,1016.7,47.92,0,normal
2026-07-01T10:56:00+00:00,31.99,1016.7,48.35,0,normal
2026-07-01T10:57:00+00:00,32.08,1016.74,48.36,0,normal
2026-07-01T10:58:00+00:00,32.23,1016.71,47.79,0,normal
2026-07-01T10:59:00+00:00,32.23,1016.74,47.46,0,normal
2026-07-01T11:00:00+00:00,32.24,1016.69,47.63,0,normal
2026-07-01T11:01:00+00:00,32.32,1016.71,47.62,0,normal
2026-07-01T11:02:00+00:00,32.34,1016.7,47.24,0,normal
2026-07-01T11:03:00+00:00,32.19,1016.7,47.18,0,normal
2026-07-01T11:04:00+00:00,32.31,1016.76,47.37,0,normal
2026-07-01T11:05:00+00:00,32.26,1016.72,47.33,0,normal
2026-07-01T11:06:00+00:00,32.49,1016.78,47.41,0,normal
2026-07-01T11:07:00+00:00,32.47,1016.72,47.42,0,normal
2026-07-01T11:08:00+00:00,32.4,1016.69,47.24,0,normal
2026-07-01T11:09:00+00:00,32.56,1016.65,46.61,0,normal
2026-07-01T11:10:00+00:00,32.61,1016.6,46.5,0,normal
2026-07-01T11:11:00+00:00,32.62,1016.57,46.54,0,normal
2026-07-01T11:12:00+00:00,32.52,1016.53,46.55,0,normal
2026-07-01T11:13:00+00:00,32.49,1016.44,46.56,0,normal
2026-07-01T11:14:00+00:00,32.61,1016.43,46.03,0,normal
2026-07-01T11:15:00+00:00,32.68,1016.34,45.99,0,normal
2026-07-01T11:16:00+00:00,32.63,1016.28,45.79,0,normal
2026-07-01T11:17:00+00:00,32.64,1016.25,45.8,0,normal
2026-07-01T11:18:00+00:00,32.63,1016.3,45.75,0,normal
2026-07-01T11:19:00+00:00,32.6,1016.25,45.31,0,normal
2026-07-01T11:20:00+00:00,32.65,1016.24,44.74,0,normal
2026-07-01T11:21:00+00:00,32.63,1016.19,44.99,0,normal
2026-07-01T11:22:00+00:00,32.52,1016.12,45.13,0,normal
2026-07-01T11:23:00+00:00,32.67,1016.09,44.91,0,normal
2026-07-01T11:24:00+00:00,32.74,1015.98,44.45,0,normal
2026-07-01T11:25:00+00:00,32.75,1016.07,44.3,0,normal
2026-07-01T11:26:00+00:00,32.78,1016.13,44.66,0,normal
2026-07-01T11:27:00+00:00,32.76,1016.14,44.94,0,normal
2026-07-01T11:28:00+00:00,32.67,1016.19,44.64,0,normal
2026-07-01T11:29:00+00:00,32.71,1016.18,44.35,0,normal
2026-07-01T11:30:00+00:00,32.67,1016.19,44.47,0,normal
2026-07-01T11:31:00+00:00,32.69,1016.2,44.5,0,normal
2026-07-01T11:32:00+00:00,32.65,1016.23,44.57,0,normal
2026-07-01T11:33:00+00:00,32.9,1016.21,44.38,0,normal
2026-07-01T11:34:00+00:00,32.99,1016.25,44.18,0,normal
2026-07-01T11:35:00+00:00,32.98,1016.27,43.93,0,normal
2026-07-01T11:36:00+00:00,32.97,1016.27,44.05,0,normal
2026-07-01T11:37:00+00:00,32.95,1016.17,43.58,0,normal
2026-07-01T11:38:00+00:00,32.88,1016.1,43.48,0,normal
2026-07-01T11:39:00+00:00,32.82,1016.07,43.26,0,normal
2026-07-01T11:40:00+00:00,32.82,1016.14,43.34,0,normal
2026-07-01T11:41:00+00:00,32.87,1016.11,43.19,0,normal
2026-07-01T11:42:00+00:00,32.93,1016.14,42.94,0,normal
2026-07-01T11:43:00+00:00,32.97,1016.04,42.94,0,normal
2026-07-01T11:44:00+00:00,33.07,1016.03,43.24,0,normal
2026-07-01T11:45:00+00:00,33.03,1016.04,43.17,0,normal
2026-07-01T11:46:00+00:00,33.05,1016.04,43.11,0,normal
2026-07-01T11:47:00+00:00,33.15,1016.11,43.04,0,normal
2026-07-01T11:48:00+00:00,33.25,1016.07,43.12,0,normal
2026-07-01T11:49:00+00:00,33.21,1016.13,43.49,0,normal
2026-07-01T11:50:00+00:00,33.23,1016.02,43.28,0,normal
2026-07-01T11:51:00+00:00,33.36,1016.05,43.23,0,normal
2026-07-01T11:52:00+00:00,33.47,1016.07,43.38,0,normal
2026-07-01T11:53:00+00:00,33.56,1016.15,43.35,0,normal
2026-07-01T11:54:00+00:00,33.65,1016.13,43.12,0,normal
2026-07-01T11:55:00+00:00,33.8,1016.14,43.19,0,normal
2026-07-01T11:56:00+00:00,33.81,1016.1,43.09,0,normal
2026-07-01T11:57:00+00:00,33.93,1016.13,42.64,0,normal
2026-07-01T11:58:00+00:00,33.92,1016.21,42.52,0,normal
2026-07-01T11:59:00+00:00,33.78,1016.3,42.58,0,normal
2026-07-01T12:00:00+00:00,33.78,1016.27,42.71,0,normal
2026-07-01T12:01:00+00:00,33.75,1016.32,42.72,0,normal
2026-07-01T12:02:00+00:00,33.78,1016.31,42.59,0,normal
2026-07-01T12:03:00+00:00,33.88,1016.25,42.17,0,normal
2026-07-01T12:04:00+00:00,33.94,1016.27,42.19,0,normal
2026-07-01T12:05:00+00:00,33.98,1016.24,42.27,0,normal
2026-07-01T12:06:00+00:00,33.98,1016.21,42.12,0,normal
2026-07-01T12:07:00+00:00,34.15,1016.11,42.14,0,normal
2026-07-01T12:08:00+00:00,34.01,1016.1,41.97,0,normal
2026-07-01T12:09:00+00:00,33.85,1016.12,41.81,0,normal
2026-07-01T12:10:00+00:00,33.7,1016.16,42.02,0,normal
2026-07-01T12:11:00+00:00,33.85,1016.17,41.94,0,normal
2026-07-01T12:12:00+00:00,33.97,1016.25,42.08,0,normal
2026-07-01T12:13:00+00:00,33.91,1016.24,42.08,0,normal
2026-07-01T12:14:00+00:00,33.78,1016.26,42.43,0,normal
2026-07-01T12:15:00+00:00,33.85,1016.32,42.35,0,normal
2026-07-01T12:16:00+00:00,33.87,1016.32,42.07,0,normal
2026-07-01T12:17:00+00:00,33.81,1016.37,42.24,0,normal
2026-07-01T12:18:00+00:00,33.76,1016.4,42.1,0,normal
2026-07-01T12:19:00+00:00,33.81,1016.41,42.19,0,normal
2026-07-01T12:20:00+00:00,33.85,1016.46,42.13,0,normal
2026-07-01T12:21:00+00:00,33.92,1016.39,42.44,0,normal
2026-07-01T12:22:00+00:00,33.98,1016.41,41.98,0,normal
2026-07-01T12:23:00+00:00,33.94,1016.45,41.92,0,normal
2026-07-01T12:24:00+00:00,33.81,1016.48,41.7,0,normal
2026-07-01T12:25:00+00:00,33.95,1016.46,41.63,0,normal
2026-07-01T12:26:00+00:00,34.07,1016.39,41.33,0,normal
2026-07-01T12:27:00+00:00,34.07,1016.41,40.97,0,normal
2026-07-01T12:28:00+00:00,33.96,1016.44,40.77,0,normal
2026-07-01T12:29:00+00:00,33.96,1016.32,40.56,0,normal
2026-07-01T12:30:00+00:00,33.98,1016.35,40.34,0,normal
2026-07-01T12:31:00+00:00,34.14,1016.3,40.15,0,normal
2026-07-01T12:32:00+00:00,34.28,1016.3,39.99,0,normal
2026-07-01T12:33:00+00:00,34.28,1016.35,40.25,0,normal
2026-07-01T12:34:00+00:00,34.23,1016.34,40.21,0,normal
2026-07-01T12:35:00+00:00,34.17,1016.32,40.15,0,normal
2026-07-01T12:36:00+00:00,34.28,1016.37,40.03,0,normal
2026-07-01T12:37:00+00:00,34.28,1016.38,39.86,0,normal
2026-07-01T12:38:00+00:00,34.35,1016.36,39.62,0,normal
2026-07-01T12:39:00+00:00,34.28,1016.42,39.55,0,normal
2026-07-01T12:40:00+00:00,34.43,1016.37,39.58,0,normal
2026-07-01T12:41:00+00:00,34.64,1016.31,39.16,0,normal
2026-07-01T12:42:00+00:00,34.74,1016.25,39.14,0,normal
2026-07-01T12:43:00+00:00,34.69,1016.26,38.93,0,normal
2026-07-01T12:44:00+00:00,34.68,1016.27,38.71,0,normal
2026-07-01T12:45:00+00:00,34.62,1016.24,38.42,0,normal
2026-07-01T12:46:00+00:00,34.6,1016.24,38.35,0,normal
2026-07-01T12:47:00+00:00,34.58,1016.23,38.23,0,normal
2026-07-01T12:48:00+00:00,34.65,1016.29,38.15,0,normal
2026-07-01T12:49:00+00:00,34.69,1016.27,38.24,0,normal
2026-07-01T12:50:00+00:00,34.82,1016.29,37.9,0,normal
2026-07-01T12:51:00+00:00,34.86,1016.34,37.88,0,normal
2026-07-01T12:52:00+00:00,34.93,1016.29,37.61,0,normal
2026-07-01T12:53:00+00:00,34.94,1016.19,37.59,0,normal
2026-07-01T12:54:00+00:00,35.04,1016.09,37.37,0,normal
2026-07-01T12:55:00+00:00,34.94,1016.09,37.34,0,normal
2026-07-01T12:56:00+00:00,35.05,1016.14,37.49,0,normal
2026-07-01T12:57:00+00:00,35.05,1016.16,37.35,0,normal
2026-07-01T12:58:00+00:00,35.11,1016.1,37.56,0,normal
2026-07-01T12:59:00+00:00,35.2,1016.11,37.55,0,normal
2026-07-01T13:00:00+00:00,35.21,1015.97,37.63,0,normal
2026-07-01T13:01:00+00:00,35.19,1015.98,37.8,0,normal
2026-07-01T13:02:00+00:00,35.17,1015.93,37.78,0,normal
2026-07-01T13:03:00+00:00,25.34,1015.95,37.82,1,temperature_drop
2026-07-01T13:04:00+00:00,24.55,1015.96,38.08,1,temperature_drop
2026-07-01T13:05:00+00:00,19.54,1015.95,38.0,1,temperature_drop
2026-07-01T13:06:00+00:00,35.06,1016.05,37.74,0,normal
2026-07-01T13:07:00+00:00,34.96,1015.99,38.09,0,normal
2026-07-01T13:08:00+00:00,34.92,1016.0,38.0,0,normal
2026-07-01T13:09:00+00:00,34.85,1016.0,38.48,0,normal
2026-07-01T13:10:00+00:00,34.97,1015.96,38.57,0,normal
2026-07-01T13:11:00+00:00,34.91,1015.89,38.73,0,normal
2026-07-01T13:12:00+00:00,35.01,1015.95,38.59,0,normal
2026-07-01T13:13:00+00:00,34.99,1016.0,38.62,0,normal
2026-07-01T13:14:00+00:00,34.97,1015.93,38.59,0,normal
2026-07-01T13:15:00+00:00,35.06,1015.89,38.67,0,normal
2026-07-01T13:16:00+00:00,35.08,1015.94,38.79,0,normal
2026-07-01T13:17:00+00:00,35.03,1015.88,38.62,0,normal
2026-07-01T13:18:00+00:00,35.1,1015.87,38.42,0,normal
2026-07-01T13:19:00+00:00,34.96,1015.98,38.54,0,normal
2026-07-01T13:20:00+00:00,35.03,1016.04,38.6,0,normal
2026-07-01T13:21:00+00:00,35.01,1016.04,38.46,0,normal
2026-07-01T13:22:00+00:00,35.23,1016.08,38.31,0,normal
2026-07-01T13:23:00+00:00,35.26,1016.04,38.57,0,normal
2026-07-01T13:24:00+00:00,35.2,1016.08,38.72,0,normal
2026-07-01T13:25:00+00:00,35.23,1016.1,38.65,0,normal
2026-07-01T13:26:00+00:00,35.22,1016.08,38.49,0,normal
2026-07-01T13:27:00+00:00,35.34,1016.08,38.28,0,normal
2026-07-01T13:28:00+00:00,35.29,1016.15,38.36,0,normal
2026-07-01T13:29:00+00:00,35.33,1016.15,38.42,0,normal
2026-07-01T13:30:00+00:00,35.27,1016.14,38.55,0,normal
2026-07-01T13:31:00+00:00,35.33,1016.11,38.31,0,normal
2026-07-01T13:32:00+00:00,35.34,1016.21,37.87,0,normal
2026-07-01T13:33:00+00:00,35.35,1016.14,37.71,0,normal
2026-07-01T13:34:00+00:00,35.32,1016.14,37.57,0,normal
2026-07-01T13:35:00+00:00,35.31,1016.12,37.26,0,normal
2026-07-01T13:36:00+00:00,35.37,1016.17,37.42,0,normal
2026-07-01T13:37:00+00:00,35.24,1016.2,37.53,0,normal
2026-07-01T13:38:00+00:00,35.16,1016.21,37.49,0,normal
2026-07-01T13:39:00+00:00,35.31,1016.32,37.13,0,normal
2026-07-01T13:40:00+00:00,35.51,1016.28,37.32,0,normal
2026-07-01T13:41:00+00:00,35.57,1016.24,37.4,0,normal
2026-07-01T13:42:00+00:00,35.55,1016.28,37.43,0,normal
2026-07-01T13:43:00+00:00,35.63,1016.29,37.37,0,normal
2026-07-01T13:44:00+00:00,35.7,1016.33,37.49,0,normal
2026-07-01T13:45:00+00:00,35.63,1016.28,37.35,0,normal
2026-07-01T13:46:00+00:00,35.56,1016.33,37.52,0,normal
2026-07-01T13:47:00+00:00,35.53,1016.41,37.77,0,normal
2026-07-01T13:48:00+00:00,35.54,1016.38,38.04,0,normal
2026-07-01T13:49:00+00:00,35.53,1016.39,37.91,0,normal
2026-07-01T13:50:00+00:00,35.44,1016.33,37.98,0,normal
2026-07-01T13:51:00+00:00,35.37,1016.49,37.71,0,normal
2026-07-01T13:52:00+00:00,35.27,1016.52,37.97,0,normal
2026-07-01T13:53:00+00:00,35.28,1016.55,37.54,0,normal
2026-07-01T13:54:00+00:00,35.23,1016.5,37.12,0,normal
2026-07-01T13:55:00+00:00,35.24,1016.39,36.84,0,normal
2026-07-01T13:56:00+00:00,35.2,1016.36,36.92,0,normal
2026-07-01T13:57:00+00:00,35.23,1016.42,37.06,0,normal
2026-07-01T13:58:00+00:00,35.33,1016.43,37.11,0,normal
2026-07-01T13:59:00+00:00,35.37,1016.45,37.01,0,normal
2026-07-01T14:00:00+00:00,35.35,1016.42,37.08,0,normal
2026-07-01T14:01:00+00:00,35.34,1016.4,36.93,0,normal
2026-07-01T14:02:00+00:00,35.24,1016.46,36.93,0,normal
2026-07-01T14:03:00+00:00,35.18,1016.51,36.81,0,normal
2026-07-01T14:04:00+00:00,35.08,1016.57,36.69,0,normal
2026-07-01T14:05:00+00:00,35.06,1016.58,36.92,0,normal
2026-07-01T14:06:00+00:00,35.08,1016.53,37.02,0,normal
2026-07-01T14:07:00+00:00,35.05,1016.63,37.0,0,normal
2026-07-01T14:08:00+00:00,34.89,1016.66,37.37,0,normal
2026-07-01T14:09:00+00:00,35.04,1016.75,37.13,0,normal
2026-07-01T14:10:00+00:00,35.13,1016.72,37.15,0,normal
2026-07-01T14:11:00+00:00,35.04,1016.69,36.99,0,normal
2026-07-01T14:12:00+00:00,35.13,1016.73,37.03,0,normal
2026-07-01T14:13:00+00:00,35.03,1016.72,36.86,0,normal
2026-07-01T14:14:00+00:00,35.12,1016.79,37.06,0,normal
2026-07-01T14:15:00+00:00,35.07,1016.65,36.68,0,normal
2026-07-01T14:16:00+00:00,35.2,1016.64,36.53,0,normal
2026-07-01T14:17:00+00:00,35.34,1016.71,36.54,0,normal
2026-07-01T14:18:00+00:00,35.32,1016.72,36.59,0,normal
2026-07-01T14:19:00+00:00,35.45,1016.75,36.73,0,normal
2026-07-01T14:20:00+00:00,35.54,1016.69,36.88,0,normal
2026-07-01T14:21:00+00:00,35.51,1016.58,36.44,0,normal
2026-07-01T14:22:00+00:00,35.43,1016.62,36.47,0,normal
2026-07-01T14:23:00+00:00,35.44,1016.74,36.22,0,normal
2026-07-01T14:24:00+00:00,35.43,1016.76,36.1,0,normal
2026-07-01T14:25:00+00:00,35.44,1016.69,36.4,0,normal
2026-07-01T14:26:00+00:00,35.38,1016.81,36.41,0,normal
2026-07-01T14:27:00+00:00,35.46,1016.81,36.41,0,normal
2026-07-01T14:28:00+00:00,35.41,1016.83,36.49,0,normal
2026-07-01T14:29:00+00:00,35.35,1016.83,36.37,0,normal
2026-07-01T14:30:00+00:00,35.53,1016.84,36.69,0,normal
2026-07-01T14:31:00+00:00,35.51,1016.86,36.42,0,normal
2026-07-01T14:32:00+00:00,35.47,1016.88,36.75,0,normal
2026-07-01T14:33:00+00:00,35.48,1016.96,36.87,0,normal
2026-07-01T14:34:00+00:00,35.61,1016.96,37.34,0,normal
2026-07-01T14:35:00+00:00,35.56,1016.93,37.06,0,normal
2026-07-01T14:36:00+00:00,35.74,1016.98,36.97,0,normal
2026-07-01T14:37:00+00:00,35.82,1017.02,37.35,0,normal
2026-07-01T14:38:00+00:00,35.67,1017.01,37.22,0,normal
2026-07-01T14:39:00+00:00,35.5,1017.07,37.14,0,normal
2026-07-01T14:40:00+00:00,35.55,1017.2,37.05,0,normal
2026-07-01T14:41:00+00:00,35.51,1017.2,37.23,0,normal
2026-07-01T14:42:00+00:00,35.46,1017.17,37.41,0,normal
2026-07-01T14:43:00+00:00,35.49,1017.07,37.13,0,normal
2026-07-01T14:44:00+00:00,35.6,1017.1,36.96,0,normal
2026-07-01T14:45:00+00:00,35.57,1017.1,37.09,0,normal
2026-07-01T14:46:00+00:00,35.46,1017.07,37.13,0,normal
2026-07-01T14:47:00+00:00,35.44,1017.11,36.86,0,normal
2026-07-01T14:48:00+00:00,35.47,1017.17,36.95,0,normal
2026-07-01T14:49:00+00:00,35.47,1017.17,36.77,0,normal
2026-07-01T14:50:00+00:00,35.46,1017.24,36.75,0,normal
2026-07-01T14:51:00+00:00,35.38,1017.22,36.79,0,normal
2026-07-01T14:52:00+00:00,35.35,1017.25,36.9,0,normal
2026-07-01T14:53:00+00:00,35.42,1017.33,37.09,0,normal
2026-07-01T14:54:00+00:00,35.34,1017.28,37.06,0,normal
2026-07-01T14:55:00+00:00,35.31,1017.23,36.96,0,normal
2026-07-01T14:56:00+00:00,35.27,1017.2,36.89,0,normal
2026-07-01T14:57:00+00:00,35.37,1017.22,37.38,0,normal
2026-07-01T14:58:00+00:00,35.38,1017.22,37.36,0,normal
2026-07-01T14:59:00+00:00,35.4,1017.25,37.75,0,normal
2026-07-01T15:00:00+00:00,35.32,1017.3,37.75,0,normal
2026-07-01T15:01:00+00:00,35.2,1017.35,37.96,0,normal
2026-07-01T15:02:00+00:00,35.14,1017.36,37.56,0,normal
2026-07-01T15:03:00+00:00,35.04,1017.41,37.44,0,normal
2026-07-01T15:04:00+00:00,34.97,1017.43,37.31,0,normal
2026-07-01T15:05:00+00:00,34.94,1017.47,37.06,0,normal
2026-07-01T15:06:00+00:00,34.89,1017.48,37.25,0,normal
2026-07-01T15:07:00+00:00,35.01,1017.45,37.43,0,normal
2026-07-01T15:08:00+00:00,34.96,1017.55,37.18,0,normal
2026-07-01T15:09:00+00:00,35.08,1017.52,37.58,0,normal
2026-07-01T15:10:00+00:00,35.14,1017.47,37.45,0,normal
2026-07-01T15:11:00+00:00,35.2,1017.53,37.42,0,normal
2026-07-01T15:12:00+00:00,35.21,1017.57,37.43,0,normal
2026-07-01T15:13:00+00:00,35.11,1017.53,37.46,0,normal
2026-07-01T15:14:00+00:00,35.21,1017.62,37.6,0,normal
2026-07-01T15:15:00+00:00,35.24,1017.66,37.45,0,normal
2026-07-01T15:16:00+00:00,35.22,1017.62,37.18,0,normal
2026-07-01T15:17:00+00:00,35.25,1017.63,37.32,0,normal
2026-07-01T15:18:00+00:00,35.29,1017.65,37.43,0,normal
2026-07-01T15:19:00+00:00,35.28,1017.67,37.28,0,normal
2026-07-01T15:20:00+00:00,35.31,1017.71,37.14,0,normal
2026-07-01T15:21:00+00:00,35.31,1017.68,37.05,0,normal
2026-07-01T15:22:00+00:00,35.21,1017.74,37.28,0,normal
2026-07-01T15:23:00+00:00,35.25,1017.84,37.24,0,normal
2026-07-01T15:24:00+00:00,35.49,1017.83,37.3,0,normal
2026-07-01T15:25:00+00:00,35.44,1017.85,37.47,0,normal
2026-07-01T15:26:00+00:00,35.42,1017.93,37.52,0,normal
2026-07-01T15:27:00+00:00,35.42,1017.88,37.6,0,normal
2026-07-01T15:28:00+00:00,35.4,1017.85,37.44,0,normal
2026-07-01T15:29:00+00:00,35.6,1017.84,37.15,0,normal
2026-07-01T15:30:00+00:00,35.52,1017.84,37.28,0,normal
2026-07-01T15:31:00+00:00,35.54,1017.87,37.17,0,normal
2026-07-01T15:32:00+00:00,35.55,1017.83,37.07,0,normal
2026-07-01T15:33:00+00:00,35.45,1017.77,37.31,0,normal
2026-07-01T15:34:00+00:00,35.49,1017.83,37.33,0,normal
2026-07-01T15:35:00+00:00,35.53,1017.75,37.52,0,normal
2026-07-01T15:36:00+00:00,35.52,1017.79,37.61,0,normal
2026-07-01T15:37:00+00:00,35.42,1017.72,37.48,0,normal
2026-07-01T15:38:00+00:00,35.44,1017.77,37.22,0,normal
2026-07-01T15:39:00+00:00,35.34,1017.75,37.18,0,normal
2026-07-01T15:40:00+00:00,35.22,1017.69,37.05,0,normal
2026-07-01T15:41:00+00:00,35.21,1017.65,37.06,0,normal
2026-07-01T15:42:00+00:00,35.29,1017.6,37.07,0,normal
2026-07-01T15:43:00+00:00,35.36,1017.6,36.99,0,normal
2026-07-01T15:44:00+00:00,35.43,1017.61,37.26,0,normal
2026-07-01T15:45:00+00:00,35.44,1017.61,37.4,0,normal
2026-07-01T15:46:00+00:00,35.44,1017.69,37.32,0,normal
2026-07-01T15:47:00+00:00,35.42,1017.71,37.5,0,normal
2026-07-01T15:48:00+00:00,35.31,1017.78,37.62,0,normal
2026-07-01T15:49:00+00:00,35.19,1017.86,38.1,0,normal
2026-07-01T15:50:00+00:00,35.26,1017.94,38.12,0,normal
2026-07-01T15:51:00+00:00,35.11,1017.86,38.18,0,normal
2026-07-01T15:52:00+00:00,35.05,1017.83,38.17,0,normal
2026-07-01T15:53:00+00:00,35.09,1017.77,38.08,0,normal
2026-07-01T15:54:00+00:00,35.2,1017.74,38.27,0,normal
2026-07-01T15:55:00+00:00,35.14,1017.79,38.5,0,normal
2026-07-01T15:56:00+00:00,35.19,1017.86,38.26,0,normal
2026-07-01T15:57:00+00:00,35.26,1017.83,,1,missing_data
2026-07-01T15:58:00+00:00,35.26,1017.88,,1,missing_data
2026-07-01T15:59:00+00:00,35.17,1017.83,,1,missing_data
2026-07-01T16:00:00+00:00,35.16,1017.91,,1,missing_data
2026-07-01T16:01:00+00:00,35.03,1017.98,,1,missing_data
2026-07-01T16:02:00+00:00,35.05,1017.96,,1,missing_data
2026-07-01T16:03:00+00:00,34.96,1017.96,38.85,0,normal
2026-07-01T16:04:00+00:00,34.86,1018.0,39.16,0,normal
2026-07-01T16:05:00+00:00,34.82,1018.03,38.59,0,normal
2026-07-01T16:06:00+00:00,34.81,1018.03,38.44,0,normal
2026-07-01T16:07:00+00:00,34.89,1018.03,38.43,0,normal
2026-07-01T16:08:00+00:00,34.85,1017.95,38.22,0,normal
2026-07-01T16:09:00+00:00,34.92,1017.87,38.11,0,normal
2026-07-01T16:10:00+00:00,34.88,1017.98,38.3,0,normal
2026-07-01T16:11:00+00:00,34.82,1018.07,38.19,0,normal
2026-07-01T16:12:00+00:00,34.89,1018.02,38.45,0,normal
2026-07-01T16:13:00+00:00,34.85,1017.99,38.44,0,normal
2026-07-01T16:14:00+00:00,34.86,1017.99,38.59,0,normal
2026-07-01T16:15:00+00:00,34.8,1018.04,38.71,0,normal
2026-07-01T16:16:00+00:00,34.78,1018.04,38.76,0,normal
2026-07-01T16:17:00+00:00,34.81,1018.16,38.98,0,normal
2026-07-01T16:18:00+00:00,34.88,1018.33,39.1,0,normal
2026-07-01T16:19:00+00:00,34.9,1018.38,38.91,0,normal
2026-07-01T16:20:00+00:00,34.85,1018.36,39.07,0,normal
2026-07-01T16:21:00+00:00,34.82,1018.37,39.31,0,normal
2026-07-01T16:22:00+00:00,34.87,1018.37,39.18,0,normal
2026-07-01T16:23:00+00:00,34.94,1018.42,38.88,0,normal
2026-07-01T16:24:00+00:00,34.89,1018.44,39.08,0,normal
2026-07-01T16:25:00+00:00,34.94,1018.46,39.22,0,normal
2026-07-01T16:26:00+00:00,34.92,1018.43,39.2,0,normal
2026-07-01T16:27:00+00:00,34.9,1018.43,38.85,0,normal
2026-07-01T16:28:00+00:00,34.84,1018.45,38.84,0,normal
2026-07-01T16:29:00+00:00,34.8,1018.48,38.68,0,normal
2026-07-01T16:30:00+00:00,34.65,1018.47,38.89,0,normal
2026-07-01T16:31:00+00:00,34.77,1018.51,38.65,0,normal
2026-07-01T16:32:00+00:00,34.73,1018.53,38.76,0,normal
2026-07-01T16:33:00+00:00,34.75,1018.49,38.84,0,normal
2026-07-01T16:34:00+00:00,34.76,1018.54,38.74,0,normal
2026-07-01T16:35:00+00:00,34.71,1018.41,38.69,0,normal
2026-07-01T16:36:00+00:00,34.65,1018.38,38.8,0,normal
2026-07-01T16:37:00+00:00,34.62,1018.28,38.92,0,normal
2026-07-01T16:38:00+00:00,34.53,1018.32,38.73,0,normal
2026-07-01T16:39:00+00:00,34.52,1018.33,38.87,0,normal
2026-07-01T16:40:00+00:00,34.51,1018.33,38.65,0,normal
2026-07-01T16:41:00+00:00,34.38,1018.33,38.74,0,normal
2026-07-01T16:42:00+00:00,34.32,1018.38,38.77,0,normal
2026-07-01T16:43:00+00:00,34.23,1018.38,38.91,0,normal
2026-07-01T16:44:00+00:00,34.25,1018.49,38.86,0,normal
2026-07-01T16:45:00+00:00,34.24,1018.53,38.95,0,normal
2026-07-01T16:46:00+00:00,34.19,1018.46,38.94,0,normal
2026-07-01T16:47:00+00:00,34.1,1018.39,38.88,0,normal
2026-07-01T16:48:00+00:00,34.02,1018.44,39.1,0,normal
2026-07-01T16:49:00+00:00,33.95,1018.45,38.82,0,normal
2026-07-01T16:50:00+00:00,33.91,1018.48,39.09,0,normal
2026-07-01T16:51:00+00:00,33.86,1018.55,38.89,0,normal
2026-07-01T16:52:00+00:00,33.77,1018.6,39.34,0,normal
2026-07-01T16:53:00+00:00,33.82,1018.61,38.99,0,normal
2026-07-01T16:54:00+00:00,33.66,1018.63,39.03,0,normal
2026-07-01T16:55:00+00:00,33.59,1018.64,39.17,0,normal
2026-07-01T16:56:00+00:00,33.68,1018.66,39.52,0,normal
2026-07-01T16:57:00+00:00,33.69,1018.66,39.83,0,normal
2026-07-01T16:58:00+00:00,33.62,1018.81,39.99,0,normal
2026-07-01T16:59:00+00:00,33.67,1018.84,40.44,0,normal
2026-07-01T17:00:00+00:00,33.74,1018.77,40.78,0,normal
2026-07-01T17:01:00+00:00,33.71,1018.78,40.57,0,normal
2026-07-01T17:02:00+00:00,33.76,1018.75,40.65,0,normal
2026-07-01T17:03:00+00:00,33.74,1018.85,41.1,0,normal
2026-07-01T17:04:00+00:00,33.75,1018.86,41.06,0,normal
2026-07-01T17:05:00+00:00,33.83,1018.85,41.02,0,normal
2026-07-01T17:06:00+00:00,33.91,1018.82,41.06,0,normal
2026-07-01T17:07:00+00:00,33.77,1018.86,41.5,0,normal
2026-07-01T17:08:00+00:00,33.82,1018.94,41.36,0,normal
2026-07-01T17:09:00+00:00,33.84,1018.89,41.35,0,normal
2026-07-01T17:10:00+00:00,33.89,1018.9,41.11,0,normal
2026-07-01T17:11:00+00:00,33.77,1018.83,41.27,0,normal
2026-07-01T17:12:00+00:00,33.93,1018.91,40.95,0,normal
2026-07-01T17:13:00+00:00,34.02,1018.96,40.71,0,normal
2026-07-01T17:14:00+00:00,33.98,1019.01,40.91,0,normal
2026-07-01T17:15:00+00:00,33.85,1019.04,40.56,0,normal
2026-07-01T17:16:00+00:00,33.82,1019.1,40.67,0,normal
2026-07-01T17:17:00+00:00,33.76,1019.14,40.97,0,normal
2026-07-01T17:18:00+00:00,33.85,1019.17,41.27,0,normal
2026-07-01T17:19:00+00:00,33.89,1019.18,41.37,0,normal
2026-07-01T17:20:00+00:00,33.85,1019.11,41.25,0,normal
2026-07-01T17:21:00+00:00,33.81,1019.11,41.62,0,normal
2026-07-01T17:22:00+00:00,33.78,1019.16,41.91,0,normal
2026-07-01T17:23:00+00:00,33.74,1019.18,41.92,0,normal
2026-07-01T17:24:00+00:00,33.83,1019.21,41.74,0,normal
2026-07-01T17:25:00+00:00,33.82,1019.28,41.78,0,normal
2026-07-01T17:26:00+00:00,33.83,1019.29,41.65,0,normal
2026-07-01T17:27:00+00:00,33.84,1019.21,41.61,0,normal
2026-07-01T17:28:00+00:00,33.9,1019.22,41.64,0,normal
2026-07-01T17:29:00+00:00,33.9,1019.21,41.73,0,normal
2026-07-01T17:30:00+00:00,33.92,1019.16,41.83,0,normal
2026-07-01T17:31:00+00:00,33.86,1019.08,41.74,0,normal
2026-07-01T17:32:00+00:00,33.95,1019.1,41.57,0,normal
2026-07-01T17:33:00+00:00,33.79,1019.09,42.0,0,normal
2026-07-01T17:34:00+00:00,33.74,1019.15,42.16,0,normal
2026-07-01T17:35:00+00:00,33.75,1019.08,42.43,0,normal
2026-07-01T17:36:00+00:00,33.69,1019.12,42.35,0,normal
2026-07-01T17:37:00+00:00,33.67,1019.14,42.4,0,normal
2026-07-01T17:38:00+00:00,33.67,1019.12,42.36,0,normal
2026-07-01T17:39:00+00:00,33.77,1019.17,42.3,0,normal
2026-07-01T17:40:00+00:00,33.78,1019.13,42.16,0,normal
2026-07-01T17:41:00+00:00,33.82,1019.04,42.46,0,normal
2026-07-01T17:42:00+00:00,33.76,1019.03,42.64,0,normal
2026-07-01T17:43:00+00:00,33.76,1018.99,42.87,0,normal
2026-07-01T17:44:00+00:00,33.73,1018.93,42.92,0,normal
2026-07-01T17:45:00+00:00,33.8,1019.02,43.15,0,normal
2026-07-01T17:46:00+00:00,33.65,1019.05,43.4,0,normal
2026-07-01T17:47:00+00:00,33.67,1019.09,43.54,0,normal
2026-07-01T17:48:00+00:00,33.62,1019.06,43.23,0,normal
2026-07-01T17:49:00+00:00,33.61,1019.07,43.43,0,normal
2026-07-01T17:50:00+00:00,33.46,1019.1,43.92,0,normal
2026-07-01T17:51:00+00:00,33.43,1019.1,44.04,0,normal
2026-07-01T17:52:00+00:00,33.56,1019.05,44.14,0,normal
2026-07-01T17:53:00+00:00,33.45,1019.02,44.18,0,normal
2026-07-01T17:54:00+00:00,33.52,1019.12,44.33,0,normal
2026-07-01T17:55:00+00:00,33.45,1019.24,44.3,0,normal
2026-07-01T17:56:00+00:00,33.36,1019.14,44.63,0,normal
2026-07-01T17:57:00+00:00,33.4,1019.26,44.4,0,normal
2026-07-01T17:58:00+00:00,33.47,1019.25,44.62,0,normal
2026-07-01T17:59:00+00:00,33.3,1019.32,44.83,0,normal
2026-07-01T18:00:00+00:00,33.26,1019.34,44.73,0,normal
2026-07-01T18:01:00+00:00,33.17,1019.3,44.41,0,normal
2026-07-01T18:02:00+00:00,33.21,1019.35,44.35,0,normal
2026-07-01T18:03:00+00:00,33.2,1019.33,44.5,0,normal
2026-07-01T18:04:00+00:00,33.11,1019.27,44.79,0,normal
2026-07-01T18:05:00+00:00,33.07,1019.36,44.87,0,normal
2026-07-01T18:06:00+00:00,32.96,1019.41,45.06,0,normal
2026-07-01T18:07:00+00:00,32.99,1019.45,45.0,0,normal
2026-07-01T18:08:00+00:00,32.94,1019.42,44.81,0,normal
2026-07-01T18:09:00+00:00,32.89,1019.47,44.94,0,normal
2026-07-01T18:10:00+00:00,32.75,1019.37,45.35,0,normal
2026-07-01T18:11:00+00:00,32.72,1019.33,45.36,0,normal
2026-07-01T18:12:00+00:00,32.58,1019.38,45.35,0,normal
2026-07-01T18:13:00+00:00,32.67,1019.37,45.71,0,normal
2026-07-01T18:14:00+00:00,32.66,1019.4,45.91,0,normal
2026-07-01T18:15:00+00:00,32.69,1019.4,45.92,0,normal
2026-07-01T18:16:00+00:00,32.81,1019.34,45.98,0,normal
2026-07-01T18:17:00+00:00,32.78,1019.34,45.95,0,normal
2026-07-01T18:18:00+00:00,32.77,1019.32,45.7,0,normal
2026-07-01T18:19:00+00:00,32.73,1019.25,45.43,0,normal
2026-07-01T18:20:00+00:00,32.71,1019.26,45.63,0,normal
2026-07-01T18:21:00+00:00,32.72,1019.16,45.45,0,normal
2026-07-01T18:22:00+00:00,32.84,1019.1,45.68,0,normal
2026-07-01T18:23:00+00:00,32.74,1019.1,45.65,0,normal
2026-07-01T18:24:00+00:00,32.74,1019.1,45.66,0,normal
2026-07-01T18:25:00+00:00,32.62,1019.11,45.52,0,normal
2026-07-01T18:26:00+00:00,32.62,1019.24,45.91,0,normal
2026-07-01T18:27:00+00:00,32.63,1019.22,45.63,0,normal
2026-07-01T18:28:00+00:00,32.49,1019.27,45.59,0,normal
2026-07-01T18:29:00+00:00,32.4,1019.25,45.5,0,normal
2026-07-01T18:30:00+00:00,32.27,1019.24,45.46,0,normal
2026-07-01T18:31:00+00:00,32.18,1019.19,45.71,0,normal
2026-07-01T18:32:00+00:00,32.14,1019.17,45.96,0,normal
2026-07-01T18:33:00+00:00,32.1,1019.14,46.18,0,normal
2026-07-01T18:34:00+00:00,32.14,1019.13,46.31,0,normal
2026-07-01T18:35:00+00:00,32.05,1019.08,46.58,0,normal
2026-07-01T18:36:00+00:00,32.06,1019.09,46.74,0,normal
2026-07-01T18:37:00+00:00,32.04,1019.12,47.03,0,normal
2026-07-01T18:38:00+00:00,32.09,1019.11,47.4,0,normal
2026-07-01T18:39:00+00:00,32.08,1019.13,47.54,0,normal
2026-07-01T18:40:00+00:00,32.07,1019.09,47.75,0,normal
2026-07-01T18:41:00+00:00,32.27,1019.06,47.84,0,normal
2026-07-01T18:42:00+00:00,32.19,1019.03,48.22,0,normal
2026-07-01T18:43:00+00:00,32.1,1019.0,47.95,0,normal
2026-07-01T18:44:00+00:00,32.0,1018.91,48.15,0,normal
2026-07-01T18:45:00+00:00,32.19,1018.89,47.88,0,normal
2026-07-01T18:46:00+00:00,32.22,1018.85,48.23,0,normal
2026-07-01T18:47:00+00:00,32.15,1018.83,48.26,0,normal
2026-07-01T18:48:00+00:00,32.17,1018.82,48.24,0,normal
2026-07-01T18:49:00+00:00,32.11,1018.76,48.4,0,normal
2026-07-01T18:50:00+00:00,31.92,1018.74,48.63,0,normal
2026-07-01T18:51:00+00:00,31.91,1018.78,48.68,0,normal
2026-07-01T18:52:00+00:00,31.97,1018.83,48.84,0,normal
2026-07-01T18:53:00+00:00,32.0,1018.86,48.82,0,normal
2026-07-01T18:54:00+00:00,31.85,1018.88,49.0,0,normal
2026-07-01T18:55:00+00:00,31.9,1018.83,48.89,0,normal
2026-07-01T18:56:00+00:00,31.89,1018.83,48.59,0,normal
2026-07-01T18:57:00+00:00,31.88,1018.74,48.5,0,normal
2026-07-01T18:58:00+00:00,31.94,1018.83,48.36,0,normal
2026-07-01T18:59:00+00:00,36.07,1018.83,74.83,1,multivariate_inconsistency
2026-07-01T19:00:00+00:00,35.98,1018.8,75.24,1,multivariate_inconsistency
2026-07-01T19:01:00+00:00,35.91,1018.84,75.03,1,multivariate_inconsistency
2026-07-01T19:02:00+00:00,35.85,1018.75,74.91,1,multivariate_inconsistency
2026-07-01T19:03:00+00:00,35.88,1018.75,74.96,1,multivariate_inconsistency
2026-07-01T19:04:00+00:00,35.78,1018.74,75.13,1,multivariate_inconsistency
2026-07-01T19:05:00+00:00,35.82,1018.61,75.07,1,multivariate_inconsistency
2026-07-01T19:06:00+00:00,35.79,1018.61,75.26,1,multivariate_inconsistency
2026-07-01T19:07:00+00:00,35.77,1018.6,75.26,1,multivariate_inconsistency
2026-07-01T19:08:00+00:00,35.71,1018.66,75.23,1,multivariate_inconsistency
2026-07-01T19:09:00+00:00,31.46,1018.67,49.66,0,normal
2026-07-01T19:10:00+00:00,31.4,1018.72,50.01,0,normal
2026-07-01T19:11:00+00:00,31.35,1018.71,50.03,0,normal
2026-07-01T19:12:00+00:00,31.29,1018.75,50.17,0,normal
2026-07-01T19:13:00+00:00,31.28,1018.69,50.07,0,normal
2026-07-01T19:14:00+00:00,31.41,1018.68,50.01,0,normal
2026-07-01T19:15:00+00:00,31.48,1018.69,50.23,0,normal
2026-07-01T19:16:00+00:00,31.42,1018.67,50.3,0,normal
2026-07-01T19:17:00+00:00,31.26,1018.66,50.46,0,normal
2026-07-01T19:18:00+00:00,31.37,1018.66,50.09,0,normal
2026-07-01T19:19:00+00:00,31.31,1018.8,50.38,0,normal
2026-07-01T19:20:00+00:00,31.2,1018.82,50.35,0,normal
2026-07-01T19:21:00+00:00,31.05,1018.79,50.48,0,normal
2026-07-01T19:22:00+00:00,30.86,1018.72,50.6,0,normal
2026-07-01T19:23:00+00:00,30.8,1018.73,50.47,0,normal
2026-07-01T19:24:00+00:00,30.83,1018.66,50.92,0,normal
2026-07-01T19:25:00+00:00,30.66,1018.6,51.11,0,normal
2026-07-01T19:26:00+00:00,30.77,1018.61,51.33,0,normal
2026-07-01T19:27:00+00:00,30.75,1018.55,51.33,0,normal
2026-07-01T19:28:00+00:00,30.62,1018.48,51.51,0,normal
2026-07-01T19:29:00+00:00,30.5,1018.5,51.34,0,normal
2026-07-01T19:30:00+00:00,30.51,1018.47,51.73,0,normal
2026-07-01T19:31:00+00:00,30.51,1018.53,51.67,0,normal
2026-07-01T19:32:00+00:00,30.49,1018.48,51.69,0,normal
2026-07-01T19:33:00+00:00,30.44,1018.44,51.55,0,normal
2026-07-01T19:34:00+00:00,30.31,1018.32,51.46,0,normal
2026-07-01T19:35:00+00:00,30.34,1018.25,51.31,0,normal
2026-07-01T19:36:00+00:00,30.46,1018.22,51.51,0,normal
2026-07-01T19:37:00+00:00,30.48,1018.26,51.34,0,normal
2026-07-01T19:38:00+00:00,30.43,1018.18,51.98,0,normal
2026-07-01T19:39:00+00:00,30.27,1018.14,51.89,0,normal
2026-07-01T19:40:00+00:00,30.13,1018.22,52.5,0,normal
2026-07-01T19:41:00+00:00,30.07,1018.16,52.15,0,normal
2026-07-01T19:42:00+00:00,30.04,1018.15,52.15,0,normal
2026-07-01T19:43:00+00:00,30.04,1018.17,52.34,0,normal
2026-07-01T19:44:00+00:00,30.0,1018.12,52.6,0,normal
2026-07-01T19:45:00+00:00,29.98,1018.17,52.87,0,normal
2026-07-01T19:46:00+00:00,29.85,1018.11,52.82,0,normal
2026-07-01T19:47:00+00:00,29.75,1018.15,53.01,0,normal
2026-07-01T19:48:00+00:00,29.83,1018.17,53.16,0,normal
2026-07-01T19:49:00+00:00,29.91,1018.2,53.28,0,normal
2026-07-01T19:50:00+00:00,30.01,1018.2,53.32,0,normal
2026-07-01T19:51:00+00:00,29.91,1018.24,53.68,0,normal
2026-07-01T19:52:00+00:00,29.88,1018.3,53.38,0,normal
2026-07-01T19:53:00+00:00,29.86,1018.29,53.34,0,normal
2026-07-01T19:54:00+00:00,30.02,1018.28,53.38,0,normal
2026-07-01T19:55:00+00:00,29.99,1018.17,53.35,0,normal
2026-07-01T19:56:00+00:00,30.04,1018.13,53.32,0,normal
2026-07-01T19:57:00+00:00,30.1,1018.2,53.56,0,normal
2026-07-01T19:58:00+00:00,30.03,1018.18,53.52,0,normal
2026-07-01T19:59:00+00:00,29.91,1018.12,53.53,0,normal
2026-07-01T20:00:00+00:00,29.79,1018.04,53.72,0,normal
2026-07-01T20:01:00+00:00,29.78,1018.12,53.72,0,normal
2026-07-01T20:02:00+00:00,29.77,1018.13,53.8,0,normal
2026-07-01T20:03:00+00:00,29.79,1018.16,54.01,0,normal
2026-07-01T20:04:00+00:00,29.74,1018.13,53.87,0,normal
2026-07-01T20:05:00+00:00,29.64,1018.09,53.79,0,normal
2026-07-01T20:06:00+00:00,29.64,1018.14,53.76,0,normal
2026-07-01T20:07:00+00:00,29.63,1018.08,53.86,0,normal
2026-07-01T20:08:00+00:00,29.54,1018.1,53.88,0,normal
2026-07-01T20:09:00+00:00,29.6,1018.08,53.92,0,normal
2026-07-01T20:10:00+00:00,29.46,1018.08,54.26,0,normal
2026-07-01T20:11:00+00:00,29.45,1018.18,54.7,0,normal
2026-07-01T20:12:00+00:00,29.4,1018.15,54.93,0,normal
2026-07-01T20:13:00+00:00,29.3,1018.19,55.14,0,normal
2026-07-01T20:14:00+00:00,29.3,1018.21,55.6,0,normal
2026-07-01T20:15:00+00:00,29.28,1018.18,56.01,0,normal
2026-07-01T20:16:00+00:00,29.33,1018.14,56.1,0,normal
2026-07-01T20:17:00+00:00,29.32,1018.14,55.92,0,normal
2026-07-01T20:18:00+00:00,29.16,1018.08,55.83,0,normal
2026-07-01T20:19:00+00:00,29.08,1018.09,55.91,0,normal
2026-07-01T20:20:00+00:00,29.07,1018.01,55.93,0,normal
2026-07-01T20:21:00+00:00,29.1,1018.02,55.9,0,normal
2026-07-01T20:22:00+00:00,29.08,1018.12,56.02,0,normal
2026-07-01T20:23:00+00:00,29.0,1018.08,56.16,0,normal
2026-07-01T20:24:00+00:00,28.96,1018.06,56.0,0,normal
2026-07-01T20:25:00+00:00,28.86,1018.03,56.1,0,normal
2026-07-01T20:26:00+00:00,28.79,1018.0,56.24,0,normal
2026-07-01T20:27:00+00:00,28.84,1017.97,56.45,0,normal
2026-07-01T20:28:00+00:00,28.78,1017.98,56.65,0,normal
2026-07-01T20:29:00+00:00,28.82,1018.0,56.89,0,normal
2026-07-01T20:30:00+00:00,28.79,1017.98,57.21,0,normal
2026-07-01T20:31:00+00:00,28.71,1017.93,57.35,0,normal
2026-07-01T20:32:00+00:00,28.72,1017.87,57.43,0,normal
2026-07-01T20:33:00+00:00,28.69,1017.74,57.48,0,normal
2026-07-01T20:34:00+00:00,28.65,1017.71,57.87,0,normal
2026-07-01T20:35:00+00:00,28.53,1017.66,57.43,0,normal
2026-07-01T20:36:00+00:00,28.47,1017.63,57.44,0,normal
2026-07-01T20:37:00+00:00,28.54,1017.66,57.57,0,normal
2026-07-01T20:38:00+00:00,28.49,1017.7,57.69,0,normal
2026-07-01T20:39:00+00:00,28.4,1017.59,57.71,0,normal
2026-07-01T20:40:00+00:00,28.44,1017.7,57.84,0,normal
2026-07-01T20:41:00+00:00,28.36,1017.62,58.07,0,normal
2026-07-01T20:42:00+00:00,28.2,1017.63,58.34,0,normal
2026-07-01T20:43:00+00:00,28.22,1017.6,58.55,0,normal
2026-07-01T20:44:00+00:00,28.21,1017.55,59.02,0,normal
2026-07-01T20:45:00+00:00,28.17,1017.57,58.61,0,normal
2026-07-01T20:46:00+00:00,28.25,1017.63,58.71,0,normal
2026-07-01T20:47:00+00:00,28.28,1017.64,58.69,0,normal
2026-07-01T20:48:00+00:00,28.3,1017.57,58.67,0,normal
2026-07-01T20:49:00+00:00,28.36,1017.6,58.64,0,normal
2026-07-01T20:50:00+00:00,28.27,1017.55,58.9,0,normal
2026-07-01T20:51:00+00:00,28.16,1017.55,59.16,0,normal
2026-07-01T20:52:00+00:00,28.13,1017.58,59.2,0,normal
2026-07-01T20:53:00+00:00,28.08,1017.5,59.51,0,normal
2026-07-01T20:54:00+00:00,28.0,1017.5,59.59,0,normal
2026-07-01T20:55:00+00:00,27.89,1017.45,59.96,0,normal
2026-07-01T20:56:00+00:00,27.89,1017.38,60.1,0,normal
2026-07-01T20:57:00+00:00,27.86,1017.54,60.23,0,normal
2026-07-01T20:58:00+00:00,27.81,1017.58,59.94,0,normal
2026-07-01T20:59:00+00:00,27.8,1017.65,60.01,0,normal
2026-07-01T21:00:00+00:00,27.64,1017.6,60.39,0,normal
2026-07-01T21:01:00+00:00,27.66,1017.52,60.34,0,normal
2026-07-01T21:02:00+00:00,27.6,1017.51,60.69,0,normal
2026-07-01T21:03:00+00:00,27.67,1017.51,60.5,0,normal
2026-07-01T21:04:00+00:00,27.55,1017.5,60.32,0,normal
2026-07-01T21:05:00+00:00,27.52,1017.49,60.2,0,normal
2026-07-01T21:06:00+00:00,27.42,1017.45,60.41,0,normal
2026-07-01T21:07:00+00:00,27.5,1017.45,60.53,0,normal
2026-07-01T21:08:00+00:00,27.42,1017.37,60.54,0,normal
2026-07-01T21:09:00+00:00,27.44,1017.36,60.23,0,normal
2026-07-01T21:10:00+00:00,27.36,1017.39,60.37,0,normal
2026-07-01T21:11:00+00:00,27.24,1017.48,60.49,0,normal
2026-07-01T21:12:00+00:00,27.26,1017.46,60.55,0,normal
2026-07-01T21:13:00+00:00,27.19,1017.53,60.88,0,normal
2026-07-01T21:14:00+00:00,27.25,1017.52,60.79,0,normal
2026-07-01T21:15:00+00:00,27.34,1017.43,60.97,0,normal
2026-07-01T21:16:00+00:00,27.19,1017.29,61.16,0,normal
2026-07-01T21:17:00+00:00,27.11,1017.16,61.38,0,normal
2026-07-01T21:18:00+00:00,27.27,1017.21,61.44,0,normal
2026-07-01T21:19:00+00:00,27.25,1017.22,61.77,0,normal
2026-07-01T21:20:00+00:00,27.2,1017.19,61.93,0,normal
2026-07-01T21:21:00+00:00,27.23,1017.16,62.0,0,normal
2026-07-01T21:22:00+00:00,27.31,1017.19,62.19,0,normal
2026-07-01T21:23:00+00:00,27.42,1017.14,62.61,0,normal
2026-07-01T21:24:00+00:00,27.43,1017.27,62.44,0,normal
2026-07-01T21:25:00+00:00,27.34,1017.25,62.61,0,normal
2026-07-01T21:26:00+00:00,27.46,1017.18,62.88,0,normal
2026-07-01T21:27:00+00:00,27.52,1017.18,62.76,0,normal
2026-07-01T21:28:00+00:00,27.58,1017.21,62.96,0,normal
2026-07-01T21:29:00+00:00,27.55,1017.18,63.03,0,normal
2026-07-01T21:30:00+00:00,27.55,1017.14,62.94,0,normal
2026-07-01T21:31:00+00:00,27.42,1017.07,63.07,0,normal
2026-07-01T21:32:00+00:00,27.37,1017.04,63.26,0,normal
2026-07-01T21:33:00+00:00,27.27,1017.08,63.29,0,normal
2026-07-01T21:34:00+00:00,27.2,1017.07,63.0,0,normal
2026-07-01T21:35:00+00:00,27.1,1017.08,62.76,0,normal
2026-07-01T21:36:00+00:00,27.15,1017.12,62.81,0,normal
2026-07-01T21:37:00+00:00,27.13,1017.13,62.84,0,normal
2026-07-01T21:38:00+00:00,27.16,1017.06,62.87,0,normal
2026-07-01T21:39:00+00:00,27.06,1017.03,63.23,0,normal
2026-07-01T21:40:00+00:00,27.0,1037.98,63.12,1,pressure_spike
2026-07-01T21:41:00+00:00,27.0,1044.27,63.4,1,pressure_spike
2026-07-01T21:42:00+00:00,26.88,1051.38,63.01,1,pressure_spike
2026-07-01T21:43:00+00:00,26.82,1038.58,63.0,1,pressure_spike
2026-07-01T21:44:00+00:00,26.82,991.0,62.83,1,pressure_spike
2026-07-01T21:45:00+00:00,26.79,1049.24,62.93,1,pressure_spike
2026-07-01T21:46:00+00:00,26.74,1045.54,63.31,1,pressure_spike
2026-07-01T21:47:00+00:00,26.71,992.1,63.5,1,pressure_spike
2026-07-01T21:48:00+00:00,26.49,1048.72,63.65,1,pressure_spike
2026-07-01T21:49:00+00:00,26.48,1016.73,63.77,0,normal
2026-07-01T21:50:00+00:00,26.51,1016.67,63.71,0,normal
2026-07-01T21:51:00+00:00,26.72,1016.6,63.87,0,normal
2026-07-01T21:52:00+00:00,26.57,1016.58,63.81,0,normal
2026-07-01T21:53:00+00:00,26.5,1016.6,64.05,0,normal
2026-07-01T21:54:00+00:00,26.51,1016.48,64.55,0,normal
2026-07-01T21:55:00+00:00,26.39,1016.53,64.87,0,normal
2026-07-01T21:56:00+00:00,26.4,1016.46,65.0,0,normal
2026-07-01T21:57:00+00:00,26.34,1016.43,65.05,0,normal
2026-07-01T21:58:00+00:00,26.15,1016.46,65.13,0,normal
2026-07-01T21:59:00+00:00,26.09,1016.41,65.31,0,normal
2026-07-01T22:00:00+00:00,26.0,1016.27,65.48,0,normal
2026-07-01T22:01:00+00:00,26.03,1016.24,65.35,0,normal
2026-07-01T22:02:00+00:00,26.02,1016.14,65.24,0,normal
2026-07-01T22:03:00+00:00,25.94,1016.17,65.28,0,normal
2026-07-01T22:04:00+00:00,25.89,1016.25,65.47,0,normal
2026-07-01T22:05:00+00:00,25.9,1016.21,65.46,0,normal
2026-07-01T22:06:00+00:00,25.71,1016.23,65.66,0,normal
2026-07-01T22:07:00+00:00,25.69,1016.2,65.92,0,normal
2026-07-01T22:08:00+00:00,25.55,1016.15,65.79,0,normal
2026-07-01T22:09:00+00:00,25.69,1016.17,65.46,0,normal
2026-07-01T22:10:00+00:00,25.56,1016.14,65.49,0,normal
2026-07-01T22:11:00+00:00,25.45,1016.22,65.69,0,normal
2026-07-01T22:12:00+00:00,25.49,1016.15,65.96,0,normal
2026-07-01T22:13:00+00:00,25.45,1016.11,66.2,0,normal
2026-07-01T22:14:00+00:00,25.32,1016.17,66.35,0,normal
2026-07-01T22:15:00+00:00,25.42,1016.09,66.27,0,normal
2026-07-01T22:16:00+00:00,25.32,1016.08,66.4,0,normal
2026-07-01T22:17:00+00:00,25.28,1016.0,66.25,0,normal
2026-07-01T22:18:00+00:00,25.28,1015.96,66.24,0,normal
2026-07-01T22:19:00+00:00,25.4,1015.93,66.62,0,normal
2026-07-01T22:20:00+00:00,25.35,1015.92,66.72,0,normal
2026-07-01T22:21:00+00:00,25.21,1015.97,66.81,0,normal
2026-07-01T22:22:00+00:00,25.26,1015.91,66.89,0,normal
2026-07-01T22:23:00+00:00,25.19,1015.95,67.06,0,normal
2026-07-01T22:24:00+00:00,25.21,1016.0,67.4,0,normal
2026-07-01T22:25:00+00:00,25.27,1015.9,67.35,0,normal
2026-07-01T22:26:00+00:00,25.18,1015.91,67.49,0,normal
2026-07-01T22:27:00+00:00,25.06,1015.88,67.29,0,normal
2026-07-01T22:28:00+00:00,25.05,1015.77,67.5,0,normal
2026-07-01T22:29:00+00:00,25.08,1015.85,67.78,0,normal
2026-07-01T22:30:00+00:00,25.04,1015.87,67.59,0,normal
2026-07-01T22:31:00+00:00,24.96,1015.86,67.27,0,normal
2026-07-01T22:32:00+00:00,24.95,1015.78,67.42,0,normal
2026-07-01T22:33:00+00:00,24.86,1015.78,67.55,0,normal
2026-07-01T22:34:00+00:00,24.98,1015.76,67.51,0,normal
2026-07-01T22:35:00+00:00,24.95,1015.67,67.72,0,normal
2026-07-01T22:36:00+00:00,24.99,1015.77,67.72,0,normal
2026-07-01T22:37:00+00:00,24.96,1015.72,67.88,0,normal
2026-07-01T22:38:00+00:00,24.98,1015.69,68.22,0,normal
2026-07-01T22:39:00+00:00,24.92,1015.72,68.44,0,normal
2026-07-01T22:40:00+00:00,24.91,1015.68,69.02,0,normal
2026-07-01T22:41:00+00:00,24.83,1015.67,68.95,0,normal
2026-07-01T22:42:00+00:00,24.97,1015.69,68.89,0,normal
2026-07-01T22:43:00+00:00,24.99,1015.68,68.88,0,normal
2026-07-01T22:44:00+00:00,25.03,1015.67,69.01,0,normal
2026-07-01T22:45:00+00:00,25.01,1015.67,69.15,0,normal
2026-07-01T22:46:00+00:00,24.99,1015.61,69.58,0,normal
2026-07-01T22:47:00+00:00,24.89,1015.6,69.58,0,normal
2026-07-01T22:48:00+00:00,25.01,1015.53,69.51,0,normal
2026-07-01T22:49:00+00:00,24.91,1015.53,69.31,0,normal
2026-07-01T22:50:00+00:00,24.85,1015.4,69.45,0,normal
2026-07-01T22:51:00+00:00,24.79,1015.31,69.76,0,normal
2026-07-01T22:52:00+00:00,24.67,1015.34,69.7,0,normal
2026-07-01T22:53:00+00:00,24.78,1015.36,69.58,0,normal
2026-07-01T22:54:00+00:00,24.69,1015.37,69.62,0,normal
2026-07-01T22:55:00+00:00,24.66,1015.42,69.57,0,normal
2026-07-01T22:56:00+00:00,24.65,1015.45,69.83,0,normal
2026-07-01T22:57:00+00:00,24.62,1015.41,69.58,0,normal
2026-07-01T22:58:00+00:00,24.52,1015.4,69.66,0,normal
2026-07-01T22:59:00+00:00,24.52,1015.43,69.53,0,normal
2026-07-01T23:00:00+00:00,24.48,1015.42,69.51,0,normal
2026-07-01T23:01:00+00:00,24.59,1015.44,69.69,0,normal
2026-07-01T23:02:00+00:00,24.71,1015.34,69.8,0,normal
2026-07-01T23:03:00+00:00,24.71,1015.27,69.98,0,normal
2026-07-01T23:04:00+00:00,24.6,1015.29,70.3,0,normal
2026-07-01T23:05:00+00:00,24.6,1015.18,70.21,0,normal
2026-07-01T23:06:00+00:00,24.62,1015.16,69.77,0,normal
2026-07-01T23:07:00+00:00,24.69,1015.15,69.74,0,normal
2026-07-01T23:08:00+00:00,24.74,1015.11,69.74,0,normal
2026-07-01T23:09:00+00:00,24.74,1015.18,70.2,0,normal
2026-07-01T23:10:00+00:00,24.73,1015.19,70.48,0,normal
2026-07-01T23:11:00+00:00,24.59,1015.2,70.44,0,normal
2026-07-01T23:12:00+00:00,24.59,1015.17,70.65,0,normal
2026-07-01T23:13:00+00:00,24.57,1015.0,70.8,0,normal
2026-07-01T23:14:00+00:00,24.59,1015.01,70.88,0,normal
2026-07-01T23:15:00+00:00,24.69,1015.01,71.07,0,normal
2026-07-01T23:16:00+00:00,24.73,1015.02,70.98,0,normal
2026-07-01T23:17:00+00:00,24.49,1014.98,71.24,0,normal
2026-07-01T23:18:00+00:00,24.44,1015.01,71.36,0,normal
2026-07-01T23:19:00+00:00,24.51,1014.98,71.55,0,normal
2026-07-01T23:20:00+00:00,24.52,1015.05,71.29,0,normal
2026-07-01T23:21:00+00:00,24.44,1015.07,71.7,0,normal
2026-07-01T23:22:00+00:00,24.43,1015.04,71.94,0,normal
2026-07-01T23:23:00+00:00,24.47,1015.0,72.08,0,normal
2026-07-01T23:24:00+00:00,24.52,1015.08,72.3,0,normal
2026-07-01T23:25:00+00:00,24.49,1015.06,72.47,0,normal
2026-07-01T23:26:00+00:00,24.44,1015.05,72.32,0,normal
2026-07-01T23:27:00+00:00,24.51,1014.97,72.3,0,normal
2026-07-01T23:28:00+00:00,24.47,1015.06,72.29,0,normal
2026-07-01T23:29:00+00:00,24.38,1015.01,72.7,0,normal
2026-07-01T23:30:00+00:00,24.12,1014.94,73.3,0,normal
2026-07-01T23:31:00+00:00,24.14,1014.87,73.33,0,normal
2026-07-01T23:32:00+00:00,24.12,1014.9,73.73,0,normal
2026-07-01T23:33:00+00:00,24.12,1014.86,73.9,0,normal
2026-07-01T23:34:00+00:00,24.03,1014.79,73.56,0,normal
2026-07-01T23:35:00+00:00,23.88,1014.74,73.36,0,normal
2026-07-01T23:36:00+00:00,23.89,1014.67,72.77,0,normal
2026-07-01T23:37:00+00:00,23.79,1014.64,72.73,0,normal
2026-07-01T23:38:00+00:00,23.89,1014.61,72.99,0,normal
2026-07-01T23:39:00+00:00,23.87,1014.6,72.89,0,normal
2026-07-01T23:40:00+00:00,23.84,1014.56,73.0,0,normal
2026-07-01T23:41:00+00:00,23.8,1014.51,73.28,0,normal
2026-07-01T23:42:00+00:00,23.82,1014.49,73.37,0,normal
2026-07-01T23:43:00+00:00,23.79,1014.45,73.45,0,normal
2026-07-01T23:44:00+00:00,23.72,1014.41,73.19,0,normal
2026-07-01T23:45:00+00:00,23.67,1014.44,73.13,0,normal
2026-07-01T23:46:00+00:00,23.86,1014.49,73.47,0,normal
2026-07-01T23:47:00+00:00,23.89,1014.58,73.39,0,normal
2026-07-01T23:48:00+00:00,23.66,1014.55,73.58,0,normal
2026-07-01T23:49:00+00:00,23.65,1014.56,73.91,0,normal
2026-07-01T23:50:00+00:00,23.66,1014.6,73.78,0,normal
2026-07-01T23:51:00+00:00,23.55,1014.67,73.87,0,normal
2026-07-01T23:52:00+00:00,23.49,1014.63,73.8,0,normal
2026-07-01T23:53:00+00:00,23.42,1014.56,73.57,0,normal
2026-07-01T23:54:00+00:00,23.39,1014.53,73.88,0,normal
2026-07-01T23:55:00+00:00,23.4,1014.53,73.8,0,normal
2026-07-01T23:56:00+00:00,23.38,1014.55,74.02,0,normal
2026-07-01T23:57:00+00:00,23.36,1014.6,74.09,0,normal
2026-07-01T23:58:00+00:00,23.41,1014.56,73.8,0,normal
2026-07-01T23:59:00+00:00,23.42,1014.59,74.0,0,normal
2026-07-02T00:00:00+00:00,23.43,1014.57,73.92,0,normal
2026-07-02T00:01:00+00:00,23.46,1014.58,73.89,0,normal
2026-07-02T00:02:00+00:00,23.53,1014.53,73.86,0,normal
2026-07-02T00:03:00+00:00,23.64,1014.57,73.89,0,normal
2026-07-02T00:04:00+00:00,23.63,1014.57,73.43,0,normal
2026-07-02T00:05:00+00:00,23.52,1014.56,73.48,0,normal
2026-07-02T00:06:00+00:00,23.52,1014.6,73.54,0,normal
2026-07-02T00:07:00+00:00,23.41,1014.61,73.59,0,normal
2026-07-02T00:08:00+00:00,23.37,1014.58,74.16,0,normal
2026-07-02T00:09:00+00:00,23.17,1014.55,74.25,0,normal
2026-07-02T00:10:00+00:00,23.1,1014.59,74.51,0,normal
2026-07-02T00:11:00+00:00,23.08,1014.57,74.56,0,normal
2026-07-02T00:12:00+00:00,23.07,1014.55,74.61,0,normal
2026-07-02T00:13:00+00:00,23.08,1014.58,74.44,0,normal
2026-07-02T00:14:00+00:00,22.98,1014.48,74.71,0,normal
2026-07-02T00:15:00+00:00,23.0,1014.5,74.5,0,normal
2026-07-02T00:16:00+00:00,23.13,1014.47,74.63,0,normal
2026-07-02T00:17:00+00:00,23.18,1014.41,74.61,0,normal
2026-07-02T00:18:00+00:00,23.18,1014.55,74.76,0,normal
2026-07-02T00:19:00+00:00,23.29,1014.6,74.92,0,normal
2026-07-02T00:20:00+00:00,23.18,1014.64,74.7,0,normal
2026-07-02T00:21:00+00:00,23.29,1014.64,74.27,0,normal
2026-07-02T00:22:00+00:00,23.24,1014.66,74.34,0,normal
2026-07-02T00:23:00+00:00,23.27,1014.6,74.19,0,normal
2026-07-02T00:24:00+00:00,23.24,1014.59,74.25,0,normal
2026-07-02T00:25:00+00:00,23.31,1014.53,74.44,0,normal
2026-07-02T00:26:00+00:00,23.28,1014.44,74.29,0,normal
2026-07-02T00:27:00+00:00,23.25,1014.54,74.53,0,normal
2026-07-02T00:28:00+00:00,23.09,1014.37,74.8,0,normal
2026-07-02T00:29:00+00:00,23.06,1014.43,74.73,0,normal
2026-07-02T00:30:00+00:00,23.07,1014.47,74.75,0,normal
2026-07-02T00:31:00+00:00,23.01,1014.46,74.97,0,normal
2026-07-02T00:32:00+00:00,22.99,1014.5,74.98,0,normal
2026-07-02T00:33:00+00:00,22.86,1014.59,74.97,0,normal
2026-07-02T00:34:00+00:00,22.81,1014.58,75.09,0,normal
2026-07-02T00:35:00+00:00,22.76,1014.56,75.19,0,normal
2026-07-02T00:36:00+00:00,22.77,1014.44,75.66,0,normal
2026-07-02T00:37:00+00:00,22.75,1014.46,75.47,0,normal
2026-07-02T00:38:00+00:00,22.7,1014.42,75.85,0,normal
2026-07-02T00:39:00+00:00,22.64,1014.45,75.8,0,normal
2026-07-02T00:40:00+00:00,22.6,1014.44,76.13,0,normal
2026-07-02T00:41:00+00:00,22.44,1014.36,75.8,0,normal
2026-07-02T00:42:00+00:00,22.36,1014.32,75.56,0,normal
2026-07-02T00:43:00+00:00,22.31,1014.22,75.45,0,normal
2026-07-02T00:44:00+00:00,22.41,1014.25,75.59,0,normal
2026-07-02T00:45:00+00:00,22.33,1014.18,75.46,0,normal
2026-07-02T00:46:00+00:00,22.34,1014.23,75.75,0,normal
2026-07-02T00:47:00+00:00,22.39,1014.2,75.85,0,normal
2026-07-02T00:48:00+00:00,22.37,1014.19,76.34,0,normal
2026-07-02T00:49:00+00:00,22.23,1014.19,76.65,0,normal
2026-07-02T00:50:00+00:00,22.12,1014.17,76.6,0,normal
2026-07-02T00:51:00+00:00,22.12,1014.09,76.78,0,normal
2026-07-02T00:52:00+00:00,22.19,1014.13,76.65,0,normal
2026-07-02T00:53:00+00:00,22.2,1014.1,76.64,0,normal
2026-07-02T00:54:00+00:00,22.38,1014.12,76.47,0,normal
2026-07-02T00:55:00+00:00,22.4,1014.06,76.3,0,normal
2026-07-02T00:56:00+00:00,22.31,1014.05,76.57,0,normal
2026-07-02T00:57:00+00:00,22.36,1014.1,76.41,0,normal
2026-07-02T00:58:00+00:00,22.31,1014.12,76.37,0,normal
2026-07-02T00:59:00+00:00,22.29,1014.16,76.38,0,normal
2026-07-02T01:00:00+00:00,22.31,1014.25,76.43,0,normal
2026-07-02T01:01:00+00:00,22.4,1014.28,76.21,0,normal
2026-07-02T01:02:00+00:00,22.31,1014.24,76.14,0,normal
2026-07-02T01:03:00+00:00,22.3,1014.28,76.49,0,normal
2026-07-02T01:04:00+00:00,22.32,1014.27,76.15,0,normal
2026-07-02T01:05:00+00:00,22.33,1014.27,76.29,0,normal
2026-07-02T01:06:00+00:00,22.49,1014.34,76.54,0,normal
2026-07-02T01:07:00+00:00,22.4,1014.32,76.61,0,normal
2026-07-02T01:08:00+00:00,22.33,1014.35,76.76,0,normal
2026-07-02T01:09:00+00:00,22.24,1014.41,76.86,0,normal
2026-07-02T01:10:00+00:00,22.1,1014.41,76.98,0,normal
2026-07-02T01:11:00+00:00,22.19,1014.39,77.22,0,normal
2026-07-02T01:12:00+00:00,22.2,1014.33,76.99,0,normal
2026-07-02T01:13:00+00:00,22.29,1014.39,77.12,0,normal
2026-07-02T01:14:00+00:00,22.41,1014.45,77.33,0,normal
2026-07-02T01:15:00+00:00,22.32,1014.53,77.49,0,normal
2026-07-02T01:16:00+00:00,22.28,1014.49,77.59,0,normal
2026-07-02T01:17:00+00:00,22.14,1014.53,77.44,0,normal
2026-07-02T01:18:00+00:00,22.17,1014.5,77.44,0,normal
2026-07-02T01:19:00+00:00,22.11,1014.49,77.87,0,normal
2026-07-02T01:20:00+00:00,22.23,1014.5,77.9,0,normal
2026-07-02T01:21:00+00:00,22.29,1014.56,77.77,0,normal
2026-07-02T01:22:00+00:00,22.27,1014.46,78.03,0,normal
2026-07-02T01:23:00+00:00,22.43,1014.47,77.63,0,normal
2026-07-02T01:24:00+00:00,22.47,1014.42,77.55,0,normal
2026-07-02T01:25:00+00:00,22.5,1014.44,77.51,0,normal
2026-07-02T01:26:00+00:00,22.43,1014.45,77.48,0,normal
2026-07-02T01:27:00+00:00,22.32,1014.43,77.61,0,normal
2026-07-02T01:28:00+00:00,22.3,1014.36,77.86,0,normal
2026-07-02T01:29:00+00:00,22.07,1014.35,77.78,0,normal
2026-07-02T01:30:00+00:00,22.08,1014.39,78.05,0,normal
2026-07-02T01:31:00+00:00,22.02,1014.42,78.13,0,normal
2026-07-02T01:32:00+00:00,21.89,1014.52,77.87,0,normal
2026-07-02T01:33:00+00:00,21.93,1014.54,77.97,0,normal
2026-07-02T01:34:00+00:00,21.9,1014.58,77.7,0,normal
2026-07-02T01:35:00+00:00,21.9,1014.55,77.62,0,normal
2026-07-02T01:36:00+00:00,21.94,1014.61,77.61,0,normal
2026-07-02T01:37:00+00:00,22.01,1014.61,77.5,0,normal
2026-07-02T01:38:00+00:00,21.99,1014.59,77.43,0,normal
2026-07-02T01:39:00+00:00,22.03,1014.6,77.18,0,normal
2026-07-02T01:40:00+00:00,21.9,1014.62,77.1,0,normal
2026-07-02T01:41:00+00:00,21.93,1014.66,76.94,0,normal
2026-07-02T01:42:00+00:00,21.82,1014.74,77.11,0,normal
2026-07-02T01:43:00+00:00,21.8,1014.69,77.09,0,normal
2026-07-02T01:44:00+00:00,21.71,1014.73,77.03,0,normal
2026-07-02T01:45:00+00:00,21.82,1014.7,76.92,0,normal
2026-07-02T01:46:00+00:00,21.79,1014.57,77.0,0,normal
2026-07-02T01:47:00+00:00,21.79,1014.61,76.72,0,normal
2026-07-02T01:48:00+00:00,21.89,1014.66,77.08,0,normal
2026-07-02T01:49:00+00:00,21.89,1014.71,76.88,1,frozen_sensor
2026-07-02T01:50:00+00:00,21.89,1014.67,76.66,1,frozen_sensor
2026-07-02T01:51:00+00:00,21.89,1014.67,76.61,1,frozen_sensor
2026-07-02T01:52:00+00:00,21.89,1014.58,76.31,1,frozen_sensor
2026-07-02T01:53:00+00:00,21.89,1014.63,76.23,1,frozen_sensor
2026-07-02T01:54:00+00:00,21.89,1014.68,76.46,1,frozen_sensor
2026-07-02T01:55:00+00:00,21.89,1014.74,76.44,1,frozen_sensor
2026-07-02T01:56:00+00:00,21.89,1014.74,76.51,1,frozen_sensor
2026-07-02T01:57:00+00:00,21.89,1014.74,76.65,1,frozen_sensor
2026-07-02T01:58:00+00:00,21.89,1014.78,76.57,1,frozen_sensor
2026-07-02T01:59:00+00:00,21.89,1014.76,76.77,1,frozen_sensor
2026-07-02T02:00:00+00:00,21.89,1014.81,76.75,1,frozen_sensor
2026-07-02T02:01:00+00:00,21.89,1014.78,76.86,1,frozen_sensor
2026-07-02T02:02:00+00:00,21.89,1014.77,77.21,1,frozen_sensor
2026-07-02T02:03:00+00:00,21.89,1014.79,77.32,1,frozen_sensor
2026-07-02T02:04:00+00:00,21.89,1014.76,77.21,1,frozen_sensor
2026-07-02T02:05:00+00:00,21.89,1014.76,77.26,1,frozen_sensor
2026-07-02T02:06:00+00:00,21.89,1014.83,77.16,1,frozen_sensor
2026-07-02T02:07:00+00:00,21.89,1014.76,77.66,1,frozen_sensor
2026-07-02T02:08:00+00:00,21.89,1014.79,77.47,1,frozen_sensor
2026-07-02T02:09:00+00:00,21.89,1014.81,77.5,1,frozen_sensor
2026-07-02T02:10:00+00:00,21.89,1014.93,77.39,1,frozen_sensor
2026-07-02T02:11:00+00:00,22.02,1014.88,77.8,0,normal
2026-07-02T02:12:00+00:00,22.1,1014.88,77.87,0,normal
2026-07-02T02:13:00+00:00,22.03,1014.92,77.85,0,normal
2026-07-02T02:14:00+00:00,22.0,1014.95,77.88,0,normal
2026-07-02T02:15:00+00:00,21.98,1014.95,78.1,0,normal
2026-07-02T02:16:00+00:00,22.11,1014.98,78.31,0,normal
2026-07-02T02:17:00+00:00,22.09,1014.94,78.48,0,normal
2026-07-02T02:18:00+00:00,22.1,1014.87,78.45,0,normal
2026-07-02T02:19:00+00:00,22.08,1014.85,78.77,0,normal
2026-07-02T02:20:00+00:00,22.12,1014.92,78.84,0,normal
2026-07-02T02:21:00+00:00,22.12,1014.88,78.86,0,normal
2026-07-02T02:22:00+00:00,22.11,1014.81,78.76,0,normal
2026-07-02T02:23:00+00:00,22.08,1014.84,78.87,0,normal
2026-07-02T02:24:00+00:00,22.02,1014.87,78.84,0,normal
2026-07-02T02:25:00+00:00,21.79,1014.86,79.07,0,normal
2026-07-02T02:26:00+00:00,21.67,1014.87,79.39,0,normal
2026-07-02T02:27:00+00:00,21.62,1014.88,79.11,0,normal
2026-07-02T02:28:00+00:00,21.77,1014.88,79.12,0,normal
2026-07-02T02:29:00+00:00,21.89,1014.92,78.94,0,normal
2026-07-02T02:30:00+00:00,21.84,1014.96,78.82,0,normal
2026-07-02T02:31:00+00:00,21.68,1014.96,78.53,0,normal
2026-07-02T02:32:00+00:00,21.82,1014.97,78.38,0,normal
2026-07-02T02:33:00+00:00,21.78,1014.89,78.19,0,normal
2026-07-02T02:34:00+00:00,21.87,1015.01,78.38,0,normal
2026-07-02T02:35:00+00:00,21.87,1014.99,78.22,0,normal
2026-07-02T02:36:00+00:00,22.04,1014.99,78.68,0,normal
2026-07-02T02:37:00+00:00,22.15,1014.91,78.56,0,normal
2026-07-02T02:38:00+00:00,22.09,1014.92,78.57,0,normal
2026-07-02T02:39:00+00:00,22.32,1014.88,78.63,0,normal
2026-07-02T02:40:00+00:00,22.36,1014.89,78.67,0,normal
2026-07-02T02:41:00+00:00,22.26,1014.91,78.79,0,normal
2026-07-02T02:42:00+00:00,22.27,1014.96,79.08,0,normal
2026-07-02T02:43:00+00:00,22.33,1014.97,78.83,0,normal
2026-07-02T02:44:00+00:00,22.27,1014.97,78.89,0,normal
2026-07-02T02:45:00+00:00,22.22,1014.94,78.65,0,normal
2026-07-02T02:46:00+00:00,22.08,1014.94,78.37,0,normal
2026-07-02T02:47:00+00:00,22.0,1014.94,78.13,0,normal
2026-07-02T02:48:00+00:00,22.03,1014.99,78.05,0,normal
2026-07-02T02:49:00+00:00,22.0,1015.04,77.95,0,normal
2026-07-02T02:50:00+00:00,21.94,1015.11,78.17,0,normal
2026-07-02T02:51:00+00:00,21.99,1015.16,77.8,0,normal
2026-07-02T02:52:00+00:00,22.1,1015.19,78.06,0,normal
2026-07-02T02:53:00+00:00,22.13,1015.2,78.04,0,normal
2026-07-02T02:54:00+00:00,22.16,1015.19,78.25,0,normal
2026-07-02T02:55:00+00:00,22.03,1015.17,78.68,0,normal
2026-07-02T02:56:00+00:00,21.98,1015.17,78.5,0,normal
2026-07-02T02:57:00+00:00,22.01,1015.15,78.48,0,normal
2026-07-02T02:58:00+00:00,22.09,1015.12,78.65,0,normal
2026-07-02T02:59:00+00:00,22.15,1015.19,78.67,0,normal
2026-07-02T03:00:00+00:00,22.41,1015.25,78.74,0,normal
2026-07-02T03:01:00+00:00,22.32,1015.26,79.02,0,normal
2026-07-02T03:02:00+00:00,22.45,1015.34,79.15,0,normal
2026-07-02T03:03:00+00:00,22.33,1015.37,78.88,0,normal
2026-07-02T03:04:00+00:00,22.21,1015.39,78.97,0,normal
2026-07-02T03:05:00+00:00,22.27,1015.42,79.05,0,normal
2026-07-02T03:06:00+00:00,22.19,1015.41,78.72,0,normal
2026-07-02T03:07:00+00:00,22.03,1015.46,78.56,0,normal
2026-07-02T03:08:00+00:00,22.1,1015.51,78.43,0,normal
2026-07-02T03:09:00+00:00,22.15,1015.48,78.07,0,normal
2026-07-02T03:10:00+00:00,22.17,1015.46,78.0,0,normal
2026-07-02T03:11:00+00:00,22.32,1015.39,78.09,0,normal
2026-07-02T03:12:00+00:00,22.24,1015.44,78.17,0,normal
2026-07-02T03:13:00+00:00,22.27,1015.4,78.02,0,normal
2026-07-02T03:14:00+00:00,22.34,1015.5,78.14,0,normal
2026-07-02T03:15:00+00:00,22.26,1015.52,78.63,0,normal
2026-07-02T03:16:00+00:00,22.27,1015.6,78.46,0,normal
2026-07-02T03:17:00+00:00,22.26,1015.63,78.53,0,normal
2026-07-02T03:18:00+00:00,22.2,1015.59,78.72,0,normal
2026-07-02T03:19:00+00:00,22.3,1015.67,79.05,0,normal
2026-07-02T03:20:00+00:00,22.31,1015.65,79.28,0,normal
2026-07-02T03:21:00+00:00,22.36,1015.6,79.01,0,normal
2026-07-02T03:22:00+00:00,22.4,1015.6,78.96,0,normal
2026-07-02T03:23:00+00:00,22.48,1015.64,79.19,0,normal
2026-07-02T03:24:00+00:00,22.31,1015.66,79.27,0,normal
2026-07-02T03:25:00+00:00,22.19,1015.63,79.04,0,normal
2026-07-02T03:26:00+00:00,22.2,1015.71,79.39,0,normal
2026-07-02T03:27:00+00:00,22.14,1015.74,79.43,0,normal
2026-07-02T03:28:00+00:00,22.18,1015.76,79.42,0,normal
2026-07-02T03:29:00+00:00,22.32,1015.82,79.13,0,normal
2026-07-02T03:30:00+00:00,22.39,1015.86,79.13,0,normal
2026-07-02T03:31:00+00:00,22.48,1015.87,79.11,0,normal
2026-07-02T03:32:00+00:00,22.48,1015.76,79.03,0,normal
2026-07-02T03:33:00+00:00,22.42,1015.71,79.25,0,normal
2026-07-02T03:34:00+00:00,22.46,1015.71,79.07,0,normal
2026-07-02T03:35:00+00:00,22.48,1015.77,78.83,0,normal
2026-07-02T03:36:00+00:00,22.48,1015.81,78.39,0,normal
2026-07-02T03:37:00+00:00,22.47,1015.79,78.33,0,normal
2026-07-02T03:38:00+00:00,22.43,1015.8,78.68,0,normal
2026-07-02T03:39:00+00:00,22.4,1015.82,79.02,0,normal
2026-07-02T03:40:00+00:00,22.36,1015.92,78.95,0,normal
2026-07-02T03:41:00+00:00,22.51,1015.95,78.94,0,normal
2026-07-02T03:42:00+00:00,22.5,1015.92,78.88,0,normal
2026-07-02T03:43:00+00:00,22.57,1015.92,78.75,0,normal
2026-07-02T03:44:00+00:00,22.55,1015.97,78.92,0,normal
2026-07-02T03:45:00+00:00,22.49,1015.94,78.92,0,normal
2026-07-02T03:46:00+00:00,22.62,1016.0,78.59,0,normal
2026-07-02T03:47:00+00:00,22.59,1015.95,78.47,0,normal
2026-07-02T03:48:00+00:00,22.72,1015.88,78.09,0,normal
2026-07-02T03:49:00+00:00,22.64,1015.9,78.17,0,normal
2026-07-02T03:50:00+00:00,22.68,1015.96,77.77,0,normal
2026-07-02T03:51:00+00:00,22.77,1015.95,77.88,0,normal
2026-07-02T03:52:00+00:00,22.65,1015.95,77.89,0,normal
2026-07-02T03:53:00+00:00,22.74,1015.88,77.86,0,normal
2026-07-02T03:54:00+00:00,22.65,1015.91,77.97,0,normal
2026-07-02T03:55:00+00:00,22.75,1015.89,78.11,0,normal
2026-07-02T03:56:00+00:00,22.85,1015.82,78.17,0,normal
2026-07-02T03:57:00+00:00,22.92,1015.82,77.87,0,normal
2026-07-02T03:58:00+00:00,22.98,1015.77,77.78,0,normal
2026-07-02T03:59:00+00:00,22.97,1015.83,77.61,0,normal
2026-07-02T04:00:00+00:00,22.9,1015.85,77.77,0,normal
2026-07-02T04:01:00+00:00,23.07,1015.78,77.78,0,normal
2026-07-02T04:02:00+00:00,22.97,1015.85,77.54,0,normal
2026-07-02T04:03:00+00:00,22.9,1015.84,77.48,0,normal
2026-07-02T04:04:00+00:00,22.92,1015.88,77.43,0,normal
2026-07-02T04:05:00+00:00,22.81,1015.93,77.38,0,normal
2026-07-02T04:06:00+00:00,22.9,1015.91,77.01,0,normal
2026-07-02T04:07:00+00:00,22.89,1015.99,77.02,0,normal
2026-07-02T04:08:00+00:00,22.87,1015.95,77.34,0,normal
2026-07-02T04:09:00+00:00,22.79,1015.93,77.41,0,normal
2026-07-02T04:10:00+00:00,22.64,1016.01,77.48,0,normal
2026-07-02T04:11:00+00:00,22.72,1016.05,77.39,0,normal
2026-07-02T04:12:00+00:00,22.64,1016.05,77.13,0,normal
2026-07-02T04:13:00+00:00,22.7,1016.1,77.38,0,normal
2026-07-02T04:14:00+00:00,22.74,1016.15,77.26,0,normal
2026-07-02T04:15:00+00:00,22.71,1016.18,77.13,0,normal
2026-07-02T04:16:00+00:00,22.74,1016.13,76.9,0,normal
2026-07-02T04:17:00+00:00,22.8,1016.19,76.65,0,normal
2026-07-02T04:18:00+00:00,22.86,1016.16,76.62,0,normal
2026-07-02T04:19:00+00:00,22.98,1016.21,76.75,0,normal
2026-07-02T04:20:00+00:00,23.13,1016.18,76.5,0,normal
2026-07-02T04:21:00+00:00,23.07,1016.18,76.0,0,normal
2026-07-02T04:22:00+00:00,23.05,1016.16,76.14,0,normal
2026-07-02T04:23:00+00:00,23.08,1016.14,76.24,0,normal
2026-07-02T04:24:00+00:00,23.13,1016.11,76.11,0,normal
2026-07-02T04:25:00+00:00,22.95,1016.07,75.94,0,normal
2026-07-02T04:26:00+00:00,22.97,1016.03,75.82,0,normal
2026-07-02T04:27:00+00:00,22.87,1016.06,75.89,0,normal
2026-07-02T04:28:00+00:00,22.92,1016.08,75.56,0,normal
2026-07-02T04:29:00+00:00,22.88,1016.07,75.47,0,normal
2026-07-02T04:30:00+00:00,22.9,1016.16,75.62,0,normal
2026-07-02T04:31:00+00:00,22.83,1016.21,75.73,0,normal
2026-07-02T04:32:00+00:00,22.79,1016.26,75.68,0,normal
2026-07-02T04:33:00+00:00,22.7,1016.29,75.7,0,normal
2026-07-02T04:34:00+00:00,22.7,1016.3,75.52,0,normal
2026-07-02T04:35:00+00:00,22.78,1016.3,75.53,0,normal
2026-07-02T04:36:00+00:00,22.83,1016.25,75.33,0,normal
2026-07-02T04:37:00+00:00,22.68,1016.29,75.07,0,normal
2026-07-02T04:38:00+00:00,22.72,1016.32,75.18,0,normal
2026-07-02T04:39:00+00:00,22.65,1016.32,75.5,0,normal
2026-07-02T04:40:00+00:00,22.82,1016.38,75.53,0,normal
2026-07-02T04:41:00+00:00,22.77,1016.42,75.46,0,normal
2026-07-02T04:42:00+00:00,22.84,1016.39,75.39,0,normal
2026-07-02T04:43:00+00:00,22.88,1016.41,75.45,0,normal
2026-07-02T04:44:00+00:00,22.86,1016.35,75.73,0,normal
2026-07-02T04:45:00+00:00,23.09,1016.38,75.4,0,normal
2026-07-02T04:46:00+00:00,23.04,1016.41,75.62,0,normal
2026-07-02T04:47:00+00:00,22.97,1016.41,75.6,0,normal
2026-07-02T04:48:00+00:00,23.06,1016.4,75.23,0,normal
2026-07-02T04:49:00+00:00,23.13,1016.46,75.16,0,normal
2026-07-02T04:50:00+00:00,23.18,1016.44,74.94,0,normal
2026-07-02T04:51:00+00:00,23.28,1016.47,75.0,0,normal
2026-07-02T04:52:00+00:00,23.42,1016.42,74.85,0,normal
2026-07-02T04:53:00+00:00,23.44,1016.4,74.96,0,normal
2026-07-02T04:54:00+00:00,23.43,1016.36,74.93,0,normal
2026-07-02T04:55:00+00:00,23.45,1016.42,74.96,0,normal
2026-07-02T04:56:00+00:00,23.5,1016.44,74.86,0,normal
2026-07-02T04:57:00+00:00,23.45,1016.46,74.74,0,normal
2026-07-02T04:58:00+00:00,23.59,1016.54,74.82,0,normal
2026-07-02T04:59:00+00:00,23.63,1016.53,74.51,0,normal
2026-07-02T05:00:00+00:00,23.61,1016.54,74.51,0,normal
2026-07-02T05:01:00+00:00,23.66,1016.59,74.32,0,normal
2026-07-02T05:02:00+00:00,23.61,1016.67,74.43,0,normal
2026-07-02T05:03:00+00:00,23.58,1016.66,74.36,0,normal
2026-07-02T05:04:00+00:00,23.6,1016.68,74.82,0,normal
2026-07-02T05:05:00+00:00,23.62,1016.71,74.41,0,normal
2026-07-02T05:06:00+00:00,23.59,1016.77,74.43,0,normal
2026-07-02T05:07:00+00:00,23.25,1016.8,74.75,0,normal
2026-07-02T05:08:00+00:00,23.12,1016.86,74.11,0,normal
2026-07-02T05:09:00+00:00,23.24,1016.85,73.59,0,normal
2026-07-02T05:10:00+00:00,23.31,1016.9,73.63,0,normal
2026-07-02T05:11:00+00:00,23.38,1016.87,73.22,0,normal
2026-07-02T05:12:00+00:00,23.47,1016.94,73.43,0,normal
2026-07-02T05:13:00+00:00,23.33,1016.86,73.22,0,normal
2026-07-02T05:14:00+00:00,23.24,1016.85,73.28,0,normal
2026-07-02T05:15:00+00:00,23.16,1016.88,73.36,0,normal
2026-07-02T05:16:00+00:00,23.16,1016.86,72.93,0,normal
2026-07-02T05:17:00+00:00,23.18,1016.85,72.95,0,normal
2026-07-02T05:18:00+00:00,23.26,1016.85,72.87,0,normal
2026-07-02T05:19:00+00:00,23.32,1016.9,72.82,0,normal
2026-07-02T05:20:00+00:00,23.39,1016.88,72.67,0,normal
2026-07-02T05:21:00+00:00,23.47,1016.84,72.72,0,normal
2026-07-02T05:22:00+00:00,23.5,1016.82,72.63,0,normal
2026-07-02T05:23:00+00:00,23.5,1016.73,72.68,0,normal
2026-07-02T05:24:00+00:00,23.55,1016.77,72.54,0,normal
2026-07-02T05:25:00+00:00,23.74,1016.75,72.33,0,normal
2026-07-02T05:26:00+00:00,23.68,1016.66,72.62,0,normal
2026-07-02T05:27:00+00:00,23.82,1016.69,72.4,0,normal
2026-07-02T05:28:00+00:00,23.99,1016.67,72.31,0,normal
2026-07-02T05:29:00+00:00,24.12,1016.71,72.72,0,normal
2026-07-02T05:30:00+00:00,24.15,1016.69,72.54,0,normal
2026-07-02T05:31:00+00:00,24.01,1016.67,72.72,0,normal
2026-07-02T05:32:00+00:00,24.08,1016.68,72.46,0,normal
2026-07-02T05:33:00+00:00,24.11,1016.73,72.49,0,normal
2026-07-02T05:34:00+00:00,24.14,1016.69,72.6,0,normal
2026-07-02T05:35:00+00:00,23.91,1016.71,73.05,0,normal
2026-07-02T05:36:00+00:00,23.82,1016.7,72.95,0,normal
2026-07-02T05:37:00+00:00,23.81,1016.75,72.95,0,normal
2026-07-02T05:38:00+00:00,23.86,1016.79,72.86,0,normal
2026-07-02T05:39:00+00:00,24.15,1016.79,72.8,0,normal
2026-07-02T05:40:00+00:00,24.03,1016.76,72.94,0,normal
2026-07-02T05:41:00+00:00,23.95,1016.65,72.84,0,normal
2026-07-02T05:42:00+00:00,24.1,1016.66,72.66,0,normal
2026-07-02T05:43:00+00:00,23.98,1016.68,72.69,0,normal
2026-07-02T05:44:00+00:00,23.87,1016.74,72.74,0,normal
2026-07-02T05:45:00+00:00,24.0,1016.77,72.76,0,normal
2026-07-02T05:46:00+00:00,24.08,1016.81,72.28,0,normal
2026-07-02T05:47:00+00:00,23.99,1016.77,72.16,0,normal
2026-07-02T05:48:00+00:00,24.06,1016.78,72.29,0,normal
2026-07-02T05:49:00+00:00,24.19,1016.73,72.23,0,normal
2026-07-02T05:50:00+00:00,24.15,1016.72,72.19,0,normal
2026-07-02T05:51:00+00:00,23.91,1016.84,72.19,0,normal
2026-07-02T05:52:00+00:00,23.91,1016.93,72.01,0,normal
2026-07-02T05:53:00+00:00,23.97,1016.9,72.24,0,normal
2026-07-02T05:54:00+00:00,24.01,1016.89,72.36,0,normal
2026-07-02T05:55:00+00:00,24.1,1016.88,72.45,0,normal
2026-07-02T05:56:00+00:00,24.35,1016.89,72.33,0,normal
2026-07-02T05:57:00+00:00,24.39,1016.94,92.29,1,humidity_spike
2026-07-02T05:58:00+00:00,24.3,1016.87,85.91,1,humidity_spike
2026-07-02T05:59:00+00:00,24.48,1016.89,86.89,1,humidity_spike
2026-07-02T06:00:00+00:00,24.61,1016.94,85.81,1,humidity_spike
2026-07-02T06:01:00+00:00,24.73,1016.88,71.41,0,normal
2026-07-02T06:02:00+00:00,24.93,1016.88,71.14,0,normal
2026-07-02T06:03:00+00:00,24.97,1016.84,70.76,0,normal
2026-07-02T06:04:00+00:00,25.04,1016.89,70.61,0,normal
2026-07-02T06:05:00+00:00,25.01,1016.83,70.5,0,normal
2026-07-02T06:06:00+00:00,24.98,1016.77,70.8,0,normal
2026-07-02T06:07:00+00:00,25.03,1016.8,70.87,0,normal
2026-07-02T06:08:00+00:00,25.1,1016.77,70.82,0,normal
2026-07-02T06:09:00+00:00,25.09,1016.79,70.78,0,normal
2026-07-02T06:10:00+00:00,25.07,1016.71,70.7,0,normal
2026-07-02T06:11:00+00:00,25.06,1016.62,70.69,0,normal
2026-07-02T06:12:00+00:00,25.15,1016.74,70.49,0,normal
2026-07-02T06:13:00+00:00,25.12,1016.68,70.43,0,normal
2026-07-02T06:14:00+00:00,25.15,1016.64,70.28,0,normal
2026-07-02T06:15:00+00:00,25.01,1016.69,70.02,0,normal
2026-07-02T06:16:00+00:00,25.03,1016.61,69.81,0,normal
2026-07-02T06:17:00+00:00,25.03,1016.61,69.81,0,normal
2026-07-02T06:18:00+00:00,25.17,1016.65,69.91,0,normal
2026-07-02T06:19:00+00:00,25.3,1016.68,69.8,0,normal
2026-07-02T06:20:00+00:00,25.39,1016.73,69.82,0,normal
2026-07-02T06:21:00+00:00,25.29,1016.68,69.66,0,normal
2026-07-02T06:22:00+00:00,25.37,1016.67,69.78,0,normal
2026-07-02T06:23:00+00:00,25.48,1016.73,69.91,0,normal
2026-07-02T06:24:00+00:00,25.41,1016.75,69.66,0,normal
2026-07-02T06:25:00+00:00,25.29,1016.72,69.81,0,normal
2026-07-02T06:26:00+00:00,25.35,1016.82,69.72,0,normal
2026-07-02T06:27:00+00:00,25.57,1016.81,69.59,0,normal
2026-07-02T06:28:00+00:00,25.47,1016.86,69.37,0,normal
2026-07-02T06:29:00+00:00,25.44,1016.91,69.48,0,normal
2026-07-02T06:30:00+00:00,25.55,1016.87,69.34,0,normal
2026-07-02T06:31:00+00:00,25.56,1016.89,69.53,0,normal
2026-07-02T06:32:00+00:00,25.6,1016.97,69.57,0,normal
2026-07-02T06:33:00+00:00,25.6,1016.99,69.76,0,normal
2026-07-02T06:34:00+00:00,25.78,1017.03,69.61,0,normal
2026-07-02T06:35:00+00:00,25.77,1017.03,69.78,0,normal
2026-07-02T06:36:00+00:00,25.81,1017.03,69.63,0,normal
2026-07-02T06:37:00+00:00,25.8,1016.99,69.49,0,normal
2026-07-02T06:38:00+00:00,25.95,1016.96,69.33,0,normal
2026-07-02T06:39:00+00:00,25.88,1016.97,69.45,0,normal
2026-07-02T06:40:00+00:00,26.02,1016.95,69.39,0,normal
2026-07-02T06:41:00+00:00,26.02,1016.96,69.28,0,normal
2026-07-02T06:42:00+00:00,26.03,1016.94,69.2,0,normal
2026-07-02T06:43:00+00:00,26.01,1016.9,69.38,0,normal
2026-07-02T06:44:00+00:00,26.24,1016.82,68.94,0,normal
2026-07-02T06:45:00+00:00,26.16,1016.79,68.95,0,normal
2026-07-02T06:46:00+00:00,26.21,1016.78,68.89,0,normal
2026-07-02T06:47:00+00:00,26.16,1016.75,68.71,0,normal
2026-07-02T06:48:00+00:00,26.04,1016.68,68.32,0,normal
2026-07-02T06:49:00+00:00,26.12,1016.67,68.29,0,normal
2026-07-02T06:50:00+00:00,25.98,1016.59,68.27,0,normal
2026-07-02T06:51:00+00:00,25.78,1016.64,67.74,0,normal
2026-07-02T06:52:00+00:00,25.88,1016.58,67.82,0,normal
2026-07-02T06:53:00+00:00,26.16,1016.45,67.81,0,normal
2026-07-02T06:54:00+00:00,26.04,1016.47,67.62,0,normal
2026-07-02T06:55:00+00:00,26.07,1016.42,67.63,0,normal
2026-07-02T06:56:00+00:00,25.98,1016.47,67.4,0,normal
2026-07-02T06:57:00+00:00,25.89,1016.55,67.25,0,normal
2026-07-02T06:58:00+00:00,26.08,1016.6,66.95,0,normal
2026-07-02T06:59:00+00:00,26.1,1016.59,67.13,0,normal
2026-07-02T07:00:00+00:00,26.16,1016.58,66.95,0,normal
2026-07-02T07:01:00+00:00,26.18,1016.63,66.81,0,normal
2026-07-02T07:02:00+00:00,26.18,1016.58,66.57,0,normal
2026-07-02T07:03:00+00:00,26.09,1016.53,66.74,0,normal
2026-07-02T07:04:00+00:00,26.11,1016.55,66.1,0,normal
2026-07-02T07:05:00+00:00,26.19,1016.53,65.9,0,normal
2026-07-02T07:06:00+00:00,26.23,1016.48,65.36,0,normal
2026-07-02T07:07:00+00:00,26.34,1016.48,65.22,0,normal
2026-07-02T07:08:00+00:00,26.29,1016.39,65.18,0,normal
2026-07-02T07:09:00+00:00,26.45,1016.39,64.82,0,normal
2026-07-02T07:10:00+00:00,26.49,1016.38,64.92,0,normal
2026-07-02T07:11:00+00:00,26.56,1016.22,64.95,0,normal
2026-07-02T07:12:00+00:00,26.5,1016.14,64.83,0,normal
2026-07-02T07:13:00+00:00,26.56,1016.06,64.89,0,normal
2026-07-02T07:14:00+00:00,26.65,1016.07,64.62,0,normal
2026-07-02T07:15:00+00:00,26.59,1016.12,64.23,0,normal
2026-07-02T07:16:00+00:00,26.7,1016.11,64.15,0,normal
2026-07-02T07:17:00+00:00,26.58,1016.1,64.2,0,normal
2026-07-02T07:18:00+00:00,26.5,1016.12,64.14,0,normal
2026-07-02T07:19:00+00:00,26.49,1016.16,63.63,0,normal
2026-07-02T07:20:00+00:00,26.55,1016.24,63.86,0,normal
2026-07-02T07:21:00+00:00,26.62,1016.21,63.66,0,normal
2026-07-02T07:22:00+00:00,26.63,1016.23,63.43,0,normal
2026-07-02T07:23:00+00:00,26.72,1016.33,63.36,0,normal
2026-07-02T07:24:00+00:00,26.64,1016.24,63.45,0,normal
2026-07-02T07:25:00+00:00,26.67,1016.27,63.28,0,normal
2026-07-02T07:26:00+00:00,26.77,1016.25,63.07,0,normal
2026-07-02T07:27:00+00:00,26.77,1016.17,63.4,0,normal
2026-07-02T07:28:00+00:00,26.8,1016.19,63.22,0,normal
2026-07-02T07:29:00+00:00,26.75,1016.17,63.36,0,normal
2026-07-02T07:30:00+00:00,26.75,1016.11,63.3,0,normal
2026-07-02T07:31:00+00:00,26.82,1016.18,63.28,0,normal
2026-07-02T07:32:00+00:00,26.91,1016.2,62.96,0,normal
2026-07-02T07:33:00+00:00,26.87,1016.13,62.61,0,normal
2026-07-02T07:34:00+00:00,26.97,1016.13,62.56,0,normal
2026-07-02T07:35:00+00:00,26.8,1016.22,62.31,0,normal
2026-07-02T07:36:00+00:00,27.0,1016.13,62.08,0,normal
2026-07-02T07:37:00+00:00,26.86,1016.13,61.81,0,normal
2026-07-02T07:38:00+00:00,26.82,1016.04,61.92,0,normal
2026-07-02T07:39:00+00:00,26.92,1016.12,61.72,0,normal
2026-07-02T07:40:00+00:00,26.99,1016.04,61.6,0,normal
2026-07-02T07:41:00+00:00,26.99,1016.04,61.75,0,normal
2026-07-02T07:42:00+00:00,27.11,1015.99,61.89,0,normal
2026-07-02T07:43:00+00:00,27.14,1015.95,61.68,0,normal
2026-07-02T07:44:00+00:00,27.14,1016.03,61.67,0,normal
2026-07-02T07:45:00+00:00,27.19,1016.0,62.09,0,normal
2026-07-02T07:46:00+00:00,27.33,1015.94,61.93,0,normal
2026-07-02T07:47:00+00:00,27.35,1015.94,61.7,0,normal
2026-07-02T07:48:00+00:00,27.42,1015.99,61.35,0,normal
2026-07-02T07:49:00+00:00,27.36,1015.95,61.19,0,normal
2026-07-02T07:50:00+00:00,27.55,1015.98,61.3,0,normal
2026-07-02T07:51:00+00:00,27.56,1015.95,60.93,0,normal
2026-07-02T07:52:00+00:00,27.65,1015.95,61.12,0,normal
2026-07-02T07:53:00+00:00,27.66,1015.93,61.07,0,normal
2026-07-02T07:54:00+00:00,27.76,1015.83,61.14,0,normal
2026-07-02T07:55:00+00:00,27.78,1015.76,60.63,0,normal
2026-07-02T07:56:00+00:00,27.79,1015.82,60.89,0,normal
2026-07-02T07:57:00+00:00,27.85,1015.9,60.79,0,normal
2026-07-02T07:58:00+00:00,27.95,1015.86,60.6,0,normal
2026-07-02T07:59:00+00:00,27.91,1015.73,60.77,0,normal
2026-07-02T08:00:00+00:00,27.88,1015.68,60.44,0,normal
2026-07-02T08:01:00+00:00,27.89,1015.75,60.78,0,normal
2026-07-02T08:02:00+00:00,27.79,1015.72,60.46,0,normal
2026-07-02T08:03:00+00:00,27.9,1015.71,60.24,0,normal
2026-07-02T08:04:00+00:00,27.94,1015.67,60.47,0,normal
2026-07-02T08:05:00+00:00,28.01,1015.69,59.83,0,normal
2026-07-02T08:06:00+00:00,28.03,1015.77,60.02,0,normal
2026-07-02T08:07:00+00:00,27.91,1015.73,59.69,0,normal
2026-07-02T08:08:00+00:00,28.08,1015.72,59.46,0,normal
2026-07-02T08:09:00+00:00,28.11,1015.57,59.17,0,normal
2026-07-02T08:10:00+00:00,28.14,1015.6,58.72,0,normal
2026-07-02T08:11:00+00:00,28.14,1015.63,58.38,0,normal
2026-07-02T08:12:00+00:00,28.19,1015.61,58.69,0,normal
2026-07-02T08:13:00+00:00,28.2,1015.58,58.81,0,normal
2026-07-02T08:14:00+00:00,28.12,1015.55,58.65,0,normal
2026-07-02T08:15:00+00:00,28.14,1015.57,58.7,0,normal
2026-07-02T08:16:00+00:00,28.12,1015.56,58.93,0,normal
2026-07-02T08:17:00+00:00,28.09,1015.54,58.81,0,normal
2026-07-02T08:18:00+00:00,28.13,1015.44,59.01,0,normal
2026-07-02T08:19:00+00:00,28.1,1015.47,58.79,0,normal
2026-07-02T08:20:00+00:00,28.1,1015.51,58.9,0,normal
2026-07-02T08:21:00+00:00,28.16,1015.53,58.74,0,normal
2026-07-02T08:22:00+00:00,28.2,1015.47,58.82,0,normal
2026-07-02T08:23:00+00:00,28.19,1015.52,58.65,0,normal
2026-07-02T08:24:00+00:00,28.23,1015.53,58.56,0,normal
2026-07-02T08:25:00+00:00,28.25,1015.5,58.63,0,normal
2026-07-02T08:26:00+00:00,28.24,1015.47,58.53,0,normal
2026-07-02T08:27:00+00:00,28.36,1015.43,58.78,0,normal
2026-07-02T08:28:00+00:00,28.39,1015.4,58.62,0,normal
2026-07-02T08:29:00+00:00,28.32,1015.32,58.39,0,normal
2026-07-02T08:30:00+00:00,28.46,1015.3,58.17,0,normal
2026-07-02T08:31:00+00:00,28.6,1015.35,58.31,0,normal
2026-07-02T08:32:00+00:00,28.57,1015.3,58.55,0,normal
2026-07-02T08:33:00+00:00,28.63,1015.26,58.56,0,normal
2026-07-02T08:34:00+00:00,28.74,1015.21,58.46,0,normal
2026-07-02T08:35:00+00:00,28.85,1015.13,58.32,0,normal
2026-07-02T08:36:00+00:00,28.79,1015.06,58.07,0,normal
2026-07-02T08:37:00+00:00,28.86,1015.03,57.8,0,normal
2026-07-02T08:38:00+00:00,28.9,1014.96,57.76,0,normal
2026-07-02T08:39:00+00:00,29.02,1014.94,57.6,0,normal
2026-07-02T08:40:00+00:00,29.07,1014.82,57.58,0,normal
2026-07-02T08:41:00+00:00,29.35,1014.81,57.43,0,normal
2026-07-02T08:42:00+00:00,29.42,1014.88,57.5,0,normal
2026-07-02T08:43:00+00:00,29.26,1014.9,57.88,0,normal
2026-07-02T08:44:00+00:00,29.33,1014.83,57.78,0,normal
2026-07-02T08:45:00+00:00,29.24,1014.87,57.44,0,normal
2026-07-02T08:46:00+00:00,29.27,1014.82,57.19,0,normal
2026-07-02T08:47:00+00:00,29.41,1014.81,56.94,0,normal
2026-07-02T08:48:00+00:00,29.34,1014.7,56.56,0,normal
2026-07-02T08:49:00+00:00,29.37,1014.74,56.34,0,normal
2026-07-02T08:50:00+00:00,29.52,1014.69,56.19,0,normal
2026-07-02T08:51:00+00:00,29.45,1014.73,56.5,0,normal
2026-07-02T08:52:00+00:00,29.33,1014.69,56.63,0,normal
2026-07-02T08:53:00+00:00,29.25,1014.71,56.74,0,normal
2026-07-02T08:54:00+00:00,29.29,1014.72,56.95,0,normal
2026-07-02T08:55:00+00:00,29.48,1014.7,56.68,0,normal
2026-07-02T08:56:00+00:00,29.43,1014.73,56.26,0,normal
2026-07-02T08:57:00+00:00,29.44,1014.72,56.03,0,normal
2026-07-02T08:58:00+00:00,29.49,1014.82,55.87,0,normal
2026-07-02T08:59:00+00:00,29.49,1014.85,55.8,0,normal
2026-07-02T09:00:00+00:00,29.63,1014.83,55.63,0,normal
2026-07-02T09:01:00+00:00,29.52,1014.72,55.14,0,normal
2026-07-02T09:02:00+00:00,29.58,1014.63,55.29,0,normal
2026-07-02T09:03:00+00:00,33.81,1014.59,81.01,1,multivariate_inconsistency
2026-07-02T09:04:00+00:00,33.89,1014.53,80.71,1,multivariate_inconsistency
2026-07-02T09:05:00+00:00,34.02,1014.53,80.57,1,multivariate_inconsistency
2026-07-02T09:06:00+00:00,34.09,1014.51,80.56,1,multivariate_inconsistency
2026-07-02T09:07:00+00:00,34.05,1014.6,80.35,1,multivariate_inconsistency
2026-07-02T09:08:00+00:00,34.2,1014.56,80.42,1,multivariate_inconsistency
2026-07-02T09:09:00+00:00,34.27,1014.6,80.16,1,multivariate_inconsistency
2026-07-02T09:10:00+00:00,34.38,1014.66,80.02,1,multivariate_inconsistency
2026-07-02T09:11:00+00:00,34.39,1014.61,79.87,1,multivariate_inconsistency
2026-07-02T09:12:00+00:00,34.54,1014.53,79.6,1,multivariate_inconsistency
2026-07-02T09:13:00+00:00,30.48,1014.53,53.95,0,normal
2026-07-02T09:14:00+00:00,30.44,1014.51,53.72,0,normal
2026-07-02T09:15:00+00:00,30.46,1014.4,53.77,0,normal
2026-07-02T09:16:00+00:00,30.49,1014.37,53.6,0,normal
2026-07-02T09:17:00+00:00,30.42,1014.38,53.27,0,normal
2026-07-02T09:18:00+00:00,30.48,1014.46,53.49,0,normal
2026-07-02T09:19:00+00:00,30.36,1014.41,53.48,0,normal
2026-07-02T09:20:00+00:00,30.37,1014.31,53.46,0,normal
2026-07-02T09:21:00+00:00,30.39,1014.38,53.31,0,normal
2026-07-02T09:22:00+00:00,30.5,1014.29,53.01,0,normal
2026-07-02T09:23:00+00:00,30.57,1014.32,52.73,0,normal
2026-07-02T09:24:00+00:00,30.58,1014.23,52.62,0,normal
2026-07-02T09:25:00+00:00,30.66,1014.18,52.49,0,normal
2026-07-02T09:26:00+00:00,30.58,1014.13,52.77,0,normal
2026-07-02T09:27:00+00:00,30.6,1014.06,52.61,0,normal
2026-07-02T09:28:00+00:00,30.49,1013.99,52.8,0,normal
2026-07-02T09:29:00+00:00,30.5,1014.07,52.68,0,normal
2026-07-02T09:30:00+00:00,30.52,1014.08,52.04,0,normal
2026-07-02T09:31:00+00:00,30.56,1014.05,52.26,0,normal
2026-07-02T09:32:00+00:00,30.66,1013.98,52.42,0,normal
2026-07-02T09:33:00+00:00,30.66,1013.91,52.36,0,normal
2026-07-02T09:34:00+00:00,30.66,1013.97,52.33,0,normal
2026-07-02T09:35:00+00:00,30.7,1014.0,52.44,0,normal
2026-07-02T09:36:00+00:00,30.78,1014.05,52.45,0,normal
2026-07-02T09:37:00+00:00,30.81,1014.08,52.31,0,normal
2026-07-02T09:38:00+00:00,30.83,1014.14,52.52,0,normal
2026-07-02T09:39:00+00:00,30.85,1014.08,52.68,0,normal
2026-07-02T09:40:00+00:00,30.93,1014.07,52.47,0,normal
2026-07-02T09:41:00+00:00,30.98,1014.03,52.2,0,normal
2026-07-02T09:42:00+00:00,31.0,1014.02,52.0,0,normal
2026-07-02T09:43:00+00:00,31.09,1014.05,52.07,0,normal
2026-07-02T09:44:00+00:00,31.08,1014.06,51.96,0,normal
2026-07-02T09:45:00+00:00,30.99,1014.05,51.86,0,normal
2026-07-02T09:46:00+00:00,31.22,1014.09,51.87,0,normal
2026-07-02T09:47:00+00:00,31.25,1014.06,51.54,0,normal
2026-07-02T09:48:00+00:00,31.12,1013.98,51.41,0,normal
2026-07-02T09:49:00+00:00,30.97,1013.92,51.24,0,normal
2026-07-02T09:50:00+00:00,30.98,1013.85,51.06,0,normal
2026-07-02T09:51:00+00:00,31.14,1013.85,50.84,0,normal
2026-07-02T09:52:00+00:00,31.16,1013.82,50.58,0,normal
2026-07-02T09:53:00+00:00,31.11,1013.84,50.41,0,normal
2026-07-02T09:54:00+00:00,31.05,1013.81,50.34,0,normal
2026-07-02T09:55:00+00:00,30.92,1013.77,50.43,0,normal
2026-07-02T09:56:00+00:00,30.99,1013.85,50.58,0,normal
2026-07-02T09:57:00+00:00,31.14,1013.96,50.62,0,normal
2026-07-02T09:58:00+00:00,31.18,1013.96,50.39,0,normal
2026-07-02T09:59:00+00:00,31.22,1013.89,50.36,0,normal
2026-07-02T10:00:00+00:00,31.19,1013.81,50.34,0,normal
2026-07-02T10:01:00+00:00,31.21,1013.68,49.93,0,normal
2026-07-02T10:02:00+00:00,31.15,1013.6,49.92,0,normal
2026-07-02T10:03:00+00:00,31.2,1013.62,49.97,0,normal
2026-07-02T10:04:00+00:00,31.32,1013.62,49.9,0,normal
2026-07-02T10:05:00+00:00,31.43,1013.64,49.87,0,normal
2026-07-02T10:06:00+00:00,31.56,1013.49,49.7,0,normal
2026-07-02T10:07:00+00:00,31.55,1013.52,49.91,0,normal
2026-07-02T10:08:00+00:00,31.46,1013.56,49.55,0,normal
2026-07-02T10:09:00+00:00,31.39,1013.51,49.38,0,normal
2026-07-02T10:10:00+00:00,31.3,1013.51,49.42,0,normal
2026-07-02T10:11:00+00:00,31.42,1013.46,49.3,0,normal
2026-07-02T10:12:00+00:00,31.45,1013.51,48.63,0,normal
2026-07-02T10:13:00+00:00,31.4,1013.48,48.34,0,normal
2026-07-02T10:14:00+00:00,31.42,1013.44,48.14,0,normal
2026-07-02T10:15:00+00:00,31.46,1013.44,48.03,0,normal
2026-07-02T10:16:00+00:00,31.45,1013.4,47.97,0,normal
2026-07-02T10:17:00+00:00,31.35,1013.39,47.82,0,normal
2026-07-02T10:18:00+00:00,31.49,1013.38,48.0,0,normal
2026-07-02T10:19:00+00:00,31.45,1013.33,47.69,0,normal
2026-07-02T10:20:00+00:00,31.43,1013.36,47.93,0,normal
2026-07-02T10:21:00+00:00,31.38,1013.31,47.84,0,normal
2026-07-02T10:22:00+00:00,31.48,1013.19,47.45,0,normal
2026-07-02T10:23:00+00:00,31.56,1013.06,47.3,0,normal
2026-07-02T10:24:00+00:00,31.61,1013.06,47.22,0,normal
2026-07-02T10:25:00+00:00,31.62,1013.08,47.23,0,normal
2026-07-02T10:26:00+00:00,31.6,1013.06,47.25,0,normal
2026-07-02T10:27:00+00:00,31.78,1013.07,47.43,0,normal
2026-07-02T10:28:00+00:00,31.77,1013.02,47.31,0,normal
2026-07-02T10:29:00+00:00,31.79,1012.95,47.49,0,normal
2026-07-02T10:30:00+00:00,31.89,1012.91,47.54,0,normal
2026-07-02T10:31:00+00:00,31.94,1012.93,47.18,0,normal
2026-07-02T10:32:00+00:00,31.96,1012.9,47.23,0,normal
2026-07-02T10:33:00+00:00,31.94,1012.76,46.93,0,normal
2026-07-02T10:34:00+00:00,31.97,1012.75,47.19,0,normal
2026-07-02T10:35:00+00:00,32.04,1012.73,47.1,0,normal
2026-07-02T10:36:00+00:00,32.16,1012.69,46.98,0,normal
2026-07-02T10:37:00+00:00,32.1,1012.75,46.98,0,normal
2026-07-02T10:38:00+00:00,32.07,1012.72,46.99,0,normal
2026-07-02T10:39:00+00:00,32.08,1012.68,46.77,0,normal
2026-07-02T10:40:00+00:00,32.14,1012.65,46.59,0,normal
2026-07-02T10:41:00+00:00,32.06,1012.64,46.48,0,normal
2026-07-02T10:42:00+00:00,32.07,1012.63,46.55,0,normal
2026-07-02T10:43:00+00:00,32.16,1012.64,46.42,0,normal
2026-07-02T10:44:00+00:00,32.15,1012.57,46.22,0,normal
2026-07-02T10:45:00+00:00,32.19,1012.52,46.16,0,normal
2026-07-02T10:46:00+00:00,32.14,1012.42,46.25,0,normal
2026-07-02T10:47:00+00:00,32.14,1012.37,45.95,0,normal
2026-07-02T10:48:00+00:00,32.21,1012.44,45.79,0,normal
2026-07-02T10:49:00+00:00,32.23,1012.48,45.36,0,normal
2026-07-02T10:50:00+00:00,32.42,1012.59,44.77,0,normal
2026-07-02T10:51:00+00:00,32.44,1012.53,44.7,0,normal
2026-07-02T10:52:00+00:00,32.43,1012.55,44.65,0,normal
2026-07-02T10:53:00+00:00,32.39,1012.53,44.73,0,normal
2026-07-02T10:54:00+00:00,32.33,1012.43,45.1,0,normal
2026-07-02T10:55:00+00:00,32.31,1012.4,44.96,0,normal
2026-07-02T10:56:00+00:00,32.39,1012.48,45.03,0,normal
2026-07-02T10:57:00+00:00,32.31,1012.39,44.89,0,normal
2026-07-02T10:58:00+00:00,32.32,1012.29,45.0,0,normal
2026-07-02T10:59:00+00:00,32.28,1012.35,45.3,0,normal
2026-07-02T11:00:00+00:00,32.3,1012.36,44.98,0,normal
2026-07-02T11:01:00+00:00,32.39,1012.32,44.69,0,normal
2026-07-02T11:02:00+00:00,32.41,1012.28,44.57,0,normal
2026-07-02T11:03:00+00:00,32.53,1012.23,44.86,0,normal
2026-07-02T11:04:00+00:00,32.46,1012.3,44.59,0,normal
2026-07-02T11:05:00+00:00,32.5,1012.26,44.46,0,normal
2026-07-02T11:06:00+00:00,32.6,1012.32,44.64,0,normal
2026-07-02T11:07:00+00:00,32.6,1012.31,44.41,0,normal
2026-07-02T11:08:00+00:00,32.56,1012.24,44.26,0,normal
2026-07-02T11:09:00+00:00,32.62,1012.13,44.2,0,normal
2026-07-02T11:10:00+00:00,32.77,1012.18,44.02,0,normal
2026-07-02T11:11:00+00:00,32.69,1012.19,43.5,0,normal
2026-07-02T11:12:00+00:00,32.82,1012.16,43.84,0,normal
2026-07-02T11:13:00+00:00,32.71,1012.19,43.77,0,normal
2026-07-02T11:14:00+00:00,32.72,1012.11,43.84,0,normal
2026-07-02T11:15:00+00:00,32.81,1012.19,43.99,0,normal
2026-07-02T11:16:00+00:00,32.79,1012.12,43.65,0,normal
2026-07-02T11:17:00+00:00,32.95,1012.07,43.89,0,normal
2026-07-02T11:18:00+00:00,33.02,1012.07,43.76,0,normal
2026-07-02T11:19:00+00:00,33.09,1012.06,43.62,0,normal
2026-07-02T11:20:00+00:00,33.17,1012.04,43.41,0,normal
2026-07-02T11:21:00+00:00,33.24,1012.02,43.45,0,normal
2026-07-02T11:22:00+00:00,33.22,1011.95,43.74,0,normal
2026-07-02T11:23:00+00:00,33.36,1011.99,43.59,0,normal
2026-07-02T11:24:00+00:00,33.35,1012.05,43.45,0,normal
2026-07-02T11:25:00+00:00,33.32,1012.12,43.37,0,normal
2026-07-02T11:26:00+00:00,33.48,1012.04,43.41,0,normal
2026-07-02T11:27:00+00:00,33.65,1012.02,43.29,0,normal
2026-07-02T11:28:00+00:00,33.56,1012.06,43.07,0,normal
2026-07-02T11:29:00+00:00,33.56,1011.98,43.32,0,normal
2026-07-02T11:30:00+00:00,33.66,1011.97,43.01,0,normal
2026-07-02T11:31:00+00:00,33.79,1011.93,42.73,0,normal
2026-07-02T11:32:00+00:00,33.65,1011.89,42.39,0,normal
2026-07-02T11:33:00+00:00,33.6,1011.92,42.28,0,normal
2026-07-02T11:34:00+00:00,33.64,1011.87,42.26,0,normal
2026-07-02T11:35:00+00:00,33.8,1011.84,42.3,0,normal
2026-07-02T11:36:00+00:00,33.68,1011.91,42.16,0,normal
2026-07-02T11:37:00+00:00,33.77,1011.89,42.25,0,normal
2026-07-02T11:38:00+00:00,33.83,1011.85,42.42,0,normal
2026-07-02T11:39:00+00:00,33.77,1011.88,42.29,0,normal
2026-07-02T11:40:00+00:00,33.81,1011.84,42.25,0,normal
2026-07-02T11:41:00+00:00,33.73,1011.84,42.21,0,normal
2026-07-02T11:42:00+00:00,33.69,1011.83,42.18,0,normal
2026-07-02T11:43:00+00:00,33.66,1011.81,41.93,0,normal
2026-07-02T11:44:00+00:00,33.86,1011.85,41.94,0,normal
2026-07-02T11:45:00+00:00,33.96,1011.73,41.38,0,normal
2026-07-02T11:46:00+00:00,33.93,1011.66,41.31,0,normal
2026-07-02T11:47:00+00:00,33.95,1011.7,41.07,0,normal
2026-07-02T11:48:00+00:00,33.99,1011.69,41.13,0,normal
2026-07-02T11:49:00+00:00,33.95,1011.75,41.09,0,normal
2026-07-02T11:50:00+00:00,34.1,1011.7,41.22,0,normal
2026-07-02T11:51:00+00:00,34.09,1011.68,41.32,0,normal
2026-07-02T11:52:00+00:00,34.07,1011.53,40.68,0,normal
2026-07-02T11:53:00+00:00,34.17,1011.59,41.05,0,normal
2026-07-02T11:54:00+00:00,34.17,1011.52,40.94,0,normal
2026-07-02T11:55:00+00:00,34.17,1011.47,41.25,0,normal
2026-07-02T11:56:00+00:00,34.35,1011.5,41.21,0,normal
2026-07-02T11:57:00+00:00,34.24,1011.57,41.18,0,normal
2026-07-02T11:58:00+00:00,34.21,1011.59,41.03,0,normal
2026-07-02T11:59:00+00:00,34.22,1011.51,41.21,0,normal
2026-07-02T12:00:00+00:00,34.21,1011.57,41.12,0,normal
2026-07-02T12:01:00+00:00,34.2,1011.5,41.23,0,normal
2026-07-02T12:02:00+00:00,34.13,1011.47,41.18,0,normal
2026-07-02T12:03:00+00:00,34.15,1011.39,41.08,0,normal
2026-07-02T12:04:00+00:00,34.22,1011.37,40.98,0,normal
2026-07-02T12:05:00+00:00,34.24,1011.37,40.73,0,normal
2026-07-02T12:06:00+00:00,34.24,1011.42,40.48,0,normal
2026-07-02T12:07:00+00:00,34.21,1011.35,40.64,0,normal
2026-07-02T12:08:00+00:00,34.21,1011.31,40.63,0,normal
2026-07-02T12:09:00+00:00,34.12,1011.26,40.3,0,normal
2026-07-02T12:10:00+00:00,34.05,1011.34,40.13,0,normal
2026-07-02T12:11:00+00:00,34.1,1011.3,40.26,0,normal
2026-07-02T12:12:00+00:00,34.03,1011.31,40.24,0,normal
2026-07-02T12:13:00+00:00,34.24,1011.34,40.1,0,normal
2026-07-02T12:14:00+00:00,34.3,1011.45,39.75,0,normal
2026-07-02T12:15:00+00:00,34.24,1011.43,39.66,0,normal
2026-07-02T12:16:00+00:00,34.22,1011.37,39.94,0,normal
2026-07-02T12:17:00+00:00,34.12,1011.36,40.12,0,normal
2026-07-02T12:18:00+00:00,34.14,1011.31,39.82,0,normal
2026-07-02T12:19:00+00:00,34.13,1011.27,39.85,0,normal
2026-07-02T12:20:00+00:00,34.04,1011.32,39.85,0,normal
2026-07-02T12:21:00+00:00,34.08,1011.39,39.74,0,normal
2026-07-02T12:22:00+00:00,34.04,1011.36,39.68,0,normal
2026-07-02T12:23:00+00:00,34.06,1011.32,39.25,0,normal
2026-07-02T12:24:00+00:00,34.04,1011.34,39.28,0,normal
2026-07-02T12:25:00+00:00,34.16,1011.44,39.43,0,normal
2026-07-02T12:26:00+00:00,34.29,1011.47,39.76,0,normal
2026-07-02T12:27:00+00:00,34.45,1011.51,39.87,0,normal
2026-07-02T12:28:00+00:00,34.44,1011.5,39.76,0,normal
2026-07-02T12:29:00+00:00,34.5,1011.46,39.69,0,normal
2026-07-02T12:30:00+00:00,34.32,1011.54,39.61,0,normal
2026-07-02T12:31:00+00:00,34.37,1011.6,39.64,0,normal
2026-07-02T12:32:00+00:00,34.5,1011.52,40.09,0,normal
2026-07-02T12:33:00+00:00,34.59,1011.52,40.31,0,normal
2026-07-02T12:34:00+00:00,34.5,1011.5,40.53,0,normal
2026-07-02T12:35:00+00:00,34.36,1011.52,40.56,0,normal
2026-07-02T12:36:00+00:00,34.53,1011.43,40.79,0,normal
2026-07-02T12:37:00+00:00,34.49,1011.4,40.45,0,normal
2026-07-02T12:38:00+00:00,34.42,1011.42,40.14,0,normal
2026-07-02T12:39:00+00:00,34.49,1011.38,39.83,0,normal
2026-07-02T12:40:00+00:00,34.46,1011.39,39.71,0,normal
2026-07-02T12:41:00+00:00,34.47,1011.42,39.88,0,normal
2026-07-02T12:42:00+00:00,34.46,1011.37,39.83,0,normal
2026-07-02T12:43:00+00:00,34.51,1011.29,39.59,0,normal
2026-07-02T12:44:00+00:00,34.47,1011.28,39.39,0,normal
2026-07-02T12:45:00+00:00,34.54,1011.2,39.03,0,normal
2026-07-02T12:46:00+00:00,34.52,1011.2,38.71,0,normal
2026-07-02T12:47:00+00:00,34.49,1011.19,38.62,0,normal
2026-07-02T12:48:00+00:00,34.51,1011.16,38.91,0,normal
2026-07-02T12:49:00+00:00,34.57,1011.13,38.91,0,normal
2026-07-02T12:50:00+00:00,34.59,1011.2,38.76,0,normal
2026-07-02T12:51:00+00:00,34.66,1011.21,39.04,0,normal
2026-07-02T12:52:00+00:00,34.77,1011.22,38.95,0,normal
2026-07-02T12:53:00+00:00,34.81,1011.22,39.26,0,normal
2026-07-02T12:54:00+00:00,34.82,1011.2,39.12,0,normal
2026-07-02T12:55:00+00:00,34.73,1011.24,38.91,0,normal
2026-07-02T12:56:00+00:00,34.82,1011.18,38.9,0,normal
2026-07-02T12:57:00+00:00,34.91,1011.08,39.27,0,normal
2026-07-02T12:58:00+00:00,34.88,1011.09,39.33,0,normal
2026-07-02T12:59:00+00:00,34.93,1011.12,39.47,0,normal
2026-07-02T13:00:00+00:00,34.97,1011.22,39.51,0,normal
2026-07-02T13:01:00+00:00,35.13,1011.27,39.08,0,normal
2026-07-02T13:02:00+00:00,35.32,1011.24,39.33,0,normal
2026-07-02T13:03:00+00:00,35.3,1011.3,39.13,0,normal
2026-07-02T13:04:00+00:00,35.33,1011.29,39.39,0,normal
2026-07-02T13:05:00+00:00,35.35,1011.34,38.89,0,normal
2026-07-02T13:06:00+00:00,35.32,1011.36,38.89,0,normal
2026-07-02T13:07:00+00:00,35.38,1011.34,38.85,0,normal
2026-07-02T13:08:00+00:00,35.45,1011.23,38.93,0,normal
2026-07-02T13:09:00+00:00,35.4,1011.19,38.95,0,normal
2026-07-02T13:10:00+00:00,35.47,1011.25,38.87,0,normal
2026-07-02T13:11:00+00:00,35.52,1011.3,38.8,0,normal
2026-07-02T13:12:00+00:00,35.43,1011.27,38.92,0,normal
2026-07-02T13:13:00+00:00,35.41,1011.22,38.53,0,normal
2026-07-02T13:14:00+00:00,35.45,1011.2,38.57,0,normal
2026-07-02T13:15:00+00:00,35.53,1011.14,38.52,0,normal
2026-07-02T13:16:00+00:00,35.48,1011.18,38.73,0,normal
2026-07-02T13:17:00+00:00,35.35,1011.21,38.89,0,normal
2026-07-02T13:18:00+00:00,35.32,1011.22,38.92,0,normal
2026-07-02T13:19:00+00:00,35.33,1011.25,38.98,0,normal
2026-07-02T13:20:00+00:00,35.24,1011.31,39.15,0,normal
2026-07-02T13:21:00+00:00,35.24,1011.24,39.05,0,normal
2026-07-02T13:22:00+00:00,44.26,1011.19,38.91,1,temperature_spike
2026-07-02T13:23:00+00:00,48.07,1011.21,38.53,1,temperature_spike
2026-07-02T13:24:00+00:00,46.7,1011.25,38.41,1,temperature_spike
2026-07-02T13:25:00+00:00,46.25,1011.23,38.37,1,temperature_spike
2026-07-02T13:26:00+00:00,47.68,1011.22,38.27,1,temperature_spike
2026-07-02T13:27:00+00:00,35.1,1011.2,38.89,0,normal
2026-07-02T13:28:00+00:00,35.13,1011.14,39.0,0,normal
2026-07-02T13:29:00+00:00,35.05,1011.2,38.89,0,normal
2026-07-02T13:30:00+00:00,35.01,1011.29,38.94,0,normal
2026-07-02T13:31:00+00:00,35.09,1011.32,38.78,0,normal
2026-07-02T13:32:00+00:00,35.14,1011.39,38.75,0,normal
2026-07-02T13:33:00+00:00,35.28,1011.44,38.74,0,normal
2026-07-02T13:34:00+00:00,35.29,1011.44,38.43,0,normal
2026-07-02T13:35:00+00:00,35.27,1011.46,38.3,0,normal
2026-07-02T13:36:00+00:00,35.28,1011.46,38.42,0,normal
2026-07-02T13:37:00+00:00,35.32,1011.47,38.1,0,normal
2026-07-02T13:38:00+00:00,35.45,1011.46,38.06,0,normal
2026-07-02T13:39:00+00:00,35.41,1011.44,38.34,0,normal
2026-07-02T13:40:00+00:00,35.5,1011.46,38.28,0,normal
2026-07-02T13:41:00+00:00,35.53,1011.47,38.2,0,normal
2026-07-02T13:42:00+00:00,35.53,1011.45,38.22,0,normal
2026-07-02T13:43:00+00:00,35.53,1011.48,38.06,0,normal
2026-07-02T13:44:00+00:00,35.56,1011.44,37.92,0,normal
2026-07-02T13:45:00+00:00,35.49,1011.39,38.1,0,normal
2026-07-02T13:46:00+00:00,35.39,1011.36,38.32,0,normal
2026-07-02T13:47:00+00:00,35.33,1011.36,38.07,0,normal
2026-07-02T13:48:00+00:00,35.39,1011.42,38.19,0,normal
2026-07-02T13:49:00+00:00,35.41,1011.43,38.05,0,normal
2026-07-02T13:50:00+00:00,35.33,1011.5,38.18,0,normal
2026-07-02T13:51:00+00:00,35.26,1011.5,38.08,0,normal
2026-07-02T13:52:00+00:00,35.16,1011.52,37.97,0,normal
2026-07-02T13:53:00+00:00,35.08,1011.45,37.63,0,normal
2026-07-02T13:54:00+00:00,35.05,1011.45,37.45,0,normal
2026-07-02T13:55:00+00:00,35.1,1011.45,37.56,0,normal
2026-07-02T13:56:00+00:00,35.09,1011.42,37.58,0,normal
2026-07-02T13:57:00+00:00,34.99,1011.46,37.39,0,normal
2026-07-02T13:58:00+00:00,35.06,1011.45,37.6,0,normal
2026-07-02T13:59:00+00:00,34.98,1011.43,37.67,0,normal
2026-07-02T14:00:00+00:00,35.07,1011.52,37.67,0,normal
2026-07-02T14:01:00+00:00,35.22,1011.51,37.88,0,normal
2026-07-02T14:02:00+00:00,35.14,1011.54,37.39,0,normal
2026-07-02T14:03:00+00:00,35.04,1011.57,37.13,0,normal
2026-07-02T14:04:00+00:00,35.08,1011.62,37.05,0,normal
2026-07-02T14:05:00+00:00,35.0,1011.6,36.88,0,normal
2026-07-02T14:06:00+00:00,35.0,1011.61,36.85,0,normal
2026-07-02T14:07:00+00:00,35.13,1011.58,37.16,0,normal
2026-07-02T14:08:00+00:00,35.05,1011.59,37.41,0,normal
2026-07-02T14:09:00+00:00,35.14,1011.58,37.53,0,normal
2026-07-02T14:10:00+00:00,35.17,1011.56,37.65,0,normal
2026-07-02T14:11:00+00:00,35.31,1011.59,37.75,0,normal
2026-07-02T14:12:00+00:00,35.35,1011.53,37.83,0,normal
2026-07-02T14:13:00+00:00,35.26,1011.51,38.25,0,normal
2026-07-02T14:14:00+00:00,35.22,1011.48,38.45,0,normal
2026-07-02T14:15:00+00:00,35.14,1011.48,38.65,0,normal
2026-07-02T14:16:00+00:00,35.14,1011.41,38.7,0,normal
2026-07-02T14:17:00+00:00,35.1,1011.51,38.52,0,normal
2026-07-02T14:18:00+00:00,35.18,1011.61,38.31,0,normal
2026-07-02T14:19:00+00:00,35.16,1011.64,38.1,0,normal
2026-07-02T14:20:00+00:00,35.17,1011.64,38.02,0,normal
2026-07-02T14:21:00+00:00,35.17,1011.65,38.03,0,normal
2026-07-02T14:22:00+00:00,35.12,1011.64,37.99,0,normal
2026-07-02T14:23:00+00:00,35.11,1011.63,38.04,0,normal
2026-07-02T14:24:00+00:00,34.96,1011.6,37.96,0,normal
2026-07-02T14:25:00+00:00,34.89,1011.7,37.95,0,normal
2026-07-02T14:26:00+00:00,34.91,1011.68,37.93,0,normal
2026-07-02T14:27:00+00:00,34.82,1011.68,37.73,0,normal
2026-07-02T14:28:00+00:00,34.81,1011.57,37.5,0,normal
2026-07-02T14:29:00+00:00,34.93,1011.63,37.77,0,normal
2026-07-02T14:30:00+00:00,35.05,1011.67,37.68,0,normal
2026-07-02T14:31:00+00:00,34.96,1011.74,37.69,0,normal
2026-07-02T14:32:00+00:00,35.16,1011.74,38.09,0,normal
2026-07-02T14:33:00+00:00,35.14,1011.81,38.41,0,normal
2026-07-02T14:34:00+00:00,35.05,1011.8,38.17,0,normal
2026-07-02T14:35:00+00:00,34.94,1011.84,38.11,0,normal
2026-07-02T14:36:00+00:00,34.95,1011.87,37.73,0,normal
2026-07-02T14:37:00+00:00,35.05,1011.86,37.84,0,normal
2026-07-02T14:38:00+00:00,35.1,1011.94,37.82,0,normal
2026-07-02T14:39:00+00:00,34.92,1011.95,37.86,0,normal
2026-07-02T14:40:00+00:00,34.84,1011.96,37.79,0,normal
2026-07-02T14:41:00+00:00,34.73,1012.0,37.68,0,normal
2026-07-02T14:42:00+00:00,34.71,1011.98,37.94,0,normal
2026-07-02T14:43:00+00:00,34.72,1011.98,37.85,0,normal
2026-07-02T14:44:00+00:00,34.76,1012.06,37.98,0,normal
2026-07-02T14:45:00+00:00,34.83,1012.09,37.7,0,normal
2026-07-02T14:46:00+00:00,34.76,1012.08,37.57,0,normal
2026-07-02T14:47:00+00:00,34.68,1011.98,37.33,0,normal
2026-07-02T14:48:00+00:00,34.67,1011.99,37.2,0,normal
2026-07-02T14:49:00+00:00,34.69,1011.97,37.46,0,normal
2026-07-02T14:50:00+00:00,34.68,1012.02,37.53,0,normal
2026-07-02T14:51:00+00:00,34.58,1012.02,37.31,0,normal
2026-07-02T14:52:00+00:00,34.58,1011.99,37.43,0,normal
2026-07-02T14:53:00+00:00,34.49,1012.0,37.58,0,normal
2026-07-02T14:54:00+00:00,34.58,1011.97,37.61,0,normal
2026-07-02T14:55:00+00:00,34.6,1012.06,37.35,0,normal
2026-07-02T14:56:00+00:00,34.54,1012.2,37.33,0,normal
2026-07-02T14:57:00+00:00,34.4,1012.18,36.83,0,normal
2026-07-02T14:58:00+00:00,34.44,1012.22,36.72,0,normal
2026-07-02T14:59:00+00:00,34.42,1012.27,36.44,0,normal
2026-07-02T15:00:00+00:00,34.33,1012.25,36.39,0,normal
2026-07-02T15:01:00+00:00,34.33,1012.19,36.53,0,normal
2026-07-02T15:02:00+00:00,34.34,1012.22,36.66,0,normal
2026-07-02T15:03:00+00:00,34.38,1012.15,36.85,0,normal
2026-07-02T15:04:00+00:00,34.37,1012.15,37.13,0,normal
2026-07-02T15:05:00+00:00,34.33,1012.23,37.49,0,normal
2026-07-02T15:06:00+00:00,34.41,1012.18,37.1,0,normal
2026-07-02T15:07:00+00:00,34.51,1012.19,37.02,0,normal
2026-07-02T15:08:00+00:00,34.62,1012.16,37.01,0,normal
2026-07-02T15:09:00+00:00,34.66,1012.11,37.07,0,normal
2026-07-02T15:10:00+00:00,34.75,1012.14,37.4,0,normal
2026-07-02T15:11:00+00:00,34.84,1012.15,36.99,0,normal
2026-07-02T15:12:00+00:00,34.74,1012.2,36.77,0,normal
2026-07-02T15:13:00+00:00,34.71,1012.22,37.16,0,normal
2026-07-02T15:14:00+00:00,34.66,1012.2,37.22,0,normal
2026-07-02T15:15:00+00:00,34.69,1012.2,37.51,0,normal
2026-07-02T15:16:00+00:00,34.62,1012.22,37.67,0,normal
2026-07-02T15:17:00+00:00,34.59,1012.27,37.75,0,normal
2026-07-02T15:18:00+00:00,34.65,1012.29,37.88,0,normal
2026-07-02T15:19:00+00:00,34.6,1012.27,38.18,0,normal
2026-07-02T15:20:00+00:00,34.65,1012.23,38.25,0,normal
2026-07-02T15:21:00+00:00,34.45,1012.21,38.48,0,normal
2026-07-02T15:22:00+00:00,34.45,1012.23,37.91,0,normal
2026-07-02T15:23:00+00:00,34.42,1012.26,38.06,0,normal
2026-07-02T15:24:00+00:00,34.5,1012.26,38.07,0,normal
2026-07-02T15:25:00+00:00,34.4,1012.27,37.87,0,normal
2026-07-02T15:26:00+00:00,34.26,1012.23,38.24,0,normal
2026-07-02T15:27:00+00:00,34.25,1012.25,38.18,0,normal
2026-07-02T15:28:00+00:00,34.11,1012.32,37.8,0,normal
2026-07-02T15:29:00+00:00,34.09,1012.33,37.92,0,normal
2026-07-02T15:30:00+00:00,34.05,1012.25,37.83,0,normal
2026-07-02T15:31:00+00:00,34.01,1012.23,38.1,0,normal
2026-07-02T15:32:00+00:00,33.93,1012.26,38.2,0,normal
2026-07-02T15:33:00+00:00,34.03,1012.27,38.42,0,normal
2026-07-02T15:34:00+00:00,34.04,1012.31,38.17,0,normal
2026-07-02T15:35:00+00:00,33.84,1012.34,38.32,0,normal
2026-07-02T15:36:00+00:00,33.91,1012.33,38.68,0,normal
2026-07-02T15:37:00+00:00,33.89,1012.37,38.84,0,normal
2026-07-02T15:38:00+00:00,34.05,1012.37,38.75,0,normal
2026-07-02T15:39:00+00:00,33.95,1012.46,38.88,0,normal
2026-07-02T15:40:00+00:00,34.0,1012.63,38.99,0,normal
2026-07-02T15:41:00+00:00,33.91,1012.62,38.83,0,normal
2026-07-02T15:42:00+00:00,33.9,1012.61,38.77,0,normal
2026-07-02T15:43:00+00:00,33.81,1012.69,38.88,0,normal
2026-07-02T15:44:00+00:00,33.81,1012.73,39.02,0,normal
2026-07-02T15:45:00+00:00,33.86,1012.77,39.1,0,normal
2026-07-02T15:46:00+00:00,33.93,1012.8,39.17,0,normal
2026-07-02T15:47:00+00:00,33.93,1012.88,39.12,0,normal
2026-07-02T15:48:00+00:00,33.97,1012.89,39.05,0,normal
2026-07-02T15:49:00+00:00,33.92,1012.87,39.0,0,normal
2026-07-02T15:50:00+00:00,33.81,1012.83,39.11,0,normal
2026-07-02T15:51:00+00:00,33.93,1012.86,38.65,0,normal
2026-07-02T15:52:00+00:00,33.99,1012.83,38.82,0,normal
2026-07-02T15:53:00+00:00,34.0,1012.82,38.87,0,normal
2026-07-02T15:54:00+00:00,34.0,1012.89,38.94,0,normal
2026-07-02T15:55:00+00:00,34.09,1012.93,39.15,0,normal
2026-07-02T15:56:00+00:00,33.95,1012.99,39.12,0,normal
2026-07-02T15:57:00+00:00,34.01,1012.93,38.96,0,normal
2026-07-02T15:58:00+00:00,34.17,1012.88,39.27,0,normal
2026-07-02T15:59:00+00:00,34.18,1012.86,39.32,0,normal
2026-07-02T16:00:00+00:00,34.06,1012.86,39.17,0,normal
2026-07-02T16:01:00+00:00,34.03,1012.91,39.3,0,normal
2026-07-02T16:02:00+00:00,33.91,1012.95,39.37,0,normal
2026-07-02T16:03:00+00:00,33.87,1012.99,39.41,0,normal
2026-07-02T16:04:00+00:00,33.78,1013.08,39.48,0,normal
2026-07-02T16:05:00+00:00,33.78,1013.05,39.79,0,normal
2026-07-02T16:06:00+00:00,33.74,1012.97,39.71,0,normal
2026-07-02T16:07:00+00:00,33.86,1013.01,39.73,0,normal
2026-07-02T16:08:00+00:00,33.97,1013.04,39.74,0,normal
2026-07-02T16:09:00+00:00,33.95,1013.06,39.64,0,normal
2026-07-02T16:10:00+00:00,33.94,1013.07,39.38,0,normal
2026-07-02T16:11:00+00:00,33.92,1013.05,39.68,0,normal
2026-07-02T16:12:00+00:00,33.77,,39.67,1,missing_data
2026-07-02T16:13:00+00:00,33.85,,40.11,1,missing_data
2026-07-02T16:14:00+00:00,33.9,,40.22,1,missing_data
2026-07-02T16:15:00+00:00,33.86,1013.05,40.02,0,normal
2026-07-02T16:16:00+00:00,33.79,1013.07,40.34,0,normal
2026-07-02T16:17:00+00:00,33.61,1013.14,40.37,0,normal
2026-07-02T16:18:00+00:00,33.46,1012.99,40.13,0,normal
2026-07-02T16:19:00+00:00,33.47,1012.99,40.33,0,normal
2026-07-02T16:20:00+00:00,33.44,1012.94,40.32,0,normal
2026-07-02T16:21:00+00:00,33.45,1012.96,40.24,0,normal
2026-07-02T16:22:00+00:00,33.53,1012.93,40.15,0,normal
2026-07-02T16:23:00+00:00,33.49,1012.99,40.21,0,normal
2026-07-02T16:24:00+00:00,33.44,1013.05,40.73,0,normal
2026-07-02T16:25:00+00:00,33.46,1013.11,41.0,0,normal
2026-07-02T16:26:00+00:00,33.42,1013.11,40.8,0,normal
2026-07-02T16:27:00+00:00,33.41,1013.08,40.79,0,normal
2026-07-02T16:28:00+00:00,33.35,1013.07,40.96,0,normal
2026-07-02T16:29:00+00:00,33.35,1012.98,40.88,0,normal
2026-07-02T16:30:00+00:00,33.23,1013.0,41.05,0,normal
2026-07-02T16:31:00+00:00,33.26,1012.97,41.17,0,normal
2026-07-02T16:32:00+00:00,33.23,1012.92,41.39,0,normal
2026-07-02T16:33:00+00:00,33.31,1012.98,41.32,0,normal
2026-07-02T16:34:00+00:00,33.41,1012.97,41.52,0,normal
2026-07-02T16:35:00+00:00,33.36,1012.97,41.09,0,normal
2026-07-02T16:36:00+00:00,33.34,1012.99,41.09,0,normal
2026-07-02T16:37:00+00:00,33.48,1012.94,41.06,0,normal
2026-07-02T16:38:00+00:00,33.4,1012.92,41.36,0,normal
2026-07-02T16:39:00+00:00,33.51,1012.9,41.29,0,normal
2026-07-02T16:40:00+00:00,33.4,1012.99,41.6,0,normal
2026-07-02T16:41:00+00:00,33.39,1012.93,41.41,0,normal
2026-07-02T16:42:00+00:00,33.39,1012.97,41.08,0,normal
2026-07-02T16:43:00+00:00,33.36,1013.07,41.14,0,normal
2026-07-02T16:44:00+00:00,33.47,1013.11,41.03,0,normal
2026-07-02T16:45:00+00:00,33.43,1013.11,40.96,0,normal
2026-07-02T16:46:00+00:00,33.33,1013.19,40.88,0,normal
2026-07-02T16:47:00+00:00,33.41,1013.17,41.0,0,normal
2026-07-02T16:48:00+00:00,33.44,1013.15,41.24,0,normal
2026-07-02T16:49:00+00:00,33.26,1013.18,40.87,0,normal
2026-07-02T16:50:00+00:00,33.23,1013.23,41.13,0,normal
2026-07-02T16:51:00+00:00,33.11,1013.17,41.12,0,normal
2026-07-02T16:52:00+00:00,33.12,1013.08,41.25,0,normal
2026-07-02T16:53:00+00:00,33.14,1013.07,41.49,0,normal
2026-07-02T16:54:00+00:00,33.15,1013.06,41.22,0,normal
2026-07-02T16:55:00+00:00,33.15,1013.02,41.25,0,normal
2026-07-02T16:56:00+00:00,33.17,1013.11,41.38,0,normal
2026-07-02T16:57:00+00:00,33.2,1013.05,41.57,0,normal
2026-07-02T16:58:00+00:00,33.18,1013.12,41.59,0,normal
2026-07-02T16:59:00+00:00,33.14,1013.19,41.71,0,normal
2026-07-02T17:00:00+00:00,33.04,1013.32,41.62,0,normal
2026-07-02T17:01:00+00:00,33.02,1013.34,41.82,0,normal
2026-07-02T17:02:00+00:00,32.99,1013.33,41.9,0,normal
2026-07-02T17:03:00+00:00,32.89,1013.44,41.99,0,normal
2026-07-02T17:04:00+00:00,32.93,1013.42,42.06,0,normal
2026-07-02T17:05:00+00:00,32.88,1013.34,42.16,0,normal
2026-07-02T17:06:00+00:00,32.84,1013.4,42.05,0,normal
2026-07-02T17:07:00+00:00,32.78,1013.35,42.48,0,normal
2026-07-02T17:08:00+00:00,32.71,1013.38,42.8,0,normal
2026-07-02T17:09:00+00:00,32.69,1013.31,42.63,0,normal
2026-07-02T17:10:00+00:00,32.75,1013.25,42.83,0,normal
2026-07-02T17:11:00+00:00,32.75,1013.28,43.05,0,normal
2026-07-02T17:12:00+00:00,32.67,1013.23,43.3,0,normal
2026-07-02T17:13:00+00:00,32.61,1013.1,43.53,0,normal
2026-07-02T17:14:00+00:00,32.52,1013.14,43.9,0,normal
2026-07-02T17:15:00+00:00,32.52,1013.2,44.01,0,normal
2026-07-02T17:16:00+00:00,32.64,1013.16,44.08,0,normal
2026-07-02T17:17:00+00:00,32.68,1013.16,44.39,0,normal
2026-07-02T17:18:00+00:00,32.63,1013.28,44.88,0,normal
2026-07-02T17:19:00+00:00,32.64,1013.31,45.16,0,normal
2026-07-02T17:20:00+00:00,32.53,1013.25,45.45,0,normal
2026-07-02T17:21:00+00:00,32.54,1013.25,45.48,0,normal
2026-07-02T17:22:00+00:00,32.34,1013.25,45.35,0,normal
2026-07-02T17:23:00+00:00,32.41,1013.3,45.5,0,normal
2026-07-02T17:24:00+00:00,32.43,1013.24,45.65,0,normal
2026-07-02T17:25:00+00:00,32.47,1013.31,46.11,0,normal
2026-07-02T17:26:00+00:00,32.32,1013.29,45.97,0,normal
2026-07-02T17:27:00+00:00,32.32,1013.3,45.94,0,normal
2026-07-02T17:28:00+00:00,32.4,1013.25,45.76,0,normal
2026-07-02T17:29:00+00:00,32.3,1013.24,45.56,0,normal
2026-07-02T17:30:00+00:00,32.28,1013.24,45.45,0,normal
2026-07-02T17:31:00+00:00,32.34,1013.25,45.73,0,normal
2026-07-02T17:32:00+00:00,32.31,1013.26,45.67,0,normal
2026-07-02T17:33:00+00:00,32.29,1013.3,45.65,0,normal
2026-07-02T17:34:00+00:00,32.32,1013.26,45.87,0,normal
2026-07-02T17:35:00+00:00,32.25,1013.32,45.94,0,normal
2026-07-02T17:36:00+00:00,32.36,1013.26,45.7,0,normal
2026-07-02T17:37:00+00:00,32.29,1013.2,45.5,0,normal
2026-07-02T17:38:00+00:00,32.31,1013.21,45.5,0,normal
2026-07-02T17:39:00+00:00,32.26,1013.19,45.92,0,normal
2026-07-02T17:40:00+00:00,32.18,1013.14,46.16,0,normal
2026-07-02T17:41:00+00:00,32.14,1013.25,46.12,0,normal
2026-07-02T17:42:00+00:00,32.19,1013.32,46.09,0,normal
2026-07-02T17:43:00+00:00,32.11,1013.36,46.29,0,normal
2026-07-02T17:44:00+00:00,31.97,1013.31,45.86,0,normal
2026-07-02T17:45:00+00:00,32.01,1013.3,45.93,0,normal
2026-07-02T17:46:00+00:00,31.85,1013.25,45.93,0,normal
2026-07-02T17:47:00+00:00,31.79,1013.26,46.16,0,normal
2026-07-02T17:48:00+00:00,31.96,1013.27,46.48,0,normal
2026-07-02T17:49:00+00:00,31.87,1013.19,46.49,0,normal
2026-07-02T17:50:00+00:00,31.73,1013.21,46.43,0,normal
2026-07-02T17:51:00+00:00,31.56,1013.3,46.42,0,normal
2026-07-02T17:52:00+00:00,31.43,1013.35,46.38,0,normal
2026-07-02T17:53:00+00:00,31.51,1013.32,46.38,0,normal
2026-07-02T17:54:00+00:00,31.54,1013.35,46.65,0,normal
2026-07-02T17:55:00+00:00,31.52,1013.38,46.9,0,normal
2026-07-02T17:56:00+00:00,31.53,1013.37,46.71,0,normal
2026-07-02T17:57:00+00:00,31.57,1013.38,46.74,0,normal
2026-07-02T17:58:00+00:00,31.66,1013.31,47.18,0,normal
2026-07-02T17:59:00+00:00,31.64,1013.33,47.19,0,normal
2026-07-02T18:00:00+00:00,31.48,1013.32,47.36,0,normal
2026-07-02T18:01:00+00:00,31.53,1013.32,47.02,0,normal
2026-07-02T18:02:00+00:00,31.39,1013.42,46.92,0,normal
2026-07-02T18:03:00+00:00,31.49,1013.37,47.01,0,normal
2026-07-02T18:04:00+00:00,31.52,1013.33,47.45,0,normal
2026-07-02T18:05:00+00:00,31.51,1013.36,47.51,0,normal
2026-07-02T18:06:00+00:00,31.54,1013.44,47.59,0,normal
2026-07-02T18:07:00+00:00,31.65,1013.4,47.85,0,normal
2026-07-02T18:08:00+00:00,31.66,1013.35,48.0,0,normal
2026-07-02T18:09:00+00:00,31.63,1013.3,48.17,0,normal
2026-07-02T18:10:00+00:00,31.61,1013.3,48.25,0,normal
2026-07-02T18:11:00+00:00,31.57,1013.29,48.38,0,normal
2026-07-02T18:12:00+00:00,31.48,1013.42,48.19,0,normal
2026-07-02T18:13:00+00:00,31.4,1013.39,48.7,0,normal
2026-07-02T18:14:00+00:00,31.27,1013.41,48.84,0,normal
2026-07-02T18:15:00+00:00,31.27,1013.47,49.17,0,normal
2026-07-02T18:16:00+00:00,31.21,1013.47,48.87,0,normal
2026-07-02T18:17:00+00:00,31.2,1013.42,48.92,0,normal
2026-07-02T18:18:00+00:00,31.04,1013.44,48.68,0,normal
2026-07-02T18:19:00+00:00,31.04,1013.37,48.62,0,normal
2026-07-02T18:20:00+00:00,31.11,1013.39,48.97,0,normal
2026-07-02T18:21:00+00:00,31.21,1013.35,49.37,0,normal
2026-07-02T18:22:00+00:00,31.06,1013.38,49.36,0,normal
2026-07-02T18:23:00+00:00,30.96,1013.41,49.65,0,normal
2026-07-02T18:24:00+00:00,31.02,1013.41,49.76,0,normal
2026-07-02T18:25:00+00:00,31.03,1013.42,49.95,0,normal
2026-07-02T18:26:00+00:00,31.02,1013.45,49.71,0,normal
2026-07-02T18:27:00+00:00,30.98,1013.38,49.86,0,normal
2026-07-02T18:28:00+00:00,31.09,1013.34,49.98,0,normal
2026-07-02T18:29:00+00:00,31.11,1013.24,49.97,0,normal
2026-07-02T18:30:00+00:00,31.11,1013.09,49.87,0,normal
2026-07-02T18:31:00+00:00,31.16,1013.15,50.05,0,normal
2026-07-02T18:32:00+00:00,31.18,1013.16,50.27,0,normal
2026-07-02T18:33:00+00:00,31.11,1013.17,50.24,0,normal
2026-07-02T18:34:00+00:00,31.17,1013.25,50.62,0,normal
2026-07-02T18:35:00+00:00,31.09,1013.2,50.96,0,normal
2026-07-02T18:36:00+00:00,31.09,1013.21,50.91,0,normal
2026-07-02T18:37:00+00:00,31.08,1013.16,51.12,0,normal
2026-07-02T18:38:00+00:00,31.14,1013.24,51.34,0,normal
2026-07-02T18:39:00+00:00,30.98,1013.24,51.84,0,normal
2026-07-02T18:40:00+00:00,30.86,1013.24,52.18,0,normal
2026-07-02T18:41:00+00:00,30.87,1013.36,52.07,0,normal
2026-07-02T18:42:00+00:00,30.75,1013.41,51.88,0,normal
2026-07-02T18:43:00+00:00,30.69,1013.39,52.15,0,normal
2026-07-02T18:44:00+00:00,30.7,1013.4,52.13,0,normal
2026-07-02T18:45:00+00:00,30.76,1013.58,52.33,0,normal
2026-07-02T18:46:00+00:00,30.72,1013.49,52.26,0,normal
2026-07-02T18:47:00+00:00,30.66,1013.45,52.32,0,normal
2026-07-02T18:48:00+00:00,30.76,1013.49,52.35,0,normal
2026-07-02T18:49:00+00:00,30.62,1013.54,52.42,0,normal
2026-07-02T18:50:00+00:00,30.43,1013.55,52.69,0,normal
2026-07-02T18:51:00+00:00,30.2,1013.48,52.73,0,normal
2026-07-02T18:52:00+00:00,30.24,1013.43,52.63,0,normal
2026-07-02T18:53:00+00:00,30.27,1013.39,52.82,0,normal
2026-07-02T18:54:00+00:00,30.14,1013.3,53.04,0,normal
2026-07-02T18:55:00+00:00,30.14,1013.33,53.0,0,normal
2026-07-02T18:56:00+00:00,30.04,1013.38,52.77,0,normal
2026-07-02T18:57:00+00:00,30.12,1013.43,53.03,0,normal
2026-07-02T18:58:00+00:00,30.03,1013.37,53.06,0,normal
2026-07-02T18:59:00+00:00,29.9,1013.3,53.28,0,normal
2026-07-02T19:00:00+00:00,29.93,1013.23,53.49,0,normal
2026-07-02T19:01:00+00:00,29.94,1013.29,53.68,0,normal
2026-07-02T19:02:00+00:00,29.99,1013.29,53.94,0,normal
2026-07-02T19:03:00+00:00,29.86,1013.27,53.99,0,normal
2026-07-02T19:04:00+00:00,29.81,1013.27,54.18,0,normal
2026-07-02T19:05:00+00:00,29.81,1013.25,54.09,0,normal
2026-07-02T19:06:00+00:00,29.87,1013.24,53.96,0,normal
2026-07-02T19:07:00+00:00,29.82,1013.14,54.04,0,normal
2026-07-02T19:08:00+00:00,29.78,1013.1,54.44,0,normal
2026-07-02T19:09:00+00:00,29.65,1013.12,54.94,0,normal
2026-07-02T19:10:00+00:00,29.71,1013.1,54.76,0,normal
2026-07-02T19:11:00+00:00,29.57,1013.07,54.68,0,normal
2026-07-02T19:12:00+00:00,29.49,1013.04,54.73,0,normal
2026-07-02T19:13:00+00:00,29.5,1012.96,54.66,0,normal
2026-07-02T19:14:00+00:00,29.46,1012.94,55.11,0,normal
2026-07-02T19:15:00+00:00,29.45,1012.85,55.25,0,normal
2026-07-02T19:16:00+00:00,29.47,1012.84,55.07,0,normal
2026-07-02T19:17:00+00:00,29.58,1012.78,55.28,0,normal
2026-07-02T19:18:00+00:00,29.56,1012.81,55.69,0,normal
2026-07-02T19:19:00+00:00,29.57,1012.78,55.96,0,normal
2026-07-02T19:20:00+00:00,29.48,1012.78,55.75,0,normal
2026-07-02T19:21:00+00:00,29.36,1012.78,55.88,0,normal
2026-07-02T19:22:00+00:00,29.19,1012.8,55.77,0,normal
2026-07-02T19:23:00+00:00,29.27,1012.77,55.62,0,normal
2026-07-02T19:24:00+00:00,29.24,1012.72,55.95,0,normal
2026-07-02T19:25:00+00:00,29.21,1012.71,56.14,0,normal
2026-07-02T19:26:00+00:00,29.1,1012.64,56.29,0,normal
2026-07-02T19:27:00+00:00,28.98,1012.58,56.52,0,normal
2026-07-02T19:28:00+00:00,29.0,1012.52,56.45,0,normal
2026-07-02T19:29:00+00:00,28.9,1012.61,56.7,0,normal
2026-07-02T19:30:00+00:00,28.85,1012.64,56.49,0,normal
2026-07-02T19:31:00+00:00,28.77,1012.64,56.65,0,normal
2026-07-02T19:32:00+00:00,28.75,1012.64,56.74,0,normal
2026-07-02T19:33:00+00:00,28.71,1012.62,56.73,0,normal
2026-07-02T19:34:00+00:00,28.71,1012.64,56.84,0,normal
2026-07-02T19:35:00+00:00,28.6,1012.58,57.0,0,normal
2026-07-02T19:36:00+00:00,28.7,1012.58,56.99,0,normal
2026-07-02T19:37:00+00:00,28.69,1012.52,57.33,0,normal
2026-07-02T19:38:00+00:00,28.68,1012.48,57.37,0,normal
2026-07-02T19:39:00+00:00,28.61,1012.54,57.4,0,normal
2026-07-02T19:40:00+00:00,28.6,1012.56,57.32,0,normal
2026-07-02T19:41:00+00:00,28.59,1012.57,57.1,0,normal
2026-07-02T19:42:00+00:00,28.58,1012.56,57.22,0,normal
2026-07-02T19:43:00+00:00,28.56,1012.56,57.59,0,normal
2026-07-02T19:44:00+00:00,28.44,1012.53,57.81,0,normal
2026-07-02T19:45:00+00:00,28.45,1012.54,58.44,0,normal
2026-07-02T19:46:00+00:00,28.47,1012.59,58.43,0,normal
2026-07-02T19:47:00+00:00,28.36,1012.56,58.63,0,normal
2026-07-02T19:48:00+00:00,28.37,1012.56,58.65,0,normal
2026-07-02T19:49:00+00:00,28.31,1012.54,58.85,0,normal
2026-07-02T19:50:00+00:00,28.35,1012.47,59.06,0,normal
2026-07-02T19:51:00+00:00,28.27,1012.48,59.07,0,normal
2026-07-02T19:52:00+00:00,28.37,1012.45,59.16,0,normal
2026-07-02T19:53:00+00:00,28.38,1012.39,59.19,0,normal
2026-07-02T19:54:00+00:00,28.33,1012.36,59.16,0,normal
2026-07-02T19:55:00+00:00,28.38,1012.32,59.34,0,normal
2026-07-02T19:56:00+00:00,28.37,1012.24,59.51,0,normal
2026-07-02T19:57:00+00:00,28.21,1012.26,59.46,0,normal
2026-07-02T19:58:00+00:00,28.18,1012.19,59.55,0,normal
2026-07-02T19:59:00+00:00,28.22,1012.14,59.5,0,normal
2026-07-02T20:00:00+00:00,28.22,1012.16,59.08,0,normal
2026-07-02T20:01:00+00:00,28.34,1012.18,59.32,0,normal
2026-07-02T20:02:00+00:00,28.28,1012.08,59.55,0,normal
2026-07-02T20:03:00+00:00,28.19,1012.11,59.59,0,normal
2026-07-02T20:04:00+00:00,28.16,1012.06,59.85,0,normal
2026-07-02T20:05:00+00:00,28.02,1012.17,60.38,0,normal
2026-07-02T20:06:00+00:00,28.11,1012.22,60.43,1,frozen_sensor
2026-07-02T20:07:00+00:00,28.16,1012.2,60.43,1,frozen_sensor
2026-07-02T20:08:00+00:00,28.23,1012.25,60.43,1,frozen_sensor
2026-07-02T20:09:00+00:00,28.08,1012.2,60.43,1,frozen_sensor
2026-07-02T20:10:00+00:00,28.11,1012.1,60.43,1,frozen_sensor
2026-07-02T20:11:00+00:00,27.99,1012.02,60.43,1,frozen_sensor
2026-07-02T20:12:00+00:00,27.92,1012.05,60.43,1,frozen_sensor
2026-07-02T20:13:00+00:00,27.81,1011.92,60.43,1,frozen_sensor
2026-07-02T20:14:00+00:00,27.91,1012.02,60.43,1,frozen_sensor
2026-07-02T20:15:00+00:00,27.8,1012.0,60.43,1,frozen_sensor
2026-07-02T20:16:00+00:00,27.71,1012.0,60.43,1,frozen_sensor
2026-07-02T20:17:00+00:00,27.63,1011.96,60.43,1,frozen_sensor
2026-07-02T20:18:00+00:00,27.51,1011.97,60.56,0,normal
2026-07-02T20:19:00+00:00,27.49,1012.03,60.65,0,normal
2026-07-02T20:20:00+00:00,27.52,1011.92,60.67,0,normal
2026-07-02T20:21:00+00:00,27.49,1012.0,60.41,0,normal
2026-07-02T20:22:00+00:00,27.44,1012.06,60.39,0,normal
2026-07-02T20:23:00+00:00,27.39,1012.06,60.58,0,normal
2026-07-02T20:24:00+00:00,27.47,1012.06,60.99,0,normal
2026-07-02T20:25:00+00:00,27.4,1012.0,61.07,0,normal
2026-07-02T20:26:00+00:00,27.27,1012.0,61.12,0,normal
2026-07-02T20:27:00+00:00,27.18,1012.0,61.03,0,normal
2026-07-02T20:28:00+00:00,27.21,1011.96,61.4,0,normal
2026-07-02T20:29:00+00:00,27.14,1011.97,61.57,0,normal
2026-07-02T20:30:00+00:00,27.16,1011.95,61.36,0,normal
2026-07-02T20:31:00+00:00,27.21,1011.92,61.66,0,normal
2026-07-02T20:32:00+00:00,27.22,1011.86,61.61,0,normal
2026-07-02T20:33:00+00:00,27.23,1011.82,61.93,0,normal
2026-07-02T20:34:00+00:00,27.17,1011.85,62.15,0,normal
2026-07-02T20:35:00+00:00,27.15,1011.81,62.32,0,normal
2026-07-02T20:36:00+00:00,27.2,1011.79,62.54,0,normal
2026-07-02T20:37:00+00:00,27.15,1011.77,63.0,0,normal
2026-07-02T20:38:00+00:00,27.2,1011.76,63.14,0,normal
2026-07-02T20:39:00+00:00,27.09,1011.73,63.3,0,normal
2026-07-02T20:40:00+00:00,27.11,1011.74,63.17,0,normal
2026-07-02T20:41:00+00:00,27.14,1011.72,63.07,0,normal
2026-07-02T20:42:00+00:00,27.19,1011.77,63.24,0,normal
2026-07-02T20:43:00+00:00,27.19,1011.78,63.63,0,normal
2026-07-02T20:44:00+00:00,27.18,1011.68,64.12,0,normal
2026-07-02T20:45:00+00:00,27.21,1011.64,63.99,0,normal
2026-07-02T20:46:00+00:00,27.18,1011.6,64.15,0,normal
2026-07-02T20:47:00+00:00,27.18,1011.55,64.01,0,normal
2026-07-02T20:48:00+00:00,27.14,1011.5,64.13,0,normal
2026-07-02T20:49:00+00:00,26.97,1011.47,64.37,0,normal
2026-07-02T20:50:00+00:00,26.96,1011.41,64.23,0,normal
2026-07-02T20:51:00+00:00,26.9,1011.42,64.41,0,normal
2026-07-02T20:52:00+00:00,26.8,1011.42,64.81,0,normal
2026-07-02T20:53:00+00:00,26.76,1011.32,64.93,0,normal
2026-07-02T20:54:00+00:00,26.87,1011.24,65.02,0,normal
2026-07-02T20:55:00+00:00,26.79,1011.23,65.14,0,normal
2026-07-02T20:56:00+00:00,26.82,1011.23,65.48,0,normal
2026-07-02T20:57:00+00:00,26.74,1011.19,65.41,0,normal
2026-07-02T20:58:00+00:00,26.54,1011.2,65.9,0,normal
2026-07-02T20:59:00+00:00,26.52,1011.22,65.88,0,normal
2026-07-02T21:00:00+00:00,26.45,1011.25,66.35,0,normal
2026-07-02T21:01:00+00:00,26.51,1011.27,66.4,0,normal
2026-07-02T21:02:00+00:00,26.48,1011.21,66.16,0,normal
2026-07-02T21:03:00+00:00,26.33,1011.2,66.17,0,normal
2026-07-02T21:04:00+00:00,26.16,1011.18,66.17,0,normal
2026-07-02T21:05:00+00:00,26.02,1011.14,66.19,0,normal
2026-07-02T21:06:00+00:00,25.94,1011.17,65.89,0,normal
2026-07-02T21:07:00+00:00,25.74,1011.15,66.01,0,normal
2026-07-02T21:08:00+00:00,25.75,1011.1,65.92,0,normal
2026-07-02T21:09:00+00:00,25.71,1011.06,66.34,0,normal
2026-07-02T21:10:00+00:00,25.66,1011.04,66.93,0,normal
2026-07-02T21:11:00+00:00,25.62,1011.05,67.13,0,normal
2026-07-02T21:12:00+00:00,25.65,1011.04,67.23,0,normal
2026-07-02T21:13:00+00:00,25.62,1010.99,67.36,0,normal
2026-07-02T21:14:00+00:00,25.75,1011.03,67.48,0,normal
2026-07-02T21:15:00+00:00,25.78,1010.97,67.49,0,normal
2026-07-02T21:16:00+00:00,25.82,1011.02,67.4,0,normal
2026-07-02T21:17:00+00:00,25.73,1011.11,67.49,0,normal
2026-07-02T21:18:00+00:00,25.83,1011.09,67.62,0,normal
2026-07-02T21:19:00+00:00,25.76,1011.11,67.96,0,normal
2026-07-02T21:20:00+00:00,25.63,1011.06,68.21,0,normal
2026-07-02T21:21:00+00:00,25.57,1011.0,68.47,0,normal
2026-07-02T21:22:00+00:00,25.62,1010.95,68.55,0,normal
2026-07-02T21:23:00+00:00,25.48,1010.88,68.63,0,normal
2026-07-02T21:24:00+00:00,25.44,1010.81,68.53,0,normal
2026-07-02T21:25:00+00:00,25.31,1010.81,68.2,0,normal
2026-07-02T21:26:00+00:00,25.2,1010.7,68.36,0,normal
2026-07-02T21:27:00+00:00,25.02,1010.68,68.77,0,normal
2026-07-02T21:28:00+00:00,25.13,1010.57,68.89,0,normal
2026-07-02T21:29:00+00:00,25.02,1010.5,68.92,0,normal
2026-07-02T21:30:00+00:00,25.09,1010.52,68.84,0,normal
2026-07-02T21:31:00+00:00,25.12,1010.39,68.77,0,normal
2026-07-02T21:32:00+00:00,25.02,1010.39,68.81,0,normal
2026-07-02T21:33:00+00:00,24.97,1010.37,68.9,0,normal
2026-07-02T21:34:00+00:00,24.98,1010.37,68.92,0,normal
2026-07-02T21:35:00+00:00,24.98,1010.4,68.9,0,normal
2026-07-02T21:36:00+00:00,24.94,1010.45,68.77,0,normal
2026-07-02T21:37:00+00:00,25.05,1010.37,68.81,0,normal
2026-07-02T21:38:00+00:00,24.94,1010.46,68.82,0,normal
2026-07-02T21:39:00+00:00,24.86,1010.43,68.95,0,normal
2026-07-02T21:40:00+00:00,24.8,1010.4,68.36,0,normal
2026-07-02T21:41:00+00:00,24.77,1010.39,68.71,0,normal
2026-07-02T21:42:00+00:00,24.84,1010.36,69.0,0,normal
2026-07-02T21:43:00+00:00,24.71,1010.38,69.01,0,normal
2026-07-02T21:44:00+00:00,24.58,1010.35,69.42,0,normal
2026-07-02T21:45:00+00:00,24.57,1010.41,69.38,0,normal
2026-07-02T21:46:00+00:00,24.62,1010.36,69.55,0,normal
2026-07-02T21:47:00+00:00,24.61,1010.37,69.71,0,normal
2026-07-02T21:48:00+00:00,24.51,1010.39,70.17,0,normal
2026-07-02T21:49:00+00:00,24.43,1010.27,70.36,0,normal
2026-07-02T21:50:00+00:00,24.38,1010.25,70.56,0,normal
2026-07-02T21:51:00+00:00,24.31,1010.21,70.63,0,normal
2026-07-02T21:52:00+00:00,24.41,1010.2,70.46,0,normal
2026-07-02T21:53:00+00:00,24.28,1010.19,70.34,0,normal
2026-07-02T21:54:00+00:00,24.12,1010.2,70.58,0,normal
2026-07-02T21:55:00+00:00,24.07,1010.19,70.72,0,normal
2026-07-02T21:56:00+00:00,24.1,1010.2,70.3,0,normal
2026-07-02T21:57:00+00:00,24.06,1010.21,70.34,0,normal
2026-07-02T21:58:00+00:00,24.04,1010.22,70.49,0,normal
2026-07-02T21:59:00+00:00,24.14,1010.25,70.59,0,normal
2026-07-02T22:00:00+00:00,24.09,1010.08,70.65,0,normal
2026-07-02T22:01:00+00:00,23.95,1010.07,70.8,0,normal
2026-07-02T22:02:00+00:00,23.99,1010.12,70.92,0,normal
2026-07-02T22:03:00+00:00,24.14,1010.11,70.78,0,normal
2026-07-02T22:04:00+00:00,24.06,1010.06,71.03,0,normal
2026-07-02T22:05:00+00:00,23.95,1010.02,71.13,0,normal
2026-07-02T22:06:00+00:00,23.89,1010.04,71.38,0,normal
2026-07-02T22:07:00+00:00,23.95,1010.0,71.74,0,normal
2026-07-02T22:08:00+00:00,23.81,1009.91,71.6,0,normal
2026-07-02T22:09:00+00:00,23.78,1009.95,71.6,0,normal
2026-07-02T22:10:00+00:00,23.72,1009.92,71.83,0,normal
2026-07-02T22:11:00+00:00,23.66,1009.87,71.68,0,normal
2026-07-02T22:12:00+00:00,23.59,1009.91,71.82,0,normal
2026-07-02T22:13:00+00:00,23.51,1009.95,71.83,0,normal
2026-07-02T22:14:00+00:00,23.6,1009.99,71.97,0,normal
2026-07-02T22:15:00+00:00,23.46,1010.08,72.17,0,normal
2026-07-02T22:16:00+00:00,23.41,1010.09,72.43,0,normal
2026-07-02T22:17:00+00:00,23.5,1010.02,72.6,0,normal
2026-07-02T22:18:00+00:00,23.38,1010.02,72.7,0,normal
2026-07-02T22:19:00+00:00,23.38,1009.98,72.76,0,normal
2026-07-02T22:20:00+00:00,23.29,1009.99,73.17,0,normal
2026-07-02T22:21:00+00:00,23.23,1009.98,73.34,0,normal
2026-07-02T22:22:00+00:00,23.21,1009.87,73.17,0,normal
2026-07-02T22:23:00+00:00,23.13,1009.73,73.55,0,normal
2026-07-02T22:24:00+00:00,23.14,1009.71,73.2,0,normal
2026-07-02T22:25:00+00:00,22.98,1009.68,73.7,0,normal
2026-07-02T22:26:00+00:00,22.92,1009.7,73.7,0,normal
2026-07-02T22:27:00+00:00,22.91,1009.74,73.72,0,normal
2026-07-02T22:28:00+00:00,22.85,1009.78,73.82,0,normal
2026-07-02T22:29:00+00:00,22.93,1009.72,74.2,0,normal
2026-07-02T22:30:00+00:00,22.94,1009.71,74.31,0,normal
2026-07-02T22:31:00+00:00,22.88,1009.68,74.3,0,normal
2026-07-02T22:32:00+00:00,22.94,1009.64,74.08,0,normal
2026-07-02T22:33:00+00:00,22.79,1009.53,74.3,0,normal
2026-07-02T22:34:00+00:00,22.69,1009.52,74.42,0,normal
2026-07-02T22:35:00+00:00,22.67,1009.52,74.54,0,normal
2026-07-02T22:36:00+00:00,22.45,1009.48,74.72,0,normal
2026-07-02T22:37:00+00:00,22.58,1009.54,74.53,0,normal
2026-07-02T22:38:00+00:00,22.55,1009.44,74.93,0,normal
2026-07-02T22:39:00+00:00,22.62,1009.43,75.05,0,normal
2026-07-02T22:40:00+00:00,22.72,1009.47,75.36,0,normal
2026-07-02T22:41:00+00:00,22.74,1009.43,75.58,0,normal
2026-07-02T22:42:00+00:00,22.78,1009.39,75.58,0,normal
2026-07-02T22:43:00+00:00,22.85,1009.46,75.49,0,normal
2026-07-02T22:44:00+00:00,22.8,1009.45,75.66,0,normal
2026-07-02T22:45:00+00:00,22.73,1009.51,75.82,0,normal
2026-07-02T22:46:00+00:00,22.75,1009.57,75.8,0,normal
2026-07-02T22:47:00+00:00,22.71,1009.47,75.84,0,normal
2026-07-02T22:48:00+00:00,22.57,1009.48,75.99,0,normal
2026-07-02T22:49:00+00:00,22.52,1009.44,76.22,0,normal
2026-07-02T22:50:00+00:00,22.41,1009.42,76.42,0,normal
2026-07-02T22:51:00+00:00,22.25,1009.43,76.14,0,normal
2026-07-02T22:52:00+00:00,22.23,1009.34,76.51,0,normal
2026-07-02T22:53:00+00:00,22.13,1009.23,76.6,0,normal
2026-07-02T22:54:00+00:00,22.09,1009.13,76.76,0,normal
2026-07-02T22:55:00+00:00,21.93,1009.06,76.7,0,normal
2026-07-02T22:56:00+00:00,21.99,1009.11,76.99,0,normal
2026-07-02T22:57:00+00:00,21.98,1008.97,77.12,0,normal
2026-07-02T22:58:00+00:00,22.09,1009.02,77.26,0,normal
2026-07-02T22:59:00+00:00,21.99,1008.97,77.7,0,normal
2026-07-02T23:00:00+00:00,21.87,1008.9,77.92,0,normal
2026-07-02T23:01:00+00:00,21.83,1008.83,78.25,0,normal
2026-07-02T23:02:00+00:00,21.87,1008.8,78.03,0,normal
2026-07-02T23:03:00+00:00,22.02,1008.79,78.33,0,normal
2026-07-02T23:04:00+00:00,22.08,1008.76,78.25,0,normal
2026-07-02T23:05:00+00:00,22.18,1008.83,77.89,0,normal
2026-07-02T23:06:00+00:00,22.2,1008.81,77.73,0,normal
2026-07-02T23:07:00+00:00,22.2,1008.73,77.69,0,normal
2026-07-02T23:08:00+00:00,22.1,1008.7,77.74,0,normal
2026-07-02T23:09:00+00:00,22.0,1008.77,77.9,0,normal
2026-07-02T23:10:00+00:00,22.12,1008.75,77.85,0,normal
2026-07-02T23:11:00+00:00,22.24,1008.71,77.88,0,normal
2026-07-02T23:12:00+00:00,22.26,1008.64,78.09,0,normal
2026-07-02T23:13:00+00:00,22.27,1008.7,78.33,0,normal
2026-07-02T23:14:00+00:00,22.33,1008.68,78.21,0,normal
2026-07-02T23:15:00+00:00,22.46,1008.6,77.99,0,normal
2026-07-02T23:16:00+00:00,22.46,1008.67,78.1,0,normal
2026-07-02T23:17:00+00:00,22.48,1008.56,78.08,0,normal
2026-07-02T23:18:00+00:00,22.28,1008.6,77.85,0,normal
2026-07-02T23:19:00+00:00,22.13,1008.61,78.16,0,normal
2026-07-02T23:20:00+00:00,22.08,1008.63,78.35,0,normal
2026-07-02T23:21:00+00:00,22.03,1008.57,78.54,0,normal
2026-07-02T23:22:00+00:00,22.04,1008.6,78.68,0,normal
2026-07-02T23:23:00+00:00,21.91,1008.63,78.75,0,normal
2026-07-02T23:24:00+00:00,21.84,1008.6,100.0,1,humidity_spike
2026-07-02T23:25:00+00:00,21.69,1008.54,98.43,1,humidity_spike
2026-07-02T23:26:00+00:00,21.75,1008.45,93.94,1,humidity_spike
2026-07-02T23:27:00+00:00,21.63,1008.32,100.0,1,humidity_spike
2026-07-02T23:28:00+00:00,21.74,1008.28,94.36,1,humidity_spike
2026-07-02T23:29:00+00:00,21.68,1008.26,100.0,1,humidity_spike
2026-07-02T23:30:00+00:00,21.73,1008.2,97.17,1,humidity_spike
2026-07-02T23:31:00+00:00,21.56,1008.1,80.23,0,normal
2026-07-02T23:32:00+00:00,21.52,1008.04,80.22,0,normal
2026-07-02T23:33:00+00:00,21.53,1008.05,79.93,0,normal
2026-07-02T23:34:00+00:00,21.65,1008.11,79.91,0,normal
2026-07-02T23:35:00+00:00,21.6,1008.14,79.73,0,normal
2026-07-02T23:36:00+00:00,21.59,1008.08,79.78,0,normal
2026-07-02T23:37:00+00:00,21.47,1008.03,80.17,0,normal
2026-07-02T23:38:00+00:00,21.45,1008.05,79.82,0,normal
2026-07-02T23:39:00+00:00,21.37,1008.09,79.93,0,normal
2026-07-02T23:40:00+00:00,21.18,1008.1,80.07,0,normal
2026-07-02T23:41:00+00:00,21.27,1008.08,79.68,0,normal
2026-07-02T23:42:00+00:00,21.17,1008.03,79.91,0,normal
2026-07-02T23:43:00+00:00,20.93,1008.02,80.27,0,normal
2026-07-02T23:44:00+00:00,20.93,1008.07,80.01,0,normal
2026-07-02T23:45:00+00:00,20.79,1008.15,80.11,0,normal
2026-07-02T23:46:00+00:00,20.8,1008.09,80.2,0,normal
2026-07-02T23:47:00+00:00,20.7,1008.16,80.82,0,normal
2026-07-02T23:48:00+00:00,20.74,1008.13,80.36,0,normal
2026-07-02T23:49:00+00:00,20.61,1008.2,80.23,0,normal
2026-07-02T23:50:00+00:00,20.58,1008.23,80.61,0,normal
2026-07-02T23:51:00+00:00,20.57,1008.21,80.69,0,normal
2026-07-02T23:52:00+00:00,20.52,1008.18,80.84,0,normal
2026-07-02T23:53:00+00:00,20.54,1008.28,80.99,0,normal
2026-07-02T23:54:00+00:00,20.64,1008.22,81.16,0,normal
2026-07-02T23:55:00+00:00,20.58,1008.23,81.35,0,normal
2026-07-02T23:56:00+00:00,20.58,1008.35,81.68,0,normal
2026-07-02T23:57:00+00:00,20.67,1008.37,82.07,0,normal
2026-07-02T23:58:00+00:00,20.55,1008.43,81.88,0,normal
2026-07-02T23:59:00+00:00,20.5,1008.44,82.16,0,normal
2026-07-03T00:00:00+00:00,20.41,1008.4,82.2,0,normal
2026-07-03T00:01:00+00:00,20.4,1008.42,82.9,0,normal
2026-07-03T00:02:00+00:00,20.43,1008.37,82.63,0,normal
2026-07-03T00:03:00+00:00,20.41,1008.31,82.73,0,normal
2026-07-03T00:04:00+00:00,20.44,1008.27,83.13,0,normal
2026-07-03T00:05:00+00:00,20.38,1008.25,83.24,0,normal
2026-07-03T00:06:00+00:00,20.45,1008.31,83.31,0,normal
2026-07-03T00:07:00+00:00,20.53,1008.26,83.47,0,normal
2026-07-03T00:08:00+00:00,20.59,1008.33,83.11,0,normal
2026-07-03T00:09:00+00:00,20.51,1008.35,82.58,0,normal
2026-07-03T00:10:00+00:00,20.54,1008.39,82.49,0,normal
2026-07-03T00:11:00+00:00,20.49,1008.32,82.42,0,normal
2026-07-03T00:12:00+00:00,20.44,1008.27,82.31,0,normal
2026-07-03T00:13:00+00:00,20.41,1008.24,82.74,0,normal
2026-07-03T00:14:00+00:00,20.36,1008.25,82.65,0,normal
2026-07-03T00:15:00+00:00,20.31,1008.15,82.37,0,normal
2026-07-03T00:16:00+00:00,20.21,1008.15,82.64,0,normal
2026-07-03T00:17:00+00:00,20.06,1008.12,82.41,0,normal
2026-07-03T00:18:00+00:00,20.04,1008.17,82.38,0,normal
2026-07-03T00:19:00+00:00,20.05,1008.23,82.53,0,normal
2026-07-03T00:20:00+00:00,19.99,1008.23,82.42,0,normal
2026-07-03T00:21:00+00:00,20.03,1008.24,82.21,0,normal
2026-07-03T00:22:00+00:00,20.04,1008.22,82.4,0,normal
2026-07-03T00:23:00+00:00,20.11,1008.23,82.41,0,normal
2026-07-03T00:24:00+00:00,20.18,1008.18,82.22,0,normal
2026-07-03T00:25:00+00:00,19.92,1008.16,82.14,0,normal
2026-07-03T00:26:00+00:00,19.96,1008.05,82.1,0,normal
2026-07-03T00:27:00+00:00,19.99,1008.0,82.28,0,normal
2026-07-03T00:28:00+00:00,19.95,1008.0,82.49,0,normal
2026-07-03T00:29:00+00:00,20.03,1008.0,82.41,0,normal
2026-07-03T00:30:00+00:00,19.99,1008.03,82.29,0,normal
2026-07-03T00:31:00+00:00,19.97,1008.01,82.37,0,normal
2026-07-03T00:32:00+00:00,19.89,1007.91,82.57,0,normal
2026-07-03T00:33:00+00:00,19.96,1007.82,82.73,0,normal
2026-07-03T00:34:00+00:00,20.05,1007.86,82.73,0,normal
2026-07-03T00:35:00+00:00,19.96,1007.87,82.86,0,normal
2026-07-03T00:36:00+00:00,19.96,1007.87,82.72,0,normal
2026-07-03T00:37:00+00:00,19.99,1007.89,82.85,0,normal
2026-07-03T00:38:00+00:00,19.99,1007.98,82.81,0,normal
2026-07-03T00:39:00+00:00,20.08,1007.94,83.12,0,normal
2026-07-03T00:40:00+00:00,20.17,1007.93,83.53,0,normal
2026-07-03T00:41:00+00:00,20.19,1007.89,83.52,0,normal
2026-07-03T00:42:00+00:00,20.26,1007.94,83.37,0,normal
2026-07-03T00:43:00+00:00,20.22,1007.95,83.33,0,normal
2026-07-03T00:44:00+00:00,20.38,1007.96,83.4,0,normal
2026-07-03T00:45:00+00:00,20.44,1007.94,83.67,0,normal
2026-07-03T00:46:00+00:00,20.27,1007.92,83.94,0,normal
2026-07-03T00:47:00+00:00,20.37,1007.88,83.82,0,normal
2026-07-03T00:48:00+00:00,20.38,1007.85,83.82,0,normal
2026-07-03T00:49:00+00:00,20.42,1007.83,83.49,0,normal
2026-07-03T00:50:00+00:00,20.27,1007.84,83.2,0,normal
2026-07-03T00:51:00+00:00,20.22,1007.78,83.62,0,normal
2026-07-03T00:52:00+00:00,20.36,1007.73,83.75,0,normal
2026-07-03T00:53:00+00:00,20.25,1007.73,84.18,0,normal
2026-07-03T00:54:00+00:00,20.18,1007.72,84.05,0,normal
2026-07-03T00:55:00+00:00,20.24,1007.57,84.02,0,normal
2026-07-03T00:56:00+00:00,20.2,1007.56,84.26,0,normal
2026-07-03T00:57:00+00:00,20.26,1007.51,84.73,0,normal
2026-07-03T00:58:00+00:00,20.11,1007.6,84.8,0,normal
2026-07-03T00:59:00+00:00,20.04,1007.6,84.82,0,normal
2026-07-03T01:00:00+00:00,20.03,1007.57,84.81,0,normal
2026-07-03T01:01:00+00:00,19.95,1007.53,84.68,0,normal
2026-07-03T01:02:00+00:00,19.83,1007.53,84.81,0,normal
2026-07-03T01:03:00+00:00,19.82,1007.65,84.41,0,normal
2026-07-03T01:04:00+00:00,19.84,1007.67,84.63,0,normal
2026-07-03T01:05:00+00:00,19.88,1007.67,84.72,0,normal
2026-07-03T01:06:00+00:00,19.8,1007.72,84.39,0,normal
2026-07-03T01:07:00+00:00,19.84,1007.73,84.36,0,normal
2026-07-03T01:08:00+00:00,19.8,1007.74,84.69,0,normal
2026-07-03T01:09:00+00:00,20.04,1007.81,84.63,0,normal
2026-07-03T01:10:00+00:00,20.06,1007.86,84.51,0,normal
2026-07-03T01:11:00+00:00,19.93,1007.86,84.74,0,normal
2026-07-03T01:12:00+00:00,19.77,1007.83,84.91,0,normal
2026-07-03T01:13:00+00:00,19.75,1007.91,84.68,0,normal
2026-07-03T01:14:00+00:00,19.92,1007.84,84.34,0,normal
2026-07-03T01:15:00+00:00,19.89,1007.79,84.41,0,normal
2026-07-03T01:16:00+00:00,19.85,1007.79,84.33,0,normal
2026-07-03T01:17:00+00:00,19.86,1007.79,84.63,0,normal
2026-07-03T01:18:00+00:00,19.82,1007.75,84.37,0,normal
2026-07-03T01:19:00+00:00,19.78,1007.7,84.19,0,normal
2026-07-03T01:20:00+00:00,19.8,1007.63,84.57,0,normal
2026-07-03T01:21:00+00:00,19.78,1007.65,84.44,0,normal
2026-07-03T01:22:00+00:00,19.82,1007.67,84.39,0,normal
2026-07-03T01:23:00+00:00,19.81,1007.61,84.16,0,normal
2026-07-03T01:24:00+00:00,19.69,1007.65,84.26,0,normal
2026-07-03T01:25:00+00:00,19.75,1007.62,84.48,0,normal
2026-07-03T01:26:00+00:00,19.72,1007.6,84.65,0,normal
2026-07-03T01:27:00+00:00,19.69,1007.59,84.74,0,normal
2026-07-03T01:28:00+00:00,19.65,1007.61,84.74,0,normal
2026-07-03T01:29:00+00:00,19.53,1007.63,84.66,0,normal
2026-07-03T01:30:00+00:00,19.43,1007.64,84.9,0,normal
2026-07-03T01:31:00+00:00,19.43,1007.64,84.86,0,normal
2026-07-03T01:32:00+00:00,19.47,1007.54,85.1,0,normal
2026-07-03T01:33:00+00:00,19.31,1007.5,85.07,0,normal
2026-07-03T01:34:00+00:00,19.47,1007.62,85.28,0,normal
2026-07-03T01:35:00+00:00,19.49,1007.55,85.38,0,normal
2026-07-03T01:36:00+00:00,19.42,1007.54,85.47,0,normal
2026-07-03T01:37:00+00:00,19.37,1007.61,85.14,0,normal
2026-07-03T01:38:00+00:00,19.37,1007.59,85.13,0,normal
2026-07-03T01:39:00+00:00,19.38,1007.57,85.24,0,normal
2026-07-03T01:40:00+00:00,19.35,1007.56,85.21,0,normal
2026-07-03T01:41:00+00:00,19.33,1007.55,85.29,0,normal
2026-07-03T01:42:00+00:00,19.29,1007.55,85.68,0,normal
2026-07-03T01:43:00+00:00,19.32,1007.57,85.76,0,normal
2026-07-03T01:44:00+00:00,19.22,1007.57,85.74,0,normal
2026-07-03T01:45:00+00:00,19.12,1007.63,85.69,0,normal
2026-07-03T01:46:00+00:00,19.09,1007.63,86.34,0,normal
2026-07-03T01:47:00+00:00,19.03,1007.55,86.04,0,normal
2026-07-03T01:48:00+00:00,19.09,1007.65,85.95,0,normal
2026-07-03T01:49:00+00:00,19.19,1007.72,85.95,0,normal
2026-07-03T01:50:00+00:00,19.17,1007.75,86.17,0,normal
2026-07-03T01:51:00+00:00,19.19,1007.74,86.17,0,normal
2026-07-03T01:52:00+00:00,19.34,1007.78,86.38,0,normal
2026-07-03T01:53:00+00:00,19.37,1007.82,86.43,0,normal
2026-07-03T01:54:00+00:00,19.43,1007.88,86.51,0,normal
2026-07-03T01:55:00+00:00,19.35,1007.91,86.52,0,normal
2026-07-03T01:56:00+00:00,19.31,1008.07,86.23,0,normal
2026-07-03T01:57:00+00:00,19.37,1008.03,86.29,0,normal
2026-07-03T01:58:00+00:00,19.56,1008.0,86.18,0,normal
2026-07-03T01:59:00+00:00,19.53,1007.97,86.4,0,normal
2026-07-03T02:00:00+00:00,19.46,1008.02,86.16,0,normal
2026-07-03T02:01:00+00:00,19.29,1008.03,85.89,0,normal
2026-07-03T02:02:00+00:00,19.4,1007.96,85.74,0,normal
2026-07-03T02:03:00+00:00,19.41,1007.95,85.5,0,normal
2026-07-03T02:04:00+00:00,19.55,1007.92,85.54,0,normal
2026-07-03T02:05:00+00:00,19.51,1007.98,85.71,0,normal
2026-07-03T02:06:00+00:00,19.42,1007.98,85.73,0,normal
2026-07-03T02:07:00+00:00,19.45,1007.94,86.2,0,normal
2026-07-03T02:08:00+00:00,19.37,1007.97,86.02,0,normal
2026-07-03T02:09:00+00:00,19.24,1007.94,85.88,0,normal
2026-07-03T02:10:00+00:00,19.2,1007.92,86.08,0,normal
2026-07-03T02:11:00+00:00,19.12,1007.9,86.05,0,normal
2026-07-03T02:12:00+00:00,19.19,1007.93,86.09,0,normal
2026-07-03T02:13:00+00:00,19.07,1007.9,85.88,0,normal
2026-07-03T02:14:00+00:00,19.17,1007.96,85.77,0,normal
2026-07-03T02:15:00+00:00,19.11,1007.94,85.66,0,normal
2026-07-03T02:16:00+00:00,19.14,1007.95,86.16,0,normal
2026-07-03T02:17:00+00:00,19.23,1008.04,86.34,0,normal
2026-07-03T02:18:00+00:00,19.18,1008.09,86.31,0,normal
2026-07-03T02:19:00+00:00,19.3,1008.13,86.41,0,normal
2026-07-03T02:20:00+00:00,19.29,1008.24,86.16,0,normal
2026-07-03T02:21:00+00:00,19.42,1008.24,85.93,0,normal
2026-07-03T02:22:00+00:00,19.34,1008.18,86.12,0,normal
2026-07-03T02:23:00+00:00,19.23,1008.2,86.4,0,normal
2026-07-03T02:24:00+00:00,19.16,1008.21,86.18,0,normal
2026-07-03T02:25:00+00:00,19.12,1008.35,86.39,0,normal
2026-07-03T02:26:00+00:00,19.09,1008.33,86.42,0,normal
2026-07-03T02:27:00+00:00,19.09,1008.32,86.57,0,normal
2026-07-03T02:28:00+00:00,19.01,1008.29,86.67,0,normal
2026-07-03T02:29:00+00:00,18.91,1008.34,86.69,0,normal
2026-07-03T02:30:00+00:00,18.76,1008.36,86.38,0,normal
2026-07-03T02:31:00+00:00,18.83,1008.36,86.79,0,normal
2026-07-03T02:32:00+00:00,18.92,1008.32,86.41,0,normal
2026-07-03T02:33:00+00:00,18.86,1008.27,86.82,0,normal
2026-07-03T02:34:00+00:00,18.86,1008.34,86.78,0,normal
2026-07-03T02:35:00+00:00,18.85,1008.35,87.02,0,normal
2026-07-03T02:36:00+00:00,18.88,1008.32,87.35,0,normal
2026-07-03T02:37:00+00:00,18.86,1008.31,86.78,0,normal
2026-07-03T02:38:00+00:00,18.91,1008.34,86.82,0,normal
2026-07-03T02:39:00+00:00,18.88,1008.33,86.76,0,normal
2026-07-03T02:40:00+00:00,18.92,1008.38,86.74,0,normal
2026-07-03T02:41:00+00:00,18.99,1008.39,86.66,0,normal
2026-07-03T02:42:00+00:00,19.01,1008.34,86.73,0,normal
2026-07-03T02:43:00+00:00,18.88,1008.31,86.35,0,normal
2026-07-03T02:44:00+00:00,18.87,1008.41,86.37,0,normal
2026-07-03T02:45:00+00:00,18.92,1008.55,86.49,0,normal
2026-07-03T02:46:00+00:00,18.86,1008.53,86.52,0,normal
2026-07-03T02:47:00+00:00,18.81,1008.51,86.75,0,normal
2026-07-03T02:48:00+00:00,18.9,1008.45,86.61,0,normal
2026-07-03T02:49:00+00:00,18.87,1008.49,86.86,0,normal
2026-07-03T02:50:00+00:00,19.09,1008.49,86.79,0,normal
2026-07-03T02:51:00+00:00,19.13,1008.47,86.78,0,normal
2026-07-03T02:52:00+00:00,19.08,1008.36,86.82,0,normal
2026-07-03T02:53:00+00:00,19.06,1008.45,86.84,0,normal
2026-07-03T02:54:00+00:00,18.96,1008.46,86.43,0,normal
2026-07-03T02:55:00+00:00,18.86,1008.51,86.41,0,normal
2026-07-03T02:56:00+00:00,18.94,1008.43,86.4,0,normal
2026-07-03T02:57:00+00:00,18.9,1008.5,86.57,0,normal
2026-07-03T02:58:00+00:00,18.96,1008.6,86.52,0,normal
2026-07-03T02:59:00+00:00,19.06,1008.56,86.33,0,normal
2026-07-03T03:00:00+00:00,19.12,1008.51,86.48,0,normal
2026-07-03T03:01:00+00:00,19.12,1008.58,86.49,0,normal
2026-07-03T03:02:00+00:00,19.12,1008.63,86.38,0,normal
2026-07-03T03:03:00+00:00,19.05,1008.67,86.41,0,normal
2026-07-03T03:04:00+00:00,19.02,1008.68,86.76,0,normal
2026-07-03T03:05:00+00:00,18.98,1008.67,86.42,0,normal
2026-07-03T03:06:00+00:00,18.98,1008.72,86.62,0,normal
2026-07-03T03:07:00+00:00,18.99,1008.79,86.78,0,normal
2026-07-03T03:08:00+00:00,19.08,1008.85,87.1,0,normal
2026-07-03T03:09:00+00:00,19.06,1008.79,87.22,0,normal
2026-07-03T03:10:00+00:00,19.12,1008.88,87.46,0,normal
2026-07-03T03:11:00+00:00,19.27,1008.92,87.48,0,normal
2026-07-03T03:12:00+00:00,19.15,1008.95,87.34,0,normal
2026-07-03T03:13:00+00:00,19.16,1008.96,87.41,0,normal
2026-07-03T03:14:00+00:00,19.14,1009.01,86.83,0,normal
2026-07-03T03:15:00+00:00,19.15,1009.08,87.2,0,normal
2026-07-03T03:16:00+00:00,19.2,1009.16,87.22,0,normal
2026-07-03T03:17:00+00:00,19.2,1009.19,87.19,0,normal
2026-07-03T03:18:00+00:00,19.13,1009.16,86.95,0,normal
2026-07-03T03:19:00+00:00,19.16,1009.16,86.87,0,normal
2026-07-03T03:20:00+00:00,19.11,1009.19,87.01,0,normal
2026-07-03T03:21:00+00:00,19.02,1009.13,87.19,0,normal
2026-07-03T03:22:00+00:00,18.91,1009.16,87.48,0,normal
2026-07-03T03:23:00+00:00,19.05,1009.2,87.58,0,normal
2026-07-03T03:24:00+00:00,19.23,1009.08,87.44,0,normal
2026-07-03T03:25:00+00:00,19.29,1009.07,87.65,0,normal
2026-07-03T03:26:00+00:00,19.28,1009.09,87.54,0,normal
2026-07-03T03:27:00+00:00,19.23,1009.07,87.54,0,normal
2026-07-03T03:28:00+00:00,19.16,1009.13,87.62,0,normal
2026-07-03T03:29:00+00:00,19.25,1009.08,87.23,0,normal
2026-07-03T03:30:00+00:00,19.24,1009.23,87.44,0,normal
2026-07-03T03:31:00+00:00,19.19,1009.26,87.54,0,normal
2026-07-03T03:32:00+00:00,19.08,1009.33,87.45,0,normal
2026-07-03T03:33:00+00:00,19.08,1009.33,87.63,0,normal
2026-07-03T03:34:00+00:00,19.02,1009.25,87.63,0,normal
2026-07-03T03:35:00+00:00,18.86,1009.24,87.8,0,normal
2026-07-03T03:36:00+00:00,18.93,1009.3,87.85,0,normal
2026-07-03T03:37:00+00:00,19.13,1009.27,87.86,0,normal
2026-07-03T03:38:00+00:00,19.1,1009.32,87.76,0,normal
2026-07-03T03:39:00+00:00,19.24,1009.3,87.97,0,normal
2026-07-03T03:40:00+00:00,19.29,1009.3,87.99,0,normal
2026-07-03T03:41:00+00:00,19.3,1009.33,87.86,0,normal
2026-07-03T03:42:00+00:00,4.74,1009.32,87.44,1,temperature_drop
2026-07-03T03:43:00+00:00,4.41,1009.31,87.5,1,temperature_drop
2026-07-03T03:44:00+00:00,9.98,1009.31,87.52,1,temperature_drop
2026-07-03T03:45:00+00:00,5.37,1009.28,87.04,1,temperature_drop
2026-07-03T03:46:00+00:00,19.09,1009.2,86.96,0,normal
2026-07-03T03:47:00+00:00,19.2,1009.15,87.38,0,normal
2026-07-03T03:48:00+00:00,19.13,1009.18,87.07,0,normal
2026-07-03T03:49:00+00:00,19.15,1009.19,86.71,0,normal
2026-07-03T03:50:00+00:00,19.38,1009.18,86.57,0,normal
2026-07-03T03:51:00+00:00,19.45,1009.29,86.76,0,normal
2026-07-03T03:52:00+00:00,19.35,1009.31,86.34,0,normal
2026-07-03T03:53:00+00:00,19.42,1009.24,86.16,0,normal
2026-07-03T03:54:00+00:00,19.42,1009.28,86.08,0,normal
2026-07-03T03:55:00+00:00,19.53,1009.33,86.2,0,normal
2026-07-03T03:56:00+00:00,19.43,1009.43,86.01,0,normal
2026-07-03T03:57:00+00:00,19.56,1009.54,86.1,0,normal
2026-07-03T03:58:00+00:00,19.64,1009.39,86.04,0,normal
2026-07-03T03:59:00+00:00,19.71,1009.44,85.77,0,normal
2026-07-03T04:00:00+00:00,19.67,1009.33,85.84,0,normal
2026-07-03T04:01:00+00:00,19.51,1009.4,86.07,0,normal
2026-07-03T04:02:00+00:00,19.47,1009.44,85.99,0,normal
2026-07-03T04:03:00+00:00,19.48,1009.39,86.09,0,normal
2026-07-03T04:04:00+00:00,19.35,1009.31,86.03,0,normal
2026-07-03T04:05:00+00:00,19.34,1009.35,85.87,0,normal
2026-07-03T04:06:00+00:00,19.5,1009.37,85.89,0,normal
2026-07-03T04:07:00+00:00,19.51,1009.44,85.98,0,normal
2026-07-03T04:08:00+00:00,19.55,1009.49,85.58,0,normal
2026-07-03T04:09:00+00:00,19.4,1009.5,85.52,0,normal
2026-07-03T04:10:00+00:00,19.45,1009.51,85.62,0,normal
2026-07-03T04:11:00+00:00,19.36,1009.52,85.33,0,normal
2026-07-03T04:12:00+00:00,19.4,1009.44,85.39,0,normal
2026-07-03T04:13:00+00:00,19.29,1009.43,85.55,0,normal
2026-07-03T04:14:00+00:00,19.32,1009.37,85.39,0,normal
2026-07-03T04:15:00+00:00,19.21,1009.3,85.4,0,normal
2026-07-03T04:16:00+00:00,19.28,1009.35,85.5,0,normal
2026-07-03T04:17:00+00:00,19.29,1009.36,85.25,0,normal
2026-07-03T04:18:00+00:00,19.27,1009.32,85.06,0,normal
2026-07-03T04:19:00+00:00,19.3,1009.33,85.67,0,normal
2026-07-03T04:20:00+00:00,19.21,1009.35,85.34,0,normal
2026-07-03T04:21:00+00:00,19.2,1009.36,85.48,0,normal
2026-07-03T04:22:00+00:00,19.19,1009.37,85.35,0,normal
2026-07-03T04:23:00+00:00,19.1,1009.37,85.24,0,normal
2026-07-03T04:24:00+00:00,19.13,1009.42,85.16,0,normal
2026-07-03T04:25:00+00:00,19.14,1009.35,85.24,0,normal
2026-07-03T04:26:00+00:00,19.12,1009.42,85.47,0,normal
2026-07-03T04:27:00+00:00,19.13,1009.39,85.41,0,normal
2026-07-03T04:28:00+00:00,19.19,1009.4,85.25,0,normal
2026-07-03T04:29:00+00:00,19.26,1009.45,85.14,0,normal
2026-07-03T04:30:00+00:00,19.16,1009.5,84.95,0,normal
2026-07-03T04:31:00+00:00,19.21,1009.52,84.54,0,normal
2026-07-03T04:32:00+00:00,19.24,1009.57,84.65,0,normal
2026-07-03T04:33:00+00:00,19.28,1009.49,84.88,0,normal
2026-07-03T04:34:00+00:00,19.34,1009.45,84.69,0,normal
2026-07-03T04:35:00+00:00,19.39,1009.51,84.56,0,normal
2026-07-03T04:36:00+00:00,19.48,1009.44,84.33,0,normal
2026-07-03T04:37:00+00:00,19.33,1009.43,84.61,0,normal
2026-07-03T04:38:00+00:00,19.52,1009.47,84.45,0,normal
2026-07-03T04:39:00+00:00,19.53,1009.51,84.11,0,normal
2026-07-03T04:40:00+00:00,19.5,1009.61,83.89,0,normal
2026-07-03T04:41:00+00:00,19.46,1009.63,83.94,0,normal
2026-07-03T04:42:00+00:00,19.44,1009.65,84.05,0,normal
2026-07-03T04:43:00+00:00,19.62,1009.66,84.03,0,normal
2026-07-03T04:44:00+00:00,19.76,1009.66,83.74,0,normal
2026-07-03T04:45:00+00:00,19.79,1009.73,83.81,0,normal
2026-07-03T04:46:00+00:00,19.8,1009.67,83.78,0,normal
2026-07-03T04:47:00+00:00,19.91,1009.63,83.72,0,normal
2026-07-03T04:48:00+00:00,19.89,1009.61,83.76,0,normal
2026-07-03T04:49:00+00:00,19.93,1009.66,83.54,0,normal
2026-07-03T04:50:00+00:00,19.81,1009.69,83.43,0,normal
2026-07-03T04:51:00+00:00,19.97,1009.8,83.82,0,normal
2026-07-03T04:52:00+00:00,19.9,1009.85,83.97,0,normal
2026-07-03T04:53:00+00:00,19.97,1009.84,84.18,0,normal
2026-07-03T04:54:00+00:00,19.98,1009.86,83.82,0,normal
2026-07-03T04:55:00+00:00,20.04,1009.86,83.88,0,normal
2026-07-03T04:56:00+00:00,20.07,1009.88,83.82,0,normal
2026-07-03T04:57:00+00:00,20.14,1009.88,83.49,0,normal
2026-07-03T04:58:00+00:00,20.19,1009.85,83.19,0,normal
2026-07-03T04:59:00+00:00,20.11,1009.88,83.16,0,normal
2026-07-03T05:00:00+00:00,19.95,1009.87,83.37,0,normal
2026-07-03T05:01:00+00:00,19.93,1009.87,83.55,0,normal
2026-07-03T05:02:00+00:00,20.01,1009.94,82.95,0,normal
2026-07-03T05:03:00+00:00,20.16,1009.98,83.43,0,normal
2026-07-03T05:04:00+00:00,20.11,1009.9,83.38,0,normal
2026-07-03T05:05:00+00:00,20.1,1009.94,83.56,0,normal
2026-07-03T05:06:00+00:00,20.11,1009.94,83.6,0,normal
2026-07-03T05:07:00+00:00,20.1,1009.94,83.75,0,normal
2026-07-03T05:08:00+00:00,20.21,1010.0,83.65,0,normal
2026-07-03T05:09:00+00:00,20.05,1010.0,83.42,0,normal
2026-07-03T05:10:00+00:00,20.06,1009.98,83.36,0,normal
2026-07-03T05:11:00+00:00,20.0,1009.92,83.54,0,normal
2026-07-03T05:12:00+00:00,19.95,1009.94,83.66,0,normal
2026-07-03T05:13:00+00:00,20.05,1009.99,83.64,0,normal
2026-07-03T05:14:00+00:00,20.13,1010.07,83.64,0,normal
2026-07-03T05:15:00+00:00,20.0,1010.05,83.69,0,normal
2026-07-03T05:16:00+00:00,19.98,1010.13,83.59,0,normal
2026-07-03T05:17:00+00:00,20.01,1010.19,83.46,0,normal
2026-07-03T05:18:00+00:00,20.06,1010.24,83.08,0,normal
2026-07-03T05:19:00+00:00,20.06,1010.28,83.02,0,normal
2026-07-03T05:20:00+00:00,20.21,1010.19,82.61,0,normal
2026-07-03T05:21:00+00:00,20.29,1010.24,82.52,0,normal
2026-07-03T05:22:00+00:00,20.34,1010.27,82.3,0,normal
2026-07-03T05:23:00+00:00,20.3,1010.28,82.44,0,normal
2026-07-03T05:24:00+00:00,20.23,1010.27,82.34,0,normal
2026-07-03T05:25:00+00:00,20.29,1010.26,82.17,0,normal
2026-07-03T05:26:00+00:00,20.41,1010.24,82.07,0,normal
2026-07-03T05:27:00+00:00,20.3,1010.2,82.12,0,normal
2026-07-03T05:28:00+00:00,20.35,1010.23,82.18,0,normal
2026-07-03T05:29:00+00:00,20.54,1010.19,81.8,0,normal
2026-07-03T05:30:00+00:00,20.47,1010.16,81.56,0,normal
2026-07-03T05:31:00+00:00,20.5,1010.22,81.84,0,normal
2026-07-03T05:32:00+00:00,20.56,1010.33,81.72,0,normal
2026-07-03T05:33:00+00:00,20.44,1010.38,81.3,0,normal
2026-07-03T05:34:00+00:00,20.41,1010.4,81.25,0,normal
2026-07-03T05:35:00+00:00,20.42,1010.33,81.21,0,normal
2026-07-03T05:36:00+00:00,20.52,1010.33,81.02,0,normal
2026-07-03T05:37:00+00:00,20.45,1010.28,81.07,0,normal
2026-07-03T05:38:00+00:00,20.5,1010.24,80.59,0,normal
2026-07-03T05:39:00+00:00,20.56,1010.19,80.72,0,normal
2026-07-03T05:40:00+00:00,20.52,1010.15,80.73,0,normal
2026-07-03T05:41:00+00:00,20.74,1010.19,80.73,0,normal
2026-07-03T05:42:00+00:00,20.79,1010.1,80.48,0,normal
2026-07-03T05:43:00+00:00,20.6,1010.2,80.76,0,normal
2026-07-03T05:44:00+00:00,20.66,1010.21,80.41,0,normal
2026-07-03T05:45:00+00:00,20.66,1010.3,80.42,0,normal
2026-07-03T05:46:00+00:00,20.64,1010.21,80.67,0,normal
2026-07-03T05:47:00+00:00,20.67,1010.12,80.44,0,normal
2026-07-03T05:48:00+00:00,20.59,1010.12,80.44,0,normal
2026-07-03T05:49:00+00:00,20.58,1010.16,80.42,0,normal
2026-07-03T05:50:00+00:00,20.7,1010.15,80.99,0,normal
2026-07-03T05:51:00+00:00,20.68,1010.11,80.71,0,normal
2026-07-03T05:52:00+00:00,20.7,1010.03,80.71,0,normal
2026-07-03T05:53:00+00:00,20.58,1010.05,80.37,0,normal
2026-07-03T05:54:00+00:00,20.58,1010.09,80.78,0,normal
2026-07-03T05:55:00+00:00,20.54,1010.09,80.55,0,normal
2026-07-03T05:56:00+00:00,20.51,1010.06,80.65,0,normal
2026-07-03T05:57:00+00:00,20.52,1010.18,80.66,0,normal
2026-07-03T05:58:00+00:00,20.48,1010.16,80.41,0,normal
2026-07-03T05:59:00+00:00,20.59,1010.08,80.07,0,normal
2026-07-03T06:00:00+00:00,20.59,1010.12,80.26,0,normal
2026-07-03T06:01:00+00:00,20.75,1010.16,80.17,0,normal
2026-07-03T06:02:00+00:00,20.85,1010.1,79.73,0,normal
2026-07-03T06:03:00+00:00,20.92,1010.06,79.66,0,normal
2026-07-03T06:04:00+00:00,20.96,1010.08,79.79,0,normal
2026-07-03T06:05:00+00:00,21.06,1010.09,79.64,0,normal
2026-07-03T06:06:00+00:00,21.09,1010.07,79.54,0,normal
2026-07-03T06:07:00+00:00,21.33,1010.08,79.57,0,normal
2026-07-03T06:08:00+00:00,21.29,1010.14,79.66,0,normal
2026-07-03T06:09:00+00:00,21.37,1010.15,79.79,0,normal
2026-07-03T06:10:00+00:00,21.49,1010.17,79.69,0,normal
2026-07-03T06:11:00+00:00,21.57,1010.13,79.46,0,normal
2026-07-03T06:12:00+00:00,21.58,1010.04,79.56,0,normal
2026-07-03T06:13:00+00:00,21.51,1010.02,79.43,0,normal
2026-07-03T06:14:00+00:00,21.53,1010.01,79.34,0,normal
2026-07-03T06:15:00+00:00,21.54,1010.0,79.1,0,normal
2026-07-03T06:16:00+00:00,21.64,1009.9,78.99,0,normal
2026-07-03T06:17:00+00:00,21.62,1009.94,78.63,0,normal
2026-07-03T06:18:00+00:00,21.59,1009.94,78.79,0,normal
2026-07-03T06:19:00+00:00,21.63,1009.89,78.62,0,normal
2026-07-03T06:20:00+00:00,21.72,1009.85,78.55,0,normal
2026-07-03T06:21:00+00:00,21.73,1009.84,79.02,0,normal
2026-07-03T06:22:00+00:00,21.71,1009.88,78.78,0,normal
2026-07-03T06:23:00+00:00,21.77,1009.94,78.58,0,normal
2026-07-03T06:24:00+00:00,21.78,1009.9,78.27,0,normal
2026-07-03T06:25:00+00:00,21.88,1009.88,77.73,0,normal
2026-07-03T06:26:00+00:00,22.03,1009.85,77.64,0,normal
2026-07-03T06:27:00+00:00,22.16,1009.86,77.56,0,normal
2026-07-03T06:28:00+00:00,22.06,1009.79,77.49,0,normal
2026-07-03T06:29:00+00:00,22.1,1009.82,77.35,0,normal
2026-07-03T06:30:00+00:00,22.1,1009.74,77.41,0,normal
2026-07-03T06:31:00+00:00,22.12,1009.86,77.36,0,normal
2026-07-03T06:32:00+00:00,22.05,1009.87,77.25,0,normal
2026-07-03T06:33:00+00:00,22.1,1009.88,76.95,0,normal
2026-07-03T06:34:00+00:00,21.98,1009.9,77.2,0,normal
2026-07-03T06:35:00+00:00,22.0,1009.95,77.35,0,normal
2026-07-03T06:36:00+00:00,22.04,1009.91,77.33,0,normal
2026-07-03T06:37:00+00:00,22.15,1009.95,77.41,0,normal
2026-07-03T06:38:00+00:00,22.13,1009.94,77.31,0,normal
2026-07-03T06:39:00+00:00,22.14,1010.0,76.77,0,normal
2026-07-03T06:40:00+00:00,22.15,1010.0,76.45,0,normal
2026-07-03T06:41:00+00:00,22.22,1009.96,76.34,0,normal
2026-07-03T06:42:00+00:00,22.38,1010.02,76.42,0,normal
2026-07-03T06:43:00+00:00,22.42,1010.01,76.78,0,normal
2026-07-03T06:44:00+00:00,22.49,1009.97,76.43,0,normal
2026-07-03T06:45:00+00:00,22.54,1009.97,76.09,0,normal
2026-07-03T06:46:00+00:00,22.58,1009.95,76.16,0,normal
2026-07-03T06:47:00+00:00,22.61,1009.92,76.24,0,normal
2026-07-03T06:48:00+00:00,22.58,1009.9,76.08,0,normal
2026-07-03T06:49:00+00:00,22.67,1009.89,76.3,0,normal
2026-07-03T06:50:00+00:00,22.82,1009.86,75.65,0,normal
2026-07-03T06:51:00+00:00,22.89,1009.84,75.44,0,normal
2026-07-03T06:52:00+00:00,22.84,1009.83,75.67,0,normal
2026-07-03T06:53:00+00:00,22.85,1009.89,75.72,0,normal
2026-07-03T06:54:00+00:00,22.82,1009.88,75.78,0,normal
2026-07-03T06:55:00+00:00,22.89,1009.93,75.66,0,normal
2026-07-03T06:56:00+00:00,22.9,1009.95,75.53,0,normal
2026-07-03T06:57:00+00:00,22.81,1009.91,75.42,0,normal
2026-07-03T06:58:00+00:00,22.87,1009.97,75.1,0,normal
2026-07-03T06:59:00+00:00,22.82,1009.95,75.21,0,normal
2026-07-03T07:00:00+00:00,22.79,1009.92,74.88,0,normal
2026-07-03T07:01:00+00:00,22.83,1009.91,74.7,0,normal
2026-07-03T07:02:00+00:00,22.82,1009.96,74.47,0,normal
2026-07-03T07:03:00+00:00,22.76,1010.01,74.45,0,normal
2026-07-03T07:04:00+00:00,22.83,1010.02,74.41,0,normal
2026-07-03T07:05:00+00:00,22.82,1010.05,74.61,0,normal
2026-07-03T07:06:00+00:00,22.92,1009.98,74.82,0,normal
2026-07-03T07:07:00+00:00,22.9,1009.93,74.73,0,normal
2026-07-03T07:08:00+00:00,22.98,1009.95,74.61,0,normal
2026-07-03T07:09:00+00:00,23.06,1009.95,74.44,0,normal
2026-07-03T07:10:00+00:00,23.01,1009.96,74.36,0,normal
2026-07-03T07:11:00+00:00,22.91,1009.99,74.21,0,normal
2026-07-03T07:12:00+00:00,23.06,1009.9,74.12,0,normal
2026-07-03T07:13:00+00:00,23.01,1009.84,73.97,0,normal
2026-07-03T07:14:00+00:00,23.17,1009.84,73.76,0,normal
2026-07-03T07:15:00+00:00,23.03,1009.75,73.61,0,normal
2026-07-03T07:16:00+00:00,23.0,1009.73,73.11,0,normal
2026-07-03T07:17:00+00:00,23.01,1009.78,73.42,0,normal
2026-07-03T07:18:00+00:00,22.88,1009.73,73.2,0,normal
2026-07-03T07:19:00+00:00,22.92,1009.67,73.51,0,normal
2026-07-03T07:20:00+00:00,22.95,1009.66,73.77,0,normal
2026-07-03T07:21:00+00:00,22.98,1009.67,73.55,0,normal
2026-07-03T07:22:00+00:00,22.9,1009.64,73.92,0,normal
2026-07-03T07:23:00+00:00,22.98,1009.65,73.64,0,normal
2026-07-03T07:24:00+00:00,23.09,1013.3,73.25,1,pressure_spike
2026-07-03T07:25:00+00:00,23.27,1016.51,73.05,1,pressure_spike
2026-07-03T07:26:00+00:00,23.3,1016.21,73.18,1,pressure_spike
2026-07-03T07:27:00+00:00,23.26,1015.86,73.01,1,pressure_spike
2026-07-03T07:28:00+00:00,23.29,1003.29,72.63,1,pressure_spike
2026-07-03T07:29:00+00:00,23.19,1003.26,72.51,1,pressure_spike
2026-07-03T07:30:00+00:00,23.31,1015.79,72.36,1,pressure_spike
2026-07-03T07:31:00+00:00,23.42,1016.58,71.98,1,pressure_spike
2026-07-03T07:32:00+00:00,23.26,1009.7,72.07,0,normal
2026-07-03T07:33:00+00:00,23.24,1009.63,72.24,0,normal
2026-07-03T07:34:00+00:00,23.18,1009.57,72.04,0,normal
2026-07-03T07:35:00+00:00,23.22,1009.59,72.23,0,normal
2026-07-03T07:36:00+00:00,23.34,1009.58,72.38,0,normal
2026-07-03T07:37:00+00:00,23.32,1009.48,72.17,0,normal
2026-07-03T07:38:00+00:00,23.29,1009.44,71.92,0,normal
2026-07-03T07:39:00+00:00,23.29,1009.47,72.2,0,normal
2026-07-03T07:40:00+00:00,23.18,1009.4,71.97,0,normal
2026-07-03T07:41:00+00:00,23.29,1009.38,71.76,0,normal
2026-07-03T07:42:00+00:00,23.39,1009.43,71.69,0,normal
2026-07-03T07:43:00+00:00,23.36,1009.43,71.58,0,normal
2026-07-03T07:44:00+00:00,23.38,1009.4,71.71,0,normal
2026-07-03T07:45:00+00:00,23.44,1009.45,71.9,0,normal
2026-07-03T07:46:00+00:00,23.51,1009.41,72.02,0,normal
2026-07-03T07:47:00+00:00,23.58,1009.53,71.99,0,normal
2026-07-03T07:48:00+00:00,23.67,1009.53,71.87,0,normal
2026-07-03T07:49:00+00:00,23.68,1009.53,71.88,0,normal
2026-07-03T07:50:00+00:00,23.81,1009.53,71.68,0,normal
2026-07-03T07:51:00+00:00,23.81,1009.44,71.91,0,normal
2026-07-03T07:52:00+00:00,23.79,1009.48,71.86,0,normal
2026-07-03T07:53:00+00:00,23.85,1009.45,71.58,0,normal
2026-07-03T07:54:00+00:00,23.8,1009.52,71.5,0,normal
2026-07-03T07:55:00+00:00,23.92,1009.57,71.31,0,normal
2026-07-03T07:56:00+00:00,23.98,1009.55,70.98,0,normal
2026-07-03T07:57:00+00:00,23.99,1009.56,70.79,0,normal
2026-07-03T07:58:00+00:00,23.99,1009.52,71.13,0,normal
2026-07-03T07:59:00+00:00,23.87,1009.52,70.98,0,normal
2026-07-03T08:00:00+00:00,23.86,1009.48,71.01,0,normal
2026-07-03T08:01:00+00:00,23.95,1009.47,71.12,0,normal
2026-07-03T08:02:00+00:00,24.09,1009.49,70.89,0,normal
2026-07-03T08:03:00+00:00,24.16,1009.49,70.62,0,normal
2026-07-03T08:04:00+00:00,24.06,1009.36,70.53,0,normal
2026-07-03T08:05:00+00:00,24.12,1009.28,70.64,0,normal
2026-07-03T08:06:00+00:00,24.16,1009.33,70.6,0,normal
2026-07-03T08:07:00+00:00,24.11,1009.33,70.62,0,normal
2026-07-03T08:08:00+00:00,24.1,1009.24,70.52,0,normal
2026-07-03T08:09:00+00:00,24.05,1009.27,70.32,0,normal
2026-07-03T08:10:00+00:00,24.23,1009.15,70.23,0,normal
2026-07-03T08:11:00+00:00,24.38,1009.09,70.09,0,normal
2026-07-03T08:12:00+00:00,24.37,1009.04,70.03,0,normal
2026-07-03T08:13:00+00:00,24.3,1009.02,70.02,0,normal
2026-07-03T08:14:00+00:00,24.31,1008.96,70.11,0,normal
2026-07-03T08:15:00+00:00,24.41,1008.9,69.72,0,normal
2026-07-03T08:16:00+00:00,24.36,1008.92,69.67,0,normal
2026-07-03T08:17:00+00:00,24.46,1008.89,69.37,0,normal
2026-07-03T08:18:00+00:00,24.56,1008.86,69.31,0,normal
2026-07-03T08:19:00+00:00,24.47,1008.82,69.41,0,normal
2026-07-03T08:20:00+00:00,24.44,1008.85,68.83,0,normal
2026-07-03T08:21:00+00:00,24.44,1008.84,69.09,0,normal
2026-07-03T08:22:00+00:00,24.38,1008.86,69.2,0,normal
2026-07-03T08:23:00+00:00,24.36,1008.83,69.11,0,normal
2026-07-03T08:24:00+00:00,24.29,1008.8,69.25,0,normal
2026-07-03T08:25:00+00:00,24.38,1008.78,69.15,0,normal
2026-07-03T08:26:00+00:00,24.47,1008.81,68.91,0,normal
2026-07-03T08:27:00+00:00,24.64,1008.86,68.93,0,normal
2026-07-03T08:28:00+00:00,24.61,1008.79,68.74,0,normal
2026-07-03T08:29:00+00:00,24.65,1008.69,68.72,0,normal
2026-07-03T08:30:00+00:00,24.79,1008.71,68.46,0,normal
2026-07-03T08:31:00+00:00,24.76,1008.71,68.32,0,normal
2026-07-03T08:32:00+00:00,24.83,1008.73,68.43,0,normal
2026-07-03T08:33:00+00:00,24.78,1008.73,68.23,0,normal
2026-07-03T08:34:00+00:00,24.8,1008.75,68.31,0,normal
2026-07-03T08:35:00+00:00,24.95,1008.76,68.17,0,normal
2026-07-03T08:36:00+00:00,24.97,1008.65,68.32,0,normal
2026-07-03T08:37:00+00:00,24.97,1008.66,68.32,0,normal
2026-07-03T08:38:00+00:00,24.91,1008.6,68.49,0,normal
2026-07-03T08:39:00+00:00,24.97,1008.56,68.32,0,normal
2026-07-03T08:40:00+00:00,25.09,1008.59,67.88,0,normal
2026-07-03T08:41:00+00:00,25.25,1008.63,67.72,0,normal
2026-07-03T08:42:00+00:00,25.18,1008.66,67.69,0,normal
2026-07-03T08:43:00+00:00,25.09,1008.63,68.19,0,normal
2026-07-03T08:44:00+00:00,25.13,1008.57,67.83,0,normal
2026-07-03T08:45:00+00:00,25.31,1008.6,67.97,0,normal
2026-07-03T08:46:00+00:00,25.35,1008.64,67.64,0,normal
2026-07-03T08:47:00+00:00,25.39,1008.63,67.78,0,normal
2026-07-03T08:48:00+00:00,25.45,1008.58,67.64,0,normal
2026-07-03T08:49:00+00:00,25.34,1008.44,67.65,0,normal
2026-07-03T08:50:00+00:00,25.34,1008.41,67.66,0,normal
2026-07-03T08:51:00+00:00,25.48,1008.42,67.88,0,normal
2026-07-03T08:52:00+00:00,25.55,1008.42,67.76,0,normal
2026-07-03T08:53:00+00:00,25.47,1008.45,67.09,0,normal
2026-07-03T08:54:00+00:00,25.45,1008.43,66.79,0,normal
2026-07-03T08:55:00+00:00,25.45,1008.5,66.87,0,normal
2026-07-03T08:56:00+00:00,25.43,1008.46,66.48,0,normal
2026-07-03T08:57:00+00:00,25.52,1008.42,65.95,0,normal
2026-07-03T08:58:00+00:00,25.56,1008.42,66.04,0,normal
2026-07-03T08:59:00+00:00,25.59,1008.38,66.32,0,normal
2026-07-03T09:00:00+00:00,25.62,1008.39,66.08,0,normal
2026-07-03T09:01:00+00:00,25.71,1008.29,65.86,0,normal
2026-07-03T09:02:00+00:00,25.64,1008.24,65.99,0,normal
2026-07-03T09:03:00+00:00,25.63,1008.26,66.17,0,normal
2026-07-03T09:04:00+00:00,25.66,1008.29,66.13,0,normal
2026-07-03T09:05:00+00:00,25.71,1008.31,66.35,0,normal
2026-07-03T09:06:00+00:00,25.69,1008.23,65.99,0,normal
2026-07-03T09:07:00+00:00,25.81,1008.27,65.74,0,normal
2026-07-03T09:08:00+00:00,25.67,1008.21,65.71,0,normal
2026-07-03T09:09:00+00:00,25.7,1008.2,65.46,0,normal
2026-07-03T09:10:00+00:00,25.82,1008.19,65.44,0,normal
2026-07-03T09:11:00+00:00,25.87,1008.19,65.4,0,normal
2026-07-03T09:12:00+00:00,25.83,1008.19,65.42,0,normal
2026-07-03T09:13:00+00:00,25.96,1008.18,65.08,0,normal
2026-07-03T09:14:00+00:00,25.93,1008.14,64.99,0,normal
2026-07-03T09:15:00+00:00,25.96,1008.05,64.63,0,normal
2026-07-03T09:16:00+00:00,25.82,1007.88,64.49,0,normal
2026-07-03T09:17:00+00:00,26.05,1007.95,64.18,0,normal
2026-07-03T09:18:00+00:00,26.1,1007.86,63.81,0,normal
2026-07-03T09:19:00+00:00,26.04,1007.84,63.69,0,normal
2026-07-03T09:20:00+00:00,26.09,1007.85,63.53,0,normal
2026-07-03T09:21:00+00:00,26.13,1007.78,63.18,0,normal
2026-07-03T09:22:00+00:00,26.05,1007.8,63.04,0,normal
2026-07-03T09:23:00+00:00,25.94,1007.78,62.72,0,normal
2026-07-03T09:24:00+00:00,26.12,1007.74,62.8,0,normal
2026-07-03T09:25:00+00:00,26.24,1007.68,62.76,0,normal
2026-07-03T09:26:00+00:00,26.32,1007.67,62.76,0,normal
2026-07-03T09:27:00+00:00,26.25,1007.69,62.59,0,normal
2026-07-03T09:28:00+00:00,26.31,1007.72,62.66,0,normal
2026-07-03T09:29:00+00:00,26.38,1007.73,62.73,0,normal
2026-07-03T09:30:00+00:00,26.53,1007.71,62.68,0,normal
2026-07-03T09:31:00+00:00,26.63,1007.67,62.33,0,normal
2026-07-03T09:32:00+00:00,26.69,1007.64,62.02,0,normal
2026-07-03T09:33:00+00:00,26.75,1007.69,61.63,0,normal
2026-07-03T09:34:00+00:00,26.85,1007.55,61.51,0,normal
2026-07-03T09:35:00+00:00,27.02,1007.52,61.49,0,normal
2026-07-03T09:36:00+00:00,27.09,1007.42,61.46,0,normal
2026-07-03T09:37:00+00:00,27.1,1007.5,61.16,0,normal
2026-07-03T09:38:00+00:00,27.08,1007.44,60.92,0,normal
2026-07-03T09:39:00+00:00,27.18,1007.43,60.78,0,normal
2026-07-03T09:40:00+00:00,27.14,1007.39,60.66,0,normal
2026-07-03T09:41:00+00:00,27.05,1007.36,60.57,0,normal
2026-07-03T09:42:00+00:00,27.0,1007.36,60.59,0,normal
2026-07-03T09:43:00+00:00,26.98,1007.34,61.0,0,normal
2026-07-03T09:44:00+00:00,27.17,1007.27,60.76,0,normal
2026-07-03T09:45:00+00:00,27.09,1007.32,60.64,0,normal
2026-07-03T09:46:00+00:00,27.13,1007.4,60.59,0,normal
2026-07-03T09:47:00+00:00,27.21,1007.41,60.43,0,normal
2026-07-03T09:48:00+00:00,27.3,1007.35,60.66,0,normal
2026-07-03T09:49:00+00:00,27.27,1007.31,60.39,0,normal
2026-07-03T09:50:00+00:00,27.21,1007.27,59.85,0,normal
2026-07-03T09:51:00+00:00,27.21,1007.23,59.99,0,normal
2026-07-03T09:52:00+00:00,27.26,1007.18,59.86,0,normal
2026-07-03T09:53:00+00:00,27.26,1007.24,59.67,0,normal
2026-07-03T09:54:00+00:00,27.22,1007.17,59.34,0,normal
2026-07-03T09:55:00+00:00,27.27,1007.17,59.59,0,normal
2026-07-03T09:56:00+00:00,27.37,1007.27,59.54,0,normal
2026-07-03T09:57:00+00:00,27.37,1007.18,59.65,0,normal
2026-07-03T09:58:00+00:00,27.4,1007.2,59.38,0,normal
2026-07-03T09:59:00+00:00,27.45,1007.19,59.38,0,normal
2026-07-03T10:00:00+00:00,27.41,1007.23,59.75,0,normal
2026-07-03T10:01:00+00:00,27.34,1007.25,59.12,0,normal
2026-07-03T10:02:00+00:00,27.42,1007.13,58.99,0,normal
2026-07-03T10:03:00+00:00,27.34,1007.1,59.13,0,normal
2026-07-03T10:04:00+00:00,27.22,1007.06,58.99,0,normal
2026-07-03T10:05:00+00:00,27.38,1007.07,58.71,0,normal
2026-07-03T10:06:00+00:00,27.37,1007.13,58.83,0,normal
2026-07-03T10:07:00+00:00,27.32,1007.09,58.75,0,normal
2026-07-03T10:08:00+00:00,27.32,1006.98,58.58,0,normal
2026-07-03T10:09:00+00:00,27.46,1006.95,58.53,0,normal
2026-07-03T10:10:00+00:00,27.5,1007.04,58.5,0,normal
2026-07-03T10:11:00+00:00,27.62,1006.99,58.41,0,normal
2026-07-03T10:12:00+00:00,27.64,1006.93,58.34,0,normal
2026-07-03T10:13:00+00:00,27.74,1006.87,58.31,0,normal
2026-07-03T10:14:00+00:00,27.81,1006.82,58.49,0,normal
2026-07-03T10:15:00+00:00,27.84,1006.8,58.04,0,normal
2026-07-03T10:16:00+00:00,27.82,1006.8,58.36,0,normal
2026-07-03T10:17:00+00:00,27.89,1006.84,58.07,0,normal
2026-07-03T10:18:00+00:00,27.89,1006.89,57.85,0,normal
2026-07-03T10:19:00+00:00,27.99,1006.9,57.88,0,normal
2026-07-03T10:20:00+00:00,27.98,1006.83,58.2,0,normal
2026-07-03T10:21:00+00:00,28.04,1006.83,58.06,0,normal
2026-07-03T10:22:00+00:00,28.06,1006.82,58.08,0,normal
2026-07-03T10:23:00+00:00,28.13,1006.76,57.73,0,normal
2026-07-03T10:24:00+00:00,28.15,1006.65,57.62,0,normal
2026-07-03T10:25:00+00:00,28.12,1006.66,57.98,0,normal
2026-07-03T10:26:00+00:00,27.98,1006.76,57.87,0,normal
2026-07-03T10:27:00+00:00,28.03,1006.67,58.01,0,normal
2026-07-03T10:28:00+00:00,28.06,1006.65,57.55,0,normal
2026-07-03T10:29:00+00:00,28.08,1006.68,57.45,0,normal
2026-07-03T10:30:00+00:00,28.2,1006.72,57.27,0,normal
2026-07-03T10:31:00+00:00,28.34,1006.7,57.23,0,normal
2026-07-03T10:32:00+00:00,28.36,1006.68,56.66,1,sensor_drift
2026-07-03T10:33:00+00:00,28.36,1006.59,56.96,1,sensor_drift
2026-07-03T10:34:00+00:00,28.5,1006.61,56.87,1,sensor_drift
2026-07-03T10:35:00+00:00,28.42,1006.56,57.22,1,sensor_drift
2026-07-03T10:36:00+00:00,28.38,1006.43,57.36,1,sensor_drift
2026-07-03T10:37:00+00:00,28.51,1006.5,57.5,1,sensor_drift
2026-07-03T10:38:00+00:00,28.61,1006.49,57.0,1,sensor_drift
2026-07-03T10:39:00+00:00,28.62,1006.5,56.91,1,sensor_drift
2026-07-03T10:40:00+00:00,28.61,1006.44,56.65,1,sensor_drift
2026-07-03T10:41:00+00:00,28.77,1006.51,56.6,1,sensor_drift
2026-07-03T10:42:00+00:00,28.79,1006.45,56.68,1,sensor_drift
2026-07-03T10:43:00+00:00,28.93,1006.35,56.71,1,sensor_drift
2026-07-03T10:44:00+00:00,28.97,1006.37,56.98,1,sensor_drift
2026-07-03T10:45:00+00:00,29.12,1006.34,57.03,1,sensor_drift
2026-07-03T10:46:00+00:00,29.12,1006.3,57.0,1,sensor_drift
2026-07-03T10:47:00+00:00,29.16,1006.29,56.73,1,sensor_drift
2026-07-03T10:48:00+00:00,29.11,1006.26,56.49,1,sensor_drift
2026-07-03T10:49:00+00:00,29.12,1006.27,56.61,1,sensor_drift
2026-07-03T10:50:00+00:00,29.04,1006.23,56.85,1,sensor_drift
2026-07-03T10:51:00+00:00,29.03,1006.22,56.72,1,sensor_drift
2026-07-03T10:52:00+00:00,29.12,1006.26,56.85,1,sensor_drift
2026-07-03T10:53:00+00:00,29.11,1006.21,57.13,1,sensor_drift
2026-07-03T10:54:00+00:00,29.18,1006.17,57.3,1,sensor_drift
2026-07-03T10:55:00+00:00,29.13,1006.23,57.46,1,sensor_drift
2026-07-03T10:56:00+00:00,29.05,1006.24,57.48,1,sensor_drift
2026-07-03T10:57:00+00:00,29.26,1006.19,57.62,1,sensor_drift
2026-07-03T10:58:00+00:00,29.25,1006.12,57.44,1,sensor_drift
2026-07-03T10:59:00+00:00,29.25,1006.05,57.35,1,sensor_drift
2026-07-03T11:00:00+00:00,29.32,1006.06,57.09,1,sensor_drift
2026-07-03T11:01:00+00:00,29.3,1006.05,57.0,1,sensor_drift
2026-07-03T11:02:00+00:00,29.38,1006.05,56.58,1,sensor_drift
2026-07-03T11:03:00+00:00,29.33,1006.05,56.69,0,normal
2026-07-03T11:04:00+00:00,29.43,1006.13,56.58,0,normal
2026-07-03T11:05:00+00:00,29.48,1006.04,56.54,0,normal
2026-07-03T11:06:00+00:00,29.38,1006.02,57.02,0,normal
2026-07-03T11:07:00+00:00,29.4,1005.97,56.95,0,normal
2026-07-03T11:08:00+00:00,29.35,1005.91,57.21,0,normal
2026-07-03T11:09:00+00:00,29.44,1005.92,56.97,0,normal
2026-07-03T11:10:00+00:00,29.41,1005.99,56.87,0,normal
2026-07-03T11:11:00+00:00,29.16,1006.1,56.74,0,normal
2026-07-03T11:12:00+00:00,29.2,1006.14,56.68,0,normal
2026-07-03T11:13:00+00:00,29.27,1006.1,56.28,0,normal
2026-07-03T11:14:00+00:00,29.3,1006.15,56.01,0,normal
2026-07-03T11:15:00+00:00,29.24,1006.19,55.79,0,normal
2026-07-03T11:16:00+00:00,29.22,1006.15,55.66,0,normal
2026-07-03T11:17:00+00:00,29.11,1006.1,55.59,0,normal
2026-07-03T11:18:00+00:00,29.15,1006.13,55.84,0,normal
2026-07-03T11:19:00+00:00,29.28,1006.16,55.68,0,normal
2026-07-03T11:20:00+00:00,29.25,1006.13,55.67,0,normal
2026-07-03T11:21:00+00:00,29.33,1006.14,55.51,0,normal
2026-07-03T11:22:00+00:00,29.4,1006.18,55.57,0,normal
2026-07-03T11:23:00+00:00,29.41,1006.11,55.26,0,normal
2026-07-03T11:24:00+00:00,29.36,1006.1,55.25,0,normal
2026-07-03T11:25:00+00:00,29.26,1006.05,55.18,0,normal
2026-07-03T11:26:00+00:00,29.21,1006.05,55.0,0,normal
2026-07-03T11:27:00+00:00,29.17,1006.03,54.96,0,normal
2026-07-03T11:28:00+00:00,29.13,1006.0,54.94,0,normal
2026-07-03T11:29:00+00:00,29.1,1005.89,54.52,0,normal
2026-07-03T11:30:00+00:00,29.09,1005.81,54.35,0,normal
2026-07-03T11:31:00+00:00,29.26,1005.73,54.21,0,normal
2026-07-03T11:32:00+00:00,29.45,1005.74,54.05,0,normal
2026-07-03T11:33:00+00:00,29.46,1005.75,54.3,0,normal
2026-07-03T11:34:00+00:00,29.43,1005.7,53.93,0,normal
2026-07-03T11:35:00+00:00,29.45,1005.62,53.76,0,normal
2026-07-03T11:36:00+00:00,29.4,1005.67,53.58,0,normal
2026-07-03T11:37:00+00:00,29.45,1005.59,53.54,0,normal
2026-07-03T11:38:00+00:00,29.37,1005.56,53.91,0,normal
2026-07-03T11:39:00+00:00,29.47,1005.55,54.46,0,normal
2026-07-03T11:40:00+00:00,29.42,1005.61,54.03,0,normal
2026-07-03T11:41:00+00:00,29.42,1005.53,53.98,0,normal
2026-07-03T11:42:00+00:00,29.45,1005.51,54.1,0,normal
2026-07-03T11:43:00+00:00,29.43,1005.53,54.15,0,normal
2026-07-03T11:44:00+00:00,29.34,1005.49,54.04,0,normal
2026-07-03T11:45:00+00:00,29.42,1005.56,53.89,0,normal
2026-07-03T11:46:00+00:00,29.42,1005.51,53.85,0,normal
2026-07-03T11:47:00+00:00,29.42,1005.49,53.72,0,normal
2026-07-03T11:48:00+00:00,29.5,1005.46,53.46,0,normal
2026-07-03T11:49:00+00:00,29.56,1005.31,53.25,0,normal
2026-07-03T11:50:00+00:00,29.49,1005.37,53.07,0,normal
2026-07-03T11:51:00+00:00,29.47,1005.37,52.87,0,normal
2026-07-03T11:52:00+00:00,29.47,1005.38,52.72,0,normal
2026-07-03T11:53:00+00:00,29.46,1005.33,52.42,0,normal
2026-07-03T11:54:00+00:00,29.5,1005.35,52.08,0,normal
2026-07-03T11:55:00+00:00,29.59,1005.39,52.24,0,normal
2026-07-03T11:56:00+00:00,29.64,1005.42,52.62,0,normal
2026-07-03T11:57:00+00:00,29.64,1005.37,52.25,0,normal
2026-07-03T11:58:00+00:00,29.81,1005.46,52.01,0,normal
2026-07-03T11:59:00+00:00,29.77,1005.44,52.21,0,normal
2026-07-03T12:00:00+00:00,29.68,1005.34,52.58,0,normal
2026-07-03T12:01:00+00:00,29.73,1005.36,52.46,0,normal
2026-07-03T12:02:00+00:00,29.79,1005.29,52.22,0,normal
2026-07-03T12:03:00+00:00,29.82,1005.18,52.1,0,normal
2026-07-03T12:04:00+00:00,29.81,1005.17,51.92,0,normal
2026-07-03T12:05:00+00:00,29.76,1005.09,51.9,0,normal
2026-07-03T12:06:00+00:00,29.76,1005.03,51.86,0,normal
2026-07-03T12:07:00+00:00,29.76,1005.03,51.37,0,normal
2026-07-03T12:08:00+00:00,29.84,1004.98,51.35,0,normal
2026-07-03T12:09:00+00:00,29.8,1004.98,51.55,0,normal
2026-07-03T12:10:00+00:00,29.87,1005.05,51.57,0,normal
2026-07-03T12:11:00+00:00,29.92,1004.98,51.45,0,normal
2026-07-03T12:12:00+00:00,29.92,1005.06,51.31,0,normal
2026-07-03T12:13:00+00:00,29.96,1005.08,51.5,0,normal
2026-07-03T12:14:00+00:00,29.97,1005.14,51.11,0,normal
2026-07-03T12:15:00+00:00,29.86,1005.03,51.23,0,normal
2026-07-03T12:16:00+00:00,29.94,1005.09,51.05,0,normal
2026-07-03T12:17:00+00:00,29.92,1005.1,51.3,0,normal
2026-07-03T12:18:00+00:00,30.08,1005.15,51.32,0,normal
2026-07-03T12:19:00+00:00,30.2,1005.14,51.19,0,normal
2026-07-03T12:20:00+00:00,30.21,1005.1,51.11,0,normal
2026-07-03T12:21:00+00:00,30.13,1005.17,51.17,0,normal
2026-07-03T12:22:00+00:00,30.26,1005.09,51.5,0,normal
2026-07-03T12:23:00+00:00,30.14,1005.04,51.31,0,normal
2026-07-03T12:24:00+00:00,30.26,1005.07,51.2,0,normal
2026-07-03T12:25:00+00:00,30.21,1005.01,51.36,0,normal
2026-07-03T12:26:00+00:00,30.29,1005.09,51.38,0,normal
2026-07-03T12:27:00+00:00,30.09,1005.04,51.4,0,normal
2026-07-03T12:28:00+00:00,30.08,1005.03,51.1,0,normal
2026-07-03T12:29:00+00:00,30.18,1005.06,51.14,0,normal
2026-07-03T12:30:00+00:00,30.15,1005.09,50.81,0,normal
2026-07-03T12:31:00+00:00,30.16,1004.97,50.45,0,normal
2026-07-03T12:32:00+00:00,30.15,1005.11,50.06,0,normal
2026-07-03T12:33:00+00:00,30.07,1005.13,50.4,0,normal
2026-07-03T12:34:00+00:00,30.12,1005.17,50.3,0,normal
2026-07-03T12:35:00+00:00,30.1,1005.18,50.13,0,normal
2026-07-03T12:36:00+00:00,30.18,1005.11,50.29,0,normal
2026-07-03T12:37:00+00:00,30.21,1005.11,49.93,0,normal
2026-07-03T12:38:00+00:00,30.15,1005.18,49.87,0,normal
2026-07-03T12:39:00+00:00,30.19,1005.14,49.85,0,normal
2026-07-03T12:40:00+00:00,30.11,1005.15,49.91,0,normal
2026-07-03T12:41:00+00:00,30.16,1005.12,49.82,0,normal
2026-07-03T12:42:00+00:00,30.23,1005.12,49.74,0,normal
2026-07-03T12:43:00+00:00,30.4,1005.08,49.94,0,normal
2026-07-03T12:44:00+00:00,30.32,1005.12,50.06,0,normal
2026-07-03T12:45:00+00:00,30.3,1005.07,49.63,0,normal
2026-07-03T12:46:00+00:00,30.27,1005.11,49.4,0,normal
2026-07-03T12:47:00+00:00,30.3,1005.05,49.35,0,normal
2026-07-03T12:48:00+00:00,30.23,1005.06,49.25,0,normal
2026-07-03T12:49:00+00:00,30.16,1005.04,49.06,0,normal
2026-07-03T12:50:00+00:00,30.08,1005.11,49.0,0,normal
2026-07-03T12:51:00+00:00,29.94,1005.09,49.2,0,normal
2026-07-03T12:52:00+00:00,29.92,1005.18,49.02,0,normal
2026-07-03T12:53:00+00:00,30.0,1005.24,49.12,0,normal
2026-07-03T12:54:00+00:00,29.93,1005.19,49.36,0,normal
2026-07-03T12:55:00+00:00,29.91,1005.25,49.26,0,normal
2026-07-03T12:56:00+00:00,29.96,1005.19,49.13,0,normal
2026-07-03T12:57:00+00:00,29.93,1005.21,49.15,0,normal
2026-07-03T12:58:00+00:00,30.01,1005.19,48.95,0,normal
2026-07-03T12:59:00+00:00,30.07,1005.15,49.17,0,normal
2026-07-03T13:00:00+00:00,30.09,1005.14,49.26,0,normal
2026-07-03T13:01:00+00:00,30.12,1005.07,49.03,0,normal
2026-07-03T13:02:00+00:00,30.24,1005.09,48.69,0,normal
2026-07-03T13:03:00+00:00,30.3,1005.08,48.53,0,normal
2026-07-03T13:04:00+00:00,30.24,1005.14,48.15,0,normal
2026-07-03T13:05:00+00:00,30.2,1005.16,48.51,0,normal
2026-07-03T13:06:00+00:00,30.28,1005.13,48.83,0,normal
2026-07-03T13:07:00+00:00,30.2,1005.16,48.93,0,normal
2026-07-03T13:08:00+00:00,30.16,1005.2,48.82,0,normal
2026-07-03T13:09:00+00:00,30.25,1005.12,48.89,0,normal
2026-07-03T13:10:00+00:00,30.25,1005.19,48.87,0,normal
2026-07-03T13:11:00+00:00,30.38,1005.23,48.84,0,normal
2026-07-03T13:12:00+00:00,30.47,1005.28,48.93,0,normal
2026-07-03T13:13:00+00:00,30.3,1005.24,49.2,0,normal
2026-07-03T13:14:00+00:00,30.23,1005.29,49.32,0,normal
2026-07-03T13:15:00+00:00,30.21,1005.2,49.17,0,normal
2026-07-03T13:16:00+00:00,30.41,1005.17,48.99,0,normal
2026-07-03T13:17:00+00:00,30.35,1005.24,48.93,0,normal
2026-07-03T13:18:00+00:00,30.33,1005.32,49.03,0,normal
2026-07-03T13:19:00+00:00,30.29,1005.27,49.24,0,normal
2026-07-03T13:20:00+00:00,30.32,1005.2,48.85,0,normal
2026-07-03T13:21:00+00:00,30.26,1005.15,48.43,0,normal
2026-07-03T13:22:00+00:00,30.21,1005.12,48.35,0,normal
2026-07-03T13:23:00+00:00,30.38,1005.13,48.32,0,normal
2026-07-03T13:24:00+00:00,30.45,1005.14,48.42,0,normal
2026-07-03T13:25:00+00:00,30.49,1005.16,48.98,0,normal
2026-07-03T13:26:00+00:00,30.59,1005.12,49.03,0,normal
2026-07-03T13:27:00+00:00,30.54,1005.17,48.73,0,normal
2026-07-03T13:28:00+00:00,30.47,1005.2,48.92,0,normal
2026-07-03T13:29:00+00:00,30.54,1005.26,48.97,0,normal
2026-07-03T13:30:00+00:00,30.57,1005.25,49.11,0,normal
2026-07-03T13:31:00+00:00,30.67,1005.26,49.06,0,normal
2026-07-03T13:32:00+00:00,30.82,1005.27,49.04,0,normal
2026-07-03T13:33:00+00:00,30.86,1005.28,48.85,0,normal
2026-07-03T13:34:00+00:00,30.9,1005.3,49.2,0,normal
2026-07-03T13:35:00+00:00,30.96,1005.28,49.31,0,normal
2026-07-03T13:36:00+00:00,30.99,1005.36,49.16,0,normal
2026-07-03T13:37:00+00:00,31.0,1005.37,49.13,0,normal
2026-07-03T13:38:00+00:00,30.93,1005.41,49.18,0,normal
2026-07-03T13:39:00+00:00,31.04,1005.42,49.06,0,normal
2026-07-03T13:40:00+00:00,31.1,1005.39,49.24,0,normal
2026-07-03T13:41:00+00:00,31.18,1005.46,49.28,0,normal
2026-07-03T13:42:00+00:00,31.13,1005.48,49.31,0,normal
2026-07-03T13:43:00+00:00,17.37,1005.55,49.38,1,temperature_drop
2026-07-03T13:44:00+00:00,16.32,1005.56,49.11,1,temperature_drop
2026-07-03T13:45:00+00:00,15.34,1005.66,49.27,1,temperature_drop
2026-07-03T13:46:00+00:00,20.75,1005.69,49.3,1,temperature_drop
2026-07-03T13:47:00+00:00,31.45,1005.65,49.4,0,normal
2026-07-03T13:48:00+00:00,31.54,1005.64,49.28,0,normal
2026-07-03T13:49:00+00:00,31.55,1005.61,48.97,0,normal
2026-07-03T13:50:00+00:00,31.62,1005.6,48.94,0,normal
2026-07-03T13:51:00+00:00,31.54,1005.67,49.09,0,normal
2026-07-03T13:52:00+00:00,31.49,1005.61,48.98,0,normal
2026-07-03T13:53:00+00:00,31.51,1005.63,48.97,0,normal
2026-07-03T13:54:00+00:00,31.5,1005.67,48.93,0,normal
2026-07-03T13:55:00+00:00,31.51,1005.63,49.41,0,normal
2026-07-03T13:56:00+00:00,31.46,1005.64,49.47,0,normal
2026-07-03T13:57:00+00:00,31.41,1005.65,49.42,0,normal
2026-07-03T13:58:00+00:00,31.31,1005.68,49.03,0,normal
2026-07-03T13:59:00+00:00,31.44,1005.72,49.13,0,normal
2026-07-03T14:00:00+00:00,31.28,1005.69,49.37,0,normal
2026-07-03T14:01:00+00:00,31.59,1005.76,49.52,0,normal
2026-07-03T14:02:00+00:00,31.61,1005.72,49.66,0,normal
2026-07-03T14:03:00+00:00,31.49,1005.66,49.34,0,normal
2026-07-03T14:04:00+00:00,31.54,1005.67,49.31,0,normal
2026-07-03T14:05:00+00:00,31.51,1005.62,49.13,0,normal
2026-07-03T14:06:00+00:00,31.43,1005.57,48.99,0,normal
2026-07-03T14:07:00+00:00,31.33,1005.61,49.09,0,normal
2026-07-03T14:08:00+00:00,31.2,1005.61,49.43,0,normal
2026-07-03T14:09:00+00:00,31.11,1005.65,49.4,0,normal
2026-07-03T14:10:00+00:00,31.2,1005.67,49.26,0,normal
2026-07-03T14:11:00+00:00,31.19,1005.69,49.2,0,normal
2026-07-03T14:12:00+00:00,31.07,1005.77,49.37,0,normal
2026-07-03T14:13:00+00:00,30.98,1005.76,49.28,0,normal
2026-07-03T14:14:00+00:00,30.89,1005.68,49.1,0,normal
2026-07-03T14:15:00+00:00,30.87,1005.62,49.1,0,normal
2026-07-03T14:16:00+00:00,30.96,1005.68,49.04,0,normal
2026-07-03T14:17:00+00:00,30.82,1005.73,49.04,0,normal
2026-07-03T14:18:00+00:00,30.86,1005.84,48.85,0,normal
2026-07-03T14:19:00+00:00,30.63,1005.8,48.93,0,normal
2026-07-03T14:20:00+00:00,30.65,1005.75,48.62,0,normal
2026-07-03T14:21:00+00:00,30.64,1005.7,48.72,0,normal
2026-07-03T14:22:00+00:00,30.62,1005.69,48.55,0,normal
2026-07-03T14:23:00+00:00,30.66,1005.71,48.59,0,normal
2026-07-03T14:24:00+00:00,30.68,1005.73,48.38,0,normal
2026-07-03T14:25:00+00:00,30.64,1005.73,48.8,0,normal
2026-07-03T14:26:00+00:00,30.54,1005.72,48.81,0,normal
2026-07-03T14:27:00+00:00,30.54,1005.8,48.73,0,normal
2026-07-03T14:28:00+00:00,30.54,1005.86,49.08,0,normal
2026-07-03T14:29:00+00:00,30.67,1005.86,49.05,0,normal
2026-07-03T14:30:00+00:00,30.69,1005.89,48.86,0,normal
2026-07-03T14:31:00+00:00,30.77,1005.91,48.83,0,normal
2026-07-03T14:32:00+00:00,30.68,1005.93,48.44,0,normal
2026-07-03T14:33:00+00:00,30.64,1005.91,48.51,0,normal
2026-07-03T14:34:00+00:00,30.8,1005.96,48.81,0,normal
2026-07-03T14:35:00+00:00,30.86,1006.03,49.17,0,normal
2026-07-03T14:36:00+00:00,30.8,1006.0,49.28,0,normal
2026-07-03T14:37:00+00:00,30.8,1006.02,49.2,0,normal
2026-07-03T14:38:00+00:00,30.76,1006.11,48.96,0,normal
2026-07-03T14:39:00+00:00,30.82,1006.15,48.63,0,normal
2026-07-03T14:40:00+00:00,30.75,1006.12,48.75,0,normal
2026-07-03T14:41:00+00:00,30.73,1006.13,48.46,0,normal
2026-07-03T14:42:00+00:00,30.92,1006.14,48.57,0,normal
2026-07-03T14:43:00+00:00,30.87,1006.12,48.97,0,normal
2026-07-03T14:44:00+00:00,30.72,1006.14,48.72,0,normal
2026-07-03T14:45:00+00:00,30.69,1006.12,48.53,0,normal
2026-07-03T14:46:00+00:00,30.7,1006.0,48.48,0,normal
2026-07-03T14:47:00+00:00,30.7,1005.95,48.8,0,normal
2026-07-03T14:48:00+00:00,30.65,1005.96,48.69,0,normal
2026-07-03T14:49:00+00:00,30.66,1006.05,49.19,0,normal
2026-07-03T14:50:00+00:00,30.72,1006.12,49.53,0,normal
2026-07-03T14:51:00+00:00,30.74,1006.22,49.66,0,normal
2026-07-03T14:52:00+00:00,30.76,1006.25,49.26,0,normal
2026-07-03T14:53:00+00:00,30.78,1006.18,48.92,0,normal
2026-07-03T14:54:00+00:00,30.79,1006.14,48.93,0,normal
2026-07-03T14:55:00+00:00,30.8,1006.17,48.75,0,normal
2026-07-03T14:56:00+00:00,30.87,1006.18,48.86,0,normal
2026-07-03T14:57:00+00:00,30.77,1006.19,49.09,0,normal
2026-07-03T14:58:00+00:00,30.84,1006.16,48.98,0,normal
2026-07-03T14:59:00+00:00,30.76,1006.15,48.71,0,normal
2026-07-03T15:00:00+00:00,30.74,1006.2,48.58,0,normal
2026-07-03T15:01:00+00:00,30.74,1006.21,48.82,0,normal
2026-07-03T15:02:00+00:00,30.68,1006.2,48.67,0,normal
2026-07-03T15:03:00+00:00,30.59,1006.24,48.67,0,normal
2026-07-03T15:04:00+00:00,30.6,1006.33,48.97,0,normal
2026-07-03T15:05:00+00:00,30.47,1006.37,49.03,0,normal
2026-07-03T15:06:00+00:00,30.44,1006.4,48.7,0,normal
2026-07-03T15:07:00+00:00,30.57,1006.44,48.57,0,normal
2026-07-03T15:08:00+00:00,30.53,1006.37,48.54,0,normal
2026-07-03T15:09:00+00:00,30.49,1006.32,48.74,0,normal
2026-07-03T15:10:00+00:00,30.6,1006.33,48.72,0,normal
2026-07-03T15:11:00+00:00,30.64,1006.35,48.54,0,normal
2026-07-03T15:12:00+00:00,30.58,1006.35,48.64,0,normal
2026-07-03T15:13:00+00:00,30.58,1006.38,48.38,0,normal
2026-07-03T15:14:00+00:00,30.63,1006.4,48.95,0,normal
2026-07-03T15:15:00+00:00,30.6,1006.44,49.55,0,normal
2026-07-03T15:16:00+00:00,30.61,1006.45,49.36,0,normal
2026-07-03T15:17:00+00:00,30.73,1006.41,49.46,0,normal
2026-07-03T15:18:00+00:00,30.68,1006.42,49.19,0,normal
2026-07-03T15:19:00+00:00,30.78,1006.42,48.98,0,normal
2026-07-03T15:20:00+00:00,30.87,1006.42,49.08,0,normal
2026-07-03T15:21:00+00:00,30.92,1006.46,48.68,0,normal
2026-07-03T15:22:00+00:00,30.95,1006.48,48.67,0,normal
2026-07-03T15:23:00+00:00,30.92,1006.42,48.77,0,normal
2026-07-03T15:24:00+00:00,30.79,1006.43,48.86,0,normal
2026-07-03T15:25:00+00:00,30.86,1006.41,49.21,0,normal
2026-07-03T15:26:00+00:00,30.91,1006.41,49.03,0,normal
2026-07-03T15:27:00+00:00,30.77,1006.45,48.93,0,normal
2026-07-03T15:28:00+00:00,30.85,1006.44,48.81,0,normal
2026-07-03T15:29:00+00:00,30.85,1006.43,48.87,0,normal
2026-07-03T15:30:00+00:00,30.9,1006.47,48.96,0,normal
2026-07-03T15:31:00+00:00,30.89,1006.41,49.1,0,normal
2026-07-03T15:32:00+00:00,30.88,1006.48,49.28,0,normal
2026-07-03T15:33:00+00:00,30.83,1006.56,49.27,0,normal
2026-07-03T15:34:00+00:00,30.83,1006.57,49.41,0,normal
2026-07-03T15:35:00+00:00,30.77,1006.67,49.86,0,normal
2026-07-03T15:36:00+00:00,30.82,1006.77,49.58,0,normal
2026-07-03T15:37:00+00:00,30.68,1006.77,49.63,0,normal
2026-07-03T15:38:00+00:00,30.65,1006.7,49.9,0,normal
2026-07-03T15:39:00+00:00,30.8,1006.78,50.15,0,normal
2026-07-03T15:40:00+00:00,30.79,1006.76,50.19,0,normal
2026-07-03T15:41:00+00:00,30.93,1006.76,50.12,0,normal
2026-07-03T15:42:00+00:00,30.98,1006.83,49.97,0,normal
2026-07-03T15:43:00+00:00,30.93,1006.82,50.02,0,normal
2026-07-03T15:44:00+00:00,30.98,1006.8,50.27,0,normal
2026-07-03T15:45:00+00:00,30.95,1006.93,50.36,0,normal
2026-07-03T15:46:00+00:00,30.9,1006.97,50.32,0,normal
2026-07-03T15:47:00+00:00,30.72,1006.97,50.29,0,normal
2026-07-03T15:48:00+00:00,30.56,1006.98,49.91,0,normal
2026-07-03T15:49:00+00:00,30.51,1007.01,49.98,0,normal
2026-07-03T15:50:00+00:00,30.46,1007.01,49.87,0,normal
2026-07-03T15:51:00+00:00,30.44,1007.03,49.75,0,normal
2026-07-03T15:52:00+00:00,30.45,1007.05,49.79,0,normal
2026-07-03T15:53:00+00:00,30.62,1007.05,49.8,0,normal
2026-07-03T15:54:00+00:00,30.56,1007.02,50.0,0,normal
2026-07-03T15:55:00+00:00,30.48,1007.0,49.96,0,normal
2026-07-03T15:56:00+00:00,30.38,1006.93,49.93,0,normal
2026-07-03T15:57:00+00:00,30.43,1006.96,50.31,0,normal
2026-07-03T15:58:00+00:00,30.47,1007.0,50.74,0,normal
2026-07-03T15:59:00+00:00,30.43,1007.02,50.77,0,normal
2026-07-03T16:00:00+00:00,30.53,1007.04,50.68,0,normal
2026-07-03T16:01:00+00:00,30.55,1007.02,50.83,0,normal
2026-07-03T16:02:00+00:00,30.55,1007.03,50.98,0,normal
2026-07-03T16:03:00+00:00,30.4,1007.05,50.92,0,normal
2026-07-03T16:04:00+00:00,30.61,1007.08,50.83,0,normal
2026-07-03T16:05:00+00:00,30.46,1007.16,50.81,0,normal
2026-07-03T16:06:00+00:00,30.37,1007.19,50.99,0,normal
2026-07-03T16:07:00+00:00,30.39,1007.2,51.06,0,normal
2026-07-03T16:08:00+00:00,30.38,1007.23,51.19,0,normal
2026-07-03T16:09:00+00:00,30.44,1007.25,51.06,0,normal
2026-07-03T16:10:00+00:00,30.4,1007.3,50.75,0,normal
2026-07-03T16:11:00+00:00,30.22,1007.35,51.12,0,normal
2026-07-03T16:12:00+00:00,30.1,1007.36,51.08,0,normal
2026-07-03T16:13:00+00:00,30.06,1007.39,50.88,0,normal
2026-07-03T16:14:00+00:00,29.95,1007.38,50.92,0,normal
2026-07-03T16:15:00+00:00,29.85,1007.43,50.9,0,normal
2026-07-03T16:16:00+00:00,29.81,1007.45,50.94,0,normal
2026-07-03T16:17:00+00:00,29.87,1007.41,50.73,0,normal
2026-07-03T16:18:00+00:00,29.83,1007.42,50.57,0,normal
2026-07-03T16:19:00+00:00,29.71,1007.43,50.51,0,normal
2026-07-03T16:20:00+00:00,29.59,1007.49,50.49,0,normal
2026-07-03T16:21:00+00:00,29.68,1007.5,50.65,0,normal
2026-07-03T16:22:00+00:00,29.66,1007.37,50.52,0,normal
2026-07-03T16:23:00+00:00,29.65,1007.4,50.28,0,normal
2026-07-03T16:24:00+00:00,29.64,1007.36,50.45,0,normal
2026-07-03T16:25:00+00:00,29.63,1007.41,51.06,1,sensor_drift
2026-07-03T16:26:00+00:00,29.66,1007.46,51.37,1,sensor_drift
2026-07-03T16:27:00+00:00,29.88,1007.41,51.65,1,sensor_drift
2026-07-03T16:28:00+00:00,29.93,1007.46,52.14,1,sensor_drift
2026-07-03T16:29:00+00:00,29.96,1007.37,52.84,1,sensor_drift
2026-07-03T16:30:00+00:00,29.92,1007.45,52.8,1,sensor_drift
2026-07-03T16:31:00+00:00,29.91,1007.43,53.29,1,sensor_drift
2026-07-03T16:32:00+00:00,29.91,1007.47,53.46,1,sensor_drift
2026-07-03T16:33:00+00:00,29.88,1007.47,53.94,1,sensor_drift
2026-07-03T16:34:00+00:00,29.93,1007.49,54.06,1,sensor_drift
2026-07-03T16:35:00+00:00,29.91,1007.64,54.78,1,sensor_drift
2026-07-03T16:36:00+00:00,29.64,1007.65,55.33,1,sensor_drift
2026-07-03T16:37:00+00:00,29.61,1007.63,55.64,1,sensor_drift
2026-07-03T16:38:00+00:00,29.64,1007.58,56.24,1,sensor_drift
2026-07-03T16:39:00+00:00,29.61,1007.54,56.81,1,sensor_drift
2026-07-03T16:40:00+00:00,29.47,1007.53,57.03,1,sensor_drift
2026-07-03T16:41:00+00:00,29.63,1007.51,56.94,1,sensor_drift
2026-07-03T16:42:00+00:00,29.56,1007.55,57.46,1,sensor_drift
2026-07-03T16:43:00+00:00,29.72,1007.63,57.85,1,sensor_drift
2026-07-03T16:44:00+00:00,29.62,1007.72,58.13,1,sensor_drift
2026-07-03T16:45:00+00:00,29.54,1007.71,58.24,1,sensor_drift
2026-07-03T16:46:00+00:00,29.49,1007.7,58.75,1,sensor_drift
2026-07-03T16:47:00+00:00,29.43,1007.65,58.79,1,sensor_drift
2026-07-03T16:48:00+00:00,29.43,1007.66,59.06,1,sensor_drift
2026-07-03T16:49:00+00:00,29.38,1007.69,59.71,1,sensor_drift
2026-07-03T16:50:00+00:00,29.29,1007.71,60.27,1,sensor_drift
2026-07-03T16:51:00+00:00,29.22,1007.71,60.61,1,sensor_drift
2026-07-03T16:52:00+00:00,29.1,1007.73,60.97,1,sensor_drift
2026-07-03T16:53:00+00:00,29.14,1007.68,61.33,1,sensor_drift
2026-07-03T16:54:00+00:00,29.24,1007.8,61.93,1,sensor_drift
2026-07-03T16:55:00+00:00,29.13,1007.83,62.18,1,sensor_drift
2026-07-03T16:56:00+00:00,29.14,1007.79,53.22,0,normal
2026-07-03T16:57:00+00:00,29.1,1007.84,53.36,0,normal
2026-07-03T16:58:00+00:00,29.12,1007.85,53.52,0,normal
2026-07-03T16:59:00+00:00,29.14,1007.85,53.61,0,normal
2026-07-03T17:00:00+00:00,29.27,1007.86,53.69,0,normal
2026-07-03T17:01:00+00:00,29.25,1007.85,53.67,0,normal
2026-07-03T17:02:00+00:00,29.24,1007.84,53.72,0,normal
2026-07-03T17:03:00+00:00,29.15,1007.85,53.92,0,normal
2026-07-03T17:04:00+00:00,29.11,1007.76,54.11,0,normal
2026-07-03T17:05:00+00:00,29.1,1007.72,54.33,0,normal
2026-07-03T17:06:00+00:00,28.97,1007.78,54.37,0,normal
2026-07-03T17:07:00+00:00,28.77,1007.81,54.35,0,normal
2026-07-03T17:08:00+00:00,28.72,1007.78,54.39,0,normal
2026-07-03T17:09:00+00:00,28.67,1007.7,54.71,0,normal
2026-07-03T17:10:00+00:00,28.65,1007.68,54.54,0,normal
2026-07-03T17:11:00+00:00,28.7,1007.63,54.63,0,normal
2026-07-03T17:12:00+00:00,28.65,1007.63,54.47,0,normal
2026-07-03T17:13:00+00:00,28.59,1007.65,54.6,0,normal
2026-07-03T17:14:00+00:00,28.52,1007.66,54.85,0,normal
2026-07-03T17:15:00+00:00,28.39,1007.68,54.72,0,normal
2026-07-03T17:16:00+00:00,28.3,1007.72,54.69,0,normal
2026-07-03T17:17:00+00:00,28.21,1007.8,54.95,0,normal
2026-07-03T17:18:00+00:00,28.07,1007.74,55.14,0,normal
2026-07-03T17:19:00+00:00,28.06,1007.83,55.33,0,normal
2026-07-03T17:20:00+00:00,28.09,1007.8,55.49,0,normal
2026-07-03T17:21:00+00:00,28.0,1007.88,55.63,0,normal
2026-07-03T17:22:00+00:00,27.95,1007.93,56.13,0,normal
2026-07-03T17:23:00+00:00,27.95,1007.96,56.07,0,normal
2026-07-03T17:24:00+00:00,27.97,1007.9,56.11,0,normal
2026-07-03T17:25:00+00:00,27.99,1008.0,55.79,0,normal
2026-07-03T17:26:00+00:00,27.97,1008.07,55.8,0,normal
2026-07-03T17:27:00+00:00,27.97,1008.03,55.68,0,normal
2026-07-03T17:28:00+00:00,27.83,1008.0,55.55,0,normal
2026-07-03T17:29:00+00:00,27.85,1007.97,55.54,0,normal
2026-07-03T17:30:00+00:00,27.83,1007.98,55.52,0,normal
2026-07-03T17:31:00+00:00,27.76,1007.99,55.82,0,normal
2026-07-03T17:32:00+00:00,27.78,1007.97,55.88,0,normal
2026-07-03T17:33:00+00:00,27.63,1007.97,55.88,0,normal
2026-07-03T17:34:00+00:00,27.57,1007.94,55.89,0,normal
2026-07-03T17:35:00+00:00,27.67,1008.0,55.79,0,normal
2026-07-03T17:36:00+00:00,27.64,1007.99,56.05,0,normal
2026-07-03T17:37:00+00:00,27.66,1008.0,56.25,0,normal
2026-07-03T17:38:00+00:00,27.63,1008.08,56.33,0,normal
2026-07-03T17:39:00+00:00,27.57,1008.07,56.66,0,normal
2026-07-03T17:40:00+00:00,27.55,1008.12,56.61,0,normal
2026-07-03T17:41:00+00:00,27.5,1008.16,56.51,0,normal
2026-07-03T17:42:00+00:00,27.58,1008.18,56.42,0,normal
2026-07-03T17:43:00+00:00,27.58,1008.15,56.59,0,normal
2026-07-03T17:44:00+00:00,27.74,1008.13,56.78,0,normal
2026-07-03T17:45:00+00:00,27.74,1008.14,56.84,0,normal
2026-07-03T17:46:00+00:00,27.67,1008.15,56.87,0,normal
2026-07-03T17:47:00+00:00,27.59,1008.21,56.97,0,normal
2026-07-03T17:48:00+00:00,27.58,1008.27,56.7,0,normal
2026-07-03T17:49:00+00:00,27.68,1008.22,56.84,0,normal
2026-07-03T17:50:00+00:00,27.63,1008.18,57.21,0,normal
2026-07-03T17:51:00+00:00,27.77,1008.17,57.37,0,normal
2026-07-03T17:52:00+00:00,27.76,1008.25,57.03,0,normal
2026-07-03T17:53:00+00:00,27.78,1008.21,56.66,0,normal
2026-07-03T17:54:00+00:00,27.73,1008.31,56.66,0,normal
2026-07-03T17:55:00+00:00,27.78,1008.36,56.79,0,normal
2026-07-03T17:56:00+00:00,27.77,1008.27,56.78,0,normal
2026-07-03T17:57:00+00:00,27.82,1008.27,56.99,0,normal
2026-07-03T17:58:00+00:00,27.81,1008.37,57.03,0,normal
2026-07-03T17:59:00+00:00,27.92,1008.37,57.5,0,normal
2026-07-03T18:00:00+00:00,27.79,1008.37,57.53,0,normal
2026-07-03T18:01:00+00:00,27.77,1008.42,57.73,0,normal
2026-07-03T18:02:00+00:00,27.84,1008.38,57.67,0,normal
2026-07-03T18:03:00+00:00,27.81,1008.37,57.75,0,normal
2026-07-03T18:04:00+00:00,27.7,1008.42,57.79,0,normal
2026-07-03T18:05:00+00:00,27.79,1008.41,58.04,0,normal
2026-07-03T18:06:00+00:00,27.8,1008.35,58.23,0,normal
2026-07-03T18:07:00+00:00,27.92,1008.36,58.51,0,normal
2026-07-03T18:08:00+00:00,27.93,1008.37,58.65,0,normal
2026-07-03T18:09:00+00:00,27.93,1008.39,58.47,0,normal
2026-07-03T18:10:00+00:00,27.91,1008.38,58.5,0,normal
2026-07-03T18:11:00+00:00,27.96,1008.33,58.33,0,normal
2026-07-03T18:12:00+00:00,27.98,1008.25,58.07,0,normal
2026-07-03T18:13:00+00:00,28.0,1008.26,58.3,0,normal
2026-07-03T18:14:00+00:00,27.91,1008.18,58.2,0,normal
2026-07-03T18:15:00+00:00,27.83,1008.12,58.4,0,normal
2026-07-03T18:16:00+00:00,27.75,1008.13,58.57,0,normal
2026-07-03T18:17:00+00:00,27.73,1008.16,58.64,0,normal
2026-07-03T18:18:00+00:00,27.7,1008.17,58.28,0,normal
2026-07-03T18:19:00+00:00,27.7,1008.18,58.55,0,normal
2026-07-03T18:20:00+00:00,27.55,1008.16,58.48,0,normal
2026-07-03T18:21:00+00:00,27.57,1008.09,58.45,0,normal
2026-07-03T18:22:00+00:00,27.57,1008.06,58.43,0,normal
2026-07-03T18:23:00+00:00,27.59,1008.11,58.74,0,normal
2026-07-03T18:24:00+00:00,27.61,1008.1,58.85,0,normal
2026-07-03T18:25:00+00:00,27.51,1008.12,58.9,0,normal
2026-07-03T18:26:00+00:00,27.43,1008.15,59.3,0,normal
2026-07-03T18:27:00+00:00,27.41,1008.24,59.3,0,normal
2026-07-03T18:28:00+00:00,27.22,1008.27,59.29,0,normal
2026-07-03T18:29:00+00:00,27.16,1008.17,59.26,0,normal
2026-07-03T18:30:00+00:00,27.0,1008.15,59.34,0,normal
2026-07-03T18:31:00+00:00,26.98,1008.21,59.63,0,normal
2026-07-03T18:32:00+00:00,26.82,1008.24,59.8,0,normal
2026-07-03T18:33:00+00:00,26.79,1008.23,59.99,0,normal
2026-07-03T18:34:00+00:00,26.71,1008.21,60.36,0,normal
2026-07-03T18:35:00+00:00,26.63,1008.16,60.48,0,normal
2026-07-03T18:36:00+00:00,26.52,1008.07,60.53,0,normal
2026-07-03T18:37:00+00:00,26.63,1008.07,60.69,0,normal
2026-07-03T18:38:00+00:00,26.43,1008.09,60.83,0,normal
2026-07-03T18:39:00+00:00,26.37,1008.1,60.99,0,normal
2026-07-03T18:40:00+00:00,26.27,1008.11,61.34,0,normal
2026-07-03T18:41:00+00:00,26.25,1008.07,61.41,0,normal
2026-07-03T18:42:00+00:00,26.31,1008.01,61.63,0,normal
2026-07-03T18:43:00+00:00,26.24,1008.02,61.62,0,normal
2026-07-03T18:44:00+00:00,26.18,1008.1,61.44,0,normal
2026-07-03T18:45:00+00:00,26.21,1008.19,61.7,0,normal
2026-07-03T18:46:00+00:00,26.09,1008.11,61.66,0,normal
2026-07-03T18:47:00+00:00,26.1,1008.12,61.52,0,normal
2026-07-03T18:48:00+00:00,26.02,1008.08,61.61,0,normal
2026-07-03T18:49:00+00:00,26.17,1008.03,61.54,0,normal
2026-07-03T18:50:00+00:00,26.06,1008.06,61.67,0,normal
2026-07-03T18:51:00+00:00,25.98,1008.04,61.65,0,normal
2026-07-03T18:52:00+00:00,25.99,1008.17,61.9,0,normal
2026-07-03T18:53:00+00:00,25.97,1008.13,61.76,0,normal
2026-07-03T18:54:00+00:00,26.02,1008.16,61.81,0,normal
2026-07-03T18:55:00+00:00,26.1,1008.15,62.11,0,normal
2026-07-03T18:56:00+00:00,26.1,1008.13,62.06,0,normal
2026-07-03T18:57:00+00:00,26.07,1008.17,62.1,0,normal
2026-07-03T18:58:00+00:00,26.08,1008.1,62.4,0,normal
2026-07-03T18:59:00+00:00,26.08,1008.03,62.49,0,normal
2026-07-03T19:00:00+00:00,26.12,1007.97,62.42,0,normal
2026-07-03T19:01:00+00:00,26.09,1008.07,62.43,0,normal
2026-07-03T19:02:00+00:00,26.1,1008.08,62.46,0,normal
2026-07-03T19:03:00+00:00,26.08,1008.05,62.54,0,normal
2026-07-03T19:04:00+00:00,25.91,1008.04,62.87,0,normal
2026-07-03T19:05:00+00:00,25.89,1008.09,63.13,0,normal
2026-07-03T19:06:00+00:00,25.86,1008.05,63.17,0,normal
2026-07-03T19:07:00+00:00,25.71,1008.02,63.33,0,normal
2026-07-03T19:08:00+00:00,25.83,1008.04,63.29,0,normal
2026-07-03T19:09:00+00:00,25.68,1008.02,63.59,0,normal
2026-07-03T19:10:00+00:00,25.64,1008.04,63.69,0,normal
2026-07-03T19:11:00+00:00,25.68,1007.95,64.14,0,normal
2026-07-03T19:12:00+00:00,25.56,1007.99,64.19,0,normal
2026-07-03T19:13:00+00:00,25.53,1007.97,64.36,0,normal
2026-07-03T19:14:00+00:00,25.55,1008.01,64.75,0,normal
2026-07-03T19:15:00+00:00,25.55,1008.09,64.87,0,normal
2026-07-03T19:16:00+00:00,25.61,1008.1,64.85,0,normal
2026-07-03T19:17:00+00:00,25.6,1008.11,64.95,0,normal
2026-07-03T19:18:00+00:00,25.6,1008.13,65.04,0,normal
2026-07-03T19:19:00+00:00,25.33,1008.2,65.08,0,normal
2026-07-03T19:20:00+00:00,25.24,1008.12,65.12,0,normal
2026-07-03T19:21:00+00:00,25.18,1008.07,65.09,0,normal
2026-07-03T19:22:00+00:00,25.21,1008.15,65.37,0,normal
2026-07-03T19:23:00+00:00,25.28,1008.11,65.49,0,normal
2026-07-03T19:24:00+00:00,25.29,1008.06,65.51,0,normal
2026-07-03T19:25:00+00:00,25.33,1008.1,65.63,0,normal
2026-07-03T19:26:00+00:00,25.2,1008.06,65.45,0,normal
2026-07-03T19:27:00+00:00,25.18,1008.05,65.51,0,normal
2026-07-03T19:28:00+00:00,25.18,1008.06,65.69,0,normal
2026-07-03T19:29:00+00:00,25.05,1008.02,65.89,0,normal
2026-07-03T19:30:00+00:00,25.16,1007.99,66.11,0,normal
2026-07-03T19:31:00+00:00,25.2,1007.96,66.45,0,normal
2026-07-03T19:32:00+00:00,25.26,1008.02,66.63,0,normal
2026-07-03T19:33:00+00:00,25.41,1007.97,67.15,0,normal
2026-07-03T19:34:00+00:00,25.43,1008.02,67.15,0,normal
2026-07-03T19:35:00+00:00,25.44,1008.07,67.01,0,normal
2026-07-03T19:36:00+00:00,25.38,1007.93,67.06,0,normal
2026-07-03T19:37:00+00:00,25.26,1007.91,67.73,0,normal
2026-07-03T19:38:00+00:00,25.36,1007.82,67.9,0,normal
2026-07-03T19:39:00+00:00,25.37,1007.79,68.0,0,normal
2026-07-03T19:40:00+00:00,25.33,1007.71,67.85,0,normal
2026-07-03T19:41:00+00:00,25.29,1007.7,67.77,0,normal
2026-07-03T19:42:00+00:00,25.18,1007.69,68.03,0,normal
2026-07-03T19:43:00+00:00,25.12,1007.76,67.96,0,normal
2026-07-03T19:44:00+00:00,25.09,1007.73,68.16,0,normal
2026-07-03T19:45:00+00:00,24.98,1007.81,67.89,0,normal
2026-07-03T19:46:00+00:00,25.07,1007.8,68.09,0,normal
2026-07-03T19:47:00+00:00,25.13,1007.82,68.03,0,normal
2026-07-03T19:48:00+00:00,25.12,1007.9,67.95,0,normal
2026-07-03T19:49:00+00:00,25.23,1007.89,67.97,0,normal
2026-07-03T19:50:00+00:00,25.1,1007.86,67.69,0,normal
2026-07-03T19:51:00+00:00,25.01,1007.82,67.6,0,normal
2026-07-03T19:52:00+00:00,25.01,1007.79,67.61,0,normal
2026-07-03T19:53:00+00:00,24.93,1007.78,67.76,0,normal
2026-07-03T19:54:00+00:00,24.82,1007.77,67.89,0,normal
2026-07-03T19:55:00+00:00,24.68,1007.73,68.14,0,normal
2026-07-03T19:56:00+00:00,24.68,1007.7,68.41,0,normal
2026-07-03T19:57:00+00:00,24.55,1007.63,68.48,0,normal
2026-07-03T19:58:00+00:00,24.63,1007.62,68.55,0,normal
2026-07-03T19:59:00+00:00,24.7,1007.59,69.12,0,normal
2026-07-03T20:00:00+00:00,24.61,1007.53,69.18,0,normal
2026-07-03T20:01:00+00:00,24.54,1007.47,69.81,0,normal
2026-07-03T20:02:00+00:00,24.52,1007.48,69.79,0,normal
2026-07-03T20:03:00+00:00,24.42,1007.52,69.54,0,normal
2026-07-03T20:04:00+00:00,24.29,1007.49,69.91,0,normal
2026-07-03T20:05:00+00:00,24.22,1007.5,70.0,0,normal
2026-07-03T20:06:00+00:00,24.28,1007.4,70.23,0,normal
2026-07-03T20:07:00+00:00,24.22,1007.44,70.15,0,normal
2026-07-03T20:08:00+00:00,24.18,1007.42,70.03,0,normal
2026-07-03T20:09:00+00:00,24.04,1007.38,70.16,0,normal
2026-07-03T20:10:00+00:00,23.94,1007.35,69.88,0,normal
2026-07-03T20:11:00+00:00,23.88,1007.39,70.14,0,normal
2026-07-03T20:12:00+00:00,23.84,1007.38,70.08,0,normal
2026-07-03T20:13:00+00:00,23.94,1007.47,70.23,0,normal
2026-07-03T20:14:00+00:00,24.11,1007.42,70.1,0,normal
2026-07-03T20:15:00+00:00,28.21,1007.39,96.69,1,multivariate_inconsistency
2026-07-03T20:16:00+00:00,28.14,1007.33,96.61,1,multivariate_inconsistency
2026-07-03T20:17:00+00:00,28.19,1007.36,96.62,1,multivariate_inconsistency
2026-07-03T20:18:00+00:00,27.99,1007.29,97.08,1,multivariate_inconsistency
2026-07-03T20:19:00+00:00,28.01,1007.27,97.55,1,multivariate_inconsistency
2026-07-03T20:20:00+00:00,28.13,1007.26,97.63,1,multivariate_inconsistency
2026-07-03T20:21:00+00:00,23.83,1007.23,71.41,0,normal
2026-07-03T20:22:00+00:00,23.67,1007.13,71.72,0,normal
2026-07-03T20:23:00+00:00,23.51,1007.21,71.66,0,normal
2026-07-03T20:24:00+00:00,23.61,1007.18,71.44,0,normal
2026-07-03T20:25:00+00:00,23.68,1007.24,71.37,0,normal
2026-07-03T20:26:00+00:00,23.61,1007.17,71.46,0,normal
2026-07-03T20:27:00+00:00,23.58,1007.14,71.22,0,normal
2026-07-03T20:28:00+00:00,23.49,1007.16,71.31,0,normal
2026-07-03T20:29:00+00:00,23.42,1007.1,71.32,0,normal
2026-07-03T20:30:00+00:00,23.5,1007.02,71.61,0,normal
2026-07-03T20:31:00+00:00,23.46,1007.03,71.59,0,normal
2026-07-03T20:32:00+00:00,23.39,1007.01,71.62,0,normal
2026-07-03T20:33:00+00:00,23.38,1007.02,72.2,0,normal
2026-07-03T20:34:00+00:00,23.36,1006.91,72.54,0,normal
2026-07-03T20:35:00+00:00,23.3,1007.0,72.94,0,normal
2026-07-03T20:36:00+00:00,23.22,1007.03,72.91,0,normal
2026-07-03T20:37:00+00:00,23.18,1007.04,73.23,0,normal
2026-07-03T20:38:00+00:00,23.22,1007.03,73.81,0,normal
2026-07-03T20:39:00+00:00,23.15,1006.93,73.59,0,normal
2026-07-03T20:40:00+00:00,23.22,1006.91,73.7,0,normal
2026-07-03T20:41:00+00:00,23.14,1006.88,73.61,0,normal
2026-07-03T20:42:00+00:00,23.13,1006.86,73.79,0,normal
2026-07-03T20:43:00+00:00,23.12,1006.82,73.57,0,normal
2026-07-03T20:44:00+00:00,22.95,1006.96,73.97,0,normal
2026-07-03T20:45:00+00:00,23.02,1006.91,74.05,0,normal
2026-07-03T20:46:00+00:00,22.91,1006.83,74.02,0,normal
2026-07-03T20:47:00+00:00,22.98,1006.85,73.91,0,normal
2026-07-03T20:48:00+00:00,22.91,1006.87,73.9,0,normal
2026-07-03T20:49:00+00:00,22.88,1006.87,74.08,0,normal
2026-07-03T20:50:00+00:00,22.86,1006.82,74.07,0,normal
2026-07-03T20:51:00+00:00,22.72,1006.73,74.15,0,normal
2026-07-03T20:52:00+00:00,22.75,1006.64,74.31,0,normal
2026-07-03T20:53:00+00:00,22.77,1006.54,74.36,0,normal
2026-07-03T20:54:00+00:00,22.86,1006.56,74.1,0,normal
2026-07-03T20:55:00+00:00,22.87,1006.52,74.36,0,normal
2026-07-03T20:56:00+00:00,22.76,1006.51,74.37,0,normal
2026-07-03T20:57:00+00:00,22.72,1006.47,74.44,0,normal
2026-07-03T20:58:00+00:00,22.58,1006.49,74.6,0,normal
2026-07-03T20:59:00+00:00,22.41,1006.53,74.68,0,normal
2026-07-03T21:00:00+00:00,22.39,1006.56,74.87,0,normal
2026-07-03T21:01:00+00:00,22.45,1006.53,75.19,0,normal
2026-07-03T21:02:00+00:00,22.42,1006.54,75.38,0,normal
2026-07-03T21:03:00+00:00,22.48,1006.57,75.39,0,normal
2026-07-03T21:04:00+00:00,22.38,1006.55,75.34,0,normal
2026-07-03T21:05:00+00:00,22.26,1006.43,75.14,0,normal
2026-07-03T21:06:00+00:00,22.38,1006.38,75.65,0,normal
2026-07-03T21:07:00+00:00,22.37,1006.37,75.45,0,normal
2026-07-03T21:08:00+00:00,22.33,1006.46,75.88,0,normal
2026-07-03T21:09:00+00:00,22.31,1006.38,75.79,0,normal
2026-07-03T21:10:00+00:00,22.19,1006.44,76.23,0,normal
2026-07-03T21:11:00+00:00,22.17,1006.4,76.64,0,normal
2026-07-03T21:12:00+00:00,22.05,1006.39,76.81,0,normal
2026-07-03T21:13:00+00:00,21.95,1006.35,76.74,0,normal
2026-07-03T21:14:00+00:00,22.03,1006.43,76.85,0,normal
2026-07-03T21:15:00+00:00,21.97,1006.38,76.93,0,normal
2026-07-03T21:16:00+00:00,21.89,1006.36,77.1,0,normal
2026-07-03T21:17:00+00:00,21.82,1006.33,77.14,0,normal
2026-07-03T21:18:00+00:00,21.77,1006.29,77.38,0,normal
2026-07-03T21:19:00+00:00,21.59,1006.36,77.48,0,normal
2026-07-03T21:20:00+00:00,21.62,1006.37,77.42,0,normal
2026-07-03T21:21:00+00:00,21.52,1006.3,77.45,0,normal
2026-07-03T21:22:00+00:00,21.55,1006.26,77.66,0,normal
2026-07-03T21:23:00+00:00,21.34,1006.22,77.97,0,normal
2026-07-03T21:24:00+00:00,21.31,1006.16,77.91,0,normal
2026-07-03T21:25:00+00:00,21.05,1006.1,78.2,0,normal
2026-07-03T21:26:00+00:00,21.0,1006.06,77.8,0,normal
2026-07-03T21:27:00+00:00,20.86,1006.11,78.02,0,normal
2026-07-03T21:28:00+00:00,20.76,1006.07,78.1,0,normal
2026-07-03T21:29:00+00:00,20.67,1005.96,78.16,0,normal
2026-07-03T21:30:00+00:00,20.72,1005.98,78.42,0,normal
2026-07-03T21:31:00+00:00,20.6,1005.97,78.45,0,normal
2026-07-03T21:32:00+00:00,20.6,1005.95,78.4,0,normal
2026-07-03T21:33:00+00:00,20.37,1006.0,78.56,0,normal
2026-07-03T21:34:00+00:00,20.26,1006.01,78.56,0,normal
2026-07-03T21:35:00+00:00,20.25,1005.96,78.76,0,normal
2026-07-03T21:36:00+00:00,20.21,1005.89,79.07,0,normal
2026-07-03T21:37:00+00:00,20.21,1005.87,79.28,0,normal
2026-07-03T21:38:00+00:00,20.18,1005.84,79.41,0,normal
2026-07-03T21:39:00+00:00,20.07,1005.84,79.33,0,normal
2026-07-03T21:40:00+00:00,20.16,1005.86,79.49,0,normal
2026-07-03T21:41:00+00:00,20.05,1005.84,79.33,0,normal
2026-07-03T21:42:00+00:00,20.07,1005.72,79.11,0,normal
2026-07-03T21:43:00+00:00,20.18,1005.73,79.14,0,normal
2026-07-03T21:44:00+00:00,20.12,1005.67,79.28,0,normal
2026-07-03T21:45:00+00:00,20.11,1005.74,79.35,0,normal
2026-07-03T21:46:00+00:00,20.12,1005.66,79.38,0,normal
2026-07-03T21:47:00+00:00,20.15,1005.63,79.39,0,normal
2026-07-03T21:48:00+00:00,20.18,1005.7,79.53,0,normal
2026-07-03T21:49:00+00:00,20.28,1005.72,79.85,0,normal
2026-07-03T21:50:00+00:00,20.23,1005.7,79.91,0,normal
2026-07-03T21:51:00+00:00,20.27,1005.73,80.03,0,normal
2026-07-03T21:52:00+00:00,20.33,1005.69,80.31,0,normal
2026-07-03T21:53:00+00:00,20.41,1005.71,80.42,0,normal
2026-07-03T21:54:00+00:00,20.45,1005.65,80.55,0,normal
2026-07-03T21:55:00+00:00,20.45,1005.57,80.73,0,normal
2026-07-03T21:56:00+00:00,20.33,1005.54,80.81,0,normal
2026-07-03T21:57:00+00:00,20.26,1005.54,80.91,0,normal
2026-07-03T21:58:00+00:00,20.18,1005.56,80.83,0,normal
2026-07-03T21:59:00+00:00,20.35,1005.54,80.69,0,normal
2026-07-03T22:00:00+00:00,20.26,1005.59,80.7,0,normal
2026-07-03T22:01:00+00:00,20.13,1005.62,80.72,0,normal
2026-07-03T22:02:00+00:00,20.17,1005.65,80.88,0,normal
2026-07-03T22:03:00+00:00,20.35,1005.54,80.82,0,normal
2026-07-03T22:04:00+00:00,20.3,1005.64,81.29,0,normal
2026-07-03T22:05:00+00:00,20.38,1005.58,81.25,0,normal
2026-07-03T22:06:00+00:00,20.28,1005.53,81.65,0,normal
2026-07-03T22:07:00+00:00,20.24,1005.51,81.88,0,normal
2026-07-03T22:08:00+00:00,20.08,1005.49,81.74,0,normal
2026-07-03T22:09:00+00:00,20.03,1005.45,81.7,0,normal
2026-07-03T22:10:00+00:00,20.03,1005.45,81.74,0,normal
2026-07-03T22:11:00+00:00,20.04,1005.39,81.98,0,normal
2026-07-03T22:12:00+00:00,20.01,1005.35,81.9,0,normal
2026-07-03T22:13:00+00:00,19.97,1005.43,81.99,0,normal
2026-07-03T22:14:00+00:00,19.85,1005.47,81.99,0,normal
2026-07-03T22:15:00+00:00,19.86,1005.42,82.34,0,normal
2026-07-03T22:16:00+00:00,19.8,1005.47,82.22,0,normal
2026-07-03T22:17:00+00:00,19.76,1005.52,82.35,0,normal
2026-07-03T22:18:00+00:00,19.92,1005.48,82.49,0,normal
2026-07-03T22:19:00+00:00,20.05,1005.39,82.26,0,normal
2026-07-03T22:20:00+00:00,19.95,1005.41,82.04,0,normal
2026-07-03T22:21:00+00:00,19.97,1005.42,82.57,0,normal
2026-07-03T22:22:00+00:00,20.02,1005.41,82.94,0,normal
2026-07-03T22:23:00+00:00,20.03,1005.37,82.8,0,normal
2026-07-03T22:24:00+00:00,19.95,1005.35,82.93,0,normal
2026-07-03T22:25:00+00:00,19.74,1005.32,83.03,0,normal
2026-07-03T22:26:00+00:00,19.76,1005.38,83.16,0,normal
2026-07-03T22:27:00+00:00,19.66,1005.27,83.39,0,normal
2026-07-03T22:28:00+00:00,19.57,1005.3,83.75,0,normal
2026-07-03T22:29:00+00:00,19.42,1005.3,84.08,0,normal
2026-07-03T22:30:00+00:00,19.49,1005.18,83.97,0,normal
2026-07-03T22:31:00+00:00,19.37,1005.19,84.12,0,normal
2026-07-03T22:32:00+00:00,19.14,1005.16,84.34,0,normal
2026-07-03T22:33:00+00:00,19.15,1005.15,84.32,0,normal
2026-07-03T22:34:00+00:00,19.06,1005.14,84.39,0,normal
2026-07-03T22:35:00+00:00,19.1,1005.16,84.47,0,normal
2026-07-03T22:36:00+00:00,19.18,1005.12,84.25,0,normal
2026-07-03T22:37:00+00:00,19.21,1005.11,84.42,0,normal
2026-07-03T22:38:00+00:00,19.09,1005.19,84.64,0,normal
2026-07-03T22:39:00+00:00,19.06,1005.12,84.92,0,normal
2026-07-03T22:40:00+00:00,18.96,1005.21,84.85,0,normal
2026-07-03T22:41:00+00:00,19.1,1005.18,85.23,0,normal
2026-07-03T22:42:00+00:00,19.02,1005.16,85.44,0,normal
2026-07-03T22:43:00+00:00,19.06,1005.2,85.38,0,normal
2026-07-03T22:44:00+00:00,19.06,1005.24,85.29,0,normal
2026-07-03T22:45:00+00:00,19.09,1005.2,85.39,0,normal
2026-07-03T22:46:00+00:00,19.08,1005.13,85.39,0,normal
2026-07-03T22:47:00+00:00,19.07,1005.11,85.77,0,normal
2026-07-03T22:48:00+00:00,19.13,1005.1,85.66,0,normal
2026-07-03T22:49:00+00:00,19.04,1005.18,85.51,0,normal
2026-07-03T22:50:00+00:00,19.03,1005.17,85.51,0,normal
2026-07-03T22:51:00+00:00,18.93,1005.1,85.47,0,normal
2026-07-03T22:52:00+00:00,18.85,1005.15,85.54,0,normal
2026-07-03T22:53:00+00:00,18.79,1005.13,85.75,0,normal
2026-07-03T22:54:00+00:00,18.75,1005.15,85.57,0,normal
2026-07-03T22:55:00+00:00,18.83,1005.12,85.64,0,normal
2026-07-03T22:56:00+00:00,18.76,1005.03,85.39,0,normal
2026-07-03T22:57:00+00:00,18.69,1005.04,85.29,0,normal
2026-07-03T22:58:00+00:00,18.55,1004.97,85.32,0,normal
2026-07-03T22:59:00+00:00,18.51,1004.94,85.63,0,normal
2026-07-03T23:00:00+00:00,18.61,1005.02,85.41,0,normal
2026-07-03T23:01:00+00:00,18.53,1005.04,85.43,0,normal
2026-07-03T23:02:00+00:00,18.59,1005.02,85.86,0,normal
2026-07-03T23:03:00+00:00,18.66,1005.05,85.87,0,normal
2026-07-03T23:04:00+00:00,18.63,1005.01,85.67,0,normal
2026-07-03T23:05:00+00:00,18.73,1005.02,85.71,0,normal
2026-07-03T23:06:00+00:00,18.81,1004.96,85.46,0,normal
2026-07-03T23:07:00+00:00,18.86,1004.88,85.55,0,normal
2026-07-03T23:08:00+00:00,18.84,1004.87,85.85,0,normal
2026-07-03T23:09:00+00:00,18.86,1004.88,85.81,0,normal
2026-07-03T23:10:00+00:00,18.85,1004.79,86.24,0,normal
2026-07-03T23:11:00+00:00,18.7,1004.75,86.09,0,normal
2026-07-03T23:12:00+00:00,18.61,1004.74,86.1,0,normal
2026-07-03T23:13:00+00:00,18.68,1004.73,86.12,0,normal
2026-07-03T23:14:00+00:00,18.63,1004.78,86.43,0,normal
2026-07-03T23:15:00+00:00,18.51,1004.73,86.63,0,normal
2026-07-03T23:16:00+00:00,18.52,1004.66,86.88,0,normal
2026-07-03T23:17:00+00:00,18.42,1004.71,87.08,0,normal
2026-07-03T23:18:00+00:00,18.31,1004.67,87.06,0,normal
2026-07-03T23:19:00+00:00,18.3,1004.65,86.93,0,normal
2026-07-03T23:20:00+00:00,18.17,1004.66,87.09,0,normal
2026-07-03T23:21:00+00:00,18.17,1004.66,87.06,0,normal
2026-07-03T23:22:00+00:00,18.17,1037.6,87.4,1,pressure_spike
2026-07-03T23:23:00+00:00,17.92,979.2,87.64,1,pressure_spike
2026-07-03T23:24:00+00:00,17.83,1040.24,87.7,1,pressure_spike
2026-07-03T23:25:00+00:00,17.91,1033.86,87.95,1,pressure_spike
2026-07-03T23:26:00+00:00,17.87,1022.99,88.4,1,pressure_spike
2026-07-03T23:27:00+00:00,17.71,968.99,88.34,1,pressure_spike
2026-07-03T23:28:00+00:00,17.88,1038.93,88.19,1,pressure_spike
2026-07-03T23:29:00+00:00,17.86,1024.67,88.42,1,pressure_spike
2026-07-03T23:30:00+00:00,17.76,1004.84,88.52,0,normal
2026-07-03T23:31:00+00:00,17.6,1004.83,88.56,0,normal
2026-07-03T23:32:00+00:00,17.5,1004.78,88.55,0,normal
2026-07-03T23:33:00+00:00,17.67,1004.77,88.83,0,normal
2026-07-03T23:34:00+00:00,17.65,1004.65,89.01,0,normal
2026-07-03T23:35:00+00:00,17.6,1004.62,88.85,0,normal
2026-07-03T23:36:00+00:00,17.61,1004.65,89.09,0,normal
2026-07-03T23:37:00+00:00,17.73,1004.72,88.73,0,normal
2026-07-03T23:38:00+00:00,17.63,1004.61,88.93,0,normal
2026-07-03T23:39:00+00:00,17.57,1004.57,88.95,0,normal
2026-07-03T23:40:00+00:00,17.6,1004.48,88.76,0,normal
2026-07-03T23:41:00+00:00,17.59,1004.53,88.83,0,normal
2026-07-03T23:42:00+00:00,17.52,1004.41,89.1,0,normal
2026-07-03T23:43:00+00:00,17.46,1004.34,88.83,0,normal
2026-07-03T23:44:00+00:00,17.35,1004.29,88.86,0,normal
2026-07-03T23:45:00+00:00,17.25,1004.29,88.9,0,normal
2026-07-03T23:46:00+00:00,17.44,1004.21,89.01,0,normal
2026-07-03T23:47:00+00:00,17.45,1004.16,89.12,0,normal
2026-07-03T23:48:00+00:00,17.51,1004.17,89.47,0,normal
2026-07-03T23:49:00+00:00,17.33,1004.13,89.83,0,normal
2026-07-03T23:50:00+00:00,17.4,1004.16,90.13,0,normal
2026-07-03T23:51:00+00:00,17.24,1004.2,90.38,0,normal
2026-07-03T23:52:00+00:00,17.19,1004.33,90.45,0,normal
2026-07-03T23:53:00+00:00,17.02,1004.35,90.34,0,normal
2026-07-03T23:54:00+00:00,17.13,1004.37,90.25,0,normal
2026-07-03T23:55:00+00:00,17.25,1004.41,90.13,0,normal
2026-07-03T23:56:00+00:00,17.24,1004.42,90.11,0,normal
2026-07-03T23:57:00+00:00,17.21,1004.41,89.95,0,normal
2026-07-03T23:58:00+00:00,17.03,1004.41,89.62,0,normal
2026-07-03T23:59:00+00:00,16.96,1004.31,89.38,0,normal
2026-07-04T00:00:00+00:00,17.0,1004.3,89.43,0,normal
2026-07-04T00:01:00+00:00,16.9,1004.26,89.6,0,normal
2026-07-04T00:02:00+00:00,16.91,1004.3,89.89,0,normal
2026-07-04T00:03:00+00:00,16.9,1004.2,89.83,0,normal
2026-07-04T00:04:00+00:00,16.9,1004.16,89.7,0,normal
2026-07-04T00:05:00+00:00,16.91,1004.28,89.7,0,normal
2026-07-04T00:06:00+00:00,16.92,1004.21,90.05,0,normal
2026-07-04T00:07:00+00:00,17.0,1004.25,90.41,0,normal
2026-07-04T00:08:00+00:00,16.96,1004.23,90.82,0,normal
2026-07-04T00:09:00+00:00,17.02,1004.12,90.97,0,normal
2026-07-04T00:10:00+00:00,16.97,1004.17,91.1,0,normal
2026-07-04T00:11:00+00:00,16.83,1004.18,91.18,0,normal
2026-07-04T00:12:00+00:00,16.87,1004.21,91.52,0,normal
2026-07-04T00:13:00+00:00,16.9,1004.21,91.78,0,normal
2026-07-04T00:14:00+00:00,17.08,1004.26,91.84,0,normal
2026-07-04T00:15:00+00:00,17.11,1004.27,91.86,0,normal
2026-07-04T00:16:00+00:00,17.27,1004.22,92.11,0,normal
2026-07-04T00:17:00+00:00,17.24,1004.15,92.08,0,normal
2026-07-04T00:18:00+00:00,17.18,1004.18,92.11,0,normal
2026-07-04T00:19:00+00:00,17.08,1004.25,92.34,0,normal
2026-07-04T00:20:00+00:00,17.2,1004.26,92.33,0,normal
2026-07-04T00:21:00+00:00,17.23,1004.23,92.37,0,normal
2026-07-04T00:22:00+00:00,17.2,1004.15,92.4,0,normal
2026-07-04T00:23:00+00:00,17.14,1004.14,92.48,0,normal
2026-07-04T00:24:00+00:00,17.23,1004.1,92.42,0,normal
2026-07-04T00:25:00+00:00,17.14,1004.07,92.31,0,normal
2026-07-04T00:26:00+00:00,17.11,1004.1,92.39,0,normal
2026-07-04T00:27:00+00:00,17.0,1004.17,92.59,0,normal
2026-07-04T00:28:00+00:00,16.92,1004.23,92.67,0,normal
2026-07-04T00:29:00+00:00,16.89,1004.25,92.67,0,normal
2026-07-04T00:30:00+00:00,16.93,1004.26,92.61,0,normal
2026-07-04T00:31:00+00:00,16.75,1004.28,92.55,0,normal
2026-07-04T00:32:00+00:00,16.81,1004.3,92.5,0,normal
2026-07-04T00:33:00+00:00,16.88,1004.31,92.56,0,normal
2026-07-04T00:34:00+00:00,16.86,1004.39,92.44,0,normal
2026-07-04T00:35:00+00:00,16.82,1004.32,92.61,0,normal
2026-07-04T00:36:00+00:00,16.77,1004.29,92.53,0,normal
2026-07-04T00:37:00+00:00,16.76,1004.22,92.12,0,normal
2026-07-04T00:38:00+00:00,16.79,1004.12,92.34,0,normal
2026-07-04T00:39:00+00:00,16.9,1004.12,92.64,0,normal
2026-07-04T00:40:00+00:00,16.88,1004.2,92.58,0,normal
2026-07-04T00:41:00+00:00,16.68,1004.2,92.96,0,normal
2026-07-04T00:42:00+00:00,16.71,1004.18,93.04,0,normal
2026-07-04T00:43:00+00:00,16.78,1004.17,93.59,0,normal
2026-07-04T00:44:00+00:00,16.73,1004.23,93.73,0,normal
2026-07-04T00:45:00+00:00,16.66,1004.21,93.92,0,normal
2026-07-04T00:46:00+00:00,16.66,1004.23,93.57,0,normal
2026-07-04T00:47:00+00:00,16.71,1004.24,93.55,0,normal
2026-07-04T00:48:00+00:00,16.72,1004.23,93.43,0,normal
2026-07-04T00:49:00+00:00,16.69,1004.2,93.88,0,normal
2026-07-04T00:50:00+00:00,16.75,1004.16,94.27,0,normal
2026-07-04T00:51:00+00:00,16.7,1004.17,94.42,0,normal
2026-07-04T00:52:00+00:00,16.53,1004.16,94.27,0,normal
2026-07-04T00:53:00+00:00,16.54,1004.19,94.23,0,normal
2026-07-04T00:54:00+00:00,16.52,1004.25,94.26,0,normal
2026-07-04T00:55:00+00:00,16.52,1004.26,94.61,0,normal
2026-07-04T00:56:00+00:00,16.53,1004.23,94.19,0,normal
2026-07-04T00:57:00+00:00,16.4,1004.21,94.15,0,normal
2026-07-04T00:58:00+00:00,16.36,1004.24,94.02,0,normal
2026-07-04T00:59:00+00:00,16.28,1004.27,94.29,0,normal
2026-07-04T01:00:00+00:00,16.2,1004.29,93.89,0,normal
2026-07-04T01:01:00+00:00,16.09,1004.26,94.12,0,normal
2026-07-04T01:02:00+00:00,16.04,1004.23,94.12,0,normal
2026-07-04T01:03:00+00:00,16.05,1004.19,94.52,0,normal
2026-07-04T01:04:00+00:00,16.04,1004.21,94.41,0,normal
2026-07-04T01:05:00+00:00,16.09,1004.28,94.73,0,normal
2026-07-04T01:06:00+00:00,16.04,1004.34,94.81,0,normal
2026-07-04T01:07:00+00:00,16.13,1004.34,94.74,0,normal
2026-07-04T01:08:00+00:00,16.21,1004.39,95.03,0,normal
2026-07-04T01:09:00+00:00,16.23,1004.38,94.49,0,normal
2026-07-04T01:10:00+00:00,16.1,1004.36,94.26,0,normal
2026-07-04T01:11:00+00:00,16.17,1004.3,94.16,0,normal
2026-07-04T01:12:00+00:00,16.14,1004.37,94.04,0,normal
2026-07-04T01:13:00+00:00,16.18,1004.38,94.24,0,normal
2026-07-04T01:14:00+00:00,16.25,1004.38,93.9,0,normal
2026-07-04T01:15:00+00:00,16.23,1004.38,93.98,0,normal
2026-07-04T01:16:00+00:00,16.17,1004.44,94.01,0,normal
2026-07-04T01:17:00+00:00,16.1,1004.42,94.41,0,normal
2026-07-04T01:18:00+00:00,16.15,1004.48,94.2,0,normal
2026-07-04T01:19:00+00:00,16.1,1004.44,94.25,0,normal
2026-07-04T01:20:00+00:00,16.09,1004.42,94.19,0,normal
2026-07-04T01:21:00+00:00,16.03,1004.42,94.43,0,normal
2026-07-04T01:22:00+00:00,15.91,1004.44,94.71,0,normal
2026-07-04T01:23:00+00:00,15.91,1004.42,94.89,0,normal
2026-07-04T01:24:00+00:00,15.84,1004.42,94.66,0,normal
2026-07-04T01:25:00+00:00,15.71,1004.42,94.41,0,normal
2026-07-04T01:26:00+00:00,15.73,1004.48,94.79,0,normal
2026-07-04T01:27:00+00:00,15.76,1004.54,94.86,0,normal
2026-07-04T01:28:00+00:00,15.74,1004.44,95.17,0,normal
2026-07-04T01:29:00+00:00,15.68,1004.52,95.25,0,normal
2026-07-04T01:30:00+00:00,15.62,1004.54,95.65,0,normal
2026-07-04T01:31:00+00:00,15.77,1004.51,95.46,0,normal
2026-07-04T01:32:00+00:00,15.79,1004.51,95.66,0,normal
2026-07-04T01:33:00+00:00,15.87,1004.43,95.71,0,normal
2026-07-04T01:34:00+00:00,15.86,1004.44,95.71,0,normal
2026-07-04T01:35:00+00:00,15.97,1004.5,95.51,0,normal
2026-07-04T01:36:00+00:00,15.97,1004.49,95.14,0,normal
2026-07-04T01:37:00+00:00,15.97,1004.59,94.78,0,normal
2026-07-04T01:38:00+00:00,15.97,1004.59,94.84,0,normal
2026-07-04T01:39:00+00:00,15.9,1004.52,94.56,0,normal
2026-07-04T01:40:00+00:00,16.01,1004.48,94.48,0,normal
2026-07-04T01:41:00+00:00,16.18,1004.46,94.56,0,normal
2026-07-04T01:42:00+00:00,16.26,1004.52,94.31,0,normal
2026-07-04T01:43:00+00:00,16.19,1004.55,94.73,0,normal
2026-07-04T01:44:00+00:00,16.12,1004.53,94.82,0,normal
2026-07-04T01:45:00+00:00,16.17,1004.58,94.65,0,normal
2026-07-04T01:46:00+00:00,16.12,1004.6,94.92,0,normal
2026-07-04T01:47:00+00:00,16.1,1004.6,94.71,0,normal
2026-07-04T01:48:00+00:00,16.24,1004.62,94.94,0,normal
2026-07-04T01:49:00+00:00,16.23,1004.63,94.64,0,normal
2026-07-04T01:50:00+00:00,16.05,1004.71,94.67,0,normal
2026-07-04T01:51:00+00:00,16.06,1004.65,94.51,0,normal
2026-07-04T01:52:00+00:00,16.15,1004.75,94.41,0,normal
2026-07-04T01:53:00+00:00,16.19,1004.76,94.41,0,normal
2026-07-04T01:54:00+00:00,16.33,1004.74,94.69,0,normal
2026-07-04T01:55:00+00:00,16.35,1004.75,94.98,0,normal
2026-07-04T01:56:00+00:00,16.35,1004.75,95.25,0,normal
2026-07-04T01:57:00+00:00,16.43,1004.82,94.46,0,normal
2026-07-04T01:58:00+00:00,16.45,1004.83,94.49,0,normal
2026-07-04T01:59:00+00:00,16.47,1004.85,94.65,0,normal
2026-07-04T02:00:00+00:00,16.43,1004.93,94.82,0,normal
2026-07-04T02:01:00+00:00,16.45,1004.96,95.06,0,normal
2026-07-04T02:02:00+00:00,16.51,1004.95,95.26,0,normal
2026-07-04T02:03:00+00:00,16.5,1005.05,95.47,0,normal
2026-07-04T02:04:00+00:00,16.42,1005.16,95.03,0,normal
2026-07-04T02:05:00+00:00,16.45,1005.12,95.41,0,normal
2026-07-04T02:06:00+00:00,16.45,1005.07,95.34,0,normal
2026-07-04T02:07:00+00:00,16.37,1005.06,95.26,0,normal
2026-07-04T02:08:00+00:00,16.29,1005.07,95.32,0,normal
2026-07-04T02:09:00+00:00,16.19,1004.99,95.37,0,normal
2026-07-04T02:10:00+00:00,16.22,1005.03,95.47,0,normal
2026-07-04T02:11:00+00:00,16.34,1005.08,95.98,0,normal
2026-07-04T02:12:00+00:00,16.57,1004.99,95.5,0,normal
2026-07-04T02:13:00+00:00,16.54,1005.02,95.46,0,normal
2026-07-04T02:14:00+00:00,16.57,1005.02,95.3,0,normal
2026-07-04T02:15:00+00:00,16.49,1005.01,95.46,0,normal
2026-07-04T02:16:00+00:00,16.43,1005.01,95.55,0,normal
2026-07-04T02:17:00+00:00,16.39,1005.07,95.34,0,normal
2026-07-04T02:18:00+00:00,16.28,1005.09,95.41,0,normal
2026-07-04T02:19:00+00:00,16.2,1005.16,95.78,0,normal
2026-07-04T02:20:00+00:00,16.14,1005.24,95.26,0,normal
2026-07-04T02:21:00+00:00,16.21,1005.2,95.45,0,normal
2026-07-04T02:22:00+00:00,16.13,1005.2,95.27,0,normal
2026-07-04T02:23:00+00:00,16.1,1005.29,95.23,0,normal
2026-07-04T02:24:00+00:00,16.26,1005.27,95.52,0,normal
2026-07-04T02:25:00+00:00,16.12,1005.26,95.39,0,normal
2026-07-04T02:26:00+00:00,16.24,1005.27,94.95,0,normal
2026-07-04T02:27:00+00:00,16.12,1005.22,95.14,0,normal
2026-07-04T02:28:00+00:00,16.18,1005.21,95.03,0,normal
2026-07-04T02:29:00+00:00,16.23,1005.16,95.12,0,normal
2026-07-04T02:30:00+00:00,16.25,1005.16,95.19,0,normal
2026-07-04T02:31:00+00:00,16.24,1005.19,94.91,0,normal
2026-07-04T02:32:00+00:00,16.28,1005.26,94.98,0,normal
2026-07-04T02:33:00+00:00,16.31,1005.26,95.16,0,normal
2026-07-04T02:34:00+00:00,16.3,1005.21,95.31,0,normal
2026-07-04T02:35:00+00:00,16.16,1005.23,95.22,0,normal
2026-07-04T02:36:00+00:00,16.12,1005.25,95.06,0,normal
2026-07-04T02:37:00+00:00,16.15,1005.27,94.93,0,normal
2026-07-04T02:38:00+00:00,16.25,1005.29,95.06,0,normal
2026-07-04T02:39:00+00:00,16.36,1005.37,95.17,0,normal
2026-07-04T02:40:00+00:00,16.31,1005.31,95.2,0,normal
2026-07-04T02:41:00+00:00,16.39,1005.33,94.49,0,normal
2026-07-04T02:42:00+00:00,16.44,1005.39,94.45,0,normal
2026-07-04T02:43:00+00:00,16.5,1005.43,94.33,0,normal
2026-07-04T02:44:00+00:00,16.58,1005.38,94.35,0,normal
2026-07-04T02:45:00+00:00,16.54,1005.35,94.43,0,normal
2026-07-04T02:46:00+00:00,16.62,1005.42,94.6,0,normal
2026-07-04T02:47:00+00:00,16.46,1005.36,94.64,0,normal
2026-07-04T02:48:00+00:00,16.43,1005.35,95.03,0,normal
2026-07-04T02:49:00+00:00,16.43,1005.4,,1,missing_data
2026-07-04T02:50:00+00:00,16.41,1005.54,,1,missing_data
2026-07-04T02:51:00+00:00,16.35,1005.5,,1,missing_data
2026-07-04T02:52:00+00:00,16.4,1005.48,,1,missing_data
2026-07-04T02:53:00+00:00,16.49,1005.51,,1,missing_data
2026-07-04T02:54:00+00:00,16.47,1005.55,95.39,0,normal
2026-07-04T02:55:00+00:00,16.4,1005.55,95.12,0,normal
2026-07-04T02:56:00+00:00,16.43,1005.6,95.29,0,normal
2026-07-04T02:57:00+00:00,16.46,1005.61,95.57,0,normal
2026-07-04T02:58:00+00:00,16.52,1005.68,95.81,0,normal
2026-07-04T02:59:00+00:00,16.49,1005.71,95.91,0,normal
2026-07-04T03:00:00+00:00,16.38,1005.66,95.58,0,normal
2026-07-04T03:01:00+00:00,16.36,1005.65,95.24,0,normal
2026-07-04T03:02:00+00:00,16.36,1005.66,95.44,0,normal
2026-07-04T03:03:00+00:00,16.51,1005.69,95.26,0,normal
2026-07-04T03:04:00+00:00,16.54,1005.7,95.17,0,normal
2026-07-04T03:05:00+00:00,16.46,1005.69,95.1,0,normal
2026-07-04T03:06:00+00:00,16.51,1005.73,95.43,0,normal
2026-07-04T03:07:00+00:00,16.54,1005.76,95.32,0,normal
2026-07-04T03:08:00+00:00,16.44,1005.74,95.14,0,normal
2026-07-04T03:09:00+00:00,16.23,1005.71,95.42,0,normal
2026-07-04T03:10:00+00:00,16.26,1005.7,95.44,0,normal
2026-07-04T03:11:00+00:00,16.1,1005.73,95.64,0,normal
2026-07-04T03:12:00+00:00,16.09,1005.66,95.49,0,normal
2026-07-04T03:13:00+00:00,16.2,1005.69,95.15,0,normal
2026-07-04T03:14:00+00:00,16.39,1005.65,95.06,0,normal
2026-07-04T03:15:00+00:00,16.3,1005.62,94.93,0,normal
2026-07-04T03:16:00+00:00,16.35,1005.7,94.81,0,normal
2026-07-04T03:17:00+00:00,16.27,1005.75,94.88,0,normal
2026-07-04T03:18:00+00:00,16.29,1005.78,94.82,0,normal
2026-07-04T03:19:00+00:00,16.29,1005.79,95.0,0,normal
2026-07-04T03:20:00+00:00,16.47,1005.82,94.95,0,normal
2026-07-04T03:21:00+00:00,16.48,1005.8,95.06,0,normal
2026-07-04T03:22:00+00:00,16.51,1005.8,95.19,0,normal
2026-07-04T03:23:00+00:00,16.5,1005.77,95.2,0,normal
2026-07-04T03:24:00+00:00,16.51,1005.84,95.31,0,normal
2026-07-04T03:25:00+00:00,16.49,1005.84,95.24,0,normal
2026-07-04T03:26:00+00:00,16.52,1005.89,95.23,0,normal
2026-07-04T03:27:00+00:00,16.5,1005.96,95.03,0,normal
2026-07-04T03:28:00+00:00,16.69,1006.01,94.75,0,normal
2026-07-04T03:29:00+00:00,16.69,1006.06,94.63,0,normal
2026-07-04T03:30:00+00:00,16.56,1006.03,94.7,0,normal
2026-07-04T03:31:00+00:00,16.41,1005.97,94.76,0,normal
2026-07-04T03:32:00+00:00,16.39,1005.95,94.6,0,normal
2026-07-04T03:33:00+00:00,16.27,1006.0,94.4,0,normal
2026-07-04T03:34:00+00:00,16.24,1006.04,94.31,0,normal
2026-07-04T03:35:00+00:00,16.19,1005.95,94.35,0,normal
2026-07-04T03:36:00+00:00,16.21,1005.95,94.1,0,normal
2026-07-04T03:37:00+00:00,16.23,1006.0,94.09,0,normal
2026-07-04T03:38:00+00:00,16.37,1006.06,94.04,0,normal
2026-07-04T03:39:00+00:00,16.43,1006.08,94.02,0,normal
2026-07-04T03:40:00+00:00,16.54,1006.06,94.0,0,normal
2026-07-04T03:41:00+00:00,16.63,1006.09,93.89,0,normal
2026-07-04T03:42:00+00:00,16.49,1006.0,94.28,0,normal
2026-07-04T03:43:00+00:00,16.52,1006.0,94.31,0,normal
2026-07-04T03:44:00+00:00,16.44,1006.01,94.07,0,normal
2026-07-04T03:45:00+00:00,16.34,1005.93,93.71,0,normal
2026-07-04T03:46:00+00:00,16.43,1005.92,93.79,0,normal
2026-07-04T03:47:00+00:00,16.51,1005.95,93.7,0,normal
2026-07-04T03:48:00+00:00,16.53,1005.96,93.91,0,normal
2026-07-04T03:49:00+00:00,16.68,1006.07,93.44,0,normal
2026-07-04T03:50:00+00:00,16.65,1006.1,93.51,0,normal
2026-07-04T03:51:00+00:00,16.51,1006.04,93.75,0,normal
2026-07-04T03:52:00+00:00,16.47,1006.0,93.49,0,normal
2026-07-04T03:53:00+00:00,16.51,1005.99,93.51,0,normal
2026-07-04T03:54:00+00:00,16.44,1005.94,93.76,0,normal
2026-07-04T03:55:00+00:00,16.48,1005.96,93.61,0,normal
2026-07-04T03:56:00+00:00,16.61,1006.03,93.8,0,normal
2026-07-04T03:57:00+00:00,16.57,1006.07,93.83,0,normal
2026-07-04T03:58:00+00:00,16.53,1006.1,93.66,0,normal
2026-07-04T03:59:00+00:00,16.58,1006.07,93.72,0,normal
2026-07-04T04:00:00+00:00,16.61,1006.09,93.76,0,normal
2026-07-04T04:01:00+00:00,16.59,1006.09,93.81,0,normal
2026-07-04T04:02:00+00:00,16.65,1006.11,93.62,0,normal
2026-07-04T04:03:00+00:00,16.64,1006.12,93.87,0,normal
2026-07-04T04:04:00+00:00,16.67,1006.15,93.61,0,normal
2026-07-04T04:05:00+00:00,16.74,1006.16,93.42,0,normal
2026-07-04T04:06:00+00:00,16.81,1006.21,92.87,0,normal
2026-07-04T04:07:00+00:00,16.8,1006.25,92.77,0,normal
2026-07-04T04:08:00+00:00,16.81,1006.2,92.18,0,normal
2026-07-04T04:09:00+00:00,16.74,1006.25,91.54,0,normal
2026-07-04T04:10:00+00:00,16.68,1006.19,91.52,0,normal
2026-07-04T04:11:00+00:00,16.85,1006.21,91.53,0,normal
2026-07-04T04:12:00+00:00,16.92,1006.25,91.51,0,normal
2026-07-04T04:13:00+00:00,17.0,1006.31,91.59,0,normal
2026-07-04T04:14:00+00:00,16.98,1006.33,91.8,0,normal
2026-07-04T04:15:00+00:00,16.96,1006.43,91.59,0,normal
2026-07-04T04:16:00+00:00,17.07,1006.48,91.41,0,normal
2026-07-04T04:17:00+00:00,17.11,1006.48,91.44,0,normal
2026-07-04T04:18:00+00:00,17.07,1006.5,91.64,0,normal
2026-07-04T04:19:00+00:00,17.11,1006.47,91.43,0,normal
2026-07-04T04:20:00+00:00,17.13,1006.52,91.31,0,normal
2026-07-04T04:21:00+00:00,17.25,1006.59,91.2,0,normal
2026-07-04T04:22:00+00:00,17.19,1006.6,91.15,0,normal
2026-07-04T04:23:00+00:00,17.28,1006.68,91.18,0,normal
2026-07-04T04:24:00+00:00,17.33,1006.74,91.2,0,normal
2026-07-04T04:25:00+00:00,17.35,1006.79,91.31,0,normal
2026-07-04T04:26:00+00:00,17.28,1006.78,91.25,0,normal
2026-07-04T04:27:00+00:00,17.22,1006.72,91.39,0,normal
2026-07-04T04:28:00+00:00,17.25,1006.68,91.33,0,normal
2026-07-04T04:29:00+00:00,17.23,1006.72,91.11,0,normal
2026-07-04T04:30:00+00:00,17.12,1006.77,90.8,0,normal
2026-07-04T04:31:00+00:00,17.11,1006.77,90.79,0,normal
2026-07-04T04:32:00+00:00,17.14,1006.88,90.48,0,normal
2026-07-04T04:33:00+00:00,17.22,1006.77,90.79,0,normal
2026-07-04T04:34:00+00:00,17.06,1006.92,90.71,0,normal
2026-07-04T04:35:00+00:00,17.17,1006.99,90.63,0,normal
2026-07-04T04:36:00+00:00,17.15,1006.96,90.8,0,normal
2026-07-04T04:37:00+00:00,17.13,1006.94,90.9,0,normal
2026-07-04T04:38:00+00:00,17.07,1006.94,90.91,0,normal
2026-07-04T04:39:00+00:00,17.04,1006.94,91.2,0,normal
2026-07-04T04:40:00+00:00,17.04,1006.94,91.14,0,normal
2026-07-04T04:41:00+00:00,17.09,1006.91,91.19,0,normal
2026-07-04T04:42:00+00:00,17.13,1006.84,91.51,0,normal
2026-07-04T04:43:00+00:00,17.27,1006.83,91.23,0,normal
2026-07-04T04:44:00+00:00,17.3,1006.79,91.46,0,normal
2026-07-04T04:45:00+00:00,17.27,1006.9,91.23,0,normal
2026-07-04T04:46:00+00:00,17.27,1006.99,91.11,0,normal
2026-07-04T04:47:00+00:00,17.31,1007.06,90.95,0,normal
2026-07-04T04:48:00+00:00,17.22,1007.01,91.03,0,normal
2026-07-04T04:49:00+00:00,17.27,1007.09,90.92,0,normal
2026-07-04T04:50:00+00:00,17.17,1006.99,91.44,0,normal
2026-07-04T04:51:00+00:00,17.24,1007.02,91.42,0,normal
2026-07-04T04:52:00+00:00,17.15,1007.0,91.69,0,normal
2026-07-04T04:53:00+00:00,17.22,1006.99,91.35,0,normal
2026-07-04T04:54:00+00:00,17.21,1007.0,91.68,0,normal
2026-07-04T04:55:00+00:00,17.22,1006.96,91.56,0,normal
2026-07-04T04:56:00+00:00,17.26,1006.93,91.54,0,normal
2026-07-04T04:57:00+00:00,17.38,1006.97,91.28,0,normal
2026-07-04T04:58:00+00:00,17.36,1006.91,91.16,0,normal
2026-07-04T04:59:00+00:00,17.41,1006.9,91.46,0,normal
2026-07-04T05:00:00+00:00,17.49,1006.84,91.0,0,normal
2026-07-04T05:01:00+00:00,17.43,1006.96,91.09,0,normal
2026-07-04T05:02:00+00:00,17.58,1006.99,90.95,0,normal
2026-07-04T05:03:00+00:00,17.5,1007.04,90.82,0,normal
2026-07-04T05:04:00+00:00,17.5,1007.15,90.7,0,normal
2026-07-04T05:05:00+00:00,17.63,1007.09,91.16,0,normal
2026-07-04T05:06:00+00:00,17.61,1007.15,91.22,0,normal
2026-07-04T05:07:00+00:00,17.59,1007.22,91.27,0,normal
2026-07-04T05:08:00+00:00,17.55,1007.21,91.15,0,normal
2026-07-04T05:09:00+00:00,17.57,1007.3,91.17,0,normal
2026-07-04T05:10:00+00:00,17.58,1007.35,90.64,0,normal
2026-07-04T05:11:00+00:00,17.56,1007.38,90.76,0,normal
2026-07-04T05:12:00+00:00,17.6,1007.46,90.82,0,normal
2026-07-04T05:13:00+00:00,17.58,1007.47,90.78,0,normal
2026-07-04T05:14:00+00:00,17.58,1007.56,90.44,0,normal
2026-07-04T05:15:00+00:00,17.63,1007.6,90.26,0,normal
2026-07-04T05:16:00+00:00,17.61,1007.6,90.32,0,normal
2026-07-04T05:17:00+00:00,17.6,1007.56,90.45,0,normal
2026-07-04T05:18:00+00:00,17.66,1007.61,90.48,0,normal
2026-07-04T05:19:00+00:00,17.87,1007.68,90.21,0,normal
2026-07-04T05:20:00+00:00,17.92,1007.65,90.01,0,normal
2026-07-04T05:21:00+00:00,17.83,1007.64,90.01,0,normal
2026-07-04T05:22:00+00:00,17.85,1007.59,89.59,0,normal
2026-07-04T05:23:00+00:00,18.04,1007.62,89.33,0,normal
2026-07-04T05:24:00+00:00,18.09,1007.74,89.37,0,normal
2026-07-04T05:25:00+00:00,17.88,1007.87,88.91,0,normal
2026-07-04T05:26:00+00:00,17.89,1007.81,88.69,0,normal
2026-07-04T05:27:00+00:00,17.94,1007.71,88.61,0,normal
2026-07-04T05:28:00+00:00,18.06,1007.67,88.27,0,normal
2026-07-04T05:29:00+00:00,18.07,1007.66,88.1,0,normal
2026-07-04T05:30:00+00:00,17.99,1007.69,88.17,0,normal
2026-07-04T05:31:00+00:00,17.93,1007.65,88.15,0,normal
2026-07-04T05:32:00+00:00,17.89,1007.67,88.39,0,normal
2026-07-04T05:33:00+00:00,17.91,1007.62,88.39,0,normal
2026-07-04T05:34:00+00:00,17.93,1007.62,88.42,0,normal
2026-07-04T05:35:00+00:00,18.02,1007.64,88.32,0,normal
2026-07-04T05:36:00+00:00,18.22,1007.71,88.41,0,normal
2026-07-04T05:37:00+00:00,18.25,1007.66,88.55,0,normal
2026-07-04T05:38:00+00:00,18.28,1007.64,88.4,0,normal
2026-07-04T05:39:00+00:00,18.23,1007.71,88.44,0,normal
2026-07-04T05:40:00+00:00,18.27,1007.72,88.21,0,normal
2026-07-04T05:41:00+00:00,18.12,1007.65,87.97,0,normal
2026-07-04T05:42:00+00:00,18.08,1007.68,88.05,0,normal
2026-07-04T05:43:00+00:00,18.11,1007.76,87.8,0,normal
2026-07-04T05:44:00+00:00,18.13,1007.76,87.93,0,normal
2026-07-04T05:45:00+00:00,18.18,1007.78,87.51,0,normal
2026-07-04T05:46:00+00:00,18.14,1007.84,87.01,0,normal
2026-07-04T05:47:00+00:00,18.29,1007.87,86.81,0,normal
2026-07-04T05:48:00+00:00,18.25,1007.96,87.04,0,normal
2026-07-04T05:49:00+00:00,18.28,1007.97,86.85,0,normal
2026-07-04T05:50:00+00:00,18.32,1007.93,86.77,0,normal
2026-07-04T05:51:00+00:00,18.5,1007.93,86.5,0,normal
2026-07-04T05:52:00+00:00,18.42,1007.93,86.3,0,normal
2026-07-04T05:53:00+00:00,18.47,1007.85,86.39,0,normal
2026-07-04T05:54:00+00:00,18.42,1007.86,86.27,0,normal
2026-07-04T05:55:00+00:00,18.59,1007.87,86.61,0,normal
2026-07-04T05:56:00+00:00,18.66,1007.95,86.49,0,normal
2026-07-04T05:57:00+00:00,18.71,1008.01,86.6,0,normal
2026-07-04T05:58:00+00:00,18.78,1007.99,86.49,0,normal
2026-07-04T05:59:00+00:00,18.89,1008.05,86.3,0,normal
2026-07-04T06:00:00+00:00,18.85,1008.0,86.39,0,normal
2026-07-04T06:01:00+00:00,18.8,1008.04,86.42,0,normal
2026-07-04T06:02:00+00:00,18.78,1008.12,86.04,0,normal
2026-07-04T06:03:00+00:00,18.94,1008.12,85.55,0,normal
2026-07-04T06:04:00+00:00,19.09,1008.17,85.41,0,normal
2026-07-04T06:05:00+00:00,19.02,1008.08,85.84,0,normal
2026-07-04T06:06:00+00:00,18.97,1008.01,85.82,0,normal
2026-07-04T06:07:00+00:00,18.86,1007.96,85.94,0,normal
2026-07-04T06:08:00+00:00,18.93,1007.94,85.86,0,normal
2026-07-04T06:09:00+00:00,18.92,1007.94,85.62,0,normal
2026-07-04T06:10:00+00:00,18.9,1007.91,85.39,0,normal
2026-07-04T06:11:00+00:00,19.02,1007.95,85.13,0,normal
2026-07-04T06:12:00+00:00,18.95,1007.94,85.5,0,normal
2026-07-04T06:13:00+00:00,18.9,1007.94,100.0,1,humidity_spike
2026-07-04T06:14:00+00:00,18.9,1008.0,100.0,1,humidity_spike
2026-07-04T06:15:00+00:00,18.98,1008.04,100.0,1,humidity_spike
2026-07-04T06:16:00+00:00,19.2,1008.1,100.0,1,humidity_spike
2026-07-04T06:17:00+00:00,19.28,1008.19,100.0,1,humidity_spike
2026-07-04T06:18:00+00:00,19.25,1008.2,100.0,1,humidity_spike
2026-07-04T06:19:00+00:00,19.16,1008.23,100.0,1,humidity_spike
2026-07-04T06:20:00+00:00,19.35,1008.2,84.92,0,normal
2026-07-04T06:21:00+00:00,19.38,1008.2,85.27,0,normal
2026-07-04T06:22:00+00:00,19.41,1008.16,85.53,0,normal
2026-07-04T06:23:00+00:00,19.41,1008.07,85.25,0,normal
2026-07-04T06:24:00+00:00,19.33,1007.98,85.05,0,normal
2026-07-04T06:25:00+00:00,19.36,1008.03,85.06,0,normal
2026-07-04T06:26:00+00:00,19.43,1007.99,85.12,0,normal
2026-07-04T06:27:00+00:00,19.57,1008.01,85.07,0,normal
2026-07-04T06:28:00+00:00,19.49,1008.06,85.3,0,normal
2026-07-04T06:29:00+00:00,19.54,1008.02,85.12,0,normal
2026-07-04T06:30:00+00:00,19.54,1008.0,85.1,0,normal
2026-07-04T06:31:00+00:00,19.59,1008.05,85.03,0,normal
2026-07-04T06:32:00+00:00,19.54,1008.02,84.77,0,normal
2026-07-04T06:33:00+00:00,19.56,1008.11,85.02,0,normal
2026-07-04T06:34:00+00:00,19.66,1008.11,84.6,0,normal
2026-07-04T06:35:00+00:00,19.7,1008.06,84.78,0,normal
2026-07-04T06:36:00+00:00,19.6,1008.07,84.46,0,normal
2026-07-04T06:37:00+00:00,19.63,1008.1,84.52,0,normal
2026-07-04T06:38:00+00:00,19.66,1008.13,84.24,0,normal
2026-07-04T06:39:00+00:00,19.71,1008.17,84.17,0,normal
2026-07-04T06:40:00+00:00,19.7,1008.15,84.23,0,normal
2026-07-04T06:41:00+00:00,19.65,1008.09,84.2,0,normal
2026-07-04T06:42:00+00:00,19.65,1008.01,84.32,0,normal
2026-07-04T06:43:00+00:00,19.6,1008.0,84.04,0,normal
2026-07-04T06:44:00+00:00,19.62,1007.95,84.03,0,normal
2026-07-04T06:45:00+00:00,19.67,1008.0,83.75,0,normal
2026-07-04T06:46:00+00:00,19.89,1007.9,83.29,0,normal
2026-07-04T06:47:00+00:00,20.06,1007.93,83.23,0,normal
2026-07-04T06:48:00+00:00,20.12,1007.95,83.16,0,normal
2026-07-04T06:49:00+00:00,20.07,1007.99,83.16,0,normal
2026-07-04T06:50:00+00:00,20.21,1008.08,83.09,0,normal
2026-07-04T06:51:00+00:00,20.14,1008.16,82.75,0,normal
2026-07-04T06:52:00+00:00,20.19,1008.13,82.54,0,normal
2026-07-04T06:53:00+00:00,20.28,1008.13,82.52,0,normal
2026-07-04T06:54:00+00:00,20.24,1008.11,82.25,0,normal
2026-07-04T06:55:00+00:00,20.25,1008.1,82.5,0,normal
2026-07-04T06:56:00+00:00,20.26,1007.98,82.65,0,normal
2026-07-04T06:57:00+00:00,20.32,1007.97,82.42,0,normal
2026-07-04T06:58:00+00:00,20.27,1008.06,82.3,0,normal
2026-07-04T06:59:00+00:00,20.17,1008.07,82.41,0,normal
2026-07-04T07:00:00+00:00,20.22,1008.01,82.06,0,normal
2026-07-04T07:01:00+00:00,20.18,1008.08,81.92,0,normal
2026-07-04T07:02:00+00:00,20.09,1008.09,81.82,0,normal
2026-07-04T07:03:00+00:00,20.1,1008.03,81.48,0,normal
2026-07-04T07:04:00+00:00,20.23,1008.03,81.45,0,normal
2026-07-04T07:05:00+00:00,20.3,1008.04,81.24,0,normal
2026-07-04T07:06:00+00:00,20.32,1008.08,81.41,0,normal
2026-07-04T07:07:00+00:00,20.26,1008.06,81.45,0,normal
2026-07-04T07:08:00+00:00,20.46,1008.14,81.16,0,normal
2026-07-04T07:09:00+00:00,20.6,1008.12,81.24,0,normal
2026-07-04T07:10:00+00:00,20.69,1008.05,81.22,0,normal
2026-07-04T07:11:00+00:00,20.8,1008.03,81.03,0,normal
2026-07-04T07:12:00+00:00,20.7,1008.05,80.94,0,normal
2026-07-04T07:13:00+00:00,20.66,1008.02,80.84,0,normal
2026-07-04T07:14:00+00:00,20.65,1008.01,80.36,0,normal
2026-07-04T07:15:00+00:00,20.79,1008.0,80.03,0,normal
2026-07-04T07:16:00+00:00,20.63,1008.04,80.04,0,normal
2026-07-04T07:17:00+00:00,20.69,1008.07,80.1,0,normal
2026-07-04T07:18:00+00:00,20.74,1008.04,79.91,0,normal
2026-07-04T07:19:00+00:00,20.81,1008.1,79.78,0,normal
2026-07-04T07:20:00+00:00,20.97,1008.1,79.75,0,normal
2026-07-04T07:21:00+00:00,21.19,1008.16,79.97,0,normal
2026-07-04T07:22:00+00:00,21.15,1008.25,79.83,0,normal
2026-07-04T07:23:00+00:00,21.15,1008.11,79.77,0,normal
2026-07-04T07:24:00+00:00,21.09,1008.11,79.41,0,normal
2026-07-04T07:25:00+00:00,21.27,1008.12,79.75,0,normal
2026-07-04T07:26:00+00:00,21.21,1008.18,79.26,0,normal
2026-07-04T07:27:00+00:00,21.25,1008.12,79.05,0,normal
2026-07-04T07:28:00+00:00,21.24,1008.05,78.69,0,normal
2026-07-04T07:29:00+00:00,21.23,1008.04,78.83,0,normal
2026-07-04T07:30:00+00:00,21.29,1008.08,78.42,0,normal
2026-07-04T07:31:00+00:00,21.28,1008.09,78.4,0,normal
2026-07-04T07:32:00+00:00,21.24,1008.12,78.2,0,normal
2026-07-04T07:33:00+00:00,21.22,1008.12,78.11,0,normal
2026-07-04T07:34:00+00:00,21.21,1008.06,77.8,0,normal
2026-07-04T07:35:00+00:00,21.22,1008.09,77.77,0,normal
2026-07-04T07:36:00+00:00,21.34,1008.1,77.56,0,normal
2026-07-04T07:37:00+00:00,21.24,1008.02,77.35,0,normal
2026-07-04T07:38:00+00:00,21.23,1008.05,77.47,0,normal
2026-07-04T07:39:00+00:00,21.45,1007.99,77.7,0,normal
2026-07-04T07:40:00+00:00,21.61,1007.96,77.7,0,normal
2026-07-04T07:41:00+00:00,21.74,1007.93,77.57,0,normal
2026-07-04T07:42:00+00:00,21.71,1007.8,77.48,0,normal
2026-07-04T07:43:00+00:00,21.68,1007.73,77.46,0,normal
2026-07-04T07:44:00+00:00,21.6,1007.76,77.44,0,normal
2026-07-04T07:45:00+00:00,21.6,1007.74,77.09,0,normal
2026-07-04T07:46:00+00:00,21.7,1007.74,77.05,0,normal
2026-07-04T07:47:00+00:00,21.77,1007.7,76.64,0,normal
2026-07-04T07:48:00+00:00,21.88,1007.72,76.45,0,normal
2026-07-04T07:49:00+00:00,21.94,1007.77,76.59,0,normal
2026-07-04T07:50:00+00:00,21.92,1007.68,76.24,0,normal
2026-07-04T07:51:00+00:00,21.93,1007.74,76.01,0,normal
2026-07-04T07:52:00+00:00,21.91,1007.69,75.83,0,normal
2026-07-04T07:53:00+00:00,21.94,1007.62,75.97,0,normal
2026-07-04T07:54:00+00:00,21.96,1007.73,75.66,0,normal
2026-07-04T07:55:00+00:00,22.12,1007.78,75.5,0,normal
2026-07-04T07:56:00+00:00,22.12,1007.72,75.25,0,normal
2026-07-04T07:57:00+00:00,22.15,1007.7,74.87,0,normal
2026-07-04T07:58:00+00:00,22.36,1007.67,74.83,0,normal
2026-07-04T07:59:00+00:00,22.33,1007.64,74.71,0,normal
2026-07-04T08:00:00+00:00,22.35,1007.63,74.82,0,normal
2026-07-04T08:01:00+00:00,22.39,1007.65,74.76,0,normal
2026-07-04T08:02:00+00:00,22.44,1007.62,74.9,0,normal
2026-07-04T08:03:00+00:00,22.48,1007.6,74.79,0,normal
2026-07-04T08:04:00+00:00,22.5,1007.58,74.71,0,normal
2026-07-04T08:05:00+00:00,22.47,1007.61,74.8,0,normal
2026-07-04T08:06:00+00:00,22.64,1007.56,74.85,0,normal
2026-07-04T08:07:00+00:00,22.51,1007.59,74.47,0,normal
2026-07-04T08:08:00+00:00,22.46,1007.59,74.26,0,normal
2026-07-04T08:09:00+00:00,22.43,1007.55,74.34,0,normal
2026-07-04T08:10:00+00:00,22.39,1007.53,74.18,0,normal
2026-07-04T08:11:00+00:00,22.49,1007.55,73.74,0,normal
2026-07-04T08:12:00+00:00,22.61,1007.51,73.73,0,normal
2026-07-04T08:13:00+00:00,22.56,1007.51,74.17,0,normal
2026-07-04T08:14:00+00:00,22.6,1007.47,74.03,0,normal
2026-07-04T08:15:00+00:00,22.52,1007.53,74.01,0,normal
2026-07-04T08:16:00+00:00,22.47,1007.46,73.92,0,normal
2026-07-04T08:17:00+00:00,22.59,1007.38,74.05,0,normal
2026-07-04T08:18:00+00:00,22.62,1007.33,73.85,0,normal
2026-07-04T08:19:00+00:00,22.8,1007.25,73.6,0,normal
2026-07-04T08:20:00+00:00,22.91,1007.25,73.35,0,normal
2026-07-04T08:21:00+00:00,23.01,1007.29,73.33,0,normal
2026-07-04T08:22:00+00:00,22.99,1007.26,73.3,0,normal
2026-07-04T08:23:00+00:00,22.91,1007.31,73.55,0,normal
2026-07-04T08:24:00+00:00,22.92,1007.32,73.67,0,normal
2026-07-04T08:25:00+00:00,23.11,1007.38,73.21,0,normal
2026-07-04T08:26:00+00:00,23.11,1007.39,73.01,0,normal
2026-07-04T08:27:00+00:00,23.28,1007.45,72.74,0,normal
2026-07-04T08:28:00+00:00,23.29,1007.39,72.62,0,normal
2026-07-04T08:29:00+00:00,23.29,1007.42,72.35,0,normal
2026-07-04T08:30:00+00:00,23.1,1007.32,72.07,0,normal
2026-07-04T08:31:00+00:00,23.08,1007.31,71.78,0,normal
2026-07-04T08:32:00+00:00,23.02,1007.24,71.5,0,normal
2026-07-04T08:33:00+00:00,23.02,1007.2,71.58,0,normal
2026-07-04T08:34:00+00:00,22.98,1007.17,71.41,0,normal
2026-07-04T08:35:00+00:00,23.09,1007.15,71.57,0,normal
2026-07-04T08:36:00+00:00,23.04,1007.13,71.38,0,normal
2026-07-04T08:37:00+00:00,22.99,1007.11,71.66,0,normal
2026-07-04T08:38:00+00:00,22.97,1007.1,71.31,0,normal
2026-07-04T08:39:00+00:00,22.91,1007.04,71.15,0,normal
2026-07-04T08:40:00+00:00,22.93,1007.02,70.75,0,normal
2026-07-04T08:41:00+00:00,22.94,1007.04,70.43,0,normal
2026-07-04T08:42:00+00:00,22.97,1007.04,70.23,0,normal
2026-07-04T08:43:00+00:00,23.05,1006.95,70.37,0,normal
2026-07-04T08:44:00+00:00,23.14,1006.95,70.55,0,normal
2026-07-04T08:45:00+00:00,23.17,1006.91,70.76,0,normal
2026-07-04T08:46:00+00:00,23.37,1006.86,70.66,0,normal
2026-07-04T08:47:00+00:00,23.5,1006.85,70.7,0,normal
2026-07-04T08:48:00+00:00,23.6,1006.82,70.69,0,normal
2026-07-04T08:49:00+00:00,23.64,1006.75,70.41,0,normal
2026-07-04T08:50:00+00:00,23.62,1006.8,70.52,0,normal
2026-07-04T08:51:00+00:00,23.72,1006.81,70.51,0,normal
2026-07-04T08:52:00+00:00,23.78,1006.83,70.51,0,normal
2026-07-04T08:53:00+00:00,23.7,1006.78,70.2,0,normal
2026-07-04T08:54:00+00:00,23.83,1006.85,69.68,0,normal
2026-07-04T08:55:00+00:00,23.99,1006.85,69.81,0,normal
2026-07-04T08:56:00+00:00,24.05,1006.91,69.78,0,normal
2026-07-04T08:57:00+00:00,23.97,1006.89,69.8,0,normal
2026-07-04T08:58:00+00:00,23.99,1006.9,69.69,0,normal
2026-07-04T08:59:00+00:00,23.97,1006.83,69.53,0,normal
2026-07-04T09:00:00+00:00,24.02,1006.72,69.29,0,normal
2026-07-04T09:01:00+00:00,23.9,1006.68,69.45,0,normal
2026-07-04T09:02:00+00:00,23.85,1006.71,69.93,1,frozen_sensor
2026-07-04T09:03:00+00:00,24.01,1006.71,69.98,1,frozen_sensor
2026-07-04T09:04:00+00:00,23.94,1006.71,69.86,1,frozen_sensor
2026-07-04T09:05:00+00:00,24.01,1006.71,69.62,1,frozen_sensor
2026-07-04T09:06:00+00:00,24.07,1006.71,69.47,1,frozen_sensor
2026-07-04T09:07:00+00:00,24.11,1006.71,69.41,1,frozen_sensor
2026-07-04T09:08:00+00:00,24.16,1006.71,69.43,1,frozen_sensor
2026-07-04T09:09:00+00:00,24.29,1006.71,69.09,1,frozen_sensor
2026-07-04T09:10:00+00:00,24.33,1006.71,69.0,1,frozen_sensor
2026-07-04T09:11:00+00:00,24.29,1006.71,69.05,1,frozen_sensor
2026-07-04T09:12:00+00:00,24.42,1006.71,68.87,1,frozen_sensor
2026-07-04T09:13:00+00:00,24.42,1006.71,68.72,1,frozen_sensor
2026-07-04T09:14:00+00:00,24.35,1006.71,68.64,1,frozen_sensor
2026-07-04T09:15:00+00:00,24.51,1006.71,68.52,1,frozen_sensor
2026-07-04T09:16:00+00:00,24.66,1006.71,68.29,1,frozen_sensor
2026-07-04T09:17:00+00:00,24.62,1006.52,68.36,0,normal
2026-07-04T09:18:00+00:00,24.6,1006.56,68.33,0,normal
2026-07-04T09:19:00+00:00,24.68,1006.52,68.06,0,normal
2026-07-04T09:20:00+00:00,24.72,1006.55,67.94,0,normal
2026-07-04T09:21:00+00:00,24.7,1006.48,67.87,0,normal
2026-07-04T09:22:00+00:00,24.68,1006.46,67.72,0,normal
2026-07-04T09:23:00+00:00,24.68,1006.47,67.72,0,normal
2026-07-04T09:24:00+00:00,24.88,1006.49,67.93,0,normal
2026-07-04T09:25:00+00:00,24.84,1006.4,67.8,0,normal
2026-07-04T09:26:00+00:00,24.94,1006.42,67.92,0,normal
2026-07-04T09:27:00+00:00,24.77,1006.47,67.86,0,normal
2026-07-04T09:28:00+00:00,24.68,1006.49,67.75,0,normal
2026-07-04T09:29:00+00:00,24.75,1006.53,67.7,0,normal
2026-07-04T09:30:00+00:00,24.68,1006.5,67.24,0,normal
2026-07-04T09:31:00+00:00,24.78,1006.55,66.88,0,normal
2026-07-04T09:32:00+00:00,24.77,1006.48,66.68,0,normal
2026-07-04T09:33:00+00:00,24.85,1006.44,66.71,0,normal
2026-07-04T09:34:00+00:00,24.98,1006.48,66.38,0,normal
2026-07-04T09:35:00+00:00,25.12,1006.53,66.6,0,normal
2026-07-04T09:36:00+00:00,25.14,1006.47,66.29,0,normal
2026-07-04T09:37:00+00:00,25.09,1006.45,66.36,0,normal
2026-07-04T09:38:00+00:00,25.23,1006.4,66.24,0,normal
2026-07-04T09:39:00+00:00,25.25,1006.35,66.28,0,normal
2026-07-04T09:40:00+00:00,25.31,1006.34,66.24,0,normal
2026-07-04T09:41:00+00:00,25.39,1006.35,65.96,0,normal
2026-07-04T09:42:00+00:00,25.49,1006.35,65.77,0,normal
2026-07-04T09:43:00+00:00,25.54,1006.34,65.88,0,normal
2026-07-04T09:44:00+00:00,25.48,1006.39,65.78,0,normal
2026-07-04T09:45:00+00:00,25.46,1006.34,65.46,0,normal
2026-07-04T09:46:00+00:00,25.36,1006.35,65.76,0,normal
2026-07-04T09:47:00+00:00,25.26,1006.28,65.79,0,normal
2026-07-04T09:48:00+00:00,25.3,1006.3,65.65,0,normal
2026-07-04T09:49:00+00:00,25.3,1006.27,65.05,0,normal
2026-07-04T09:50:00+00:00,25.25,1006.3,65.19,0,normal
2026-07-04T09:51:00+00:00,25.41,1006.3,64.63,0,normal
2026-07-04T09:52:00+00:00,25.4,1006.34,64.87,0,normal
2026-07-04T09:53:00+00:00,25.56,1006.3,64.51,0,normal
2026-07-04T09:54:00+00:00,25.59,1006.28,64.73,0,normal
2026-07-04T09:55:00+00:00,25.64,1006.26,64.64,0,normal
2026-07-04T09:56:00+00:00,25.71,1006.26,64.39,0,normal
2026-07-04T09:57:00+00:00,25.66,1006.31,63.97,0,normal
2026-07-04T09:58:00+00:00,25.83,1006.18,63.77,0,normal
2026-07-04T09:59:00+00:00,25.94,1006.16,63.44,0,normal
2026-07-04T10:00:00+00:00,26.0,1006.14,63.33,0,normal
2026-07-04T10:01:00+00:00,25.97,1006.12,63.15,0,normal
2026-07-04T10:02:00+00:00,26.2,1006.09,63.02,0,normal
2026-07-04T10:03:00+00:00,26.17,1006.16,62.64,0,normal
2026-07-04T10:04:00+00:00,26.22,1006.12,62.32,0,normal
2026-07-04T10:05:00+00:00,26.18,1006.11,62.12,0,normal
2026-07-04T10:06:00+00:00,26.22,1006.18,62.13,0,normal
2026-07-04T10:07:00+00:00,26.13,1006.11,62.05,0,normal
2026-07-04T10:08:00+00:00,26.13,1006.09,62.08,0,normal
2026-07-04T10:09:00+00:00,26.29,1006.07,61.82,0,normal
2026-07-04T10:10:00+00:00,26.41,1006.11,61.84,0,normal
2026-07-04T10:11:00+00:00,26.41,1006.11,61.77,0,normal
2026-07-04T10:12:00+00:00,26.26,1006.12,61.91,0,normal
2026-07-04T10:13:00+00:00,26.41,1006.05,61.92,0,normal
2026-07-04T10:14:00+00:00,26.45,1006.03,61.89,0,normal
2026-07-04T10:15:00+00:00,26.48,1006.02,61.99,0,normal
2026-07-04T10:16:00+00:00,26.6,1005.96,61.9,0,normal
2026-07-04T10:17:00+00:00,26.58,1005.91,61.52,0,normal
2026-07-04T10:18:00+00:00,26.6,1005.91,61.44,0,normal
2026-07-04T10:19:00+00:00,26.62,1005.91,61.68,0,normal
2026-07-04T10:20:00+00:00,26.61,1005.83,61.6,0,normal
2026-07-04T10:21:00+00:00,26.78,1005.76,61.67,0,normal
2026-07-04T10:22:00+00:00,26.89,1005.62,61.68,0,normal
2026-07-04T10:23:00+00:00,26.95,1005.6,61.48,0,normal
2026-07-04T10:24:00+00:00,26.91,1005.58,61.35,0,normal
2026-07-04T10:25:00+00:00,26.88,1005.55,61.52,0,normal
2026-07-04T10:26:00+00:00,26.8,1005.46,61.69,0,normal
2026-07-04T10:27:00+00:00,26.81,1005.44,61.58,0,normal
2026-07-04T10:28:00+00:00,26.85,1005.41,61.59,0,normal
2026-07-04T10:29:00+00:00,26.79,1005.39,61.05,0,normal
2026-07-04T10:30:00+00:00,26.91,1005.38,61.11,0,normal
2026-07-04T10:31:00+00:00,26.97,1005.41,61.03,0,normal
2026-07-04T10:32:00+00:00,27.02,1005.36,60.72,0,normal
2026-07-04T10:33:00+00:00,27.03,1005.33,60.94,0,normal
2026-07-04T10:34:00+00:00,27.08,1005.29,60.8,0,normal
2026-07-04T10:35:00+00:00,27.11,1005.29,60.78,0,normal
2026-07-04T10:36:00+00:00,27.13,1005.22,60.27,0,normal
2026-07-04T10:37:00+00:00,27.12,1005.26,60.13,0,normal
2026-07-04T10:38:00+00:00,27.24,1005.26,60.35,0,normal
2026-07-04T10:39:00+00:00,27.34,1005.31,60.03,0,normal
2026-07-04T10:40:00+00:00,27.36,1005.37,60.03,0,normal
2026-07-04T10:41:00+00:00,27.41,1005.3,60.34,0,normal
2026-07-04T10:42:00+00:00,27.36,1005.19,60.19,0,normal
2026-07-04T10:43:00+00:00,27.18,1005.14,60.62,0,normal
2026-07-04T10:44:00+00:00,27.17,1005.08,60.52,0,normal
2026-07-04T10:45:00+00:00,27.12,1005.13,60.24,0,normal
2026-07-04T10:46:00+00:00,27.18,1005.08,60.66,0,normal
2026-07-04T10:47:00+00:00,27.24,1005.08,60.48,0,normal
2026-07-04T10:48:00+00:00,27.23,1005.05,60.21,0,normal
2026-07-04T10:49:00+00:00,27.39,1005.03,59.68,0,normal
2026-07-04T10:50:00+00:00,27.32,1005.08,59.54,0,normal
2026-07-04T10:51:00+00:00,27.33,1005.14,59.31,0,normal
2026-07-04T10:52:00+00:00,27.41,1005.11,59.35,0,normal
2026-07-04T10:53:00+00:00,27.4,1005.1,59.44,0,normal
2026-07-04T10:54:00+00:00,27.49,1005.1,59.26,0,normal
2026-07-04T10:55:00+00:00,27.64,1005.13,59.1,0,normal
2026-07-04T10:56:00+00:00,27.6,1005.18,59.04,0,normal
2026-07-04T10:57:00+00:00,27.61,1005.19,59.03,0,normal
2026-07-04T10:58:00+00:00,27.62,1005.24,59.2,0,normal
2026-07-04T10:59:00+00:00,27.69,1005.31,59.11,0,normal
2026-07-04T11:00:00+00:00,27.76,1005.35,59.22,0,normal
2026-07-04T11:01:00+00:00,27.85,1005.37,59.51,0,normal
2026-07-04T11:02:00+00:00,27.82,1005.35,59.35,0,normal
2026-07-04T11:03:00+00:00,27.81,1005.23,59.51,0,normal
2026-07-04T11:04:00+00:00,27.74,1005.24,59.1,0,normal
2026-07-04T11:05:00+00:00,27.81,1005.19,58.76,0,normal
2026-07-04T11:06:00+00:00,27.85,1005.15,58.55,0,normal
2026-07-04T11:07:00+00:00,27.88,1005.18,58.29,0,normal
2026-07-04T11:08:00+00:00,27.82,1005.18,58.32,0,normal
2026-07-04T11:09:00+00:00,27.96,1005.12,58.17,0,normal
2026-07-04T11:10:00+00:00,28.07,1005.22,57.89,0,normal
2026-07-04T11:11:00+00:00,28.02,1005.23,57.7,0,normal
2026-07-04T11:12:00+00:00,27.98,1005.23,57.94,0,normal
2026-07-04T11:13:00+00:00,27.89,1005.29,57.75,0,normal
2026-07-04T11:14:00+00:00,27.95,1005.36,57.74,0,normal
2026-07-04T11:15:00+00:00,27.95,1005.38,57.62,0,normal
2026-07-04T11:16:00+00:00,28.01,1005.35,57.72,0,normal
2026-07-04T11:17:00+00:00,27.92,1005.28,57.35,0,normal
2026-07-04T11:18:00+00:00,27.95,1005.19,57.14,0,normal
2026-07-04T11:19:00+00:00,27.89,1005.26,56.88,0,normal
2026-07-04T11:20:00+00:00,27.81,1005.26,57.16,0,normal
2026-07-04T11:21:00+00:00,27.84,1005.24,57.35,0,normal
2026-07-04T11:22:00+00:00,27.95,1005.25,57.15,0,normal
2026-07-04T11:23:00+00:00,28.02,1005.17,56.95,0,normal
2026-07-04T11:24:00+00:00,28.16,1005.23,56.97,0,normal
2026-07-04T11:25:00+00:00,28.03,1005.15,56.75,0,normal
2026-07-04T11:26:00+00:00,28.05,1005.08,56.64,0,normal
2026-07-04T11:27:00+00:00,28.22,1005.1,56.62,0,normal
2026-07-04T11:28:00+00:00,28.16,1005.01,56.3,0,normal
2026-07-04T11:29:00+00:00,28.06,1005.01,56.32,0,normal
2026-07-04T11:30:00+00:00,28.01,1005.01,56.56,0,normal
2026-07-04T11:31:00+00:00,28.21,1005.05,56.45,0,normal
2026-07-04T11:32:00+00:00,28.3,1005.11,55.97,0,normal
2026-07-04T11:33:00+00:00,28.44,1005.08,55.82,0,normal
2026-07-04T11:34:00+00:00,28.43,1005.09,55.55,0,normal
2026-07-04T11:35:00+00:00,28.43,1005.11,55.55,0,normal
2026-07-04T11:36:00+00:00,28.48,1005.08,55.65,0,normal
2026-07-04T11:37:00+00:00,28.59,1005.12,55.69,0,normal
2026-07-04T11:38:00+00:00,28.68,1005.16,56.17,0,normal
2026-07-04T11:39:00+00:00,28.79,1005.14,55.91,0,normal
2026-07-04T11:40:00+00:00,28.78,1005.11,55.94,0,normal
2026-07-04T11:41:00+00:00,28.73,1005.17,55.58,0,normal
2026-07-04T11:42:00+00:00,28.61,1005.15,55.35,0,normal
2026-07-04T11:43:00+00:00,28.53,1005.1,55.15,0,normal
2026-07-04T11:44:00+00:00,28.56,1005.06,54.99,0,normal
2026-07-04T11:45:00+00:00,28.58,1005.11,55.25,0,normal
2026-07-04T11:46:00+00:00,28.62,1005.11,55.15,0,normal
2026-07-04T11:47:00+00:00,28.68,1005.12,55.36,0,normal
2026-07-04T11:48:00+00:00,28.55,1005.1,55.36,0,normal
2026-07-04T11:49:00+00:00,28.58,1005.04,55.03,0,normal
2026-07-04T11:50:00+00:00,28.67,1005.0,54.62,0,normal
2026-07-04T11:51:00+00:00,28.76,1005.02,54.56,0,normal
2026-07-04T11:52:00+00:00,28.71,1005.01,54.76,0,normal
2026-07-04T11:53:00+00:00,28.61,1004.92,54.58,0,normal
2026-07-04T11:54:00+00:00,28.64,1004.9,54.66,0,normal
2026-07-04T11:55:00+00:00,28.75,1004.91,54.72,0,normal
2026-07-04T11:56:00+00:00,28.8,1004.91,54.4,0,normal
2026-07-04T11:57:00+00:00,28.74,1004.85,54.32,0,normal
2026-07-04T11:58:00+00:00,28.79,1004.78,54.29,0,normal
2026-07-04T11:59:00+00:00,28.75,1004.73,54.12,0,normal
2026-07-04T12:00:00+00:00,28.69,1004.77,54.04,0,normal
2026-07-04T12:01:00+00:00,28.78,1004.76,53.92,0,normal
2026-07-04T12:02:00+00:00,28.96,1004.68,54.14,0,normal
2026-07-04T12:03:00+00:00,29.12,1004.73,54.03,0,normal
2026-07-04T12:04:00+00:00,29.25,1004.73,53.84,0,normal
2026-07-04T12:05:00+00:00,29.22,1004.71,53.61,0,normal
2026-07-04T12:06:00+00:00,29.32,1004.68,53.57,0,normal
2026-07-04T12:07:00+00:00,29.22,1004.69,53.3,0,normal
2026-07-04T12:08:00+00:00,29.13,1004.7,53.49,0,normal
2026-07-04T12:09:00+00:00,29.19,1004.74,53.43,0,normal
2026-07-04T12:10:00+00:00,29.18,1004.79,53.28,0,normal
2026-07-04T12:11:00+00:00,29.26,1004.86,53.08,0,normal
2026-07-04T12:12:00+00:00,29.22,1004.83,52.77,0,normal
2026-07-04T12:13:00+00:00,29.2,1004.9,52.55,0,normal
2026-07-04T12:14:00+00:00,29.33,1004.88,52.97,0,normal
2026-07-04T12:15:00+00:00,29.28,1004.88,52.77,0,normal
2026-07-04T12:16:00+00:00,29.25,1004.95,52.84,0,normal
2026-07-04T12:17:00+00:00,29.35,1004.88,52.95,0,normal
2026-07-04T12:18:00+00:00,29.28,1004.82,52.97,0,normal
2026-07-04T12:19:00+00:00,29.32,1004.83,53.08,0,normal
2026-07-04T12:20:00+00:00,29.41,1004.91,52.8,0,normal
2026-07-04T12:21:00+00:00,29.54,1005.01,52.69,0,normal
2026-07-04T12:22:00+00:00,29.42,1004.94,52.57,0,normal
2026-07-04T12:23:00+00:00,29.6,1004.94,52.42,0,normal
2026-07-04T12:24:00+00:00,29.55,1004.87,52.58,0,normal
2026-07-04T12:25:00+00:00,29.55,1004.98,52.68,0,normal
2026-07-04T12:26:00+00:00,29.63,1004.97,52.42,0,normal
2026-07-04T12:27:00+00:00,29.57,1004.9,52.58,0,normal
2026-07-04T12:28:00+00:00,29.55,1004.96,52.57,0,normal
2026-07-04T12:29:00+00:00,29.54,1004.9,52.59,0,normal
2026-07-04T12:30:00+00:00,29.54,1004.95,52.4,0,normal
2026-07-04T12:31:00+00:00,29.6,1005.04,52.42,0,normal
2026-07-04T12:32:00+00:00,29.68,1005.06,52.77,0,normal
2026-07-04T12:33:00+00:00,29.72,1005.1,52.7,0,normal
2026-07-04T12:34:00+00:00,29.66,1005.03,52.9,0,normal
2026-07-04T12:35:00+00:00,29.59,1005.07,52.91,0,normal
2026-07-04T12:36:00+00:00,29.68,1005.04,52.68,0,normal
2026-07-04T12:37:00+00:00,29.73,1005.03,52.37,0,normal
2026-07-04T12:38:00+00:00,29.89,1004.99,52.13,0,normal
2026-07-04T12:39:00+00:00,29.88,1005.05,51.66,0,normal
2026-07-04T12:40:00+00:00,29.98,1005.01,51.69,0,normal
2026-07-04T12:41:00+00:00,29.92,1005.11,51.7,0,normal
2026-07-04T12:42:00+00:00,29.87,1005.09,51.69,0,normal
2026-07-04T12:43:00+00:00,29.89,1005.12,51.67,0,normal
2026-07-04T12:44:00+00:00,29.79,1005.1,51.76,0,normal
2026-07-04T12:45:00+00:00,29.75,1005.13,51.73,0,normal
2026-07-04T12:46:00+00:00,29.74,1005.19,51.35,0,normal
2026-07-04T12:47:00+00:00,29.71,1005.25,51.7,0,normal
2026-07-04T12:48:00+00:00,29.91,1005.24,51.76,0,normal
2026-07-04T12:49:00+00:00,29.98,1005.3,51.78,0,normal
2026-07-04T12:50:00+00:00,30.06,1005.31,51.84,0,normal
2026-07-04T12:51:00+00:00,29.99,1005.29,51.69,0,normal
2026-07-04T12:52:00+00:00,29.9,1005.2,51.56,0,normal
2026-07-04T12:53:00+00:00,29.89,1005.2,51.64,0,normal
2026-07-04T12:54:00+00:00,29.92,1005.19,51.41,0,normal
2026-07-04T12:55:00+00:00,30.0,1005.18,51.29,0,normal
2026-07-04T12:56:00+00:00,30.0,1005.15,51.15,0,normal
2026-07-04T12:57:00+00:00,29.96,1005.13,51.26,0,normal
2026-07-04T12:58:00+00:00,30.01,1005.21,51.47,0,normal
2026-07-04T12:59:00+00:00,30.17,1005.24,51.54,0,normal
2026-07-04T13:00:00+00:00,30.14,1005.28,51.36,0,normal
2026-07-04T13:01:00+00:00,30.02,1005.35,51.06,0,normal
2026-07-04T13:02:00+00:00,30.07,1005.3,51.26,0,normal
2026-07-04T13:03:00+00:00,30.18,1005.33,51.47,0,normal
2026-07-04T13:04:00+00:00,30.19,1005.44,51.57,0,normal
2026-07-04T13:05:00+00:00,30.12,1005.43,51.48,0,normal
2026-07-04T13:06:00+00:00,30.11,1005.34,51.5,0,normal
2026-07-04T13:07:00+00:00,30.01,1005.21,51.37,0,normal
2026-07-04T13:08:00+00:00,29.96,1005.17,50.7,0,normal
2026-07-04T13:09:00+00:00,29.91,1005.17,50.55,0,normal
2026-07-04T13:10:00+00:00,29.96,1005.25,50.64,0,normal
2026-07-04T13:11:00+00:00,30.06,1005.31,50.41,0,normal
2026-07-04T13:12:00+00:00,30.11,1005.36,50.31,0,normal
2026-07-04T13:13:00+00:00,30.06,1005.38,50.01,0,normal
2026-07-04T13:14:00+00:00,29.99,1005.35,50.1,0,normal
2026-07-04T13:15:00+00:00,30.03,1005.4,49.92,0,normal
2026-07-04T13:16:00+00:00,29.97,1005.43,49.76,0,normal
2026-07-04T13:17:00+00:00,29.94,1005.33,49.84,0,normal
2026-07-04T13:18:00+00:00,30.08,1005.28,50.05,0,normal
2026-07-04T13:19:00+00:00,30.1,1005.2,49.87,0,normal
2026-07-04T13:20:00+00:00,30.04,1005.2,49.96,0,normal
2026-07-04T13:21:00+00:00,30.2,1005.14,49.86,0,normal
2026-07-04T13:22:00+00:00,30.14,1005.09,49.88,0,normal
2026-07-04T13:23:00+00:00,30.16,1005.02,49.88,0,normal
2026-07-04T13:24:00+00:00,30.08,1005.04,50.13,0,normal
2026-07-04T13:25:00+00:00,30.13,1005.07,50.01,0,normal
2026-07-04T13:26:00+00:00,30.16,1005.12,50.1,0,normal
2026-07-04T13:27:00+00:00,30.16,1005.15,49.82,0,normal
2026-07-04T13:28:00+00:00,30.12,1005.2,49.98,0,normal
2026-07-04T13:29:00+00:00,30.15,1005.29,50.07,0,normal
2026-07-04T13:30:00+00:00,30.15,1005.24,50.34,0,normal
2026-07-04T13:31:00+00:00,30.23,1005.35,50.74,0,normal
2026-07-04T13:32:00+00:00,30.14,1005.3,50.12,0,normal
2026-07-04T13:33:00+00:00,30.23,1005.34,50.11,0,normal
2026-07-04T13:34:00+00:00,33.89,1005.35,50.12,1,temperature_spike
2026-07-04T13:35:00+00:00,34.98,1005.4,50.07,1,temperature_spike
2026-07-04T13:36:00+00:00,33.42,1005.35,50.33,1,temperature_spike
2026-07-04T13:37:00+00:00,30.31,1005.38,50.62,0,normal
2026-07-04T13:38:00+00:00,30.19,1005.45,50.47,0,normal
2026-07-04T13:39:00+00:00,30.29,1005.47,50.18,0,normal
2026-07-04T13:40:00+00:00,30.27,1005.53,50.1,0,normal
2026-07-04T13:41:00+00:00,30.23,1005.51,50.2,0,normal
2026-07-04T13:42:00+00:00,30.39,1005.41,50.72,0,normal
2026-07-04T13:43:00+00:00,30.42,1005.45,50.57,0,normal
2026-07-04T13:44:00+00:00,30.43,1005.48,50.31,0,normal
2026-07-04T13:45:00+00:00,30.37,1005.55,49.95,0,normal
2026-07-04T13:46:00+00:00,30.42,1005.54,49.73,0,normal
2026-07-04T13:47:00+00:00,30.58,1005.51,49.49,0,normal
2026-07-04T13:48:00+00:00,30.57,1005.48,49.49,0,normal
2026-07-04T13:49:00+00:00,30.58,1005.51,49.45,0,normal
2026-07-04T13:50:00+00:00,30.53,1005.56,49.43,0,normal
2026-07-04T13:51:00+00:00,30.49,1005.65,49.4,0,normal
2026-07-04T13:52:00+00:00,30.59,1005.72,49.65,0,normal
2026-07-04T13:53:00+00:00,30.65,1005.72,49.62,0,normal
2026-07-04T13:54:00+00:00,30.63,1005.62,49.75,0,normal
2026-07-04T13:55:00+00:00,30.65,1005.68,49.7,0,normal
2026-07-04T13:56:00+00:00,30.7,1005.62,49.45,0,normal
2026-07-04T13:57:00+00:00,30.5,1005.63,49.28,0,normal
2026-07-04T13:58:00+00:00,30.43,1005.66,49.2,0,normal
2026-07-04T13:59:00+00:00,30.33,1005.8,49.19,0,normal
2026-07-04T14:00:00+00:00,30.26,1005.78,49.16,0,normal
2026-07-04T14:01:00+00:00,30.27,1005.85,49.15,0,normal
2026-07-04T14:02:00+00:00,30.44,1005.84,49.24,0,normal
2026-07-04T14:03:00+00:00,30.53,1005.91,49.5,0,normal
2026-07-04T14:04:00+00:00,30.51,1005.91,48.99,0,normal
2026-07-04T14:05:00+00:00,30.51,1005.98,49.18,0,normal
2026-07-04T14:06:00+00:00,30.51,1006.06,49.1,0,normal
2026-07-04T14:07:00+00:00,30.46,1006.04,48.88,0,normal
2026-07-04T14:08:00+00:00,30.52,1006.06,49.01,0,normal
2026-07-04T14:09:00+00:00,30.5,1006.06,48.59,0,normal
2026-07-04T14:10:00+00:00,30.54,1006.07,48.39,0,normal
2026-07-04T14:11:00+00:00,30.53,1006.06,48.79,0,normal
2026-07-04T14:12:00+00:00,30.46,1006.08,48.59,0,normal
2026-07-04T14:13:00+00:00,30.42,1006.1,48.57,0,normal
2026-07-04T14:14:00+00:00,30.44,1006.12,48.5,0,normal
2026-07-04T14:15:00+00:00,30.52,1006.11,48.51,0,normal
2026-07-04T14:16:00+00:00,30.56,1006.13,48.67,0,normal
2026-07-04T14:17:00+00:00,30.59,1006.16,48.63,0,normal
2026-07-04T14:18:00+00:00,30.51,1006.09,48.32,0,normal
2026-07-04T14:19:00+00:00,30.66,1005.99,48.6,0,normal
2026-07-04T14:20:00+00:00,30.6,1006.06,48.18,0,normal
2026-07-04T14:21:00+00:00,30.58,1006.15,48.37,0,normal
2026-07-04T14:22:00+00:00,30.56,1006.06,48.15,0,normal
2026-07-04T14:23:00+00:00,30.68,1006.06,48.18,0,normal
2026-07-04T14:24:00+00:00,30.71,1006.01,48.31,0,normal
2026-07-04T14:25:00+00:00,30.67,1006.04,48.23,0,normal
2026-07-04T14:26:00+00:00,30.55,1006.04,48.41,0,normal
2026-07-04T14:27:00+00:00,30.59,1006.06,48.62,0,normal
2026-07-04T14:28:00+00:00,30.58,1006.08,48.55,0,normal
2026-07-04T14:29:00+00:00,30.66,1006.11,48.47,0,normal
2026-07-04T14:30:00+00:00,30.54,1006.19,48.35,0,normal
2026-07-04T14:31:00+00:00,30.56,1006.32,48.55,0,normal
2026-07-04T14:32:00+00:00,30.69,1006.3,48.79,0,normal
2026-07-04T14:33:00+00:00,30.69,1006.33,49.22,0,normal
2026-07-04T14:34:00+00:00,30.67,1006.34,49.03,0,normal
2026-07-04T14:35:00+00:00,30.74,1006.33,49.24,0,normal
2026-07-04T14:36:00+00:00,30.61,1006.37,49.11,0,normal
2026-07-04T14:37:00+00:00,30.67,1006.38,49.0,0,normal
2026-07-04T14:38:00+00:00,30.64,1006.35,49.18,0,normal
2026-07-04T14:39:00+00:00,30.56,1006.35,49.25,0,normal
2026-07-04T14:40:00+00:00,30.7,1006.36,49.19,0,normal
2026-07-04T14:41:00+00:00,30.72,1006.27,48.95,0,normal
2026-07-04T14:42:00+00:00,30.69,1006.26,48.65,0,normal
2026-07-04T14:43:00+00:00,30.76,1006.29,48.7,0,normal
2026-07-04T14:44:00+00:00,30.7,1006.32,48.83,0,normal
2026-07-04T14:45:00+00:00,30.67,1006.36,48.69,0,normal
2026-07-04T14:46:00+00:00,30.68,1006.44,48.96,0,normal
2026-07-04T14:47:00+00:00,30.79,1006.47,48.98,0,normal
2026-07-04T14:48:00+00:00,30.75,1006.4,48.73,0,normal
2026-07-04T14:49:00+00:00,30.73,1006.41,49.03,0,normal
2026-07-04T14:50:00+00:00,30.83,1006.4,49.21,0,normal
2026-07-04T14:51:00+00:00,30.78,1006.46,49.37,0,normal
2026-07-04T14:52:00+00:00,30.88,1006.45,49.57,0,normal
2026-07-04T14:53:00+00:00,30.72,1006.54,49.55,0,normal
2026-07-04T14:54:00+00:00,30.71,1006.46,49.46,0,normal
2026-07-04T14:55:00+00:00,30.82,1006.46,49.6,0,normal
2026-07-04T14:56:00+00:00,30.81,1006.54,49.62,0,normal
2026-07-04T14:57:00+00:00,30.73,1006.56,49.93,0,normal
2026-07-04T14:58:00+00:00,30.76,1006.57,50.35,0,normal
2026-07-04T14:59:00+00:00,30.85,1006.64,50.37,0,normal
2026-07-04T15:00:00+00:00,30.9,1006.69,49.88,0,normal
2026-07-04T15:01:00+00:00,30.92,1006.7,49.76,0,normal
2026-07-04T15:02:00+00:00,30.89,1006.64,49.38,0,normal
2026-07-04T15:03:00+00:00,30.97,1006.69,48.9,0,normal
2026-07-04T15:04:00+00:00,30.91,1006.75,48.87,0,normal
2026-07-04T15:05:00+00:00,30.99,1006.82,48.63,0,normal
2026-07-04T15:06:00+00:00,30.96,1006.82,48.39,0,normal
2026-07-04T15:07:00+00:00,30.83,1006.79,48.32,0,normal
2026-07-04T15:08:00+00:00,30.84,1006.86,48.48,0,normal
2026-07-04T15:09:00+00:00,30.88,1006.87,48.66,0,normal
2026-07-04T15:10:00+00:00,30.86,1006.86,49.08,0,normal
2026-07-04T15:11:00+00:00,30.66,1006.79,49.18,0,normal
2026-07-04T15:12:00+00:00,30.63,1006.74,48.99,0,normal
2026-07-04T15:13:00+00:00,30.55,1006.81,49.27,0,normal
2026-07-04T15:14:00+00:00,30.68,1006.75,49.01,0,normal
2026-07-04T15:15:00+00:00,30.56,1006.84,49.13,0,normal
2026-07-04T15:16:00+00:00,30.57,1006.88,49.14,0,normal
2026-07-04T15:17:00+00:00,30.48,1006.93,49.13,0,normal
2026-07-04T15:18:00+00:00,30.38,1006.98,49.08,0,normal
2026-07-04T15:19:00+00:00,30.41,1006.99,49.29,0,normal
2026-07-04T15:20:00+00:00,30.43,1006.97,49.38,0,normal
2026-07-04T15:21:00+00:00,30.46,1007.02,49.61,0,normal
2026-07-04T15:22:00+00:00,30.42,1007.07,49.27,0,normal
2026-07-04T15:23:00+00:00,30.41,1007.08,49.59,0,normal
2026-07-04T15:24:00+00:00,30.4,1007.13,49.25,0,normal
2026-07-04T15:25:00+00:00,30.38,1007.1,49.78,0,normal
2026-07-04T15:26:00+00:00,30.33,1007.13,49.81,0,normal
2026-07-04T15:27:00+00:00,30.21,1007.12,49.9,0,normal
2026-07-04T15:28:00+00:00,30.23,1007.03,49.79,0,normal
2026-07-04T15:29:00+00:00,30.32,1007.08,50.04,0,normal
2026-07-04T15:30:00+00:00,30.25,1007.17,50.03,0,normal
2026-07-04T15:31:00+00:00,30.38,1007.19,49.62,0,normal
2026-07-04T15:32:00+00:00,30.45,1007.19,49.57,0,normal
2026-07-04T15:33:00+00:00,30.34,1007.3,49.49,0,normal
2026-07-04T15:34:00+00:00,30.46,1007.29,49.34,0,normal
2026-07-04T15:35:00+00:00,30.57,1007.31,49.37,0,normal
2026-07-04T15:36:00+00:00,30.46,1007.3,49.49,0,normal
2026-07-04T15:37:00+00:00,30.35,1007.3,49.44,0,normal
2026-07-04T15:38:00+00:00,30.35,1007.39,49.42,0,normal
2026-07-04T15:39:00+00:00,30.3,1007.55,49.38,0,normal
2026-07-04T15:40:00+00:00,30.29,1007.54,49.37,0,normal
2026-07-04T15:41:00+00:00,30.3,1007.6,49.5,0,normal
2026-07-04T15:42:00+00:00,30.38,1007.66,49.58,0,normal
2026-07-04T15:43:00+00:00,30.41,1007.73,49.4,0,normal
2026-07-04T15:44:00+00:00,30.61,1007.71,49.38,0,normal
2026-07-04T15:45:00+00:00,30.49,1007.65,49.63,0,normal
2026-07-04T15:46:00+00:00,30.66,1007.64,49.74,0,normal
2026-07-04T15:47:00+00:00,30.66,1007.7,50.23,0,normal
2026-07-04T15:48:00+00:00,30.77,1007.7,50.35,0,normal
2026-07-04T15:49:00+00:00,30.79,1007.71,50.14,0,normal
2026-07-04T15:50:00+00:00,30.7,1007.78,50.42,0,normal
2026-07-04T15:51:00+00:00,30.66,1007.8,50.67,0,normal
2026-07-04T15:52:00+00:00,30.5,1007.79,51.07,0,normal
2026-07-04T15:53:00+00:00,30.51,1007.74,51.08,0,normal
2026-07-04T15:54:00+00:00,30.58,1007.63,51.1,0,normal
2026-07-04T15:55:00+00:00,30.53,1007.57,51.1,0,normal
2026-07-04T15:56:00+00:00,30.5,1007.59,51.02,0,normal
2026-07-04T15:57:00+00:00,30.4,1007.54,50.87,0,normal
2026-07-04T15:58:00+00:00,30.46,1007.58,50.86,0,normal
2026-07-04T15:59:00+00:00,30.36,1007.59,51.01,0,normal
2026-07-04T16:00:00+00:00,30.39,1007.59,50.49,0,normal
2026-07-04T16:01:00+00:00,30.32,1007.6,50.34,0,normal
2026-07-04T16:02:00+00:00,30.28,1007.67,50.37,0,normal
2026-07-04T16:03:00+00:00,30.35,1007.62,50.34,0,normal
2026-07-04T16:04:00+00:00,30.18,1007.62,50.17,0,normal
2026-07-04T16:05:00+00:00,30.28,1007.67,50.43,0,normal
2026-07-04T16:06:00+00:00,30.23,1007.65,50.26,0,normal
2026-07-04T16:07:00+00:00,30.25,1007.77,50.39,0,normal
2026-07-04T16:08:00+00:00,30.21,1007.79,50.43,0,normal
2026-07-04T16:09:00+00:00,30.36,1007.87,50.53,0,normal
2026-07-04T16:10:00+00:00,30.35,1007.91,50.67,0,normal
2026-07-04T16:11:00+00:00,30.3,1007.89,50.91,0,normal
2026-07-04T16:12:00+00:00,30.29,1007.96,51.27,0,normal
2026-07-04T16:13:00+00:00,30.31,1008.0,51.92,0,normal
2026-07-04T16:14:00+00:00,30.31,1007.96,51.85,0,normal
2026-07-04T16:15:00+00:00,30.42,1007.92,51.69,0,normal
2026-07-04T16:16:00+00:00,30.48,1007.93,51.66,0,normal
2026-07-04T16:17:00+00:00,30.54,1007.92,51.37,0,normal
2026-07-04T16:18:00+00:00,30.4,1007.97,51.44,0,normal
2026-07-04T16:19:00+00:00,30.32,1007.94,51.4,0,normal
2026-07-04T16:20:00+00:00,30.38,1007.92,51.29,0,normal
2026-07-04T16:21:00+00:00,30.26,1007.93,51.39,0,normal
2026-07-04T16:22:00+00:00,30.41,1007.97,51.4,0,normal
2026-07-04T16:23:00+00:00,30.45,1008.03,51.32,0,normal
2026-07-04T16:24:00+00:00,30.6,1008.06,51.4,0,normal
2026-07-04T16:25:00+00:00,30.61,1008.1,51.74,0,normal
2026-07-04T16:26:00+00:00,30.52,1008.16,51.79,0,normal
2026-07-04T16:27:00+00:00,30.56,1008.17,51.74,0,normal
2026-07-04T16:28:00+00:00,30.58,1008.21,51.6,0,normal
2026-07-04T16:29:00+00:00,30.65,1008.27,51.61,0,normal
2026-07-04T16:30:00+00:00,30.56,1008.3,51.78,0,normal
2026-07-04T16:31:00+00:00,30.39,1008.34,51.94,0,normal
2026-07-04T16:32:00+00:00,30.17,1008.36,52.1,0,normal
2026-07-04T16:33:00+00:00,30.19,1008.42,52.05,0,normal
2026-07-04T16:34:00+00:00,30.08,1008.34,52.29,0,normal
2026-07-04T16:35:00+00:00,30.12,1008.42,52.16,0,normal
2026-07-04T16:36:00+00:00,30.16,1008.36,52.01,0,normal
2026-07-04T16:37:00+00:00,30.14,1008.41,52.38,0,normal
2026-07-04T16:38:00+00:00,30.1,1008.38,52.21,0,normal
2026-07-04T16:39:00+00:00,30.02,1008.51,52.39,0,normal
2026-07-04T16:40:00+00:00,30.08,1008.52,52.41,0,normal
2026-07-04T16:41:00+00:00,30.11,1008.5,52.37,0,normal
2026-07-04T16:42:00+00:00,30.03,1008.5,52.41,0,normal
2026-07-04T16:43:00+00:00,29.94,1008.53,52.49,0,normal
2026-07-04T16:44:00+00:00,29.9,1008.5,52.54,0,normal
2026-07-04T16:45:00+00:00,29.84,1008.52,52.79,0,normal
2026-07-04T16:46:00+00:00,29.72,1008.65,52.79,0,normal
2026-07-04T16:47:00+00:00,29.74,1008.62,53.04,0,normal
2026-07-04T16:48:00+00:00,29.72,1008.61,52.93,0,normal
2026-07-04T16:49:00+00:00,29.68,1008.65,52.98,0,normal
2026-07-04T16:50:00+00:00,29.67,1008.63,52.85,0,normal
2026-07-04T16:51:00+00:00,29.61,1008.67,53.01,0,normal
2026-07-04T16:52:00+00:00,29.67,1008.68,53.11,0,normal
2026-07-04T16:53:00+00:00,29.64,1008.61,53.08,0,normal
2026-07-04T16:54:00+00:00,29.59,1008.57,52.99,0,normal
2026-07-04T16:55:00+00:00,29.59,1008.54,52.88,0,normal
2026-07-04T16:56:00+00:00,29.7,1008.48,52.89,0,normal
2026-07-04T16:57:00+00:00,29.58,1008.47,52.89,0,normal
2026-07-04T16:58:00+00:00,29.49,1008.52,53.2,0,normal
2026-07-04T16:59:00+00:00,29.55,1008.6,52.96,0,normal
2026-07-04T17:00:00+00:00,29.51,1008.65,53.18,0,normal
2026-07-04T17:01:00+00:00,29.64,1008.72,53.4,0,normal
2026-07-04T17:02:00+00:00,29.82,1008.74,53.37,0,normal
2026-07-04T17:03:00+00:00,29.81,1008.71,53.42,0,normal
2026-07-04T17:04:00+00:00,29.63,1008.71,53.44,0,normal
2026-07-04T17:05:00+00:00,29.69,1008.78,53.28,0,normal
2026-07-04T17:06:00+00:00,29.82,1008.81,53.38,0,normal
2026-07-04T17:07:00+00:00,29.66,1008.79,53.64,0,normal
2026-07-04T17:08:00+00:00,29.64,1008.81,53.72,0,normal
2026-07-04T17:09:00+00:00,29.5,1008.83,54.04,0,normal
2026-07-04T17:10:00+00:00,29.56,1008.84,54.37,0,normal
2026-07-04T17:11:00+00:00,29.43,1008.81,54.76,0,normal
2026-07-04T17:12:00+00:00,29.46,1008.81,54.74,0,normal
2026-07-04T17:13:00+00:00,29.37,1008.84,54.78,0,normal
2026-07-04T17:14:00+00:00,29.35,1008.8,54.83,0,normal
2026-07-04T17:15:00+00:00,29.29,1008.78,55.08,0,normal
2026-07-04T17:16:00+00:00,29.45,1008.9,55.2,0,normal
2026-07-04T17:17:00+00:00,29.4,1008.91,55.27,0,normal
2026-07-04T17:18:00+00:00,29.34,1008.99,54.85,0,normal
2026-07-04T17:19:00+00:00,29.29,1009.05,54.69,0,normal
2026-07-04T17:20:00+00:00,29.25,1009.09,55.02,0,normal
2026-07-04T17:21:00+00:00,29.12,1009.03,54.84,0,normal
2026-07-04T17:22:00+00:00,28.99,1008.97,54.67,0,normal
2026-07-04T17:23:00+00:00,29.07,1008.97,54.71,0,normal
2026-07-04T17:24:00+00:00,28.98,1009.02,55.12,0,normal
2026-07-04T17:25:00+00:00,28.9,1009.12,55.21,0,normal
2026-07-04T17:26:00+00:00,28.89,1009.15,55.3,0,normal
2026-07-04T17:27:00+00:00,29.03,1009.19,55.42,0,normal
2026-07-04T17:28:00+00:00,28.98,1009.24,55.24,0,normal
2026-07-04T17:29:00+00:00,28.97,1009.39,54.77,0,normal
2026-07-04T17:30:00+00:00,28.97,1009.4,54.77,0,normal
2026-07-04T17:31:00+00:00,28.94,1009.4,54.78,0,normal
2026-07-04T17:32:00+00:00,28.94,1009.38,55.24,0,normal
2026-07-04T17:33:00+00:00,28.9,1009.41,55.14,0,normal
2026-07-04T17:34:00+00:00,28.96,1009.44,55.27,0,normal
2026-07-04T17:35:00+00:00,28.86,1009.4,55.65,0,normal
2026-07-04T17:36:00+00:00,29.06,1009.44,55.49,1,sensor_drift
2026-07-04T17:37:00+00:00,29.4,1009.4,55.34,1,sensor_drift
2026-07-04T17:38:00+00:00,29.61,1009.38,55.47,1,sensor_drift
2026-07-04T17:39:00+00:00,29.88,1009.32,55.51,1,sensor_drift
2026-07-04T17:40:00+00:00,30.05,1009.36,55.73,1,sensor_drift
2026-07-04T17:41:00+00:00,30.32,1009.38,56.12,1,sensor_drift
2026-07-04T17:42:00+00:00,30.57,1009.34,56.26,1,sensor_drift
2026-07-04T17:43:00+00:00,30.75,1009.33,56.16,1,sensor_drift
2026-07-04T17:44:00+00:00,30.96,1009.33,56.37,1,sensor_drift
2026-07-04T17:45:00+00:00,31.33,1009.38,56.46,1,sensor_drift
2026-07-04T17:46:00+00:00,31.57,1009.27,56.56,1,sensor_drift
2026-07-04T17:47:00+00:00,31.66,1009.19,56.54,1,sensor_drift
2026-07-04T17:48:00+00:00,31.96,1009.18,56.88,1,sensor_drift
2026-07-04T17:49:00+00:00,32.27,1009.18,57.17,1,sensor_drift
2026-07-04T17:50:00+00:00,32.67,1009.23,57.01,1,sensor_drift
2026-07-04T17:51:00+00:00,32.89,1009.17,57.02,1,sensor_drift
2026-07-04T17:52:00+00:00,33.07,1009.17,57.08,1,sensor_drift
2026-07-04T17:53:00+00:00,33.19,1009.13,57.0,1,sensor_drift
2026-07-04T17:54:00+00:00,33.46,1009.12,56.97,1,sensor_drift
2026-07-04T17:55:00+00:00,33.68,1009.07,56.89,1,sensor_drift
2026-07-04T17:56:00+00:00,33.94,1009.08,56.95,1,sensor_drift
2026-07-04T17:57:00+00:00,34.26,1009.14,56.86,1,sensor_drift
2026-07-04T17:58:00+00:00,27.97,1009.22,56.98,0,normal
2026-07-04T17:59:00+00:00,27.89,1009.25,57.24,0,normal
2026-07-04T18:00:00+00:00,28.03,1009.28,57.49,0,normal
2026-07-04T18:01:00+00:00,27.93,1009.3,57.45,0,normal
2026-07-04T18:02:00+00:00,27.96,1009.39,57.53,0,normal
2026-07-04T18:03:00+00:00,27.88,1009.34,57.89,0,normal
2026-07-04T18:04:00+00:00,27.92,1009.37,57.84,0,normal
2026-07-04T18:05:00+00:00,27.94,1009.34,57.94,0,normal
2026-07-04T18:06:00+00:00,27.84,1009.33,57.83,0,normal
2026-07-04T18:07:00+00:00,27.58,1009.33,57.68,0,normal
2026-07-04T18:08:00+00:00,27.57,1009.34,58.08,0,normal
2026-07-04T18:09:00+00:00,27.61,1009.37,58.2,0,normal
2026-07-04T18:10:00+00:00,27.68,1009.41,58.28,0,normal
2026-07-04T18:11:00+00:00,27.74,1009.3,58.72,0,normal
2026-07-04T18:12:00+00:00,27.87,1009.32,58.45,0,normal
2026-07-04T18:13:00+00:00,27.95,1009.3,58.58,0,normal
2026-07-04T18:14:00+00:00,27.84,1009.43,58.31,0,normal
2026-07-04T18:15:00+00:00,27.83,1009.34,58.34,0,normal
2026-07-04T18:16:00+00:00,27.78,1009.41,58.29,0,normal
2026-07-04T18:17:00+00:00,27.86,1009.37,58.28,0,normal
2026-07-04T18:18:00+00:00,27.83,1009.41,58.41,0,normal
2026-07-04T18:19:00+00:00,27.87,1009.43,58.59,0,normal
2026-07-04T18:20:00+00:00,27.78,1009.46,58.95,0,normal
2026-07-04T18:21:00+00:00,27.63,1009.5,59.12,0,normal
2026-07-04T18:22:00+00:00,27.74,1009.54,59.16,0,normal
2026-07-04T18:23:00+00:00,27.76,1009.51,59.11,0,normal
2026-07-04T18:24:00+00:00,27.63,1009.59,59.23,0,normal
2026-07-04T18:25:00+00:00,27.54,1009.61,59.5,0,normal
2026-07-04T18:26:00+00:00,27.61,1009.56,58.89,0,normal
2026-07-04T18:27:00+00:00,27.63,1009.52,59.07,0,normal
2026-07-04T18:28:00+00:00,27.69,1009.59,59.47,0,normal
2026-07-04T18:29:00+00:00,27.77,1009.68,59.78,0,normal
2026-07-04T18:30:00+00:00,27.86,1009.67,59.55,0,normal
2026-07-04T18:31:00+00:00,28.03,1009.68,59.83,0,normal
2026-07-04T18:32:00+00:00,27.94,1009.72,59.37,0,normal
2026-07-04T18:33:00+00:00,27.87,1009.72,59.52,0,normal
2026-07-04T18:34:00+00:00,27.92,1009.66,59.7,0,normal
2026-07-04T18:35:00+00:00,27.98,1009.78,59.89,0,normal
2026-07-04T18:36:00+00:00,27.9,1009.71,60.3,0,normal
2026-07-04T18:37:00+00:00,27.91,1009.7,60.0,0,normal
2026-07-04T18:38:00+00:00,27.8,1009.73,60.12,0,normal
2026-07-04T18:39:00+00:00,27.6,1009.76,59.85,0,normal
2026-07-04T18:40:00+00:00,27.68,1009.77,59.82,0,normal
2026-07-04T18:41:00+00:00,27.72,1009.78,60.15,0,normal
2026-07-04T18:42:00+00:00,27.69,1009.78,60.14,0,normal
2026-07-04T18:43:00+00:00,27.67,1009.86,60.1,0,normal
2026-07-04T18:44:00+00:00,27.68,1009.81,59.75,0,normal
2026-07-04T18:45:00+00:00,27.66,1009.82,59.82,0,normal
2026-07-04T18:46:00+00:00,27.5,1009.82,59.96,0,normal
2026-07-04T18:47:00+00:00,27.39,1009.75,59.99,0,normal
2026-07-04T18:48:00+00:00,27.42,1009.77,59.9,0,normal
2026-07-04T18:49:00+00:00,27.39,1009.8,59.76,0,normal
2026-07-04T18:50:00+00:00,27.37,1009.86,59.61,0,normal
2026-07-04T18:51:00+00:00,27.43,1009.93,59.69,0,normal
2026-07-04T18:52:00+00:00,27.36,1009.97,59.77,0,normal
2026-07-04T18:53:00+00:00,27.14,1009.95,59.98,0,normal
2026-07-04T18:54:00+00:00,27.17,1009.89,60.04,0,normal
2026-07-04T18:55:00+00:00,27.22,1009.88,59.85,0,normal
2026-07-04T18:56:00+00:00,27.29,1009.85,60.19,0,normal
2026-07-04T18:57:00+00:00,27.14,1009.84,60.41,0,normal
2026-07-04T18:58:00+00:00,27.1,1009.77,60.04,0,normal
2026-07-04T18:59:00+00:00,27.19,1009.77,60.4,0,normal
2026-07-04T19:00:00+00:00,27.23,1009.79,60.45,0,normal
2026-07-04T19:01:00+00:00,27.23,1009.86,60.59,0,normal
2026-07-04T19:02:00+00:00,27.34,1009.77,60.38,0,normal
2026-07-04T19:03:00+00:00,27.37,1009.72,60.92,0,normal
2026-07-04T19:04:00+00:00,27.43,1009.8,61.21,0,normal
2026-07-04T19:05:00+00:00,27.3,1009.7,61.6,0,normal
2026-07-04T19:06:00+00:00,27.13,1009.78,61.82,0,normal
2026-07-04T19:07:00+00:00,27.08,1009.79,61.99,0,normal
2026-07-04T19:08:00+00:00,27.03,1009.85,62.34,0,normal
2026-07-04T19:09:00+00:00,27.0,1009.81,62.66,0,normal
2026-07-04T19:10:00+00:00,26.8,1009.82,62.85,0,normal
2026-07-04T19:11:00+00:00,26.7,1009.86,62.89,0,normal
2026-07-04T19:12:00+00:00,26.63,1009.89,62.71,0,normal
2026-07-04T19:13:00+00:00,26.67,1009.78,62.83,0,normal
2026-07-04T19:14:00+00:00,26.65,1009.74,62.96,0,normal
2026-07-04T19:15:00+00:00,26.61,1009.79,63.12,0,normal
2026-07-04T19:16:00+00:00,26.62,1009.79,63.08,0,normal
2026-07-04T19:17:00+00:00,26.56,1009.79,63.1,0,normal
2026-07-04T19:18:00+00:00,26.62,1009.78,63.23,0,normal
2026-07-04T19:19:00+00:00,26.48,1009.82,63.17,0,normal
2026-07-04T19:20:00+00:00,26.37,1009.89,63.38,0,normal
2026-07-04T19:21:00+00:00,26.42,1009.89,63.42,0,normal
2026-07-04T19:22:00+00:00,26.37,1009.91,63.7,0,normal
2026-07-04T19:23:00+00:00,26.34,1010.0,63.71,0,normal
2026-07-04T19:24:00+00:00,26.2,1009.89,63.43,0,normal
2026-07-04T19:25:00+00:00,26.15,1009.86,63.64,0,normal
2026-07-04T19:26:00+00:00,26.13,1009.88,63.72,0,normal
2026-07-04T19:27:00+00:00,26.11,1009.83,64.07,0,normal
2026-07-04T19:28:00+00:00,25.97,1009.83,64.09,0,normal
2026-07-04T19:29:00+00:00,26.02,1009.81,64.14,0,normal
2026-07-04T19:30:00+00:00,25.98,1009.87,64.2,0,normal
2026-07-04T19:31:00+00:00,26.12,1009.86,64.27,0,normal
2026-07-04T19:32:00+00:00,26.08,1009.87,64.21,0,normal
2026-07-04T19:33:00+00:00,26.06,1009.85,64.35,0,normal
2026-07-04T19:34:00+00:00,26.07,1009.85,64.43,0,normal
2026-07-04T19:35:00+00:00,26.17,1009.85,65.02,0,normal
2026-07-04T19:36:00+00:00,26.14,1009.88,64.92,0,normal
2026-07-04T19:37:00+00:00,26.21,1009.82,65.06,0,normal
2026-07-04T19:38:00+00:00,26.15,1009.82,65.06,0,normal
2026-07-04T19:39:00+00:00,26.05,1009.79,65.42,0,normal
2026-07-04T19:40:00+00:00,26.06,1009.71,65.68,0,normal
2026-07-04T19:41:00+00:00,25.95,1009.73,65.82,0,normal
2026-07-04T19:42:00+00:00,25.97,1009.81,65.68,0,normal
2026-07-04T19:43:00+00:00,25.98,1009.85,65.59,0,normal
2026-07-04T19:44:00+00:00,25.89,1009.81,65.71,0,normal
2026-07-04T19:45:00+00:00,25.74,1009.82,65.47,0,normal
2026-07-04T19:46:00+00:00,25.82,1009.82,65.92,0,normal
2026-07-04T19:47:00+00:00,25.84,1009.78,65.8,0,normal
2026-07-04T19:48:00+00:00,25.83,1009.76,66.1,0,normal
2026-07-04T19:49:00+00:00,25.72,1009.84,66.4,0,normal
2026-07-04T19:50:00+00:00,25.67,1009.9,66.27,0,normal
2026-07-04T19:51:00+00:00,25.66,1009.81,66.69,0,normal
2026-07-04T19:52:00+00:00,25.49,1009.71,66.59,0,normal
2026-07-04T19:53:00+00:00,25.58,1009.74,66.65,0,normal
2026-07-04T19:54:00+00:00,25.63,1009.71,66.78,0,normal
2026-07-04T19:55:00+00:00,25.73,1009.68,66.66,0,normal
2026-07-04T19:56:00+00:00,25.73,1009.7,66.73,0,normal
2026-07-04T19:57:00+00:00,25.76,1009.67,66.81,0,normal
2026-07-04T19:58:00+00:00,25.75,1009.66,67.18,0,normal
2026-07-04T19:59:00+00:00,25.73,1009.62,67.32,0,normal
2026-07-04T20:00:00+00:00,25.77,1009.64,67.5,0,normal
2026-07-04T20:01:00+00:00,25.6,1009.5,67.78,0,normal
2026-07-04T20:02:00+00:00,25.59,1009.48,67.94,0,normal
2026-07-04T20:03:00+00:00,25.71,1009.54,68.15,0,normal
2026-07-04T20:04:00+00:00,25.59,1009.49,67.68,0,normal
2026-07-04T20:05:00+00:00,25.59,1009.53,67.95,0,normal
2026-07-04T20:06:00+00:00,25.6,1009.5,67.87,0,normal
2026-07-04T20:07:00+00:00,25.48,1009.48,67.71,0,normal
2026-07-04T20:08:00+00:00,25.58,1009.4,67.72,0,normal
2026-07-04T20:09:00+00:00,25.37,1009.4,67.77,0,normal
2026-07-04T20:10:00+00:00,25.3,1009.34,67.83,0,normal
2026-07-04T20:11:00+00:00,25.22,1009.32,68.28,0,normal
2026-07-04T20:12:00+00:00,25.2,1009.34,68.22,0,normal
2026-07-04T20:13:00+00:00,25.1,1009.33,68.77,0,normal
2026-07-04T20:14:00+00:00,25.04,1009.34,68.63,0,normal
2026-07-04T20:15:00+00:00,24.79,1009.28,69.14,0,normal
2026-07-04T20:16:00+00:00,24.82,1009.36,69.08,0,normal
2026-07-04T20:17:00+00:00,24.6,1009.29,69.18,0,normal
2026-07-04T20:18:00+00:00,24.61,1009.28,69.09,0,normal
2026-07-04T20:19:00+00:00,24.67,1009.24,69.19,0,normal
2026-07-04T20:20:00+00:00,24.66,1009.21,69.04,0,normal
2026-07-04T20:21:00+00:00,24.61,1009.3,69.3,0,normal
2026-07-04T20:22:00+00:00,24.67,1009.24,69.05,0,normal
2026-07-04T20:23:00+00:00,24.73,1009.28,69.12,0,normal
2026-07-04T20:24:00+00:00,24.67,1009.19,69.35,0,normal
2026-07-04T20:25:00+00:00,24.74,1009.15,69.24,0,normal
2026-07-04T20:26:00+00:00,24.81,1009.11,69.64,0,normal
2026-07-04T20:27:00+00:00,24.76,1009.08,69.69,0,normal
2026-07-04T20:28:00+00:00,24.7,1009.13,69.91,0,normal
2026-07-04T20:29:00+00:00,24.75,1009.13,69.85,0,normal
2026-07-04T20:30:00+00:00,24.71,1009.1,70.18,0,normal
2026-07-04T20:31:00+00:00,24.75,1009.09,70.02,0,normal
2026-07-04T20:32:00+00:00,24.83,1009.08,70.04,0,normal
2026-07-04T20:33:00+00:00,24.91,1009.05,70.02,0,normal
2026-07-04T20:34:00+00:00,24.84,1008.97,70.13,0,normal
2026-07-04T20:35:00+00:00,24.73,1008.94,70.04,0,normal
2026-07-04T20:36:00+00:00,24.64,1008.9,70.15,0,normal
2026-07-04T20:37:00+00:00,24.58,1008.9,70.67,0,normal
2026-07-04T20:38:00+00:00,24.53,1008.92,70.85,0,normal
2026-07-04T20:39:00+00:00,24.48,1008.93,70.88,0,normal
2026-07-04T20:40:00+00:00,24.46,1008.9,70.82,0,normal
2026-07-04T20:41:00+00:00,24.42,1008.8,71.16,0,normal
2026-07-04T20:42:00+00:00,24.56,1008.8,71.32,0,normal
2026-07-04T20:43:00+00:00,24.6,1008.74,71.53,0,normal
2026-07-04T20:44:00+00:00,24.51,1008.85,71.51,0,normal
2026-07-04T20:45:00+00:00,24.54,1008.84,71.97,0,normal
2026-07-04T20:46:00+00:00,24.45,1008.89,72.1,0,normal
2026-07-04T20:47:00+00:00,24.43,1008.9,71.97,0,normal
2026-07-04T20:48:00+00:00,24.18,1008.94,71.89,0,normal
2026-07-04T20:49:00+00:00,24.24,1008.95,72.15,0,normal
2026-07-04T20:50:00+00:00,24.26,1008.81,72.28,0,normal
2026-07-04T20:51:00+00:00,24.19,1008.87,72.41,0,normal
2026-07-04T20:52:00+00:00,24.2,1008.84,72.24,0,normal
2026-07-04T20:53:00+00:00,24.12,1008.74,72.14,0,normal
2026-07-04T20:54:00+00:00,23.96,1008.67,72.2,0,normal
2026-07-04T20:55:00+00:00,23.97,1008.66,72.13,0,normal
2026-07-04T20:56:00+00:00,23.86,1008.65,72.01,0,normal
2026-07-04T20:57:00+00:00,23.83,1008.57,72.2,0,normal
2026-07-04T20:58:00+00:00,23.75,1008.59,72.42,0,normal
2026-07-04T20:59:00+00:00,23.75,1008.63,72.05,0,normal
2026-07-04T21:00:00+00:00,23.68,1008.68,72.21,0,normal
2026-07-04T21:01:00+00:00,23.8,1008.76,72.33,0,normal
2026-07-04T21:02:00+00:00,23.75,1008.71,72.29,0,normal
2026-07-04T21:03:00+00:00,23.68,1008.67,72.17,0,normal
2026-07-04T21:04:00+00:00,23.68,1008.75,72.43,0,normal
2026-07-04T21:05:00+00:00,23.62,1008.79,72.56,0,normal
2026-07-04T21:06:00+00:00,23.59,1008.77,72.58,0,normal
2026-07-04T21:07:00+00:00,23.61,1008.76,72.5,0,normal
2026-07-04T21:08:00+00:00,23.51,1008.76,72.66,0,normal
2026-07-04T21:09:00+00:00,23.46,1008.69,72.98,0,normal
2026-07-04T21:10:00+00:00,23.51,1008.58,73.31,0,normal
2026-07-04T21:11:00+00:00,23.46,1008.58,73.58,0,normal
2026-07-04T21:12:00+00:00,23.56,1008.63,73.67,0,normal
2026-07-04T21:13:00+00:00,23.42,1008.52,73.88,0,normal
2026-07-04T21:14:00+00:00,23.49,1008.47,73.86,0,normal
2026-07-04T21:15:00+00:00,11.65,1008.44,74.11,1,temperature_drop
2026-07-04T21:16:00+00:00,8.41,1008.57,73.85,1,temperature_drop
2026-07-04T21:17:00+00:00,7.74,1008.55,73.92,1,temperature_drop
2026-07-04T21:18:00+00:00,9.96,1008.52,73.91,1,temperature_drop
2026-07-04T21:19:00+00:00,14.18,1008.53,74.05,1,temperature_drop
2026-07-04T21:20:00+00:00,10.75,1008.58,74.3,1,temperature_drop
2026-07-04T21:21:00+00:00,23.19,1008.64,74.42,0,normal
2026-07-04T21:22:00+00:00,23.27,1008.6,74.41,0,normal
2026-07-04T21:23:00+00:00,23.33,1008.63,74.4,0,normal
2026-07-04T21:24:00+00:00,23.2,1008.6,74.31,0,normal
2026-07-04T21:25:00+00:00,23.31,1008.62,74.21,0,normal
2026-07-04T21:26:00+00:00,23.18,1008.57,74.16,0,normal
2026-07-04T21:27:00+00:00,23.13,1008.61,74.04,0,normal
2026-07-04T21:28:00+00:00,23.28,1008.54,73.84,0,normal
2026-07-04T21:29:00+00:00,23.37,1008.59,73.9,0,normal
2026-07-04T21:30:00+00:00,23.35,1008.59,74.02,0,normal
2026-07-04T21:31:00+00:00,23.19,1008.45,73.95,0,normal
2026-07-04T21:32:00+00:00,23.29,1008.53,74.0,0,normal
2026-07-04T21:33:00+00:00,23.17,1008.53,74.19,0,normal
2026-07-04T21:34:00+00:00,23.17,1008.38,74.92,0,normal
2026-07-04T21:35:00+00:00,23.21,1008.36,74.85,0,normal
2026-07-04T21:36:00+00:00,23.24,1008.38,74.94,0,normal
2026-07-04T21:37:00+00:00,23.23,1008.36,75.09,0,normal
2026-07-04T21:38:00+00:00,23.23,1008.37,75.22,0,normal
2026-07-04T21:39:00+00:00,23.29,1008.27,75.13,0,normal
2026-07-04T21:40:00+00:00,23.23,1008.23,75.13,0,normal
2026-07-04T21:41:00+00:00,23.27,1008.21,74.84,0,normal
2026-07-04T21:42:00+00:00,23.18,1008.21,74.95,0,normal
2026-07-04T21:43:00+00:00,23.17,1008.23,75.02,0,normal
2026-07-04T21:44:00+00:00,23.01,1008.2,74.99,0,normal
2026-07-04T21:45:00+00:00,22.94,1008.22,75.18,0,normal
2026-07-04T21:46:00+00:00,22.95,1008.2,75.58,0,normal
2026-07-04T21:47:00+00:00,22.96,1008.19,75.78,0,normal
2026-07-04T21:48:00+00:00,22.85,1008.08,75.74,0,normal
2026-07-04T21:49:00+00:00,22.86,1008.08,75.79,0,normal
2026-07-04T21:50:00+00:00,22.74,1007.98,76.16,0,normal
2026-07-04T21:51:00+00:00,22.68,1007.96,76.1,0,normal
2026-07-04T21:52:00+00:00,22.74,1008.0,75.98,0,normal
2026-07-04T21:53:00+00:00,22.78,1007.99,75.94,0,normal
2026-07-04T21:54:00+00:00,22.71,1007.95,75.77,0,normal
2026-07-04T21:55:00+00:00,22.72,1007.94,76.0,0,normal
2026-07-04T21:56:00+00:00,22.69,1007.96,75.69,0,normal
2026-07-04T21:57:00+00:00,22.57,1007.99,75.55,0,normal
2026-07-04T21:58:00+00:00,22.55,1007.92,75.68,0,normal
2026-07-04T21:59:00+00:00,22.64,1007.95,75.44,0,normal
2026-07-04T22:00:00+00:00,22.65,1008.04,76.14,0,normal
2026-07-04T22:01:00+00:00,22.64,1007.97,76.33,0,normal
2026-07-04T22:02:00+00:00,22.71,1007.95,76.65,0,normal
2026-07-04T22:03:00+00:00,22.58,1007.96,76.24,0,normal
2026-07-04T22:04:00+00:00,22.45,1007.96,76.28,0,normal
2026-07-04T22:05:00+00:00,22.3,1007.93,76.47,0,normal
2026-07-04T22:06:00+00:00,22.25,1007.93,76.73,0,normal
2026-07-04T22:07:00+00:00,22.18,1007.99,76.63,0,normal
2026-07-04T22:08:00+00:00,22.3,1008.03,76.67,0,normal
2026-07-04T22:09:00+00:00,22.23,1008.03,76.91,0,normal
2026-07-04T22:10:00+00:00,22.27,1007.95,77.1,0,normal
2026-07-04T22:11:00+00:00,22.06,1007.93,77.49,0,normal
2026-07-04T22:12:00+00:00,21.91,1007.85,77.62,0,normal
2026-07-04T22:13:00+00:00,21.99,1007.86,77.32,0,normal
2026-07-04T22:14:00+00:00,21.82,1007.86,77.19,0,normal
2026-07-04T22:15:00+00:00,21.8,1007.86,77.2,0,normal
2026-07-04T22:16:00+00:00,21.92,1007.88,77.56,0,normal
2026-07-04T22:17:00+00:00,21.95,1007.87,77.62,0,normal
2026-07-04T22:18:00+00:00,21.89,1007.89,77.59,0,normal
2026-07-04T22:19:00+00:00,21.99,1007.85,77.74,0,normal
2026-07-04T22:20:00+00:00,21.93,1007.82,78.27,0,normal
2026-07-04T22:21:00+00:00,21.85,1007.79,78.22,0,normal
2026-07-04T22:22:00+00:00,21.82,1007.78,78.08,0,normal
2026-07-04T22:23:00+00:00,21.75,1007.81,78.38,0,normal
2026-07-04T22:24:00+00:00,21.71,1007.8,78.39,0,normal
2026-07-04T22:25:00+00:00,21.64,1007.75,78.17,0,normal
2026-07-04T22:26:00+00:00,21.55,1007.79,78.19,0,normal
2026-07-04T22:27:00+00:00,21.49,1007.76,78.54,0,normal
2026-07-04T22:28:00+00:00,21.39,1007.77,78.62,0,normal
2026-07-04T22:29:00+00:00,21.37,1007.77,78.72,0,normal
2026-07-04T22:30:00+00:00,21.41,1007.76,79.16,0,normal
2026-07-04T22:31:00+00:00,21.39,1007.67,79.36,0,normal
2026-07-04T22:32:00+00:00,21.39,1007.67,79.37,0,normal
2026-07-04T22:33:00+00:00,21.2,1007.56,79.77,0,normal
2026-07-04T22:34:00+00:00,21.13,1007.61,79.5,0,normal
2026-07-04T22:35:00+00:00,21.03,1007.64,79.55,0,normal
2026-07-04T22:36:00+00:00,21.06,1007.64,79.57,0,normal
2026-07-04T22:37:00+00:00,20.99,1007.57,79.92,0,normal
2026-07-04T22:38:00+00:00,21.1,1007.52,79.76,0,normal
2026-07-04T22:39:00+00:00,21.05,1007.54,79.79,0,normal
2026-07-04T22:40:00+00:00,21.08,1007.53,79.84,0,normal
2026-07-04T22:41:00+00:00,21.25,1007.51,80.24,0,normal
2026-07-04T22:42:00+00:00,21.33,1007.53,79.91,0,normal
2026-07-04T22:43:00+00:00,21.3,1007.5,79.99,0,normal
2026-07-04T22:44:00+00:00,21.18,1007.54,80.26,0,normal
2026-07-04T22:45:00+00:00,21.24,1007.52,80.11,0,normal
2026-07-04T22:46:00+00:00,21.24,1007.61,80.2,0,normal
2026-07-04T22:47:00+00:00,21.24,1007.59,80.18,0,normal
2026-07-04T22:48:00+00:00,21.25,1007.58,80.34,0,normal
2026-07-04T22:49:00+00:00,21.26,1007.59,80.52,0,normal
2026-07-04T22:50:00+00:00,21.15,1007.53,80.58,0,normal
2026-07-04T22:51:00+00:00,21.11,1007.5,80.7,0,normal
2026-07-04T22:52:00+00:00,21.15,1007.56,81.05,0,normal
2026-07-04T22:53:00+00:00,21.01,1007.5,81.04,0,normal
2026-07-04T22:54:00+00:00,20.98,1007.48,80.98,0,normal
2026-07-04T22:55:00+00:00,20.93,1007.5,80.78,0,normal
2026-07-04T22:56:00+00:00,21.09,1007.5,81.06,0,normal
2026-07-04T22:57:00+00:00,21.0,1007.52,81.15,0,normal
2026-07-04T22:58:00+00:00,21.04,1007.51,81.52,0,normal
2026-07-04T22:59:00+00:00,20.88,1007.55,81.59,0,normal
2026-07-04T23:00:00+00:00,20.77,1007.64,82.01,0,normal
2026-07-04T23:01:00+00:00,20.58,1007.64,82.18,0,normal
2026-07-04T23:02:00+00:00,20.59,1007.7,82.47,0,normal
2026-07-04T23:03:00+00:00,20.6,1007.8,82.67,0,normal
2026-07-04T23:04:00+00:00,20.55,1007.75,82.92,0,normal
2026-07-04T23:05:00+00:00,20.47,1007.71,82.87,0,normal
2026-07-04T23:06:00+00:00,20.48,1007.68,82.61,0,normal
2026-07-04T23:07:00+00:00,20.55,1007.65,83.03,0,normal
2026-07-04T23:08:00+00:00,20.56,1007.69,83.16,0,normal
2026-07-04T23:09:00+00:00,20.64,1007.71,83.2,0,normal
2026-07-04T23:10:00+00:00,20.7,1007.81,83.14,0,normal
2026-07-04T23:11:00+00:00,20.73,1007.79,83.25,0,normal
2026-07-04T23:12:00+00:00,20.7,1007.66,83.21,0,normal
2026-07-04T23:13:00+00:00,20.74,1007.6,83.4,0,normal
2026-07-04T23:14:00+00:00,20.72,1007.58,83.58,0,normal
2026-07-04T23:15:00+00:00,20.74,1007.59,83.78,0,normal
2026-07-04T23:16:00+00:00,20.72,1007.49,83.69,0,normal
2026-07-04T23:17:00+00:00,20.53,1007.52,83.86,0,normal
2026-07-04T23:18:00+00:00,20.58,1007.53,84.04,0,normal
2026-07-04T23:19:00+00:00,20.42,1007.52,83.74,0,normal
2026-07-04T23:20:00+00:00,20.36,1007.59,83.96,0,normal
2026-07-04T23:21:00+00:00,20.39,1007.56,83.75,0,normal
2026-07-04T23:22:00+00:00,20.38,1007.61,83.84,0,normal
2026-07-04T23:23:00+00:00,20.23,1007.6,83.46,0,normal
2026-07-04T23:24:00+00:00,20.27,1007.55,83.24,0,normal
2026-07-04T23:25:00+00:00,20.31,1007.56,83.33,0,normal
2026-07-04T23:26:00+00:00,20.46,1007.58,83.24,0,normal
2026-07-04T23:27:00+00:00,20.47,1007.55,83.54,0,normal
2026-07-04T23:28:00+00:00,20.46,1007.56,83.28,0,normal
2026-07-04T23:29:00+00:00,20.42,1007.54,83.12,0,normal
2026-07-04T23:30:00+00:00,20.37,1007.55,83.18,0,normal
2026-07-04T23:31:00+00:00,20.23,1007.53,83.15,0,normal
2026-07-04T23:32:00+00:00,20.21,1007.52,83.13,0,normal
2026-07-04T23:33:00+00:00,20.15,1007.51,83.39,0,normal
2026-07-04T23:34:00+00:00,20.15,1007.57,83.67,0,normal
2026-07-04T23:35:00+00:00,20.24,1007.62,84.03,0,normal
2026-07-04T23:36:00+00:00,20.12,1007.64,84.3,0,normal
2026-07-04T23:37:00+00:00,20.2,1007.58,84.45,0,normal
2026-07-04T23:38:00+00:00,20.18,1007.66,84.19,0,normal
2026-07-04T23:39:00+00:00,20.09,1007.55,84.25,0,normal
2026-07-04T23:40:00+00:00,20.24,1007.54,84.3,0,normal
2026-07-04T23:41:00+00:00,20.25,1007.52,84.4,0,normal
2026-07-04T23:42:00+00:00,20.25,1007.46,84.41,0,normal
2026-07-04T23:43:00+00:00,20.27,1007.5,84.69,0,normal
2026-07-04T23:44:00+00:00,20.26,1007.51,84.86,0,normal
2026-07-04T23:45:00+00:00,20.17,1007.47,84.85,0,normal
2026-07-04T23:46:00+00:00,20.03,1007.48,85.07,0,normal
2026-07-04T23:47:00+00:00,19.95,1007.49,84.95,0,normal
2026-07-04T23:48:00+00:00,19.84,1007.58,84.76,0,normal
2026-07-04T23:49:00+00:00,19.72,1007.58,84.84,0,normal
2026-07-04T23:50:00+00:00,19.75,1007.66,84.71,0,normal
2026-07-04T23:51:00+00:00,19.69,1007.73,84.93,0,normal
2026-07-04T23:52:00+00:00,19.74,1007.67,85.18,0,normal
2026-07-04T23:53:00+00:00,19.78,1007.67,85.08,0,normal
2026-07-04T23:54:00+00:00,19.77,1007.73,84.88,0,normal
2026-07-04T23:55:00+00:00,19.68,1007.68,84.83,0,normal
2026-07-04T23:56:00+00:00,19.66,1007.71,84.96,0,normal
2026-07-04T23:57:00+00:00,19.65,1007.7,85.12,0,normal
2026-07-04T23:58:00+00:00,19.5,1007.73,84.99,0,normal
2026-07-04T23:59:00+00:00,19.45,1007.73,85.01,0,normal
2026-07-05T00:00:00+00:00,19.48,1007.71,84.99,0,normal
2026-07-05T00:01:00+00:00,19.59,1007.73,85.09,0,normal
2026-07-05T00:02:00+00:00,19.63,1007.67,85.57,0,normal
2026-07-05T00:03:00+00:00,19.52,1007.66,85.53,0,normal
2026-07-05T00:04:00+00:00,19.48,1007.62,85.39,0,normal
2026-07-05T00:05:00+00:00,19.56,1007.55,85.62,0,normal
2026-07-05T00:06:00+00:00,19.59,1007.52,85.75,0,normal
2026-07-05T00:07:00+00:00,19.56,1007.45,85.55,0,normal
2026-07-05T00:08:00+00:00,19.59,1007.48,85.62,0,normal
2026-07-05T00:09:00+00:00,19.54,1007.46,85.59,0,normal
2026-07-05T00:10:00+00:00,19.38,1007.46,85.72,0,normal
2026-07-05T00:11:00+00:00,19.37,1007.54,85.55,0,normal
2026-07-05T00:12:00+00:00,19.3,1007.54,85.63,0,normal
2026-07-05T00:13:00+00:00,19.14,1007.56,85.72,0,normal
2026-07-05T00:14:00+00:00,18.97,1007.54,85.59,0,normal
2026-07-05T00:15:00+00:00,18.94,1007.47,85.71,0,normal
2026-07-05T00:16:00+00:00,19.09,1007.48,85.32,0,normal
2026-07-05T00:17:00+00:00,19.11,1007.46,85.15,0,normal
2026-07-05T00:18:00+00:00,19.13,1033.94,85.09,1,pressure_spike
2026-07-05T00:19:00+00:00,19.07,1035.56,85.06,1,pressure_spike
2026-07-05T00:20:00+00:00,19.11,979.69,85.3,1,pressure_spike
2026-07-05T00:21:00+00:00,19.06,1034.99,84.96,1,pressure_spike
2026-07-05T00:22:00+00:00,19.12,1036.39,85.07,1,pressure_spike
2026-07-05T00:23:00+00:00,19.04,981.66,85.15,1,pressure_spike
2026-07-05T00:24:00+00:00,19.0,1007.49,85.06,0,normal
2026-07-05T00:25:00+00:00,19.02,1007.49,85.45,0,normal
2026-07-05T00:26:00+00:00,18.99,1007.47,85.81,0,normal
2026-07-05T00:27:00+00:00,19.07,1007.48,85.54,0,normal
2026-07-05T00:28:00+00:00,19.0,1007.42,85.62,0,normal
2026-07-05T00:29:00+00:00,18.95,1007.51,85.37,0,normal
2026-07-05T00:30:00+00:00,18.86,1007.52,85.55,0,normal
2026-07-05T00:31:00+00:00,18.65,1007.43,85.57,0,normal
2026-07-05T00:32:00+00:00,18.77,1007.52,85.56,0,normal
2026-07-05T00:33:00+00:00,18.76,1007.48,85.76,0,normal
2026-07-05T00:34:00+00:00,18.89,1007.54,85.82,0,normal
2026-07-05T00:35:00+00:00,18.82,1007.54,86.16,0,normal
2026-07-05T00:36:00+00:00,18.79,1007.45,86.14,0,normal
2026-07-05T00:37:00+00:00,18.77,1007.36,86.23,0,normal
2026-07-05T00:38:00+00:00,18.82,1007.46,86.02,0,normal
2026-07-05T00:39:00+00:00,18.87,1007.51,86.18,0,normal
2026-07-05T00:40:00+00:00,18.79,1007.46,86.25,0,normal
2026-07-05T00:41:00+00:00,18.8,1007.43,86.56,0,normal
2026-07-05T00:42:00+00:00,18.77,1007.34,86.56,0,normal
2026-07-05T00:43:00+00:00,18.81,1007.37,86.66,0,normal
2026-07-05T00:44:00+00:00,18.92,1007.32,86.61,0,normal
2026-07-05T00:45:00+00:00,19.04,1007.24,86.64,0,normal
2026-07-05T00:46:00+00:00,19.12,1007.32,86.81,0,normal
2026-07-05T00:47:00+00:00,19.16,1007.28,87.12,0,normal
2026-07-05T00:48:00+00:00,19.04,1007.24,87.21,0,normal
2026-07-05T00:49:00+00:00,18.99,1007.27,87.31,0,normal
2026-07-05T00:50:00+00:00,19.12,1007.3,87.2,0,normal
2026-07-05T00:51:00+00:00,19.15,1007.28,87.4,0,normal
2026-07-05T00:52:00+00:00,19.14,1007.32,87.05,0,normal
2026-07-05T00:53:00+00:00,18.93,1007.26,87.43,0,normal
2026-07-05T00:54:00+00:00,18.83,1007.31,87.31,0,normal
2026-07-05T00:55:00+00:00,18.8,1007.33,87.66,0,normal
2026-07-05T00:56:00+00:00,18.85,1007.37,87.92,0,normal
2026-07-05T00:57:00+00:00,18.79,1007.44,88.09,0,normal
2026-07-05T00:58:00+00:00,18.85,1007.44,87.98,0,normal
2026-07-05T00:59:00+00:00,18.77,1007.41,87.78,0,normal
2026-07-05T01:00:00+00:00,18.8,1007.42,87.87,0,normal
2026-07-05T01:01:00+00:00,18.83,1007.38,87.65,0,normal
2026-07-05T01:02:00+00:00,18.8,1007.36,87.48,0,normal
2026-07-05T01:03:00+00:00,18.93,1007.3,87.9,0,normal
2026-07-05T01:04:00+00:00,18.94,1007.38,88.07,0,normal
2026-07-05T01:05:00+00:00,18.97,1007.48,87.84,0,normal
2026-07-05T01:06:00+00:00,18.94,1007.45,87.51,0,normal
2026-07-05T01:07:00+00:00,18.87,1007.56,87.49,0,normal
2026-07-05T01:08:00+00:00,19.02,1007.68,88.11,0,normal
2026-07-05T01:09:00+00:00,19.15,1007.8,88.17,0,normal
2026-07-05T01:10:00+00:00,19.14,1007.82,88.16,0,normal
2026-07-05T01:11:00+00:00,19.13,1007.86,88.05,0,normal
2026-07-05T01:12:00+00:00,18.99,1007.88,87.91,0,normal
2026-07-05T01:13:00+00:00,18.92,1007.87,87.84,0,normal
2026-07-05T01:14:00+00:00,18.99,1007.86,88.08,0,normal
2026-07-05T01:15:00+00:00,18.99,1007.86,88.11,0,normal
2026-07-05T01:16:00+00:00,18.87,1007.88,88.28,0,normal
2026-07-05T01:17:00+00:00,18.93,1007.81,87.96,0,normal
2026-07-05T01:18:00+00:00,18.87,1007.89,88.01,0,normal
2026-07-05T01:19:00+00:00,18.79,1007.82,87.88,0,normal
2026-07-05T01:20:00+00:00,18.72,1007.87,88.09,0,normal
2026-07-05T01:21:00+00:00,18.63,1007.91,88.23,0,normal
2026-07-05T01:22:00+00:00,18.53,1007.91,88.29,0,normal
2026-07-05T01:23:00+00:00,18.54,1007.83,88.31,0,normal
2026-07-05T01:24:00+00:00,18.59,1007.92,88.17,0,normal
2026-07-05T01:25:00+00:00,18.55,1007.92,88.22,0,normal
2026-07-05T01:26:00+00:00,18.56,1007.95,88.0,0,normal
2026-07-05T01:27:00+00:00,18.59,1007.92,87.98,0,normal
2026-07-05T01:28:00+00:00,18.72,1007.86,87.93,0,normal
2026-07-05T01:29:00+00:00,18.61,1007.88,88.16,0,normal
2026-07-05T01:30:00+00:00,18.62,1007.88,88.42,0,normal
2026-07-05T01:31:00+00:00,18.64,1007.93,88.56,0,normal
2026-07-05T01:32:00+00:00,18.4,1007.94,88.33,0,normal
2026-07-05T01:33:00+00:00,18.34,1008.02,88.25,0,normal
2026-07-05T01:34:00+00:00,18.5,1007.96,88.03,0,normal
2026-07-05T01:35:00+00:00,18.57,1007.95,88.1,0,normal
2026-07-05T01:36:00+00:00,18.55,1007.96,88.05,0,normal
2026-07-05T01:37:00+00:00,18.57,1008.0,88.38,0,normal
2026-07-05T01:38:00+00:00,18.55,1007.99,88.27,0,normal
2026-07-05T01:39:00+00:00,18.66,1008.04,87.89,0,normal
2026-07-05T01:40:00+00:00,18.5,1008.01,87.96,0,normal
2026-07-05T01:41:00+00:00,18.5,1008.05,87.94,0,normal
2026-07-05T01:42:00+00:00,18.61,1008.1,87.97,0,normal
2026-07-05T01:43:00+00:00,18.7,1008.03,87.97,0,normal
2026-07-05T01:44:00+00:00,18.7,1008.07,87.65,0,normal
2026-07-05T01:45:00+00:00,18.67,1008.1,87.77,0,normal
2026-07-05T01:46:00+00:00,18.76,1008.15,87.79,0,normal
2026-07-05T01:47:00+00:00,18.8,1008.15,87.84,0,normal
2026-07-05T01:48:00+00:00,18.85,1008.16,87.94,0,normal
2026-07-05T01:49:00+00:00,18.91,1008.21,88.2,0,normal
2026-07-05T01:50:00+00:00,19.07,1008.25,88.12,0,normal
2026-07-05T01:51:00+00:00,19.09,1008.29,88.25,0,normal
2026-07-05T01:52:00+00:00,19.18,1008.21,88.56,0,normal
2026-07-05T01:53:00+00:00,19.29,1008.25,88.66,0,normal
2026-07-05T01:54:00+00:00,19.23,1008.26,88.78,0,normal
2026-07-05T01:55:00+00:00,19.25,1008.31,88.89,0,normal
2026-07-05T01:56:00+00:00,19.28,1008.36,88.65,0,normal
2026-07-05T01:57:00+00:00,19.31,1008.46,88.63,0,normal
2026-07-05T01:58:00+00:00,19.39,1008.42,88.61,0,normal
2026-07-05T01:59:00+00:00,19.3,1008.49,88.92,0,normal
2026-07-05T02:00:00+00:00,19.25,1008.56,89.22,0,normal
2026-07-05T02:01:00+00:00,19.21,1008.57,89.32,0,normal
2026-07-05T02:02:00+00:00,19.11,1008.57,89.7,0,normal
2026-07-05T02:03:00+00:00,19.04,1008.62,89.73,0,normal
2026-07-05T02:04:00+00:00,19.0,1008.63,90.01,0,normal
2026-07-05T02:05:00+00:00,19.02,1008.67,90.24,0,normal
2026-07-05T02:06:00+00:00,18.97,1008.62,90.5,0,normal
2026-07-05T02:07:00+00:00,18.96,1008.67,90.23,0,normal
2026-07-05T02:08:00+00:00,18.97,1008.61,90.15,0,normal
2026-07-05T02:09:00+00:00,18.9,1008.58,89.99,0,normal
2026-07-05T02:10:00+00:00,18.7,1008.53,90.06,0,normal
2026-07-05T02:11:00+00:00,18.72,1008.49,90.08,0,normal
2026-07-05T02:12:00+00:00,18.64,1008.54,89.96,0,normal
2026-07-05T02:13:00+00:00,18.61,1008.55,90.39,0,normal
2026-07-05T02:14:00+00:00,18.54,1008.57,90.43,0,normal
2026-07-05T02:15:00+00:00,18.47,1008.51,90.2,0,normal
2026-07-05T02:16:00+00:00,18.53,1008.51,90.05,0,normal
2026-07-05T02:17:00+00:00,18.61,1008.49,89.94,0,normal
2026-07-05T02:18:00+00:00,18.48,1008.52,89.9,0,normal
2026-07-05T02:19:00+00:00,18.55,1008.48,89.77,0,normal
2026-07-05T02:20:00+00:00,18.45,1008.5,89.99,0,normal
2026-07-05T02:21:00+00:00,18.43,1008.45,89.76,0,normal
2026-07-05T02:22:00+00:00,18.31,1008.41,89.81,0,normal
2026-07-05T02:23:00+00:00,18.21,1008.46,89.73,0,normal
2026-07-05T02:24:00+00:00,18.19,1008.5,89.46,0,normal
2026-07-05T02:25:00+00:00,18.27,1008.49,89.31,0,normal
2026-07-05T02:26:00+00:00,18.25,1008.55,89.36,0,normal
2026-07-05T02:27:00+00:00,18.06,1008.59,88.95,0,normal
2026-07-05T02:28:00+00:00,18.06,1008.61,88.83,0,normal
2026-07-05T02:29:00+00:00,18.13,1008.67,88.63,0,normal
2026-07-05T02:30:00+00:00,18.09,1008.69,88.29,0,normal
2026-07-05T02:31:00+00:00,18.08,1008.78,87.98,0,normal
2026-07-05T02:32:00+00:00,18.08,1008.77,88.38,0,normal
2026-07-05T02:33:00+00:00,18.06,1008.77,88.15,0,normal
2026-07-05T02:34:00+00:00,18.09,1008.8,87.96,0,normal
2026-07-05T02:35:00+00:00,18.2,1008.84,88.13,0,normal
2026-07-05T02:36:00+00:00,18.2,1008.87,88.08,0,normal
2026-07-05T02:37:00+00:00,18.34,1008.9,88.07,0,normal
2026-07-05T02:38:00+00:00,18.32,1008.89,88.1,0,normal
2026-07-05T02:39:00+00:00,18.4,1008.88,88.12,0,normal
2026-07-05T02:40:00+00:00,18.43,1008.92,87.76,0,normal
2026-07-05T02:41:00+00:00,18.37,1008.87,87.77,0,normal
2026-07-05T02:42:00+00:00,18.31,1008.87,87.53,0,normal
2026-07-05T02:43:00+00:00,18.3,1008.84,87.69,0,normal
2026-07-05T02:44:00+00:00,18.36,1008.88,87.63,0,normal
2026-07-05T02:45:00+00:00,18.22,1008.88,87.49,0,normal
2026-07-05T02:46:00+00:00,18.26,1008.94,87.56,0,normal
2026-07-05T02:47:00+00:00,21.89,1008.94,87.44,1,temperature_spike
2026-07-05T02:48:00+00:00,22.41,1008.95,87.82,1,temperature_spike
2026-07-05T02:49:00+00:00,23.38,1008.95,88.08,1,temperature_spike
2026-07-05T02:50:00+00:00,18.44,1009.01,88.23,0,normal
2026-07-05T02:51:00+00:00,18.5,1009.08,88.29,0,normal
2026-07-05T02:52:00+00:00,18.56,1009.07,88.61,0,normal
2026-07-05T02:53:00+00:00,18.47,1009.11,88.29,0,normal
2026-07-05T02:54:00+00:00,18.48,1009.11,88.28,0,normal
2026-07-05T02:55:00+00:00,18.52,1009.08,88.23,0,normal
2026-07-05T02:56:00+00:00,18.65,1009.05,88.02,0,normal
2026-07-05T02:57:00+00:00,18.73,1009.08,88.02,0,normal
2026-07-05T02:58:00+00:00,18.81,1009.07,87.88,0,normal
2026-07-05T02:59:00+00:00,18.76,1009.09,88.12,0,normal
2026-07-05T03:00:00+00:00,18.63,1009.06,87.81,0,normal
2026-07-05T03:01:00+00:00,18.76,1009.06,87.72,0,normal
2026-07-05T03:02:00+00:00,18.63,1009.08,87.87,0,normal
2026-07-05T03:03:00+00:00,18.67,1009.11,87.53,0,normal
2026-07-05T03:04:00+00:00,18.65,1009.16,87.31,0,normal
2026-07-05T03:05:00+00:00,18.72,1009.23,87.2,0,normal
2026-07-05T03:06:00+00:00,18.78,1009.26,87.43,0,normal
2026-07-05T03:07:00+00:00,18.95,1009.24,87.56,0,normal
2026-07-05T03:08:00+00:00,19.06,1009.22,87.43,0,normal
2026-07-05T03:09:00+00:00,19.0,1009.25,87.34,0,normal
2026-07-05T03:10:00+00:00,18.99,1009.32,86.94,0,normal
2026-07-05T03:11:00+00:00,18.91,1009.39,87.05,0,normal
2026-07-05T03:12:00+00:00,18.83,1009.45,87.31,0,normal
2026-07-05T03:13:00+00:00,18.83,1009.42,87.47,0,normal
2026-07-05T03:14:00+00:00,18.98,1009.41,87.45,0,normal
2026-07-05T03:15:00+00:00,19.07,1009.44,87.07,0,normal
2026-07-05T03:16:00+00:00,19.1,1009.43,86.8,0,normal
2026-07-05T03:17:00+00:00,18.96,1009.52,86.63,0,normal
2026-07-05T03:18:00+00:00,18.99,1009.58,86.67,0,normal
2026-07-05T03:19:00+00:00,19.02,1009.62,86.7,0,normal
2026-07-05T03:20:00+00:00,18.96,1009.61,86.68,0,normal
2026-07-05T03:21:00+00:00,18.95,1009.65,86.9,0,normal
2026-07-05T03:22:00+00:00,18.99,1009.64,86.44,0,normal
2026-07-05T03:23:00+00:00,18.93,1009.6,86.3,0,normal
2026-07-05T03:24:00+00:00,18.96,1009.64,86.69,0,normal
2026-07-05T03:25:00+00:00,19.01,1009.76,86.82,0,normal
2026-07-05T03:26:00+00:00,19.1,1009.77,86.58,0,normal
2026-07-05T03:27:00+00:00,19.07,1009.79,86.45,0,normal
2026-07-05T03:28:00+00:00,19.0,1009.84,86.24,0,normal
2026-07-05T03:29:00+00:00,18.88,1009.81,86.2,0,normal
2026-07-05T03:30:00+00:00,18.82,1009.82,86.33,0,normal
2026-07-05T03:31:00+00:00,18.88,1009.82,86.06,0,normal
2026-07-05T03:32:00+00:00,18.86,1009.88,86.25,0,normal
2026-07-05T03:33:00+00:00,18.9,1009.96,86.59,0,normal
2026-07-05T03:34:00+00:00,18.88,1010.06,86.51,0,normal
2026-07-05T03:35:00+00:00,18.98,1010.11,86.09,0,normal
2026-07-05T03:36:00+00:00,18.92,1010.07,85.73,0,normal
2026-07-05T03:37:00+00:00,19.01,1010.19,85.69,0,normal
2026-07-05T03:38:00+00:00,19.09,1010.28,85.75,0,normal
2026-07-05T03:39:00+00:00,19.1,1010.28,85.86,0,normal
2026-07-05T03:40:00+00:00,19.19,1010.32,85.95,0,normal
2026-07-05T03:41:00+00:00,19.19,1010.25,86.12,0,normal
2026-07-05T03:42:00+00:00,19.1,1010.3,86.25,0,normal
2026-07-05T03:43:00+00:00,19.02,1010.28,86.65,0,normal
2026-07-05T03:44:00+00:00,19.03,1010.24,86.76,0,normal
2026-07-05T03:45:00+00:00,18.99,1010.16,86.81,0,normal
2026-07-05T03:46:00+00:00,18.94,1010.2,86.59,0,normal
2026-07-05T03:47:00+00:00,19.02,1010.24,86.02,0,normal
2026-07-05T03:48:00+00:00,19.07,1010.25,86.27,0,normal
2026-07-05T03:49:00+00:00,19.12,1010.31,86.09,0,normal
2026-07-05T03:50:00+00:00,19.08,1010.33,85.98,0,normal
2026-07-05T03:51:00+00:00,19.21,1010.34,85.7,0,normal
2026-07-05T03:52:00+00:00,19.16,1010.41,85.65,0,normal
2026-07-05T03:53:00+00:00,19.16,1010.48,85.45,0,normal
2026-07-05T03:54:00+00:00,19.0,1010.46,85.48,0,normal
2026-07-05T03:55:00+00:00,19.01,1010.4,85.67,0,normal
2026-07-05T03:56:00+00:00,19.05,1010.44,85.72,0,normal
2026-07-05T03:57:00+00:00,18.98,1010.48,85.87,0,normal
2026-07-05T03:58:00+00:00,19.1,1010.53,85.93,0,normal
2026-07-05T03:59:00+00:00,18.99,1010.55,85.69,0,normal
2026-07-05T04:00:00+00:00,19.12,1010.63,85.46,0,normal
2026-07-05T04:01:00+00:00,19.15,1010.66,85.6,0,normal
2026-07-05T04:02:00+00:00,19.04,1010.56,85.57,0,normal
2026-07-05T04:03:00+00:00,18.87,1010.59,85.65,0,normal
2026-07-05T04:04:00+00:00,19.01,1010.58,85.63,0,normal
2026-07-05T04:05:00+00:00,19.1,1010.54,85.76,0,normal
2026-07-05T04:06:00+00:00,19.16,1010.54,85.73,0,normal
2026-07-05T04:07:00+00:00,19.18,1010.6,85.6,0,normal
2026-07-05T04:08:00+00:00,19.23,1010.6,85.35,0,normal
2026-07-05T04:09:00+00:00,19.27,1010.58,85.46,0,normal
2026-07-05T04:10:00+00:00,19.35,1010.57,85.45,0,normal
2026-07-05T04:11:00+00:00,19.31,1010.51,85.27,0,normal
2026-07-05T04:12:00+00:00,19.33,1010.57,85.25,0,normal
2026-07-05T04:13:00+00:00,19.44,1010.55,85.12,0,normal
2026-07-05T04:14:00+00:00,19.59,1010.49,84.98,0,normal
2026-07-05T04:15:00+00:00,19.52,1010.51,84.85,0,normal
2026-07-05T04:16:00+00:00,19.59,1010.56,84.54,0,normal
2026-07-05T04:17:00+00:00,19.56,1010.6,84.66,0,normal
2026-07-05T04:18:00+00:00,19.78,1010.67,84.42,0,normal
2026-07-05T04:19:00+00:00,19.78,1010.71,84.29,0,normal
2026-07-05T04:20:00+00:00,19.83,1010.62,84.37,0,normal
2026-07-05T04:21:00+00:00,19.81,1010.65,84.63,0,normal
2026-07-05T04:22:00+00:00,19.72,1010.7,84.74,0,normal
2026-07-05T04:23:00+00:00,19.75,1010.65,84.95,0,normal
2026-07-05T04:24:00+00:00,19.75,1010.66,84.82,0,normal
2026-07-05T04:25:00+00:00,19.74,1010.64,84.78,0,normal
2026-07-05T04:26:00+00:00,19.71,1010.71,84.82,0,normal
2026-07-05T04:27:00+00:00,19.86,1010.73,84.58,0,normal
2026-07-05T04:28:00+00:00,19.76,1010.88,84.65,0,normal
2026-07-05T04:29:00+00:00,19.73,1010.99,84.85,0,normal
2026-07-05T04:30:00+00:00,19.65,1010.98,84.74,0,normal
2026-07-05T04:31:00+00:00,19.59,1011.0,84.79,0,normal
2026-07-05T04:32:00+00:00,19.51,1011.04,84.94,0,normal
2026-07-05T04:33:00+00:00,19.59,1011.06,84.71,0,normal
2026-07-05T04:34:00+00:00,19.69,1011.02,84.66,0,normal
2026-07-05T04:35:00+00:00,19.72,1011.11,84.46,0,normal
2026-07-05T04:36:00+00:00,19.71,1011.07,84.46,0,normal
2026-07-05T04:37:00+00:00,19.71,1011.05,84.22,0,normal
2026-07-05T04:38:00+00:00,19.79,1011.02,83.93,0,normal
2026-07-05T04:39:00+00:00,19.89,1011.04,84.06,0,normal
2026-07-05T04:40:00+00:00,19.89,1011.07,84.01,0,normal
2026-07-05T04:41:00+00:00,20.03,1011.17,84.16,0,normal
2026-07-05T04:42:00+00:00,20.0,1011.14,84.22,0,normal
2026-07-05T04:43:00+00:00,20.14,1011.23,84.13,0,normal
2026-07-05T04:44:00+00:00,20.22,1011.29,84.06,0,normal
2026-07-05T04:45:00+00:00,20.25,1011.32,83.81,0,normal
2026-07-05T04:46:00+00:00,20.21,1011.3,83.41,0,normal
2026-07-05T04:47:00+00:00,20.24,1011.32,83.49,0,normal
2026-07-05T04:48:00+00:00,20.36,1011.41,83.7,0,normal
2026-07-05T04:49:00+00:00,20.31,1011.36,83.79,0,normal
2026-07-05T04:50:00+00:00,20.44,1011.46,83.79,0,normal
2026-07-05T04:51:00+00:00,20.29,1011.49,83.8,0,normal
2026-07-05T04:52:00+00:00,20.41,1011.58,83.87,0,normal
2026-07-05T04:53:00+00:00,20.38,1011.54,83.87,0,normal
2026-07-05T04:54:00+00:00,20.34,1011.63,83.41,0,normal
2026-07-05T04:55:00+00:00,20.4,1011.66,83.27,0,normal
2026-07-05T04:56:00+00:00,20.35,1011.57,83.07,0,normal
2026-07-05T04:57:00+00:00,20.33,1011.64,82.83,0,normal
2026-07-05T04:58:00+00:00,20.39,1011.59,82.84,0,normal
2026-07-05T04:59:00+00:00,20.24,1011.71,82.73,0,normal
2026-07-05T05:00:00+00:00,20.05,1011.68,82.47,0,normal
2026-07-05T05:01:00+00:00,20.04,1011.68,82.27,0,normal
2026-07-05T05:02:00+00:00,20.02,1011.63,82.37,0,normal
2026-07-05T05:03:00+00:00,20.16,1011.64,82.29,0,normal
2026-07-05T05:04:00+00:00,20.11,1011.66,82.26,0,normal
2026-07-05T05:05:00+00:00,20.14,1011.7,82.25,0,normal
2026-07-05T05:06:00+00:00,20.1,1011.77,82.12,0,normal
2026-07-05T05:07:00+00:00,20.28,1011.81,82.44,0,normal
2026-07-05T05:08:00+00:00,20.42,1011.83,82.2,0,normal
2026-07-05T05:09:00+00:00,20.4,1011.87,82.14,0,normal
2026-07-05T05:10:00+00:00,20.39,1011.92,82.06,0,normal
2026-07-05T05:11:00+00:00,20.49,1011.88,82.17,0,normal
2026-07-05T05:12:00+00:00,20.57,1011.95,82.27,0,normal
2026-07-05T05:13:00+00:00,20.59,1011.95,82.52,0,normal
2026-07-05T05:14:00+00:00,20.6,1011.99,82.32,0,normal
2026-07-05T05:15:00+00:00,20.48,1011.94,82.28,0,normal
2026-07-05T05:16:00+00:00,20.58,1011.97,82.39,0,normal
2026-07-05T05:17:00+00:00,20.65,1011.94,82.38,0,normal
2026-07-05T05:18:00+00:00,20.7,1011.92,82.34,0,normal
2026-07-05T05:19:00+00:00,20.74,1011.91,82.17,0,normal
2026-07-05T05:20:00+00:00,20.88,1011.99,82.08,0,normal
2026-07-05T05:21:00+00:00,20.91,1011.93,82.29,0,normal
2026-07-05T05:22:00+00:00,21.02,1011.98,81.7,0,normal
2026-07-05T05:23:00+00:00,21.05,1011.99,81.71,0,normal
2026-07-05T05:24:00+00:00,21.03,1011.99,81.71,0,normal
2026-07-05T05:25:00+00:00,21.0,1011.97,81.63,0,normal
2026-07-05T05:26:00+00:00,21.13,1012.02,81.72,0,normal
2026-07-05T05:27:00+00:00,21.16,1012.11,81.23,0,normal
2026-07-05T05:28:00+00:00,21.34,1012.23,81.21,0,normal
2026-07-05T05:29:00+00:00,21.42,1012.23,81.05,0,normal
2026-07-05T05:30:00+00:00,21.38,1012.23,81.05,0,normal
2026-07-05T05:31:00+00:00,21.43,1012.33,80.95,0,normal
2026-07-05T05:32:00+00:00,21.33,1012.41,80.59,0,normal
2026-07-05T05:33:00+00:00,21.3,1012.42,80.57,0,normal
2026-07-05T05:34:00+00:00,21.21,1012.38,80.16,0,normal
2026-07-05T05:35:00+00:00,21.29,1012.44,79.83,0,normal
2026-07-05T05:36:00+00:00,21.39,1012.48,79.62,0,normal
2026-07-05T05:37:00+00:00,21.26,1012.42,79.43,0,normal
2026-07-05T05:38:00+00:00,21.41,1012.41,79.16,0,normal
2026-07-05T05:39:00+00:00,21.44,1012.35,79.21,0,normal
2026-07-05T05:40:00+00:00,21.39,1012.31,79.22,0,normal
2026-07-05T05:41:00+00:00,21.56,1012.42,78.94,0,normal
2026-07-05T05:42:00+00:00,21.53,1012.45,79.12,0,normal
2026-07-05T05:43:00+00:00,21.38,1012.45,78.95,0,normal
2026-07-05T05:44:00+00:00,21.26,1012.38,78.77,0,normal
2026-07-05T05:45:00+00:00,21.3,1012.44,78.78,0,normal
2026-07-05T05:46:00+00:00,21.42,1012.44,78.57,0,normal
2026-07-05T05:47:00+00:00,21.44,1012.47,78.71,0,normal
2026-07-05T05:48:00+00:00,21.46,1012.43,78.71,0,normal
2026-07-05T05:49:00+00:00,21.53,1012.49,78.5,0,normal
2026-07-05T05:50:00+00:00,21.51,1012.53,78.34,0,normal
2026-07-05T05:51:00+00:00,21.51,1012.59,78.0,0,normal
2026-07-05T05:52:00+00:00,21.72,1012.55,78.12,0,normal
2026-07-05T05:53:00+00:00,21.73,1012.56,78.0,0,normal
2026-07-05T05:54:00+00:00,21.83,1012.54,77.82,0,normal
2026-07-05T05:55:00+00:00,22.0,1012.54,77.63,0,normal
2026-07-05T05:56:00+00:00,21.9,1012.63,77.47,0,normal
2026-07-05T05:57:00+00:00,22.09,1012.65,77.45,0,normal
2026-07-05T05:58:00+00:00,22.12,1012.75,76.95,0,normal
2026-07-05T05:59:00+00:00,22.15,1012.73,76.88,0,normal
2026-07-05T06:00:00+00:00,22.18,1012.71,76.88,0,normal
2026-07-05T06:01:00+00:00,22.2,1012.63,76.92,0,normal
2026-07-05T06:02:00+00:00,22.27,1012.6,77.25,0,normal
2026-07-05T06:03:00+00:00,22.39,1012.64,77.35,0,normal
2026-07-05T06:04:00+00:00,22.4,1012.7,77.59,0,normal
2026-07-05T06:05:00+00:00,22.48,1012.66,77.49,0,normal
2026-07-05T06:06:00+00:00,22.53,1012.7,77.38,0,normal
2026-07-05T06:07:00+00:00,22.5,1012.77,77.08,0,normal
2026-07-05T06:08:00+00:00,22.43,1012.7,76.81,0,normal
2026-07-05T06:09:00+00:00,22.55,1012.76,76.72,0,normal
2026-07-05T06:10:00+00:00,22.6,1012.75,76.41,0,normal
2026-07-05T06:11:00+00:00,22.79,1012.81,76.42,0,normal
2026-07-05T06:12:00+00:00,22.72,1012.79,76.22,0,normal
2026-07-05T06:13:00+00:00,22.73,1012.8,76.09,0,normal
2026-07-05T06:14:00+00:00,22.63,1012.89,76.08,0,normal
2026-07-05T06:15:00+00:00,22.68,1012.86,75.71,0,normal
2026-07-05T06:16:00+00:00,22.68,1012.83,75.8,0,normal
2026-07-05T06:17:00+00:00,22.77,1012.86,75.94,0,normal
2026-07-05T06:18:00+00:00,22.93,1012.87,76.09,0,normal
2026-07-05T06:19:00+00:00,22.97,1012.76,75.98,0,normal
2026-07-05T06:20:00+00:00,22.91,1012.77,75.74,0,normal
2026-07-05T06:21:00+00:00,22.97,1012.81,75.91,0,normal
2026-07-05T06:22:00+00:00,23.1,1012.72,75.58,0,normal
2026-07-05T06:23:00+00:00,23.34,1012.76,75.55,0,normal
2026-07-05T06:24:00+00:00,23.34,1012.76,75.09,0,normal
2026-07-05T06:25:00+00:00,23.27,1012.75,74.88,0,normal
2026-07-05T06:26:00+00:00,23.22,1012.87,74.78,0,normal
2026-07-05T06:27:00+00:00,23.25,1012.87,74.85,0,normal
2026-07-05T06:28:00+00:00,23.21,1012.92,74.87,0,normal
2026-07-05T06:29:00+00:00,23.12,1012.9,74.77,0,normal
2026-07-05T06:30:00+00:00,23.11,1012.92,74.83,0,normal
2026-07-05T06:31:00+00:00,23.17,1012.92,74.77,0,normal
2026-07-05T06:32:00+00:00,23.01,1012.95,74.79,0,normal
2026-07-05T06:33:00+00:00,22.95,1012.95,74.84,0,normal
2026-07-05T06:34:00+00:00,23.07,1012.96,74.81,0,normal
2026-07-05T06:35:00+00:00,23.17,1012.93,74.8,0,normal
2026-07-05T06:36:00+00:00,23.14,1012.97,74.38,0,normal
2026-07-05T06:37:00+00:00,23.23,1012.96,74.5,0,normal
2026-07-05T06:38:00+00:00,23.19,1012.95,100.0,1,humidity_spike
2026-07-05T06:39:00+00:00,23.13,1012.97,100.0,1,humidity_spike
2026-07-05T06:40:00+00:00,23.03,1013.0,100.0,1,humidity_spike
2026-07-05T06:41:00+00:00,23.18,1012.97,100.0,1,humidity_spike
2026-07-05T06:42:00+00:00,23.2,1013.02,100.0,1,humidity_spike
2026-07-05T06:43:00+00:00,23.3,1013.02,100.0,1,humidity_spike
2026-07-05T06:44:00+00:00,23.3,1012.82,100.0,1,humidity_spike
2026-07-05T06:45:00+00:00,23.31,1012.8,100.0,1,humidity_spike
2026-07-05T06:46:00+00:00,23.33,1012.76,74.12,0,normal
2026-07-05T06:47:00+00:00,23.36,1012.8,73.73,0,normal
2026-07-05T06:48:00+00:00,23.32,1012.83,73.5,0,normal
2026-07-05T06:49:00+00:00,23.28,1012.8,73.39,0,normal
2026-07-05T06:50:00+00:00,23.31,1012.78,73.09,0,normal
2026-07-05T06:51:00+00:00,23.41,1012.84,72.62,0,normal
2026-07-05T06:52:00+00:00,23.32,1012.88,72.87,0,normal
2026-07-05T06:53:00+00:00,23.19,1012.91,73.11,0,normal
2026-07-05T06:54:00+00:00,23.16,1012.98,72.97,0,normal
2026-07-05T06:55:00+00:00,23.24,1012.93,73.07,0,normal
2026-07-05T06:56:00+00:00,23.35,1013.0,73.25,0,normal
2026-07-05T06:57:00+00:00,23.4,1013.14,73.4,0,normal
2026-07-05T06:58:00+00:00,23.48,1013.07,72.96,0,normal
2026-07-05T06:59:00+00:00,23.41,1013.0,73.12,0,normal
2026-07-05T07:00:00+00:00,23.49,1012.96,72.96,0,normal
2026-07-05T07:01:00+00:00,23.51,1012.98,72.65,0,normal
2026-07-05T07:02:00+00:00,23.59,1012.98,72.37,0,normal
2026-07-05T07:03:00+00:00,23.75,1012.95,72.06,0,normal
2026-07-05T07:04:00+00:00,23.86,1012.94,72.04,0,normal
2026-07-05T07:05:00+00:00,23.79,1012.97,72.37,0,normal
2026-07-05T07:06:00+00:00,23.73,1012.97,72.09,0,normal
2026-07-05T07:07:00+00:00,23.99,1013.01,72.03,0,normal
2026-07-05T07:08:00+00:00,23.92,1012.95,72.07,0,normal
2026-07-05T07:09:00+00:00,23.84,1012.86,71.94,0,normal
2026-07-05T07:10:00+00:00,23.89,1012.87,71.73,0,normal
2026-07-05T07:11:00+00:00,24.01,1012.82,71.74,0,normal
2026-07-05T07:12:00+00:00,24.06,1012.84,71.86,0,normal
2026-07-05T07:13:00+00:00,24.06,1012.8,71.38,0,normal
2026-07-05T07:14:00+00:00,23.93,1012.78,71.25,0,normal
2026-07-05T07:15:00+00:00,23.89,1012.73,71.44,0,normal
2026-07-05T07:16:00+00:00,24.01,1012.66,71.22,0,normal
2026-07-05T07:17:00+00:00,24.08,1012.63,70.94,0,normal
2026-07-05T07:18:00+00:00,24.1,1012.68,71.06,0,normal
2026-07-05T07:19:00+00:00,24.08,1012.7,70.94,0,normal
2026-07-05T07:20:00+00:00,24.04,1012.68,70.56,0,normal
2026-07-05T07:21:00+00:00,24.19,1012.75,70.37,0,normal
2026-07-05T07:22:00+00:00,24.18,1012.8,70.51,0,normal
2026-07-05T07:23:00+00:00,24.13,1012.78,70.38,0,normal
2026-07-05T07:24:00+00:00,24.12,1012.79,70.12,0,normal
2026-07-05T07:25:00+00:00,24.13,1012.78,69.72,0,normal
2026-07-05T07:26:00+00:00,24.01,1012.81,69.47,0,normal
2026-07-05T07:27:00+00:00,24.25,1012.9,69.29,0,normal
2026-07-05T07:28:00+00:00,24.48,1012.93,69.08,0,normal
2026-07-05T07:29:00+00:00,24.32,1012.95,69.01,0,normal
2026-07-05T07:30:00+00:00,24.4,1012.91,68.7,0,normal
2026-07-05T07:31:00+00:00,24.41,1012.93,68.56,0,normal
2026-07-05T07:32:00+00:00,24.43,1012.84,68.51,0,normal
2026-07-05T07:33:00+00:00,24.39,1012.87,68.3,0,normal
2026-07-05T07:34:00+00:00,24.42,1012.96,68.17,0,normal
2026-07-05T07:35:00+00:00,24.44,1012.97,67.75,0,normal
2026-07-05T07:36:00+00:00,24.59,1013.0,67.81,0,normal
2026-07-05T07:37:00+00:00,24.37,1012.96,67.5,0,normal
2026-07-05T07:38:00+00:00,24.52,1012.99,67.54,0,normal
2026-07-05T07:39:00+00:00,24.48,1013.04,67.43,0,normal
2026-07-05T07:40:00+00:00,24.68,1013.03,67.48,0,normal
2026-07-05T07:41:00+00:00,24.69,1013.07,67.55,0,normal
2026-07-05T07:42:00+00:00,24.86,1013.05,67.47,0,normal
2026-07-05T07:43:00+00:00,24.95,1013.09,67.61,0,normal
2026-07-05T07:44:00+00:00,25.0,1012.97,67.69,0,normal
2026-07-05T07:45:00+00:00,24.93,1012.95,67.57,0,normal
2026-07-05T07:46:00+00:00,24.86,1012.94,67.92,0,normal
2026-07-05T07:47:00+00:00,24.89,1012.95,68.28,0,normal
2026-07-05T07:48:00+00:00,25.01,1012.9,68.19,0,normal
2026-07-05T07:49:00+00:00,25.09,1012.95,68.3,0,normal
2026-07-05T07:50:00+00:00,24.91,1012.88,68.14,0,normal
2026-07-05T07:51:00+00:00,24.89,1012.67,67.85,0,normal
2026-07-05T07:52:00+00:00,24.94,1012.63,67.51,0,normal
2026-07-05T07:53:00+00:00,25.0,1012.64,67.3,0,normal
2026-07-05T07:54:00+00:00,25.17,1012.63,67.01,0,normal
2026-07-05T07:55:00+00:00,25.13,1012.61,67.12,0,normal
2026-07-05T07:56:00+00:00,25.11,1012.62,67.02,0,normal
2026-07-05T07:57:00+00:00,25.33,1012.63,66.76,0,normal
2026-07-05T07:58:00+00:00,25.43,1012.66,66.57,0,normal
2026-07-05T07:59:00+00:00,25.38,1012.67,66.48,0,normal
2026-07-05T08:00:00+00:00,25.31,1012.67,66.24,0,normal
2026-07-05T08:01:00+00:00,25.24,1012.63,66.4,0,normal
2026-07-05T08:02:00+00:00,25.39,1012.66,66.34,0,normal
2026-07-05T08:03:00+00:00,25.49,1012.65,66.0,0,normal
2026-07-05T08:04:00+00:00,25.47,1012.61,66.18,0,normal
2026-07-05T08:05:00+00:00,25.6,1012.54,66.07,0,normal
2026-07-05T08:06:00+00:00,25.62,1012.52,65.85,0,normal
2026-07-05T08:07:00+00:00,25.77,1012.51,65.78,0,normal
2026-07-05T08:08:00+00:00,25.83,1012.44,65.68,0,normal
2026-07-05T08:09:00+00:00,25.96,1012.51,65.34,0,normal
2026-07-05T08:10:00+00:00,25.87,1012.5,65.46,0,normal
2026-07-05T08:11:00+00:00,25.94,1012.52,65.07,0,normal
2026-07-05T08:12:00+00:00,25.93,1012.4,64.94,0,normal
2026-07-05T08:13:00+00:00,25.8,1012.46,65.16,0,normal
2026-07-05T08:14:00+00:00,25.86,1012.37,65.12,0,normal
2026-07-05T08:15:00+00:00,26.06,1012.39,65.24,0,normal
2026-07-05T08:16:00+00:00,26.06,1012.33,65.09,0,normal
2026-07-05T08:17:00+00:00,25.94,1012.44,65.0,0,normal
2026-07-05T08:18:00+00:00,26.06,1012.4,64.56,0,normal
2026-07-05T08:19:00+00:00,26.22,1012.34,64.52,0,normal
2026-07-05T08:20:00+00:00,26.3,1012.33,64.25,0,normal
2026-07-05T08:21:00+00:00,26.32,1012.28,64.3,0,normal
2026-07-05T08:22:00+00:00,26.4,1012.27,64.08,0,normal
2026-07-05T08:23:00+00:00,26.6,1012.2,63.66,0,normal
2026-07-05T08:24:00+00:00,26.62,1012.18,63.79,0,normal
2026-07-05T08:25:00+00:00,26.7,1012.18,63.79,0,normal
2026-07-05T08:26:00+00:00,26.76,1012.28,63.73,0,normal
2026-07-05T08:27:00+00:00,26.73,1012.28,63.09,0,normal
2026-07-05T08:28:00+00:00,26.76,1012.33,63.13,0,normal
2026-07-05T08:29:00+00:00,26.81,1012.35,63.26,0,normal
2026-07-05T08:30:00+00:00,26.95,1012.36,63.09,0,normal
2026-07-05T08:31:00+00:00,26.78,1012.39,63.1,0,normal
2026-07-05T08:32:00+00:00,26.82,1012.34,63.18,0,normal
2026-07-05T08:33:00+00:00,26.83,1012.32,63.06,0,normal
2026-07-05T08:34:00+00:00,26.9,1012.25,63.06,0,normal
2026-07-05T08:35:00+00:00,26.87,1012.21,63.12,0,normal
2026-07-05T08:36:00+00:00,26.83,1012.24,63.01,0,normal
2026-07-05T08:37:00+00:00,26.73,1012.3,62.94,0,normal
2026-07-05T08:38:00+00:00,26.8,1012.33,63.12,0,normal
2026-07-05T08:39:00+00:00,26.86,1012.35,63.05,0,normal
2026-07-05T08:40:00+00:00,26.87,1012.25,62.95,0,normal
2026-07-05T08:41:00+00:00,27.02,1012.26,62.59,0,normal
2026-07-05T08:42:00+00:00,27.15,1012.23,62.04,0,normal
2026-07-05T08:43:00+00:00,27.26,1012.17,62.29,0,normal
2026-07-05T08:44:00+00:00,27.38,1012.15,62.25,0,normal
2026-07-05T08:45:00+00:00,27.59,1012.18,62.17,0,normal
2026-07-05T08:46:00+00:00,27.84,1012.18,62.15,0,normal
2026-07-05T08:47:00+00:00,27.77,1012.08,61.96,0,normal
2026-07-05T08:48:00+00:00,27.78,1012.09,61.54,0,normal
2026-07-05T08:49:00+00:00,27.84,1012.03,61.55,0,normal
2026-07-05T08:50:00+00:00,27.92,1012.01,61.24,0,normal
2026-07-05T08:51:00+00:00,28.05,1012.04,61.16,0,normal
2026-07-05T08:52:00+00:00,28.17,1012.04,60.92,0,normal
2026-07-05T08:53:00+00:00,28.08,1012.02,60.97,0,normal
2026-07-05T08:54:00+00:00,28.2,1012.01,61.1,0,normal
2026-07-05T08:55:00+00:00,28.18,1011.96,60.71,0,normal
2026-07-05T08:56:00+00:00,28.14,1011.89,61.01,0,normal
2026-07-05T08:57:00+00:00,28.18,1011.88,61.22,0,normal
2026-07-05T08:58:00+00:00,28.08,1011.87,61.48,0,normal
2026-07-05T08:59:00+00:00,28.07,1011.99,61.47,0,normal
2026-07-05T09:00:00+00:00,28.19,1012.04,61.3,0,normal
2026-07-05T09:01:00+00:00,28.16,1012.02,60.94,0,normal
2026-07-05T09:02:00+00:00,28.17,1012.0,61.13,0,normal
2026-07-05T09:03:00+00:00,28.23,1012.11,60.53,0,normal
2026-07-05T09:04:00+00:00,28.14,1012.07,60.68,0,normal
2026-07-05T09:05:00+00:00,28.15,1011.98,60.48,0,normal
2026-07-05T09:06:00+00:00,28.07,1011.89,60.73,0,normal
2026-07-05T09:07:00+00:00,28.07,1011.89,60.55,0,normal
2026-07-05T09:08:00+00:00,,1011.84,60.32,1,missing_data
2026-07-05T09:09:00+00:00,,1011.9,60.35,1,missing_data
2026-07-05T09:10:00+00:00,,1011.94,60.29,1,missing_data
2026-07-05T09:11:00+00:00,,1011.93,60.23,1,missing_data
2026-07-05T09:12:00+00:00,,1011.94,59.89,1,missing_data
2026-07-05T09:13:00+00:00,,1011.83,59.85,1,missing_data
2026-07-05T09:14:00+00:00,,1011.85,59.55,1,missing_data
2026-07-05T09:15:00+00:00,28.44,1011.83,59.17,0,normal
2026-07-05T09:16:00+00:00,28.37,1011.82,58.72,0,normal
2026-07-05T09:17:00+00:00,28.54,1011.86,58.96,0,normal
2026-07-05T09:18:00+00:00,28.7,1011.83,58.66,0,normal
2026-07-05T09:19:00+00:00,28.5,1011.79,58.89,0,normal
2026-07-05T09:20:00+00:00,28.45,1011.77,58.63,0,normal
2026-07-05T09:21:00+00:00,28.51,1011.82,58.19,0,normal
2026-07-05T09:22:00+00:00,28.43,1011.88,58.23,0,normal
2026-07-05T09:23:00+00:00,28.44,1011.95,57.83,0,normal
2026-07-05T09:24:00+00:00,28.55,1011.92,57.84,0,normal
2026-07-05T09:25:00+00:00,28.39,1011.88,57.88,0,normal
2026-07-05T09:26:00+00:00,28.42,1011.93,58.0,0,normal
2026-07-05T09:27:00+00:00,28.38,1011.94,57.67,0,normal
2026-07-05T09:28:00+00:00,28.43,1011.95,57.39,0,normal
2026-07-05T09:29:00+00:00,28.53,1011.9,57.16,0,normal
2026-07-05T09:30:00+00:00,28.63,1011.83,56.88,0,normal
2026-07-05T09:31:00+00:00,28.75,1011.82,56.49,0,normal
2026-07-05T09:32:00+00:00,28.85,1011.78,56.13,0,normal
2026-07-05T09:33:00+00:00,28.67,1011.8,55.9,0,normal
2026-07-05T09:34:00+00:00,28.61,1011.81,56.0,0,normal
2026-07-05T09:35:00+00:00,28.59,1011.84,56.34,0,normal
2026-07-05T09:36:00+00:00,28.74,1011.87,56.31,0,normal
2026-07-05T09:37:00+00:00,28.74,1011.84,56.3,0,normal
2026-07-05T09:38:00+00:00,28.68,1011.78,55.92,0,normal
2026-07-05T09:39:00+00:00,28.75,1011.76,55.7,0,normal
2026-07-05T09:40:00+00:00,28.86,1011.69,55.48,0,normal
2026-07-05T09:41:00+00:00,28.96,1011.71,55.25,0,normal
2026-07-05T09:42:00+00:00,29.01,1011.65,55.14,0,normal
2026-07-05T09:43:00+00:00,29.06,1011.66,55.14,0,normal
2026-07-05T09:44:00+00:00,29.11,1011.59,55.15,0,normal
2026-07-05T09:45:00+00:00,29.19,1011.61,54.93,0,normal
2026-07-05T09:46:00+00:00,29.29,1011.52,54.77,0,normal
2026-07-05T09:47:00+00:00,29.3,1011.44,54.65,0,normal
2026-07-05T09:48:00+00:00,29.34,1011.34,54.5,0,normal
2026-07-05T09:49:00+00:00,29.23,1011.44,54.48,0,normal
2026-07-05T09:50:00+00:00,29.28,1011.44,54.54,0,normal
2026-07-05T09:51:00+00:00,29.39,1011.35,54.72,0,normal
2026-07-05T09:52:00+00:00,29.52,1011.34,54.61,0,normal
2026-07-05T09:53:00+00:00,29.29,1011.27,54.63,0,normal
2026-07-05T09:54:00+00:00,29.43,1011.3,54.52,0,normal
2026-07-05T09:55:00+00:00,29.61,1011.34,54.35,0,normal
2026-07-05T09:56:00+00:00,29.81,1011.28,53.97,0,normal
2026-07-05T09:57:00+00:00,29.79,1011.23,53.82,0,normal
2026-07-05T09:58:00+00:00,29.88,1011.22,53.75,0,normal
2026-07-05T09:59:00+00:00,29.9,1011.1,53.37,0,normal
2026-07-05T10:00:00+00:00,29.88,1011.06,53.27,0,normal
2026-07-05T10:01:00+00:00,30.01,1011.06,52.94,0,normal
2026-07-05T10:02:00+00:00,29.96,1011.15,53.2,0,normal
2026-07-05T10:03:00+00:00,30.03,1011.06,53.2,0,normal
2026-07-05T10:04:00+00:00,30.08,1011.07,53.02,0,normal
2026-07-05T10:05:00+00:00,30.06,1011.03,52.73,0,normal
2026-07-05T10:06:00+00:00,30.19,1011.08,52.62,0,normal
2026-07-05T10:07:00+00:00,30.23,1011.1,53.03,0,normal
2026-07-05T10:08:00+00:00,30.31,1011.13,52.96,0,normal
2026-07-05T10:09:00+00:00,30.28,1011.2,53.01,0,normal
2026-07-05T10:10:00+00:00,30.23,1011.21,53.09,0,normal
2026-07-05T10:11:00+00:00,30.08,1011.15,53.07,0,normal
2026-07-05T10:12:00+00:00,29.95,1011.06,52.92,0,normal
2026-07-05T10:13:00+00:00,30.02,1011.08,53.14,0,normal
2026-07-05T10:14:00+00:00,30.06,1011.06,52.77,0,normal
2026-07-05T10:15:00+00:00,30.06,1011.09,52.82,0,normal
2026-07-05T10:16:00+00:00,30.11,1011.11,52.97,0,normal
2026-07-05T10:17:00+00:00,30.15,1011.17,52.71,0,normal
2026-07-05T10:18:00+00:00,30.17,1011.13,52.76,0,normal
2026-07-05T10:19:00+00:00,30.12,1011.11,52.27,0,normal
2026-07-05T10:20:00+00:00,30.21,1011.16,52.36,0,normal
2026-07-05T10:21:00+00:00,30.3,1011.19,52.4,0,normal
2026-07-05T10:22:00+00:00,30.38,1011.21,52.16,0,normal
2026-07-05T10:23:00+00:00,30.39,1011.2,51.99,0,normal
2026-07-05T10:24:00+00:00,30.29,1011.12,51.93,0,normal
2026-07-05T10:25:00+00:00,30.4,1011.11,52.39,0,normal
2026-07-05T10:26:00+00:00,30.35,1011.12,52.52,0,normal
2026-07-05T10:27:00+00:00,30.47,1011.14,52.59,0,normal
2026-07-05T10:28:00+00:00,30.5,1011.21,52.7,0,normal
2026-07-05T10:29:00+00:00,30.46,1011.21,52.24,0,normal
2026-07-05T10:30:00+00:00,30.62,1011.2,52.37,0,normal
2026-07-05T10:31:00+00:00,30.63,1011.09,52.75,0,normal
2026-07-05T10:32:00+00:00,30.67,1011.03,52.81,0,normal
2026-07-05T10:33:00+00:00,30.86,1011.01,52.61,0,normal
2026-07-05T10:34:00+00:00,30.9,1010.94,52.3,0,normal
2026-07-05T10:35:00+00:00,31.06,1010.93,51.97,0,normal
2026-07-05T10:36:00+00:00,31.03,1010.97,51.42,0,normal
2026-07-05T10:37:00+00:00,31.06,1011.09,51.7,0,normal
2026-07-05T10:38:00+00:00,31.12,1011.14,51.82,0,normal
2026-07-05T10:39:00+00:00,31.12,1011.17,52.02,0,normal
2026-07-05T10:40:00+00:00,31.04,1011.18,51.93,0,normal
2026-07-05T10:41:00+00:00,31.06,1011.16,51.8,0,normal
2026-07-05T10:42:00+00:00,31.11,1011.19,51.73,0,normal
2026-07-05T10:43:00+00:00,31.11,1011.13,51.47,0,normal
2026-07-05T10:44:00+00:00,31.15,1011.07,51.5,0,normal
2026-07-05T10:45:00+00:00,31.2,1011.12,51.21,0,normal
2026-07-05T10:46:00+00:00,31.15,1011.15,51.08,0,normal
2026-07-05T10:47:00+00:00,31.16,1011.17,51.06,0,normal
2026-07-05T10:48:00+00:00,31.08,1011.21,50.83,0,normal
2026-07-05T10:49:00+00:00,31.24,1011.12,50.74,0,normal
2026-07-05T10:50:00+00:00,31.25,1011.0,50.73,0,normal
2026-07-05T10:51:00+00:00,31.11,1010.97,50.8,0,normal
2026-07-05T10:52:00+00:00,31.1,1010.91,50.8,0,normal
2026-07-05T10:53:00+00:00,31.11,1010.88,50.89,0,normal
2026-07-05T10:54:00+00:00,31.05,1010.85,50.9,0,normal
2026-07-05T10:55:00+00:00,30.99,1010.93,50.68,0,normal
2026-07-05T10:56:00+00:00,31.1,1010.96,50.48,0,normal
2026-07-05T10:57:00+00:00,31.1,1010.95,50.46,0,normal
2026-07-05T10:58:00+00:00,31.06,1010.87,50.59,0,normal
2026-07-05T10:59:00+00:00,31.04,1010.88,50.38,0,normal
2026-07-05T11:00:00+00:00,31.07,1010.94,50.19,0,normal
2026-07-05T11:01:00+00:00,31.08,1010.91,49.93,0,normal
2026-07-05T11:02:00+00:00,31.07,1010.87,50.11,0,normal
2026-07-05T11:03:00+00:00,31.18,1010.85,50.14,0,normal
2026-07-05T11:04:00+00:00,31.09,1010.9,50.22,0,normal
2026-07-05T11:05:00+00:00,31.32,1010.94,50.13,0,normal
2026-07-05T11:06:00+00:00,31.46,1010.9,49.87,0,normal
2026-07-05T11:07:00+00:00,31.48,1010.95,49.53,0,normal
2026-07-05T11:08:00+00:00,31.44,1010.95,49.51,0,normal
2026-07-05T11:09:00+00:00,31.42,1010.96,49.63,0,normal
2026-07-05T11:10:00+00:00,31.55,1010.96,49.44,0,normal
2026-07-05T11:11:00+00:00,31.72,1010.95,49.46,0,normal
2026-07-05T11:12:00+00:00,31.9,1010.97,49.09,0,normal
2026-07-05T11:13:00+00:00,31.82,1010.94,49.08,0,normal
2026-07-05T11:14:00+00:00,31.87,1011.03,49.01,0,normal
2026-07-05T11:15:00+00:00,31.87,1010.96,49.09,0,normal
2026-07-05T11:16:00+00:00,31.89,1010.86,48.93,0,normal
2026-07-05T11:17:00+00:00,31.83,1010.83,48.77,0,normal
2026-07-05T11:18:00+00:00,31.79,1010.79,48.46,0,normal
2026-07-05T11:19:00+00:00,31.76,1010.73,48.22,0,normal
2026-07-05T11:20:00+00:00,31.72,1010.75,48.12,0,normal
2026-07-05T11:21:00+00:00,31.85,1010.84,48.12,0,normal
2026-07-05T11:22:00+00:00,31.91,1010.87,48.08,0,normal
2026-07-05T11:23:00+00:00,31.95,1010.85,47.73,0,normal
2026-07-05T11:24:00+00:00,32.04,1010.84,47.9,0,normal
2026-07-05T11:25:00+00:00,32.14,1010.79,48.01,0,normal
2026-07-05T11:26:00+00:00,31.95,1010.88,47.59,0,normal
2026-07-05T11:27:00+00:00,32.02,1010.88,47.69,0,normal
2026-07-05T11:28:00+00:00,32.02,1010.76,47.48,0,normal
2026-07-05T11:29:00+00:00,32.04,1010.65,47.36,0,normal
2026-07-05T11:30:00+00:00,31.98,1010.68,47.18,0,normal
2026-07-05T11:31:00+00:00,32.17,1010.66,47.14,0,normal
2026-07-05T11:32:00+00:00,32.18,1010.58,46.98,0,normal
2026-07-05T11:33:00+00:00,32.26,1010.61,46.8,0,normal
2026-07-05T11:34:00+00:00,32.17,1010.64,46.76,0,normal
2026-07-05T11:35:00+00:00,32.27,1010.62,46.31,0,normal
2026-07-05T11:36:00+00:00,32.33,1010.62,46.49,0,normal
2026-07-05T11:37:00+00:00,32.36,1010.61,46.46,0,normal
2026-07-05T11:38:00+00:00,32.33,1010.58,46.33,0,normal
2026-07-05T11:39:00+00:00,32.28,1010.57,46.61,0,normal
2026-07-05T11:40:00+00:00,32.4,1010.58,46.8,0,normal
2026-07-05T11:41:00+00:00,32.35,1010.71,46.57,0,normal
2026-07-05T11:42:00+00:00,32.54,1010.8,46.08,0,normal
2026-07-05T11:43:00+00:00,32.68,1010.78,45.86,0,normal
2026-07-05T11:44:00+00:00,32.73,1010.72,45.86,0,normal
2026-07-05T11:45:00+00:00,32.67,1010.72,46.02,0,normal
2026-07-05T11:46:00+00:00,32.71,1010.69,46.01,0,normal
2026-07-05T11:47:00+00:00,32.62,1010.65,45.81,0,normal
2026-07-05T11:48:00+00:00,32.7,1010.66,45.8,0,normal
2026-07-05T11:49:00+00:00,32.71,1010.62,45.99,0,normal
2026-07-05T11:50:00+00:00,32.68,1010.64,45.84,0,normal
2026-07-05T11:51:00+00:00,32.74,1010.61,45.92,0,normal
2026-07-05T11:52:00+00:00,32.87,1010.66,45.82,0,normal
2026-07-05T11:53:00+00:00,32.85,1010.79,45.5,0,normal
2026-07-05T11:54:00+00:00,32.93,1010.8,45.37,0,normal
2026-07-05T11:55:00+00:00,32.96,1010.76,45.34,0,normal
2026-07-05T11:56:00+00:00,33.0,1010.89,45.44,0,normal
2026-07-05T11:57:00+00:00,33.05,1010.9,45.69,0,normal
2026-07-05T11:58:00+00:00,32.98,1010.88,45.17,0,normal
2026-07-05T11:59:00+00:00,33.04,1010.91,44.86,0,normal
2026-07-05T12:00:00+00:00,33.16,1010.86,44.69,0,normal
2026-07-05T12:01:00+00:00,33.18,1010.93,44.42,0,normal
2026-07-05T12:02:00+00:00,33.21,1010.95,44.45,0,normal
2026-07-05T12:03:00+00:00,33.26,1010.97,44.25,0,normal
2026-07-05T12:04:00+00:00,33.4,1010.95,44.12,0,normal
2026-07-05T12:05:00+00:00,33.5,1010.9,44.1,0,normal
2026-07-05T12:06:00+00:00,33.44,1011.01,44.48,0,normal
2026-07-05T12:07:00+00:00,33.43,1011.02,44.38,0,normal
2026-07-05T12:08:00+00:00,33.4,1011.01,44.27,0,normal
2026-07-05T12:09:00+00:00,33.28,1011.0,44.16,0,normal
2026-07-05T12:10:00+00:00,33.31,1010.98,44.0,0,normal
2026-07-05T12:11:00+00:00,33.39,1010.99,44.18,0,normal
2026-07-05T12:12:00+00:00,33.44,1010.97,44.21,0,normal
2026-07-05T12:13:00+00:00,33.28,1011.06,44.15,0,normal
2026-07-05T12:14:00+00:00,33.47,1010.99,43.82,0,normal
2026-07-05T12:15:00+00:00,33.5,1011.0,43.8,0,normal
2026-07-05T12:16:00+00:00,33.52,1010.95,43.41,0,normal
2026-07-05T12:17:00+00:00,33.54,1010.87,43.06,0,normal
2026-07-05T12:18:00+00:00,33.51,1010.88,43.39,0,normal
2026-07-05T12:19:00+00:00,33.6,1010.95,43.44,0,normal
2026-07-05T12:20:00+00:00,33.63,1011.06,43.09,0,normal
2026-07-05T12:21:00+00:00,33.6,1011.03,43.2,0,normal
2026-07-05T12:22:00+00:00,33.52,1011.05,43.23,0,normal
2026-07-05T12:23:00+00:00,33.59,1011.07,43.46,0,normal
2026-07-05T12:24:00+00:00,37.79,1011.08,69.21,1,multivariate_inconsistency
2026-07-05T12:25:00+00:00,37.72,1011.15,68.96,1,multivariate_inconsistency
2026-07-05T12:26:00+00:00,37.78,1011.16,69.12,1,multivariate_inconsistency
2026-07-05T12:27:00+00:00,37.66,1011.18,69.02,1,multivariate_inconsistency
2026-07-05T12:28:00+00:00,37.63,1011.15,69.14,1,multivariate_inconsistency
2026-07-05T12:29:00+00:00,37.7,1011.12,68.82,1,multivariate_inconsistency
2026-07-05T12:30:00+00:00,37.63,1011.14,68.48,1,multivariate_inconsistency
2026-07-05T12:31:00+00:00,37.64,1011.26,68.51,1,multivariate_inconsistency
2026-07-05T12:32:00+00:00,37.72,1011.18,68.19,1,multivariate_inconsistency
2026-07-05T12:33:00+00:00,33.6,1011.15,42.37,0,normal
2026-07-05T12:34:00+00:00,33.62,1011.31,42.21,0,normal
2026-07-05T12:35:00+00:00,33.67,1011.25,42.37,0,normal
2026-07-05T12:36:00+00:00,33.72,1011.18,42.26,0,normal
2026-07-05T12:37:00+00:00,33.85,1011.23,41.92,0,normal
2026-07-05T12:38:00+00:00,33.82,1011.31,41.86,0,normal
2026-07-05T12:39:00+00:00,33.85,1011.34,41.56,0,normal
2026-07-05T12:40:00+00:00,33.79,1011.3,41.78,0,normal
2026-07-05T12:41:00+00:00,33.88,1011.32,41.71,0,normal
2026-07-05T12:42:00+00:00,33.99,1011.3,41.8,0,normal
2026-07-05T12:43:00+00:00,34.07,1011.37,41.75,0,normal
2026-07-05T12:44:00+00:00,34.04,1011.41,41.98,0,normal
2026-07-05T12:45:00+00:00,34.01,1011.34,42.17,0,normal
2026-07-05T12:46:00+00:00,33.88,1011.24,42.05,0,normal
2026-07-05T12:47:00+00:00,33.9,1011.17,42.02,0,normal
2026-07-05T12:48:00+00:00,33.93,1011.13,42.34,0,normal
2026-07-05T12:49:00+00:00,33.97,1011.18,41.95,0,normal
2026-07-05T12:50:00+00:00,33.86,1011.19,42.24,0,normal
2026-07-05T12:51:00+00:00,33.79,1011.18,41.9,0,normal
2026-07-05T12:52:00+00:00,33.75,1011.18,41.71,0,normal
2026-07-05T12:53:00+00:00,33.66,1011.11,41.26,0,normal
2026-07-05T12:54:00+00:00,33.72,1011.13,41.32,0,normal
2026-07-05T12:55:00+00:00,33.67,1011.17,41.41,0,normal
2026-07-05T12:56:00+00:00,33.7,1011.16,41.21,0,normal
2026-07-05T12:57:00+00:00,33.74,1011.23,41.38,0,normal
2026-07-05T12:58:00+00:00,33.74,1011.25,41.09,0,normal
2026-07-05T12:59:00+00:00,33.82,1011.2,41.17,0,normal
2026-07-05T13:00:00+00:00,34.08,1011.16,41.69,0,normal
2026-07-05T13:01:00+00:00,34.12,1011.12,41.44,0,normal
2026-07-05T13:02:00+00:00,34.32,1011.14,41.25,0,normal
2026-07-05T13:03:00+00:00,34.3,1011.16,41.18,0,normal
2026-07-05T13:04:00+00:00,34.32,1011.25,40.88,0,normal
2026-07-05T13:05:00+00:00,34.37,1011.24,40.73,0,normal
2026-07-05T13:06:00+00:00,34.45,1011.16,40.2,0,normal
2026-07-05T13:07:00+00:00,34.46,1011.15,39.91,0,normal
2026-07-05T13:08:00+00:00,34.32,1011.24,39.99,0,normal
2026-07-05T13:09:00+00:00,34.32,1011.35,40.17,0,normal
2026-07-05T13:10:00+00:00,34.46,1011.28,39.9,0,normal
2026-07-05T13:11:00+00:00,34.5,1011.3,40.13,0,normal
2026-07-05T13:12:00+00:00,34.36,1011.33,40.3,0,normal
2026-07-05T13:13:00+00:00,34.44,1011.3,40.36,0,normal
2026-07-05T13:14:00+00:00,34.37,1011.28,40.11,0,normal
2026-07-05T13:15:00+00:00,34.31,1011.27,39.98,0,normal
2026-07-05T13:16:00+00:00,34.25,1011.2,40.34,0,normal
2026-07-05T13:17:00+00:00,34.22,1011.22,39.94,0,normal
2026-07-05T13:18:00+00:00,34.34,1011.23,39.82,0,normal
2026-07-05T13:19:00+00:00,34.31,1011.28,39.2,0,normal
2026-07-05T13:20:00+00:00,34.25,1011.28,39.18,0,normal
2026-07-05T13:21:00+00:00,34.46,1011.26,39.38,0,normal
2026-07-05T13:22:00+00:00,34.6,1011.3,39.24,0,normal
2026-07-05T13:23:00+00:00,34.49,1011.34,39.57,0,normal
2026-07-05T13:24:00+00:00,34.53,1011.4,40.07,0,normal
2026-07-05T13:25:00+00:00,34.6,1011.34,40.03,0,normal
2026-07-05T13:26:00+00:00,34.7,1011.33,40.29,0,normal
2026-07-05T13:27:00+00:00,34.68,1011.35,40.16,0,normal
2026-07-05T13:28:00+00:00,34.69,1011.37,39.78,0,normal
2026-07-05T13:29:00+00:00,34.64,1011.31,39.66,0,normal
2026-07-05T13:30:00+00:00,34.57,1011.37,39.83,0,normal
2026-07-05T13:31:00+00:00,34.61,1011.31,39.77,0,normal
2026-07-05T13:32:00+00:00,34.5,1011.31,39.86,0,normal
2026-07-05T13:33:00+00:00,34.58,1011.34,40.07,0,normal
2026-07-05T13:34:00+00:00,34.6,1011.34,40.18,0,normal
2026-07-05T13:35:00+00:00,34.67,1011.32,40.2,0,normal
2026-07-05T13:36:00+00:00,34.64,1011.23,40.22,0,normal
2026-07-05T13:37:00+00:00,34.53,1011.26,39.84,0,normal
2026-07-05T13:38:00+00:00,34.48,1011.26,40.03,0,normal
2026-07-05T13:39:00+00:00,34.44,1011.22,40.05,0,normal
2026-07-05T13:40:00+00:00,34.43,1011.28,39.78,0,normal
2026-07-05T13:41:00+00:00,34.46,1011.42,39.68,0,normal
2026-07-05T13:42:00+00:00,34.48,1011.35,39.47,0,normal
2026-07-05T13:43:00+00:00,34.52,1011.34,39.55,0,normal
2026-07-05T13:44:00+00:00,34.56,1011.29,39.71,0,normal
2026-07-05T13:45:00+00:00,34.46,1011.28,39.71,0,normal
2026-07-05T13:46:00+00:00,34.6,1011.25,39.69,0,normal
2026-07-05T13:47:00+00:00,34.61,1011.3,39.87,0,normal
2026-07-05T13:48:00+00:00,34.58,1011.37,40.08,0,normal
2026-07-05T13:49:00+00:00,34.72,1011.42,40.04,0,normal
2026-07-05T13:50:00+00:00,34.68,1011.36,39.91,0,normal
2026-07-05T13:51:00+00:00,34.69,1011.38,39.96,0,normal
2026-07-05T13:52:00+00:00,34.57,1011.39,40.29,0,normal
2026-07-05T13:53:00+00:00,34.66,1011.44,40.29,0,normal
2026-07-05T13:54:00+00:00,34.63,1011.37,40.29,0,normal
2026-07-05T13:55:00+00:00,34.43,1011.38,40.2,0,normal
2026-07-05T13:56:00+00:00,34.41,1011.51,40.48,0,normal
2026-07-05T13:57:00+00:00,34.51,1011.49,40.77,0,normal
2026-07-05T13:58:00+00:00,34.56,1011.46,40.66,0,normal
2026-07-05T13:59:00+00:00,34.65,1011.45,40.58,0,normal
2026-07-05T14:00:00+00:00,34.67,1011.42,40.42,0,normal
2026-07-05T14:01:00+00:00,34.59,1011.49,40.14,0,normal
2026-07-05T14:02:00+00:00,34.62,1011.45,39.83,0,normal
2026-07-05T14:03:00+00:00,34.53,1011.46,39.8,0,normal
2026-07-05T14:04:00+00:00,34.57,1011.4,39.7,0,normal
2026-07-05T14:05:00+00:00,34.52,1011.46,39.58,0,normal
2026-07-05T14:06:00+00:00,34.52,1011.45,39.87,0,normal
2026-07-05T14:07:00+00:00,34.43,1011.46,39.82,0,normal
2026-07-05T14:08:00+00:00,34.42,1011.45,39.38,0,normal
2026-07-05T14:09:00+00:00,34.38,1011.44,39.67,0,normal
2026-07-05T14:10:00+00:00,34.58,1011.47,39.32,0,normal
2026-07-05T14:11:00+00:00,34.65,1011.45,39.17,0,normal
2026-07-05T14:12:00+00:00,34.6,1011.46,39.06,0,normal
2026-07-05T14:13:00+00:00,34.5,1011.46,39.23,0,normal
2026-07-05T14:14:00+00:00,34.51,1011.5,38.74,0,normal
2026-07-05T14:15:00+00:00,34.6,1011.51,38.94,0,normal
2026-07-05T14:16:00+00:00,34.62,1011.51,38.58,0,normal
2026-07-05T14:17:00+00:00,34.8,1011.59,38.74,0,normal
2026-07-05T14:18:00+00:00,34.94,1011.64,38.99,0,normal
2026-07-05T14:19:00+00:00,34.89,1011.7,38.83,0,normal
2026-07-05T14:20:00+00:00,34.84,1011.74,38.55,0,normal
2026-07-05T14:21:00+00:00,34.87,1011.75,38.14,0,normal
2026-07-05T14:22:00+00:00,34.82,1011.76,38.32,0,normal
2026-07-05T14:23:00+00:00,34.84,1011.87,38.43,0,normal
2026-07-05T14:24:00+00:00,34.79,1011.89,38.35,0,normal
2026-07-05T14:25:00+00:00,34.83,1011.92,38.23,0,normal
2026-07-05T14:26:00+00:00,34.83,1011.97,38.03,0,normal
2026-07-05T14:27:00+00:00,34.85,1011.91,38.27,0,normal
2026-07-05T14:28:00+00:00,34.89,1012.02,38.04,0,normal
2026-07-05T14:29:00+00:00,34.97,1012.09,38.02,0,normal
2026-07-05T14:30:00+00:00,34.93,1012.06,37.77,0,normal
2026-07-05T14:31:00+00:00,34.86,1012.02,38.12,0,normal
2026-07-05T14:32:00+00:00,34.73,1012.05,38.21,0,normal
2026-07-05T14:33:00+00:00,34.76,1012.1,38.41,0,normal
2026-07-05T14:34:00+00:00,34.73,1012.12,38.35,0,normal
2026-07-05T14:35:00+00:00,34.83,1012.25,38.11,0,normal
2026-07-05T14:36:00+00:00,34.67,1012.3,38.33,0,normal
2026-07-05T14:37:00+00:00,34.83,1012.35,38.61,0,normal
2026-07-05T14:38:00+00:00,34.96,1012.44,38.78,0,normal
2026-07-05T14:39:00+00:00,34.84,1012.45,38.81,0,normal
2026-07-05T14:40:00+00:00,34.83,1012.46,39.1,0,normal
2026-07-05T14:41:00+00:00,34.77,1012.52,39.13,0,normal
2026-07-05T14:42:00+00:00,34.7,1012.47,38.75,0,normal
2026-07-05T14:43:00+00:00,34.74,1012.48,38.57,0,normal
2026-07-05T14:44:00+00:00,34.59,1012.52,38.52,0,normal
2026-07-05T14:45:00+00:00,34.54,1012.49,38.47,0,normal
2026-07-05T14:46:00+00:00,34.59,1012.49,38.23,0,normal
2026-07-05T14:47:00+00:00,34.59,1012.56,38.25,0,normal
2026-07-05T14:48:00+00:00,34.6,1012.55,38.08,0,normal
2026-07-05T14:49:00+00:00,34.53,1012.49,38.33,0,normal
2026-07-05T14:50:00+00:00,34.58,1012.51,38.39,0,normal
2026-07-05T14:51:00+00:00,34.61,1012.5,38.33,0,normal
2026-07-05T14:52:00+00:00,34.58,1012.64,38.54,0,normal
2026-07-05T14:53:00+00:00,34.6,1012.73,38.79,0,normal
2026-07-05T14:54:00+00:00,34.5,1012.73,38.77,0,normal
2026-07-05T14:55:00+00:00,34.56,1012.73,38.73,0,normal
2026-07-05T14:56:00+00:00,34.53,1012.8,38.43,0,normal
2026-07-05T14:57:00+00:00,34.5,1012.72,38.23,0,normal
2026-07-05T14:58:00+00:00,34.54,1012.75,38.18,0,normal
2026-07-05T14:59:00+00:00,34.63,1012.84,38.19,0,normal
2026-07-05T15:00:00+00:00,34.66,1012.83,38.33,0,normal
2026-07-05T15:01:00+00:00,34.56,1012.93,38.57,0,normal
2026-07-05T15:02:00+00:00,34.47,1012.9,38.66,0,normal
2026-07-05T15:03:00+00:00,34.46,1012.94,38.58,0,normal
2026-07-05T15:04:00+00:00,34.59,1012.95,39.07,0,normal
2026-07-05T15:05:00+00:00,34.64,1012.9,39.46,0,normal
2026-07-05T15:06:00+00:00,34.73,1012.93,39.55,0,normal
2026-07-05T15:07:00+00:00,34.63,1012.86,39.5,0,normal
2026-07-05T15:08:00+00:00,34.74,1012.9,39.8,0,normal
2026-07-05T15:09:00+00:00,34.85,1012.92,39.98,0,normal
2026-07-05T15:10:00+00:00,34.96,1012.94,39.87,0,normal
2026-07-05T15:11:00+00:00,34.95,1012.83,39.87,0,normal
2026-07-05T15:12:00+00:00,34.99,1012.87,39.88,0,normal
2026-07-05T15:13:00+00:00,34.97,1012.79,40.16,0,normal
2026-07-05T15:14:00+00:00,34.93,1012.79,40.36,0,normal
2026-07-05T15:15:00+00:00,34.99,1012.84,40.44,0,normal
2026-07-05T15:16:00+00:00,34.88,1012.86,40.62,0,normal
2026-07-05T15:17:00+00:00,34.81,1012.84,40.54,0,normal
2026-07-05T15:18:00+00:00,34.81,1012.9,40.19,0,normal
2026-07-05T15:19:00+00:00,34.59,1012.98,39.9,0,normal
2026-07-05T15:20:00+00:00,34.54,1012.9,40.06,0,normal
2026-07-05T15:21:00+00:00,34.57,1012.94,40.06,0,normal
2026-07-05T15:22:00+00:00,34.41,1012.93,39.92,0,normal
2026-07-05T15:23:00+00:00,34.36,1012.94,39.92,0,normal
2026-07-05T15:24:00+00:00,34.45,1012.9,39.87,0,normal
2026-07-05T15:25:00+00:00,34.51,1012.89,39.79,0,normal
2026-07-05T15:26:00+00:00,34.55,1012.93,39.89,1,frozen_sensor
2026-07-05T15:27:00+00:00,34.55,1012.95,39.89,1,frozen_sensor
2026-07-05T15:28:00+00:00,34.57,1012.99,39.89,1,frozen_sensor
2026-07-05T15:29:00+00:00,34.62,1013.09,39.89,1,frozen_sensor
2026-07-05T15:30:00+00:00,34.55,1013.08,39.89,1,frozen_sensor
2026-07-05T15:31:00+00:00,34.71,1013.09,39.89,1,frozen_sensor
2026-07-05T15:32:00+00:00,34.61,1013.11,39.89,1,frozen_sensor
2026-07-05T15:33:00+00:00,34.72,1013.08,39.89,1,frozen_sensor
2026-07-05T15:34:00+00:00,34.75,1013.11,39.89,1,frozen_sensor
2026-07-05T15:35:00+00:00,34.78,1013.15,39.89,1,frozen_sensor
2026-07-05T15:36:00+00:00,34.65,1013.1,39.89,1,frozen_sensor
2026-07-05T15:37:00+00:00,34.56,1013.15,39.89,1,frozen_sensor
2026-07-05T15:38:00+00:00,34.52,1013.18,39.89,1,frozen_sensor
2026-07-05T15:39:00+00:00,34.54,1013.2,39.89,1,frozen_sensor
2026-07-05T15:40:00+00:00,34.64,1013.22,39.89,1,frozen_sensor
2026-07-05T15:41:00+00:00,34.6,1013.26,39.89,1,frozen_sensor
2026-07-05T15:42:00+00:00,34.61,1013.27,39.89,1,frozen_sensor
2026-07-05T15:43:00+00:00,34.72,1013.36,39.89,1,frozen_sensor
2026-07-05T15:44:00+00:00,34.6,1013.33,39.89,1,frozen_sensor
2026-07-05T15:45:00+00:00,34.65,1013.34,39.89,1,frozen_sensor
2026-07-05T15:46:00+00:00,34.75,1013.41,38.95,0,normal
2026-07-05T15:47:00+00:00,34.69,1013.41,39.18,0,normal
2026-07-05T15:48:00+00:00,34.65,1013.42,39.02,0,normal
2026-07-05T15:49:00+00:00,34.6,1013.49,38.75,0,normal
2026-07-05T15:50:00+00:00,34.63,1013.49,38.76,0,normal
2026-07-05T15:51:00+00:00,34.61,1013.51,38.76,0,normal
2026-07-05T15:52:00+00:00,34.56,1013.52,39.07,0,normal
2026-07-05T15:53:00+00:00,34.54,1013.54,38.98,0,normal
2026-07-05T15:54:00+00:00,34.5,1013.54,39.18,0,normal
2026-07-05T15:55:00+00:00,34.43,1013.46,39.23,0,normal
2026-07-05T15:56:00+00:00,34.4,1013.47,39.45,0,normal
2026-07-05T15:57:00+00:00,34.17,1013.59,39.69,0,normal
2026-07-05T15:58:00+00:00,34.12,1013.6,39.81,0,normal
2026-07-05T15:59:00+00:00,34.17,1013.61,39.5,0,normal
2026-07-05T16:00:00+00:00,34.34,1013.69,39.56,0,normal
2026-07-05T16:01:00+00:00,34.35,1013.75,39.74,0,normal
2026-07-05T16:02:00+00:00,34.18,1013.76,39.67,0,normal
2026-07-05T16:03:00+00:00,34.16,1013.83,39.34,0,normal
2026-07-05T16:04:00+00:00,34.06,1013.83,39.42,0,normal
2026-07-05T16:05:00+00:00,34.13,1013.94,39.4,0,normal
2026-07-05T16:06:00+00:00,34.19,1014.0,39.56,0,normal
2026-07-05T16:07:00+00:00,34.19,1014.0,39.39,0,normal
2026-07-05T16:08:00+00:00,34.1,1014.04,39.43,0,normal
2026-07-05T16:09:00+00:00,34.06,1014.09,39.44,0,normal
2026-07-05T16:10:00+00:00,33.99,1014.1,39.66,0,normal
2026-07-05T16:11:00+00:00,33.91,1014.13,39.69,0,normal
2026-07-05T16:12:00+00:00,33.86,1014.14,39.42,0,normal
2026-07-05T16:13:00+00:00,33.88,1014.09,39.7,0,normal
2026-07-05T16:14:00+00:00,33.88,1014.09,39.98,0,normal
2026-07-05T16:15:00+00:00,33.81,1014.07,39.65,0,normal
2026-07-05T16:16:00+00:00,33.92,1014.19,39.37,0,normal
2026-07-05T16:17:00+00:00,33.86,1014.22,39.34,0,normal
2026-07-05T16:18:00+00:00,33.86,1014.23,39.5,0,normal
2026-07-05T16:19:00+00:00,33.79,1014.27,39.34,0,normal
2026-07-05T16:20:00+00:00,33.77,1014.2,39.34,0,normal
2026-07-05T16:21:00+00:00,33.73,1014.27,39.41,0,normal
2026-07-05T16:22:00+00:00,33.75,1014.29,39.07,0,normal
2026-07-05T16:23:00+00:00,33.6,1014.3,39.22,0,normal
2026-07-05T16:24:00+00:00,33.6,1014.28,39.27,0,normal
2026-07-05T16:25:00+00:00,33.58,1014.34,39.51,0,normal
2026-07-05T16:26:00+00:00,33.55,1014.36,39.65,0,normal
2026-07-05T16:27:00+00:00,33.6,1014.47,39.73,0,normal
2026-07-05T16:28:00+00:00,33.71,1014.43,39.68,0,normal
2026-07-05T16:29:00+00:00,33.54,1014.45,39.89,0,normal
2026-07-05T16:30:00+00:00,33.35,1014.48,40.09,0,normal
2026-07-05T16:31:00+00:00,33.42,1014.44,40.31,0,normal
2026-07-05T16:32:00+00:00,33.44,1014.49,40.35,0,normal
2026-07-05T16:33:00+00:00,33.49,1014.57,40.37,0,normal
2026-07-05T16:34:00+00:00,33.52,1014.65,40.4,0,normal
2026-07-05T16:35:00+00:00,33.44,1014.7,40.75,0,normal
2026-07-05T16:36:00+00:00,33.56,1014.75,40.33,0,normal
2026-07-05T16:37:00+00:00,33.52,1014.73,40.41,0,normal
2026-07-05T16:38:00+00:00,33.66,1014.69,40.93,0,normal
2026-07-05T16:39:00+00:00,33.63,1014.66,41.15,0,normal
2026-07-05T16:40:00+00:00,33.7,1014.71,41.03,0,normal
2026-07-05T16:41:00+00:00,33.74,1014.68,40.92,0,normal
2026-07-05T16:42:00+00:00,33.73,1014.66,41.19,0,normal
2026-07-05T16:43:00+00:00,33.68,1014.67,41.05,0,normal
2026-07-05T16:44:00+00:00,33.75,1014.65,41.34,0,normal
2026-07-05T16:45:00+00:00,33.83,1014.65,41.38,0,normal
2026-07-05T16:46:00+00:00,33.78,1014.7,41.39,0,normal
2026-07-05T16:47:00+00:00,33.73,1014.73,41.12,0,normal
2026-07-05T16:48:00+00:00,33.72,1014.78,41.21,0,normal
2026-07-05T16:49:00+00:00,33.78,1014.78,41.17,0,normal
2026-07-05T16:50:00+00:00,33.68,1014.78,41.63,0,normal
2026-07-05T16:51:00+00:00,33.69,1014.77,41.47,0,normal
2026-07-05T16:52:00+00:00,33.55,1014.75,41.68,0,normal
2026-07-05T16:53:00+00:00,33.51,1014.73,41.56,0,normal
2026-07-05T16:54:00+00:00,33.56,1014.75,41.49,0,normal
2026-07-05T16:55:00+00:00,33.53,1014.88,41.8,0,normal
2026-07-05T16:56:00+00:00,33.64,1014.81,41.82,0,normal
2026-07-05T16:57:00+00:00,33.57,1014.86,42.08,0,normal
2026-07-05T16:58:00+00:00,33.59,1014.84,41.99,0,normal
2026-07-05T16:59:00+00:00,33.62,1014.9,42.07,0,normal
2026-07-05T17:00:00+00:00,33.62,1014.92,42.17,0,normal
2026-07-05T17:01:00+00:00,33.66,1014.97,42.22,0,normal
2026-07-05T17:02:00+00:00,33.63,1014.99,42.11,0,normal
2026-07-05T17:03:00+00:00,33.55,1015.03,42.02,0,normal
2026-07-05T17:04:00+00:00,33.6,1015.05,42.25,0,normal
2026-07-05T17:05:00+00:00,33.63,1015.11,42.21,0,normal
2026-07-05T17:06:00+00:00,33.64,1015.16,41.96,0,normal
2026-07-05T17:07:00+00:00,33.76,1015.28,42.22,0,normal
2026-07-05T17:08:00+00:00,33.79,1015.32,42.22,0,normal
2026-07-05T17:09:00+00:00,33.75,1015.37,42.09,0,normal
2026-07-05T17:10:00+00:00,33.63,1015.36,42.3,0,normal
2026-07-05T17:11:00+00:00,33.54,1015.35,42.35,0,normal
2026-07-05T17:12:00+00:00,33.43,1015.24,42.22,0,normal
2026-07-05T17:13:00+00:00,33.44,1015.27,42.39,0,normal
2026-07-05T17:14:00+00:00,33.47,1015.25,42.3,0,normal
2026-07-05T17:15:00+00:00,33.47,1015.25,42.56,0,normal
2026-07-05T17:16:00+00:00,33.48,1015.33,42.54,0,normal
2026-07-05T17:17:00+00:00,33.54,1015.44,42.63,0,normal
2026-07-05T17:18:00+00:00,33.55,1015.4,42.89,0,normal
2026-07-05T17:19:00+00:00,33.61,1015.39,43.07,0,normal
2026-07-05T17:20:00+00:00,33.6,1015.41,43.29,0,normal
2026-07-05T17:21:00+00:00,33.61,1015.42,43.51,0,normal
2026-07-05T17:22:00+00:00,33.66,1015.4,43.55,0,normal
2026-07-05T17:23:00+00:00,33.48,1015.44,43.84,0,normal
2026-07-05T17:24:00+00:00,33.43,1015.45,43.83,0,normal
2026-07-05T17:25:00+00:00,33.36,1015.47,43.72,0,normal
2026-07-05T17:26:00+00:00,33.32,1015.43,43.88,0,normal
2026-07-05T17:27:00+00:00,33.31,1015.42,43.93,0,normal
2026-07-05T17:28:00+00:00,33.26,1015.49,43.89,0,normal
2026-07-05T17:29:00+00:00,33.29,1015.47,44.1,0,normal
2026-07-05T17:30:00+00:00,33.34,1015.53,44.43,0,normal
2026-07-05T17:31:00+00:00,33.33,1015.6,44.79,0,normal
2026-07-05T17:32:00+00:00,33.21,1015.57,44.5,0,normal
2026-07-05T17:33:00+00:00,33.27,1015.51,44.18,0,normal
2026-07-05T17:34:00+00:00,33.15,1015.43,44.28,0,normal
2026-07-05T17:35:00+00:00,33.03,1015.36,44.32,0,normal
2026-07-05T17:36:00+00:00,33.01,1015.28,44.23,0,normal
2026-07-05T17:37:00+00:00,32.98,1015.29,44.23,0,normal
2026-07-05T17:38:00+00:00,33.06,1015.42,44.23,0,normal
2026-07-05T17:39:00+00:00,32.92,1015.42,44.33,0,normal
2026-07-05T17:40:00+00:00,32.9,1015.47,44.84,0,normal
2026-07-05T17:41:00+00:00,32.74,1015.46,45.19,0,normal
2026-07-05T17:42:00+00:00,32.68,1015.52,45.34,0,normal
2026-07-05T17:43:00+00:00,32.77,1015.63,45.44,0,normal
2026-07-05T17:44:00+00:00,32.61,1015.6,45.9,0,normal
2026-07-05T17:45:00+00:00,32.49,1015.64,45.4,0,normal
2026-07-05T17:46:00+00:00,32.37,1015.69,45.44,0,normal
2026-07-05T17:47:00+00:00,32.34,1015.66,45.07,0,normal
2026-07-05T17:48:00+00:00,32.4,1015.65,44.83,0,normal
2026-07-05T17:49:00+00:00,32.39,1015.69,44.86,0,normal
2026-07-05T17:50:00+00:00,32.4,1015.7,44.79,0,normal
2026-07-05T17:51:00+00:00,32.39,1015.74,45.08,0,normal
2026-07-05T17:52:00+00:00,32.45,1015.72,45.28,0,normal
2026-07-05T17:53:00+00:00,32.47,1015.69,45.25,0,normal
2026-07-05T17:54:00+00:00,32.51,1015.77,44.95,0,normal
2026-07-05T17:55:00+00:00,32.63,1015.83,45.08,0,normal
2026-07-05T17:56:00+00:00,32.58,1015.85,45.04,0,normal
2026-07-05T17:57:00+00:00,32.54,1015.78,44.78,0,normal
2026-07-05T17:58:00+00:00,32.71,1015.79,44.93,0,normal
2026-07-05T17:59:00+00:00,32.67,1015.76,44.97,0,normal
2026-07-05T18:00:00+00:00,32.65,1015.75,44.93,0,normal
2026-07-05T18:01:00+00:00,32.66,1015.77,45.12,0,normal
2026-07-05T18:02:00+00:00,32.68,1015.77,45.19,0,normal
2026-07-05T18:03:00+00:00,32.76,1015.73,44.92,0,normal
2026-07-05T18:04:00+00:00,32.77,1015.71,44.83,0,normal
2026-07-05T18:05:00+00:00,32.79,1015.72,44.71,0,normal
2026-07-05T18:06:00+00:00,32.9,1015.65,44.83,0,normal
2026-07-05T18:07:00+00:00,32.7,1015.68,44.84,0,normal
2026-07-05T18:08:00+00:00,32.72,1015.69,45.26,0,normal
2026-07-05T18:09:00+00:00,32.64,1015.62,45.43,0,normal
2026-07-05T18:10:00+00:00,32.58,1015.55,45.34,0,normal
2026-07-05T18:11:00+00:00,32.48,1015.65,45.61,0,normal
2026-07-05T18:12:00+00:00,32.42,1015.69,45.32,0,normal
2026-07-05T18:13:00+00:00,32.34,1015.72,45.49,0,normal
2026-07-05T18:14:00+00:00,32.26,1015.73,45.7,0,normal
2026-07-05T18:15:00+00:00,32.23,1015.79,45.89,0,normal
2026-07-05T18:16:00+00:00,32.25,1015.89,46.17,0,normal
2026-07-05T18:17:00+00:00,32.35,1015.86,45.97,0,normal
2026-07-05T18:18:00+00:00,32.3,1015.85,46.38,0,normal
2026-07-05T18:19:00+00:00,32.18,1015.86,46.57,0,normal
2026-07-05T18:20:00+00:00,32.15,1015.86,46.75,0,normal
2026-07-05T18:21:00+00:00,32.21,1015.94,46.85,0,normal
2026-07-05T18:22:00+00:00,32.11,1016.02,46.74,0,normal
2026-07-05T18:23:00+00:00,32.22,1016.09,47.14,0,normal
2026-07-05T18:24:00+00:00,32.24,1015.98,47.02,0,normal
2026-07-05T18:25:00+00:00,32.22,1015.95,47.06,0,normal
2026-07-05T18:26:00+00:00,32.23,1015.94,46.92,0,normal
2026-07-05T18:27:00+00:00,32.26,1015.97,46.99,0,normal
2026-07-05T18:28:00+00:00,32.27,1015.98,47.37,0,normal
2026-07-05T18:29:00+00:00,32.23,1016.05,47.09,0,normal
2026-07-05T18:30:00+00:00,32.22,1016.03,47.04,0,normal
2026-07-05T18:31:00+00:00,32.27,1016.07,46.76,0,normal
2026-07-05T18:32:00+00:00,32.27,1016.1,46.76,0,normal
2026-07-05T18:33:00+00:00,32.15,1016.02,46.84,0,normal
2026-07-05T18:34:00+00:00,32.09,1016.06,47.04,0,normal
2026-07-05T18:35:00+00:00,31.96,1016.07,47.13,0,normal
2026-07-05T18:36:00+00:00,31.85,1015.99,47.4,0,normal
2026-07-05T18:37:00+00:00,31.84,1016.02,47.38,0,normal
2026-07-05T18:38:00+00:00,31.82,1015.95,47.32,0,normal
2026-07-05T18:39:00+00:00,31.79,1015.97,47.14,0,normal
2026-07-05T18:40:00+00:00,31.66,1015.96,47.49,0,normal
2026-07-05T18:41:00+00:00,31.57,1015.97,47.68,0,normal
2026-07-05T18:42:00+00:00,31.52,1015.99,47.55,0,normal
2026-07-05T18:43:00+00:00,31.44,1016.06,48.0,0,normal
2026-07-05T18:44:00+00:00,31.48,1016.11,47.76,0,normal
2026-07-05T18:45:00+00:00,31.37,1016.1,48.39,0,normal
2026-07-05T18:46:00+00:00,31.32,1016.13,48.59,0,normal
2026-07-05T18:47:00+00:00,31.33,1016.12,48.46,0,normal
2026-07-05T18:48:00+00:00,31.09,1016.18,48.46,0,normal
2026-07-05T18:49:00+00:00,30.92,1016.2,48.68,0,normal
2026-07-05T18:50:00+00:00,30.98,1016.25,48.61,0,normal
2026-07-05T18:51:00+00:00,30.9,1016.22,48.91,0,normal
2026-07-05T18:52:00+00:00,30.72,1016.22,49.21,0,normal
2026-07-05T18:53:00+00:00,30.79,1016.25,49.53,0,normal
2026-07-05T18:54:00+00:00,30.56,1016.32,49.7,0,normal
2026-07-05T18:55:00+00:00,30.67,1016.24,49.44,0,normal
2026-07-05T18:56:00+00:00,30.81,1016.19,49.49,0,normal
2026-07-05T18:57:00+00:00,30.84,1016.22,49.81,0,normal
2026-07-05T18:58:00+00:00,30.85,1016.16,50.05,0,normal
2026-07-05T18:59:00+00:00,30.89,1016.06,50.43,0,normal
2026-07-05T19:00:00+00:00,30.67,1016.11,50.38,0,normal
2026-07-05T19:01:00+00:00,30.72,1016.13,50.46,0,normal
2026-07-05T19:02:00+00:00,30.74,1016.12,50.68,0,normal
2026-07-05T19:03:00+00:00,30.9,1016.05,50.12,0,normal
2026-07-05T19:04:00+00:00,30.84,1016.02,50.16,0,normal
2026-07-05T19:05:00+00:00,30.74,1016.07,50.0,0,normal
2026-07-05T19:06:00+00:00,30.76,1016.09,50.18,0,normal
2026-07-05T19:07:00+00:00,30.77,1016.14,50.31,0,normal
2026-07-05T19:08:00+00:00,30.72,1016.16,50.55,0,normal
2026-07-05T19:09:00+00:00,30.77,1016.06,50.63,0,normal
2026-07-05T19:10:00+00:00,30.66,1016.09,50.88,0,normal
2026-07-05T19:11:00+00:00,15.41,1016.05,51.11,1,temperature_drop
2026-07-05T19:12:00+00:00,21.47,1016.13,51.4,1,temperature_drop
2026-07-05T19:13:00+00:00,18.83,1016.14,51.39,1,temperature_drop
2026-07-05T19:14:00+00:00,18.36,1016.13,51.57,1,temperature_drop
2026-07-05T19:15:00+00:00,30.66,1016.13,51.79,0,normal
2026-07-05T19:16:00+00:00,30.63,1016.14,51.62,0,normal
2026-07-05T19:17:00+00:00,30.53,1016.13,51.82,0,normal
2026-07-05T19:18:00+00:00,30.52,1016.08,51.85,0,normal
2026-07-05T19:19:00+00:00,30.61,1016.1,51.91,0,normal
2026-07-05T19:20:00+00:00,30.5,1016.05,52.0,0,normal
2026-07-05T19:21:00+00:00,30.49,1016.08,52.17,0,normal
2026-07-05T19:22:00+00:00,30.43,1016.05,52.67,0,normal
2026-07-05T19:23:00+00:00,30.36,1015.98,52.41,0,normal
2026-07-05T19:24:00+00:00,30.3,1016.02,52.38,0,normal
2026-07-05T19:25:00+00:00,30.4,1016.02,52.69,0,normal
2026-07-05T19:26:00+00:00,30.31,1015.97,52.79,0,normal
2026-07-05T19:27:00+00:00,30.32,1015.96,52.92,0,normal
2026-07-05T19:28:00+00:00,30.33,1015.89,52.93,0,normal
2026-07-05T19:29:00+00:00,30.26,1015.87,53.09,0,normal
2026-07-05T19:30:00+00:00,30.19,1015.77,53.12,0,normal
2026-07-05T19:31:00+00:00,30.08,1015.8,53.36,0,normal
2026-07-05T19:32:00+00:00,29.88,1015.77,53.51,0,normal
2026-07-05T19:33:00+00:00,29.75,1015.81,53.79,0,normal
2026-07-05T19:34:00+00:00,29.73,1015.78,53.38,0,normal
2026-07-05T19:35:00+00:00,29.78,1015.88,53.83,0,normal
2026-07-05T19:36:00+00:00,29.75,1015.83,54.06,0,normal
2026-07-05T19:37:00+00:00,29.73,1015.85,54.18,0,normal
2026-07-05T19:38:00+00:00,29.72,1015.9,54.45,0,normal
2026-07-05T19:39:00+00:00,29.67,1015.85,54.0,0,normal
2026-07-05T19:40:00+00:00,29.62,1015.8,54.16,0,normal
2026-07-05T19:41:00+00:00,29.58,1015.79,54.4,0,normal
2026-07-05T19:42:00+00:00,29.6,1015.79,54.8,0,normal
2026-07-05T19:43:00+00:00,29.65,1015.77,54.78,0,normal
2026-07-05T19:44:00+00:00,29.69,1015.78,54.61,0,normal
2026-07-05T19:45:00+00:00,29.74,1015.84,54.91,0,normal
2026-07-05T19:46:00+00:00,29.84,1015.95,55.32,0,normal
2026-07-05T19:47:00+00:00,29.83,1015.93,55.0,0,normal
2026-07-05T19:48:00+00:00,29.8,1015.95,55.07,0,normal
2026-07-05T19:49:00+00:00,29.61,1015.92,55.26,0,normal
2026-07-05T19:50:00+00:00,29.5,1015.92,55.41,0,normal
2026-07-05T19:51:00+00:00,29.57,1016.0,55.39,0,normal
2026-07-05T19:52:00+00:00,29.56,1016.0,55.58,0,normal
2026-07-05T19:53:00+00:00,29.58,1016.06,55.17,0,normal
2026-07-05T19:54:00+00:00,29.58,1016.07,55.2,0,normal
2026-07-05T19:55:00+00:00,29.37,1016.05,55.15,0,normal
2026-07-05T19:56:00+00:00,29.48,1016.05,55.08,0,normal
2026-07-05T19:57:00+00:00,29.29,1016.06,55.32,0,normal
2026-07-05T19:58:00+00:00,29.25,1016.07,55.34,0,normal
2026-07-05T19:59:00+00:00,29.31,1016.11,55.11,0,normal
2026-07-05T20:00:00+00:00,29.17,1016.19,55.41,0,normal
2026-07-05T20:01:00+00:00,29.05,1016.08,55.55,0,normal
2026-07-05T20:02:00+00:00,28.95,1016.05,55.64,0,normal
2026-07-05T20:03:00+00:00,28.93,1016.08,56.11,0,normal
2026-07-05T20:04:00+00:00,28.88,1016.0,56.27,0,normal
2026-07-05T20:05:00+00:00,29.0,1015.97,56.51,0,normal
2026-07-05T20:06:00+00:00,28.91,1015.95,56.35,0,normal
2026-07-05T20:07:00+00:00,28.9,1015.93,56.55,0,normal
2026-07-05T20:08:00+00:00,29.02,1015.89,56.23,0,normal
2026-07-05T20:09:00+00:00,28.98,1015.89,56.37,0,normal
2026-07-05T20:10:00+00:00,28.95,1015.95,56.49,0,normal
2026-07-05T20:11:00+00:00,28.92,1015.9,56.23,0,normal
2026-07-05T20:12:00+00:00,28.92,1015.89,56.13,0,normal
2026-07-05T20:13:00+00:00,28.89,1015.87,56.13,0,normal
2026-07-05T20:14:00+00:00,28.8,1015.87,56.21,0,normal
2026-07-05T20:15:00+00:00,28.74,1015.81,56.31,0,normal
2026-07-05T20:16:00+00:00,28.79,1015.81,56.39,0,normal
2026-07-05T20:17:00+00:00,28.79,1015.87,56.61,0,normal
2026-07-05T20:18:00+00:00,28.79,1015.88,56.7,0,normal
2026-07-05T20:19:00+00:00,28.78,1015.84,56.51,0,normal
2026-07-05T20:20:00+00:00,28.78,1015.84,56.59,0,normal
2026-07-05T20:21:00+00:00,28.83,1015.78,56.37,0,normal
2026-07-05T20:22:00+00:00,28.74,1015.69,56.58,0,normal
2026-07-05T20:23:00+00:00,28.65,1015.73,56.92,0,normal
2026-07-05T20:24:00+00:00,28.55,1015.68,57.16,0,normal
2026-07-05T20:25:00+00:00,28.61,1015.56,57.34,0,normal
2026-07-05T20:26:00+00:00,28.4,1015.53,57.68,0,normal
2026-07-05T20:27:00+00:00,28.62,1015.51,57.54,0,normal
2026-07-05T20:28:00+00:00,28.55,1015.51,57.52,0,normal
2026-07-05T20:29:00+00:00,28.45,1015.48,57.72,0,normal
2026-07-05T20:30:00+00:00,28.41,1015.44,57.71,0,normal
2026-07-05T20:31:00+00:00,28.35,1015.38,57.69,0,normal
2026-07-05T20:32:00+00:00,28.38,1015.37,57.47,0,normal
2026-07-05T20:33:00+00:00,28.44,1015.39,57.34,0,normal
2026-07-05T20:34:00+00:00,28.38,1015.35,57.63,0,normal
2026-07-05T20:35:00+00:00,28.32,1015.35,57.74,0,normal
2026-07-05T20:36:00+00:00,28.17,1015.42,58.02,0,normal
2026-07-05T20:37:00+00:00,28.09,1015.42,58.35,0,normal
2026-07-05T20:38:00+00:00,28.07,1015.49,59.06,0,normal
2026-07-05T20:39:00+00:00,28.05,1015.45,58.95,0,normal
2026-07-05T20:40:00+00:00,27.85,1015.51,58.99,0,normal
2026-07-05T20:41:00+00:00,27.91,1015.55,58.87,0,normal
2026-07-05T20:42:00+00:00,27.82,1015.62,58.98,0,normal
2026-07-05T20:43:00+00:00,27.75,1015.55,59.06,0,normal
2026-07-05T20:44:00+00:00,27.86,1015.57,59.22,0,normal
2026-07-05T20:45:00+00:00,27.97,1015.62,59.4,0,normal
2026-07-05T20:46:00+00:00,28.17,1015.59,59.72,0,normal
2026-07-05T20:47:00+00:00,28.1,1015.62,59.77,0,normal
2026-07-05T20:48:00+00:00,28.1,1015.71,60.06,0,normal
2026-07-05T20:49:00+00:00,28.11,1015.65,60.19,0,normal
2026-07-05T20:50:00+00:00,27.99,1015.67,60.45,0,normal
2026-07-05T20:51:00+00:00,27.94,1015.73,60.83,0,normal
2026-07-05T20:52:00+00:00,27.92,1015.73,60.77,0,normal
2026-07-05T20:53:00+00:00,27.87,1015.64,60.75,0,normal
2026-07-05T20:54:00+00:00,27.83,1015.53,60.94,0,normal
2026-07-05T20:55:00+00:00,27.88,1015.51,60.47,0,normal
2026-07-05T20:56:00+00:00,27.83,1015.42,60.45,0,normal
2026-07-05T20:57:00+00:00,27.91,1015.28,60.39,0,normal
2026-07-05T20:58:00+00:00,27.94,1015.24,60.35,0,normal
2026-07-05T20:59:00+00:00,28.06,1015.25,60.66,0,normal
2026-07-05T21:00:00+00:00,28.05,1015.25,61.02,0,normal
2026-07-05T21:01:00+00:00,28.15,1015.15,61.11,0,normal
2026-07-05T21:02:00+00:00,28.09,1015.13,61.4,0,normal
2026-07-05T21:03:00+00:00,28.06,1015.22,61.7,0,normal
2026-07-05T21:04:00+00:00,28.11,1015.15,61.62,0,normal
2026-07-05T21:05:00+00:00,28.0,1015.21,61.5,0,normal
2026-07-05T21:06:00+00:00,27.87,1015.14,62.15,0,normal
2026-07-05T21:07:00+00:00,27.81,1015.16,61.99,0,normal
2026-07-05T21:08:00+00:00,27.84,1015.06,61.87,0,normal
2026-07-05T21:09:00+00:00,27.73,1015.06,61.8,0,normal
2026-07-05T21:10:00+00:00,27.8,1015.08,61.76,0,normal
2026-07-05T21:11:00+00:00,27.83,1015.06,61.74,0,normal
2026-07-05T21:12:00+00:00,27.85,1014.93,62.0,0,normal
2026-07-05T21:13:00+00:00,27.73,1014.89,62.49,0,normal
2026-07-05T21:14:00+00:00,27.64,1014.94,62.62,0,normal
2026-07-05T21:15:00+00:00,27.62,1014.92,62.64,0,normal
2026-07-05T21:16:00+00:00,27.69,1014.97,62.62,0,normal
2026-07-05T21:17:00+00:00,27.56,1014.93,62.9,0,normal
2026-07-05T21:18:00+00:00,27.6,1014.95,62.65,0,normal
2026-07-05T21:19:00+00:00,27.61,1015.01,62.78,0,normal
2026-07-05T21:20:00+00:00,27.71,1014.94,63.01,0,normal
2026-07-05T21:21:00+00:00,27.57,1014.98,63.22,0,normal
2026-07-05T21:22:00+00:00,27.66,1015.0,63.21,0,normal
2026-07-05T21:23:00+00:00,27.56,1014.98,63.2,0,normal
2026-07-05T21:24:00+00:00,27.61,1015.03,62.98,0,normal
2026-07-05T21:25:00+00:00,27.55,1015.02,62.93,0,normal
2026-07-05T21:26:00+00:00,27.53,1015.08,63.22,0,normal
2026-07-05T21:27:00+00:00,27.57,1015.03,63.33,0,normal
2026-07-05T21:28:00+00:00,27.45,1015.02,63.49,0,normal
2026-07-05T21:29:00+00:00,27.47,1015.07,63.72,0,normal
2026-07-05T21:30:00+00:00,27.34,1014.99,63.92,0,normal
2026-07-05T21:31:00+00:00,27.4,1014.97,63.69,0,normal
2026-07-05T21:32:00+00:00,27.51,1014.98,63.82,0,normal
2026-07-05T21:33:00+00:00,27.35,1014.97,64.06,0,normal
2026-07-05T21:34:00+00:00,27.33,1014.92,64.13,0,normal
2026-07-05T21:35:00+00:00,27.22,1014.99,64.4,0,normal
2026-07-05T21:36:00+00:00,27.12,1014.91,64.54,0,normal
2026-07-05T21:37:00+00:00,27.02,1014.88,64.39,0,normal
2026-07-05T21:38:00+00:00,26.89,1014.87,64.42,0,normal
2026-07-05T21:39:00+00:00,27.05,1014.89,64.28,0,normal
2026-07-05T21:40:00+00:00,26.87,1014.89,64.31,0,normal
2026-07-05T21:41:00+00:00,26.93,1014.89,64.02,0,normal
2026-07-05T21:42:00+00:00,26.8,1014.84,64.23,0,normal
2026-07-05T21:43:00+00:00,26.67,1014.83,64.08,0,normal
2026-07-05T21:44:00+00:00,26.63,1014.84,64.5,0,normal
2026-07-05T21:45:00+00:00,26.61,1014.78,64.91,0,normal
2026-07-05T21:46:00+00:00,26.56,1014.81,64.89,0,normal
2026-07-05T21:47:00+00:00,26.53,1014.75,65.05,0,normal
2026-07-05T21:48:00+00:00,26.55,1014.72,65.04,0,normal
2026-07-05T21:49:00+00:00,26.54,1014.66,64.84,0,normal
2026-07-05T21:50:00+00:00,26.53,1014.65,64.93,0,normal
2026-07-05T21:51:00+00:00,26.52,1014.67,65.02,0,normal
2026-07-05T21:52:00+00:00,26.39,1014.63,65.25,0,normal
2026-07-05T21:53:00+00:00,26.36,1014.59,65.2,0,normal
2026-07-05T21:54:00+00:00,26.38,1014.57,65.47,0,normal
2026-07-05T21:55:00+00:00,26.41,1014.55,65.77,0,normal
2026-07-05T21:56:00+00:00,26.37,1014.56,65.42,0,normal
2026-07-05T21:57:00+00:00,26.25,1014.5,65.48,0,normal
2026-07-05T21:58:00+00:00,26.23,1014.51,65.65,0,normal
2026-07-05T21:59:00+00:00,26.13,1014.53,66.13,0,normal
2026-07-05T22:00:00+00:00,26.07,1014.49,66.08,0,normal
2026-07-05T22:01:00+00:00,26.04,1014.46,65.84,0,normal
2026-07-05T22:02:00+00:00,25.9,1014.51,66.21,0,normal
2026-07-05T22:03:00+00:00,26.0,1014.51,66.12,0,normal
2026-07-05T22:04:00+00:00,25.93,1014.43,65.92,0,normal
2026-07-05T22:05:00+00:00,25.92,1014.45,66.44,0,normal
2026-07-05T22:06:00+00:00,25.88,1014.37,66.52,0,normal
2026-07-05T22:07:00+00:00,25.83,1014.34,66.69,0,normal
2026-07-05T22:08:00+00:00,25.7,1014.35,66.92,0,normal
2026-07-05T22:09:00+00:00,25.79,1014.36,67.22,0,normal
2026-07-05T22:10:00+00:00,25.73,1014.34,67.57,0,normal
2026-07-05T22:11:00+00:00,25.59,1014.32,67.86,0,normal
2026-07-05T22:12:00+00:00,25.55,1014.3,67.86,0,normal
2026-07-05T22:13:00+00:00,25.54,1014.35,68.1,0,normal
2026-07-05T22:14:00+00:00,25.51,1014.4,68.22,0,normal
2026-07-05T22:15:00+00:00,25.56,1014.34,68.62,0,normal
2026-07-05T22:16:00+00:00,25.55,1014.19,68.99,0,normal
2026-07-05T22:17:00+00:00,25.53,1014.18,68.89,0,normal
2026-07-05T22:18:00+00:00,25.53,1014.13,68.8,0,normal
2026-07-05T22:19:00+00:00,25.46,1014.12,68.73,1,frozen_sensor
2026-07-05T22:20:00+00:00,25.5,1014.12,68.85,1,frozen_sensor
2026-07-05T22:21:00+00:00,25.52,1014.12,68.69,1,frozen_sensor
2026-07-05T22:22:00+00:00,25.64,1014.12,69.07,1,frozen_sensor
2026-07-05T22:23:00+00:00,25.68,1014.12,68.64,1,frozen_sensor
2026-07-05T22:24:00+00:00,25.54,1014.12,68.68,1,frozen_sensor
2026-07-05T22:25:00+00:00,25.47,1014.12,68.74,1,frozen_sensor
2026-07-05T22:26:00+00:00,25.35,1014.12,68.98,1,frozen_sensor
2026-07-05T22:27:00+00:00,25.24,1014.12,69.07,1,frozen_sensor
2026-07-05T22:28:00+00:00,25.28,1014.12,69.43,1,frozen_sensor
2026-07-05T22:29:00+00:00,25.15,1014.12,69.16,1,frozen_sensor
2026-07-05T22:30:00+00:00,25.0,1014.12,69.03,1,frozen_sensor
2026-07-05T22:31:00+00:00,24.87,1014.12,69.26,1,frozen_sensor
2026-07-05T22:32:00+00:00,24.94,1014.01,69.14,0,normal
2026-07-05T22:33:00+00:00,24.95,1014.03,69.12,0,normal
2026-07-05T22:34:00+00:00,24.95,1013.97,69.07,0,normal
2026-07-05T22:35:00+00:00,24.96,1014.05,69.39,0,normal
2026-07-05T22:36:00+00:00,24.99,1014.05,69.44,0,normal
2026-07-05T22:37:00+00:00,24.85,1014.01,69.35,0,normal
2026-07-05T22:38:00+00:00,24.88,1014.06,69.58,0,normal
2026-07-05T22:39:00+00:00,24.96,1014.06,69.46,0,normal
2026-07-05T22:40:00+00:00,24.93,1014.02,69.67,0,normal
2026-07-05T22:41:00+00:00,24.87,1014.02,69.89,0,normal
2026-07-05T22:42:00+00:00,24.79,1014.06,69.69,0,normal
2026-07-05T22:43:00+00:00,24.8,1014.05,69.93,0,normal
2026-07-05T22:44:00+00:00,24.67,1013.97,70.16,0,normal
2026-07-05T22:45:00+00:00,24.62,1013.97,70.09,0,normal
2026-07-05T22:46:00+00:00,24.68,1013.98,70.21,0,normal
2026-07-05T22:47:00+00:00,24.57,1014.01,70.09,0,normal
2026-07-05T22:48:00+00:00,24.5,1013.94,70.13,0,normal
2026-07-05T22:49:00+00:00,24.57,1013.95,70.13,0,normal
2026-07-05T22:50:00+00:00,24.56,1013.95,70.23,0,normal
2026-07-05T22:51:00+00:00,24.56,1013.9,70.33,0,normal
2026-07-05T22:52:00+00:00,24.4,1013.93,70.19,0,normal
2026-07-05T22:53:00+00:00,24.48,1013.81,70.62,0,normal
2026-07-05T22:54:00+00:00,24.34,1013.75,70.76,0,normal
2026-07-05T22:55:00+00:00,24.38,1013.75,71.01,0,normal
2026-07-05T22:56:00+00:00,24.3,1013.73,71.01,0,normal
2026-07-05T22:57:00+00:00,24.25,1013.65,71.07,0,normal
2026-07-05T22:58:00+00:00,24.23,1013.71,70.88,0,normal
2026-07-05T22:59:00+00:00,24.17,1013.78,71.01,0,normal
2026-07-05T23:00:00+00:00,24.2,1013.81,71.18,0,normal
2026-07-05T23:01:00+00:00,24.34,1013.82,71.05,0,normal
2026-07-05T23:02:00+00:00,24.37,1013.79,71.11,0,normal
2026-07-05T23:03:00+00:00,24.38,1013.75,71.09,0,normal
2026-07-05T23:04:00+00:00,24.4,1013.73,71.37,0,normal
2026-07-05T23:05:00+00:00,24.29,1013.69,71.82,0,normal
2026-07-05T23:06:00+00:00,24.15,1013.7,72.25,0,normal
2026-07-05T23:07:00+00:00,24.13,1013.77,72.42,0,normal
2026-07-05T23:08:00+00:00,24.12,1013.77,72.03,0,normal
2026-07-05T23:09:00+00:00,24.08,1013.78,72.13,0,normal
2026-07-05T23:10:00+00:00,24.26,1013.8,72.31,0,normal
2026-07-05T23:11:00+00:00,24.33,1013.83,72.34,0,normal
2026-07-05T23:12:00+00:00,24.3,1013.81,72.48,0,normal
2026-07-05T23:13:00+00:00,24.26,1013.84,72.32,0,normal
2026-07-05T23:14:00+00:00,24.24,1013.92,72.33,0,normal
2026-07-05T23:15:00+00:00,24.36,1013.92,72.38,0,normal
2026-07-05T23:16:00+00:00,24.34,1013.9,72.04,0,normal
2026-07-05T23:17:00+00:00,24.38,1014.01,72.22,0,normal
2026-07-05T23:18:00+00:00,24.38,1013.99,72.52,0,normal
2026-07-05T23:19:00+00:00,24.34,1013.99,72.27,0,normal
2026-07-05T23:20:00+00:00,24.26,1014.0,72.53,0,normal
2026-07-05T23:21:00+00:00,24.3,1013.91,72.31,0,normal
2026-07-05T23:22:00+00:00,24.31,1013.87,72.57,0,normal
2026-07-05T23:23:00+00:00,24.15,1013.86,72.63,0,normal
2026-07-05T23:24:00+00:00,24.15,1013.8,72.31,0,normal
2026-07-05T23:25:00+00:00,24.14,1013.83,72.6,0,normal
2026-07-05T23:26:00+00:00,24.07,1013.86,72.78,0,normal
2026-07-05T23:27:00+00:00,24.15,1013.86,72.51,0,normal
2026-07-05T23:28:00+00:00,24.11,1013.86,72.7,0,normal
2026-07-05T23:29:00+00:00,23.95,1013.84,72.96,0,normal
2026-07-05T23:30:00+00:00,23.92,1013.82,73.42,0,normal
2026-07-05T23:31:00+00:00,23.81,1013.88,73.67,0,normal
2026-07-05T23:32:00+00:00,23.77,1013.87,73.71,0,normal
2026-07-05T23:33:00+00:00,23.76,1013.84,73.67,0,normal
2026-07-05T23:34:00+00:00,23.71,1013.82,73.66,0,normal
2026-07-05T23:35:00+00:00,23.51,1013.82,73.61,0,normal
2026-07-05T23:36:00+00:00,23.35,1013.8,73.59,0,normal
2026-07-05T23:37:00+00:00,23.45,1013.77,73.79,0,normal
2026-07-05T23:38:00+00:00,23.55,1013.74,73.83,0,normal
2026-07-05T23:39:00+00:00,23.68,1013.75,73.96,0,normal
2026-07-05T23:40:00+00:00,23.62,1013.79,74.01,0,normal
2026-07-05T23:41:00+00:00,23.46,1013.77,73.82,0,normal
2026-07-05T23:42:00+00:00,23.45,1013.72,73.98,0,normal
2026-07-05T23:43:00+00:00,23.44,1013.66,73.95,0,normal
2026-07-05T23:44:00+00:00,23.48,1013.72,73.83,0,normal
2026-07-05T23:45:00+00:00,23.37,1013.82,73.9,0,normal
2026-07-05T23:46:00+00:00,23.37,1013.78,74.02,0,normal
2026-07-05T23:47:00+00:00,23.49,1013.79,74.3,0,normal
2026-07-05T23:48:00+00:00,23.48,1013.74,74.22,0,normal
2026-07-05T23:49:00+00:00,23.37,1013.75,74.53,0,normal
2026-07-05T23:50:00+00:00,23.37,1013.74,74.42,0,normal
2026-07-05T23:51:00+00:00,23.38,1013.68,74.25,0,normal
2026-07-05T23:52:00+00:00,23.43,1013.67,74.26,0,normal
2026-07-05T23:53:00+00:00,23.4,1013.71,74.37,0,normal
2026-07-05T23:54:00+00:00,23.32,1013.68,74.4,0,normal
2026-07-05T23:55:00+00:00,23.33,1013.68,74.45,0,normal
2026-07-05T23:56:00+00:00,23.31,1013.68,74.36,0,normal
2026-07-05T23:57:00+00:00,23.38,1013.66,74.46,0,normal
2026-07-05T23:58:00+00:00,23.2,1013.66,74.32,0,normal
2026-07-05T23:59:00+00:00,23.1,1013.79,74.45,0,normal
2026-07-06T00:00:00+00:00,23.19,1013.83,74.73,0,normal
2026-07-06T00:01:00+00:00,23.16,1013.91,74.97,0,normal
2026-07-06T00:02:00+00:00,23.15,1013.91,75.0,0,normal
2026-07-06T00:03:00+00:00,23.14,1013.91,75.14,0,normal
2026-07-06T00:04:00+00:00,23.26,1013.84,75.42,0,normal
2026-07-06T00:05:00+00:00,23.21,1013.9,75.4,0,normal
2026-07-06T00:06:00+00:00,23.23,1013.89,75.1,0,normal
2026-07-06T00:07:00+00:00,23.34,1013.84,75.18,0,normal
2026-07-06T00:08:00+00:00,23.23,1013.77,75.21,0,normal
2026-07-06T00:09:00+00:00,23.16,1013.71,75.26,0,normal
2026-07-06T00:10:00+00:00,23.02,1013.72,75.3,0,normal
2026-07-06T00:11:00+00:00,22.81,1013.7,75.46,0,normal
2026-07-06T00:12:00+00:00,22.72,1013.73,75.61,0,normal
2026-07-06T00:13:00+00:00,22.64,1013.74,75.82,0,normal
2026-07-06T00:14:00+00:00,22.57,1013.73,76.1,0,normal
2026-07-06T00:15:00+00:00,22.51,1013.76,75.92,0,normal
2026-07-06T00:16:00+00:00,22.5,1013.78,75.48,0,normal
2026-07-06T00:17:00+00:00,22.47,1013.81,75.59,0,normal
2026-07-06T00:18:00+00:00,22.44,1013.76,75.78,0,normal
2026-07-06T00:19:00+00:00,22.42,1013.79,75.92,0,normal
2026-07-06T00:20:00+00:00,22.39,1013.84,75.85,0,normal
2026-07-06T00:21:00+00:00,22.5,1013.91,76.12,0,normal
2026-07-06T00:22:00+00:00,22.49,1014.04,76.2,0,normal
2026-07-06T00:23:00+00:00,22.51,1014.03,76.02,0,normal
2026-07-06T00:24:00+00:00,22.62,1013.99,76.26,0,normal
2026-07-06T00:25:00+00:00,22.71,1014.01,76.17,0,normal
2026-07-06T00:26:00+00:00,22.67,1013.87,76.2,0,normal
2026-07-06T00:27:00+00:00,22.73,1013.86,76.13,0,normal
2026-07-06T00:28:00+00:00,22.7,1013.93,76.18,0,normal
2026-07-06T00:29:00+00:00,22.83,1013.9,76.28,0,normal
2026-07-06T00:30:00+00:00,22.78,1014.0,76.37,0,normal
2026-07-06T00:31:00+00:00,22.94,1013.98,76.73,0,normal
2026-07-06T00:32:00+00:00,22.92,1014.01,76.52,0,normal
2026-07-06T00:33:00+00:00,22.93,1013.96,76.62,0,normal
2026-07-06T00:34:00+00:00,22.78,1013.95,76.89,0,normal
2026-07-06T00:35:00+00:00,22.81,1013.89,76.54,0,normal
2026-07-06T00:36:00+00:00,22.83,1013.97,76.4,0,normal
2026-07-06T00:37:00+00:00,22.98,1013.97,76.07,0,normal
2026-07-06T00:38:00+00:00,22.82,1014.01,76.18,0,normal
2026-07-06T00:39:00+00:00,22.92,1013.95,76.28,0,normal
2026-07-06T00:40:00+00:00,22.89,1013.94,76.28,0,normal
2026-07-06T00:41:00+00:00,22.84,1013.95,76.41,0,normal
2026-07-06T00:42:00+00:00,22.83,1014.02,76.24,0,normal
2026-07-06T00:43:00+00:00,22.66,1014.07,76.13,0,normal
2026-07-06T00:44:00+00:00,22.62,1014.03,76.09,0,normal
2026-07-06T00:45:00+00:00,22.49,1014.0,76.32,0,normal
2026-07-06T00:46:00+00:00,22.48,1014.03,76.3,0,normal
2026-07-06T00:47:00+00:00,22.54,1014.0,75.96,0,normal
2026-07-06T00:48:00+00:00,22.55,1014.05,75.95,0,normal
2026-07-06T00:49:00+00:00,22.64,1014.0,76.19,0,normal
2026-07-06T00:50:00+00:00,22.76,1014.01,76.24,0,normal
2026-07-06T00:51:00+00:00,22.72,1014.09,76.41,0,normal
2026-07-06T00:52:00+00:00,22.87,1014.11,76.37,0,normal
2026-07-06T00:53:00+00:00,22.79,1014.11,76.05,0,normal
2026-07-06T00:54:00+00:00,22.73,1014.09,76.21,0,normal
2026-07-06T00:55:00+00:00,22.86,1014.09,75.92,0,normal
2026-07-06T00:56:00+00:00,22.75,1014.1,76.06,0,normal
2026-07-06T00:57:00+00:00,22.86,1014.15,76.35,0,normal
2026-07-06T00:58:00+00:00,22.81,1014.21,76.27,0,normal
2026-07-06T00:59:00+00:00,22.85,1014.19,76.09,0,normal
2026-07-06T01:00:00+00:00,22.87,1014.26,76.12,0,normal
2026-07-06T01:01:00+00:00,22.96,1014.17,75.99,0,normal
2026-07-06T01:02:00+00:00,22.91,1014.15,75.98,0,normal
2026-07-06T01:03:00+00:00,22.88,1014.13,76.03,0,normal
2026-07-06T01:04:00+00:00,22.86,1014.1,76.13,0,normal
2026-07-06T01:05:00+00:00,22.78,1014.04,76.4,0,normal
2026-07-06T01:06:00+00:00,22.88,1014.11,76.58,0,normal
2026-07-06T01:07:00+00:00,22.79,1014.1,76.89,0,normal
2026-07-06T01:08:00+00:00,22.58,1014.09,77.12,0,normal
2026-07-06T01:09:00+00:00,22.46,1014.12,77.27,0,normal
2026-07-06T01:10:00+00:00,22.33,1014.13,77.21,0,normal
2026-07-06T01:11:00+00:00,22.35,1014.17,77.36,0,normal
2026-07-06T01:12:00+00:00,22.34,1014.19,77.19,0,normal
2026-07-06T01:13:00+00:00,22.33,1014.16,77.47,0,normal
2026-07-06T01:14:00+00:00,22.37,1014.2,77.88,0,normal
2026-07-06T01:15:00+00:00,22.33,1014.18,77.85,0,normal
2026-07-06T01:16:00+00:00,22.19,1014.11,78.02,0,normal
2026-07-06T01:17:00+00:00,22.07,1014.07,78.04,0,normal
2026-07-06T01:18:00+00:00,22.03,1014.13,78.08,0,normal
2026-07-06T01:19:00+00:00,21.97,1014.19,78.27,0,normal
2026-07-06T01:20:00+00:00,21.86,1014.21,78.15,0,normal
2026-07-06T01:21:00+00:00,21.81,1014.31,78.21,0,normal
2026-07-06T01:22:00+00:00,21.8,1014.32,78.42,0,normal
2026-07-06T01:23:00+00:00,21.76,1014.3,78.57,0,normal
2026-07-06T01:24:00+00:00,21.65,1014.36,78.27,0,normal
2026-07-06T01:25:00+00:00,21.65,1014.28,78.09,0,normal
2026-07-06T01:26:00+00:00,21.77,1014.34,78.36,0,normal
2026-07-06T01:27:00+00:00,21.67,1014.3,78.46,0,normal
2026-07-06T01:28:00+00:00,21.74,1014.27,78.37,0,normal
2026-07-06T01:29:00+00:00,21.66,1014.36,78.3,0,normal
2026-07-06T01:30:00+00:00,21.68,1014.38,78.56,0,normal
2026-07-06T01:31:00+00:00,21.62,1014.44,78.33,0,normal
2026-07-06T01:32:00+00:00,21.73,1014.36,78.34,0,normal
2026-07-06T01:33:00+00:00,21.87,1014.41,78.46,0,normal
2026-07-06T01:34:00+00:00,21.79,1014.38,78.76,0,normal
2026-07-06T01:35:00+00:00,21.84,1014.43,78.79,0,normal
2026-07-06T01:36:00+00:00,21.82,1014.48,78.86,0,normal
2026-07-06T01:37:00+00:00,21.82,1014.42,79.06,0,normal
2026-07-06T01:38:00+00:00,21.86,1014.4,79.3,0,normal
2026-07-06T01:39:00+00:00,21.88,1014.42,79.46,0,normal
2026-07-06T01:40:00+00:00,21.94,1014.45,79.41,0,normal
2026-07-06T01:41:00+00:00,22.1,1014.42,79.55,0,normal
2026-07-06T01:42:00+00:00,22.08,1014.46,79.77,0,normal
2026-07-06T01:43:00+00:00,22.05,1014.5,79.79,0,normal
2026-07-06T01:44:00+00:00,21.99,1014.58,79.91,0,normal
2026-07-06T01:45:00+00:00,21.96,1014.64,79.7,0,normal
2026-07-06T01:46:00+00:00,21.95,1014.62,79.83,0,normal
2026-07-06T01:47:00+00:00,21.91,1014.67,79.91,0,normal
2026-07-06T01:48:00+00:00,21.88,1014.77,79.73,0,normal
2026-07-06T01:49:00+00:00,21.77,1014.81,79.27,0,normal
2026-07-06T01:50:00+00:00,21.9,1014.82,78.99,0,normal
2026-07-06T01:51:00+00:00,21.82,1014.74,79.07,0,normal
2026-07-06T01:52:00+00:00,21.72,1014.77,79.02,0,normal
2026-07-06T01:53:00+00:00,21.69,1014.8,79.16,0,normal
2026-07-06T01:54:00+00:00,21.8,1014.77,79.15,0,normal
2026-07-06T01:55:00+00:00,21.75,1014.78,79.0,0,normal
2026-07-06T01:56:00+00:00,21.72,1014.77,79.07,0,normal
2026-07-06T01:57:00+00:00,21.73,1014.8,79.06,0,normal
2026-07-06T01:58:00+00:00,21.7,1014.82,78.89,0,normal
2026-07-06T01:59:00+00:00,21.75,1014.81,78.95,0,normal
2026-07-06T02:00:00+00:00,21.78,1014.9,79.04,0,normal
2026-07-06T02:01:00+00:00,21.79,1014.87,79.21,0,normal
2026-07-06T02:02:00+00:00,21.77,1014.8,79.18,0,normal
2026-07-06T02:03:00+00:00,21.8,1014.77,79.16,0,normal
2026-07-06T02:04:00+00:00,21.79,1014.78,79.41,0,normal
2026-07-06T02:05:00+00:00,21.7,1014.9,79.4,0,normal
2026-07-06T02:06:00+00:00,21.75,1014.91,79.04,0,normal
2026-07-06T02:07:00+00:00,21.68,1014.9,79.25,0,normal
2026-07-06T02:08:00+00:00,21.58,1014.86,79.29,0,normal
2026-07-06T02:09:00+00:00,21.63,1014.9,79.09,0,normal
2026-07-06T02:10:00+00:00,21.52,1014.94,79.39,0,normal
2026-07-06T02:11:00+00:00,21.51,1014.89,79.29,0,normal
2026-07-06T02:12:00+00:00,21.56,1014.89,79.57,0,normal
2026-07-06T02:13:00+00:00,21.65,1014.92,79.17,0,normal
2026-07-06T02:14:00+00:00,21.61,1014.91,79.02,0,normal
2026-07-06T02:15:00+00:00,21.64,1014.93,78.7,0,normal
2026-07-06T02:16:00+00:00,21.72,1014.95,78.8,0,normal
2026-07-06T02:17:00+00:00,21.79,1014.93,79.07,0,normal
2026-07-06T02:18:00+00:00,21.78,1015.02,78.9,0,normal
2026-07-06T02:19:00+00:00,21.9,1014.99,79.43,0,normal
2026-07-06T02:20:00+00:00,21.83,1015.06,79.35,0,normal
2026-07-06T02:21:00+00:00,32.82,1015.07,79.12,1,temperature_spike
2026-07-06T02:22:00+00:00,35.98,1015.21,79.14,1,temperature_spike
2026-07-06T02:23:00+00:00,33.34,1015.25,79.0,1,temperature_spike
2026-07-06T02:24:00+00:00,34.19,1015.32,79.04,1,temperature_spike
2026-07-06T02:25:00+00:00,34.52,1015.31,78.73,1,temperature_spike
2026-07-06T02:26:00+00:00,34.48,1015.31,78.86,1,temperature_spike
2026-07-06T02:27:00+00:00,21.94,1015.36,78.98,0,normal
2026-07-06T02:28:00+00:00,21.92,1015.39,79.44,0,normal
2026-07-06T02:29:00+00:00,21.8,1015.42,79.79,0,normal
2026-07-06T02:30:00+00:00,21.71,1015.47,79.99,0,normal
2026-07-06T02:31:00+00:00,21.61,1015.51,79.89,0,normal
2026-07-06T02:32:00+00:00,21.62,1015.5,80.12,0,normal
2026-07-06T02:33:00+00:00,21.63,1015.48,79.98,0,normal
2026-07-06T02:34:00+00:00,21.62,1015.43,79.84,0,normal
2026-07-06T02:35:00+00:00,21.64,1015.45,80.04,0,normal
2026-07-06T02:36:00+00:00,21.68,1015.44,79.79,0,normal
2026-07-06T02:37:00+00:00,21.72,1015.44,79.74,0,normal
2026-07-06T02:38:00+00:00,21.75,1015.48,79.76,0,normal
2026-07-06T02:39:00+00:00,21.75,1015.45,79.6,0,normal
2026-07-06T02:40:00+00:00,21.83,1015.44,79.31,0,normal
2026-07-06T02:41:00+00:00,21.93,1015.41,79.3,0,normal
2026-07-06T02:42:00+00:00,21.97,1015.42,78.79,0,normal
2026-07-06T02:43:00+00:00,22.0,1015.5,78.96,0,normal
2026-07-06T02:44:00+00:00,21.83,1015.62,78.69,0,normal
2026-07-06T02:45:00+00:00,21.75,1015.67,78.8,0,normal
2026-07-06T02:46:00+00:00,21.77,1015.65,79.07,0,normal
2026-07-06T02:47:00+00:00,21.78,1015.58,79.31,0,normal
2026-07-06T02:48:00+00:00,21.81,1015.65,79.41,0,normal
2026-07-06T02:49:00+00:00,22.01,1015.64,79.39,0,normal
2026-07-06T02:50:00+00:00,22.07,1015.64,79.52,0,normal
2026-07-06T02:51:00+00:00,21.83,1015.65,79.47,0,normal
2026-07-06T02:52:00+00:00,21.83,1015.62,79.62,0,normal
2026-07-06T02:53:00+00:00,21.8,1015.64,79.57,0,normal
2026-07-06T02:54:00+00:00,21.86,1015.73,79.57,0,normal
2026-07-06T02:55:00+00:00,21.93,1015.75,79.43,0,normal
2026-07-06T02:56:00+00:00,21.93,1015.75,79.51,0,normal
2026-07-06T02:57:00+00:00,21.94,1015.72,79.43,0,normal
2026-07-06T02:58:00+00:00,21.83,1015.73,79.4,0,normal
2026-07-06T02:59:00+00:00,21.99,1015.81,79.16,0,normal
2026-07-06T03:00:00+00:00,22.01,1015.83,79.09,0,normal
2026-07-06T03:01:00+00:00,22.0,1015.83,79.44,0,normal
2026-07-06T03:02:00+00:00,21.97,1015.86,78.89,0,normal
2026-07-06T03:03:00+00:00,22.04,1015.93,78.67,0,normal
2026-07-06T03:04:00+00:00,22.01,1015.97,78.67,0,normal
2026-07-06T03:05:00+00:00,22.05,1015.96,79.04,0,normal
2026-07-06T03:06:00+00:00,22.0,1016.11,79.26,0,normal
2026-07-06T03:07:00+00:00,22.08,1016.06,79.41,0,normal
2026-07-06T03:08:00+00:00,22.13,1015.96,79.08,0,normal
2026-07-06T03:09:00+00:00,22.16,1015.97,78.95,0,normal
2026-07-06T03:10:00+00:00,22.24,1015.94,78.83,0,normal
2026-07-06T03:11:00+00:00,22.19,1015.98,78.47,0,normal
2026-07-06T03:12:00+00:00,22.15,1015.91,78.4,0,normal
2026-07-06T03:13:00+00:00,22.21,1015.97,78.25,0,normal
2026-07-06T03:14:00+00:00,22.25,1015.98,78.53,0,normal
2026-07-06T03:15:00+00:00,22.24,1015.85,78.7,0,normal
2026-07-06T03:16:00+00:00,22.2,1015.86,78.75,0,normal
2026-07-06T03:17:00+00:00,22.09,1015.89,78.83,0,normal
2026-07-06T03:18:00+00:00,22.13,1015.89,79.0,0,normal
2026-07-06T03:19:00+00:00,22.05,1015.88,78.93,0,normal
2026-07-06T03:20:00+00:00,22.09,1015.9,79.14,0,normal
2026-07-06T03:21:00+00:00,22.12,1015.93,79.14,0,normal
2026-07-06T03:22:00+00:00,22.19,1015.97,78.73,0,normal
2026-07-06T03:23:00+00:00,22.28,1016.0,78.83,0,normal
2026-07-06T03:24:00+00:00,22.25,1015.94,78.34,0,normal
2026-07-06T03:25:00+00:00,22.17,1015.99,78.58,0,normal
2026-07-06T03:26:00+00:00,22.21,1015.97,78.39,0,normal
2026-07-06T03:27:00+00:00,22.32,1015.93,78.79,0,normal
2026-07-06T03:28:00+00:00,22.47,1016.07,78.83,0,normal
2026-07-06T03:29:00+00:00,22.44,1016.12,78.96,0,normal
2026-07-06T03:30:00+00:00,22.38,1016.09,78.85,0,normal
2026-07-06T03:31:00+00:00,22.32,1016.18,78.67,0,normal
2026-07-06T03:32:00+00:00,22.33,1016.26,78.89,0,normal
2026-07-06T03:33:00+00:00,22.35,1016.3,78.63,0,normal
2026-07-06T03:34:00+00:00,22.43,1016.38,78.21,0,normal
2026-07-06T03:35:00+00:00,22.57,1016.36,78.3,0,normal
2026-07-06T03:36:00+00:00,22.57,1016.38,78.22,0,normal
2026-07-06T03:37:00+00:00,22.49,1016.43,78.14,0,normal
2026-07-06T03:38:00+00:00,22.38,1016.39,77.85,0,normal
2026-07-06T03:39:00+00:00,22.34,1016.44,77.69,0,normal
2026-07-06T03:40:00+00:00,22.43,1016.45,77.62,0,normal
2026-07-06T03:41:00+00:00,22.43,1016.54,77.34,0,normal
2026-07-06T03:42:00+00:00,22.57,1016.61,77.34,0,normal
2026-07-06T03:43:00+00:00,22.66,1016.6,77.4,0,normal
2026-07-06T03:44:00+00:00,22.61,1016.67,77.26,0,normal
2026-07-06T03:45:00+00:00,22.6,1016.71,77.47,0,normal
2026-07-06T03:46:00+00:00,22.53,1016.76,77.26,0,normal
2026-07-06T03:47:00+00:00,22.36,1016.74,77.43,0,normal
2026-07-06T03:48:00+00:00,22.37,1016.72,77.43,0,normal
2026-07-06T03:49:00+00:00,22.38,1016.77,77.09,0,normal
2026-07-06T03:50:00+00:00,22.39,1016.79,76.82,0,normal
2026-07-06T03:51:00+00:00,22.29,1016.78,76.83,0,normal
2026-07-06T03:52:00+00:00,22.31,1016.77,76.72,0,normal
2026-07-06T03:53:00+00:00,22.29,1016.8,76.98,0,normal
2026-07-06T03:54:00+00:00,22.13,1016.84,76.96,0,normal
2026-07-06T03:55:00+00:00,22.2,1016.91,76.81,0,normal
2026-07-06T03:56:00+00:00,22.3,1016.86,76.83,0,normal
2026-07-06T03:57:00+00:00,22.3,1016.88,76.63,0,normal
2026-07-06T03:58:00+00:00,22.36,1016.97,76.45,0,normal
2026-07-06T03:59:00+00:00,22.39,1017.02,76.4,0,normal
2026-07-06T04:00:00+00:00,22.52,1017.01,76.39,0,normal
2026-07-06T04:01:00+00:00,22.45,1017.03,76.4,0,normal
2026-07-06T04:02:00+00:00,22.51,1017.01,76.28,0,normal
2026-07-06T04:03:00+00:00,22.56,1017.09,76.41,0,normal
2026-07-06T04:04:00+00:00,22.72,1017.13,76.52,0,normal
2026-07-06T04:05:00+00:00,22.78,1017.21,76.77,0,normal
2026-07-06T04:06:00+00:00,22.7,1017.25,76.8,0,normal
2026-07-06T04:07:00+00:00,22.69,1017.17,76.47,0,normal
2026-07-06T04:08:00+00:00,22.67,1017.1,76.39,0,normal
2026-07-06T04:09:00+00:00,22.74,1017.09,76.4,0,normal
2026-07-06T04:10:00+00:00,22.66,1017.12,76.49,0,normal
2026-07-06T04:11:00+00:00,22.56,1017.09,76.22,0,normal
2026-07-06T04:12:00+00:00,22.62,1017.12,76.21,0,normal
2026-07-06T04:13:00+00:00,22.62,1017.15,76.27,0,normal
2026-07-06T04:14:00+00:00,22.6,1017.13,76.25,0,normal
2026-07-06T04:15:00+00:00,22.6,1017.25,76.15,0,normal
2026-07-06T04:16:00+00:00,22.64,1017.28,76.42,0,normal
2026-07-06T04:17:00+00:00,22.6,1017.36,76.36,0,normal
2026-07-06T04:18:00+00:00,22.82,1017.39,76.09,0,normal
2026-07-06T04:19:00+00:00,22.81,1017.46,76.09,0,normal
2026-07-06T04:20:00+00:00,22.82,1017.5,76.0,0,normal
2026-07-06T04:21:00+00:00,22.81,1017.45,76.33,0,normal
2026-07-06T04:22:00+00:00,22.73,1017.47,76.39,0,normal
2026-07-06T04:23:00+00:00,22.75,1017.41,76.15,0,normal
2026-07-06T04:24:00+00:00,22.81,1017.38,75.7,0,normal
2026-07-06T04:25:00+00:00,22.85,1017.35,75.81,0,normal
2026-07-06T04:26:00+00:00,22.85,1017.35,75.8,0,normal
2026-07-06T04:27:00+00:00,22.78,1017.33,75.73,0,normal
2026-07-06T04:28:00+00:00,22.71,1017.38,75.64,0,normal
2026-07-06T04:29:00+00:00,22.62,1017.37,75.64,0,normal
2026-07-06T04:30:00+00:00,22.61,1017.4,75.73,0,normal
2026-07-06T04:31:00+00:00,22.83,1017.48,75.37,0,normal
2026-07-06T04:32:00+00:00,22.83,1017.47,75.47,0,normal
2026-07-06T04:33:00+00:00,22.77,1017.46,75.2,0,normal
2026-07-06T04:34:00+00:00,22.75,1017.45,75.12,0,normal
2026-07-06T04:35:00+00:00,22.68,1017.51,75.21,0,normal
2026-07-06T04:36:00+00:00,22.6,1017.53,74.88,0,normal
2026-07-06T04:37:00+00:00,22.74,1017.62,74.86,0,normal
2026-07-06T04:38:00+00:00,22.71,1017.6,74.76,0,normal
2026-07-06T04:39:00+00:00,22.73,1017.68,74.95,0,normal
2026-07-06T04:40:00+00:00,22.84,1017.7,74.7,0,normal
2026-07-06T04:41:00+00:00,22.81,1017.71,74.45,0,normal
2026-07-06T04:42:00+00:00,22.87,1017.76,74.56,0,normal
2026-07-06T04:43:00+00:00,22.94,1017.67,74.82,0,normal
2026-07-06T04:44:00+00:00,22.84,1017.67,74.92,0,normal
2026-07-06T04:45:00+00:00,22.9,1017.62,74.67,0,normal
2026-07-06T04:46:00+00:00,22.95,1017.66,74.43,0,normal
2026-07-06T04:47:00+00:00,23.01,1017.6,74.54,0,normal
2026-07-06T04:48:00+00:00,22.97,1017.62,74.5,0,normal
2026-07-06T04:49:00+00:00,23.09,1017.65,74.36,0,normal
2026-07-06T04:50:00+00:00,23.15,1017.78,74.49,0,normal
2026-07-06T04:51:00+00:00,23.17,1017.75,74.34,0,normal
2026-07-06T04:52:00+00:00,23.24,1017.71,74.31,0,normal
2026-07-06T04:53:00+00:00,23.38,1017.74,74.07,0,normal
2026-07-06T04:54:00+00:00,23.57,1017.84,74.15,0,normal
2026-07-06T04:55:00+00:00,23.68,1017.84,74.28,0,normal
2026-07-06T04:56:00+00:00,23.64,1017.78,74.76,0,normal
2026-07-06T04:57:00+00:00,23.54,1017.81,74.76,0,normal
2026-07-06T04:58:00+00:00,23.59,1017.82,74.68,0,normal
2026-07-06T04:59:00+00:00,23.61,1017.86,74.61,0,normal
2026-07-06T05:00:00+00:00,23.61,1017.81,74.95,0,normal
2026-07-06T05:01:00+00:00,23.67,1017.83,74.75,0,normal
2026-07-06T05:02:00+00:00,23.59,1017.89,74.64,0,normal
2026-07-06T05:03:00+00:00,23.66,1017.84,74.87,0,normal
2026-07-06T05:04:00+00:00,23.74,1017.85,74.88,0,normal
2026-07-06T05:05:00+00:00,23.81,1017.8,75.12,0,normal
2026-07-06T05:06:00+00:00,23.85,1017.78,74.79,0,normal
2026-07-06T05:07:00+00:00,23.94,1017.81,74.79,0,normal
2026-07-06T05:08:00+00:00,23.94,1017.78,74.8,0,normal
2026-07-06T05:09:00+00:00,23.93,1017.8,75.17,0,normal
2026-07-06T05:10:00+00:00,24.0,1017.87,75.59,0,normal
2026-07-06T05:11:00+00:00,24.03,1017.9,75.31,0,normal
2026-07-06T05:12:00+00:00,24.0,1017.81,75.33,0,normal
2026-07-06T05:13:00+00:00,23.9,1017.88,75.18,0,normal
2026-07-06T05:14:00+00:00,23.92,1017.9,75.31,0,normal
2026-07-06T05:15:00+00:00,24.03,1017.91,74.99,0,normal
2026-07-06T05:16:00+00:00,24.11,1017.88,74.54,0,normal
2026-07-06T05:17:00+00:00,24.15,1017.97,74.34,0,normal
2026-07-06T05:18:00+00:00,24.18,1017.96,74.38,0,normal
2026-07-06T05:19:00+00:00,24.27,1017.97,74.05,0,normal
2026-07-06T05:20:00+00:00,24.15,1018.03,73.72,0,normal
2026-07-06T05:21:00+00:00,24.19,1018.09,73.53,0,normal
2026-07-06T05:22:00+00:00,24.18,1018.15,73.29,0,normal
2026-07-06T05:23:00+00:00,24.11,1018.15,73.47,0,normal
2026-07-06T05:24:00+00:00,24.25,1018.16,73.24,0,normal
2026-07-06T05:25:00+00:00,24.34,1018.08,73.21,0,normal
2026-07-06T05:26:00+00:00,24.34,1018.16,73.4,0,normal
2026-07-06T05:27:00+00:00,24.27,1018.18,73.19,0,normal
2026-07-06T05:28:00+00:00,24.25,1018.23,73.04,0,normal
2026-07-06T05:29:00+00:00,24.27,1018.28,73.26,0,normal
2026-07-06T05:30:00+00:00,24.31,1018.3,72.93,0,normal
2026-07-06T05:31:00+00:00,24.44,1018.33,72.87,0,normal
2026-07-06T05:32:00+00:00,24.45,1018.35,72.94,0,normal
2026-07-06T05:33:00+00:00,24.53,1018.44,72.9,0,normal
2026-07-06T05:34:00+00:00,24.67,1018.49,72.79,0,normal
2026-07-06T05:35:00+00:00,24.53,1018.5,73.0,0,normal
2026-07-06T05:36:00+00:00,24.47,1018.5,72.93,0,normal
2026-07-06T05:37:00+00:00,24.56,1018.48,72.65,0,normal
2026-07-06T05:38:00+00:00,24.61,1018.44,72.18,0,normal
2026-07-06T05:39:00+00:00,24.76,1018.49,72.48,0,normal
2026-07-06T05:40:00+00:00,24.82,1018.53,72.45,0,normal
2026-07-06T05:41:00+00:00,24.8,1018.55,72.24,0,normal
2026-07-06T05:42:00+00:00,24.72,1018.53,72.41,0,normal
2026-07-06T05:43:00+00:00,24.62,1018.47,72.42,0,normal
2026-07-06T05:44:00+00:00,24.6,1018.5,72.51,0,normal
2026-07-06T05:45:00+00:00,24.64,1018.47,72.64,0,normal
2026-07-06T05:46:00+00:00,24.71,1018.47,72.51,0,normal
2026-07-06T05:47:00+00:00,24.75,1018.46,72.06,0,normal
2026-07-06T05:48:00+00:00,24.82,1018.5,71.49,0,normal
2026-07-06T05:49:00+00:00,24.86,1018.59,71.18,0,normal
2026-07-06T05:50:00+00:00,24.86,1018.58,71.44,0,normal
2026-07-06T05:51:00+00:00,24.96,1018.54,71.42,0,normal
2026-07-06T05:52:00+00:00,25.14,1018.51,71.33,0,normal
2026-07-06T05:53:00+00:00,25.18,1018.48,71.59,0,normal
2026-07-06T05:54:00+00:00,25.13,1018.42,71.38,0,normal
2026-07-06T05:55:00+00:00,25.18,1018.39,71.34,0,normal
2026-07-06T05:56:00+00:00,25.22,1018.34,71.12,0,normal
2026-07-06T05:57:00+00:00,25.25,1018.39,70.91,0,normal
2026-07-06T05:58:00+00:00,25.25,1018.38,70.97,0,normal
2026-07-06T05:59:00+00:00,25.29,1018.38,70.97,0,normal
2026-07-06T06:00:00+00:00,25.25,1018.41,70.96,0,normal
2026-07-06T06:01:00+00:00,25.44,1018.41,70.83,0,normal
2026-07-06T06:02:00+00:00,25.38,1018.37,70.64,0,normal
2026-07-06T06:03:00+00:00,25.43,1018.42,70.6,0,normal
2026-07-06T06:04:00+00:00,25.4,1018.4,70.32,0,normal
2026-07-06T06:05:00+00:00,25.35,1018.35,70.5,0,normal
2026-07-06T06:06:00+00:00,25.5,1018.27,70.45,0,normal
2026-07-06T06:07:00+00:00,25.51,1018.3,70.23,0,normal
2026-07-06T06:08:00+00:00,25.59,1018.34,70.34,0,normal
2026-07-06T06:09:00+00:00,25.52,1018.28,70.32,0,normal
2026-07-06T06:10:00+00:00,25.44,,69.79,1,missing_data
2026-07-06T06:11:00+00:00,25.41,,69.63,1,missing_data
2026-07-06T06:12:00+00:00,25.43,,69.68,1,missing_data
2026-07-06T06:13:00+00:00,25.5,,70.01,1,missing_data
2026-07-06T06:14:00+00:00,25.61,1018.38,69.87,0,normal
2026-07-06T06:15:00+00:00,25.59,1018.41,69.57,0,normal
2026-07-06T06:16:00+00:00,25.52,1018.32,69.39,0,normal
2026-07-06T06:17:00+00:00,25.62,1018.33,69.28,0,normal
2026-07-06T06:18:00+00:00,25.64,1018.3,69.19,0,normal
2026-07-06T06:19:00+00:00,25.71,1018.33,69.3,0,normal
2026-07-06T06:20:00+00:00,25.82,1018.38,69.06,0,normal
2026-07-06T06:21:00+00:00,25.79,1018.49,69.03,0,normal
2026-07-06T06:22:00+00:00,25.8,1018.46,68.91,0,normal
2026-07-06T06:23:00+00:00,25.86,1018.47,68.72,0,normal
2026-07-06T06:24:00+00:00,25.83,1018.54,68.76,0,normal
2026-07-06T06:25:00+00:00,25.88,1018.57,68.43,0,normal
2026-07-06T06:26:00+00:00,25.9,1018.63,68.29,0,normal
2026-07-06T06:27:00+00:00,25.98,1018.66,68.38,0,normal
2026-07-06T06:28:00+00:00,25.98,1018.71,68.0,0,normal
2026-07-06T06:29:00+00:00,25.98,1018.74,67.98,0,normal
2026-07-06T06:30:00+00:00,26.07,1018.73,67.8,0,normal
2026-07-06T06:31:00+00:00,25.94,1018.72,67.83,0,normal
2026-07-06T06:32:00+00:00,26.01,1018.64,67.98,0,normal
2026-07-06T06:33:00+00:00,25.93,1018.64,67.78,0,normal
2026-07-06T06:34:00+00:00,25.97,1018.65,67.83,0,normal
2026-07-06T06:35:00+00:00,26.13,1018.67,67.62,0,normal
2026-07-06T06:36:00+00:00,26.17,1018.77,67.67,0,normal
2026-07-06T06:37:00+00:00,26.24,1018.68,67.65,0,normal
2026-07-06T06:38:00+00:00,26.22,1018.65,67.55,0,normal
2026-07-06T06:39:00+00:00,26.23,1018.62,67.49,0,normal
2026-07-06T06:40:00+00:00,26.22,1018.66,67.44,0,normal
2026-07-06T06:41:00+00:00,26.25,1018.71,67.46,0,normal
2026-07-06T06:42:00+00:00,26.26,1018.6,67.45,0,normal
2026-07-06T06:43:00+00:00,26.19,1018.6,67.42,0,normal
2026-07-06T06:44:00+00:00,26.31,1018.7,67.13,0,normal
2026-07-06T06:45:00+00:00,26.21,1018.71,67.07,0,normal
2026-07-06T06:46:00+00:00,26.12,1018.71,67.09,0,normal
2026-07-06T06:47:00+00:00,26.04,1018.66,66.85,0,normal
2026-07-06T06:48:00+00:00,26.05,1018.7,66.69,0,normal
2026-07-06T06:49:00+00:00,26.08,1018.81,66.4,0,normal
2026-07-06T06:50:00+00:00,26.05,1018.83,66.51,0,normal
2026-07-06T06:51:00+00:00,26.11,1018.92,66.48,0,normal
2026-07-06T06:52:00+00:00,25.98,1018.91,66.26,0,normal
2026-07-06T06:53:00+00:00,26.12,1018.94,65.85,0,normal
2026-07-06T06:54:00+00:00,26.26,1018.98,65.71,0,normal
2026-07-06T06:55:00+00:00,26.27,1019.03,65.24,0,normal
2026-07-06T06:56:00+00:00,26.33,1019.06,65.17,0,normal
2026-07-06T06:57:00+00:00,26.4,1019.05,64.95,0,normal
2026-07-06T06:58:00+00:00,26.36,1019.06,64.78,0,normal
2026-07-06T06:59:00+00:00,26.26,1019.05,64.63,0,normal
2026-07-06T07:00:00+00:00,26.19,1019.03,64.74,0,normal
2026-07-06T07:01:00+00:00,26.23,1018.96,64.78,0,normal
2026-07-06T07:02:00+00:00,26.35,1019.05,65.01,0,normal
2026-07-06T07:03:00+00:00,26.29,1019.07,64.98,0,normal
2026-07-06T07:04:00+00:00,26.24,1019.07,65.29,0,normal
2026-07-06T07:05:00+00:00,26.37,1018.99,65.19,0,normal
2026-07-06T07:06:00+00:00,26.44,1018.89,64.75,0,normal
2026-07-06T07:07:00+00:00,26.48,1018.88,64.3,0,normal
2026-07-06T07:08:00+00:00,26.55,1018.92,64.2,0,normal
2026-07-06T07:09:00+00:00,26.58,1018.93,64.22,0,normal
2026-07-06T07:10:00+00:00,26.47,1018.87,64.07,0,normal
2026-07-06T07:11:00+00:00,26.44,1018.93,64.13,0,normal
2026-07-06T07:12:00+00:00,26.39,1018.9,64.29,0,normal
2026-07-06T07:13:00+00:00,26.38,1018.93,64.48,0,normal
2026-07-06T07:14:00+00:00,26.52,1018.92,64.63,0,normal
2026-07-06T07:15:00+00:00,26.52,1019.02,64.56,0,normal
2026-07-06T07:16:00+00:00,26.65,1018.98,64.55,0,normal
2026-07-06T07:17:00+00:00,26.73,1018.91,64.24,0,normal
2026-07-06T07:18:00+00:00,26.74,1018.95,63.77,0,normal
2026-07-06T07:19:00+00:00,26.75,1019.0,63.43,0,normal
2026-07-06T07:20:00+00:00,26.88,1018.92,63.17,0,normal
2026-07-06T07:21:00+00:00,26.9,1018.99,62.98,0,normal
2026-07-06T07:22:00+00:00,26.79,1018.9,63.1,0,normal
2026-07-06T07:23:00+00:00,26.72,1018.94,63.04,0,normal
2026-07-06T07:24:00+00:00,26.76,1018.93,62.81,0,normal
2026-07-06T07:25:00+00:00,26.81,1018.85,63.01,0,normal
2026-07-06T07:26:00+00:00,26.77,1018.85,62.72,0,normal
2026-07-06T07:27:00+00:00,26.77,1018.82,63.24,0,normal
2026-07-06T07:28:00+00:00,26.81,1018.76,63.05,0,normal
2026-07-06T07:29:00+00:00,26.74,1018.73,63.32,0,normal
2026-07-06T07:30:00+00:00,26.81,1018.77,63.02,0,normal
2026-07-06T07:31:00+00:00,26.84,1018.76,62.77,0,normal
2026-07-06T07:32:00+00:00,26.92,1018.78,62.78,0,normal
2026-07-06T07:33:00+00:00,26.96,1018.81,62.63,0,normal
2026-07-06T07:34:00+00:00,26.97,1018.87,62.3,0,normal
2026-07-06T07:35:00+00:00,26.88,1018.8,62.29,0,normal
2026-07-06T07:36:00+00:00,27.04,1018.75,62.56,0,normal
2026-07-06T07:37:00+00:00,27.08,1018.73,62.28,0,normal
2026-07-06T07:38:00+00:00,27.28,1018.7,61.91,0,normal
2026-07-06T07:39:00+00:00,27.52,1018.71,61.98,0,normal
2026-07-06T07:40:00+00:00,27.68,1018.72,62.08,0,normal
2026-07-06T07:41:00+00:00,27.7,1018.74,61.97,0,normal
2026-07-06T07:42:00+00:00,27.72,1018.73,61.78,0,normal
2026-07-06T07:43:00+00:00,27.78,1018.73,61.84,0,normal
2026-07-06T07:44:00+00:00,27.85,1018.81,61.94,0,normal
2026-07-06T07:45:00+00:00,27.85,1018.81,62.11,0,normal
2026-07-06T07:46:00+00:00,27.79,1018.89,61.82,0,normal
2026-07-06T07:47:00+00:00,27.88,1018.86,61.69,0,normal
2026-07-06T07:48:00+00:00,27.8,1018.88,61.31,0,normal
2026-07-06T07:49:00+00:00,27.71,1018.91,61.56,0,normal
2026-07-06T07:50:00+00:00,27.69,1018.93,61.6,0,normal
2026-07-06T07:51:00+00:00,27.71,1018.96,61.44,0,normal
2026-07-06T07:52:00+00:00,27.79,1018.86,61.07,0,normal
2026-07-06T07:53:00+00:00,27.91,1018.86,60.93,0,normal
2026-07-06T07:54:00+00:00,28.09,1018.92,60.9,0,normal
2026-07-06T07:55:00+00:00,28.0,1018.89,60.62,0,normal
2026-07-06T07:56:00+00:00,28.03,1018.81,60.28,0,normal
2026-07-06T07:57:00+00:00,27.87,1018.78,59.73,0,normal
2026-07-06T07:58:00+00:00,27.88,1018.79,59.51,0,normal
2026-07-06T07:59:00+00:00,27.83,1018.76,59.28,0,normal
2026-07-06T08:00:00+00:00,27.89,1018.68,59.2,0,normal
2026-07-06T08:01:00+00:00,27.9,1018.65,59.47,0,normal
2026-07-06T08:02:00+00:00,27.95,1018.65,59.27,0,normal
2026-07-06T08:03:00+00:00,28.01,1018.61,59.21,0,normal
2026-07-06T08:04:00+00:00,28.1,1018.57,59.06,0,normal
2026-07-06T08:05:00+00:00,28.09,1018.52,59.02,0,normal
2026-07-06T08:06:00+00:00,28.1,1018.57,59.49,0,normal
2026-07-06T08:07:00+00:00,28.09,1018.57,59.59,0,normal
2026-07-06T08:08:00+00:00,28.11,1018.49,59.83,0,normal
2026-07-06T08:09:00+00:00,28.2,1018.49,59.99,0,normal
2026-07-06T08:10:00+00:00,28.3,1018.47,59.66,0,normal
2026-07-06T08:11:00+00:00,28.3,1018.51,59.67,0,normal
2026-07-06T08:12:00+00:00,28.32,1018.57,59.5,0,normal
2026-07-06T08:13:00+00:00,28.43,1018.56,59.76,0,normal
2026-07-06T08:14:00+00:00,28.52,1018.53,59.58,0,normal
2026-07-06T08:15:00+00:00,28.55,1018.47,59.16,0,normal
2026-07-06T08:16:00+00:00,28.6,1018.42,58.93,0,normal
2026-07-06T08:17:00+00:00,28.62,1018.4,58.81,0,normal
2026-07-06T08:18:00+00:00,28.79,1018.42,59.11,0,normal
2026-07-06T08:19:00+00:00,28.77,1018.43,58.89,0,normal
2026-07-06T08:20:00+00:00,28.75,1018.52,58.61,0,normal
2026-07-06T08:21:00+00:00,28.6,1018.45,58.08,0,normal
2026-07-06T08:22:00+00:00,28.56,1018.38,57.99,0,normal
2026-07-06T08:23:00+00:00,28.43,1018.42,57.51,0,normal
2026-07-06T08:24:00+00:00,28.47,1018.38,57.6,0,normal
2026-07-06T08:25:00+00:00,28.54,1018.41,57.43,0,normal
2026-07-06T08:26:00+00:00,28.55,1018.41,57.55,0,normal
2026-07-06T08:27:00+00:00,28.66,1018.4,57.5,0,normal
2026-07-06T08:28:00+00:00,28.7,1018.39,57.8,0,normal
2026-07-06T08:29:00+00:00,28.72,1018.35,57.6,0,normal
2026-07-06T08:30:00+00:00,28.79,1018.22,57.45,0,normal
2026-07-06T08:31:00+00:00,28.9,1018.17,57.38,0,normal
2026-07-06T08:32:00+00:00,29.1,1018.17,56.82,0,normal
2026-07-06T08:33:00+00:00,29.02,1018.14,56.57,0,normal
2026-07-06T08:34:00+00:00,29.06,1018.11,56.72,0,normal
2026-07-06T08:35:00+00:00,29.0,1018.08,56.67,0,normal
2026-07-06T08:36:00+00:00,29.06,1018.07,56.09,0,normal
2026-07-06T08:37:00+00:00,29.1,1018.05,56.19,0,normal
2026-07-06T08:38:00+00:00,29.2,1018.04,56.17,0,normal
2026-07-06T08:39:00+00:00,29.33,1018.09,56.14,0,normal
2026-07-06T08:40:00+00:00,29.53,1018.04,55.81,0,normal
2026-07-06T08:41:00+00:00,29.55,1018.0,55.24,0,normal
2026-07-06T08:42:00+00:00,29.51,1018.0,55.17,0,normal
2026-07-06T08:43:00+00:00,29.47,1017.99,55.14,0,normal
2026-07-06T08:44:00+00:00,29.55,1017.94,55.26,0,normal
2026-07-06T08:45:00+00:00,29.49,1017.9,55.53,0,normal
2026-07-06T08:46:00+00:00,29.43,1017.85,55.19,0,normal
2026-07-06T08:47:00+00:00,29.4,1017.85,55.26,0,normal
2026-07-06T08:48:00+00:00,29.43,1017.82,54.93,0,normal
2026-07-06T08:49:00+00:00,29.4,1017.73,55.0,0,normal
2026-07-06T08:50:00+00:00,29.5,1017.72,55.01,0,normal
2026-07-06T08:51:00+00:00,29.61,1017.72,55.21,0,normal
2026-07-06T08:52:00+00:00,29.55,1017.69,55.02,0,normal
2026-07-06T08:53:00+00:00,29.64,1017.61,55.21,0,normal
2026-07-06T08:54:00+00:00,29.71,1017.7,55.09,0,normal
2026-07-06T08:55:00+00:00,29.7,1017.72,55.19,0,normal
2026-07-06T08:56:00+00:00,29.67,1017.61,54.71,0,normal
2026-07-06T08:57:00+00:00,29.73,1017.68,54.35,0,normal
2026-07-06T08:58:00+00:00,29.74,1017.65,54.65,0,normal
2026-07-06T08:59:00+00:00,29.95,1017.66,54.73,0,normal
2026-07-06T09:00:00+00:00,30.04,1017.59,54.76,0,normal
2026-07-06T09:01:00+00:00,29.98,1017.57,54.87,0,normal
2026-07-06T09:02:00+00:00,30.01,1017.62,55.0,0,normal
2026-07-06T09:03:00+00:00,29.9,1017.5,55.09,0,normal
2026-07-06T09:04:00+00:00,30.03,1017.51,55.02,0,normal
2026-07-06T09:05:00+00:00,30.13,1017.55,54.81,0,normal
2026-07-06T09:06:00+00:00,30.23,1017.52,54.72,0,normal
2026-07-06T09:07:00+00:00,30.26,1017.47,54.42,0,normal
2026-07-06T09:08:00+00:00,30.46,1017.42,54.36,0,normal
2026-07-06T09:09:00+00:00,30.52,1017.41,54.36,0,normal
2026-07-06T09:10:00+00:00,30.56,1017.36,54.33,0,normal
2026-07-06T09:11:00+00:00,30.52,1017.44,54.27,0,normal
2026-07-06T09:12:00+00:00,30.48,1017.45,53.94,0,normal
2026-07-06T09:13:00+00:00,30.52,1017.43,53.65,0,normal
2026-07-06T09:14:00+00:00,30.46,1017.55,53.54,0,normal
2026-07-06T09:15:00+00:00,30.45,1017.5,53.51,0,normal
2026-07-06T09:16:00+00:00,30.42,1017.43,53.38,0,normal
2026-07-06T09:17:00+00:00,30.44,1017.4,53.08,0,normal
2026-07-06T09:18:00+00:00,30.44,1017.37,52.85,0,normal
2026-07-06T09:19:00+00:00,30.49,1017.47,53.01,0,normal
2026-07-06T09:20:00+00:00,30.67,1017.43,53.23,0,normal
2026-07-06T09:21:00+00:00,30.7,1017.46,53.19,0,normal
2026-07-06T09:22:00+00:00,30.69,1017.48,53.15,0,normal
2026-07-06T09:23:00+00:00,30.57,1017.46,53.18,0,normal
2026-07-06T09:24:00+00:00,30.62,1017.46,52.89,0,normal
2026-07-06T09:25:00+00:00,30.67,1017.44,52.72,0,normal
2026-07-06T09:26:00+00:00,30.64,1017.47,52.65,0,normal
2026-07-06T09:27:00+00:00,30.69,1017.55,52.62,0,normal
2026-07-06T09:28:00+00:00,30.81,1017.54,52.41,0,normal
2026-07-06T09:29:00+00:00,30.75,1017.53,51.75,0,normal
2026-07-06T09:30:00+00:00,30.8,1017.52,51.61,0,normal
2026-07-06T09:31:00+00:00,30.82,1017.43,51.79,0,normal
2026-07-06T09:32:00+00:00,30.82,1017.36,51.79,0,normal
2026-07-06T09:33:00+00:00,30.85,1017.33,51.58,0,normal
2026-07-06T09:34:00+00:00,30.88,1017.38,51.57,0,normal
2026-07-06T09:35:00+00:00,30.9,1017.4,51.46,0,normal
2026-07-06T09:36:00+00:00,30.96,1017.38,51.47,0,normal
2026-07-06T09:37:00+00:00,30.95,1017.31,51.53,0,normal
2026-07-06T09:38:00+00:00,31.1,1017.23,51.45,0,normal
2026-07-06T09:39:00+00:00,31.09,1017.26,51.37,0,normal
2026-07-06T09:40:00+00:00,31.38,1017.23,51.55,0,normal
2026-07-06T09:41:00+00:00,31.52,1017.24,51.42,0,normal
2026-07-06T09:42:00+00:00,31.53,1017.22,51.51,0,normal
2026-07-06T09:43:00+00:00,31.47,1017.19,51.31,0,normal
2026-07-06T09:44:00+00:00,31.34,1017.22,51.39,0,normal
2026-07-06T09:45:00+00:00,31.31,1017.25,50.92,0,normal
2026-07-06T09:46:00+00:00,31.33,1017.22,50.81,0,normal
2026-07-06T09:47:00+00:00,31.36,1017.2,50.61,0,normal
2026-07-06T09:48:00+00:00,31.37,1017.25,50.37,0,normal
2026-07-06T09:49:00+00:00,31.58,1017.19,50.31,0,normal
2026-07-06T09:50:00+00:00,31.63,1017.16,50.47,0,normal
2026-07-06T09:51:00+00:00,31.69,1017.13,50.62,0,normal
2026-07-06T09:52:00+00:00,31.62,1017.08,50.59,0,normal
2026-07-06T09:53:00+00:00,31.7,1017.08,50.43,0,normal
2026-07-06T09:54:00+00:00,31.69,1017.12,50.34,0,normal
2026-07-06T09:55:00+00:00,31.63,1017.05,50.5,0,normal
2026-07-06T09:56:00+00:00,31.6,1017.05,50.62,0,normal
2026-07-06T09:57:00+00:00,31.66,1016.99,50.26,0,normal
2026-07-06T09:58:00+00:00,31.83,1016.92,50.0,0,normal
2026-07-06T09:59:00+00:00,31.87,1016.9,49.98,0,normal
2026-07-06T10:00:00+00:00,31.77,1016.87,49.98,0,normal
2026-07-06T10:01:00+00:00,31.84,1016.83,49.63,0,normal
2026-07-06T10:02:00+00:00,31.87,1016.76,49.75,0,normal
2026-07-06T10:03:00+00:00,31.9,1016.71,49.4,0,normal
2026-07-06T10:04:00+00:00,31.87,1016.63,49.37,0,normal
2026-07-06T10:05:00+00:00,31.82,1016.65,49.35,0,normal
2026-07-06T10:06:00+00:00,31.92,1016.66,49.44,0,normal
2026-07-06T10:07:00+00:00,32.05,1016.67,49.36,0,normal
2026-07-06T10:08:00+00:00,32.02,1016.61,49.48,0,normal
2026-07-06T10:09:00+00:00,32.08,1016.64,49.21,0,normal
2026-07-06T10:10:00+00:00,32.23,1016.62,48.9,0,normal
2026-07-06T10:11:00+00:00,32.19,1016.7,48.55,0,normal
2026-07-06T10:12:00+00:00,32.14,1016.83,48.62,0,normal
2026-07-06T10:13:00+00:00,32.1,1016.76,48.16,0,normal
2026-07-06T10:14:00+00:00,32.12,1016.78,48.36,0,normal
2026-07-06T10:15:00+00:00,31.99,1016.7,48.21,0,normal
2026-07-06T10:16:00+00:00,32.24,1016.73,48.17,0,normal
2026-07-06T10:17:00+00:00,32.16,1016.61,48.06,0,normal
2026-07-06T10:18:00+00:00,32.17,1016.59,47.87,0,normal
2026-07-06T10:19:00+00:00,32.13,1016.53,48.03,0,normal
2026-07-06T10:20:00+00:00,32.09,1049.35,47.9,1,pressure_spike
2026-07-06T10:21:00+00:00,32.19,983.02,47.75,1,pressure_spike
2026-07-06T10:22:00+00:00,32.27,1048.13,47.69,1,pressure_spike
2026-07-06T10:23:00+00:00,32.29,1050.47,47.51,1,pressure_spike
2026-07-06T10:24:00+00:00,32.29,987.37,47.49,1,pressure_spike
2026-07-06T10:25:00+00:00,32.32,985.21,47.19,1,pressure_spike
2026-07-06T10:26:00+00:00,32.22,1044.71,46.76,1,pressure_spike
2026-07-06T10:27:00+00:00,32.23,982.17,46.73,1,pressure_spike
2026-07-06T10:28:00+00:00,32.32,1016.46,46.71,0,normal
2026-07-06T10:29:00+00:00,32.14,1016.35,46.73,0,normal
2026-07-06T10:30:00+00:00,32.14,1016.31,46.62,0,normal
2026-07-06T10:31:00+00:00,32.15,1016.26,46.2,0,normal
2026-07-06T10:32:00+00:00,32.03,1016.3,46.04,0,normal
2026-07-06T10:33:00+00:00,32.15,1016.27,46.03,0,normal
2026-07-06T10:34:00+00:00,32.18,1016.27,45.97,0,normal
2026-07-06T10:35:00+00:00,32.19,1016.21,46.05,0,normal
2026-07-06T10:36:00+00:00,32.36,1016.3,45.85,0,normal
2026-07-06T10:37:00+00:00,32.33,1016.27,45.73,0,normal
2026-07-06T10:38:00+00:00,32.36,1016.21,45.36,0,normal
2026-07-06T10:39:00+00:00,32.4,1016.04,45.28,0,normal
2026-07-06T10:40:00+00:00,32.36,1016.08,45.42,0,normal
2026-07-06T10:41:00+00:00,32.49,1016.07,45.12,0,normal
2026-07-06T10:42:00+00:00,32.46,1016.09,44.73,0,normal
2026-07-06T10:43:00+00:00,32.6,1016.08,44.78,0,normal
2026-07-06T10:44:00+00:00,32.49,1016.04,44.35,0,normal
2026-07-06T10:45:00+00:00,32.61,1016.04,44.43,0,normal
2026-07-06T10:46:00+00:00,32.65,1016.06,44.32,0,normal
2026-07-06T10:47:00+00:00,32.66,1016.06,44.36,0,normal
2026-07-06T10:48:00+00:00,32.73,1016.21,44.65,0,normal
2026-07-06T10:49:00+00:00,32.61,1016.2,44.5,0,normal
2026-07-06T10:50:00+00:00,32.75,1016.18,44.54,0,normal
2026-07-06T10:51:00+00:00,32.6,1016.1,44.89,0,normal
2026-07-06T10:52:00+00:00,32.64,1016.05,44.85,0,normal
2026-07-06T10:53:00+00:00,32.59,1016.03,44.47,0,normal
2026-07-06T10:54:00+00:00,32.57,1016.02,44.62,0,normal
2026-07-06T10:55:00+00:00,32.65,1016.05,44.53,0,normal
2026-07-06T10:56:00+00:00,32.76,1016.01,44.3,0,normal
2026-07-06T10:57:00+00:00,32.83,1016.0,44.22,0,normal
2026-07-06T10:58:00+00:00,32.85,1016.06,44.41,0,normal
2026-07-06T10:59:00+00:00,32.84,1015.97,44.18,0,normal
2026-07-06T11:00:00+00:00,32.8,1016.02,44.28,0,normal
2026-07-06T11:01:00+00:00,32.76,1015.98,43.9,0,normal
2026-07-06T11:02:00+00:00,32.81,1015.98,43.99,0,normal
2026-07-06T11:03:00+00:00,32.89,1016.01,43.6,0,normal
2026-07-06T11:04:00+00:00,32.88,1016.06,43.43,0,normal
2026-07-06T11:05:00+00:00,32.79,1016.1,43.25,0,normal
2026-07-06T11:06:00+00:00,32.92,1016.09,43.14,0,normal
2026-07-06T11:07:00+00:00,33.07,1016.02,43.38,0,normal
2026-07-06T11:08:00+00:00,33.05,1016.03,43.35,0,normal
2026-07-06T11:09:00+00:00,33.05,1015.98,43.2,0,normal
2026-07-06T11:10:00+00:00,33.0,1016.08,43.04,0,normal
2026-07-06T11:11:00+00:00,33.14,1016.13,43.06,0,normal
2026-07-06T11:12:00+00:00,33.16,1016.13,43.11,0,normal
2026-07-06T11:13:00+00:00,33.2,1016.04,42.67,0,normal
2026-07-06T11:14:00+00:00,33.35,1015.9,42.66,0,normal
2026-07-06T11:15:00+00:00,33.36,1015.91,42.38,0,normal
2026-07-06T11:16:00+00:00,33.42,1015.92,42.89,0,normal
2026-07-06T11:17:00+00:00,33.45,1015.99,42.52,0,normal
2026-07-06T11:18:00+00:00,33.56,1016.0,42.52,0,normal
2026-07-06T11:19:00+00:00,33.6,1016.08,42.51,0,normal
2026-07-06T11:20:00+00:00,33.56,1016.04,42.61,0,normal
2026-07-06T11:21:00+00:00,33.61,1015.96,42.64,0,normal
2026-07-06T11:22:00+00:00,33.55,1015.98,42.41,0,normal
2026-07-06T11:23:00+00:00,33.55,1015.94,42.65,0,normal
2026-07-06T11:24:00+00:00,33.61,1016.0,43.14,0,normal
2026-07-06T11:25:00+00:00,33.63,1016.07,42.9,0,normal
2026-07-06T11:26:00+00:00,33.76,1016.02,42.79,0,normal
2026-07-06T11:27:00+00:00,33.82,1016.05,42.44,0,normal
2026-07-06T11:28:00+00:00,33.76,1016.07,42.28,0,normal
2026-07-06T11:29:00+00:00,33.67,1016.06,42.18,0,normal
2026-07-06T11:30:00+00:00,33.71,1016.08,42.2,0,normal
2026-07-06T11:31:00+00:00,33.67,1016.04,42.31,0,normal
2026-07-06T11:32:00+00:00,33.66,1016.01,41.92,0,normal
2026-07-06T11:33:00+00:00,33.68,1016.02,41.45,0,normal
2026-07-06T11:34:00+00:00,33.62,1015.94,41.56,0,normal
2026-07-06T11:35:00+00:00,33.5,1015.94,41.64,0,normal
2026-07-06T11:36:00+00:00,33.56,1015.91,41.65,0,normal
2026-07-06T11:37:00+00:00,33.68,1015.9,41.13,0,normal
2026-07-06T11:38:00+00:00,33.8,1015.92,41.08,0,normal
2026-07-06T11:39:00+00:00,33.67,1015.9,40.85,0,normal
2026-07-06T11:40:00+00:00,33.61,1015.89,40.71,0,normal
2026-07-06T11:41:00+00:00,33.61,1015.92,40.73,0,normal
2026-07-06T11:42:00+00:00,33.61,1015.89,40.6,0,normal
2026-07-06T11:43:00+00:00,33.63,1015.91,40.36,0,normal
2026-07-06T11:44:00+00:00,33.78,1015.94,39.78,0,normal
2026-07-06T11:45:00+00:00,33.82,1015.98,39.86,0,normal
2026-07-06T11:46:00+00:00,33.82,1015.97,39.89,0,normal
2026-07-06T11:47:00+00:00,33.91,1015.89,39.76,0,normal
2026-07-06T11:48:00+00:00,34.07,1015.89,40.06,0,normal
2026-07-06T11:49:00+00:00,34.33,1015.86,39.8,0,normal
2026-07-06T11:50:00+00:00,34.32,1015.91,40.04,0,normal
2026-07-06T11:51:00+00:00,34.51,1015.91,40.11,0,normal
2026-07-06T11:52:00+00:00,34.46,1015.78,40.07,0,normal
2026-07-06T11:53:00+00:00,34.37,1015.81,39.66,0,normal
2026-07-06T11:54:00+00:00,34.32,1015.82,39.71,0,normal
2026-07-06T11:55:00+00:00,34.33,1015.92,40.01,0,normal
2026-07-06T11:56:00+00:00,34.29,1015.99,40.32,0,normal
2026-07-06T11:57:00+00:00,34.3,1015.98,40.25,0,normal
2026-07-06T11:58:00+00:00,34.27,1015.95,40.46,0,normal
2026-07-06T11:59:00+00:00,34.32,1015.91,40.21,0,normal
2026-07-06T12:00:00+00:00,34.28,1015.9,40.33,0,normal
2026-07-06T12:01:00+00:00,34.23,1015.94,40.3,0,normal
2026-07-06T12:02:00+00:00,34.27,1015.99,40.41,0,normal
2026-07-06T12:03:00+00:00,34.18,1015.92,40.28,0,normal
2026-07-06T12:04:00+00:00,34.23,1015.98,40.23,0,normal
2026-07-06T12:05:00+00:00,34.4,1015.94,40.05,0,normal
2026-07-06T12:06:00+00:00,34.39,1015.89,40.21,0,normal
2026-07-06T12:07:00+00:00,34.19,1015.86,40.37,0,normal
2026-07-06T12:08:00+00:00,34.19,1015.91,40.72,0,normal
2026-07-06T12:09:00+00:00,34.23,1015.97,41.1,0,normal
2026-07-06T12:10:00+00:00,34.29,1015.96,41.15,0,normal
2026-07-06T12:11:00+00:00,34.42,1015.95,40.93,0,normal
2026-07-06T12:12:00+00:00,34.57,1015.93,41.04,0,normal
2026-07-06T12:13:00+00:00,34.61,1016.01,40.74,0,normal
2026-07-06T12:14:00+00:00,34.56,1016.05,40.4,0,normal
2026-07-06T12:15:00+00:00,34.58,1016.11,39.94,0,normal
2026-07-06T12:16:00+00:00,34.63,1016.16,39.85,0,normal
2026-07-06T12:17:00+00:00,34.57,1016.13,39.6,0,normal
2026-07-06T12:18:00+00:00,34.6,1016.1,39.43,0,normal
2026-07-06T12:19:00+00:00,34.65,1016.17,39.44,0,normal
2026-07-06T12:20:00+00:00,34.77,1016.23,39.25,0,normal
2026-07-06T12:21:00+00:00,34.81,1016.19,38.9,0,normal
2026-07-06T12:22:00+00:00,34.84,1016.12,38.95,0,normal
2026-07-06T12:23:00+00:00,34.73,1016.11,38.59,0,normal
2026-07-06T12:24:00+00:00,34.8,1016.08,38.46,0,normal
2026-07-06T12:25:00+00:00,34.9,1016.05,38.46,0,normal
2026-07-06T12:26:00+00:00,34.89,1016.07,38.64,0,normal
2026-07-06T12:27:00+00:00,34.96,1016.03,38.84,0,normal
2026-07-06T12:28:00+00:00,34.9,1015.99,38.76,0,normal
2026-07-06T12:29:00+00:00,34.99,1015.92,38.89,0,normal
2026-07-06T12:30:00+00:00,34.99,1015.9,39.06,0,normal
2026-07-06T12:31:00+00:00,34.93,1016.01,38.95,0,normal
2026-07-06T12:32:00+00:00,34.95,1016.08,38.92,0,normal
2026-07-06T12:33:00+00:00,35.05,1015.98,38.77,0,normal
2026-07-06T12:34:00+00:00,35.09,1016.03,38.86,0,normal
2026-07-06T12:35:00+00:00,35.15,1016.07,38.89,0,normal
2026-07-06T12:36:00+00:00,34.98,1016.14,38.66,0,normal
2026-07-06T12:37:00+00:00,35.01,1016.13,38.61,0,normal
2026-07-06T12:38:00+00:00,34.93,1016.02,38.35,0,normal
2026-07-06T12:39:00+00:00,35.01,1015.95,38.13,0,normal
2026-07-06T12:40:00+00:00,35.05,1015.89,37.98,0,normal
2026-07-06T12:41:00+00:00,35.07,1015.91,37.74,0,normal
2026-07-06T12:42:00+00:00,35.09,1015.93,37.46,0,normal
2026-07-06T12:43:00+00:00,35.11,1015.89,37.48,0,normal
2026-07-06T12:44:00+00:00,35.18,1015.89,37.65,0,normal
2026-07-06T12:45:00+00:00,35.24,1015.94,37.71,0,normal
2026-07-06T12:46:00+00:00,35.33,1015.96,37.35,0,normal
2026-07-06T12:47:00+00:00,35.26,1015.95,37.32,0,normal
2026-07-06T12:48:00+00:00,35.29,1015.91,37.72,0,normal
2026-07-06T12:49:00+00:00,35.29,1015.91,37.55,0,normal
2026-07-06T12:50:00+00:00,35.21,1015.91,37.53,0,normal
2026-07-06T12:51:00+00:00,35.2,1015.99,37.48,0,normal
2026-07-06T12:52:00+00:00,35.2,1016.03,37.42,0,normal
2026-07-06T12:53:00+00:00,35.25,1015.97,37.15,0,normal
2026-07-06T12:54:00+00:00,35.27,1015.96,36.97,0,normal
2026-07-06T12:55:00+00:00,35.28,1015.97,36.83,0,normal
2026-07-06T12:56:00+00:00,35.24,1015.99,36.63,0,normal
2026-07-06T12:57:00+00:00,35.2,1016.01,36.64,0,normal
2026-07-06T12:58:00+00:00,35.17,1015.97,36.44,0,normal
2026-07-06T12:59:00+00:00,35.17,1016.08,36.57,0,normal
2026-07-06T13:00:00+00:00,35.07,1016.11,36.43,0,normal
2026-07-06T13:01:00+00:00,35.09,1016.08,36.85,0,normal
2026-07-06T13:02:00+00:00,35.01,1016.09,36.71,0,normal
2026-07-06T13:03:00+00:00,35.09,1016.11,36.96,0,normal
2026-07-06T13:04:00+00:00,35.17,1016.07,37.53,0,normal
2026-07-06T13:05:00+00:00,35.22,1016.05,37.53,0,normal
2026-07-06T13:06:00+00:00,35.29,1016.08,37.58,0,normal
2026-07-06T13:07:00+00:00,35.37,1016.12,37.37,0,normal
2026-07-06T13:08:00+00:00,35.54,1016.22,37.49,0,normal
2026-07-06T13:09:00+00:00,35.54,1016.22,37.38,0,normal
2026-07-06T13:10:00+00:00,35.52,1016.11,37.64,0,normal
2026-07-06T13:11:00+00:00,35.61,1016.02,37.76,0,normal
2026-07-06T13:12:00+00:00,35.61,1016.02,37.8,0,normal
2026-07-06T13:13:00+00:00,35.46,1016.03,37.75,0,normal
2026-07-06T13:14:00+00:00,35.47,1015.97,37.77,0,normal
2026-07-06T13:15:00+00:00,35.55,1016.0,37.66,0,normal
2026-07-06T13:16:00+00:00,35.77,1015.96,37.76,0,normal
2026-07-06T13:17:00+00:00,35.77,1016.08,37.77,0,normal
2026-07-06T13:18:00+00:00,35.81,1016.11,37.48,0,normal
2026-07-06T13:19:00+00:00,35.72,1016.1,37.62,0,normal
2026-07-06T13:20:00+00:00,35.73,1016.1,37.83,0,normal
2026-07-06T13:21:00+00:00,35.56,1016.04,37.26,0,normal
2026-07-06T13:22:00+00:00,35.66,1016.05,37.4,0,normal
2026-07-06T13:23:00+00:00,35.64,1016.11,37.32,0,normal
2026-07-06T13:24:00+00:00,35.67,1016.13,37.34,0,normal
2026-07-06T13:25:00+00:00,35.8,1016.06,37.27,0,normal
2026-07-06T13:26:00+00:00,35.8,1016.07,37.14,0,normal
2026-07-06T13:27:00+00:00,35.75,1016.16,37.08,0,normal
2026-07-06T13:28:00+00:00,35.93,1016.19,36.98,0,normal
2026-07-06T13:29:00+00:00,35.96,1016.21,37.21,0,normal
2026-07-06T13:30:00+00:00,35.84,1016.12,37.23,0,normal
2026-07-06T13:31:00+00:00,35.9,1016.15,37.32,0,normal
2026-07-06T13:32:00+00:00,35.92,1016.09,37.31,0,normal
2026-07-06T13:33:00+00:00,36.01,1016.11,37.0,0,normal
2026-07-06T13:34:00+00:00,35.96,1016.15,37.31,0,normal
2026-07-06T13:35:00+00:00,35.79,1016.18,37.07,0,normal
2026-07-06T13:36:00+00:00,35.82,1016.22,36.97,0,normal
2026-07-06T13:37:00+00:00,35.86,1016.29,36.9,0,normal
2026-07-06T13:38:00+00:00,35.74,1016.37,37.02,0,normal
2026-07-06T13:39:00+00:00,35.78,1016.34,37.17,0,normal
2026-07-06T13:40:00+00:00,35.93,1016.34,37.14,0,normal
2026-07-06T13:41:00+00:00,35.83,1016.31,36.87,0,normal
2026-07-06T13:42:00+00:00,35.83,1016.3,36.91,0,normal
2026-07-06T13:43:00+00:00,35.75,1016.31,36.67,0,normal
2026-07-06T13:44:00+00:00,35.75,1016.23,36.67,0,normal
2026-07-06T13:45:00+00:00,35.72,1016.26,36.31,0,normal
2026-07-06T13:46:00+00:00,35.77,1016.26,36.34,0,normal
2026-07-06T13:47:00+00:00,35.61,1016.21,36.25,0,normal
2026-07-06T13:48:00+00:00,35.72,1016.25,36.26,0,normal
2026-07-06T13:49:00+00:00,35.64,1016.22,36.31,0,normal
2026-07-06T13:50:00+00:00,35.7,1016.25,36.63,0,normal
2026-07-06T13:51:00+00:00,35.64,1016.27,36.26,0,normal
2026-07-06T13:52:00+00:00,35.66,1016.36,36.04,0,normal
2026-07-06T13:53:00+00:00,35.72,1016.45,35.9,0,normal
2026-07-06T13:54:00+00:00,35.75,1016.54,35.95,0,normal
2026-07-06T13:55:00+00:00,35.81,1016.46,36.08,0,normal
2026-07-06T13:56:00+00:00,35.84,1016.4,35.88,0,normal
2026-07-06T13:57:00+00:00,35.88,1016.4,36.11,0,normal
2026-07-06T13:58:00+00:00,35.89,1016.42,36.07,0,normal
2026-07-06T13:59:00+00:00,35.9,1016.47,36.17,0,normal
2026-07-06T14:00:00+00:00,35.85,1016.55,36.29,0,normal
2026-07-06T14:01:00+00:00,35.87,1016.56,36.38,0,normal
2026-07-06T14:02:00+00:00,35.72,1016.59,36.69,0,normal
2026-07-06T14:03:00+00:00,35.73,1016.6,36.53,0,normal
2026-07-06T14:04:00+00:00,35.76,1016.6,36.77,0,normal
2026-07-06T14:05:00+00:00,35.69,1016.59,36.61,0,normal
2026-07-06T14:06:00+00:00,35.83,1016.59,36.47,0,normal
2026-07-06T14:07:00+00:00,35.65,1016.56,36.55,0,normal
2026-07-06T14:08:00+00:00,35.69,1016.54,36.4,0,normal
2026-07-06T14:09:00+00:00,45.89,1046.39,97.64,1,multivariate_inconsistency
2026-07-06T14:10:00+00:00,46.39,1043.59,96.93,1,multivariate_inconsistency
2026-07-06T14:11:00+00:00,46.41,1046.42,98.81,1,multivariate_inconsistency
2026-07-06T14:12:00+00:00,45.38,1046.0,98.2,1,multivariate_inconsistency
2026-07-06T14:13:00+00:00,47.42,1046.47,97.53,1,multivariate_inconsistency
2026-07-06T14:14:00+00:00,45.08,1045.61,94.69,1,multivariate_inconsistency
2026-07-06T14:15:00+00:00,46.66,1044.34,98.72,1,multivariate_inconsistency
2026-07-06T14:16:00+00:00,35.65,1016.49,36.78,0,normal
2026-07-06T14:17:00+00:00,35.49,1016.54,37.16,0,normal
2026-07-06T14:18:00+00:00,35.51,1016.58,37.18,0,normal
2026-07-06T14:19:00+00:00,35.53,1016.72,36.96,0,normal
2026-07-06T14:20:00+00:00,35.46,1016.72,37.26,0,normal
2026-07-06T14:21:00+00:00,35.42,1016.75,37.42,0,normal
2026-07-06T14:22:00+00:00,35.49,1016.82,37.63,0,normal
2026-07-06T14:23:00+00:00,35.52,1016.81,37.58,0,normal
2026-07-06T14:24:00+00:00,35.49,1016.95,37.4,0,normal
2026-07-06T14:25:00+00:00,35.54,1016.88,37.37,0,normal
2026-07-06T14:26:00+00:00,35.52,1016.93,37.44,0,normal
2026-07-06T14:27:00+00:00,35.63,1017.01,37.37,0,normal
2026-07-06T14:28:00+00:00,35.55,1016.97,37.36,0,normal
2026-07-06T14:29:00+00:00,35.57,1017.0,37.2,0,normal
2026-07-06T14:30:00+00:00,35.68,1016.93,37.03,0,normal
2026-07-06T14:31:00+00:00,35.59,1016.94,37.23,0,normal
2026-07-06T14:32:00+00:00,35.56,1016.96,37.32,0,normal
2026-07-06T14:33:00+00:00,35.54,1016.99,37.31,0,normal
2026-07-06T14:34:00+00:00,35.45,1016.98,37.33,0,normal
2026-07-06T14:35:00+00:00,35.55,1017.06,37.69,0,normal
2026-07-06T14:36:00+00:00,35.59,1017.05,37.61,0,normal
2026-07-06T14:37:00+00:00,35.58,1017.04,37.62,0,normal
2026-07-06T14:38:00+00:00,35.61,1017.0,37.77,0,normal
2026-07-06T14:39:00+00:00,35.46,1017.0,37.92,0,normal
2026-07-06T14:40:00+00:00,35.51,1017.0,38.24,0,normal
2026-07-06T14:41:00+00:00,35.48,1016.92,38.23,0,normal
2026-07-06T14:42:00+00:00,35.33,1016.9,38.26,0,normal
2026-07-06T14:43:00+00:00,35.31,1016.96,37.94,0,normal
2026-07-06T14:44:00+00:00,35.38,1016.89,38.12,0,normal
2026-07-06T14:45:00+00:00,35.35,1017.0,37.87,0,normal
2026-07-06T14:46:00+00:00,35.51,1016.97,37.44,0,normal
2026-07-06T14:47:00+00:00,35.51,1017.06,37.54,0,normal
2026-07-06T14:48:00+00:00,35.6,1017.12,37.33,0,normal
2026-07-06T14:49:00+00:00,35.66,1017.14,37.14,0,normal
2026-07-06T14:50:00+00:00,35.66,1017.16,37.39,0,normal
2026-07-06T14:51:00+00:00,35.61,1017.15,37.21,0,normal
2026-07-06T14:52:00+00:00,35.75,1017.14,37.44,0,normal
2026-07-06T14:53:00+00:00,35.65,1017.19,37.44,0,normal
2026-07-06T14:54:00+00:00,35.74,1017.26,37.42,0,normal
2026-07-06T14:55:00+00:00,35.68,1017.36,37.25,0,normal
2026-07-06T14:56:00+00:00,35.49,1017.28,36.9,0,normal
2026-07-06T14:57:00+00:00,35.53,1017.41,36.48,0,normal
2026-07-06T14:58:00+00:00,35.46,1017.42,36.8,0,normal
2026-07-06T14:59:00+00:00,35.39,1017.47,36.74,0,normal
2026-07-06T15:00:00+00:00,35.6,1017.48,36.81,0,normal
2026-07-06T15:01:00+00:00,35.6,1017.47,37.0,0,normal
2026-07-06T15:02:00+00:00,35.49,1017.39,36.96,0,normal
2026-07-06T15:03:00+00:00,35.55,1017.37,36.99,0,normal
2026-07-06T15:04:00+00:00,35.44,1017.45,37.11,0,normal
2026-07-06T15:05:00+00:00,35.44,1017.47,36.82,0,normal
2026-07-06T15:06:00+00:00,35.32,1017.48,36.92,0,normal
2026-07-06T15:07:00+00:00,35.37,1017.48,37.07,0,normal
2026-07-06T15:08:00+00:00,35.48,1017.49,37.13,0,normal
2026-07-06T15:09:00+00:00,35.45,1017.5,37.15,0,normal
2026-07-06T15:10:00+00:00,35.58,1017.57,37.31,0,normal
2026-07-06T15:11:00+00:00,35.53,1017.54,37.38,0,normal
2026-07-06T15:12:00+00:00,35.62,1017.64,36.87,0,normal
2026-07-06T15:13:00+00:00,35.79,1017.67,37.06,0,normal
2026-07-06T15:14:00+00:00,35.63,1017.68,37.23,0,normal
2026-07-06T15:15:00+00:00,35.51,1017.54,37.29,0,normal
2026-07-06T15:16:00+00:00,35.5,1017.64,37.25,0,normal
2026-07-06T15:17:00+00:00,35.48,1017.69,37.46,0,normal
2026-07-06T15:18:00+00:00,35.41,1017.75,37.34,0,normal
2026-07-06T15:19:00+00:00,35.4,1017.8,37.51,0,normal
2026-07-06T15:20:00+00:00,35.41,1017.75,37.13,0,normal
2026-07-06T15:21:00+00:00,35.38,1017.82,37.23,0,normal
2026-07-06T15:22:00+00:00,35.39,1017.83,37.3,0,normal
2026-07-06T15:23:00+00:00,35.3,1017.88,37.47,0,normal
2026-07-06T15:24:00+00:00,35.26,1017.91,37.13,0,normal
2026-07-06T15:25:00+00:00,35.27,1017.92,37.4,0,normal
2026-07-06T15:26:00+00:00,35.25,1017.97,37.32,0,normal
2026-07-06T15:27:00+00:00,35.06,1017.97,37.37,0,normal
2026-07-06T15:28:00+00:00,35.07,1017.98,37.28,0,normal
2026-07-06T15:29:00+00:00,35.05,1017.94,36.9,0,normal
2026-07-06T15:30:00+00:00,35.04,1017.91,37.16,0,normal
2026-07-06T15:31:00+00:00,34.87,1017.94,37.61,0,normal
2026-07-06T15:32:00+00:00,34.86,1017.96,37.7,0,normal
2026-07-06T15:33:00+00:00,34.91,1017.95,37.5,0,normal
2026-07-06T15:34:00+00:00,34.97,1017.87,37.68,0,normal
2026-07-06T15:35:00+00:00,34.94,1017.89,37.59,0,normal
2026-07-06T15:36:00+00:00,35.06,1017.92,37.54,0,normal
2026-07-06T15:37:00+00:00,35.02,1017.93,38.04,0,normal
2026-07-06T15:38:00+00:00,34.92,1018.01,38.15,0,normal
2026-07-06T15:39:00+00:00,35.04,1018.06,38.14,0,normal
2026-07-06T15:40:00+00:00,35.12,1018.08,38.29,0,normal
2026-07-06T15:41:00+00:00,35.22,1018.1,38.19,0,normal
2026-07-06T15:42:00+00:00,35.16,1018.14,38.02,0,normal
2026-07-06T15:43:00+00:00,35.11,1018.1,38.13,0,normal
2026-07-06T15:44:00+00:00,35.04,1018.06,37.91,0,normal
2026-07-06T15:45:00+00:00,34.99,1018.05,37.98,0,normal
2026-07-06T15:46:00+00:00,34.97,1018.09,38.08,0,normal
2026-07-06T15:47:00+00:00,35.02,1018.01,37.87,0,normal
2026-07-06T15:48:00+00:00,35.06,1018.05,38.09,0,normal
2026-07-06T15:49:00+00:00,34.92,1018.05,38.05,0,normal
2026-07-06T15:50:00+00:00,34.93,1018.07,38.17,0,normal
2026-07-06T15:51:00+00:00,34.91,1018.16,38.52,0,normal
2026-07-06T15:52:00+00:00,34.82,1018.18,38.69,0,normal
2026-07-06T15:53:00+00:00,34.86,1018.18,38.73,0,normal
2026-07-06T15:54:00+00:00,34.73,1018.2,38.44,0,normal
2026-07-06T15:55:00+00:00,34.77,1018.17,38.49,0,normal
2026-07-06T15:56:00+00:00,34.79,1018.19,38.37,0,normal
2026-07-06T15:57:00+00:00,34.77,1018.27,38.31,0,normal
2026-07-06T15:58:00+00:00,34.77,1018.26,38.54,0,normal
2026-07-06T15:59:00+00:00,34.77,1018.24,38.56,0,normal
2026-07-06T16:00:00+00:00,34.74,1018.34,38.57,0,normal
2026-07-06T16:01:00+00:00,34.63,1018.38,38.95,0,normal
2026-07-06T16:02:00+00:00,34.72,1018.34,38.9,0,normal
2026-07-06T16:03:00+00:00,34.71,1018.36,38.99,0,normal
2026-07-06T16:04:00+00:00,34.68,1018.33,39.19,0,normal
2026-07-06T16:05:00+00:00,34.58,1018.31,38.96,0,normal
2026-07-06T16:06:00+00:00,34.63,1018.34,39.16,0,normal
2026-07-06T16:07:00+00:00,34.56,1018.3,39.08,0,normal
2026-07-06T16:08:00+00:00,34.55,1018.33,38.75,0,normal
2026-07-06T16:09:00+00:00,34.58,1018.31,38.66,0,normal
2026-07-06T16:10:00+00:00,34.67,1018.23,38.76,0,normal
2026-07-06T16:11:00+00:00,34.69,1018.22,38.71,0,normal
2026-07-06T16:12:00+00:00,34.77,1018.35,38.97,0,normal
2026-07-06T16:13:00+00:00,34.91,1018.34,38.68,0,normal
2026-07-06T16:14:00+00:00,34.88,1018.41,38.36,0,normal
2026-07-06T16:15:00+00:00,34.78,1018.39,38.5,0,normal
2026-07-06T16:16:00+00:00,34.78,1018.38,38.6,0,normal
2026-07-06T16:17:00+00:00,34.67,1018.38,38.41,0,normal
2026-07-06T16:18:00+00:00,34.64,1018.37,38.63,0,normal
2026-07-06T16:19:00+00:00,34.62,1018.39,39.05,0,normal
2026-07-06T16:20:00+00:00,34.63,1018.4,38.98,0,normal
2026-07-06T16:21:00+00:00,34.52,1018.42,39.09,0,normal
2026-07-06T16:22:00+00:00,34.36,1018.39,39.04,0,normal
2026-07-06T16:23:00+00:00,34.26,1018.42,39.14,0,normal
2026-07-06T16:24:00+00:00,34.25,1018.48,39.07,0,normal
2026-07-06T16:25:00+00:00,34.25,1018.45,39.19,0,normal
2026-07-06T16:26:00+00:00,34.25,1018.42,39.22,0,normal
2026-07-06T16:27:00+00:00,34.24,1018.47,39.34,0,normal
2026-07-06T16:28:00+00:00,34.18,1018.54,39.51,0,normal
2026-07-06T16:29:00+00:00,34.12,1018.51,39.43,0,normal
2026-07-06T16:30:00+00:00,34.0,1018.55,39.72,0,normal
2026-07-06T16:31:00+00:00,34.12,1018.52,39.93,0,normal
2026-07-06T16:32:00+00:00,34.13,1018.43,39.9,0,normal
2026-07-06T16:33:00+00:00,34.09,1018.53,39.77,0,normal
2026-07-06T16:34:00+00:00,34.13,1018.55,39.53,0,normal
2026-07-06T16:35:00+00:00,34.08,1018.66,39.57,0,normal
2026-07-06T16:36:00+00:00,34.15,1018.73,39.55,0,normal
2026-07-06T16:37:00+00:00,34.04,1018.69,39.91,0,normal
2026-07-06T16:38:00+00:00,34.05,1018.63,40.14,0,normal
2026-07-06T16:39:00+00:00,33.9,1018.62,40.21,0,normal
2026-07-06T16:40:00+00:00,34.1,1018.69,85.73,1,humidity_spike
2026-07-06T16:41:00+00:00,34.16,1018.79,72.74,1,humidity_spike
2026-07-06T16:42:00+00:00,34.08,1018.85,74.56,1,humidity_spike
2026-07-06T16:43:00+00:00,34.04,1018.81,76.71,1,humidity_spike
2026-07-06T16:44:00+00:00,33.93,1018.89,40.53,0,normal
2026-07-06T16:45:00+00:00,33.91,1018.93,40.77,0,normal
2026-07-06T16:46:00+00:00,33.88,1018.93,40.73,0,normal
2026-07-06T16:47:00+00:00,33.96,1018.94,40.72,0,normal
2026-07-06T16:48:00+00:00,33.98,1019.05,40.79,0,normal
2026-07-06T16:49:00+00:00,33.94,1019.16,41.1,0,normal
2026-07-06T16:50:00+00:00,34.03,1019.15,41.02,0,normal
2026-07-06T16:51:00+00:00,33.86,1019.2,41.08,0,normal
2026-07-06T16:52:00+00:00,33.71,1019.27,41.06,0,normal
2026-07-06T16:53:00+00:00,33.69,1019.2,41.21,0,normal
2026-07-06T16:54:00+00:00,33.73,1019.21,41.17,0,normal
2026-07-06T16:55:00+00:00,33.93,1019.16,41.08,0,normal
2026-07-06T16:56:00+00:00,33.97,1019.12,40.92,0,normal
2026-07-06T16:57:00+00:00,34.04,1019.16,41.09,0,normal
2026-07-06T16:58:00+00:00,34.03,1019.14,41.11,0,normal
2026-07-06T16:59:00+00:00,34.0,1019.2,41.26,0,normal
2026-07-06T17:00:00+00:00,33.9,1019.25,40.99,0,normal
2026-07-06T17:01:00+00:00,33.85,1019.2,40.9,0,normal
2026-07-06T17:02:00+00:00,33.98,1019.14,40.83,0,normal
2026-07-06T17:03:00+00:00,34.0,1019.14,40.96,0,normal
2026-07-06T17:04:00+00:00,34.08,1019.19,40.96,0,normal
2026-07-06T17:05:00+00:00,34.03,1019.23,41.18,0,normal
2026-07-06T17:06:00+00:00,34.0,1019.26,41.34,0,normal
2026-07-06T17:07:00+00:00,33.96,1019.24,41.58,0,normal
2026-07-06T17:08:00+00:00,33.95,1019.15,41.49,0,normal
2026-07-06T17:09:00+00:00,33.88,1019.16,41.82,0,normal
2026-07-06T17:10:00+00:00,34.1,1019.06,41.95,0,normal
2026-07-06T17:11:00+00:00,34.07,1019.07,42.13,0,normal
2026-07-06T17:12:00+00:00,34.03,1019.08,42.2,0,normal
2026-07-06T17:13:00+00:00,34.04,1019.12,42.3,0,normal
2026-07-06T17:14:00+00:00,33.95,1019.29,42.44,0,normal
2026-07-06T17:15:00+00:00,33.97,1019.28,42.53,0,normal
2026-07-06T17:16:00+00:00,33.94,1019.2,42.45,0,normal
2026-07-06T17:17:00+00:00,33.84,1019.19,42.3,0,normal
2026-07-06T17:18:00+00:00,33.8,1019.28,42.41,0,normal
2026-07-06T17:19:00+00:00,33.67,1019.24,42.41,0,normal
2026-07-06T17:20:00+00:00,33.52,1019.28,42.76,0,normal
2026-07-06T17:21:00+00:00,33.45,1019.3,42.74,0,normal
2026-07-06T17:22:00+00:00,33.38,1019.32,42.68,0,normal
2026-07-06T17:23:00+00:00,33.29,1019.26,42.77,0,normal
2026-07-06T17:24:00+00:00,33.36,1019.31,43.15,0,normal
2026-07-06T17:25:00+00:00,33.28,1019.37,42.99,0,normal
2026-07-06T17:26:00+00:00,33.32,1019.47,43.16,0,normal
2026-07-06T17:27:00+00:00,33.42,1019.45,43.21,0,normal
2026-07-06T17:28:00+00:00,33.32,1019.46,43.33,0,normal
2026-07-06T17:29:00+00:00,33.3,1019.45,43.3,0,normal
2026-07-06T17:30:00+00:00,33.3,1019.45,43.15,0,normal
2026-07-06T17:31:00+00:00,33.12,1019.43,42.96,0,normal
2026-07-06T17:32:00+00:00,33.03,1019.43,43.03,0,normal
2026-07-06T17:33:00+00:00,32.96,1019.55,42.88,0,normal
2026-07-06T17:34:00+00:00,33.04,1019.55,42.86,0,normal
2026-07-06T17:35:00+00:00,33.07,1019.53,42.81,0,normal
2026-07-06T17:36:00+00:00,33.19,1019.43,42.89,0,normal
2026-07-06T17:37:00+00:00,33.17,1019.52,42.93,0,normal
2026-07-06T17:38:00+00:00,33.36,1019.57,42.58,0,normal
2026-07-06T17:39:00+00:00,33.2,1019.59,42.5,0,normal
2026-07-06T17:40:00+00:00,33.21,1019.57,42.42,0,normal
2026-07-06T17:41:00+00:00,33.09,1019.62,42.18,0,normal
2026-07-06T17:42:00+00:00,33.15,1019.68,42.29,0,normal
2026-07-06T17:43:00+00:00,33.0,1019.71,42.37,0,normal
2026-07-06T17:44:00+00:00,32.85,1019.81,42.37,0,normal
2026-07-06T17:45:00+00:00,32.71,1019.82,42.54,0,normal
2026-07-06T17:46:00+00:00,32.81,1019.8,42.64,0,normal
2026-07-06T17:47:00+00:00,32.81,1019.81,42.87,0,normal
2026-07-06T17:48:00+00:00,32.8,1019.82,42.95,0,normal
2026-07-06T17:49:00+00:00,32.84,1019.8,43.28,0,normal
2026-07-06T17:50:00+00:00,32.92,1019.76,43.92,0,normal
2026-07-06T17:51:00+00:00,32.83,1019.73,44.16,0,normal
2026-07-06T17:52:00+00:00,32.84,1019.73,44.45,0,normal
2026-07-06T17:53:00+00:00,32.82,1019.84,44.55,0,normal
2026-07-06T17:54:00+00:00,32.72,1019.81,44.75,0,normal
2026-07-06T17:55:00+00:00,32.73,1019.82,44.69,0,normal
2026-07-06T17:56:00+00:00,32.78,1019.91,44.81,0,normal
2026-07-06T17:57:00+00:00,32.89,1019.95,45.36,0,normal
2026-07-06T17:58:00+00:00,32.88,1019.95,45.62,0,normal
2026-07-06T17:59:00+00:00,32.81,1019.96,45.96,0,normal
2026-07-06T18:00:00+00:00,32.83,1019.95,46.07,0,normal
2026-07-06T18:01:00+00:00,32.84,1019.98,46.28,0,normal
2026-07-06T18:02:00+00:00,32.82,1019.93,46.21,0,normal
2026-07-06T18:03:00+00:00,32.81,1019.97,46.42,0,normal
2026-07-06T18:04:00+00:00,32.71,1019.95,46.24,0,normal
2026-07-06T18:05:00+00:00,32.56,1019.95,46.59,0,normal
2026-07-06T18:06:00+00:00,32.53,1020.04,46.62,0,normal
2026-07-06T18:07:00+00:00,32.49,1019.98,46.61,0,normal
2026-07-06T18:08:00+00:00,32.36,1019.89,46.45,0,normal
2026-07-06T18:09:00+00:00,32.33,1019.85,46.43,0,normal
2026-07-06T18:10:00+00:00,32.33,1019.77,46.53,0,normal
2026-07-06T18:11:00+00:00,32.37,1019.82,46.72,0,normal
2026-07-06T18:12:00+00:00,32.32,1019.79,46.79,0,normal
2026-07-06T18:13:00+00:00,32.42,1019.8,46.85,0,normal
2026-07-06T18:14:00+00:00,32.42,1019.81,46.98,0,normal
2026-07-06T18:15:00+00:00,32.36,1019.79,47.26,0,normal
2026-07-06T18:16:00+00:00,32.16,1019.81,47.23,0,normal
2026-07-06T18:17:00+00:00,31.97,1019.76,47.31,0,normal
2026-07-06T18:18:00+00:00,31.96,1019.8,47.55,0,normal
2026-07-06T18:19:00+00:00,31.8,1019.82,47.76,0,normal
2026-07-06T18:20:00+00:00,31.8,1019.85,47.44,0,normal
2026-07-06T18:21:00+00:00,31.7,1019.91,47.47,0,normal
2026-07-06T18:22:00+00:00,31.86,1019.84,47.87,0,normal
2026-07-06T18:23:00+00:00,31.78,1019.89,47.89,0,normal
2026-07-06T18:24:00+00:00,31.77,1019.91,47.84,0,normal
2026-07-06T18:25:00+00:00,31.8,1019.89,47.96,0,normal
2026-07-06T18:26:00+00:00,31.56,1019.87,48.3,0,normal
2026-07-06T18:27:00+00:00,31.6,1019.91,48.38,0,normal
2026-07-06T18:28:00+00:00,31.71,1019.92,48.32,0,normal
2026-07-06T18:29:00+00:00,31.75,1019.96,48.52,0,normal
2026-07-06T18:30:00+00:00,31.69,1019.97,48.88,0,normal
2026-07-06T18:31:00+00:00,31.69,1019.88,48.81,0,normal
2026-07-06T18:32:00+00:00,31.61,1019.84,48.46,0,normal
2026-07-06T18:33:00+00:00,31.73,1019.8,48.39,0,normal
2026-07-06T18:34:00+00:00,31.53,1019.84,48.47,0,normal
2026-07-06T18:35:00+00:00,31.48,1019.82,48.68,0,normal
2026-07-06T18:36:00+00:00,31.41,1019.72,48.52,0,normal
2026-07-06T18:37:00+00:00,31.28,1019.74,48.81,0,normal
2026-07-06T18:38:00+00:00,31.37,1019.66,49.03,0,normal
2026-07-06T18:39:00+00:00,31.29,1019.81,49.4,0,normal
2026-07-06T18:40:00+00:00,31.41,1019.85,49.55,0,normal
2026-07-06T18:41:00+00:00,31.34,1019.81,49.47,0,normal
2026-07-06T18:42:00+00:00,31.36,1019.89,49.48,0,normal
2026-07-06T18:43:00+00:00,31.27,1019.81,49.61,0,normal
2026-07-06T18:44:00+00:00,31.34,1019.87,49.97,0,normal
2026-07-06T18:45:00+00:00,31.34,1019.87,50.3,0,normal
2026-07-06T18:46:00+00:00,31.21,1019.84,50.7,0,normal
2026-07-06T18:47:00+00:00,31.09,1019.83,50.87,0,normal
2026-07-06T18:48:00+00:00,31.07,1019.88,51.22,0,normal
2026-07-06T18:49:00+00:00,31.08,1019.94,51.06,0,normal
2026-07-06T18:50:00+00:00,31.04,1020.05,51.49,0,normal
2026-07-06T18:51:00+00:00,30.91,1020.04,51.55,0,normal
2026-07-06T18:52:00+00:00,30.92,1020.08,51.94,0,normal
2026-07-06T18:53:00+00:00,30.89,1020.12,52.08,0,normal
2026-07-06T18:54:00+00:00,30.87,1020.01,52.29,0,normal
2026-07-06T18:55:00+00:00,30.89,1020.02,52.1,0,normal
2026-07-06T18:56:00+00:00,31.01,1020.01,51.89,0,normal
2026-07-06T18:57:00+00:00,30.87,1020.03,52.07,0,normal
2026-07-06T18:58:00+00:00,30.8,1020.03,52.23,0,normal
2026-07-06T18:59:00+00:00,30.78,1019.98,52.45,0,normal
2026-07-06T19:00:00+00:00,30.82,1019.99,52.3,0,normal
2026-07-06T19:01:00+00:00,30.68,1019.98,52.52,0,normal
2026-07-06T19:02:00+00:00,30.73,1019.99,52.46,0,normal
2026-07-06T19:03:00+00:00,30.64,1019.97,52.49,0,normal
2026-07-06T19:04:00+00:00,30.7,1019.93,52.45,0,normal
2026-07-06T19:05:00+00:00,30.83,1019.99,52.32,0,normal
2026-07-06T19:06:00+00:00,30.9,1019.92,52.29,0,normal
2026-07-06T19:07:00+00:00,30.83,1019.9,52.48,0,normal
2026-07-06T19:08:00+00:00,30.79,1019.92,52.45,0,normal
2026-07-06T19:09:00+00:00,30.78,1019.9,52.24,0,normal
2026-07-06T19:10:00+00:00,30.77,1019.89,52.18,0,normal
2026-07-06T19:11:00+00:00,30.69,1019.86,52.22,0,normal
2026-07-06T19:12:00+00:00,30.78,1019.95,51.76,0,normal
2026-07-06T19:13:00+00:00,30.77,1019.98,51.84,0,normal
2026-07-06T19:14:00+00:00,30.79,1020.04,51.68,0,normal
2026-07-06T19:15:00+00:00,30.75,1020.11,51.57,0,normal
2026-07-06T19:16:00+00:00,30.69,1020.06,51.92,0,normal
2026-07-06T19:17:00+00:00,30.73,1020.04,52.06,0,normal
2026-07-06T19:18:00+00:00,30.53,1020.09,52.12,0,normal
2026-07-06T19:19:00+00:00,30.47,1020.11,52.29,0,normal
2026-07-06T19:20:00+00:00,30.51,1020.11,52.46,0,normal
2026-07-06T19:21:00+00:00,30.48,1020.02,52.55,0,normal
2026-07-06T19:22:00+00:00,30.52,1019.95,52.53,0,normal
2026-07-06T19:23:00+00:00,30.39,1019.93,52.94,0,normal
2026-07-06T19:24:00+00:00,30.39,1019.8,53.19,0,normal
2026-07-06T19:25:00+00:00,30.3,1019.81,53.27,0,normal
2026-07-06T19:26:00+00:00,30.18,1019.79,53.29,0,normal
2026-07-06T19:27:00+00:00,30.16,1019.73,53.18,0,normal
2026-07-06T19:28:00+00:00,30.18,1019.77,53.42,0,normal
2026-07-06T19:29:00+00:00,30.08,1019.71,53.4,0,normal
2026-07-06T19:30:00+00:00,30.11,1019.66,53.69,0,normal
2026-07-06T19:31:00+00:00,30.11,1019.71,54.02,0,normal
2026-07-06T19:32:00+00:00,30.11,1019.62,54.24,0,normal
2026-07-06T19:33:00+00:00,30.07,1019.59,54.61,0,normal
2026-07-06T19:34:00+00:00,30.01,1019.55,54.92,0,normal
2026-07-06T19:35:00+00:00,29.92,1019.51,54.76,0,normal
2026-07-06T19:36:00+00:00,29.81,1019.47,54.97,0,normal
2026-07-06T19:37:00+00:00,29.69,1019.37,55.11,0,normal
2026-07-06T19:38:00+00:00,29.6,1019.36,55.45,0,normal
2026-07-06T19:39:00+00:00,29.57,1019.44,55.5,0,normal
2026-07-06T19:40:00+00:00,29.62,1019.4,55.59,0,normal
2026-07-06T19:41:00+00:00,29.51,1019.36,55.61,0,normal
2026-07-06T19:42:00+00:00,29.37,1019.36,55.62,0,normal
2026-07-06T19:43:00+00:00,29.36,1019.29,55.84,0,normal
2026-07-06T19:44:00+00:00,29.46,1019.36,56.29,0,normal
2026-07-06T19:45:00+00:00,29.43,1019.34,56.45,0,normal
2026-07-06T19:46:00+00:00,29.37,1019.25,56.66,0,normal
2026-07-06T19:47:00+00:00,29.32,1019.17,56.6,0,normal
2026-07-06T19:48:00+00:00,29.26,1019.18,56.66,0,normal
2026-07-06T19:49:00+00:00,29.34,1019.11,56.69,0,normal
2026-07-06T19:50:00+00:00,29.23,1019.18,56.64,0,normal
2026-07-06T19:51:00+00:00,29.17,1019.23,56.97,0,normal
2026-07-06T19:52:00+00:00,29.25,1019.23,57.12,1,sensor_drift
2026-07-06T19:53:00+00:00,29.23,1019.3,57.19,1,sensor_drift
2026-07-06T19:54:00+00:00,29.3,1019.44,57.42,1,sensor_drift
2026-07-06T19:55:00+00:00,29.27,1019.63,57.39,1,sensor_drift
2026-07-06T19:56:00+00:00,29.09,1019.68,57.46,1,sensor_drift
2026-07-06T19:57:00+00:00,29.16,1019.73,57.61,1,sensor_drift
2026-07-06T19:58:00+00:00,29.0,1019.85,57.68,1,sensor_drift
2026-07-06T19:59:00+00:00,28.94,1020.03,57.95,1,sensor_drift
2026-07-06T20:00:00+00:00,28.82,1020.09,58.55,1,sensor_drift
2026-07-06T20:01:00+00:00,28.95,1020.2,58.2,1,sensor_drift
2026-07-06T20:02:00+00:00,29.01,1020.23,58.51,1,sensor_drift
2026-07-06T20:03:00+00:00,28.91,1020.32,58.42,1,sensor_drift
2026-07-06T20:04:00+00:00,28.84,1020.41,58.2,1,sensor_drift
2026-07-06T20:05:00+00:00,28.99,1020.42,58.04,1,sensor_drift
2026-07-06T20:06:00+00:00,28.99,1020.55,58.05,1,sensor_drift
2026-07-06T20:07:00+00:00,28.86,1020.56,57.93,1,sensor_drift
2026-07-06T20:08:00+00:00,28.84,1020.62,58.1,1,sensor_drift
2026-07-06T20:09:00+00:00,28.82,1020.73,58.11,1,sensor_drift
2026-07-06T20:10:00+00:00,28.71,1020.8,58.19,1,sensor_drift
2026-07-06T20:11:00+00:00,28.69,1020.82,58.41,1,sensor_drift
2026-07-06T20:12:00+00:00,28.55,1020.87,58.72,1,sensor_drift
2026-07-06T20:13:00+00:00,28.43,1020.98,58.51,1,sensor_drift
2026-07-06T20:14:00+00:00,28.27,1020.97,58.63,1,sensor_drift
2026-07-06T20:15:00+00:00,28.3,1021.1,58.96,1,sensor_drift
2026-07-06T20:16:00+00:00,28.34,1021.12,58.87,1,sensor_drift
2026-07-06T20:17:00+00:00,28.37,1021.26,58.76,1,sensor_drift
2026-07-06T20:18:00+00:00,28.43,1021.23,58.94,1,sensor_drift
2026-07-06T20:19:00+00:00,28.38,1021.28,59.04,1,sensor_drift
2026-07-06T20:20:00+00:00,28.27,1021.37,59.15,1,sensor_drift
2026-07-06T20:21:00+00:00,28.31,1021.52,59.27,1,sensor_drift
2026-07-06T20:22:00+00:00,28.2,1019.04,59.7,0,normal
2026-07-06T20:23:00+00:00,28.29,1019.07,59.79,0,normal
2026-07-06T20:24:00+00:00,28.31,1019.12,59.75,0,normal
2026-07-06T20:25:00+00:00,28.27,1019.04,59.81,0,normal
2026-07-06T20:26:00+00:00,28.35,1019.08,59.93,0,normal
2026-07-06T20:27:00+00:00,28.08,1019.03,60.03,0,normal
2026-07-06T20:28:00+00:00,28.03,1019.01,60.17,0,normal
2026-07-06T20:29:00+00:00,27.95,1018.99,60.23,0,normal
2026-07-06T20:30:00+00:00,27.85,1019.07,60.22,0,normal
2026-07-06T20:31:00+00:00,27.64,1019.13,60.14,0,normal
2026-07-06T20:32:00+00:00,27.69,1019.07,60.36,0,normal
2026-07-06T20:33:00+00:00,27.66,1019.1,60.41,0,normal
2026-07-06T20:34:00+00:00,27.58,1019.09,60.44,0,normal
2026-07-06T20:35:00+00:00,27.4,1019.03,61.11,0,normal
2026-07-06T20:36:00+00:00,27.23,1019.02,61.14,0,normal
2026-07-06T20:37:00+00:00,27.37,1018.94,61.24,0,normal
2026-07-06T20:38:00+00:00,27.4,1018.91,61.16,0,normal
2026-07-06T20:39:00+00:00,27.38,1018.87,61.19,0,normal
2026-07-06T20:40:00+00:00,27.43,1018.87,61.39,0,normal
2026-07-06T20:41:00+00:00,27.43,1018.9,61.74,0,normal
2026-07-06T20:42:00+00:00,27.37,1018.92,61.55,0,normal
2026-07-06T20:43:00+00:00,27.17,1018.99,61.58,0,normal
2026-07-06T20:44:00+00:00,27.17,1018.9,61.41,0,normal
2026-07-06T20:45:00+00:00,27.09,1018.9,61.42,0,normal
2026-07-06T20:46:00+00:00,27.04,1018.84,61.76,0,normal
2026-07-06T20:47:00+00:00,27.09,1018.79,62.0,0,normal
2026-07-06T20:48:00+00:00,27.05,1018.75,62.08,0,normal
2026-07-06T20:49:00+00:00,27.08,1018.69,62.27,0,normal
2026-07-06T20:50:00+00:00,27.25,1018.68,62.37,0,normal
2026-07-06T20:51:00+00:00,27.21,1018.68,62.13,0,normal
2026-07-06T20:52:00+00:00,27.31,1018.71,62.11,0,normal
2026-07-06T20:53:00+00:00,27.27,1018.66,62.28,0,normal
2026-07-06T20:54:00+00:00,27.24,1018.66,62.18,0,normal
2026-07-06T20:55:00+00:00,27.16,1018.69,62.19,0,normal
2026-07-06T20:56:00+00:00,26.91,1018.66,62.8,0,normal
2026-07-06T20:57:00+00:00,26.95,1018.61,62.89,0,normal
2026-07-06T20:58:00+00:00,26.97,1018.5,62.81,0,normal
2026-07-06T20:59:00+00:00,26.97,1018.57,62.83,0,normal
2026-07-06T21:00:00+00:00,27.06,1018.51,62.27,0,normal
2026-07-06T21:01:00+00:00,27.07,1018.52,62.56,0,normal
2026-07-06T21:02:00+00:00,27.08,1018.51,62.64,0,normal
2026-07-06T21:03:00+00:00,27.02,1018.46,62.7,0,normal
2026-07-06T21:04:00+00:00,26.83,1018.38,62.8,0,normal
2026-07-06T21:05:00+00:00,26.61,1018.27,62.87,0,normal
2026-07-06T21:06:00+00:00,26.58,1018.24,62.53,0,normal
2026-07-06T21:07:00+00:00,26.67,1018.16,62.53,0,normal
2026-07-06T21:08:00+00:00,26.54,1018.22,62.78,0,normal
2026-07-06T21:09:00+00:00,26.47,1018.18,62.98,0,normal
2026-07-06T21:10:00+00:00,26.34,1018.19,63.02,0,normal
2026-07-06T21:11:00+00:00,26.36,1018.21,63.06,0,normal
2026-07-06T21:12:00+00:00,26.17,1018.18,62.93,0,normal
2026-07-06T21:13:00+00:00,26.16,1018.16,62.98,0,normal
2026-07-06T21:14:00+00:00,26.04,1018.21,63.07,0,normal
2026-07-06T21:15:00+00:00,26.21,1018.19,63.31,0,normal
2026-07-06T21:16:00+00:00,26.19,1018.2,63.7,0,normal
2026-07-06T21:17:00+00:00,26.26,1018.09,64.02,0,normal
2026-07-06T21:18:00+00:00,26.27,1018.08,64.5,0,normal
2026-07-06T21:19:00+00:00,26.38,1018.12,64.52,0,normal
2026-07-06T21:20:00+00:00,26.24,1018.14,64.92,0,normal
2026-07-06T21:21:00+00:00,26.05,1018.18,64.98,0,normal
2026-07-06T21:22:00+00:00,25.88,1018.18,65.27,0,normal
2026-07-06T21:23:00+00:00,25.83,1018.11,65.72,0,normal
2026-07-06T21:24:00+00:00,25.76,1018.15,65.5,0,normal
2026-07-06T21:25:00+00:00,25.78,1018.15,65.78,0,normal
2026-07-06T21:26:00+00:00,25.88,1018.09,65.98,0,normal
2026-07-06T21:27:00+00:00,25.74,1018.0,65.95,0,normal
2026-07-06T21:28:00+00:00,25.76,1018.07,66.41,0,normal
2026-07-06T21:29:00+00:00,25.71,1018.07,66.68,0,normal
2026-07-06T21:30:00+00:00,25.75,1018.04,66.76,0,normal
2026-07-06T21:31:00+00:00,25.71,1018.01,66.76,0,normal
2026-07-06T21:32:00+00:00,25.68,1017.97,66.61,0,normal
2026-07-06T21:33:00+00:00,25.72,1017.98,67.07,0,normal
2026-07-06T21:34:00+00:00,25.72,1017.94,67.01,0,normal
2026-07-06T21:35:00+00:00,25.7,1017.95,67.04,0,normal
2026-07-06T21:36:00+00:00,25.55,1017.9,67.12,0,normal
2026-07-06T21:37:00+00:00,25.59,1017.8,67.25,0,normal
2026-07-06T21:38:00+00:00,25.58,1017.77,67.21,0,normal
2026-07-06T21:39:00+00:00,25.49,1017.76,67.52,0,normal
2026-07-06T21:40:00+00:00,25.56,1017.7,67.56,0,normal
2026-07-06T21:41:00+00:00,25.35,1017.69,67.76,0,normal
2026-07-06T21:42:00+00:00,25.46,1017.59,67.61,0,normal
2026-07-06T21:43:00+00:00,25.44,1017.5,67.73,0,normal
2026-07-06T21:44:00+00:00,25.46,1017.44,67.84,0,normal
2026-07-06T21:45:00+00:00,25.33,1017.51,67.96,0,normal
2026-07-06T21:46:00+00:00,25.25,1017.44,68.12,0,normal
2026-07-06T21:47:00+00:00,25.34,1017.4,68.11,0,normal
2026-07-06T21:48:00+00:00,25.25,1017.48,67.81,0,normal
2026-07-06T21:49:00+00:00,25.32,1017.45,67.9,0,normal
2026-07-06T21:50:00+00:00,25.26,1017.46,67.86,0,normal
2026-07-06T21:51:00+00:00,25.31,1017.51,67.77,0,normal
2026-07-06T21:52:00+00:00,25.33,1017.48,67.9,0,normal
2026-07-06T21:53:00+00:00,25.42,1017.44,68.2,0,normal
2026-07-06T21:54:00+00:00,25.41,1017.42,68.38,0,normal
2026-07-06T21:55:00+00:00,25.39,1017.36,68.36,0,normal
2026-07-06T21:56:00+00:00,25.26,1017.34,68.74,0,normal
2026-07-06T21:57:00+00:00,25.26,1017.26,68.78,0,normal
2026-07-06T21:58:00+00:00,25.24,1017.3,68.74,0,normal
2026-07-06T21:59:00+00:00,25.1,1017.29,68.96,0,normal
2026-07-06T22:00:00+00:00,25.08,1017.24,69.41,0,normal
2026-07-06T22:01:00+00:00,25.04,1017.25,69.35,0,normal
2026-07-06T22:02:00+00:00,25.09,1017.27,69.5,0,normal
2026-07-06T22:03:00+00:00,24.95,1017.32,69.74,0,normal
2026-07-06T22:04:00+00:00,25.0,1017.32,69.8,0,normal
2026-07-06T22:05:00+00:00,24.95,1017.42,69.77,0,normal
2026-07-06T22:06:00+00:00,24.81,1017.39,69.74,0,normal
2026-07-06T22:07:00+00:00,24.88,1017.31,69.72,0,normal
2026-07-06T22:08:00+00:00,24.86,1017.36,69.96,0,normal
2026-07-06T22:09:00+00:00,24.95,1017.36,70.01,0,normal
2026-07-06T22:10:00+00:00,24.98,1017.28,69.76,0,normal
2026-07-06T22:11:00+00:00,25.01,1017.28,70.06,0,normal
2026-07-06T22:12:00+00:00,24.89,1017.33,70.29,0,normal
2026-07-06T22:13:00+00:00,24.84,1017.32,70.44,0,normal
2026-07-06T22:14:00+00:00,24.73,1017.29,70.6,0,normal
2026-07-06T22:15:00+00:00,24.65,1017.2,70.74,0,normal
2026-07-06T22:16:00+00:00,24.68,1017.24,70.93,0,normal
2026-07-06T22:17:00+00:00,24.71,1017.28,71.02,0,normal
2026-07-06T22:18:00+00:00,24.49,1017.32,70.91,0,normal
2026-07-06T22:19:00+00:00,24.37,1017.24,71.5,0,normal
2026-07-06T22:20:00+00:00,24.38,1017.17,71.42,0,normal
2026-07-06T22:21:00+00:00,24.34,1017.19,71.55,0,normal
2026-07-06T22:22:00+00:00,24.24,1017.19,71.49,0,normal
2026-07-06T22:23:00+00:00,24.29,1017.17,71.41,0,normal
2026-07-06T22:24:00+00:00,24.32,1017.18,71.4,0,normal
2026-07-06T22:25:00+00:00,24.34,1017.19,71.73,0,normal
2026-07-06T22:26:00+00:00,24.36,1017.16,71.46,0,normal
2026-07-06T22:27:00+00:00,24.34,1017.16,71.57,0,normal
2026-07-06T22:28:00+00:00,24.06,1017.18,71.48,0,normal
2026-07-06T22:29:00+00:00,24.09,1017.25,71.53,0,normal
2026-07-06T22:30:00+00:00,24.09,1017.22,71.73,0,normal
2026-07-06T22:31:00+00:00,24.07,1017.18,71.65,0,normal
2026-07-06T22:32:00+00:00,24.17,1017.18,71.92,0,normal
2026-07-06T22:33:00+00:00,24.16,1017.2,71.84,0,normal
2026-07-06T22:34:00+00:00,24.13,1017.2,72.2,0,normal
2026-07-06T22:35:00+00:00,24.3,1017.2,72.16,0,normal
2026-07-06T22:36:00+00:00,24.16,1017.13,72.1,0,normal
2026-07-06T22:37:00+00:00,23.88,1017.08,72.35,0,normal
2026-07-06T22:38:00+00:00,23.86,1017.04,72.12,0,normal
2026-07-06T22:39:00+00:00,23.91,1017.05,72.23,0,normal
2026-07-06T22:40:00+00:00,23.7,1017.0,72.43,0,normal
2026-07-06T22:41:00+00:00,23.67,1017.0,72.67,0,normal
2026-07-06T22:42:00+00:00,23.66,1017.01,72.6,0,normal
2026-07-06T22:43:00+00:00,23.54,1017.01,72.84,0,normal
2026-07-06T22:44:00+00:00,23.56,1017.0,72.87,0,normal
2026-07-06T22:45:00+00:00,23.55,1017.0,73.05,0,normal
2026-07-06T22:46:00+00:00,23.74,1016.93,73.79,0,normal
2026-07-06T22:47:00+00:00,23.6,1016.93,73.62,0,normal
2026-07-06T22:48:00+00:00,23.59,1016.96,73.7,0,normal
2026-07-06T22:49:00+00:00,23.64,1016.92,73.36,0,normal
2026-07-06T22:50:00+00:00,23.66,1016.9,73.36,0,normal
2026-07-06T22:51:00+00:00,23.59,1016.91,73.3,0,normal
2026-07-06T22:52:00+00:00,23.58,1016.95,73.81,0,normal
2026-07-06T22:53:00+00:00,23.66,1016.93,73.95,0,normal
2026-07-06T22:54:00+00:00,23.59,1016.89,74.21,0,normal
2026-07-06T22:55:00+00:00,23.53,1016.89,74.09,0,normal
2026-07-06T22:56:00+00:00,23.6,1016.85,74.39,0,normal
2026-07-06T22:57:00+00:00,23.5,1016.79,74.72,0,normal
2026-07-06T22:58:00+00:00,23.41,1016.7,74.57,0,normal
2026-07-06T22:59:00+00:00,23.45,1016.72,74.49,0,normal
2026-07-06T23:00:00+00:00,23.36,1016.74,74.83,0,normal
2026-07-06T23:01:00+00:00,23.32,1016.75,75.07,0,normal
2026-07-06T23:02:00+00:00,23.46,1016.68,75.0,0,normal
2026-07-06T23:03:00+00:00,23.38,1016.71,75.01,0,normal
2026-07-06T23:04:00+00:00,23.36,1016.7,75.08,0,normal
2026-07-06T23:05:00+00:00,23.33,1016.73,74.95,0,normal
2026-07-06T23:06:00+00:00,23.28,1016.65,75.08,0,normal
2026-07-06T23:07:00+00:00,23.23,1016.69,75.15,0,normal
2026-07-06T23:08:00+00:00,23.15,1016.66,75.57,0,normal
2026-07-06T23:09:00+00:00,22.99,1016.62,75.64,0,normal
2026-07-06T23:10:00+00:00,22.92,1016.63,75.69,0,normal
2026-07-06T23:11:00+00:00,22.91,1016.62,75.73,0,normal
2026-07-06T23:12:00+00:00,22.78,1016.61,75.44,0,normal
2026-07-06T23:13:00+00:00,22.71,1016.62,75.76,0,normal
2026-07-06T23:14:00+00:00,22.88,1016.58,75.65,0,normal
2026-07-06T23:15:00+00:00,22.89,1016.66,76.04,0,normal
2026-07-06T23:16:00+00:00,22.78,1016.64,76.27,0,normal
2026-07-06T23:17:00+00:00,22.83,1016.65,76.23,0,normal
2026-07-06T23:18:00+00:00,22.85,1016.68,76.11,0,normal
2026-07-06T23:19:00+00:00,22.92,1016.7,76.03,0,normal
2026-07-06T23:20:00+00:00,22.96,1016.72,76.28,0,normal
2026-07-06T23:21:00+00:00,23.05,1016.7,76.41,0,normal
2026-07-06T23:22:00+00:00,22.79,1016.73,76.68,0,normal
2026-07-06T23:23:00+00:00,22.87,1016.66,76.93,0,normal
2026-07-06T23:24:00+00:00,22.91,1016.61,77.19,0,normal
2026-07-06T23:25:00+00:00,22.91,1016.5,77.34,0,normal
2026-07-06T23:26:00+00:00,22.8,1016.4,77.45,0,normal
2026-07-06T23:27:00+00:00,22.76,1016.46,77.52,0,normal
2026-07-06T23:28:00+00:00,22.79,1016.47,77.75,0,normal
2026-07-06T23:29:00+00:00,22.68,1016.47,77.75,0,normal
2026-07-06T23:30:00+00:00,22.69,1016.47,77.65,0,normal
2026-07-06T23:31:00+00:00,22.63,1016.54,77.35,0,normal
2026-07-06T23:32:00+00:00,22.65,1016.58,77.52,0,normal
2026-07-06T23:33:00+00:00,22.77,1016.61,77.64,0,normal
2026-07-06T23:34:00+00:00,22.69,1016.6,77.82,0,normal
2026-07-06T23:35:00+00:00,22.65,1016.54,77.62,0,normal
2026-07-06T23:36:00+00:00,22.62,1016.45,77.58,0,normal
2026-07-06T23:37:00+00:00,22.39,1016.48,77.87,0,normal
2026-07-06T23:38:00+00:00,22.36,1016.55,78.19,0,normal
2026-07-06T23:39:00+00:00,22.37,1016.52,78.16,0,normal
2026-07-06T23:40:00+00:00,22.39,1016.5,78.31,0,normal
2026-07-06T23:41:00+00:00,22.4,1016.47,78.56,0,normal
2026-07-06T23:42:00+00:00,22.35,1016.45,78.39,0,normal
2026-07-06T23:43:00+00:00,22.3,1016.54,78.25,0,normal
2026-07-06T23:44:00+00:00,22.3,1016.5,77.86,0,normal
2026-07-06T23:45:00+00:00,22.31,1016.45,77.99,0,normal
2026-07-06T23:46:00+00:00,22.36,1016.44,78.13,0,normal
2026-07-06T23:47:00+00:00,22.25,1016.46,78.16,0,normal
2026-07-06T23:48:00+00:00,22.06,1016.48,78.45,0,normal
2026-07-06T23:49:00+00:00,46.67,1043.96,97.84,1,multivariate_inconsistency
2026-07-06T23:50:00+00:00,46.67,1046.7,96.36,1,multivariate_inconsistency
2026-07-06T23:51:00+00:00,47.29,1043.4,97.86,1,multivariate_inconsistency
2026-07-06T23:52:00+00:00,46.24,1046.98,96.81,1,multivariate_inconsistency
2026-07-06T23:53:00+00:00,45.91,1045.33,95.62,1,multivariate_inconsistency
2026-07-06T23:54:00+00:00,46.72,1044.41,96.28,1,multivariate_inconsistency
2026-07-06T23:55:00+00:00,21.8,1016.44,78.68,0,normal
2026-07-06T23:56:00+00:00,21.72,1016.46,78.62,0,normal
2026-07-06T23:57:00+00:00,21.76,1016.52,78.4,0,normal
2026-07-06T23:58:00+00:00,21.71,1016.49,78.38,0,normal
2026-07-06T23:59:00+00:00,21.64,1016.44,78.47,0,normal
2026-07-07T00:00:00+00:00,21.64,1016.47,78.55,0,normal
2026-07-07T00:01:00+00:00,21.72,1016.42,78.4,0,normal
2026-07-07T00:02:00+00:00,21.67,1016.42,78.67,0,normal
2026-07-07T00:03:00+00:00,21.77,1016.42,78.91,0,normal
2026-07-07T00:04:00+00:00,21.85,1016.36,78.94,0,normal
2026-07-07T00:05:00+00:00,22.04,1016.39,79.12,0,normal
2026-07-07T00:06:00+00:00,22.07,1016.3,79.07,0,normal
2026-07-07T00:07:00+00:00,21.95,1016.31,79.07,0,normal
2026-07-07T00:08:00+00:00,21.92,1016.28,78.83,0,normal
2026-07-07T00:09:00+00:00,21.95,1016.18,78.78,0,normal
2026-07-07T00:10:00+00:00,21.81,1016.13,78.92,0,normal
2026-07-07T00:11:00+00:00,21.87,1016.04,78.91,0,normal
2026-07-07T00:12:00+00:00,21.7,1016.01,79.02,0,normal
2026-07-07T00:13:00+00:00,21.73,1015.91,79.23,0,normal
2026-07-07T00:14:00+00:00,21.62,1015.85,79.33,0,normal
2026-07-07T00:15:00+00:00,21.64,1015.86,79.2,0,normal
2026-07-07T00:16:00+00:00,21.6,1015.83,79.42,0,normal
2026-07-07T00:17:00+00:00,21.66,1015.89,79.5,0,normal
2026-07-07T00:18:00+00:00,21.72,1015.84,79.95,0,normal
2026-07-07T00:19:00+00:00,21.6,1015.75,80.29,0,normal
2026-07-07T00:20:00+00:00,21.51,1015.77,80.14,0,normal
2026-07-07T00:21:00+00:00,21.67,1015.87,80.51,0,normal
2026-07-07T00:22:00+00:00,21.64,1015.93,80.55,0,normal
2026-07-07T00:23:00+00:00,21.7,1015.91,80.91,0,normal
2026-07-07T00:24:00+00:00,21.62,1015.9,80.85,0,normal
2026-07-07T00:25:00+00:00,21.6,1015.89,80.99,0,normal
2026-07-07T00:26:00+00:00,21.53,1015.94,81.32,0,normal
2026-07-07T00:27:00+00:00,21.5,1016.05,81.57,0,normal
2026-07-07T00:28:00+00:00,21.64,1016.05,81.25,0,normal
2026-07-07T00:29:00+00:00,21.54,1016.02,81.08,0,normal
2026-07-07T00:30:00+00:00,21.33,1016.07,80.75,0,normal
2026-07-07T00:31:00+00:00,21.38,1016.17,80.65,0,normal
2026-07-07T00:32:00+00:00,21.38,1016.15,80.88,0,normal
2026-07-07T00:33:00+00:00,21.25,1016.14,81.16,0,normal
2026-07-07T00:34:00+00:00,21.22,1016.05,81.46,0,normal
2026-07-07T00:35:00+00:00,21.09,1016.05,81.6,0,normal
2026-07-07T00:36:00+00:00,21.08,1016.18,81.78,0,normal
2026-07-07T00:37:00+00:00,21.05,1016.2,81.84,0,normal
2026-07-07T00:38:00+00:00,21.03,1016.21,81.77,0,normal
2026-07-07T00:39:00+00:00,21.03,1016.17,81.42,0,normal
2026-07-07T00:40:00+00:00,21.11,1016.14,81.49,0,normal
2026-07-07T00:41:00+00:00,21.02,1016.1,81.33,0,normal
2026-07-07T00:42:00+00:00,21.08,1016.16,81.39,0,normal
2026-07-07T00:43:00+00:00,21.01,1016.07,81.6,0,normal
2026-07-07T00:44:00+00:00,20.94,1016.01,81.65,0,normal
2026-07-07T00:45:00+00:00,20.89,1015.94,81.42,0,normal
2026-07-07T00:46:00+00:00,20.9,1015.91,81.58,0,normal
2026-07-07T00:47:00+00:00,20.9,1015.97,81.47,0,normal
2026-07-07T00:48:00+00:00,20.9,1016.01,81.4,0,normal
2026-07-07T00:49:00+00:00,20.97,1015.93,81.3,0,normal
2026-07-07T00:50:00+00:00,20.81,1015.9,81.34,0,normal
2026-07-07T00:51:00+00:00,20.86,1015.9,81.3,0,normal
2026-07-07T00:52:00+00:00,20.72,1015.85,81.44,0,normal
2026-07-07T00:53:00+00:00,20.78,1015.84,81.75,0,normal
2026-07-07T00:54:00+00:00,20.69,1015.84,81.75,0,normal
2026-07-07T00:55:00+00:00,20.8,1015.86,81.45,0,normal
2026-07-07T00:56:00+00:00,20.86,1015.96,81.48,0,normal
2026-07-07T00:57:00+00:00,20.76,1016.01,81.95,0,normal
2026-07-07T00:58:00+00:00,20.81,1015.94,82.16,0,normal
2026-07-07T00:59:00+00:00,20.82,1015.9,82.46,0,normal
2026-07-07T01:00:00+00:00,20.84,1015.98,82.28,0,normal
2026-07-07T01:01:00+00:00,20.85,1015.94,82.38,0,normal
2026-07-07T01:02:00+00:00,20.94,1015.88,82.15,0,normal
2026-07-07T01:03:00+00:00,20.99,1015.89,82.44,0,normal
2026-07-07T01:04:00+00:00,20.89,1015.91,82.62,0,normal
2026-07-07T01:05:00+00:00,20.88,1015.83,83.22,0,normal
2026-07-07T01:06:00+00:00,20.87,1015.78,83.29,0,normal
2026-07-07T01:07:00+00:00,20.87,1015.85,83.48,0,normal
2026-07-07T01:08:00+00:00,20.83,1015.78,83.57,0,normal
2026-07-07T01:09:00+00:00,20.67,1015.86,83.42,0,normal
2026-07-07T01:10:00+00:00,20.7,1015.84,83.32,0,normal
2026-07-07T01:11:00+00:00,20.61,1015.9,83.21,0,normal
2026-07-07T01:12:00+00:00,20.66,1015.88,83.18,0,normal
2026-07-07T01:13:00+00:00,20.64,1015.91,83.02,0,normal
2026-07-07T01:14:00+00:00,20.68,1015.91,83.16,0,normal
2026-07-07T01:15:00+00:00,20.65,1015.95,83.1,0,normal
2026-07-07T01:16:00+00:00,20.57,1015.99,83.03,0,normal
2026-07-07T01:17:00+00:00,20.66,1016.01,82.79,0,normal
2026-07-07T01:18:00+00:00,20.59,1015.97,83.05,0,normal
2026-07-07T01:19:00+00:00,20.64,1015.98,83.15,0,normal
2026-07-07T01:20:00+00:00,20.6,1016.04,83.28,0,normal
2026-07-07T01:21:00+00:00,20.64,1016.04,83.19,0,normal
2026-07-07T01:22:00+00:00,20.67,1016.13,83.44,0,normal
2026-07-07T01:23:00+00:00,20.77,1016.14,83.27,0,normal
2026-07-07T01:24:00+00:00,20.67,1016.22,82.93,0,normal
2026-07-07T01:25:00+00:00,20.76,1016.19,83.37,0,normal
2026-07-07T01:26:00+00:00,20.72,1016.23,83.87,0,normal
2026-07-07T01:27:00+00:00,20.66,1016.22,83.74,0,normal
2026-07-07T01:28:00+00:00,20.55,1016.2,83.65,0,normal
2026-07-07T01:29:00+00:00,20.43,1016.2,83.76,0,normal
2026-07-07T01:30:00+00:00,20.34,1016.2,84.05,0,normal
2026-07-07T01:31:00+00:00,20.21,1016.3,83.92,0,normal
2026-07-07T01:32:00+00:00,20.22,1016.37,84.25,0,normal
2026-07-07T01:33:00+00:00,20.25,1016.34,84.09,0,normal
2026-07-07T01:34:00+00:00,20.2,1016.43,84.02,0,normal
2026-07-07T01:35:00+00:00,20.21,1016.38,83.79,0,normal
2026-07-07T01:36:00+00:00,20.21,1016.36,83.77,0,normal
2026-07-07T01:37:00+00:00,20.08,1016.36,84.1,0,normal
2026-07-07T01:38:00+00:00,20.01,1016.41,83.42,0,normal
2026-07-07T01:39:00+00:00,19.94,1016.32,83.71,0,normal
2026-07-07T01:40:00+00:00,20.02,1016.27,83.79,0,normal
2026-07-07T01:41:00+00:00,20.11,1016.35,83.74,0,normal
2026-07-07T01:42:00+00:00,19.93,1016.31,83.92,0,normal
2026-07-07T01:43:00+00:00,20.1,1016.31,83.83,0,normal
2026-07-07T01:44:00+00:00,20.28,1016.34,83.61,0,normal
2026-07-07T01:45:00+00:00,20.26,1016.4,83.63,0,normal
2026-07-07T01:46:00+00:00,20.31,1016.32,83.39,0,normal
2026-07-07T01:47:00+00:00,20.23,1016.32,83.51,0,normal
2026-07-07T01:48:00+00:00,20.27,1016.45,83.41,0,normal
2026-07-07T01:49:00+00:00,20.23,1016.42,83.68,0,normal
2026-07-07T01:50:00+00:00,20.3,1016.4,84.13,0,normal
2026-07-07T01:51:00+00:00,20.23,1016.46,84.44,0,normal
2026-07-07T01:52:00+00:00,20.1,1016.5,83.9,0,normal
2026-07-07T01:53:00+00:00,20.16,1016.45,84.05,0,normal
2026-07-07T01:54:00+00:00,20.21,1016.51,84.25,0,normal
2026-07-07T01:55:00+00:00,20.2,1016.49,84.25,0,normal
2026-07-07T01:56:00+00:00,20.09,1016.49,84.21,0,normal
2026-07-07T01:57:00+00:00,20.02,1016.41,83.98,0,normal
2026-07-07T01:58:00+00:00,19.76,1016.4,84.08,0,normal
2026-07-07T01:59:00+00:00,19.55,1016.43,84.08,0,normal
2026-07-07T02:00:00+00:00,19.48,1016.42,84.32,0,normal
2026-07-07T02:01:00+00:00,19.42,1016.43,84.41,0,normal
2026-07-07T02:02:00+00:00,19.38,1016.5,84.5,0,normal
2026-07-07T02:03:00+00:00,19.38,1016.62,84.71,0,normal
2026-07-07T02:04:00+00:00,19.27,1016.61,85.21,0,normal
2026-07-07T02:05:00+00:00,19.22,1016.62,85.43,0,normal
2026-07-07T02:06:00+00:00,19.31,1016.66,85.54,0,normal
2026-07-07T02:07:00+00:00,19.34,1016.63,85.59,0,normal
2026-07-07T02:08:00+00:00,19.33,1016.61,85.84,0,normal
2026-07-07T02:09:00+00:00,19.32,1016.7,85.84,0,normal
2026-07-07T02:10:00+00:00,19.34,1016.61,86.21,0,normal
2026-07-07T02:11:00+00:00,19.36,1016.51,86.33,0,normal
2026-07-07T02:12:00+00:00,19.38,1016.48,86.44,0,normal
2026-07-07T02:13:00+00:00,19.2,1016.46,86.3,0,normal
2026-07-07T02:14:00+00:00,19.3,1016.59,86.17,0,normal
2026-07-07T02:15:00+00:00,19.36,1016.74,86.1,0,normal
2026-07-07T02:16:00+00:00,19.43,1016.68,86.43,0,normal
2026-07-07T02:17:00+00:00,19.39,1016.7,86.4,0,normal
2026-07-07T02:18:00+00:00,19.42,1016.69,86.37,0,normal
2026-07-07T02:19:00+00:00,19.58,1016.81,86.25,0,normal
2026-07-07T02:20:00+00:00,19.55,1016.78,86.72,0,normal
2026-07-07T02:21:00+00:00,19.58,1016.84,86.76,0,normal
2026-07-07T02:22:00+00:00,19.77,1016.83,86.44,0,normal
2026-07-07T02:23:00+00:00,19.92,1016.88,86.45,0,normal
2026-07-07T02:24:00+00:00,20.04,1016.91,86.69,0,normal
2026-07-07T02:25:00+00:00,20.04,1016.96,86.7,0,normal
2026-07-07T02:26:00+00:00,20.01,1016.95,86.53,0,normal
2026-07-07T02:27:00+00:00,20.02,1016.93,86.53,0,normal
2026-07-07T02:28:00+00:00,20.04,1016.94,86.49,0,normal
2026-07-07T02:29:00+00:00,19.98,1016.93,86.07,0,normal
2026-07-07T02:30:00+00:00,19.97,1016.89,86.03,0,normal
2026-07-07T02:31:00+00:00,19.9,1016.79,86.42,0,normal
2026-07-07T02:32:00+00:00,19.88,1016.88,86.24,0,normal
2026-07-07T02:33:00+00:00,20.01,1016.83,86.2,0,normal
2026-07-07T02:34:00+00:00,19.91,1016.97,86.08,0,normal
2026-07-07T02:35:00+00:00,19.97,1017.0,86.02,0,normal
2026-07-07T02:36:00+00:00,20.01,1017.07,86.09,0,normal
2026-07-07T02:37:00+00:00,20.01,1017.1,86.41,0,normal
2026-07-07T02:38:00+00:00,19.97,1017.01,86.11,0,normal
2026-07-07T02:39:00+00:00,19.88,1016.97,85.88,0,normal
2026-07-07T02:40:00+00:00,19.87,1017.0,85.87,0,normal
2026-07-07T02:41:00+00:00,19.81,1017.05,85.93,0,normal
2026-07-07T02:42:00+00:00,19.94,1017.1,85.8,0,normal
2026-07-07T02:43:00+00:00,20.04,1017.12,85.91,0,normal
2026-07-07T02:44:00+00:00,20.08,1017.12,85.87,0,normal
2026-07-07T02:45:00+00:00,20.06,1017.08,85.39,0,normal
2026-07-07T02:46:00+00:00,19.99,1017.1,85.58,0,normal
2026-07-07T02:47:00+00:00,20.05,1017.1,85.4,0,normal
2026-07-07T02:48:00+00:00,20.02,1017.06,84.95,0,normal
2026-07-07T02:49:00+00:00,19.89,1017.14,85.31,0,normal
2026-07-07T02:50:00+00:00,19.95,1017.14,85.0,0,normal
2026-07-07T02:51:00+00:00,19.93,1017.18,85.16,0,normal
2026-07-07T02:52:00+00:00,19.98,1017.25,85.52,0,normal
2026-07-07T02:53:00+00:00,19.94,1017.39,85.08,0,normal
2026-07-07T02:54:00+00:00,19.87,1017.4,85.17,0,normal
2026-07-07T02:55:00+00:00,19.85,1017.38,85.59,0,normal
2026-07-07T02:56:00+00:00,19.81,1017.33,85.88,0,normal
2026-07-07T02:57:00+00:00,19.88,1017.38,85.86,0,normal
2026-07-07T02:58:00+00:00,19.77,1017.39,85.5,0,normal
2026-07-07T02:59:00+00:00,19.79,1017.42,85.67,0,normal
2026-07-07T03:00:00+00:00,19.79,1017.46,85.44,0,normal
2026-07-07T03:01:00+00:00,19.87,1017.5,85.24,0,normal
2026-07-07T03:02:00+00:00,19.91,1017.55,85.23,0,normal
2026-07-07T03:03:00+00:00,19.84,1017.56,85.31,0,normal
2026-07-07T03:04:00+00:00,19.78,1017.5,85.38,0,normal
2026-07-07T03:05:00+00:00,19.85,1017.61,85.47,0,normal
2026-07-07T03:06:00+00:00,19.75,1017.71,85.63,0,normal
2026-07-07T03:07:00+00:00,19.6,1017.65,85.48,0,normal
2026-07-07T03:08:00+00:00,19.68,1017.52,85.41,0,normal
2026-07-07T03:09:00+00:00,19.75,1017.39,85.52,0,normal
2026-07-07T03:10:00+00:00,19.83,1017.35,85.24,0,normal
2026-07-07T03:11:00+00:00,19.77,1017.23,85.13,0,normal
2026-07-07T03:12:00+00:00,19.79,1017.19,85.29,0,normal
2026-07-07T03:13:00+00:00,19.8,1017.23,85.17,0,normal
2026-07-07T03:14:00+00:00,19.87,1017.31,85.05,0,normal
2026-07-07T03:15:00+00:00,19.93,1017.37,85.11,0,normal
2026-07-07T03:16:00+00:00,20.07,1017.35,84.99,0,normal
2026-07-07T03:17:00+00:00,20.0,1017.4,84.9,0,normal
2026-07-07T03:18:00+00:00,19.94,1017.5,85.24,0,normal
2026-07-07T03:19:00+00:00,19.91,1017.44,85.56,0,normal
2026-07-07T03:20:00+00:00,19.95,1017.47,85.52,0,normal
2026-07-07T03:21:00+00:00,19.89,1017.47,85.6,0,normal
2026-07-07T03:22:00+00:00,19.86,1017.5,85.54,0,normal
2026-07-07T03:23:00+00:00,19.78,1017.6,85.59,0,normal
2026-07-07T03:24:00+00:00,19.82,1017.63,85.16,0,normal
2026-07-07T03:25:00+00:00,19.78,1017.57,85.14,0,normal
2026-07-07T03:26:00+00:00,19.82,1017.59,85.33,0,normal
2026-07-07T03:27:00+00:00,19.71,1022.42,85.35,1,pressure_spike
2026-07-07T03:28:00+00:00,19.82,1023.31,85.38,1,pressure_spike
2026-07-07T03:29:00+00:00,19.86,1012.34,85.59,1,pressure_spike
2026-07-07T03:30:00+00:00,19.93,1024.14,85.7,1,pressure_spike
2026-07-07T03:31:00+00:00,19.93,1017.65,85.39,0,normal
2026-07-07T03:32:00+00:00,19.74,1017.67,85.25,0,normal
2026-07-07T03:33:00+00:00,19.72,1017.73,85.16,0,normal
2026-07-07T03:34:00+00:00,19.89,1017.71,84.91,0,normal
2026-07-07T03:35:00+00:00,19.8,1017.76,85.09,0,normal
2026-07-07T03:36:00+00:00,19.77,1017.72,85.34,0,normal
2026-07-07T03:37:00+00:00,19.67,1017.78,85.16,0,normal
2026-07-07T03:38:00+00:00,19.72,1017.84,85.19,0,normal
2026-07-07T03:39:00+00:00,19.71,1017.92,85.18,0,normal
2026-07-07T03:40:00+00:00,20.03,1017.84,84.77,0,normal
2026-07-07T03:41:00+00:00,20.11,1017.85,84.88,0,normal
2026-07-07T03:42:00+00:00,20.02,1017.86,84.92,0,normal
2026-07-07T03:43:00+00:00,19.98,1017.88,84.59,0,normal
2026-07-07T03:44:00+00:00,20.02,1017.96,84.29,0,normal
2026-07-07T03:45:00+00:00,19.93,1018.03,84.0,0,normal
2026-07-07T03:46:00+00:00,20.0,1018.03,83.9,0,normal
2026-07-07T03:47:00+00:00,20.13,1018.08,83.94,0,normal
2026-07-07T03:48:00+00:00,19.96,1018.12,83.71,0,normal
2026-07-07T03:49:00+00:00,19.95,1018.12,84.08,0,normal
2026-07-07T03:50:00+00:00,19.94,1018.05,84.35,0,normal
2026-07-07T03:51:00+00:00,20.01,1018.09,84.6,0,normal
2026-07-07T03:52:00+00:00,20.16,1018.05,84.27,0,normal
2026-07-07T03:53:00+00:00,20.23,1018.05,84.19,0,normal
2026-07-07T03:54:00+00:00,20.14,1018.08,84.23,0,normal
2026-07-07T03:55:00+00:00,20.14,1018.02,84.43,0,normal
2026-07-07T03:56:00+00:00,20.16,1018.09,83.96,0,normal
2026-07-07T03:57:00+00:00,20.17,1018.06,83.93,0,normal
2026-07-07T03:58:00+00:00,20.25,1018.08,83.9,0,normal
2026-07-07T03:59:00+00:00,20.25,1018.02,83.69,0,normal
2026-07-07T04:00:00+00:00,20.35,1018.0,83.89,0,normal
2026-07-07T04:01:00+00:00,20.41,1018.06,83.92,0,normal
2026-07-07T04:02:00+00:00,20.37,1018.06,84.01,0,normal
2026-07-07T04:03:00+00:00,20.2,1018.14,83.86,0,normal
2026-07-07T04:04:00+00:00,20.2,1018.14,83.81,0,normal
2026-07-07T04:05:00+00:00,20.1,1018.16,83.89,0,normal
2026-07-07T04:06:00+00:00,19.95,1018.11,84.02,0,normal
2026-07-07T04:07:00+00:00,20.03,1018.13,83.83,0,normal
2026-07-07T04:08:00+00:00,20.1,1018.08,83.76,0,normal
2026-07-07T04:09:00+00:00,20.01,1018.09,83.51,0,normal
2026-07-07T04:10:00+00:00,20.09,1018.13,83.36,0,normal
2026-07-07T04:11:00+00:00,20.2,1018.09,83.32,0,normal
2026-07-07T04:12:00+00:00,20.16,1018.15,83.42,0,normal
2026-07-07T04:13:00+00:00,20.28,1018.17,82.79,0,normal
2026-07-07T04:14:00+00:00,20.25,1018.26,82.72,0,normal
2026-07-07T04:15:00+00:00,20.11,1018.29,82.82,0,normal
2026-07-07T04:16:00+00:00,20.07,1018.29,82.64,0,normal
2026-07-07T04:17:00+00:00,20.13,1018.3,82.4,0,normal
2026-07-07T04:18:00+00:00,20.15,1018.27,82.7,0,normal
2026-07-07T04:19:00+00:00,20.24,1018.28,82.7,0,normal
2026-07-07T04:20:00+00:00,20.34,1018.28,82.84,0,normal
2026-07-07T04:21:00+00:00,20.47,1018.27,83.14,0,normal
2026-07-07T04:22:00+00:00,20.58,1018.29,83.01,0,normal
2026-07-07T04:23:00+00:00,20.6,1018.29,82.82,0,normal
2026-07-07T04:24:00+00:00,20.64,1018.25,82.72,0,normal
2026-07-07T04:25:00+00:00,20.61,1018.2,82.82,0,normal
2026-07-07T04:26:00+00:00,20.59,1018.29,82.74,0,normal
2026-07-07T04:27:00+00:00,20.56,1018.25,82.72,0,normal
2026-07-07T04:28:00+00:00,20.57,1018.31,82.7,0,normal
2026-07-07T04:29:00+00:00,20.74,1018.35,82.46,0,normal
2026-07-07T04:30:00+00:00,20.65,1018.39,82.23,0,normal
2026-07-07T04:31:00+00:00,20.7,1018.44,82.4,0,normal
2026-07-07T04:32:00+00:00,20.63,1018.5,82.44,0,normal
2026-07-07T04:33:00+00:00,20.59,1018.5,82.5,0,normal
2026-07-07T04:34:00+00:00,20.54,1018.52,82.75,0,normal
2026-07-07T04:35:00+00:00,20.63,1018.53,82.75,0,normal
2026-07-07T04:36:00+00:00,20.59,1018.51,82.39,0,normal
2026-07-07T04:37:00+00:00,20.62,1018.56,82.33,0,normal
2026-07-07T04:38:00+00:00,20.56,1018.57,82.56,0,normal
2026-07-07T04:39:00+00:00,20.65,1018.57,82.92,0,normal
2026-07-07T04:40:00+00:00,20.87,1018.56,82.8,0,normal
2026-07-07T04:41:00+00:00,20.92,1018.52,82.9,0,normal
2026-07-07T04:42:00+00:00,20.93,1018.55,82.71,0,normal
2026-07-07T04:43:00+00:00,20.86,1018.46,82.94,0,normal
2026-07-07T04:44:00+00:00,20.94,1018.51,82.92,0,normal
2026-07-07T04:45:00+00:00,20.75,1018.48,82.79,0,normal
2026-07-07T04:46:00+00:00,20.67,1018.41,82.51,0,normal
2026-07-07T04:47:00+00:00,20.69,1018.43,82.62,0,normal
2026-07-07T04:48:00+00:00,20.87,1018.48,82.51,0,normal
2026-07-07T04:49:00+00:00,21.02,1018.42,82.02,0,normal
2026-07-07T04:50:00+00:00,20.95,1018.48,82.0,0,normal
2026-07-07T04:51:00+00:00,20.86,1018.46,81.69,0,normal
2026-07-07T04:52:00+00:00,20.77,1018.56,81.62,0,normal
2026-07-07T04:53:00+00:00,20.92,1018.53,81.68,0,normal
2026-07-07T04:54:00+00:00,20.95,1018.59,81.68,0,normal
2026-07-07T04:55:00+00:00,21.03,1018.63,81.41,0,normal
2026-07-07T04:56:00+00:00,21.09,1018.63,81.22,0,normal
2026-07-07T04:57:00+00:00,21.15,1018.69,81.09,0,normal
2026-07-07T04:58:00+00:00,21.12,1018.63,80.7,0,normal
2026-07-07T04:59:00+00:00,21.1,1018.68,80.57,0,normal
2026-07-07T05:00:00+00:00,21.22,1018.68,80.52,0,normal
2026-07-07T05:01:00+00:00,21.19,1018.74,80.32,0,normal
2026-07-07T05:02:00+00:00,21.18,1018.72,80.21,0,normal
2026-07-07T05:03:00+00:00,21.19,1018.72,80.42,0,normal
2026-07-07T05:04:00+00:00,21.19,1018.76,80.44,0,normal
2026-07-07T05:05:00+00:00,21.3,1018.75,80.37,0,normal
2026-07-07T05:06:00+00:00,21.36,1018.75,80.45,0,normal
2026-07-07T05:07:00+00:00,21.54,1018.71,80.73,0,normal
2026-07-07T05:08:00+00:00,21.49,1018.78,80.83,0,normal
2026-07-07T05:09:00+00:00,21.53,1018.78,80.73,0,normal
2026-07-07T05:10:00+00:00,21.46,1018.79,80.65,0,normal
2026-07-07T05:11:00+00:00,21.47,1018.73,80.61,0,normal
2026-07-07T05:12:00+00:00,21.57,1018.79,80.57,0,normal
2026-07-07T05:13:00+00:00,21.76,1018.77,80.51,0,normal
2026-07-07T05:14:00+00:00,21.63,1018.76,80.82,0,normal
2026-07-07T05:15:00+00:00,21.59,1018.69,80.93,0,normal
2026-07-07T05:16:00+00:00,21.61,1018.75,80.79,0,normal
2026-07-07T05:17:00+00:00,21.53,1018.75,80.84,0,normal
2026-07-07T05:18:00+00:00,21.52,1018.78,80.65,0,normal
2026-07-07T05:19:00+00:00,21.55,1018.79,80.44,0,normal
2026-07-07T05:20:00+00:00,21.56,1018.78,80.51,0,normal
2026-07-07T05:21:00+00:00,21.63,1018.82,80.11,0,normal
2026-07-07T05:22:00+00:00,21.55,1018.8,79.9,0,normal
2026-07-07T05:23:00+00:00,21.51,1018.86,80.0,0,normal
2026-07-07T05:24:00+00:00,21.48,1018.89,80.01,0,normal
2026-07-07T05:25:00+00:00,21.48,1018.96,79.82,0,normal
2026-07-07T05:26:00+00:00,21.5,1018.91,79.57,0,normal
2026-07-07T05:27:00+00:00,21.39,1018.86,79.55,0,normal
2026-07-07T05:28:00+00:00,21.38,1018.86,79.45,0,normal
2026-07-07T05:29:00+00:00,21.54,1018.81,79.16,0,normal
2026-07-07T05:30:00+00:00,21.48,1018.82,79.23,0,normal
2026-07-07T05:31:00+00:00,21.55,1018.88,79.17,0,normal
2026-07-07T05:32:00+00:00,21.53,1018.97,78.58,0,normal
2026-07-07T05:33:00+00:00,21.54,1018.99,78.94,0,normal
2026-07-07T05:34:00+00:00,21.42,1018.98,78.64,0,normal
2026-07-07T05:35:00+00:00,21.3,1018.97,78.79,0,normal
2026-07-07T05:36:00+00:00,21.42,1018.95,78.89,0,normal
2026-07-07T05:37:00+00:00,21.43,1018.98,79.08,0,normal
2026-07-07T05:38:00+00:00,21.44,1019.04,78.79,0,normal
2026-07-07T05:39:00+00:00,21.51,1019.09,78.93,0,normal
2026-07-07T05:40:00+00:00,21.44,1019.08,78.94,0,normal
2026-07-07T05:41:00+00:00,21.5,1019.09,79.17,0,normal
2026-07-07T05:42:00+00:00,21.42,1019.07,78.76,0,normal
2026-07-07T05:43:00+00:00,21.5,1019.1,79.38,0,normal
2026-07-07T05:44:00+00:00,21.61,1019.12,79.34,0,normal
2026-07-07T05:45:00+00:00,21.6,1019.12,79.31,0,normal
2026-07-07T05:46:00+00:00,21.47,1019.13,79.24,0,normal
2026-07-07T05:47:00+00:00,21.64,1019.12,79.0,0,normal
2026-07-07T05:48:00+00:00,21.68,1019.12,78.89,0,normal
2026-07-07T05:49:00+00:00,21.6,1019.11,78.69,0,normal
2026-07-07T05:50:00+00:00,21.61,1019.15,78.48,0,normal
2026-07-07T05:51:00+00:00,21.62,1019.17,78.36,0,normal
2026-07-07T05:52:00+00:00,21.86,1019.18,78.05,0,normal
2026-07-07T05:53:00+00:00,21.81,1019.13,77.83,0,normal
2026-07-07T05:54:00+00:00,21.87,1019.07,77.72,0,normal
2026-07-07T05:55:00+00:00,21.98,1019.04,77.81,0,normal
2026-07-07T05:56:00+00:00,21.86,1019.03,77.58,0,normal
2026-07-07T05:57:00+00:00,21.91,1018.98,77.95,0,normal
2026-07-07T05:58:00+00:00,21.8,1019.04,78.06,0,normal
2026-07-07T05:59:00+00:00,21.85,1019.05,78.36,0,normal
2026-07-07T06:00:00+00:00,22.07,1019.04,78.3,0,normal
2026-07-07T06:01:00+00:00,22.05,1018.98,78.3,0,normal
2026-07-07T06:02:00+00:00,22.08,1018.91,78.29,0,normal
2026-07-07T06:03:00+00:00,22.12,1018.88,78.06,0,normal
2026-07-07T06:04:00+00:00,22.18,1018.97,78.05,0,normal
2026-07-07T06:05:00+00:00,22.25,1018.94,77.87,0,normal
2026-07-07T06:06:00+00:00,22.31,1018.88,77.82,0,normal
2026-07-07T06:07:00+00:00,22.36,1018.88,77.79,0,normal
2026-07-07T06:08:00+00:00,22.38,1018.86,77.46,0,normal
2026-07-07T06:09:00+00:00,22.38,1018.94,77.58,0,normal
2026-07-07T06:10:00+00:00,22.36,1018.93,77.41,0,normal
2026-07-07T06:11:00+00:00,22.34,1018.95,77.53,0,normal
2026-07-07T06:12:00+00:00,22.54,1018.91,77.57,0,normal
2026-07-07T06:13:00+00:00,22.59,1018.9,77.26,0,normal
2026-07-07T06:14:00+00:00,22.61,1019.02,77.22,0,normal
2026-07-07T06:15:00+00:00,22.56,1019.01,76.9,0,normal
2026-07-07T06:16:00+00:00,22.57,1019.05,76.68,0,normal
2026-07-07T06:17:00+00:00,22.32,1019.06,76.51,0,normal
2026-07-07T06:18:00+00:00,22.28,1019.02,76.52,0,normal
2026-07-07T06:19:00+00:00,22.27,1019.07,76.64,0,normal
2026-07-07T06:20:00+00:00,22.28,1019.04,76.59,0,normal
2026-07-07T06:21:00+00:00,22.3,1018.95,76.89,0,normal
2026-07-07T06:22:00+00:00,22.38,1018.94,76.4,0,normal
2026-07-07T06:23:00+00:00,22.4,1018.91,76.31,0,normal
2026-07-07T06:24:00+00:00,22.25,1018.89,76.14,0,normal
2026-07-07T06:25:00+00:00,22.27,1018.89,76.08,0,normal
2026-07-07T06:26:00+00:00,22.43,1018.87,75.82,0,normal
2026-07-07T06:27:00+00:00,22.32,1018.85,75.47,0,normal
2026-07-07T06:28:00+00:00,22.43,1018.85,75.6,0,normal
2026-07-07T06:29:00+00:00,22.58,1018.82,75.47,0,normal
2026-07-07T06:30:00+00:00,22.71,1018.84,75.51,0,normal
2026-07-07T06:31:00+00:00,22.81,1018.89,75.52,0,normal
2026-07-07T06:32:00+00:00,22.94,1018.89,75.56,0,normal
2026-07-07T06:33:00+00:00,22.94,1018.94,75.34,0,normal
2026-07-07T06:34:00+00:00,22.81,1018.98,75.06,0,normal
2026-07-07T06:35:00+00:00,22.74,1019.04,75.19,0,normal
2026-07-07T06:36:00+00:00,22.74,1018.89,75.23,0,normal
2026-07-07T06:37:00+00:00,22.82,1018.92,75.24,0,normal
2026-07-07T06:38:00+00:00,22.83,1018.9,74.94,0,normal
2026-07-07T06:39:00+00:00,22.79,1018.92,74.94,0,normal
2026-07-07T06:40:00+00:00,22.88,1018.85,74.53,0,normal
2026-07-07T06:41:00+00:00,22.88,1018.8,74.51,0,normal
2026-07-07T06:42:00+00:00,22.8,1018.86,74.28,0,normal
2026-07-07T06:43:00+00:00,22.95,1018.89,74.01,0,normal
2026-07-07T06:44:00+00:00,23.15,1018.91,74.0,0,normal
2026-07-07T06:45:00+00:00,23.16,1018.93,74.06,0,normal
2026-07-07T06:46:00+00:00,23.1,1018.92,74.02,0,normal
2026-07-07T06:47:00+00:00,23.17,1018.95,74.0,0,normal
2026-07-07T06:48:00+00:00,23.14,1018.91,73.7,0,normal
2026-07-07T06:49:00+00:00,23.21,1018.88,73.61,0,normal
2026-07-07T06:50:00+00:00,23.25,1018.88,73.56,0,normal
2026-07-07T06:51:00+00:00,23.19,1018.89,73.45,0,normal
2026-07-07T06:52:00+00:00,23.21,1018.95,73.5,0,normal
2026-07-07T06:53:00+00:00,23.19,1018.94,73.76,1,sensor_drift
2026-07-07T06:54:00+00:00,23.19,1018.93,73.82,1,sensor_drift
2026-07-07T06:55:00+00:00,23.23,1018.91,73.59,1,sensor_drift
2026-07-07T06:56:00+00:00,23.25,1018.94,73.78,1,sensor_drift
2026-07-07T06:57:00+00:00,23.16,1019.02,73.64,1,sensor_drift
2026-07-07T06:58:00+00:00,23.27,1018.97,73.23,1,sensor_drift
2026-07-07T06:59:00+00:00,23.19,1018.95,73.27,1,sensor_drift
2026-07-07T07:00:00+00:00,23.22,1018.93,73.42,1,sensor_drift
2026-07-07T07:01:00+00:00,23.26,1018.93,73.95,1,sensor_drift
2026-07-07T07:02:00+00:00,23.29,1018.89,73.93,1,sensor_drift
2026-07-07T07:03:00+00:00,23.38,1018.9,73.84,1,sensor_drift
2026-07-07T07:04:00+00:00,23.52,1018.96,73.7,1,sensor_drift
2026-07-07T07:05:00+00:00,23.5,1018.97,73.45,1,sensor_drift
2026-07-07T07:06:00+00:00,23.59,1018.98,73.88,1,sensor_drift
2026-07-07T07:07:00+00:00,23.73,1018.91,73.64,1,sensor_drift
2026-07-07T07:08:00+00:00,23.59,1018.79,73.54,1,sensor_drift
2026-07-07T07:09:00+00:00,23.52,1018.87,73.64,1,sensor_drift
2026-07-07T07:10:00+00:00,23.53,1018.85,73.81,1,sensor_drift
2026-07-07T07:11:00+00:00,23.7,1018.79,73.45,1,sensor_drift
2026-07-07T07:12:00+00:00,23.69,1018.81,73.21,1,sensor_drift
2026-07-07T07:13:00+00:00,23.76,1018.9,72.8,1,sensor_drift
2026-07-07T07:14:00+00:00,23.74,1018.81,72.53,1,sensor_drift
2026-07-07T07:15:00+00:00,23.74,1018.77,72.53,1,sensor_drift
2026-07-07T07:16:00+00:00,23.78,1018.78,72.36,0,normal
2026-07-07T07:17:00+00:00,23.79,1018.75,72.21,0,normal
2026-07-07T07:18:00+00:00,23.85,1018.65,72.17,0,normal
2026-07-07T07:19:00+00:00,23.8,1018.63,71.76,0,normal
2026-07-07T07:20:00+00:00,23.8,1018.64,71.77,0,normal
2026-07-07T07:21:00+00:00,23.74,1018.66,71.91,0,normal
2026-07-07T07:22:00+00:00,23.73,1018.65,71.4,0,normal
2026-07-07T07:23:00+00:00,23.7,1018.66,71.51,0,normal
2026-07-07T07:24:00+00:00,23.69,1018.79,71.48,0,normal
2026-07-07T07:25:00+00:00,23.63,1018.84,71.14,0,normal
2026-07-07T07:26:00+00:00,23.7,1018.77,70.79,0,normal
2026-07-07T07:27:00+00:00,23.82,1018.75,71.07,0,normal
2026-07-07T07:28:00+00:00,23.77,1018.66,70.89,0,normal
2026-07-07T07:29:00+00:00,24.05,1018.69,70.93,0,normal
2026-07-07T07:30:00+00:00,24.12,1018.65,71.39,0,normal
2026-07-07T07:31:00+00:00,24.19,1018.66,71.47,0,normal
2026-07-07T07:32:00+00:00,24.11,1018.6,71.3,0,normal
2026-07-07T07:33:00+00:00,24.22,1018.53,71.17,0,normal
2026-07-07T07:34:00+00:00,24.23,1018.45,70.96,0,normal
2026-07-07T07:35:00+00:00,24.3,1018.37,71.13,0,normal
2026-07-07T07:36:00+00:00,24.36,1018.39,71.01,0,normal
2026-07-07T07:37:00+00:00,24.3,1018.35,70.96,0,normal
2026-07-07T07:38:00+00:00,24.27,1018.36,70.66,0,normal
2026-07-07T07:39:00+00:00,24.34,1018.39,70.23,0,normal
2026-07-07T07:40:00+00:00,24.37,1018.31,69.76,0,normal
2026-07-07T07:41:00+00:00,24.35,1018.45,69.84,0,normal
2026-07-07T07:42:00+00:00,24.5,1018.47,69.8,0,normal
2026-07-07T07:43:00+00:00,24.59,1018.43,69.81,0,normal
2026-07-07T07:44:00+00:00,24.71,1018.46,69.97,0,normal
2026-07-07T07:45:00+00:00,24.74,1018.53,69.83,0,normal
2026-07-07T07:46:00+00:00,24.93,1018.55,69.65,0,normal
2026-07-07T07:47:00+00:00,24.84,1018.49,69.36,0,normal
2026-07-07T07:48:00+00:00,24.85,1018.41,69.54,0,normal
2026-07-07T07:49:00+00:00,24.87,1018.4,69.21,0,normal
2026-07-07T07:50:00+00:00,24.83,1018.28,69.44,0,normal
2026-07-07T07:51:00+00:00,24.73,1018.21,69.62,0,normal
2026-07-07T07:52:00+00:00,24.79,1018.21,69.58,0,normal
2026-07-07T07:53:00+00:00,24.89,1018.21,69.15,0,normal
2026-07-07T07:54:00+00:00,24.97,1018.23,69.28,0,normal
2026-07-07T07:55:00+00:00,24.88,1018.19,69.25,0,normal
2026-07-07T07:56:00+00:00,24.83,1018.07,69.18,0,normal
2026-07-07T07:57:00+00:00,24.93,1018.06,69.17,0,normal
2026-07-07T07:58:00+00:00,24.99,1018.06,69.08,0,normal
2026-07-07T07:59:00+00:00,25.12,1018.01,69.11,0,normal
2026-07-07T08:00:00+00:00,25.04,1017.97,69.23,0,normal
2026-07-07T08:01:00+00:00,24.96,1017.96,69.57,0,normal
2026-07-07T08:02:00+00:00,25.07,1017.93,69.3,0,normal
2026-07-07T08:03:00+00:00,25.08,1018.0,68.95,0,normal
2026-07-07T08:04:00+00:00,25.02,1018.03,68.48,0,normal
2026-07-07T08:05:00+00:00,24.98,1018.02,68.36,0,normal
2026-07-07T08:06:00+00:00,24.9,1018.04,68.35,0,normal
2026-07-07T08:07:00+00:00,24.89,1018.11,68.3,0,normal
2026-07-07T08:08:00+00:00,24.84,1018.18,68.08,0,normal
2026-07-07T08:09:00+00:00,24.9,1018.14,68.09,0,normal
2026-07-07T08:10:00+00:00,24.9,1018.11,67.94,0,normal
2026-07-07T08:11:00+00:00,24.91,1018.15,67.57,0,normal
2026-07-07T08:12:00+00:00,24.95,1018.14,67.45,0,normal
2026-07-07T08:13:00+00:00,25.07,1018.05,67.46,0,normal
2026-07-07T08:14:00+00:00,25.01,1018.01,67.09,0,normal
2026-07-07T08:15:00+00:00,25.02,1017.97,67.33,0,normal
2026-07-07T08:16:00+00:00,25.09,1017.98,67.0,0,normal
2026-07-07T08:17:00+00:00,25.19,1018.05,67.08,0,normal
2026-07-07T08:18:00+00:00,25.12,1018.01,67.0,0,normal
2026-07-07T08:19:00+00:00,25.12,1018.13,66.8,0,normal
2026-07-07T08:20:00+00:00,25.16,1018.07,66.75,0,normal
2026-07-07T08:21:00+00:00,25.31,1018.06,66.6,0,normal
2026-07-07T08:22:00+00:00,25.27,1018.1,66.48,0,normal
2026-07-07T08:23:00+00:00,25.29,1017.96,66.36,0,normal
2026-07-07T08:24:00+00:00,25.3,1017.85,66.46,0,normal
2026-07-07T08:25:00+00:00,25.3,1017.94,66.64,0,normal
2026-07-07T08:26:00+00:00,25.29,1017.99,66.85,0,normal
2026-07-07T08:27:00+00:00,25.29,1017.92,66.29,0,normal
2026-07-07T08:28:00+00:00,25.36,1017.85,66.26,0,normal
2026-07-07T08:29:00+00:00,25.36,1017.8,66.04,0,normal
2026-07-07T08:30:00+00:00,25.31,1017.75,65.79,0,normal
2026-07-07T08:31:00+00:00,25.35,1017.75,65.48,0,normal
2026-07-07T08:32:00+00:00,25.49,1017.73,65.7,0,normal
2026-07-07T08:33:00+00:00,25.55,1017.72,65.5,0,normal
2026-07-07T08:34:00+00:00,25.65,1017.71,65.58,0,normal
2026-07-07T08:35:00+00:00,25.81,1017.66,65.6,0,normal
2026-07-07T08:36:00+00:00,25.89,1017.67,65.4,0,normal
2026-07-07T08:37:00+00:00,25.89,1017.63,65.18,0,normal
2026-07-07T08:38:00+00:00,25.85,1017.61,64.93,0,normal
2026-07-07T08:39:00+00:00,25.92,1017.6,64.88,0,normal
2026-07-07T08:40:00+00:00,25.93,1017.59,64.74,0,normal
2026-07-07T08:41:00+00:00,26.02,1017.56,64.73,0,normal
2026-07-07T08:42:00+00:00,25.95,1017.58,64.53,0,normal
2026-07-07T08:43:00+00:00,25.91,1017.51,64.2,0,normal
2026-07-07T08:44:00+00:00,25.91,1017.57,64.0,0,normal
2026-07-07T08:45:00+00:00,25.77,1017.57,63.71,0,normal
2026-07-07T08:46:00+00:00,25.88,1017.54,63.6,0,normal
2026-07-07T08:47:00+00:00,26.02,1017.55,63.29,0,normal
2026-07-07T08:48:00+00:00,25.97,1017.44,63.77,0,normal
2026-07-07T08:49:00+00:00,25.95,1017.49,63.59,0,normal
2026-07-07T08:50:00+00:00,25.9,1017.47,63.46,0,normal
2026-07-07T08:51:00+00:00,26.01,1017.5,63.27,0,normal
2026-07-07T08:52:00+00:00,25.94,1017.42,62.75,0,normal
2026-07-07T08:53:00+00:00,25.97,1017.4,62.49,0,normal
2026-07-07T08:54:00+00:00,25.92,1017.39,62.33,0,normal
2026-07-07T08:55:00+00:00,25.95,1017.35,62.35,0,normal
2026-07-07T08:56:00+00:00,25.96,1017.31,61.94,0,normal
2026-07-07T08:57:00+00:00,26.01,1017.31,61.89,0,normal
2026-07-07T08:58:00+00:00,26.21,1017.3,61.84,0,normal
2026-07-07T08:59:00+00:00,26.29,1017.39,61.87,0,normal
2026-07-07T09:00:00+00:00,26.16,1017.39,61.67,0,normal
2026-07-07T09:01:00+00:00,26.05,1017.45,61.95,0,normal
2026-07-07T09:02:00+00:00,26.03,1017.38,61.94,0,normal
2026-07-07T09:03:00+00:00,26.02,1017.35,61.76,0,normal
2026-07-07T09:04:00+00:00,26.05,1017.26,61.89,0,normal
2026-07-07T09:05:00+00:00,26.2,1017.24,61.83,0,normal
2026-07-07T09:06:00+00:00,26.31,1017.22,62.13,0,normal
2026-07-07T09:07:00+00:00,26.25,1017.24,62.04,0,normal
2026-07-07T09:08:00+00:00,26.21,1017.34,62.45,0,normal
2026-07-07T09:09:00+00:00,26.25,1017.33,62.26,0,normal
2026-07-07T09:10:00+00:00,26.28,1017.25,61.92,0,normal
2026-07-07T09:11:00+00:00,26.49,1017.22,61.85,0,normal
2026-07-07T09:12:00+00:00,26.47,1017.21,61.48,0,normal
2026-07-07T09:13:00+00:00,26.46,1017.12,61.67,0,normal
2026-07-07T09:14:00+00:00,26.37,1017.05,61.19,0,normal
2026-07-07T09:15:00+00:00,26.36,1017.0,61.33,0,normal
2026-07-07T09:16:00+00:00,26.4,1016.97,61.32,0,normal
2026-07-07T09:17:00+00:00,26.42,1017.07,61.13,0,normal
2026-07-07T09:18:00+00:00,26.51,1017.09,60.95,0,normal
2026-07-07T09:19:00+00:00,26.58,1017.04,60.94,0,normal
2026-07-07T09:20:00+00:00,26.64,1017.02,60.65,0,normal
2026-07-07T09:21:00+00:00,26.84,1017.02,60.28,0,normal
2026-07-07T09:22:00+00:00,26.85,1016.92,60.39,0,normal
2026-07-07T09:23:00+00:00,26.89,1016.9,60.17,0,normal
2026-07-07T09:24:00+00:00,26.91,1016.92,60.34,0,normal
2026-07-07T09:25:00+00:00,27.02,1016.83,60.25,0,normal
2026-07-07T09:26:00+00:00,27.08,1016.77,59.86,0,normal
2026-07-07T09:27:00+00:00,27.01,1016.83,59.59,0,normal
2026-07-07T09:28:00+00:00,27.05,1016.81,59.53,0,normal
2026-07-07T09:29:00+00:00,27.07,1016.83,59.5,0,normal
2026-07-07T09:30:00+00:00,27.06,1016.81,59.21,0,normal
2026-07-07T09:31:00+00:00,27.14,1016.75,59.07,0,normal
2026-07-07T09:32:00+00:00,27.22,1016.71,58.98,0,normal
2026-07-07T09:33:00+00:00,27.35,1016.65,59.06,0,normal
2026-07-07T09:34:00+00:00,27.46,1016.69,59.46,0,normal
2026-07-07T09:35:00+00:00,27.44,1016.63,59.58,0,normal
2026-07-07T09:36:00+00:00,27.54,1016.57,59.61,0,normal
2026-07-07T09:37:00+00:00,27.79,1016.56,59.73,0,normal
2026-07-07T09:38:00+00:00,27.93,1016.68,59.7,0,normal
2026-07-07T09:39:00+00:00,28.04,1016.61,59.62,0,normal
2026-07-07T09:40:00+00:00,28.01,1016.5,59.22,0,normal
2026-07-07T09:41:00+00:00,28.05,1016.51,58.95,0,normal
2026-07-07T09:42:00+00:00,28.18,1016.44,58.95,0,normal
2026-07-07T09:43:00+00:00,28.15,1016.43,59.07,0,normal
2026-07-07T09:44:00+00:00,28.22,1016.45,59.12,0,normal
2026-07-07T09:45:00+00:00,28.12,1016.49,58.83,0,normal
2026-07-07T09:46:00+00:00,28.12,1016.46,58.83,0,normal
2026-07-07T09:47:00+00:00,28.09,1016.43,59.09,0,normal
2026-07-07T09:48:00+00:00,28.0,1016.41,58.78,0,normal
2026-07-07T09:49:00+00:00,28.07,1016.36,58.71,0,normal
2026-07-07T09:50:00+00:00,27.98,1016.41,58.65,0,normal
2026-07-07T09:51:00+00:00,28.01,1016.43,58.33,0,normal
2026-07-07T09:52:00+00:00,27.99,1016.42,57.91,0,normal
2026-07-07T09:53:00+00:00,27.88,1016.36,57.64,0,normal
2026-07-07T09:54:00+00:00,27.88,1016.36,57.75,0,normal
2026-07-07T09:55:00+00:00,28.06,1016.34,57.73,0,normal
2026-07-07T09:56:00+00:00,28.08,1016.34,57.76,0,normal
2026-07-07T09:57:00+00:00,28.18,1016.36,57.81,0,normal
2026-07-07T09:58:00+00:00,28.32,1016.34,57.63,0,normal
2026-07-07T09:59:00+00:00,28.3,1016.31,57.36,0,normal
2026-07-07T10:00:00+00:00,28.27,1016.24,57.38,0,normal
2026-07-07T10:01:00+00:00,28.31,1016.13,57.2,0,normal
2026-07-07T10:02:00+00:00,28.48,1016.14,57.24,0,normal
2026-07-07T10:03:00+00:00,28.44,1016.14,57.19,0,normal
2026-07-07T10:04:00+00:00,28.39,1016.1,57.04,0,normal
2026-07-07T10:05:00+00:00,28.29,1016.02,56.95,0,normal
2026-07-07T10:06:00+00:00,28.24,1015.99,56.58,0,normal
2026-07-07T10:07:00+00:00,28.34,1016.08,56.75,0,normal
2026-07-07T10:08:00+00:00,28.45,1016.1,56.76,0,normal
2026-07-07T10:09:00+00:00,28.48,1016.03,56.84,0,normal
2026-07-07T10:10:00+00:00,28.55,1015.99,56.89,0,normal
2026-07-07T10:11:00+00:00,28.51,1015.95,56.98,0,normal
2026-07-07T10:12:00+00:00,28.57,1015.92,56.84,0,normal
2026-07-07T10:13:00+00:00,28.6,1015.81,56.62,0,normal
2026-07-07T10:14:00+00:00,28.52,1015.81,56.77,0,normal
2026-07-07T10:15:00+00:00,28.58,1015.77,56.56,0,normal
2026-07-07T10:16:00+00:00,28.54,1015.86,56.5,0,normal
2026-07-07T10:17:00+00:00,28.58,1015.74,56.2,0,normal
2026-07-07T10:18:00+00:00,28.6,1015.71,56.17,0,normal
2026-07-07T10:19:00+00:00,28.64,1015.73,55.74,0,normal
2026-07-07T10:20:00+00:00,28.57,1015.72,55.57,0,normal
2026-07-07T10:21:00+00:00,28.57,1015.71,55.38,0,normal
2026-07-07T10:22:00+00:00,28.62,1015.73,55.36,0,normal
2026-07-07T10:23:00+00:00,28.71,1015.61,55.21,0,normal
2026-07-07T10:24:00+00:00,28.8,1015.56,54.98,0,normal
2026-07-07T10:25:00+00:00,28.81,1015.55,54.86,0,normal
2026-07-07T10:26:00+00:00,28.98,1015.56,54.66,0,normal
2026-07-07T10:27:00+00:00,28.88,1015.57,54.46,0,normal
2026-07-07T10:28:00+00:00,29.07,1015.59,54.57,0,normal
2026-07-07T10:29:00+00:00,29.11,1015.63,54.07,0,normal
2026-07-07T10:30:00+00:00,29.02,1015.67,54.38,0,normal
2026-07-07T10:31:00+00:00,28.94,1015.56,54.4,0,normal
2026-07-07T10:32:00+00:00,29.0,1015.56,54.37,0,normal
2026-07-07T10:33:00+00:00,28.87,1015.53,54.31,0,normal
2026-07-07T10:34:00+00:00,28.86,1015.42,54.4,0,normal
2026-07-07T10:35:00+00:00,28.95,1015.38,54.34,0,normal
2026-07-07T10:36:00+00:00,28.94,1015.35,54.41,0,normal
2026-07-07T10:37:00+00:00,29.01,1015.4,54.58,0,normal
2026-07-07T10:38:00+00:00,29.02,1015.53,54.85,0,normal
2026-07-07T10:39:00+00:00,28.99,1015.52,54.39,0,normal
2026-07-07T10:40:00+00:00,29.02,1015.59,54.9,0,normal
2026-07-07T10:41:00+00:00,29.04,1015.59,54.95,0,normal
2026-07-07T10:42:00+00:00,29.23,1015.52,55.4,0,normal
2026-07-07T10:43:00+00:00,29.22,1015.45,55.23,0,normal
2026-07-07T10:44:00+00:00,29.18,1015.45,54.8,0,normal
2026-07-07T10:45:00+00:00,29.21,1015.47,55.01,0,normal
2026-07-07T10:46:00+00:00,29.29,1015.53,54.8,0,normal
2026-07-07T10:47:00+00:00,29.34,1015.39,54.69,0,normal
2026-07-07T10:48:00+00:00,29.39,1015.4,54.28,0,normal
2026-07-07T10:49:00+00:00,29.38,1015.38,54.13,0,normal
2026-07-07T10:50:00+00:00,29.46,1015.35,54.08,0,normal
2026-07-07T10:51:00+00:00,29.43,1015.39,54.25,0,normal
2026-07-07T10:52:00+00:00,29.43,1015.52,54.01,0,normal
2026-07-07T10:53:00+00:00,29.53,1015.44,54.1,0,normal
2026-07-07T10:54:00+00:00,29.6,1015.37,54.0,0,normal
2026-07-07T10:55:00+00:00,29.76,1015.31,54.0,0,normal
2026-07-07T10:56:00+00:00,29.79,1015.3,53.58,0,normal
2026-07-07T10:57:00+00:00,29.87,1015.28,53.74,0,normal
2026-07-07T10:58:00+00:00,29.89,1015.27,53.74,0,normal
2026-07-07T10:59:00+00:00,29.81,1015.33,53.59,0,normal
2026-07-07T11:00:00+00:00,29.79,1015.38,53.57,0,normal
2026-07-07T11:01:00+00:00,29.78,1015.38,53.62,0,normal
2026-07-07T11:02:00+00:00,29.78,1015.4,53.29,0,normal
2026-07-07T11:03:00+00:00,29.82,1015.42,53.35,0,normal
2026-07-07T11:04:00+00:00,29.65,1015.39,53.04,0,normal
2026-07-07T11:05:00+00:00,29.77,1015.34,53.21,0,normal
2026-07-07T11:06:00+00:00,29.69,1015.34,53.14,0,normal
2026-07-07T11:07:00+00:00,29.93,1015.37,53.3,0,normal
2026-07-07T11:08:00+00:00,30.1,1015.36,53.2,0,normal
2026-07-07T11:09:00+00:00,30.09,1015.35,52.56,0,normal
2026-07-07T11:10:00+00:00,30.09,1015.34,52.48,0,normal
2026-07-07T11:11:00+00:00,29.97,1015.3,52.13,0,normal
2026-07-07T11:12:00+00:00,30.13,1015.27,51.68,0,normal
2026-07-07T11:13:00+00:00,30.11,1015.29,51.7,0,normal
2026-07-07T11:14:00+00:00,30.05,1015.23,51.62,0,normal
2026-07-07T11:15:00+00:00,30.02,1015.14,51.59,0,normal
2026-07-07T11:16:00+00:00,29.93,1015.17,51.79,0,normal
2026-07-07T11:17:00+00:00,29.86,1015.12,51.67,0,normal
2026-07-07T11:18:00+00:00,29.88,1015.11,51.73,0,normal
2026-07-07T11:19:00+00:00,29.94,1015.17,51.71,0,normal
2026-07-07T11:20:00+00:00,29.86,1015.07,52.0,0,normal
2026-07-07T11:21:00+00:00,29.92,1015.06,52.04,0,normal
2026-07-07T11:22:00+00:00,29.96,1015.06,51.9,0,normal
2026-07-07T11:23:00+00:00,30.06,1015.02,51.67,0,normal
2026-07-07T11:24:00+00:00,29.95,1014.99,51.87,0,normal
2026-07-07T11:25:00+00:00,29.93,1014.91,51.87,0,normal
2026-07-07T11:26:00+00:00,29.91,1014.97,52.03,0,normal
2026-07-07T11:27:00+00:00,29.83,1014.95,51.8,0,normal
2026-07-07T11:28:00+00:00,29.77,1014.93,51.9,0,normal
2026-07-07T11:29:00+00:00,29.8,1014.89,51.39,0,normal
2026-07-07T11:30:00+00:00,29.78,1014.9,51.07,0,normal
2026-07-07T11:31:00+00:00,29.92,1014.86,51.07,0,normal
2026-07-07T11:32:00+00:00,29.92,1014.79,51.12,0,normal
2026-07-07T11:33:00+00:00,29.91,1014.74,50.61,0,normal
2026-07-07T11:34:00+00:00,30.05,1014.73,68.07,1,humidity_spike
2026-07-07T11:35:00+00:00,30.16,1014.7,72.46,1,humidity_spike
2026-07-07T11:36:00+00:00,30.19,1014.67,65.84,1,humidity_spike
2026-07-07T11:37:00+00:00,30.27,1014.61,69.79,1,humidity_spike
2026-07-07T11:38:00+00:00,30.37,1014.66,67.94,1,humidity_spike
2026-07-07T11:39:00+00:00,30.44,1014.71,66.03,1,humidity_spike
2026-07-07T11:40:00+00:00,30.51,1014.67,73.19,1,humidity_spike
2026-07-07T11:41:00+00:00,30.52,1014.65,51.02,0,normal
2026-07-07T11:42:00+00:00,30.56,1014.59,51.39,0,normal
2026-07-07T11:43:00+00:00,30.46,1014.53,51.09,0,normal
2026-07-07T11:44:00+00:00,30.49,1014.58,51.13,0,normal
2026-07-07T11:45:00+00:00,30.62,1014.54,51.19,0,normal
2026-07-07T11:46:00+00:00,30.6,1014.55,51.33,0,normal
2026-07-07T11:47:00+00:00,30.48,1014.65,51.21,0,normal
2026-07-07T11:48:00+00:00,30.36,1014.6,51.14,0,normal
2026-07-07T11:49:00+00:00,30.33,1014.5,51.08,0,normal
2026-07-07T11:50:00+00:00,30.3,1014.53,50.78,0,normal
2026-07-07T11:51:00+00:00,30.51,1014.55,50.75,0,normal
2026-07-07T11:52:00+00:00,30.57,1014.46,50.58,0,normal
2026-07-07T11:53:00+00:00,30.73,1014.44,50.5,0,normal
2026-07-07T11:54:00+00:00,30.7,1014.51,50.38,0,normal
2026-07-07T11:55:00+00:00,30.61,1014.64,50.05,0,normal
2026-07-07T11:56:00+00:00,30.62,1014.59,49.86,0,normal
2026-07-07T11:57:00+00:00,30.55,1014.55,50.02,0,normal
2026-07-07T11:58:00+00:00,30.42,1014.61,50.19,0,normal
2026-07-07T11:59:00+00:00,30.48,1014.61,50.18,0,normal
2026-07-07T12:00:00+00:00,30.62,1014.51,50.26,0,normal
2026-07-07T12:01:00+00:00,30.58,1014.55,50.07,0,normal
2026-07-07T12:02:00+00:00,30.66,1014.46,49.67,0,normal
2026-07-07T12:03:00+00:00,30.67,1014.53,49.74,0,normal
2026-07-07T12:04:00+00:00,30.73,1014.57,49.61,0,normal
2026-07-07T12:05:00+00:00,30.79,1014.53,49.5,0,normal
2026-07-07T12:06:00+00:00,30.79,1014.5,49.45,0,normal
2026-07-07T12:07:00+00:00,30.78,1014.46,49.38,0,normal
2026-07-07T12:08:00+00:00,30.81,1014.4,49.42,0,normal
2026-07-07T12:09:00+00:00,30.78,1014.41,49.24,0,normal
2026-07-07T12:10:00+00:00,30.88,1014.45,49.0,0,normal
2026-07-07T12:11:00+00:00,30.94,1014.52,48.78,0,normal
2026-07-07T12:12:00+00:00,30.88,1014.55,48.5,0,normal
2026-07-07T12:13:00+00:00,30.83,1014.49,48.65,0,normal
2026-07-07T12:14:00+00:00,30.79,1014.47,48.48,0,normal
2026-07-07T12:15:00+00:00,30.9,1014.42,48.19,0,normal
2026-07-07T12:16:00+00:00,30.8,1014.46,48.35,0,normal
2026-07-07T12:17:00+00:00,30.92,1014.39,48.3,0,normal
2026-07-07T12:18:00+00:00,31.12,1014.37,48.18,0,normal
2026-07-07T12:19:00+00:00,31.13,1014.4,48.28,0,normal
2026-07-07T12:20:00+00:00,31.08,1014.37,48.21,0,normal
2026-07-07T12:21:00+00:00,31.03,1014.3,48.57,0,normal
2026-07-07T12:22:00+00:00,31.01,1014.29,48.48,0,normal
2026-07-07T12:23:00+00:00,31.02,1014.31,48.36,0,normal
2026-07-07T12:24:00+00:00,31.12,1014.34,48.3,0,normal
2026-07-07T12:25:00+00:00,31.07,1014.4,48.25,0,normal
2026-07-07T12:26:00+00:00,30.98,1014.45,48.09,0,normal
2026-07-07T12:27:00+00:00,31.07,1014.32,48.01,0,normal
2026-07-07T12:28:00+00:00,31.17,1014.32,48.12,0,normal
2026-07-07T12:29:00+00:00,31.11,1014.34,48.1,0,normal
2026-07-07T12:30:00+00:00,31.14,1014.44,48.35,0,normal
2026-07-07T12:31:00+00:00,31.21,1014.47,48.13,0,normal
2026-07-07T12:32:00+00:00,31.18,1014.39,47.86,0,normal
2026-07-07T12:33:00+00:00,31.12,1014.38,47.6,0,normal
2026-07-07T12:34:00+00:00,31.13,1014.37,47.38,0,normal
2026-07-07T12:35:00+00:00,31.26,1014.31,47.61,0,normal
2026-07-07T12:36:00+00:00,31.09,1014.3,47.37,0,normal
2026-07-07T12:37:00+00:00,31.05,1014.39,47.31,0,normal
2026-07-07T12:38:00+00:00,30.98,1014.41,47.25,0,normal
2026-07-07T12:39:00+00:00,31.01,1014.36,47.09,0,normal
2026-07-07T12:40:00+00:00,30.97,1014.4,47.06,0,normal
2026-07-07T12:41:00+00:00,30.91,1014.41,47.1,0,normal
2026-07-07T12:42:00+00:00,30.98,1014.38,47.1,0,normal
2026-07-07T12:43:00+00:00,31.04,1014.33,47.29,0,normal
2026-07-07T12:44:00+00:00,31.06,1014.27,47.07,0,normal
2026-07-07T12:45:00+00:00,31.08,1014.25,47.23,0,normal
2026-07-07T12:46:00+00:00,31.07,1014.27,47.06,0,normal
2026-07-07T12:47:00+00:00,31.09,1014.34,47.04,0,normal
2026-07-07T12:48:00+00:00,31.07,1014.3,47.05,0,normal
2026-07-07T12:49:00+00:00,31.2,1014.23,47.05,0,normal
2026-07-07T12:50:00+00:00,31.08,1014.22,47.11,0,normal
2026-07-07T12:51:00+00:00,30.97,1014.2,47.17,0,normal
2026-07-07T12:52:00+00:00,31.01,1014.22,46.97,0,normal
2026-07-07T12:53:00+00:00,31.06,1014.2,47.12,0,normal
2026-07-07T12:54:00+00:00,30.9,1014.19,47.14,0,normal
2026-07-07T12:55:00+00:00,31.04,1014.21,47.17,0,normal
2026-07-07T12:56:00+00:00,31.1,1014.28,47.09,0,normal
2026-07-07T12:57:00+00:00,31.01,1014.2,47.22,0,normal
2026-07-07T12:58:00+00:00,31.05,1014.2,47.09,0,normal
2026-07-07T12:59:00+00:00,31.09,1014.22,47.18,0,normal
2026-07-07T13:00:00+00:00,31.03,1014.14,46.98,0,normal
2026-07-07T13:01:00+00:00,30.95,1014.08,47.29,0,normal
2026-07-07T13:02:00+00:00,30.8,1014.12,47.46,0,normal
2026-07-07T13:03:00+00:00,30.92,1014.14,47.69,0,normal
2026-07-07T13:04:00+00:00,31.09,1014.14,47.74,0,normal
2026-07-07T13:05:00+00:00,31.22,1014.11,47.64,0,normal
2026-07-07T13:06:00+00:00,31.19,1014.15,47.22,0,normal
2026-07-07T13:07:00+00:00,31.33,1014.19,47.32,0,normal
2026-07-07T13:08:00+00:00,31.15,1014.14,47.59,0,normal
2026-07-07T13:09:00+00:00,31.16,1014.07,47.59,0,normal
2026-07-07T13:10:00+00:00,31.24,1014.11,47.52,0,normal
2026-07-07T13:11:00+00:00,31.35,1014.09,47.59,0,normal
2026-07-07T13:12:00+00:00,31.38,1014.1,47.47,0,normal
2026-07-07T13:13:00+00:00,31.36,1014.12,47.37,0,normal
2026-07-07T13:14:00+00:00,31.44,1014.11,47.65,0,normal
2026-07-07T13:15:00+00:00,31.4,1014.17,47.8,0,normal
2026-07-07T13:16:00+00:00,31.43,1014.19,47.59,0,normal
2026-07-07T13:17:00+00:00,31.4,1014.21,47.54,0,normal
2026-07-07T13:18:00+00:00,31.51,1014.2,47.41,0,normal
2026-07-07T13:19:00+00:00,31.38,1014.25,47.48,0,normal
2026-07-07T13:20:00+00:00,31.48,1014.31,47.59,0,normal
2026-07-07T13:21:00+00:00,31.55,1014.35,47.7,0,normal
2026-07-07T13:22:00+00:00,31.41,1014.3,47.39,0,normal
2026-07-07T13:23:00+00:00,31.53,1014.27,47.22,0,normal
2026-07-07T13:24:00+00:00,31.54,1014.22,47.26,0,normal
2026-07-07T13:25:00+00:00,31.37,1014.17,47.27,0,normal
2026-07-07T13:26:00+00:00,31.29,1014.25,47.24,0,normal
2026-07-07T13:27:00+00:00,31.4,1014.28,47.2,0,normal
2026-07-07T13:28:00+00:00,31.34,1014.34,47.25,0,normal
2026-07-07T13:29:00+00:00,31.52,1014.39,47.13,0,normal
2026-07-07T13:30:00+00:00,31.56,1014.42,47.33,0,normal
2026-07-07T13:31:00+00:00,31.67,1014.41,47.05,0,normal
2026-07-07T13:32:00+00:00,31.52,1014.36,46.9,0,normal
2026-07-07T13:33:00+00:00,31.65,1014.45,47.07,0,normal
2026-07-07T13:34:00+00:00,31.76,1014.42,46.73,0,normal
2026-07-07T13:35:00+00:00,31.67,1014.32,46.5,0,normal
2026-07-07T13:36:00+00:00,31.64,1014.34,46.52,0,normal
2026-07-07T13:37:00+00:00,31.59,1014.38,46.38,0,normal
2026-07-07T13:38:00+00:00,31.59,1014.34,46.6,0,normal
2026-07-07T13:39:00+00:00,31.6,1014.38,46.35,0,normal
2026-07-07T13:40:00+00:00,31.62,1014.42,45.94,0,normal
2026-07-07T13:41:00+00:00,31.72,1014.37,46.0,0,normal
2026-07-07T13:42:00+00:00,31.86,1014.43,45.73,0,normal
2026-07-07T13:43:00+00:00,31.84,1014.5,45.6,0,normal
2026-07-07T13:44:00+00:00,31.81,1014.48,45.75,0,normal
2026-07-07T13:45:00+00:00,31.68,1014.52,45.66,0,normal
2026-07-07T13:46:00+00:00,31.69,1014.52,45.81,0,normal
2026-07-07T13:47:00+00:00,31.69,1014.59,46.04,0,normal
2026-07-07T13:48:00+00:00,31.63,1014.67,46.12,0,normal
2026-07-07T13:49:00+00:00,31.64,1014.71,45.92,0,normal
2026-07-07T13:50:00+00:00,31.54,1014.71,45.82,0,normal
2026-07-07T13:51:00+00:00,31.71,1014.67,45.86,0,normal
2026-07-07T13:52:00+00:00,31.73,1014.73,45.68,0,normal
2026-07-07T13:53:00+00:00,31.6,1014.8,45.73,0,normal
2026-07-07T13:54:00+00:00,31.67,1014.84,45.97,0,normal
2026-07-07T13:55:00+00:00,31.65,1014.8,45.59,0,normal
2026-07-07T13:56:00+00:00,31.57,1014.8,45.49,0,normal
2026-07-07T13:57:00+00:00,31.49,1014.8,45.8,0,normal
2026-07-07T13:58:00+00:00,31.5,1014.74,46.09,0,normal
2026-07-07T13:59:00+00:00,31.45,1014.81,46.05,0,normal
2026-07-07T14:00:00+00:00,31.47,1014.89,45.79,0,normal
2026-07-07T14:01:00+00:00,31.4,1014.86,45.79,0,normal
2026-07-07T14:02:00+00:00,31.63,1014.81,45.56,0,normal
2026-07-07T14:03:00+00:00,31.56,1014.82,45.7,0,normal
2026-07-07T14:04:00+00:00,31.51,1014.82,46.13,0,normal
2026-07-07T14:05:00+00:00,31.52,1014.84,46.52,0,normal
2026-07-07T14:06:00+00:00,31.48,1014.8,46.42,0,normal
2026-07-07T14:07:00+00:00,31.45,1014.71,46.44,0,normal
2026-07-07T14:08:00+00:00,31.48,1014.71,46.49,0,normal
2026-07-07T14:09:00+00:00,31.51,1014.65,46.55,0,normal
2026-07-07T14:10:00+00:00,31.56,1014.58,46.83,0,normal
2026-07-07T14:11:00+00:00,31.47,1014.54,46.85,0,normal
2026-07-07T14:12:00+00:00,31.53,1014.59,46.94,0,normal
2026-07-07T14:13:00+00:00,31.49,1014.61,46.86,0,normal
2026-07-07T14:14:00+00:00,31.52,1014.63,46.73,0,normal
2026-07-07T14:15:00+00:00,31.5,1014.55,46.89,0,normal
2026-07-07T14:16:00+00:00,31.53,1014.45,47.02,0,normal
2026-07-07T14:17:00+00:00,31.54,1014.43,46.79,0,normal
2026-07-07T14:18:00+00:00,31.49,1014.41,46.62,0,normal
2026-07-07T14:19:00+00:00,31.63,1014.45,47.02,0,normal
2026-07-07T14:20:00+00:00,31.66,1014.51,46.82,0,normal
2026-07-07T14:21:00+00:00,31.64,1014.53,46.93,0,normal
2026-07-07T14:22:00+00:00,31.64,1014.57,46.97,0,normal
2026-07-07T14:23:00+00:00,31.62,1014.57,46.82,0,normal
2026-07-07T14:24:00+00:00,31.71,1014.57,46.87,0,normal
2026-07-07T14:25:00+00:00,31.69,1014.65,46.46,0,normal
2026-07-07T14:26:00+00:00,31.71,1014.6,46.54,0,normal
2026-07-07T14:27:00+00:00,31.7,1014.55,46.61,0,normal
2026-07-07T14:28:00+00:00,31.71,1014.56,46.59,0,normal
2026-07-07T14:29:00+00:00,31.72,1014.65,46.53,0,normal
2026-07-07T14:30:00+00:00,31.8,1014.67,46.8,0,normal
2026-07-07T14:31:00+00:00,31.77,1014.65,46.57,0,normal
2026-07-07T14:32:00+00:00,31.76,1014.64,46.86,0,normal
2026-07-07T14:33:00+00:00,31.68,1014.62,46.96,0,normal
2026-07-07T14:34:00+00:00,31.78,1014.69,47.16,0,normal
2026-07-07T14:35:00+00:00,31.76,1014.7,47.54,0,normal
2026-07-07T14:36:00+00:00,31.89,1014.76,47.72,0,normal
2026-07-07T14:37:00+00:00,31.94,1014.72,47.67,0,normal
2026-07-07T14:38:00+00:00,32.04,1014.78,47.61,0,normal
2026-07-07T14:39:00+00:00,32.14,1014.82,47.72,0,normal
2026-07-07T14:40:00+00:00,32.14,1014.86,47.8,0,normal
2026-07-07T14:41:00+00:00,32.22,1014.95,47.66,0,normal
2026-07-07T14:42:00+00:00,32.21,1015.03,47.6,0,normal
2026-07-07T14:43:00+00:00,32.08,1014.99,47.39,0,normal
2026-07-07T14:44:00+00:00,32.01,1014.96,47.57,0,normal
2026-07-07T14:45:00+00:00,31.97,1015.04,47.31,0,normal
2026-07-07T14:46:00+00:00,31.92,1015.06,47.46,0,normal
2026-07-07T14:47:00+00:00,31.99,1015.04,47.63,0,normal
2026-07-07T14:48:00+00:00,31.83,1015.09,47.33,0,normal
2026-07-07T14:49:00+00:00,31.85,1015.16,47.49,0,normal
2026-07-07T14:50:00+00:00,31.7,1015.14,47.61,0,normal
2026-07-07T14:51:00+00:00,31.75,1015.17,47.15,0,normal
2026-07-07T14:52:00+00:00,31.83,1015.24,47.18,0,normal
2026-07-07T14:53:00+00:00,31.83,1015.27,47.46,0,normal
2026-07-07T14:54:00+00:00,31.83,1015.27,47.52,0,normal
2026-07-07T14:55:00+00:00,31.81,1015.27,47.15,0,normal
2026-07-07T14:56:00+00:00,31.84,1015.33,47.36,0,normal
2026-07-07T14:57:00+00:00,31.89,1015.33,47.38,0,normal
2026-07-07T14:58:00+00:00,31.96,1015.38,47.67,0,normal
2026-07-07T14:59:00+00:00,31.88,1015.35,47.58,0,normal
2026-07-07T15:00:00+00:00,31.78,1015.29,47.66,0,normal
2026-07-07T15:01:00+00:00,31.8,1015.3,47.72,0,normal
2026-07-07T15:02:00+00:00,31.66,1015.29,47.64,0,normal
2026-07-07T15:03:00+00:00,27.53,1015.22,47.44,1,temperature_drop
2026-07-07T15:04:00+00:00,28.46,1015.25,47.64,1,temperature_drop
2026-07-07T15:05:00+00:00,27.84,1015.28,47.6,1,temperature_drop
2026-07-07T15:06:00+00:00,31.57,1015.26,47.76,0,normal
2026-07-07T15:07:00+00:00,31.66,1015.24,47.4,0,normal
2026-07-07T15:08:00+00:00,31.71,1015.25,47.14,0,normal
2026-07-07T15:09:00+00:00,31.45,1015.22,47.06,0,normal
2026-07-07T15:10:00+00:00,31.35,1015.27,46.93,0,normal
2026-07-07T15:11:00+00:00,31.35,1015.4,46.99,0,normal
2026-07-07T15:12:00+00:00,31.33,1015.41,47.15,0,normal
2026-07-07T15:13:00+00:00,31.38,1015.36,47.1,0,normal
2026-07-07T15:14:00+00:00,31.32,1015.36,47.49,0,normal
2026-07-07T15:15:00+00:00,31.36,1015.37,47.76,0,normal
2026-07-07T15:16:00+00:00,31.37,1015.3,48.09,0,normal
2026-07-07T15:17:00+00:00,31.35,1015.2,47.76,0,normal
2026-07-07T15:18:00+00:00,31.44,1015.14,48.03,0,normal
2026-07-07T15:19:00+00:00,31.43,1015.21,47.97,0,normal
2026-07-07T15:20:00+00:00,31.46,1015.24,47.96,0,normal
2026-07-07T15:21:00+00:00,31.36,1015.28,47.6,0,normal
2026-07-07T15:22:00+00:00,31.43,1015.31,47.71,0,normal
2026-07-07T15:23:00+00:00,31.21,1015.28,47.63,0,normal
2026-07-07T15:24:00+00:00,31.26,1015.25,48.16,0,normal
2026-07-07T15:25:00+00:00,31.23,1015.22,48.12,0,normal
2026-07-07T15:26:00+00:00,31.15,1015.19,48.32,0,normal
2026-07-07T15:27:00+00:00,31.19,1015.24,48.57,0,normal
2026-07-07T15:28:00+00:00,31.23,1015.21,48.7,0,normal
2026-07-07T15:29:00+00:00,31.13,1015.22,48.67,0,normal
2026-07-07T15:30:00+00:00,31.11,1015.16,48.45,0,normal
2026-07-07T15:31:00+00:00,31.11,1015.16,48.67,0,normal
2026-07-07T15:32:00+00:00,31.21,1015.13,48.67,0,normal
2026-07-07T15:33:00+00:00,31.33,1015.16,48.58,0,normal
2026-07-07T15:34:00+00:00,31.38,1015.18,48.83,0,normal
2026-07-07T15:35:00+00:00,31.32,1015.19,48.97,0,normal
2026-07-07T15:36:00+00:00,31.31,1015.23,48.57,0,normal
2026-07-07T15:37:00+00:00,31.26,1015.3,48.41,0,normal
2026-07-07T15:38:00+00:00,31.31,1015.34,48.38,0,normal
2026-07-07T15:39:00+00:00,31.4,1015.35,48.34,0,normal
2026-07-07T15:40:00+00:00,31.36,1015.39,48.51,0,normal
2026-07-07T15:41:00+00:00,31.22,1015.45,48.54,0,normal
2026-07-07T15:42:00+00:00,31.25,1015.6,48.45,0,normal
2026-07-07T15:43:00+00:00,31.13,1015.62,48.54,0,normal
2026-07-07T15:44:00+00:00,31.19,1015.61,48.39,0,normal
2026-07-07T15:45:00+00:00,31.05,1015.56,48.34,0,normal
2026-07-07T15:46:00+00:00,31.03,1015.68,48.03,0,normal
2026-07-07T15:47:00+00:00,31.05,1015.66,48.13,0,normal
2026-07-07T15:48:00+00:00,30.99,1015.73,48.38,0,normal
2026-07-07T15:49:00+00:00,30.98,1015.82,48.57,0,normal
2026-07-07T15:50:00+00:00,31.08,1015.82,48.79,0,normal
2026-07-07T15:51:00+00:00,31.0,1015.79,49.25,0,normal
2026-07-07T15:52:00+00:00,30.9,1015.78,48.87,0,normal
2026-07-07T15:53:00+00:00,30.83,1015.74,48.76,0,normal
2026-07-07T15:54:00+00:00,30.85,1015.79,48.59,0,normal
2026-07-07T15:55:00+00:00,30.78,1015.85,48.97,0,normal
2026-07-07T15:56:00+00:00,30.87,1015.78,49.23,0,normal
2026-07-07T15:57:00+00:00,31.01,1015.71,49.46,0,normal
2026-07-07T15:58:00+00:00,31.01,1015.71,49.49,0,normal
2026-07-07T15:59:00+00:00,31.03,1015.79,49.72,0,normal
2026-07-07T16:00:00+00:00,30.89,1015.78,49.73,0,normal
2026-07-07T16:01:00+00:00,31.0,1015.66,49.61,0,normal
2026-07-07T16:02:00+00:00,30.86,1015.61,49.82,0,normal
2026-07-07T16:03:00+00:00,30.8,1015.52,49.78,0,normal
2026-07-07T16:04:00+00:00,30.95,1015.46,49.9,0,normal
2026-07-07T16:05:00+00:00,31.06,1015.5,50.28,0,normal
2026-07-07T16:06:00+00:00,30.98,1015.6,50.51,0,normal
2026-07-07T16:07:00+00:00,30.95,1015.56,50.29,0,normal
2026-07-07T16:08:00+00:00,30.74,1015.62,50.37,0,normal
2026-07-07T16:09:00+00:00,30.74,1015.64,50.63,0,normal
2026-07-07T16:10:00+00:00,30.75,1015.64,50.64,0,normal
2026-07-07T16:11:00+00:00,30.9,1015.7,50.54,0,normal
2026-07-07T16:12:00+00:00,30.87,1015.75,50.45,0,normal
2026-07-07T16:13:00+00:00,30.8,1015.78,50.75,0,normal
2026-07-07T16:14:00+00:00,30.85,1015.78,50.9,0,normal
2026-07-07T16:15:00+00:00,30.82,1015.82,50.93,0,normal
2026-07-07T16:16:00+00:00,30.63,1015.69,50.96,0,normal
2026-07-07T16:17:00+00:00,30.55,1015.64,50.77,0,normal
2026-07-07T16:18:00+00:00,30.61,1015.69,50.92,0,normal
2026-07-07T16:19:00+00:00,30.63,1015.68,51.07,0,normal
2026-07-07T16:20:00+00:00,30.66,1015.7,51.06,0,normal
2026-07-07T16:21:00+00:00,30.7,1015.7,51.27,0,normal
2026-07-07T16:22:00+00:00,30.73,1015.73,51.56,0,normal
2026-07-07T16:23:00+00:00,30.6,1015.74,51.39,0,normal
2026-07-07T16:24:00+00:00,30.61,1015.83,51.17,0,normal
2026-07-07T16:25:00+00:00,30.85,1015.82,51.24,0,normal
2026-07-07T16:26:00+00:00,30.82,1015.85,51.07,0,normal
2026-07-07T16:27:00+00:00,30.87,1015.83,50.73,0,normal
2026-07-07T16:28:00+00:00,30.74,1015.93,51.0,0,normal
2026-07-07T16:29:00+00:00,30.55,1016.0,50.62,0,normal
2026-07-07T16:30:00+00:00,30.52,1015.96,50.84,0,normal
2026-07-07T16:31:00+00:00,30.54,1016.03,50.81,0,normal
2026-07-07T16:32:00+00:00,30.5,1015.97,50.63,0,normal
2026-07-07T16:33:00+00:00,30.56,1016.01,50.7,0,normal
2026-07-07T16:34:00+00:00,30.63,1015.97,50.89,0,normal
2026-07-07T16:35:00+00:00,30.5,1016.07,51.04,0,normal
2026-07-07T16:36:00+00:00,30.55,1016.05,51.51,0,normal
2026-07-07T16:37:00+00:00,30.68,1016.09,51.76,0,normal
2026-07-07T16:38:00+00:00,30.62,1016.05,51.92,0,normal
2026-07-07T16:39:00+00:00,30.51,1016.13,52.13,0,normal
2026-07-07T16:40:00+00:00,30.5,1016.16,52.33,0,normal
2026-07-07T16:41:00+00:00,30.49,1016.16,52.01,0,normal
2026-07-07T16:42:00+00:00,30.53,1016.19,52.57,0,normal
2026-07-07T16:43:00+00:00,30.49,1016.22,52.61,0,normal
2026-07-07T16:44:00+00:00,30.5,1016.19,52.58,0,normal
2026-07-07T16:45:00+00:00,30.53,1016.19,52.73,0,normal
2026-07-07T16:46:00+00:00,30.5,1016.22,52.94,0,normal
2026-07-07T16:47:00+00:00,30.45,1016.17,52.86,0,normal
2026-07-07T16:48:00+00:00,30.34,1016.08,52.82,0,normal
2026-07-07T16:49:00+00:00,30.33,1016.15,52.58,0,normal
2026-07-07T16:50:00+00:00,30.3,1016.23,52.47,0,normal
2026-07-07T16:51:00+00:00,30.31,1016.33,52.11,0,normal
2026-07-07T16:52:00+00:00,30.3,1016.4,52.08,0,normal
2026-07-07T16:53:00+00:00,30.37,1016.44,52.47,0,normal
2026-07-07T16:54:00+00:00,30.38,1016.54,52.56,0,normal
2026-07-07T16:55:00+00:00,30.23,1016.51,52.78,0,normal
2026-07-07T16:56:00+00:00,30.27,1016.49,53.16,0,normal
2026-07-07T16:57:00+00:00,30.21,1016.52,53.24,0,normal
2026-07-07T16:58:00+00:00,30.06,1016.52,53.72,0,normal
2026-07-07T16:59:00+00:00,29.96,1016.56,53.47,0,normal
2026-07-07T17:00:00+00:00,29.86,1016.49,53.65,0,normal
2026-07-07T17:01:00+00:00,29.77,1016.56,53.53,0,normal
2026-07-07T17:02:00+00:00,29.76,1016.58,53.21,0,normal
2026-07-07T17:03:00+00:00,29.75,1016.6,53.46,0,normal
2026-07-07T17:04:00+00:00,29.66,1016.56,53.6,0,normal
2026-07-07T17:05:00+00:00,29.75,1016.53,53.36,0,normal
2026-07-07T17:06:00+00:00,29.7,1016.49,53.46,0,normal
2026-07-07T17:07:00+00:00,29.6,1016.54,53.52,0,normal
2026-07-07T17:08:00+00:00,29.66,1016.43,53.19,0,normal
2026-07-07T17:09:00+00:00,29.74,1016.4,52.94,0,normal
2026-07-07T17:10:00+00:00,29.7,1016.43,52.97,0,normal
2026-07-07T17:11:00+00:00,29.71,1016.46,53.08,0,normal
2026-07-07T17:12:00+00:00,29.79,1016.47,53.13,0,normal
2026-07-07T17:13:00+00:00,29.82,1016.5,53.01,0,normal
2026-07-07T17:14:00+00:00,29.78,1016.53,52.96,0,normal
2026-07-07T17:15:00+00:00,29.7,1016.47,52.46,0,normal
2026-07-07T17:16:00+00:00,29.64,1016.49,52.35,0,normal
2026-07-07T17:17:00+00:00,29.72,1016.44,52.64,0,normal
2026-07-07T17:18:00+00:00,29.71,1016.56,52.85,0,normal
2026-07-07T17:19:00+00:00,29.56,1016.62,53.29,0,normal
2026-07-07T17:20:00+00:00,29.39,1016.66,53.54,0,normal
2026-07-07T17:21:00+00:00,29.35,1016.54,53.55,0,normal
2026-07-07T17:22:00+00:00,29.28,1016.62,53.6,0,normal
2026-07-07T17:23:00+00:00,29.23,1016.6,53.74,0,normal
2026-07-07T17:24:00+00:00,29.21,1016.56,53.87,0,normal
2026-07-07T17:25:00+00:00,29.15,1016.44,54.07,0,normal
2026-07-07T17:26:00+00:00,29.18,1016.46,54.04,0,normal
2026-07-07T17:27:00+00:00,29.15,1016.52,53.99,0,normal
2026-07-07T17:28:00+00:00,29.2,1016.45,54.09,0,normal
2026-07-07T17:29:00+00:00,29.18,1016.51,53.98,0,normal
2026-07-07T17:30:00+00:00,29.09,1016.45,53.95,0,normal
2026-07-07T17:31:00+00:00,29.09,1016.38,53.95,0,normal
2026-07-07T17:32:00+00:00,29.12,1016.39,54.06,0,normal
2026-07-07T17:33:00+00:00,28.97,1016.4,54.16,0,normal
2026-07-07T17:34:00+00:00,28.94,1016.42,54.19,0,normal
2026-07-07T17:35:00+00:00,28.88,1016.39,54.47,0,normal
2026-07-07T17:36:00+00:00,28.77,1016.41,54.92,0,normal
2026-07-07T17:37:00+00:00,28.84,1016.45,55.03,0,normal
2026-07-07T17:38:00+00:00,28.82,1016.42,55.05,0,normal
2026-07-07T17:39:00+00:00,28.84,1016.45,55.27,0,normal
2026-07-07T17:40:00+00:00,28.92,1016.46,55.37,0,normal
2026-07-07T17:41:00+00:00,28.74,1016.58,55.34,0,normal
2026-07-07T17:42:00+00:00,28.78,1016.57,55.32,0,normal
2026-07-07T17:43:00+00:00,28.74,1016.51,54.89,0,normal
2026-07-07T17:44:00+00:00,28.81,1016.55,54.8,0,normal
2026-07-07T17:45:00+00:00,28.82,1016.6,54.77,0,normal
2026-07-07T17:46:00+00:00,28.83,1016.66,54.59,0,normal
2026-07-07T17:47:00+00:00,28.84,1016.68,55.09,0,normal
2026-07-07T17:48:00+00:00,28.85,1016.66,55.13,0,normal
2026-07-07T17:49:00+00:00,28.98,1016.64,55.35,0,normal
2026-07-07T17:50:00+00:00,28.92,1016.7,55.68,0,normal
2026-07-07T17:51:00+00:00,28.88,1016.68,55.68,0,normal
2026-07-07T17:52:00+00:00,28.71,1016.69,55.78,0,normal
2026-07-07T17:53:00+00:00,28.61,1016.6,55.91,0,normal
2026-07-07T17:54:00+00:00,28.61,1016.62,55.8,0,normal
2026-07-07T17:55:00+00:00,28.61,1016.62,56.07,0,normal
2026-07-07T17:56:00+00:00,28.5,1016.68,56.46,0,normal
2026-07-07T17:57:00+00:00,28.48,1016.7,56.69,0,normal
2026-07-07T17:58:00+00:00,28.38,1016.68,56.79,0,normal
2026-07-07T17:59:00+00:00,28.51,1016.62,57.18,0,normal
2026-07-07T18:00:00+00:00,28.47,1016.62,57.47,0,normal
2026-07-07T18:01:00+00:00,28.6,1016.64,57.74,0,normal
2026-07-07T18:02:00+00:00,28.49,1016.62,57.5,0,normal
2026-07-07T18:03:00+00:00,28.41,1016.65,57.59,0,normal
2026-07-07T18:04:00+00:00,,1016.75,57.61,1,missing_data
2026-07-07T18:05:00+00:00,,1016.81,57.91,1,missing_data
2026-07-07T18:06:00+00:00,,1016.84,58.06,1,missing_data
2026-07-07T18:07:00+00:00,,1016.77,58.09,1,missing_data
2026-07-07T18:08:00+00:00,,1016.78,58.1,1,missing_data
2026-07-07T18:09:00+00:00,28.09,1016.66,58.29,0,normal
2026-07-07T18:10:00+00:00,28.02,1016.65,58.21,0,normal
2026-07-07T18:11:00+00:00,27.92,1016.61,58.46,0,normal
2026-07-07T18:12:00+00:00,27.88,1016.64,58.66,0,normal
2026-07-07T18:13:00+00:00,27.89,1016.68,58.69,0,normal
2026-07-07T18:14:00+00:00,27.98,1016.72,58.92,0,normal
2026-07-07T18:15:00+00:00,27.88,1016.73,58.58,0,normal
2026-07-07T18:16:00+00:00,27.97,1016.69,58.53,0,normal
2026-07-07T18:17:00+00:00,27.83,1016.69,58.54,0,normal
2026-07-07T18:18:00+00:00,27.95,1016.73,58.49,0,normal
2026-07-07T18:19:00+00:00,27.79,1016.61,58.36,0,normal
2026-07-07T18:20:00+00:00,27.66,1016.62,58.41,0,normal
2026-07-07T18:21:00+00:00,27.64,1016.58,58.52,0,normal
2026-07-07T18:22:00+00:00,27.51,1016.57,58.77,0,normal
2026-07-07T18:23:00+00:00,27.46,1016.6,58.44,0,normal
2026-07-07T18:24:00+00:00,27.29,1016.61,58.75,0,normal
2026-07-07T18:25:00+00:00,27.26,1016.72,58.54,0,normal
2026-07-07T18:26:00+00:00,27.2,1016.72,58.73,0,normal
2026-07-07T18:27:00+00:00,27.15,1016.66,58.95,0,normal
2026-07-07T18:28:00+00:00,27.15,1016.63,59.14,0,normal
2026-07-07T18:29:00+00:00,27.14,1016.62,59.18,0,normal
2026-07-07T18:30:00+00:00,27.07,1016.57,59.16,0,normal
2026-07-07T18:31:00+00:00,27.06,1016.48,59.44,0,normal
2026-07-07T18:32:00+00:00,27.06,1016.43,59.85,0,normal
2026-07-07T18:33:00+00:00,27.06,1016.37,60.23,0,normal
2026-07-07T18:34:00+00:00,27.16,1016.33,60.21,0,normal
2026-07-07T18:35:00+00:00,27.11,1016.24,60.33,0,normal
2026-07-07T18:36:00+00:00,27.16,1016.29,60.39,0,normal
2026-07-07T18:37:00+00:00,27.22,1016.24,60.82,0,normal
2026-07-07T18:38:00+00:00,27.13,1016.22,60.74,0,normal
2026-07-07T18:39:00+00:00,27.06,1016.23,60.74,0,normal
2026-07-07T18:40:00+00:00,27.05,1016.2,60.83,0,normal
2026-07-07T18:41:00+00:00,26.95,1016.25,61.03,0,normal
2026-07-07T18:42:00+00:00,26.93,1016.23,61.14,0,normal
2026-07-07T18:43:00+00:00,26.85,1016.24,61.16,0,normal
2026-07-07T18:44:00+00:00,27.04,1016.19,60.68,0,normal
2026-07-07T18:45:00+00:00,26.97,1016.11,60.61,0,normal
2026-07-07T18:46:00+00:00,26.84,1016.08,60.49,0,normal
2026-07-07T18:47:00+00:00,26.9,1016.1,60.8,0,normal
2026-07-07T18:48:00+00:00,26.88,1016.16,60.83,0,normal
2026-07-07T18:49:00+00:00,26.99,1016.19,60.77,0,normal
2026-07-07T18:50:00+00:00,27.01,1016.21,60.83,0,normal
2026-07-07T18:51:00+00:00,26.98,1016.25,60.5,0,normal
2026-07-07T18:52:00+00:00,26.92,1016.29,60.68,0,normal
2026-07-07T18:53:00+00:00,26.8,1016.18,61.14,0,normal
2026-07-07T18:54:00+00:00,26.76,1016.26,61.4,0,normal
2026-07-07T18:55:00+00:00,26.67,1016.14,61.4,0,normal
2026-07-07T18:56:00+00:00,26.65,1016.17,61.27,0,normal
2026-07-07T18:57:00+00:00,26.64,1016.19,61.58,0,normal
2026-07-07T18:58:00+00:00,26.59,1016.21,61.74,0,normal
2026-07-07T18:59:00+00:00,26.64,1016.18,61.22,0,normal
2026-07-07T19:00:00+00:00,26.59,1016.17,61.11,0,normal
2026-07-07T19:01:00+00:00,26.44,1016.15,61.22,0,normal
2026-07-07T19:02:00+00:00,26.43,1016.04,61.01,0,normal
2026-07-07T19:03:00+00:00,26.5,1016.04,61.16,0,normal
2026-07-07T19:04:00+00:00,26.36,1016.05,61.23,0,normal
2026-07-07T19:05:00+00:00,26.29,1015.99,61.21,0,normal
2026-07-07T19:06:00+00:00,26.43,1015.98,61.52,0,normal
2026-07-07T19:07:00+00:00,26.39,1015.97,61.54,0,normal
2026-07-07T19:08:00+00:00,26.47,1016.0,61.53,0,normal
2026-07-07T19:09:00+00:00,26.4,1016.07,61.12,0,normal
2026-07-07T19:10:00+00:00,26.4,1016.1,61.15,0,normal
2026-07-07T19:11:00+00:00,26.38,1016.13,61.09,0,normal
2026-07-07T19:12:00+00:00,26.41,1016.14,61.25,0,normal
2026-07-07T19:13:00+00:00,26.38,1016.18,61.9,0,normal
2026-07-07T19:14:00+00:00,26.39,1016.21,62.1,0,normal
2026-07-07T19:15:00+00:00,26.51,1016.14,61.91,0,normal
2026-07-07T19:16:00+00:00,26.47,1016.17,61.57,0,normal
2026-07-07T19:17:00+00:00,26.43,1016.15,61.91,0,normal
2026-07-07T19:18:00+00:00,26.41,1016.06,61.87,0,normal
2026-07-07T19:19:00+00:00,26.3,1016.1,62.13,0,normal
2026-07-07T19:20:00+00:00,26.21,1016.1,62.1,0,normal
2026-07-07T19:21:00+00:00,26.34,1016.12,62.45,0,normal
2026-07-07T19:22:00+00:00,26.4,1016.17,62.63,0,normal
2026-07-07T19:23:00+00:00,26.33,1016.23,62.8,0,normal
2026-07-07T19:24:00+00:00,26.22,1016.31,62.78,0,normal
2026-07-07T19:25:00+00:00,26.04,1016.34,62.81,0,normal
2026-07-07T19:26:00+00:00,26.03,1016.42,62.71,0,normal
2026-07-07T19:27:00+00:00,25.99,1016.47,63.03,0,normal
2026-07-07T19:28:00+00:00,25.93,1016.56,63.18,0,normal
2026-07-07T19:29:00+00:00,25.93,1016.61,63.55,0,normal
2026-07-07T19:30:00+00:00,25.99,1016.53,63.96,0,normal
2026-07-07T19:31:00+00:00,25.96,1016.46,64.14,0,normal
2026-07-07T19:32:00+00:00,25.93,1016.52,64.36,0,normal
2026-07-07T19:33:00+00:00,25.82,1016.44,64.48,0,normal
2026-07-07T19:34:00+00:00,25.68,1016.37,64.57,0,normal
2026-07-07T19:35:00+00:00,25.61,1016.38,64.55,0,normal
2026-07-07T19:36:00+00:00,25.38,1016.27,64.69,0,normal
2026-07-07T19:37:00+00:00,25.3,1016.18,65.22,0,normal
2026-07-07T19:38:00+00:00,25.35,1016.16,65.38,0,normal
2026-07-07T19:39:00+00:00,25.3,1016.08,65.7,0,normal
2026-07-07T19:40:00+00:00,25.35,1015.96,65.85,0,normal
2026-07-07T19:41:00+00:00,25.34,1015.94,66.36,0,normal
2026-07-07T19:42:00+00:00,25.47,1015.91,66.4,0,normal
2026-07-07T19:43:00+00:00,25.41,1015.87,66.3,0,normal
2026-07-07T19:44:00+00:00,25.41,1015.96,66.7,0,normal
2026-07-07T19:45:00+00:00,25.44,1015.82,66.4,0,normal
2026-07-07T19:46:00+00:00,25.48,1015.89,66.61,0,normal
2026-07-07T19:47:00+00:00,25.41,1015.95,66.85,0,normal
2026-07-07T19:48:00+00:00,25.46,1015.84,67.01,0,normal
2026-07-07T19:49:00+00:00,25.55,1015.85,67.28,0,normal
2026-07-07T19:50:00+00:00,25.5,1015.85,67.63,0,normal
2026-07-07T19:51:00+00:00,25.4,1015.79,67.6,0,normal
2026-07-07T19:52:00+00:00,25.35,1015.7,67.81,0,normal
2026-07-07T19:53:00+00:00,25.29,1015.74,67.45,0,normal
2026-07-07T19:54:00+00:00,25.31,1015.79,67.62,0,normal
2026-07-07T19:55:00+00:00,25.26,1015.82,67.96,0,normal
2026-07-07T19:56:00+00:00,25.25,1015.84,68.36,0,normal
2026-07-07T19:57:00+00:00,25.26,1015.78,68.67,0,normal
2026-07-07T19:58:00+00:00,25.2,1015.76,68.73,0,normal
2026-07-07T19:59:00+00:00,25.23,1015.83,68.79,0,normal
2026-07-07T20:00:00+00:00,25.31,1015.82,69.12,0,normal
2026-07-07T20:01:00+00:00,25.27,1015.78,69.54,0,normal
2026-07-07T20:02:00+00:00,25.16,1015.72,69.31,0,normal
2026-07-07T20:03:00+00:00,25.21,1015.78,69.42,0,normal
2026-07-07T20:04:00+00:00,25.07,1015.76,69.4,0,normal
2026-07-07T20:05:00+00:00,24.93,1015.71,69.54,0,normal
2026-07-07T20:06:00+00:00,24.84,1015.71,69.23,0,normal
2026-07-07T20:07:00+00:00,24.93,1015.67,69.47,0,normal
2026-07-07T20:08:00+00:00,24.89,1015.67,69.3,0,normal
2026-07-07T20:09:00+00:00,24.78,1015.61,69.37,0,normal
2026-07-07T20:10:00+00:00,24.84,1015.62,69.26,0,normal
2026-07-07T20:11:00+00:00,24.79,1015.59,69.27,0,normal
2026-07-07T20:12:00+00:00,24.74,1015.61,69.21,0,normal
2026-07-07T20:13:00+00:00,24.66,1015.64,69.4,0,normal
2026-07-07T20:14:00+00:00,24.71,1015.69,69.22,0,normal
2026-07-07T20:15:00+00:00,24.68,1015.64,69.08,0,normal
2026-07-07T20:16:00+00:00,24.57,1015.6,69.14,0,normal
2026-07-07T20:17:00+00:00,24.47,1015.57,69.75,0,normal
2026-07-07T20:18:00+00:00,24.29,1015.6,69.84,0,normal
2026-07-07T20:19:00+00:00,24.21,1015.48,70.08,0,normal
2026-07-07T20:20:00+00:00,24.06,1015.5,70.52,1,frozen_sensor
2026-07-07T20:21:00+00:00,23.93,1015.5,70.59,1,frozen_sensor
2026-07-07T20:22:00+00:00,23.74,1015.5,70.7,1,frozen_sensor
2026-07-07T20:23:00+00:00,23.75,1015.5,70.78,1,frozen_sensor
2026-07-07T20:24:00+00:00,23.8,1015.5,70.77,1,frozen_sensor
2026-07-07T20:25:00+00:00,23.81,1015.5,71.01,1,frozen_sensor
2026-07-07T20:26:00+00:00,23.86,1015.5,71.06,1,frozen_sensor
2026-07-07T20:27:00+00:00,23.85,1015.5,71.36,1,frozen_sensor
2026-07-07T20:28:00+00:00,23.7,1015.5,71.42,1,frozen_sensor
2026-07-07T20:29:00+00:00,23.71,1015.5,71.78,1,frozen_sensor
2026-07-07T20:30:00+00:00,23.69,1015.5,71.8,1,frozen_sensor
2026-07-07T20:31:00+00:00,23.64,1015.5,71.64,1,frozen_sensor
2026-07-07T20:32:00+00:00,23.59,1015.5,71.75,1,frozen_sensor
2026-07-07T20:33:00+00:00,23.48,1015.5,71.37,1,frozen_sensor
2026-07-07T20:34:00+00:00,23.46,1015.5,71.23,1,frozen_sensor
2026-07-07T20:35:00+00:00,23.32,1015.5,71.52,1,frozen_sensor
2026-07-07T20:36:00+00:00,23.44,1015.5,71.36,1,frozen_sensor
2026-07-07T20:37:00+00:00,23.41,1015.5,71.4,1,frozen_sensor
2026-07-07T20:38:00+00:00,23.4,1015.5,71.2,1,frozen_sensor
2026-07-07T20:39:00+00:00,23.45,1015.5,70.93,1,frozen_sensor
2026-07-07T20:40:00+00:00,23.31,1015.24,71.23,0,normal
2026-07-07T20:41:00+00:00,23.23,1015.23,71.33,0,normal
2026-07-07T20:42:00+00:00,23.21,1015.22,71.52,0,normal
2026-07-07T20:43:00+00:00,23.19,1015.21,71.69,0,normal
2026-07-07T20:44:00+00:00,23.15,1015.16,72.19,0,normal
2026-07-07T20:45:00+00:00,23.09,1015.2,72.16,0,normal
2026-07-07T20:46:00+00:00,23.13,1015.25,72.21,0,normal
2026-07-07T20:47:00+00:00,23.05,1015.2,72.32,0,normal
2026-07-07T20:48:00+00:00,23.05,1015.16,72.36,0,normal
2026-07-07T20:49:00+00:00,23.19,1015.12,72.35,0,normal
2026-07-07T20:50:00+00:00,23.22,1015.13,72.76,0,normal
2026-07-07T20:51:00+00:00,23.34,1015.11,72.81,0,normal
2026-07-07T20:52:00+00:00,23.14,1015.03,72.96,0,normal
2026-07-07T20:53:00+00:00,23.01,1014.92,73.09,0,normal
2026-07-07T20:54:00+00:00,23.04,1014.88,73.37,0,normal
2026-07-07T20:55:00+00:00,23.06,1014.91,73.91,0,normal
2026-07-07T20:56:00+00:00,23.23,1014.92,73.89,0,normal
2026-07-07T20:57:00+00:00,23.19,1014.97,73.79,0,normal
2026-07-07T20:58:00+00:00,23.26,1014.93,73.93,0,normal
2026-07-07T20:59:00+00:00,23.14,1014.83,73.97,0,normal
2026-07-07T21:00:00+00:00,23.2,1014.77,74.38,0,normal
2026-07-07T21:01:00+00:00,23.1,1014.69,74.51,0,normal
2026-07-07T21:02:00+00:00,23.11,1014.68,74.62,0,normal
2026-07-07T21:03:00+00:00,23.19,1014.66,74.6,0,normal
2026-07-07T21:04:00+00:00,23.04,1014.7,74.6,0,normal
2026-07-07T21:05:00+00:00,22.96,1014.72,75.1,0,normal
2026-07-07T21:06:00+00:00,22.94,1014.69,75.16,0,normal
2026-07-07T21:07:00+00:00,22.85,1014.64,75.16,0,normal
2026-07-07T21:08:00+00:00,22.88,1014.61,75.51,0,normal
2026-07-07T21:09:00+00:00,22.82,1014.57,75.82,0,normal
2026-07-07T21:10:00+00:00,22.78,1014.54,75.88,0,normal
2026-07-07T21:11:00+00:00,22.85,1014.53,76.18,0,normal
2026-07-07T21:12:00+00:00,22.78,1014.56,76.27,0,normal
2026-07-07T21:13:00+00:00,22.8,1014.58,76.13,0,normal
2026-07-07T21:14:00+00:00,22.75,1014.6,76.4,0,normal
2026-07-07T21:15:00+00:00,22.8,1014.57,76.76,0,normal
2026-07-07T21:16:00+00:00,22.69,1014.46,76.74,0,normal
2026-07-07T21:17:00+00:00,22.74,1014.38,76.48,0,normal
2026-07-07T21:18:00+00:00,22.54,1014.4,76.25,0,normal
2026-07-07T21:19:00+00:00,22.54,1014.35,76.17,0,normal
2026-07-07T21:20:00+00:00,22.41,1014.34,76.1,0,normal
2026-07-07T21:21:00+00:00,22.37,1014.33,76.31,0,normal
2026-07-07T21:22:00+00:00,22.4,1014.32,76.19,0,normal
2026-07-07T21:23:00+00:00,22.39,1014.32,76.25,0,normal
2026-07-07T21:24:00+00:00,22.32,1014.42,76.08,0,normal
2026-07-07T21:25:00+00:00,22.31,1014.44,76.13,0,normal
2026-07-07T21:26:00+00:00,22.25,1014.39,76.24,0,normal
2026-07-07T21:27:00+00:00,22.28,1014.34,76.97,0,normal
2026-07-07T21:28:00+00:00,22.2,1014.38,77.16,0,normal
2026-07-07T21:29:00+00:00,22.16,1014.42,76.92,0,normal
2026-07-07T21:30:00+00:00,22.15,1014.34,76.92,0,normal
2026-07-07T21:31:00+00:00,22.06,1014.26,76.69,0,normal
2026-07-07T21:32:00+00:00,22.05,1014.23,76.75,0,normal
2026-07-07T21:33:00+00:00,22.07,1014.22,76.81,0,normal
2026-07-07T21:34:00+00:00,22.27,1014.24,77.41,0,normal
2026-07-07T21:35:00+00:00,22.17,1014.21,77.26,0,normal
2026-07-07T21:36:00+00:00,22.09,1014.15,77.96,0,normal
2026-07-07T21:37:00+00:00,21.99,1014.11,77.74,0,normal
2026-07-07T21:38:00+00:00,21.98,1014.03,78.02,0,normal
2026-07-07T21:39:00+00:00,21.79,1014.0,77.73,0,normal
2026-07-07T21:40:00+00:00,21.71,1013.96,77.71,0,normal
2026-07-07T21:41:00+00:00,21.63,1013.98,78.25,0,normal
2026-07-07T21:42:00+00:00,21.62,1013.91,78.35,0,normal
2026-07-07T21:43:00+00:00,21.55,1013.93,78.49,0,normal
2026-07-07T21:44:00+00:00,21.39,1013.96,78.76,0,normal
2026-07-07T21:45:00+00:00,21.48,1013.9,78.89,0,normal
2026-07-07T21:46:00+00:00,21.35,1013.87,79.04,0,normal
2026-07-07T21:47:00+00:00,21.27,1013.86,79.14,0,normal
2026-07-07T21:48:00+00:00,21.2,1013.9,79.16,0,normal
2026-07-07T21:49:00+00:00,21.19,1013.8,79.34,0,normal
2026-07-07T21:50:00+00:00,21.12,1013.82,79.14,0,normal
2026-07-07T21:51:00+00:00,21.13,1013.68,79.34,0,normal
2026-07-07T21:52:00+00:00,21.09,1013.68,79.3,0,normal
2026-07-07T21:53:00+00:00,20.99,1013.63,79.42,0,normal
2026-07-07T21:54:00+00:00,21.01,1013.63,79.31,0,normal
2026-07-07T21:55:00+00:00,21.13,1013.62,79.28,0,normal
2026-07-07T21:56:00+00:00,21.14,1013.61,79.34,0,normal
2026-07-07T21:57:00+00:00,21.08,1013.63,79.78,0,normal
2026-07-07T21:58:00+00:00,20.88,1013.67,79.87,0,normal
2026-07-07T21:59:00+00:00,20.88,1013.71,79.42,0,normal
2026-07-07T22:00:00+00:00,20.92,1013.74,79.39,0,normal
2026-07-07T22:01:00+00:00,20.77,1013.79,79.15,0,normal
2026-07-07T22:02:00+00:00,20.78,1013.8,79.36,0,normal
2026-07-07T22:03:00+00:00,20.8,1013.75,79.58,0,normal
2026-07-07T22:04:00+00:00,20.72,1013.68,79.7,0,normal
2026-07-07T22:05:00+00:00,20.57,1013.67,79.32,0,normal
2026-07-07T22:06:00+00:00,20.58,1013.66,79.3,0,normal
2026-07-07T22:07:00+00:00,20.46,1013.61,79.57,0,normal
2026-07-07T22:08:00+00:00,20.47,1013.52,79.73,0,normal
2026-07-07T22:09:00+00:00,20.47,1013.5,79.67,0,normal
2026-07-07T22:10:00+00:00,20.47,1013.51,79.91,0,normal
2026-07-07T22:11:00+00:00,20.48,1013.56,80.08,0,normal
2026-07-07T22:12:00+00:00,20.39,1013.48,80.24,0,normal
2026-07-07T22:13:00+00:00,20.25,1013.43,80.46,0,normal
2026-07-07T22:14:00+00:00,20.33,1013.33,80.6,0,normal
2026-07-07T22:15:00+00:00,20.31,1013.3,80.74,0,normal
2026-07-07T22:16:00+00:00,20.28,1013.34,81.1,0,normal
2026-07-07T22:17:00+00:00,20.43,1013.31,81.12,0,normal
2026-07-07T22:18:00+00:00,20.33,1013.26,81.37,0,normal
2026-07-07T22:19:00+00:00,20.37,1013.27,81.33,0,normal
2026-07-07T22:20:00+00:00,20.29,1013.34,81.26,0,normal
2026-07-07T22:21:00+00:00,20.38,1013.32,81.22,0,normal
2026-07-07T22:22:00+00:00,20.25,1013.26,81.42,0,normal
2026-07-07T22:23:00+00:00,20.15,1013.3,81.49,0,normal
2026-07-07T22:24:00+00:00,20.18,1013.3,81.92,0,normal
2026-07-07T22:25:00+00:00,20.12,1013.27,81.74,0,normal
2026-07-07T22:26:00+00:00,20.1,1013.3,81.89,0,normal
2026-07-07T22:27:00+00:00,20.26,1013.29,81.88,0,normal
2026-07-07T22:28:00+00:00,20.27,1013.18,81.83,0,normal
2026-07-07T22:29:00+00:00,20.13,1013.15,81.93,0,normal
2026-07-07T22:30:00+00:00,20.2,1013.11,81.84,0,normal
2026-07-07T22:31:00+00:00,20.29,1012.93,81.97,0,normal
2026-07-07T22:32:00+00:00,20.26,1012.91,82.19,0,normal
2026-07-07T22:33:00+00:00,20.23,1012.91,82.18,0,normal
2026-07-07T22:34:00+00:00,20.07,1012.89,82.09,0,normal
2026-07-07T22:35:00+00:00,19.98,1012.92,82.53,0,normal
2026-07-07T22:36:00+00:00,20.04,1012.95,82.65,0,normal
2026-07-07T22:37:00+00:00,20.09,1012.94,83.15,0,normal
2026-07-07T22:38:00+00:00,19.97,1012.95,82.98,0,normal
2026-07-07T22:39:00+00:00,19.99,1012.83,82.84,0,normal
2026-07-07T22:40:00+00:00,19.85,1012.82,83.02,0,normal
2026-07-07T22:41:00+00:00,20.02,1012.79,83.27,0,normal
2026-07-07T22:42:00+00:00,19.99,1012.8,83.4,0,normal
2026-07-07T22:43:00+00:00,20.04,1012.73,83.0,0,normal
2026-07-07T22:44:00+00:00,20.03,1012.62,83.38,0,normal
2026-07-07T22:45:00+00:00,19.94,1012.55,84.02,0,normal
2026-07-07T22:46:00+00:00,19.89,1012.52,84.25,0,normal
2026-07-07T22:47:00+00:00,19.92,1012.57,84.05,0,normal
2026-07-07T22:48:00+00:00,19.92,1012.54,83.94,0,normal
2026-07-07T22:49:00+00:00,19.88,1012.43,84.22,0,normal
2026-07-07T22:50:00+00:00,19.81,1012.39,84.27,0,normal
2026-07-07T22:51:00+00:00,19.75,1012.44,84.13,0,normal
2026-07-07T22:52:00+00:00,19.68,1012.42,84.01,0,normal
2026-07-07T22:53:00+00:00,19.66,1012.37,83.83,0,normal
2026-07-07T22:54:00+00:00,19.66,1012.44,83.96,0,normal
2026-07-07T22:55:00+00:00,19.61,1012.41,83.97,0,normal
2026-07-07T22:56:00+00:00,19.67,1012.4,83.65,0,normal
2026-07-07T22:57:00+00:00,19.72,1012.44,83.9,0,normal
2026-07-07T22:58:00+00:00,19.46,1012.42,84.21,0,normal
2026-07-07T22:59:00+00:00,19.45,1012.41,84.5,0,normal
2026-07-07T23:00:00+00:00,19.43,1012.46,84.64,0,normal
2026-07-07T23:01:00+00:00,19.4,1012.48,84.66,0,normal
2026-07-07T23:02:00+00:00,19.28,1012.46,84.88,0,normal
2026-07-07T23:03:00+00:00,19.32,1012.48,84.97,0,normal
2026-07-07T23:04:00+00:00,19.27,1012.43,85.11,0,normal
2026-07-07T23:05:00+00:00,19.11,1012.41,85.78,0,normal
2026-07-07T23:06:00+00:00,18.96,1012.4,85.91,0,normal
2026-07-07T23:07:00+00:00,18.98,1012.33,86.08,0,normal
2026-07-07T23:08:00+00:00,18.92,1012.24,86.32,0,normal
2026-07-07T23:09:00+00:00,18.95,1012.17,86.26,0,normal
2026-07-07T23:10:00+00:00,18.89,1012.08,86.47,0,normal
2026-07-07T23:11:00+00:00,18.93,1012.05,86.51,0,normal
2026-07-07T23:12:00+00:00,18.92,1012.06,86.29,0,normal
2026-07-07T23:13:00+00:00,18.93,1011.99,86.49,0,normal
2026-07-07T23:14:00+00:00,18.82,1011.92,86.54,0,normal
2026-07-07T23:15:00+00:00,18.79,1011.92,86.42,0,normal
2026-07-07T23:16:00+00:00,18.79,1011.94,86.72,0,normal
2026-07-07T23:17:00+00:00,18.78,1011.9,86.5,0,normal
2026-07-07T23:18:00+00:00,18.64,1011.91,86.73,0,normal
2026-07-07T23:19:00+00:00,18.55,1011.92,86.76,0,normal
2026-07-07T23:20:00+00:00,18.59,1011.96,86.37,0,normal
2026-07-07T23:21:00+00:00,18.66,1011.97,86.35,0,normal
2026-07-07T23:22:00+00:00,18.6,1011.96,86.34,0,normal
2026-07-07T23:23:00+00:00,18.5,1011.91,86.23,0,normal
2026-07-07T23:24:00+00:00,18.59,1011.91,86.79,0,normal
2026-07-07T23:25:00+00:00,18.6,1011.93,86.65,0,normal
2026-07-07T23:26:00+00:00,18.56,1011.93,86.62,0,normal
2026-07-07T23:27:00+00:00,18.5,1011.94,86.8,0,normal
2026-07-07T23:28:00+00:00,18.38,1011.94,87.0,0,normal
2026-07-07T23:29:00+00:00,18.31,1011.89,87.17,0,normal
2026-07-07T23:30:00+00:00,18.1,1011.88,87.58,0,normal
2026-07-07T23:31:00+00:00,17.89,1011.92,87.75,0,normal
2026-07-07T23:32:00+00:00,17.78,1011.93,88.0,0,normal
2026-07-07T23:33:00+00:00,17.69,1011.88,88.05,0,normal
2026-07-07T23:34:00+00:00,17.79,1011.84,88.09,0,normal
2026-07-07T23:35:00+00:00,17.74,1011.84,88.35,0,normal
2026-07-07T23:36:00+00:00,17.76,1011.81,88.38,0,normal
2026-07-07T23:37:00+00:00,17.7,1011.75,88.66,0,normal
2026-07-07T23:38:00+00:00,17.84,1011.65,88.81,0,normal
2026-07-07T23:39:00+00:00,17.91,1011.59,88.74,0,normal
2026-07-07T23:40:00+00:00,17.86,1011.69,89.1,0,normal
2026-07-07T23:41:00+00:00,29.78,1011.61,89.27,1,temperature_spike
2026-07-07T23:42:00+00:00,26.96,1011.56,89.43,1,temperature_spike
2026-07-07T23:43:00+00:00,29.35,1011.56,89.82,1,temperature_spike
2026-07-07T23:44:00+00:00,30.34,1011.56,89.79,1,temperature_spike
2026-07-07T23:45:00+00:00,32.74,1011.64,89.75,1,temperature_spike
2026-07-07T23:46:00+00:00,29.18,1011.7,89.69,1,temperature_spike
2026-07-07T23:47:00+00:00,18.03,1011.73,89.94,0,normal
2026-07-07T23:48:00+00:00,18.12,1011.76,90.01,0,normal
2026-07-07T23:49:00+00:00,18.01,1011.76,89.88,0,normal
2026-07-07T23:50:00+00:00,18.04,1011.71,89.99,0,normal
2026-07-07T23:51:00+00:00,18.12,1011.72,90.06,0,normal
2026-07-07T23:52:00+00:00,18.17,1011.8,90.04,0,normal
2026-07-07T23:53:00+00:00,18.18,1011.86,90.18,0,normal
2026-07-07T23:54:00+00:00,17.99,1011.81,90.33,0,normal
2026-07-07T23:55:00+00:00,17.94,1011.86,90.7,0,normal
2026-07-07T23:56:00+00:00,17.87,1011.79,90.61,0,normal
2026-07-07T23:57:00+00:00,17.82,1011.85,90.39,0,normal
2026-07-07T23:58:00+00:00,17.87,1011.9,90.56,0,normal
2026-07-07T23:59:00+00:00,17.88,1011.87,90.93,0,normal
2026-07-08T00:00:00+00:00,17.84,1011.9,90.88,0,normal
2026-07-08T00:01:00+00:00,17.67,1011.86,90.83,0,normal
2026-07-08T00:02:00+00:00,17.65,1011.81,90.95,0,normal
2026-07-08T00:03:00+00:00,17.7,1011.77,90.88,0,normal
2026-07-08T00:04:00+00:00,17.6,1011.77,91.15,0,normal
2026-07-08T00:05:00+00:00,17.7,1011.72,91.53,0,normal
2026-07-08T00:06:00+00:00,17.65,1011.66,91.23,0,normal
2026-07-08T00:07:00+00:00,17.55,1011.66,91.16,0,normal
2026-07-08T00:08:00+00:00,17.49,1011.61,90.94,0,normal
2026-07-08T00:09:00+00:00,17.41,1011.65,91.3,0,normal
2026-07-08T00:10:00+00:00,17.55,1011.67,91.2,0,normal
2026-07-08T00:11:00+00:00,17.48,1011.69,91.15,0,normal
2026-07-08T00:12:00+00:00,17.51,1011.78,91.19,0,normal
2026-07-08T00:13:00+00:00,17.67,1011.7,91.29,0,normal
2026-07-08T00:14:00+00:00,17.68,1011.63,91.45,0,normal
2026-07-08T00:15:00+00:00,17.78,1011.73,91.53,0,normal
2026-07-08T00:16:00+00:00,17.59,1011.74,91.67,0,normal
2026-07-08T00:17:00+00:00,17.56,1011.73,91.56,0,normal
2026-07-08T00:18:00+00:00,17.52,1011.76,91.84,0,normal
2026-07-08T00:19:00+00:00,17.4,1011.72,91.51,0,normal
2026-07-08T00:20:00+00:00,17.54,1011.74,91.11,0,normal
2026-07-08T00:21:00+00:00,17.51,1011.71,90.99,0,normal
2026-07-08T00:22:00+00:00,17.57,1011.74,91.08,0,normal
2026-07-08T00:23:00+00:00,17.5,1011.69,91.12,0,normal
2026-07-08T00:24:00+00:00,17.44,1011.67,91.27,0,normal
2026-07-08T00:25:00+00:00,17.3,1011.62,91.29,0,normal
2026-07-08T00:26:00+00:00,17.41,1011.65,91.32,0,normal
2026-07-08T00:27:00+00:00,17.42,1011.63,91.57,0,normal
2026-07-08T00:28:00+00:00,17.44,1011.68,91.32,0,normal
2026-07-08T00:29:00+00:00,17.35,1011.67,91.45,0,normal
2026-07-08T00:30:00+00:00,17.52,1011.57,91.48,0,normal
2026-07-08T00:31:00+00:00,17.49,1011.57,91.86,0,normal
2026-07-08T00:32:00+00:00,17.53,1011.47,92.18,0,normal
2026-07-08T00:33:00+00:00,17.62,1011.48,91.86,0,normal
2026-07-08T00:34:00+00:00,17.57,1011.49,92.08,0,normal
2026-07-08T00:35:00+00:00,17.4,1011.45,92.31,0,normal
2026-07-08T00:36:00+00:00,17.49,1011.46,92.54,0,normal
2026-07-08T00:37:00+00:00,17.5,1011.5,92.56,0,normal
2026-07-08T00:38:00+00:00,17.51,1011.43,92.7,0,normal
2026-07-08T00:39:00+00:00,17.37,1011.46,92.6,0,normal
2026-07-08T00:40:00+00:00,17.38,1011.41,92.5,0,normal
2026-07-08T00:41:00+00:00,17.38,1011.44,92.72,0,normal
2026-07-08T00:42:00+00:00,17.26,1011.36,92.52,0,normal
2026-07-08T00:43:00+00:00,17.15,1011.44,92.79,0,normal
2026-07-08T00:44:00+00:00,17.05,1011.52,93.04,0,normal
2026-07-08T00:45:00+00:00,16.91,1011.45,92.69,0,normal
2026-07-08T00:46:00+00:00,16.89,1011.45,92.7,0,normal
2026-07-08T00:47:00+00:00,16.72,1011.37,92.76,0,normal
2026-07-08T00:48:00+00:00,16.77,1011.27,92.51,0,normal
2026-07-08T00:49:00+00:00,16.85,1011.21,92.52,0,normal
2026-07-08T00:50:00+00:00,16.74,1011.26,92.14,0,normal
2026-07-08T00:51:00+00:00,16.71,1011.31,92.3,0,normal
2026-07-08T00:52:00+00:00,16.68,1011.27,92.29,0,normal
2026-07-08T00:53:00+00:00,16.57,1011.27,92.31,0,normal
2026-07-08T00:54:00+00:00,16.54,1011.32,92.13,0,normal
2026-07-08T00:55:00+00:00,16.41,1011.29,92.2,0,normal
2026-07-08T00:56:00+00:00,16.42,1011.29,92.02,0,normal
2026-07-08T00:57:00+00:00,16.35,1011.27,91.97,0,normal
2026-07-08T00:58:00+00:00,16.45,1011.28,91.92,0,normal
2026-07-08T00:59:00+00:00,16.54,1011.31,91.71,0,normal
2026-07-08T01:00:00+00:00,16.29,1011.24,91.91,0,normal
2026-07-08T01:01:00+00:00,16.37,1011.16,92.11,0,normal
2026-07-08T01:02:00+00:00,16.43,1011.24,92.36,0,normal
2026-07-08T01:03:00+00:00,16.55,1011.27,92.5,0,normal
2026-07-08T01:04:00+00:00,16.52,1011.31,92.28,0,normal
2026-07-08T01:05:00+00:00,16.51,1011.34,92.62,0,normal
2026-07-08T01:06:00+00:00,16.48,1011.39,92.62,0,normal
2026-07-08T01:07:00+00:00,16.56,1011.35,92.81,0,normal
2026-07-08T01:08:00+00:00,16.55,1011.29,92.81,0,normal
2026-07-08T01:09:00+00:00,16.65,1011.24,92.55,0,normal
2026-07-08T01:10:00+00:00,16.68,1011.16,92.92,0,normal
2026-07-08T01:11:00+00:00,16.79,1011.23,92.95,0,normal
2026-07-08T01:12:00+00:00,16.91,1011.3,92.88,0,normal
2026-07-08T01:13:00+00:00,17.0,1011.26,92.87,0,normal
2026-07-08T01:14:00+00:00,16.83,1011.27,92.86,0,normal
2026-07-08T01:15:00+00:00,16.77,1011.27,92.78,0,normal
2026-07-08T01:16:00+00:00,16.76,1011.34,92.62,0,normal
2026-07-08T01:17:00+00:00,16.81,1011.35,92.75,0,normal
2026-07-08T01:18:00+00:00,16.79,1011.32,92.89,0,normal
2026-07-08T01:19:00+00:00,16.82,1011.28,92.67,0,normal
2026-07-08T01:20:00+00:00,16.8,1011.32,92.93,0,normal
2026-07-08T01:21:00+00:00,16.88,1011.34,92.92,0,normal
2026-07-08T01:22:00+00:00,16.85,1011.29,92.83,0,normal
2026-07-08T01:23:00+00:00,16.83,1011.28,92.91,0,normal
2026-07-08T01:24:00+00:00,16.69,1011.23,93.11,0,normal
2026-07-08T01:25:00+00:00,16.61,1011.2,93.17,0,normal
2026-07-08T01:26:00+00:00,16.52,1011.27,92.96,0,normal
2026-07-08T01:27:00+00:00,16.52,1011.24,93.04,0,normal
2026-07-08T01:28:00+00:00,16.47,1011.25,93.34,0,normal
2026-07-08T01:29:00+00:00,16.41,1011.22,93.31,0,normal
2026-07-08T01:30:00+00:00,16.52,1011.23,93.59,0,normal
2026-07-08T01:31:00+00:00,16.5,1011.3,93.7,0,normal
2026-07-08T01:32:00+00:00,16.53,1011.23,93.4,0,normal
2026-07-08T01:33:00+00:00,16.61,1011.3,93.92,0,normal
2026-07-08T01:34:00+00:00,16.47,1011.33,93.73,0,normal
2026-07-08T01:35:00+00:00,16.41,1011.31,93.83,0,normal
2026-07-08T01:36:00+00:00,16.35,1011.32,94.01,0,normal
2026-07-08T01:37:00+00:00,16.44,1011.37,94.11,0,normal
2026-07-08T01:38:00+00:00,16.42,1011.34,94.22,0,normal
2026-07-08T01:39:00+00:00,16.33,1011.36,94.01,0,normal
2026-07-08T01:40:00+00:00,16.32,1011.31,93.94,0,normal
2026-07-08T01:41:00+00:00,16.26,1011.28,93.94,0,normal
2026-07-08T01:42:00+00:00,16.07,1011.2,94.12,0,normal
2026-07-08T01:43:00+00:00,16.09,1011.18,94.32,0,normal
2026-07-08T01:44:00+00:00,16.05,1011.17,94.16,0,normal
2026-07-08T01:45:00+00:00,16.21,1011.2,94.21,0,normal
2026-07-08T01:46:00+00:00,16.25,1011.12,94.1,0,normal
2026-07-08T01:47:00+00:00,16.29,1011.15,94.55,0,normal
2026-07-08T01:48:00+00:00,16.24,1011.21,94.7,0,normal
2026-07-08T01:49:00+00:00,16.25,1011.25,94.63,0,normal
2026-07-08T01:50:00+00:00,16.09,1011.28,94.7,0,normal
2026-07-08T01:51:00+00:00,16.15,1011.3,94.88,0,normal
2026-07-08T01:52:00+00:00,16.08,1011.39,94.66,0,normal
2026-07-08T01:53:00+00:00,16.08,1011.43,94.54,0,normal
2026-07-08T01:54:00+00:00,16.15,1011.42,94.56,0,normal
2026-07-08T01:55:00+00:00,16.13,1011.4,95.01,0,normal
2026-07-08T01:56:00+00:00,16.07,1011.3,94.82,0,normal
2026-07-08T01:57:00+00:00,16.09,1011.3,95.0,0,normal
2026-07-08T01:58:00+00:00,16.17,1011.3,94.64,0,normal
2026-07-08T01:59:00+00:00,16.07,1011.31,94.32,0,normal
2026-07-08T02:00:00+00:00,16.05,1011.4,94.4,0,normal
2026-07-08T02:01:00+00:00,16.06,1011.36,94.44,0,normal
2026-07-08T02:02:00+00:00,16.05,1011.39,94.59,0,normal
2026-07-08T02:03:00+00:00,16.12,1011.41,94.68,0,normal
2026-07-08T02:04:00+00:00,16.09,1011.48,94.5,0,normal
2026-07-08T02:05:00+00:00,16.07,1011.55,94.4,0,normal
2026-07-08T02:06:00+00:00,15.97,1011.54,94.69,0,normal
2026-07-08T02:07:00+00:00,15.8,1011.55,94.55,0,normal
2026-07-08T02:08:00+00:00,15.81,1011.54,94.74,0,normal
2026-07-08T02:09:00+00:00,15.83,1011.6,94.99,0,normal
2026-07-08T02:10:00+00:00,15.85,1011.59,95.04,0,normal
2026-07-08T02:11:00+00:00,15.91,1011.54,95.06,0,normal
2026-07-08T02:12:00+00:00,15.9,1011.53,94.9,0,normal
2026-07-08T02:13:00+00:00,15.87,1011.6,94.81,0,normal
2026-07-08T02:14:00+00:00,15.97,1011.62,94.57,0,normal
2026-07-08T02:15:00+00:00,16.0,1011.57,94.69,0,normal
2026-07-08T02:16:00+00:00,15.99,1011.62,94.97,0,normal
2026-07-08T02:17:00+00:00,15.86,1011.61,94.71,0,normal
2026-07-08T02:18:00+00:00,16.05,1011.59,94.44,0,normal
2026-07-08T02:19:00+00:00,16.24,1011.57,94.12,0,normal
2026-07-08T02:20:00+00:00,16.14,1011.59,94.15,0,normal
2026-07-08T02:21:00+00:00,16.07,1011.58,94.18,0,normal
2026-07-08T02:22:00+00:00,16.19,1011.61,94.09,0,normal
2026-07-08T02:23:00+00:00,16.17,1011.66,94.45,0,normal
2026-07-08T02:24:00+00:00,16.08,1011.72,94.39,0,normal
2026-07-08T02:25:00+00:00,15.95,1011.64,94.66,0,normal
2026-07-08T02:26:00+00:00,16.08,1011.62,94.61,0,normal
2026-07-08T02:27:00+00:00,15.94,1011.68,94.6,0,normal
2026-07-08T02:28:00+00:00,15.83,1011.7,94.32,0,normal
2026-07-08T02:29:00+00:00,15.89,1011.65,94.4,0,normal
2026-07-08T02:30:00+00:00,15.85,1011.55,94.61,0,normal
2026-07-08T02:31:00+00:00,15.95,1011.54,94.66,0,normal
2026-07-08T02:32:00+00:00,16.0,1011.59,94.99,0,normal
2026-07-08T02:33:00+00:00,16.04,1011.59,95.06,0,normal
2026-07-08T02:34:00+00:00,16.02,1011.55,95.27,0,normal
2026-07-08T02:35:00+00:00,16.07,1011.48,95.1,0,normal
2026-07-08T02:36:00+00:00,16.13,1011.43,94.91,0,normal
2026-07-08T02:37:00+00:00,16.35,1011.44,95.11,0,normal
2026-07-08T02:38:00+00:00,16.46,1011.42,95.13,0,normal
2026-07-08T02:39:00+00:00,16.61,1011.48,95.57,0,normal
2026-07-08T02:40:00+00:00,16.54,1011.59,95.52,0,normal
2026-07-08T02:41:00+00:00,16.5,1011.65,95.44,0,normal
2026-07-08T02:42:00+00:00,16.48,1011.69,95.03,0,normal
2026-07-08T02:43:00+00:00,16.4,1011.75,95.2,0,normal
2026-07-08T02:44:00+00:00,16.42,1011.78,95.24,0,normal
2026-07-08T02:45:00+00:00,16.49,1011.72,95.09,0,normal
2026-07-08T02:46:00+00:00,16.47,1011.75,94.64,0,normal
2026-07-08T02:47:00+00:00,16.35,1011.77,94.83,0,normal
2026-07-08T02:48:00+00:00,16.31,1011.75,94.91,0,normal
2026-07-08T02:49:00+00:00,16.28,1011.81,94.84,0,normal
2026-07-08T02:50:00+00:00,16.19,1011.9,95.06,0,normal
2026-07-08T02:51:00+00:00,16.12,1011.93,94.96,0,normal
2026-07-08T02:52:00+00:00,16.17,1011.9,95.1,0,normal
2026-07-08T02:53:00+00:00,16.27,987.94,95.07,1,pressure_spike
2026-07-08T02:54:00+00:00,16.22,982.93,95.0,1,pressure_spike
2026-07-08T02:55:00+00:00,16.36,978.66,94.84,1,pressure_spike
2026-07-08T02:56:00+00:00,16.5,1044.98,95.1,1,pressure_spike
2026-07-08T02:57:00+00:00,16.41,1038.1,94.95,1,pressure_spike
2026-07-08T02:58:00+00:00,16.46,993.82,95.16,1,pressure_spike
2026-07-08T02:59:00+00:00,16.46,1037.57,94.65,1,pressure_spike
2026-07-08T03:00:00+00:00,16.46,985.86,94.36,1,pressure_spike
2026-07-08T03:01:00+00:00,16.47,1012.01,94.25,0,normal
2026-07-08T03:02:00+00:00,16.38,1012.03,94.14,0,normal
2026-07-08T03:03:00+00:00,16.34,1012.13,94.13,0,normal
2026-07-08T03:04:00+00:00,16.14,1012.11,93.93,0,normal
2026-07-08T03:05:00+00:00,16.14,1012.05,94.02,0,normal
2026-07-08T03:06:00+00:00,16.12,1012.04,94.05,0,normal
2026-07-08T03:07:00+00:00,16.13,1012.05,94.01,0,normal
2026-07-08T03:08:00+00:00,16.14,1012.08,94.05,0,normal
2026-07-08T03:09:00+00:00,16.24,1012.07,94.1,0,normal
2026-07-08T03:10:00+00:00,16.44,1012.08,94.09,0,normal
2026-07-08T03:11:00+00:00,16.33,1012.06,94.06,0,normal
2026-07-08T03:12:00+00:00,16.38,1012.11,94.12,0,normal
2026-07-08T03:13:00+00:00,16.44,1012.07,94.21,0,normal
2026-07-08T03:14:00+00:00,16.44,1012.09,94.12,0,normal
2026-07-08T03:15:00+00:00,16.36,1012.05,94.17,0,normal
2026-07-08T03:16:00+00:00,16.4,1012.06,94.15,0,normal
2026-07-08T03:17:00+00:00,16.34,1012.11,94.15,0,normal
2026-07-08T03:18:00+00:00,16.32,1012.17,94.26,0,normal
2026-07-08T03:19:00+00:00,16.2,1012.18,94.04,0,normal
2026-07-08T03:20:00+00:00,16.22,1012.04,94.07,0,normal
2026-07-08T03:21:00+00:00,16.29,1012.06,93.82,0,normal
2026-07-08T03:22:00+00:00,16.45,1012.14,93.7,0,normal
2026-07-08T03:23:00+00:00,16.43,1012.05,93.8,0,normal
2026-07-08T03:24:00+00:00,16.32,1012.11,93.99,0,normal
2026-07-08T03:25:00+00:00,16.32,1012.08,94.22,0,normal
2026-07-08T03:26:00+00:00,16.33,1012.11,94.0,0,normal
2026-07-08T03:27:00+00:00,16.35,1012.12,93.72,0,normal
2026-07-08T03:28:00+00:00,16.47,1012.23,93.91,0,normal
2026-07-08T03:29:00+00:00,16.54,1012.33,93.68,0,normal
2026-07-08T03:30:00+00:00,16.45,1012.33,93.73,0,normal
2026-07-08T03:31:00+00:00,16.43,1012.29,93.71,0,normal
2026-07-08T03:32:00+00:00,16.43,1012.35,93.71,0,normal
2026-07-08T03:33:00+00:00,16.28,1012.38,94.01,0,normal
2026-07-08T03:34:00+00:00,16.3,1012.44,93.87,0,normal
2026-07-08T03:35:00+00:00,16.36,1012.41,93.79,0,normal
2026-07-08T03:36:00+00:00,16.35,1012.45,93.6,0,normal
2026-07-08T03:37:00+00:00,16.24,1012.48,93.67,0,normal
2026-07-08T03:38:00+00:00,16.27,1012.54,93.61,0,normal
2026-07-08T03:39:00+00:00,16.31,1012.53,93.53,0,normal
2026-07-08T03:40:00+00:00,16.35,1012.65,93.66,0,normal
2026-07-08T03:41:00+00:00,16.41,1012.69,93.16,0,normal
2026-07-08T03:42:00+00:00,16.44,1012.74,93.18,0,normal
2026-07-08T03:43:00+00:00,16.45,1012.69,93.08,0,normal
2026-07-08T03:44:00+00:00,16.39,1012.74,93.38,0,normal
2026-07-08T03:45:00+00:00,16.56,1012.7,93.22,0,normal
2026-07-08T03:46:00+00:00,16.51,1012.65,93.01,0,normal
2026-07-08T03:47:00+00:00,16.48,1012.7,92.86,0,normal
2026-07-08T03:48:00+00:00,16.57,1012.77,92.91,0,normal
2026-07-08T03:49:00+00:00,16.68,1012.7,92.8,0,normal
2026-07-08T03:50:00+00:00,16.69,1012.72,93.08,0,normal
2026-07-08T03:51:00+00:00,16.62,1012.7,93.05,0,normal
2026-07-08T03:52:00+00:00,16.58,1012.65,92.94,0,normal
2026-07-08T03:53:00+00:00,16.57,1012.73,92.72,0,normal
2026-07-08T03:54:00+00:00,16.65,1012.8,92.61,0,normal
2026-07-08T03:55:00+00:00,16.67,1012.83,92.69,0,normal
2026-07-08T03:56:00+00:00,16.69,1012.8,92.82,0,normal
2026-07-08T03:57:00+00:00,16.66,1012.8,92.83,0,normal
2026-07-08T03:58:00+00:00,16.74,1012.9,92.67,0,normal
2026-07-08T03:59:00+00:00,16.75,1012.83,92.95,0,normal
2026-07-08T04:00:00+00:00,16.76,1012.82,92.93,0,normal
2026-07-08T04:01:00+00:00,16.77,1012.78,93.14,0,normal
2026-07-08T04:02:00+00:00,16.83,1012.83,92.96,0,normal
2026-07-08T04:03:00+00:00,16.77,1012.83,93.09,0,normal
2026-07-08T04:04:00+00:00,16.82,1012.8,93.18,0,normal
2026-07-08T04:05:00+00:00,16.75,1012.77,93.16,0,normal
2026-07-08T04:06:00+00:00,16.66,1012.73,93.41,0,normal
2026-07-08T04:07:00+00:00,16.79,1012.86,93.44,0,normal
2026-07-08T04:08:00+00:00,16.85,1012.85,93.3,0,normal
2026-07-08T04:09:00+00:00,16.92,1012.93,93.39,0,normal
2026-07-08T04:10:00+00:00,16.86,1012.95,93.16,0,normal
2026-07-08T04:11:00+00:00,16.84,1013.04,92.86,0,normal
2026-07-08T04:12:00+00:00,17.02,1013.06,92.71,0,normal
2026-07-08T04:13:00+00:00,17.03,1013.03,92.56,0,normal
2026-07-08T04:14:00+00:00,17.03,1013.01,92.33,0,normal
2026-07-08T04:15:00+00:00,17.02,1012.94,92.05,0,normal
2026-07-08T04:16:00+00:00,16.92,1013.03,92.11,0,normal
2026-07-08T04:17:00+00:00,16.98,1013.03,92.18,0,normal
2026-07-08T04:18:00+00:00,17.08,1013.06,92.48,0,normal
2026-07-08T04:19:00+00:00,17.08,1013.09,92.57,0,normal
2026-07-08T04:20:00+00:00,17.0,1013.09,92.15,0,normal
2026-07-08T04:21:00+00:00,17.0,1013.07,92.04,0,normal
2026-07-08T04:22:00+00:00,16.98,1013.1,91.83,0,normal
2026-07-08T04:23:00+00:00,17.14,1013.13,91.64,0,normal
2026-07-08T04:24:00+00:00,17.19,1013.18,91.7,0,normal
2026-07-08T04:25:00+00:00,17.11,1013.29,91.8,0,normal
2026-07-08T04:26:00+00:00,17.02,1013.29,91.73,0,normal
2026-07-08T04:27:00+00:00,17.03,1013.22,91.71,0,normal
2026-07-08T04:28:00+00:00,16.98,1013.2,91.75,0,normal
2026-07-08T04:29:00+00:00,16.95,1013.18,91.88,0,normal
2026-07-08T04:30:00+00:00,16.9,1013.15,91.58,0,normal
2026-07-08T04:31:00+00:00,16.85,1013.16,91.67,0,normal
2026-07-08T04:32:00+00:00,16.81,1013.19,91.65,0,normal
2026-07-08T04:33:00+00:00,16.73,1013.2,91.85,0,normal
2026-07-08T04:34:00+00:00,16.61,1013.3,91.67,0,normal
2026-07-08T04:35:00+00:00,16.52,1013.3,91.79,0,normal
2026-07-08T04:36:00+00:00,16.54,1013.31,92.15,0,normal
2026-07-08T04:37:00+00:00,16.6,1013.45,92.33,0,normal
2026-07-08T04:38:00+00:00,16.65,1013.45,92.17,0,normal
2026-07-08T04:39:00+00:00,16.71,1013.47,92.0,0,normal
2026-07-08T04:40:00+00:00,16.64,1013.53,92.12,0,normal
2026-07-08T04:41:00+00:00,16.56,1013.52,92.23,0,normal
2026-07-08T04:42:00+00:00,16.69,1013.47,92.33,0,normal
2026-07-08T04:43:00+00:00,16.73,1013.48,92.04,0,normal
2026-07-08T04:44:00+00:00,16.43,1013.43,92.06,0,normal
2026-07-08T04:45:00+00:00,16.47,1013.45,92.18,0,normal
2026-07-08T04:46:00+00:00,16.5,1013.42,91.64,0,normal
2026-07-08T04:47:00+00:00,16.43,1013.35,91.67,0,normal
2026-07-08T04:48:00+00:00,16.46,1013.32,91.45,0,normal
2026-07-08T04:49:00+00:00,16.46,1013.36,91.39,0,normal
2026-07-08T04:50:00+00:00,16.6,1013.25,91.42,0,normal
2026-07-08T04:51:00+00:00,16.62,1013.24,91.61,0,normal
2026-07-08T04:52:00+00:00,16.64,1013.26,91.31,0,normal
2026-07-08T04:53:00+00:00,16.7,1013.19,91.21,0,normal
2026-07-08T04:54:00+00:00,16.78,1013.25,90.97,0,normal
2026-07-08T04:55:00+00:00,16.78,1013.22,90.84,0,normal
2026-07-08T04:56:00+00:00,16.76,1013.12,90.56,0,normal
2026-07-08T04:57:00+00:00,16.8,1013.12,90.62,0,normal
2026-07-08T04:58:00+00:00,16.92,1013.11,90.23,0,normal
2026-07-08T04:59:00+00:00,17.0,1013.12,90.13,0,normal
2026-07-08T05:00:00+00:00,17.14,1013.15,90.11,0,normal
2026-07-08T05:01:00+00:00,17.19,1013.2,89.92,0,normal
2026-07-08T05:02:00+00:00,17.16,1013.2,89.65,0,normal
2026-07-08T05:03:00+00:00,17.19,1013.21,89.6,0,normal
2026-07-08T05:04:00+00:00,17.2,1013.3,89.76,0,normal
2026-07-08T05:05:00+00:00,17.23,1013.31,89.99,0,normal
2026-07-08T05:06:00+00:00,17.22,1013.26,89.97,0,normal
2026-07-08T05:07:00+00:00,17.29,1013.29,90.08,0,normal
2026-07-08T05:08:00+00:00,17.27,1013.23,89.89,0,normal
2026-07-08T05:09:00+00:00,17.35,1013.19,89.44,0,normal
2026-07-08T05:10:00+00:00,17.4,1013.17,89.05,0,normal
2026-07-08T05:11:00+00:00,17.44,1013.16,89.36,0,normal
2026-07-08T05:12:00+00:00,17.48,1013.2,89.31,0,normal
2026-07-08T05:13:00+00:00,17.46,1013.19,89.48,0,normal
2026-07-08T05:14:00+00:00,17.56,1013.12,89.17,0,normal
2026-07-08T05:15:00+00:00,17.49,1013.19,88.77,0,normal
2026-07-08T05:16:00+00:00,17.59,1013.22,88.77,0,normal
2026-07-08T05:17:00+00:00,17.58,1013.29,88.76,0,normal
2026-07-08T05:18:00+00:00,17.5,1013.23,88.39,0,normal
2026-07-08T05:19:00+00:00,17.63,1013.31,88.59,0,normal
2026-07-08T05:20:00+00:00,17.93,1013.25,88.34,1,sensor_drift
2026-07-08T05:21:00+00:00,18.17,1013.25,88.59,1,sensor_drift
2026-07-08T05:22:00+00:00,18.59,1013.23,88.1,1,sensor_drift
2026-07-08T05:23:00+00:00,18.81,1013.3,88.13,1,sensor_drift
2026-07-08T05:24:00+00:00,19.1,1013.29,87.95,1,sensor_drift
2026-07-08T05:25:00+00:00,19.31,1013.4,88.27,1,sensor_drift
2026-07-08T05:26:00+00:00,19.57,1013.31,88.26,1,sensor_drift
2026-07-08T05:27:00+00:00,19.88,1013.35,88.39,1,sensor_drift
2026-07-08T05:28:00+00:00,20.1,1013.41,88.27,1,sensor_drift
2026-07-08T05:29:00+00:00,20.48,1013.4,88.4,1,sensor_drift
2026-07-08T05:30:00+00:00,20.61,1013.44,88.17,1,sensor_drift
2026-07-08T05:31:00+00:00,20.94,1013.5,87.96,1,sensor_drift
2026-07-08T05:32:00+00:00,21.2,1013.48,87.82,1,sensor_drift
2026-07-08T05:33:00+00:00,21.44,1013.48,87.81,1,sensor_drift
2026-07-08T05:34:00+00:00,21.81,1013.44,87.58,1,sensor_drift
2026-07-08T05:35:00+00:00,22.13,1013.42,87.49,1,sensor_drift
2026-07-08T05:36:00+00:00,22.41,1013.44,87.27,1,sensor_drift
2026-07-08T05:37:00+00:00,22.73,1013.42,87.23,1,sensor_drift
2026-07-08T05:38:00+00:00,23.15,1013.36,86.72,1,sensor_drift
2026-07-08T05:39:00+00:00,23.43,1013.3,86.1,1,sensor_drift
2026-07-08T05:40:00+00:00,23.89,1013.34,86.25,1,sensor_drift
2026-07-08T05:41:00+00:00,24.19,1013.36,86.17,1,sensor_drift
2026-07-08T05:42:00+00:00,24.57,1013.38,86.17,1,sensor_drift
2026-07-08T05:43:00+00:00,18.17,1013.45,86.21,0,normal
2026-07-08T05:44:00+00:00,18.12,1013.47,86.3,0,normal
2026-07-08T05:45:00+00:00,18.14,1013.46,86.08,0,normal
2026-07-08T05:46:00+00:00,18.19,1013.4,86.02,0,normal
2026-07-08T05:47:00+00:00,18.17,1013.45,86.32,0,normal
2026-07-08T05:48:00+00:00,18.11,1013.45,86.24,0,normal
2026-07-08T05:49:00+00:00,18.19,1013.45,86.14,0,normal
2026-07-08T05:50:00+00:00,18.24,1013.44,86.43,0,normal
2026-07-08T05:51:00+00:00,18.21,1013.45,86.49,0,normal
2026-07-08T05:52:00+00:00,18.29,1013.43,86.71,0,normal
2026-07-08T05:53:00+00:00,18.16,1013.38,86.78,0,normal
2026-07-08T05:54:00+00:00,18.14,1013.33,86.62,0,normal
2026-07-08T05:55:00+00:00,18.12,1013.37,86.73,0,normal
2026-07-08T05:56:00+00:00,18.18,1013.42,86.38,0,normal
2026-07-08T05:57:00+00:00,18.23,1013.49,86.51,0,normal
2026-07-08T05:58:00+00:00,18.39,1013.45,86.62,0,normal
2026-07-08T05:59:00+00:00,18.4,1013.48,86.8,0,normal
2026-07-08T06:00:00+00:00,18.38,1013.38,87.07,0,normal
2026-07-08T06:01:00+00:00,18.46,1013.38,86.93,0,normal
2026-07-08T06:02:00+00:00,18.33,1013.39,86.71,0,normal
2026-07-08T06:03:00+00:00,18.39,1013.39,85.93,0,normal
2026-07-08T06:04:00+00:00,18.47,1013.4,85.93,0,normal
2026-07-08T06:05:00+00:00,18.5,1013.4,85.89,0,normal
2026-07-08T06:06:00+00:00,18.57,1013.42,85.87,0,normal
2026-07-08T06:07:00+00:00,18.76,1013.38,85.72,0,normal
2026-07-08T06:08:00+00:00,18.93,1013.37,85.83,0,normal
2026-07-08T06:09:00+00:00,18.96,1013.36,85.94,0,normal
2026-07-08T06:10:00+00:00,19.03,1013.28,85.89,0,normal
2026-07-08T06:11:00+00:00,18.98,1013.35,86.14,0,normal
2026-07-08T06:12:00+00:00,19.15,1013.37,85.94,0,normal
2026-07-08T06:13:00+00:00,19.2,1013.32,86.3,0,normal
2026-07-08T06:14:00+00:00,19.31,1013.33,86.37,0,normal
2026-07-08T06:15:00+00:00,19.29,1013.28,85.79,0,normal
2026-07-08T06:16:00+00:00,19.31,1013.27,85.79,0,normal
2026-07-08T06:17:00+00:00,19.33,1013.29,85.83,0,normal
2026-07-08T06:18:00+00:00,19.23,1013.34,85.63,0,normal
2026-07-08T06:19:00+00:00,19.3,1013.39,85.72,0,normal
2026-07-08T06:20:00+00:00,19.33,1013.39,85.78,0,normal
2026-07-08T06:21:00+00:00,19.23,1013.34,85.59,0,normal
2026-07-08T06:22:00+00:00,19.16,1013.32,85.4,0,normal
2026-07-08T06:23:00+00:00,19.2,1013.32,85.49,0,normal
2026-07-08T06:24:00+00:00,19.27,1013.31,85.29,0,normal
2026-07-08T06:25:00+00:00,19.3,1013.31,85.67,0,normal
2026-07-08T06:26:00+00:00,19.21,1013.26,85.31,0,normal
2026-07-08T06:27:00+00:00,19.27,1013.27,85.06,0,normal
2026-07-08T06:28:00+00:00,19.38,1013.29,85.13,0,normal
2026-07-08T06:29:00+00:00,19.51,1013.18,85.13,0,normal
2026-07-08T06:30:00+00:00,19.43,1013.19,84.98,0,normal
2026-07-08T06:31:00+00:00,19.46,1013.13,85.05,0,normal
2026-07-08T06:32:00+00:00,19.38,1013.18,84.62,0,normal
2026-07-08T06:33:00+00:00,19.42,1013.27,84.97,0,normal
2026-07-08T06:34:00+00:00,19.32,1013.23,84.72,0,normal
2026-07-08T06:35:00+00:00,19.55,1013.22,84.8,0,normal
2026-07-08T06:36:00+00:00,19.6,1013.16,84.28,0,normal
2026-07-08T06:37:00+00:00,19.58,1013.28,84.2,0,normal
2026-07-08T06:38:00+00:00,19.7,1013.2,84.01,0,normal
2026-07-08T06:39:00+00:00,19.79,1013.14,83.88,0,normal
2026-07-08T06:40:00+00:00,19.75,1013.19,83.84,0,normal
2026-07-08T06:41:00+00:00,19.83,1013.23,83.67,0,normal
2026-07-08T06:42:00+00:00,19.93,1013.19,83.68,0,normal
2026-07-08T06:43:00+00:00,19.8,1013.15,84.02,0,normal
2026-07-08T06:44:00+00:00,19.88,1013.18,83.72,0,normal
2026-07-08T06:45:00+00:00,19.82,1013.16,83.57,0,normal
2026-07-08T06:46:00+00:00,20.0,1013.21,83.46,0,normal
2026-07-08T06:47:00+00:00,20.03,1013.24,83.07,0,normal
2026-07-08T06:48:00+00:00,19.9,1013.27,82.97,0,normal
2026-07-08T06:49:00+00:00,19.83,1013.16,83.04,0,normal
2026-07-08T06:50:00+00:00,19.83,1013.17,82.86,0,normal
2026-07-08T06:51:00+00:00,19.86,1013.13,82.73,0,normal
2026-07-08T06:52:00+00:00,19.95,1013.12,82.55,0,normal
2026-07-08T06:53:00+00:00,20.03,1013.15,82.21,0,normal
2026-07-08T06:54:00+00:00,20.06,1013.11,82.12,0,normal
2026-07-08T06:55:00+00:00,20.21,1013.12,82.45,0,normal
2026-07-08T06:56:00+00:00,20.25,1013.11,82.33,0,normal
2026-07-08T06:57:00+00:00,20.29,1013.12,82.02,0,normal
2026-07-08T06:58:00+00:00,20.3,1013.08,82.12,0,normal
2026-07-08T06:59:00+00:00,20.17,1013.08,81.7,0,normal
2026-07-08T07:00:00+00:00,20.24,1013.05,81.23,0,normal
2026-07-08T07:01:00+00:00,20.35,1012.92,81.15,0,normal
2026-07-08T07:02:00+00:00,20.43,1012.99,80.75,0,normal
2026-07-08T07:03:00+00:00,20.42,1013.04,80.91,0,normal
2026-07-08T07:04:00+00:00,20.55,1013.16,80.73,0,normal
2026-07-08T07:05:00+00:00,20.6,1013.13,80.26,0,normal
2026-07-08T07:06:00+00:00,20.62,1013.02,80.1,0,normal
2026-07-08T07:07:00+00:00,20.52,1013.03,79.9,0,normal
2026-07-08T07:08:00+00:00,20.41,1013.07,79.73,0,normal
2026-07-08T07:09:00+00:00,20.41,1013.01,79.92,0,normal
2026-07-08T07:10:00+00:00,20.47,1012.97,79.48,0,normal
2026-07-08T07:11:00+00:00,20.7,1013.06,79.73,0,normal
2026-07-08T07:12:00+00:00,20.67,1013.02,79.75,0,normal
2026-07-08T07:13:00+00:00,20.63,1012.96,79.98,0,normal
2026-07-08T07:14:00+00:00,20.66,1012.89,80.1,0,normal
2026-07-08T07:15:00+00:00,20.64,1012.79,79.78,0,normal
2026-07-08T07:16:00+00:00,20.64,1012.8,79.74,0,normal
2026-07-08T07:17:00+00:00,20.77,1012.78,79.57,0,normal
2026-07-08T07:18:00+00:00,20.9,1012.83,79.45,0,normal
2026-07-08T07:19:00+00:00,20.95,1012.8,79.14,0,normal
2026-07-08T07:20:00+00:00,21.15,1012.77,79.14,0,normal
2026-07-08T07:21:00+00:00,21.05,1012.8,78.83,0,normal
2026-07-08T07:22:00+00:00,21.2,1012.88,78.88,0,normal
2026-07-08T07:23:00+00:00,21.23,1012.86,78.81,0,normal
2026-07-08T07:24:00+00:00,21.28,1012.86,78.94,0,normal
2026-07-08T07:25:00+00:00,21.22,1012.92,78.78,0,normal
2026-07-08T07:26:00+00:00,21.18,1012.92,78.79,0,normal
2026-07-08T07:27:00+00:00,21.07,1012.88,78.28,0,normal
2026-07-08T07:28:00+00:00,21.05,1012.84,78.28,0,normal
2026-07-08T07:29:00+00:00,21.02,1012.8,78.48,0,normal
2026-07-08T07:30:00+00:00,21.22,1012.74,78.6,0,normal
2026-07-08T07:31:00+00:00,21.28,1012.64,78.36,0,normal
2026-07-08T07:32:00+00:00,21.06,1012.65,78.06,0,normal
2026-07-08T07:33:00+00:00,21.11,1012.77,78.31,0,normal
2026-07-08T07:34:00+00:00,21.09,1012.71,78.48,0,normal
2026-07-08T07:35:00+00:00,21.05,1012.75,78.92,0,normal
2026-07-08T07:36:00+00:00,21.15,1012.79,79.01,0,normal
2026-07-08T07:37:00+00:00,21.14,1012.79,78.68,0,normal
2026-07-08T07:38:00+00:00,21.29,1012.72,78.7,0,normal
2026-07-08T07:39:00+00:00,21.42,1012.68,78.42,0,normal
2026-07-08T07:40:00+00:00,21.43,1012.62,78.33,0,normal
2026-07-08T07:41:00+00:00,21.39,1012.56,78.32,0,normal
2026-07-08T07:42:00+00:00,21.48,1012.54,77.86,0,normal
2026-07-08T07:43:00+00:00,21.6,1012.51,78.17,0,normal
2026-07-08T07:44:00+00:00,21.62,1012.51,77.95,0,normal
2026-07-08T07:45:00+00:00,21.67,1012.67,77.76,0,normal
2026-07-08T07:46:00+00:00,21.8,1012.66,77.88,0,normal
2026-07-08T07:47:00+00:00,21.67,1012.74,77.82,0,normal
2026-07-08T07:48:00+00:00,21.68,1012.76,77.72,0,normal
2026-07-08T07:49:00+00:00,21.62,1012.61,77.95,0,normal
2026-07-08T07:50:00+00:00,21.64,1012.56,77.7,0,normal
2026-07-08T07:51:00+00:00,21.79,1012.52,77.69,0,normal
2026-07-08T07:52:00+00:00,21.8,1012.44,77.73,0,normal
2026-07-08T07:53:00+00:00,21.92,1012.39,77.57,0,normal
2026-07-08T07:54:00+00:00,21.95,1012.41,77.82,0,normal
2026-07-08T07:55:00+00:00,21.96,1012.38,77.62,0,normal
2026-07-08T07:56:00+00:00,21.91,1012.28,77.49,0,normal
2026-07-08T07:57:00+00:00,21.99,1012.27,77.32,0,normal
2026-07-08T07:58:00+00:00,21.94,1012.27,77.2,0,normal
2026-07-08T07:59:00+00:00,22.02,1012.28,77.12,0,normal
2026-07-08T08:00:00+00:00,22.15,1012.3,77.07,0,normal
2026-07-08T08:01:00+00:00,22.04,1012.34,76.85,0,normal
2026-07-08T08:02:00+00:00,22.08,1012.26,77.12,0,normal
2026-07-08T08:03:00+00:00,21.92,1012.32,77.04,0,normal
2026-07-08T08:04:00+00:00,21.81,1012.41,76.98,0,normal
2026-07-08T08:05:00+00:00,21.67,1012.36,76.91,0,normal
2026-07-08T08:06:00+00:00,21.87,1012.32,76.21,0,normal
2026-07-08T08:07:00+00:00,22.03,1012.33,75.62,0,normal
2026-07-08T08:08:00+00:00,22.1,1012.33,75.44,0,normal
2026-07-08T08:09:00+00:00,22.08,1012.28,75.27,0,normal
2026-07-08T08:10:00+00:00,22.15,1012.3,74.73,0,normal
2026-07-08T08:11:00+00:00,22.22,1012.3,74.68,0,normal
2026-07-08T08:12:00+00:00,22.22,1012.35,74.86,0,normal
2026-07-08T08:13:00+00:00,22.24,1012.32,74.91,0,normal
2026-07-08T08:14:00+00:00,22.38,1012.25,74.59,0,normal
2026-07-08T08:15:00+00:00,22.44,1012.17,74.1,0,normal
2026-07-08T08:16:00+00:00,22.41,1012.18,74.33,0,normal
2026-07-08T08:17:00+00:00,22.39,1012.15,74.27,0,normal
2026-07-08T08:18:00+00:00,22.38,1012.09,74.24,0,normal
2026-07-08T08:19:00+00:00,22.33,1012.03,74.1,0,normal
2026-07-08T08:20:00+00:00,22.4,1011.94,73.97,0,normal
2026-07-08T08:21:00+00:00,22.34,1011.89,74.04,0,normal
2026-07-08T08:22:00+00:00,22.39,1011.97,73.92,0,normal
2026-07-08T08:23:00+00:00,22.51,1011.99,73.81,0,normal
2026-07-08T08:24:00+00:00,22.45,1011.97,73.6,0,normal
2026-07-08T08:25:00+00:00,22.46,1011.95,73.21,0,normal
2026-07-08T08:26:00+00:00,22.44,1011.89,73.08,0,normal
2026-07-08T08:27:00+00:00,22.43,1011.83,73.03,0,normal
2026-07-08T08:28:00+00:00,22.45,1011.82,72.72,0,normal
2026-07-08T08:29:00+00:00,22.43,1011.91,72.51,0,normal
2026-07-08T08:30:00+00:00,22.32,1011.9,72.3,0,normal
2026-07-08T08:31:00+00:00,22.41,1011.88,72.35,0,normal
2026-07-08T08:32:00+00:00,22.46,1011.85,72.51,0,normal
2026-07-08T08:33:00+00:00,22.34,1011.76,72.26,0,normal
2026-07-08T08:34:00+00:00,22.28,1011.72,72.08,0,normal
2026-07-08T08:35:00+00:00,22.43,1011.7,71.96,0,normal
2026-07-08T08:36:00+00:00,22.46,1011.63,72.07,0,normal
2026-07-08T08:37:00+00:00,22.63,1011.56,72.32,0,normal
2026-07-08T08:38:00+00:00,22.63,1011.51,72.32,0,normal
2026-07-08T08:39:00+00:00,22.74,1011.5,72.15,0,normal
2026-07-08T08:40:00+00:00,22.89,1011.46,72.04,0,normal
2026-07-08T08:41:00+00:00,23.08,1011.38,71.85,0,normal
2026-07-08T08:42:00+00:00,23.2,1011.4,71.94,0,normal
2026-07-08T08:43:00+00:00,23.14,1011.41,71.78,0,normal
2026-07-08T08:44:00+00:00,23.36,1011.44,71.68,0,normal
2026-07-08T08:45:00+00:00,23.42,1011.43,71.72,0,normal
2026-07-08T08:46:00+00:00,23.38,1011.49,71.35,0,normal
2026-07-08T08:47:00+00:00,23.43,1011.43,71.27,0,normal
2026-07-08T08:48:00+00:00,23.55,1011.33,71.15,0,normal
2026-07-08T08:49:00+00:00,23.46,1011.31,70.77,0,normal
2026-07-08T08:50:00+00:00,23.51,1011.27,70.84,0,normal
2026-07-08T08:51:00+00:00,23.65,1011.27,70.94,0,normal
2026-07-08T08:52:00+00:00,23.79,1011.21,71.13,0,normal
2026-07-08T08:53:00+00:00,23.81,1011.15,71.08,0,normal
2026-07-08T08:54:00+00:00,23.83,1011.08,70.75,0,normal
2026-07-08T08:55:00+00:00,23.99,1011.09,70.95,0,normal
2026-07-08T08:56:00+00:00,23.97,1011.04,70.5,0,normal
2026-07-08T08:57:00+00:00,24.07,1011.06,70.32,0,normal
2026-07-08T08:58:00+00:00,24.03,1011.11,70.2,0,normal
2026-07-08T08:59:00+00:00,24.03,1011.07,70.02,0,normal
2026-07-08T09:00:00+00:00,24.1,1010.99,69.96,0,normal
2026-07-08T09:01:00+00:00,24.2,1010.98,70.08,0,normal
2026-07-08T09:02:00+00:00,24.32,1011.02,69.87,0,normal
2026-07-08T09:03:00+00:00,24.33,1011.03,69.69,0,normal
2026-07-08T09:04:00+00:00,24.31,1010.99,70.11,0,normal
2026-07-08T09:05:00+00:00,24.3,1011.03,69.82,0,normal
2026-07-08T09:06:00+00:00,24.46,1011.0,69.73,0,normal
2026-07-08T09:07:00+00:00,24.32,1011.04,69.89,0,normal
2026-07-08T09:08:00+00:00,24.25,1011.09,69.51,0,normal
2026-07-08T09:09:00+00:00,24.32,1011.05,69.67,0,normal
2026-07-08T09:10:00+00:00,24.37,1011.08,69.8,0,normal
2026-07-08T09:11:00+00:00,24.37,1011.06,69.45,0,normal
2026-07-08T09:12:00+00:00,24.37,1011.14,69.49,0,normal
2026-07-08T09:13:00+00:00,24.31,1011.19,69.45,0,normal
2026-07-08T09:14:00+00:00,24.41,1011.19,69.41,0,normal
2026-07-08T09:15:00+00:00,24.27,1011.21,68.83,0,normal
2026-07-08T09:16:00+00:00,,1011.19,68.9,1,missing_data
2026-07-08T09:17:00+00:00,,1011.21,68.79,1,missing_data
2026-07-08T09:18:00+00:00,,1011.19,69.06,1,missing_data
2026-07-08T09:19:00+00:00,,1011.09,68.82,1,missing_data
2026-07-08T09:20:00+00:00,,1011.13,68.56,1,missing_data
2026-07-08T09:21:00+00:00,,1011.1,68.53,1,missing_data
2026-07-08T09:22:00+00:00,24.75,1011.12,68.33,0,normal
2026-07-08T09:23:00+00:00,24.72,1011.07,68.5,0,normal
2026-07-08T09:24:00+00:00,24.78,1011.0,68.27,0,normal
2026-07-08T09:25:00+00:00,24.91,1010.95,68.27,0,normal
2026-07-08T09:26:00+00:00,25.0,1010.75,68.4,0,normal
2026-07-08T09:27:00+00:00,24.94,1010.72,68.58,0,normal
2026-07-08T09:28:00+00:00,25.08,1010.72,68.58,0,normal
2026-07-08T09:29:00+00:00,25.17,1010.77,68.74,0,normal
2026-07-08T09:30:00+00:00,25.19,1010.71,68.53,0,normal
2026-07-08T09:31:00+00:00,25.21,1010.68,68.17,0,normal
2026-07-08T09:32:00+00:00,25.26,1010.58,68.05,0,normal
2026-07-08T09:33:00+00:00,25.28,1010.57,68.08,0,normal
2026-07-08T09:34:00+00:00,25.35,1010.66,67.83,0,normal
2026-07-08T09:35:00+00:00,25.38,1010.65,67.72,0,normal
2026-07-08T09:36:00+00:00,25.29,1010.57,67.59,0,normal
2026-07-08T09:37:00+00:00,25.18,1010.53,67.32,0,normal
2026-07-08T09:38:00+00:00,25.17,1010.57,66.98,0,normal
2026-07-08T09:39:00+00:00,25.27,1010.51,66.77,0,normal
2026-07-08T09:40:00+00:00,25.32,1010.48,66.49,0,normal
2026-07-08T09:41:00+00:00,25.31,1010.37,66.47,0,normal
2026-07-08T09:42:00+00:00,25.09,1010.4,66.49,0,normal
2026-07-08T09:43:00+00:00,25.25,1010.49,66.57,0,normal
2026-07-08T09:44:00+00:00,25.22,1010.57,66.21,0,normal
2026-07-08T09:45:00+00:00,25.1,1010.64,66.23,0,normal
2026-07-08T09:46:00+00:00,24.99,1010.53,66.23,0,normal
2026-07-08T09:47:00+00:00,24.96,1010.47,66.51,0,normal
2026-07-08T09:48:00+00:00,25.18,1010.45,66.35,0,normal
2026-07-08T09:49:00+00:00,25.29,1010.39,65.78,0,normal
2026-07-08T09:50:00+00:00,25.1,1010.36,65.85,0,normal
2026-07-08T09:51:00+00:00,25.15,1010.38,65.92,0,normal
2026-07-08T09:52:00+00:00,25.3,1010.36,65.86,0,normal
2026-07-08T09:53:00+00:00,25.34,1010.32,65.42,0,normal
2026-07-08T09:54:00+00:00,25.47,1010.28,65.23,0,normal
2026-07-08T09:55:00+00:00,25.46,1010.19,65.12,0,normal
2026-07-08T09:56:00+00:00,25.53,1010.13,65.23,0,normal
2026-07-08T09:57:00+00:00,25.53,1010.03,65.4,0,normal
2026-07-08T09:58:00+00:00,25.58,1010.06,65.45,0,normal
2026-07-08T09:59:00+00:00,25.54,1010.02,65.54,0,normal
2026-07-08T10:00:00+00:00,25.72,1010.0,65.27,0,normal
2026-07-08T10:01:00+00:00,25.88,1009.96,65.21,0,normal
2026-07-08T10:02:00+00:00,25.87,1009.95,64.9,0,normal
2026-07-08T10:03:00+00:00,25.86,1009.91,64.91,0,normal
2026-07-08T10:04:00+00:00,25.9,1009.94,64.63,0,normal
2026-07-08T10:05:00+00:00,25.9,1009.95,64.69,0,normal
2026-07-08T10:06:00+00:00,25.81,1009.95,64.41,0,normal
2026-07-08T10:07:00+00:00,25.92,1010.02,63.78,0,normal
2026-07-08T10:08:00+00:00,25.89,1010.01,63.7,0,normal
2026-07-08T10:09:00+00:00,26.0,1009.99,63.51,0,normal
2026-07-08T10:10:00+00:00,25.94,1009.91,63.28,0,normal
2026-07-08T10:11:00+00:00,25.92,1009.9,63.18,0,normal
2026-07-08T10:12:00+00:00,25.9,1009.83,62.97,0,normal
2026-07-08T10:13:00+00:00,25.89,1009.77,63.05,0,normal
2026-07-08T10:14:00+00:00,26.04,1009.7,63.2,0,normal
2026-07-08T10:15:00+00:00,26.12,1009.69,63.42,0,normal
2026-07-08T10:16:00+00:00,26.14,1009.7,63.35,0,normal
2026-07-08T10:17:00+00:00,26.17,1009.71,63.26,0,normal
2026-07-08T10:18:00+00:00,26.23,1009.65,63.04,0,normal
2026-07-08T10:19:00+00:00,26.21,1009.62,63.15,0,normal
2026-07-08T10:20:00+00:00,26.2,1009.64,63.1,0,normal
2026-07-08T10:21:00+00:00,26.19,1009.69,63.15,0,normal
2026-07-08T10:22:00+00:00,26.23,1009.66,63.06,0,normal
2026-07-08T10:23:00+00:00,26.13,1009.6,63.04,0,normal
2026-07-08T10:24:00+00:00,26.04,1009.55,62.85,0,normal
2026-07-08T10:25:00+00:00,26.32,1009.56,62.97,0,normal
2026-07-08T10:26:00+00:00,26.29,1009.57,62.5,0,normal
2026-07-08T10:27:00+00:00,26.29,1009.57,62.12,0,normal
2026-07-08T10:28:00+00:00,26.36,1009.58,61.92,0,normal
2026-07-08T10:29:00+00:00,26.33,1009.52,61.77,0,normal
2026-07-08T10:30:00+00:00,26.34,1009.53,61.59,0,normal
2026-07-08T10:31:00+00:00,26.5,1009.59,61.57,0,normal
2026-07-08T10:32:00+00:00,26.5,1009.54,61.57,0,normal
2026-07-08T10:33:00+00:00,26.57,1009.5,61.41,0,normal
2026-07-08T10:34:00+00:00,26.63,1009.49,61.23,0,normal
2026-07-08T10:35:00+00:00,26.66,1009.44,61.01,0,normal
2026-07-08T10:36:00+00:00,26.69,1009.39,60.81,0,normal
2026-07-08T10:37:00+00:00,26.8,1009.35,61.13,0,normal
2026-07-08T10:38:00+00:00,26.87,1009.29,61.29,0,normal
2026-07-08T10:39:00+00:00,26.83,1009.38,61.25,0,normal
2026-07-08T10:40:00+00:00,26.9,1009.36,61.22,0,normal
2026-07-08T10:41:00+00:00,26.9,1009.29,61.2,0,normal
2026-07-08T10:42:00+00:00,27.01,1009.22,61.41,0,normal
2026-07-08T10:43:00+00:00,27.07,1009.18,61.22,0,normal
2026-07-08T10:44:00+00:00,27.24,1009.21,61.35,0,normal
2026-07-08T10:45:00+00:00,27.23,1009.23,61.31,0,normal
2026-07-08T10:46:00+00:00,27.22,1009.21,61.42,0,normal
2026-07-08T10:47:00+00:00,27.36,1009.19,61.03,0,normal
2026-07-08T10:48:00+00:00,27.5,1009.25,61.01,0,normal
2026-07-08T10:49:00+00:00,27.64,1009.25,60.72,0,normal
2026-07-08T10:50:00+00:00,27.53,1009.16,60.62,0,normal
2026-07-08T10:51:00+00:00,27.5,1009.11,60.5,0,normal
2026-07-08T10:52:00+00:00,27.57,1009.07,60.27,0,normal
2026-07-08T10:53:00+00:00,27.53,1009.1,60.17,0,normal
2026-07-08T10:54:00+00:00,27.56,1009.16,60.65,0,normal
2026-07-08T10:55:00+00:00,27.62,1009.17,60.3,0,normal
2026-07-08T10:56:00+00:00,27.65,1009.15,60.38,0,normal
2026-07-08T10:57:00+00:00,27.62,1009.14,60.39,0,normal
2026-07-08T10:58:00+00:00,27.78,1009.2,60.54,0,normal
2026-07-08T10:59:00+00:00,27.83,1009.15,60.56,0,normal
2026-07-08T11:00:00+00:00,27.77,1009.12,60.79,0,normal
2026-07-08T11:01:00+00:00,27.81,1009.11,60.72,0,normal
2026-07-08T11:02:00+00:00,27.81,1008.98,60.32,0,normal
2026-07-08T11:03:00+00:00,27.86,1008.91,60.18,0,normal
2026-07-08T11:04:00+00:00,27.76,1008.86,60.05,0,normal
2026-07-08T11:05:00+00:00,27.84,1008.91,59.79,0,normal
2026-07-08T11:06:00+00:00,27.87,1008.82,59.69,0,normal
2026-07-08T11:07:00+00:00,27.95,1008.81,59.85,0,normal
2026-07-08T11:08:00+00:00,28.01,1008.81,59.68,0,normal
2026-07-08T11:09:00+00:00,27.97,1008.72,59.3,0,normal
2026-07-08T11:10:00+00:00,28.05,1008.79,58.99,0,normal
2026-07-08T11:11:00+00:00,28.05,1008.7,58.7,0,normal
2026-07-08T11:12:00+00:00,28.07,1008.66,58.24,0,normal
2026-07-08T11:13:00+00:00,28.21,1008.65,57.97,0,normal
2026-07-08T11:14:00+00:00,28.22,1008.64,58.0,0,normal
2026-07-08T11:15:00+00:00,28.18,1008.65,58.14,0,normal
2026-07-08T11:16:00+00:00,28.08,1008.61,58.25,0,normal
2026-07-08T11:17:00+00:00,28.04,1008.6,58.08,0,normal
2026-07-08T11:18:00+00:00,28.01,1008.56,57.76,0,normal
2026-07-08T11:19:00+00:00,28.06,1008.61,57.68,0,normal
2026-07-08T11:20:00+00:00,28.14,1008.58,57.51,0,normal
2026-07-08T11:21:00+00:00,28.18,1008.59,57.44,0,normal
2026-07-08T11:22:00+00:00,28.24,1008.52,57.34,0,normal
2026-07-08T11:23:00+00:00,28.32,1008.56,57.46,0,normal
2026-07-08T11:24:00+00:00,28.4,1008.53,57.06,0,normal
2026-07-08T11:25:00+00:00,28.37,1008.56,57.18,0,normal
2026-07-08T11:26:00+00:00,28.33,1008.5,56.96,0,normal
2026-07-08T11:27:00+00:00,28.29,1008.4,56.82,0,normal
2026-07-08T11:28:00+00:00,28.3,1008.39,56.72,0,normal
2026-07-08T11:29:00+00:00,28.25,1008.36,56.57,0,normal
2026-07-08T11:30:00+00:00,28.31,1008.36,57.17,0,normal
2026-07-08T11:31:00+00:00,28.29,1008.38,57.05,0,normal
2026-07-08T11:32:00+00:00,28.27,1008.45,57.19,0,normal
2026-07-08T11:33:00+00:00,28.14,1008.39,57.09,0,normal
2026-07-08T11:34:00+00:00,28.12,1008.31,57.05,0,normal
2026-07-08T11:35:00+00:00,27.99,1008.32,57.12,0,normal
2026-07-08T11:36:00+00:00,28.09,1008.31,57.35,0,normal
2026-07-08T11:37:00+00:00,28.14,1008.35,57.11,0,normal
2026-07-08T11:38:00+00:00,28.28,1008.34,57.34,0,normal
2026-07-08T11:39:00+00:00,28.41,1008.35,57.33,0,normal
2026-07-08T11:40:00+00:00,28.41,1008.3,57.35,0,normal
2026-07-08T11:41:00+00:00,28.46,1008.22,57.23,0,normal
2026-07-08T11:42:00+00:00,28.54,1008.29,57.27,0,normal
2026-07-08T11:43:00+00:00,28.43,1008.23,57.1,0,normal
2026-07-08T11:44:00+00:00,28.55,1008.2,57.21,0,normal
2026-07-08T11:45:00+00:00,28.51,1008.23,56.91,0,normal
2026-07-08T11:46:00+00:00,28.51,1008.17,57.11,0,normal
2026-07-08T11:47:00+00:00,28.46,1008.09,56.67,0,normal
2026-07-08T11:48:00+00:00,28.47,1008.07,56.71,0,normal
2026-07-08T11:49:00+00:00,28.47,1008.13,56.54,0,normal
2026-07-08T11:50:00+00:00,28.57,1008.09,56.15,0,normal
2026-07-08T11:51:00+00:00,28.52,1008.03,55.83,0,normal
2026-07-08T11:52:00+00:00,28.57,1008.03,55.8,0,normal
2026-07-08T11:53:00+00:00,28.62,1007.95,55.85,0,normal
2026-07-08T11:54:00+00:00,28.54,1007.93,55.41,0,normal
2026-07-08T11:55:00+00:00,28.61,1007.85,55.12,0,normal
2026-07-08T11:56:00+00:00,28.54,1007.86,55.05,0,normal
2026-07-08T11:57:00+00:00,28.62,1007.87,55.21,0,normal
2026-07-08T11:58:00+00:00,28.67,1007.83,55.03,0,normal
2026-07-08T11:59:00+00:00,28.81,1007.9,55.16,0,normal
2026-07-08T12:00:00+00:00,28.89,1007.94,55.18,0,normal
2026-07-08T12:01:00+00:00,28.9,1008.03,55.03,0,normal
2026-07-08T12:02:00+00:00,28.93,1007.94,54.7,0,normal
2026-07-08T12:03:00+00:00,29.08,1007.98,54.63,0,normal
2026-07-08T12:04:00+00:00,29.08,1007.92,54.51,0,normal
2026-07-08T12:05:00+00:00,28.97,1007.91,54.62,0,normal
2026-07-08T12:06:00+00:00,29.01,1008.0,54.64,0,normal
2026-07-08T12:07:00+00:00,28.82,1008.1,54.43,0,normal
2026-07-08T12:08:00+00:00,28.85,1008.1,54.44,0,normal
2026-07-08T12:09:00+00:00,28.86,1008.1,54.14,0,normal
2026-07-08T12:10:00+00:00,29.09,1008.13,54.13,0,normal
2026-07-08T12:11:00+00:00,29.24,1008.07,54.28,0,normal
2026-07-08T12:12:00+00:00,29.19,1008.09,54.33,0,normal
2026-07-08T12:13:00+00:00,29.01,1008.01,54.61,0,normal
2026-07-08T12:14:00+00:00,29.0,1008.11,54.81,0,normal
2026-07-08T12:15:00+00:00,28.99,1008.09,55.07,0,normal
2026-07-08T12:16:00+00:00,29.17,1008.07,55.3,0,normal
2026-07-08T12:17:00+00:00,29.26,1008.13,55.22,0,normal
2026-07-08T12:18:00+00:00,29.21,1008.07,54.86,0,normal
2026-07-08T12:19:00+00:00,29.37,1008.07,54.55,0,normal
2026-07-08T12:20:00+00:00,29.44,1008.04,54.35,0,normal
2026-07-08T12:21:00+00:00,29.6,1007.97,54.34,0,normal
2026-07-08T12:22:00+00:00,29.54,1007.93,53.98,0,normal
2026-07-08T12:23:00+00:00,29.54,1007.89,54.05,0,normal
2026-07-08T12:24:00+00:00,29.53,1007.88,53.83,0,normal
2026-07-08T12:25:00+00:00,29.64,1007.92,53.65,0,normal
2026-07-08T12:26:00+00:00,29.52,1007.83,53.84,0,normal
2026-07-08T12:27:00+00:00,29.58,1007.89,53.77,0,normal
2026-07-08T12:28:00+00:00,29.64,1007.94,53.7,0,normal
2026-07-08T12:29:00+00:00,29.6,1007.9,53.74,0,normal
2026-07-08T12:30:00+00:00,29.64,1007.88,53.64,0,normal
2026-07-08T12:31:00+00:00,29.62,1007.92,53.31,0,normal
2026-07-08T12:32:00+00:00,29.52,1007.87,53.25,0,normal
2026-07-08T12:33:00+00:00,29.55,1007.82,53.4,0,normal
2026-07-08T12:34:00+00:00,29.66,1007.85,53.58,0,normal
2026-07-08T12:35:00+00:00,29.58,1007.81,53.63,0,normal
2026-07-08T12:36:00+00:00,29.58,1007.77,53.86,0,normal
2026-07-08T12:37:00+00:00,29.6,1007.82,53.65,0,normal
2026-07-08T12:38:00+00:00,29.73,1007.82,53.8,0,normal
2026-07-08T12:39:00+00:00,29.68,1007.83,53.84,0,normal
2026-07-08T12:40:00+00:00,29.83,1007.82,53.8,0,normal
2026-07-08T12:41:00+00:00,29.87,1007.75,53.29,0,normal
2026-07-08T12:42:00+00:00,29.78,1007.81,53.58,0,normal
2026-07-08T12:43:00+00:00,29.7,1007.76,53.82,0,normal
2026-07-08T12:44:00+00:00,29.65,1007.75,54.03,0,normal
2026-07-08T12:45:00+00:00,29.75,1007.81,53.59,0,normal
2026-07-08T12:46:00+00:00,29.65,1007.87,53.58,0,normal
2026-07-08T12:47:00+00:00,29.59,1007.86,53.72,0,normal
2026-07-08T12:48:00+00:00,29.72,1007.86,53.5,0,normal
2026-07-08T12:49:00+00:00,29.69,1007.93,53.69,0,normal
2026-07-08T12:50:00+00:00,29.71,1007.91,53.82,0,normal
2026-07-08T12:51:00+00:00,29.84,1007.84,53.68,0,normal
2026-07-08T12:52:00+00:00,29.93,1007.85,53.49,0,normal
2026-07-08T12:53:00+00:00,29.93,1007.87,53.18,0,normal
2026-07-08T12:54:00+00:00,29.93,1007.89,53.01,1,frozen_sensor
2026-07-08T12:55:00+00:00,29.93,1007.89,53.01,1,frozen_sensor
2026-07-08T12:56:00+00:00,29.93,1007.89,53.01,1,frozen_sensor
2026-07-08T12:57:00+00:00,29.93,1007.89,53.01,1,frozen_sensor
2026-07-08T12:58:00+00:00,29.93,1007.89,53.01,1,frozen_sensor
2026-07-08T12:59:00+00:00,29.93,1007.89,53.01,1,frozen_sensor
2026-07-08T13:00:00+00:00,29.93,1007.89,53.01,1,frozen_sensor
2026-07-08T13:01:00+00:00,29.93,1007.89,53.01,1,frozen_sensor
2026-07-08T13:02:00+00:00,29.93,1007.89,53.01,1,frozen_sensor
2026-07-08T13:03:00+00:00,29.93,1007.89,53.01,1,frozen_sensor
2026-07-08T13:04:00+00:00,29.93,1007.89,53.01,1,frozen_sensor
2026-07-08T13:05:00+00:00,29.93,1007.89,53.01,1,frozen_sensor
2026-07-08T13:06:00+00:00,29.93,1007.89,53.01,1,frozen_sensor
2026-07-08T13:07:00+00:00,29.93,1007.89,53.01,1,frozen_sensor
2026-07-08T13:08:00+00:00,29.93,1007.89,53.01,1,frozen_sensor
2026-07-08T13:09:00+00:00,29.93,1007.89,53.01,1,frozen_sensor
2026-07-08T13:10:00+00:00,29.93,1007.89,53.01,1,frozen_sensor
2026-07-08T13:11:00+00:00,29.93,1007.89,53.01,1,frozen_sensor
2026-07-08T13:12:00+00:00,29.93,1007.89,53.01,1,frozen_sensor
2026-07-08T13:13:00+00:00,29.93,1007.89,53.01,1,frozen_sensor
2026-07-08T13:14:00+00:00,29.93,1007.89,53.01,1,frozen_sensor
2026-07-08T13:15:00+00:00,29.93,1007.89,53.01,1,frozen_sensor
2026-07-08T13:16:00+00:00,29.93,1007.89,53.01,1,frozen_sensor
2026-07-08T13:17:00+00:00,29.93,1007.89,53.01,1,frozen_sensor
2026-07-08T13:18:00+00:00,29.85,1007.71,52.93,0,normal
2026-07-08T13:19:00+00:00,29.84,1007.73,52.76,0,normal
2026-07-08T13:20:00+00:00,29.9,1007.79,52.75,0,normal
2026-07-08T13:21:00+00:00,29.89,1007.73,52.65,0,normal
2026-07-08T13:22:00+00:00,29.88,1007.76,52.59,0,normal
2026-07-08T13:23:00+00:00,30.01,1007.74,52.2,0,normal
2026-07-08T13:24:00+00:00,29.92,1007.72,52.35,0,normal
2026-07-08T13:25:00+00:00,29.82,1007.68,52.36,0,normal
2026-07-08T13:26:00+00:00,29.9,1007.62,51.94,0,normal
2026-07-08T13:27:00+00:00,29.85,1007.68,51.91,0,normal
2026-07-08T13:28:00+00:00,29.8,1007.74,51.88,0,normal
2026-07-08T13:29:00+00:00,29.81,1007.67,51.68,0,normal
2026-07-08T13:30:00+00:00,29.98,1007.68,51.44,0,normal
2026-07-08T13:31:00+00:00,29.95,1007.7,51.59,0,normal
2026-07-08T13:32:00+00:00,30.01,1007.69,51.8,0,normal
2026-07-08T13:33:00+00:00,30.08,1007.69,51.73,0,normal
2026-07-08T13:34:00+00:00,30.13,1007.76,51.37,0,normal
2026-07-08T13:35:00+00:00,30.13,1007.78,51.23,0,normal
2026-07-08T13:36:00+00:00,30.08,1007.85,51.31,0,normal
2026-07-08T13:37:00+00:00,30.26,1007.84,51.31,0,normal
2026-07-08T13:38:00+00:00,30.27,1007.9,51.55,0,normal
2026-07-08T13:39:00+00:00,30.27,1007.85,51.36,0,normal
2026-07-08T13:40:00+00:00,30.28,1007.93,51.03,0,normal
2026-07-08T13:41:00+00:00,30.18,1007.98,50.76,0,normal
2026-07-08T13:42:00+00:00,30.09,1008.04,50.7,0,normal
2026-07-08T13:43:00+00:00,30.07,1008.12,50.49,0,normal
2026-07-08T13:44:00+00:00,29.97,1008.2,50.54,0,normal
2026-07-08T13:45:00+00:00,30.03,1008.19,50.52,0,normal
2026-07-08T13:46:00+00:00,29.98,1008.2,50.69,0,normal
2026-07-08T13:47:00+00:00,30.01,1008.26,50.81,0,normal
2026-07-08T13:48:00+00:00,29.93,1008.25,50.71,0,normal
2026-07-08T13:49:00+00:00,30.01,1008.27,50.73,0,normal
2026-07-08T13:50:00+00:00,30.1,1008.17,50.59,0,normal
2026-07-08T13:51:00+00:00,30.06,1008.19,50.7,0,normal
2026-07-08T13:52:00+00:00,30.07,1008.13,50.77,0,normal
2026-07-08T13:53:00+00:00,30.08,1008.06,50.7,0,normal
2026-07-08T13:54:00+00:00,30.12,1008.15,50.47,0,normal
2026-07-08T13:55:00+00:00,30.19,1008.1,50.21,0,normal
2026-07-08T13:56:00+00:00,30.09,1008.14,50.25,0,normal
2026-07-08T13:57:00+00:00,30.07,1008.17,50.27,0,normal
2026-07-08T13:58:00+00:00,30.09,1008.16,50.07,0,normal
2026-07-08T13:59:00+00:00,30.23,1008.24,50.41,0,normal
2026-07-08T14:00:00+00:00,30.18,1008.21,50.32,0,normal
2026-07-08T14:01:00+00:00,30.27,1008.22,50.22,0,normal
2026-07-08T14:02:00+00:00,30.3,1008.19,49.96,0,normal
2026-07-08T14:03:00+00:00,30.31,1008.17,49.98,0,normal
2026-07-08T14:04:00+00:00,30.09,1008.13,49.99,0,normal
2026-07-08T14:05:00+00:00,29.97,1008.07,50.01,0,normal
2026-07-08T14:06:00+00:00,30.04,1008.04,49.98,0,normal
2026-07-08T14:07:00+00:00,30.03,1007.98,50.24,0,normal
2026-07-08T14:08:00+00:00,30.03,1007.99,50.32,0,normal
2026-07-08T14:09:00+00:00,29.91,1008.06,50.53,0,normal
2026-07-08T14:10:00+00:00,29.94,1008.1,50.46,0,normal
2026-07-08T14:11:00+00:00,30.02,1008.07,50.44,0,normal
2026-07-08T14:12:00+00:00,30.04,1008.09,50.65,0,normal
2026-07-08T14:13:00+00:00,30.22,1008.1,50.73,0,normal
2026-07-08T14:14:00+00:00,30.16,1008.17,50.61,0,normal
2026-07-08T14:15:00+00:00,30.41,1008.1,51.03,0,normal
2026-07-08T14:16:00+00:00,30.49,1008.06,51.46,0,normal
2026-07-08T14:17:00+00:00,30.4,1008.06,51.14,0,normal
2026-07-08T14:18:00+00:00,30.38,1008.08,51.27,0,normal
2026-07-08T14:19:00+00:00,30.57,1008.08,50.67,0,normal
2026-07-08T14:20:00+00:00,30.6,1008.07,51.02,0,normal
2026-07-08T14:21:00+00:00,30.58,1008.06,50.78,0,normal
2026-07-08T14:22:00+00:00,30.62,1008.06,51.05,0,normal
2026-07-08T14:23:00+00:00,30.58,1008.16,50.74,0,normal
2026-07-08T14:24:00+00:00,30.42,1008.22,50.63,0,normal
2026-07-08T14:25:00+00:00,30.39,1008.19,50.4,0,normal
2026-07-08T14:26:00+00:00,30.44,1008.2,50.18,0,normal
2026-07-08T14:27:00+00:00,30.49,1008.28,50.17,0,normal
2026-07-08T14:28:00+00:00,30.56,1008.25,50.3,0,normal
2026-07-08T14:29:00+00:00,30.55,1008.22,50.71,0,normal
2026-07-08T14:30:00+00:00,30.56,1008.21,50.7,0,normal
2026-07-08T14:31:00+00:00,30.47,1008.18,50.59,0,normal
2026-07-08T14:32:00+00:00,30.43,1008.16,50.83,0,normal
2026-07-08T14:33:00+00:00,30.36,1008.14,50.57,0,normal
2026-07-08T14:34:00+00:00,30.25,1008.21,50.61,0,normal
2026-07-08T14:35:00+00:00,30.3,1008.29,50.54,0,normal
2026-07-08T14:36:00+00:00,30.42,1008.27,50.31,0,normal
2026-07-08T14:37:00+00:00,30.44,1008.3,50.34,0,normal
2026-07-08T14:38:00+00:00,30.51,1008.33,50.41,0,normal
2026-07-08T14:39:00+00:00,30.6,1008.36,50.51,0,normal
2026-07-08T14:40:00+00:00,30.47,1008.56,50.19,0,normal
2026-07-08T14:41:00+00:00,30.41,1008.54,50.62,0,normal
2026-07-08T14:42:00+00:00,30.36,1008.57,50.5,0,normal
2026-07-08T14:43:00+00:00,30.26,1008.61,50.36,0,normal
2026-07-08T14:44:00+00:00,30.28,1008.65,50.74,0,normal
2026-07-08T14:45:00+00:00,30.17,1008.65,50.71,0,normal
2026-07-08T14:46:00+00:00,30.18,1008.78,50.66,0,normal
2026-07-08T14:47:00+00:00,29.97,1008.77,50.63,0,normal
2026-07-08T14:48:00+00:00,29.97,1008.74,50.36,0,normal
2026-07-08T14:49:00+00:00,30.15,1008.76,50.33,0,normal
2026-07-08T14:50:00+00:00,30.32,1008.72,50.46,0,normal
2026-07-08T14:51:00+00:00,30.21,1008.76,50.24,0,normal
2026-07-08T14:52:00+00:00,30.25,1008.86,50.28,0,normal
2026-07-08T14:53:00+00:00,30.07,1008.87,50.39,0,normal
2026-07-08T14:54:00+00:00,30.15,1008.94,50.7,0,normal
2026-07-08T14:55:00+00:00,30.14,1008.9,50.48,0,normal
2026-07-08T14:56:00+00:00,30.1,1008.93,50.21,0,normal
2026-07-08T14:57:00+00:00,30.02,1008.96,50.11,0,normal
2026-07-08T14:58:00+00:00,30.06,1008.91,50.19,0,normal
2026-07-08T14:59:00+00:00,30.0,1008.82,50.41,0,normal
2026-07-08T15:00:00+00:00,29.95,1008.81,50.28,0,normal
2026-07-08T15:01:00+00:00,30.01,1008.84,50.41,0,normal
2026-07-08T15:02:00+00:00,29.97,1008.84,50.51,0,normal
2026-07-08T15:03:00+00:00,30.1,1008.86,50.32,0,normal
2026-07-08T15:04:00+00:00,30.12,1008.86,49.95,0,normal
2026-07-08T15:05:00+00:00,29.97,1008.86,49.99,0,normal
2026-07-08T15:06:00+00:00,29.96,1008.92,49.84,0,normal
2026-07-08T15:07:00+00:00,29.85,1008.88,49.77,0,normal
2026-07-08T15:08:00+00:00,29.86,1008.85,49.4,0,normal
2026-07-08T15:09:00+00:00,29.67,1008.86,49.24,0,normal
2026-07-08T15:10:00+00:00,29.53,1008.91,49.64,0,normal
2026-07-08T15:11:00+00:00,29.55,1008.93,49.75,0,normal
2026-07-08T15:12:00+00:00,29.39,1008.98,50.06,0,normal
2026-07-08T15:13:00+00:00,29.57,1008.96,49.88,0,normal
2026-07-08T15:14:00+00:00,29.7,1009.0,50.11,0,normal
2026-07-08T15:15:00+00:00,29.67,1009.02,49.94,0,normal
2026-07-08T15:16:00+00:00,29.68,1009.0,50.46,0,normal
2026-07-08T15:17:00+00:00,29.75,1008.9,50.49,0,normal
2026-07-08T15:18:00+00:00,29.79,1008.89,50.3,0,normal
2026-07-08T15:19:00+00:00,29.85,1008.86,50.46,0,normal
2026-07-08T15:20:00+00:00,29.78,1008.85,50.68,0,normal
2026-07-08T15:21:00+00:00,29.83,1008.87,50.7,0,normal
2026-07-08T15:22:00+00:00,29.84,1008.84,50.42,0,normal
2026-07-08T15:23:00+00:00,29.9,1008.94,50.58,0,normal
2026-07-08T15:24:00+00:00,29.92,1008.89,50.78,0,normal
2026-07-08T15:25:00+00:00,29.96,1008.95,51.01,0,normal
2026-07-08T15:26:00+00:00,30.09,1008.91,50.77,0,normal
2026-07-08T15:27:00+00:00,30.09,1008.88,50.58,0,normal
2026-07-08T15:28:00+00:00,30.18,1008.85,50.61,0,normal
2026-07-08T15:29:00+00:00,30.04,1008.87,50.89,0,normal
2026-07-08T15:30:00+00:00,30.13,1008.95,50.89,0,normal
2026-07-08T15:31:00+00:00,30.21,1008.99,50.83,0,normal
2026-07-08T15:32:00+00:00,30.23,1009.05,50.6,0,normal
2026-07-08T15:33:00+00:00,30.12,1009.05,50.4,0,normal
2026-07-08T15:34:00+00:00,30.01,1009.05,50.65,0,normal
2026-07-08T15:35:00+00:00,30.08,1009.08,50.73,0,normal
2026-07-08T15:36:00+00:00,30.24,1009.07,50.82,0,normal
2026-07-08T15:37:00+00:00,30.17,1009.02,51.1,0,normal
2026-07-08T15:38:00+00:00,30.13,1009.07,51.07,0,normal
2026-07-08T15:39:00+00:00,30.22,1009.04,51.34,0,normal
2026-07-08T15:40:00+00:00,30.27,1008.97,51.25,0,normal
2026-07-08T15:41:00+00:00,30.33,1009.07,51.42,0,normal
2026-07-08T15:42:00+00:00,30.27,1009.04,51.55,0,normal
2026-07-08T15:43:00+00:00,30.21,1009.04,51.51,0,normal
2026-07-08T15:44:00+00:00,30.26,1009.15,51.74,0,normal
2026-07-08T15:45:00+00:00,30.24,1009.12,51.87,0,normal
2026-07-08T15:46:00+00:00,30.35,1009.19,51.92,0,normal
2026-07-08T15:47:00+00:00,30.28,1009.22,52.15,0,normal
2026-07-08T15:48:00+00:00,30.27,1009.23,52.0,0,normal
2026-07-08T15:49:00+00:00,30.45,1009.2,51.81,0,normal
2026-07-08T15:50:00+00:00,30.43,1009.21,52.02,0,normal
2026-07-08T15:51:00+00:00,30.48,1009.16,51.87,0,normal
2026-07-08T15:52:00+00:00,30.37,1009.22,51.97,0,normal
2026-07-08T15:53:00+00:00,30.31,1009.25,51.75,0,normal
2026-07-08T15:54:00+00:00,30.21,1009.2,51.8,0,normal
2026-07-08T15:55:00+00:00,30.2,1009.17,51.91,0,normal
2026-07-08T15:56:00+00:00,30.26,1009.14,51.86,0,normal
2026-07-08T15:57:00+00:00,30.27,1009.16,51.61,0,normal
2026-07-08T15:58:00+00:00,30.2,1009.16,51.61,0,normal
2026-07-08T15:59:00+00:00,30.16,1009.26,51.61,0,normal
2026-07-08T16:00:00+00:00,29.99,1009.28,52.0,0,normal
2026-07-08T16:01:00+00:00,29.96,1009.28,51.96,0,normal
2026-07-08T16:02:00+00:00,46.73,1043.3,95.7,1,multivariate_inconsistency
2026-07-08T16:03:00+00:00,46.37,1043.17,94.52,1,multivariate_inconsistency
2026-07-08T16:04:00+00:00,46.99,1046.38,98.1,1,multivariate_inconsistency
2026-07-08T16:05:00+00:00,46.45,1043.74,99.0,1,multivariate_inconsistency
2026-07-08T16:06:00+00:00,45.97,1043.66,95.94,1,multivariate_inconsistency
2026-07-08T16:07:00+00:00,29.72,1009.31,51.79,0,normal
2026-07-08T16:08:00+00:00,29.57,1009.33,52.1,0,normal
2026-07-08T16:09:00+00:00,29.55,1009.3,51.85,0,normal
2026-07-08T16:10:00+00:00,29.58,1009.37,51.89,0,normal
2026-07-08T16:11:00+00:00,29.53,1009.29,51.97,0,normal
2026-07-08T16:12:00+00:00,29.47,1009.28,52.34,0,normal
2026-07-08T16:13:00+00:00,29.33,1009.22,52.42,0,normal
2026-07-08T16:14:00+00:00,29.3,1009.22,52.5,0,normal
2026-07-08T16:15:00+00:00,29.33,1009.2,52.41,0,normal
2026-07-08T16:16:00+00:00,29.33,1009.24,52.54,0,normal
2026-07-08T16:17:00+00:00,29.29,1009.29,52.76,0,normal
2026-07-08T16:18:00+00:00,29.3,1009.31,52.74,0,normal
2026-07-08T16:19:00+00:00,29.25,1009.29,52.7,0,normal
2026-07-08T16:20:00+00:00,29.29,1009.27,52.72,0,normal
2026-07-08T16:21:00+00:00,29.27,1009.39,52.89,0,normal
2026-07-08T16:22:00+00:00,29.33,1009.45,52.81,0,normal
2026-07-08T16:23:00+00:00,29.44,1009.48,52.83,0,normal
2026-07-08T16:24:00+00:00,29.33,1009.48,52.51,0,normal
2026-07-08T16:25:00+00:00,29.31,1009.47,52.48,0,normal
2026-07-08T16:26:00+00:00,29.2,1009.53,52.66,0,normal
2026-07-08T16:27:00+00:00,29.33,1009.63,52.74,0,normal
2026-07-08T16:28:00+00:00,29.41,1009.65,52.7,0,normal
2026-07-08T16:29:00+00:00,29.37,1009.7,53.57,0,normal
2026-07-08T16:30:00+00:00,29.46,1009.72,53.68,0,normal
2026-07-08T16:31:00+00:00,29.48,1009.73,53.83,0,normal
2026-07-08T16:32:00+00:00,29.45,1009.69,53.93,0,normal
2026-07-08T16:33:00+00:00,29.48,1009.69,54.0,0,normal
2026-07-08T16:34:00+00:00,29.54,1009.7,53.91,0,normal
2026-07-08T16:35:00+00:00,29.46,1009.7,54.22,0,normal
2026-07-08T16:36:00+00:00,29.43,1009.73,54.15,0,normal
2026-07-08T16:37:00+00:00,29.38,1009.7,54.17,0,normal
2026-07-08T16:38:00+00:00,29.32,1009.78,54.15,0,normal
2026-07-08T16:39:00+00:00,29.3,1009.78,54.23,0,normal
2026-07-08T16:40:00+00:00,29.41,1009.74,54.29,0,normal
2026-07-08T16:41:00+00:00,29.26,1009.81,54.27,0,normal
2026-07-08T16:42:00+00:00,29.13,1009.76,54.44,0,normal
2026-07-08T16:43:00+00:00,28.98,1009.78,54.36,0,normal
2026-07-08T16:44:00+00:00,28.97,1009.76,54.17,0,normal
2026-07-08T16:45:00+00:00,28.93,1009.8,54.14,0,normal
2026-07-08T16:46:00+00:00,28.96,1009.8,54.28,0,normal
2026-07-08T16:47:00+00:00,28.99,1009.79,54.11,0,normal
2026-07-08T16:48:00+00:00,29.06,1009.76,54.25,0,normal
2026-07-08T16:49:00+00:00,29.05,1009.75,54.36,0,normal
2026-07-08T16:50:00+00:00,29.15,1009.8,54.41,0,normal
2026-07-08T16:51:00+00:00,29.26,1009.73,54.21,0,normal
2026-07-08T16:52:00+00:00,29.2,1009.82,54.44,0,normal
2026-07-08T16:53:00+00:00,29.04,1009.81,54.21,0,normal
2026-07-08T16:54:00+00:00,29.03,1009.87,54.45,0,normal
2026-07-08T16:55:00+00:00,29.03,1009.86,54.46,0,normal
2026-07-08T16:56:00+00:00,29.07,1009.99,54.26,0,normal
2026-07-08T16:57:00+00:00,29.18,1010.0,54.48,0,normal
2026-07-08T16:58:00+00:00,29.17,1010.08,54.59,0,normal
2026-07-08T16:59:00+00:00,29.09,1010.1,54.85,0,normal
2026-07-08T17:00:00+00:00,29.07,1010.0,54.86,0,normal
2026-07-08T17:01:00+00:00,29.06,1010.0,54.79,0,normal
2026-07-08T17:02:00+00:00,29.14,1009.89,54.85,0,normal
2026-07-08T17:03:00+00:00,29.12,1010.01,54.89,0,normal
2026-07-08T17:04:00+00:00,29.13,1010.02,54.95,0,normal
2026-07-08T17:05:00+00:00,29.24,1009.97,54.85,0,normal
2026-07-08T17:06:00+00:00,29.27,1009.99,54.85,0,normal
2026-07-08T17:07:00+00:00,29.23,1010.05,55.0,0,normal
2026-07-08T17:08:00+00:00,29.13,1010.07,55.03,0,normal
2026-07-08T17:09:00+00:00,29.14,1010.05,54.84,0,normal
2026-07-08T17:10:00+00:00,29.16,1010.09,55.18,0,normal
2026-07-08T17:11:00+00:00,29.02,1010.09,55.19,0,normal
2026-07-08T17:12:00+00:00,28.95,1010.02,55.02,0,normal
2026-07-08T17:13:00+00:00,28.95,1010.0,54.92,0,normal
2026-07-08T17:14:00+00:00,29.03,1010.13,54.98,0,normal
2026-07-08T17:15:00+00:00,28.88,1010.15,54.63,0,normal
2026-07-08T17:16:00+00:00,28.74,1010.17,54.45,0,normal
2026-07-08T17:17:00+00:00,28.7,1010.1,54.56,0,normal
2026-07-08T17:18:00+00:00,28.77,1010.07,54.66,0,normal
2026-07-08T17:19:00+00:00,28.68,1010.04,54.59,0,normal
2026-07-08T17:20:00+00:00,28.72,1009.98,54.63,0,normal
2026-07-08T17:21:00+00:00,28.73,1010.04,54.83,0,normal
2026-07-08T17:22:00+00:00,28.7,1010.02,55.12,0,normal
2026-07-08T17:23:00+00:00,28.6,1009.98,55.48,0,normal
2026-07-08T17:24:00+00:00,28.61,1010.01,55.67,0,normal
2026-07-08T17:25:00+00:00,28.58,1009.95,55.79,0,normal
2026-07-08T17:26:00+00:00,28.55,1009.92,55.64,0,normal
2026-07-08T17:27:00+00:00,28.53,1009.87,55.69,0,normal
2026-07-08T17:28:00+00:00,28.48,1009.88,55.85,0,normal
2026-07-08T17:29:00+00:00,28.51,1009.86,56.1,0,normal
2026-07-08T17:30:00+00:00,28.47,1009.97,56.04,0,normal
2026-07-08T17:31:00+00:00,28.32,1010.02,56.2,0,normal
2026-07-08T17:32:00+00:00,28.4,1010.05,56.74,0,normal
2026-07-08T17:33:00+00:00,28.36,1010.11,56.67,0,normal
2026-07-08T17:34:00+00:00,28.38,1010.15,56.89,0,normal
2026-07-08T17:35:00+00:00,28.42,1009.99,56.92,0,normal
2026-07-08T17:36:00+00:00,28.35,1009.99,56.91,0,normal
2026-07-08T17:37:00+00:00,28.41,1010.01,56.85,0,normal
2026-07-08T17:38:00+00:00,28.26,1010.1,56.78,0,normal
2026-07-08T17:39:00+00:00,28.23,1010.21,56.72,0,normal
2026-07-08T17:40:00+00:00,28.19,1010.22,56.47,0,normal
2026-07-08T17:41:00+00:00,28.03,1010.2,56.46,0,normal
2026-07-08T17:42:00+00:00,28.03,1010.15,56.64,0,normal
2026-07-08T17:43:00+00:00,27.84,1010.15,56.79,0,normal
2026-07-08T17:44:00+00:00,27.86,1010.15,56.74,0,normal
2026-07-08T17:45:00+00:00,27.84,1010.22,56.71,0,normal
2026-07-08T17:46:00+00:00,27.91,1010.27,56.45,0,normal
2026-07-08T17:47:00+00:00,27.89,1010.22,56.26,0,normal
2026-07-08T17:48:00+00:00,27.94,1010.25,56.43,0,normal
2026-07-08T17:49:00+00:00,27.83,1010.26,56.29,0,normal
2026-07-08T17:50:00+00:00,27.83,1010.22,56.62,0,normal
2026-07-08T17:51:00+00:00,27.79,1010.24,56.78,0,normal
2026-07-08T17:52:00+00:00,27.77,1010.24,56.95,0,normal
2026-07-08T17:53:00+00:00,27.68,1010.26,57.23,0,normal
2026-07-08T17:54:00+00:00,27.71,1010.24,57.36,0,normal
2026-07-08T17:55:00+00:00,27.67,1010.23,57.22,0,normal
2026-07-08T17:56:00+00:00,27.77,1010.33,57.18,0,normal
2026-07-08T17:57:00+00:00,27.81,1010.4,57.1,0,normal
2026-07-08T17:58:00+00:00,27.62,1010.47,57.21,0,normal
2026-07-08T17:59:00+00:00,27.56,1010.46,57.25,0,normal
2026-07-08T18:00:00+00:00,27.79,1010.42,57.43,0,normal
2026-07-08T18:01:00+00:00,27.87,1010.47,57.76,0,normal
2026-07-08T18:02:00+00:00,27.81,1010.45,57.43,0,normal
2026-07-08T18:03:00+00:00,27.78,1010.44,57.69,0,normal
2026-07-08T18:04:00+00:00,27.89,1010.46,58.02,0,normal
2026-07-08T18:05:00+00:00,27.86,1010.52,58.12,0,normal
2026-07-08T18:06:00+00:00,27.92,1010.54,58.29,0,normal
2026-07-08T18:07:00+00:00,27.76,1010.58,58.46,0,normal
2026-07-08T18:08:00+00:00,27.79,1010.57,58.64,0,normal
2026-07-08T18:09:00+00:00,27.86,1010.53,58.82,0,normal
2026-07-08T18:10:00+00:00,27.76,1010.54,58.94,0,normal
2026-07-08T18:11:00+00:00,27.67,1010.53,58.9,0,normal
2026-07-08T18:12:00+00:00,27.61,1010.53,59.04,0,normal
2026-07-08T18:13:00+00:00,27.43,1010.53,59.06,0,normal
2026-07-08T18:14:00+00:00,27.38,1010.46,59.13,0,normal
2026-07-08T18:15:00+00:00,27.31,1010.51,58.86,0,normal
2026-07-08T18:16:00+00:00,27.22,1010.44,59.01,0,normal
2026-07-08T18:17:00+00:00,27.3,1010.45,58.88,0,normal
2026-07-08T18:18:00+00:00,27.25,1010.39,59.09,0,normal
2026-07-08T18:19:00+00:00,27.19,1010.31,59.31,0,normal
2026-07-08T18:20:00+00:00,27.28,1010.29,59.42,0,normal
2026-07-08T18:21:00+00:00,27.13,1010.18,59.14,0,normal
2026-07-08T18:22:00+00:00,27.11,1010.17,59.36,0,normal
2026-07-08T18:23:00+00:00,27.08,1010.21,59.64,0,normal
2026-07-08T18:24:00+00:00,27.04,1010.16,59.34,0,normal
2026-07-08T18:25:00+00:00,27.14,1010.11,59.15,0,normal
2026-07-08T18:26:00+00:00,27.13,1010.04,59.3,0,normal
2026-07-08T18:27:00+00:00,27.08,1010.09,59.59,0,normal
2026-07-08T18:28:00+00:00,27.15,1010.1,59.53,0,normal
2026-07-08T18:29:00+00:00,27.04,1010.07,60.05,0,normal
2026-07-08T18:30:00+00:00,27.0,1010.08,60.45,0,normal
2026-07-08T18:31:00+00:00,27.0,1010.04,60.67,0,normal
2026-07-08T18:32:00+00:00,26.94,1010.06,60.85,0,normal
2026-07-08T18:33:00+00:00,26.88,1010.07,61.23,0,normal
2026-07-08T18:34:00+00:00,26.81,1010.13,61.17,0,normal
2026-07-08T18:35:00+00:00,26.94,1010.09,61.15,0,normal
2026-07-08T18:36:00+00:00,27.03,1010.16,61.38,0,normal
2026-07-08T18:37:00+00:00,26.92,1010.16,61.44,0,normal
2026-07-08T18:38:00+00:00,26.82,1010.19,61.34,0,normal
2026-07-08T18:39:00+00:00,30.1,1010.1,61.75,1,temperature_spike
2026-07-08T18:40:00+00:00,31.76,1010.04,62.08,1,temperature_spike
2026-07-08T18:41:00+00:00,30.59,1010.03,62.11,1,temperature_spike
2026-07-08T18:42:00+00:00,26.46,1010.1,62.02,0,normal
2026-07-08T18:43:00+00:00,26.37,1010.04,61.92,0,normal
2026-07-08T18:44:00+00:00,26.27,1010.08,61.78,0,normal
2026-07-08T18:45:00+00:00,26.26,1010.02,61.61,0,normal
2026-07-08T18:46:00+00:00,26.34,1010.1,61.95,0,normal
2026-07-08T18:47:00+00:00,26.22,1010.02,62.42,0,normal
2026-07-08T18:48:00+00:00,26.19,1009.95,62.69,0,normal
2026-07-08T18:49:00+00:00,26.19,1009.98,62.28,0,normal
2026-07-08T18:50:00+00:00,26.16,1010.03,62.22,0,normal
2026-07-08T18:51:00+00:00,26.25,1009.96,62.27,0,normal
2026-07-08T18:52:00+00:00,26.37,1009.9,62.4,0,normal
2026-07-08T18:53:00+00:00,26.4,1009.9,62.43,0,normal
2026-07-08T18:54:00+00:00,26.31,1009.91,62.48,0,normal
2026-07-08T18:55:00+00:00,26.18,1009.96,62.38,0,normal
2026-07-08T18:56:00+00:00,26.05,1009.93,62.29,0,normal
2026-07-08T18:57:00+00:00,26.02,1009.87,62.48,0,normal
2026-07-08T18:58:00+00:00,26.13,1009.87,62.28,0,normal
2026-07-08T18:59:00+00:00,26.04,1009.88,61.99,0,normal
2026-07-08T19:00:00+00:00,25.93,1009.8,62.14,0,normal
2026-07-08T19:01:00+00:00,26.09,1009.73,62.43,0,normal
2026-07-08T19:02:00+00:00,26.03,1009.67,62.85,0,normal
2026-07-08T19:03:00+00:00,26.19,1009.7,63.02,0,normal
2026-07-08T19:04:00+00:00,26.17,1009.7,63.18,0,normal
2026-07-08T19:05:00+00:00,26.2,1009.79,63.16,0,normal
2026-07-08T19:06:00+00:00,26.18,1009.78,63.46,0,normal
2026-07-08T19:07:00+00:00,26.34,1009.83,63.7,0,normal
2026-07-08T19:08:00+00:00,26.38,1009.89,64.26,0,normal
2026-07-08T19:09:00+00:00,26.2,1009.91,63.79,0,normal
2026-07-08T19:10:00+00:00,26.25,1009.93,63.76,0,normal
2026-07-08T19:11:00+00:00,26.0,1009.92,63.89,0,normal
2026-07-08T19:12:00+00:00,25.97,1009.88,63.79,0,normal
2026-07-08T19:13:00+00:00,25.94,1009.83,64.05,0,normal
2026-07-08T19:14:00+00:00,25.9,1009.74,64.16,0,normal
2026-07-08T19:15:00+00:00,25.91,1009.81,64.43,0,normal
2026-07-08T19:16:00+00:00,25.81,1009.88,64.23,0,normal
2026-07-08T19:17:00+00:00,25.79,1009.9,64.61,0,normal
2026-07-08T19:18:00+00:00,25.92,1009.95,64.65,0,normal
2026-07-08T19:19:00+00:00,25.93,1009.95,64.58,0,normal
2026-07-08T19:20:00+00:00,25.89,1010.02,64.8,0,normal
2026-07-08T19:21:00+00:00,26.02,1009.95,64.8,0,normal
2026-07-08T19:22:00+00:00,26.01,1009.97,64.85,0,normal
2026-07-08T19:23:00+00:00,26.04,1009.99,64.66,0,normal
2026-07-08T19:24:00+00:00,26.05,1010.02,64.82,0,normal
2026-07-08T19:25:00+00:00,25.86,1009.98,65.0,0,normal
2026-07-08T19:26:00+00:00,25.75,1010.0,65.23,0,normal
2026-07-08T19:27:00+00:00,25.73,1009.98,65.35,0,normal
2026-07-08T19:28:00+00:00,25.69,1009.89,65.35,0,normal
2026-07-08T19:29:00+00:00,25.66,1009.94,65.57,0,normal
2026-07-08T19:30:00+00:00,25.75,1009.85,65.58,0,normal
2026-07-08T19:31:00+00:00,25.87,1009.79,65.51,0,normal
2026-07-08T19:32:00+00:00,25.8,1009.88,65.46,0,normal
2026-07-08T19:33:00+00:00,25.8,1009.88,65.17,0,normal
2026-07-08T19:34:00+00:00,25.75,1009.83,65.42,0,normal
2026-07-08T19:35:00+00:00,25.85,1009.79,65.46,0,normal
2026-07-08T19:36:00+00:00,26.0,1009.73,65.31,0,normal
2026-07-08T19:37:00+00:00,26.05,1009.71,65.48,0,normal
2026-07-08T19:38:00+00:00,26.16,1009.62,65.56,0,normal
2026-07-08T19:39:00+00:00,25.99,1009.63,65.57,0,normal
2026-07-08T19:40:00+00:00,25.83,1009.65,65.7,0,normal
2026-07-08T19:41:00+00:00,25.67,1009.57,65.86,0,normal
2026-07-08T19:42:00+00:00,25.49,1009.57,66.24,0,normal
2026-07-08T19:43:00+00:00,25.5,1009.53,66.4,0,normal
2026-07-08T19:44:00+00:00,25.35,1009.52,66.44,0,normal
2026-07-08T19:45:00+00:00,25.23,1009.54,66.14,0,normal
2026-07-08T19:46:00+00:00,25.1,1009.47,66.16,0,normal
2026-07-08T19:47:00+00:00,25.17,1009.5,66.31,0,normal
2026-07-08T19:48:00+00:00,25.14,1009.48,66.71,0,normal
2026-07-08T19:49:00+00:00,24.96,1009.51,66.71,0,normal
2026-07-08T19:50:00+00:00,24.97,1009.52,66.97,0,normal
2026-07-08T19:51:00+00:00,25.07,1009.43,67.27,0,normal
2026-07-08T19:52:00+00:00,25.03,1009.39,67.77,0,normal
2026-07-08T19:53:00+00:00,25.05,1009.36,68.03,0,normal
2026-07-08T19:54:00+00:00,25.01,1009.33,67.98,0,normal
2026-07-08T19:55:00+00:00,25.0,1009.28,68.08,0,normal
2026-07-08T19:56:00+00:00,25.03,1009.28,68.54,0,normal
2026-07-08T19:57:00+00:00,24.99,1009.34,68.79,0,normal
2026-07-08T19:58:00+00:00,25.07,1009.42,68.48,0,normal
2026-07-08T19:59:00+00:00,25.05,1009.4,68.56,0,normal
2026-07-08T20:00:00+00:00,24.97,1009.35,68.41,0,normal
2026-07-08T20:01:00+00:00,24.93,1009.38,68.39,0,normal
2026-07-08T20:02:00+00:00,24.86,1009.33,68.27,0,normal
2026-07-08T20:03:00+00:00,24.8,1009.33,68.61,0,normal
2026-07-08T20:04:00+00:00,24.67,1009.31,68.93,0,normal
2026-07-08T20:05:00+00:00,24.54,1009.35,68.91,0,normal
2026-07-08T20:06:00+00:00,24.57,1009.32,69.07,0,normal
2026-07-08T20:07:00+00:00,24.66,1009.29,69.34,0,normal
2026-07-08T20:08:00+00:00,24.65,1009.23,69.37,0,normal
2026-07-08T20:09:00+00:00,24.59,1009.14,69.53,0,normal
2026-07-08T20:10:00+00:00,24.61,1009.17,69.88,0,normal
2026-07-08T20:11:00+00:00,24.64,1009.12,69.85,0,normal
2026-07-08T20:12:00+00:00,24.67,1009.13,69.9,0,normal
2026-07-08T20:13:00+00:00,24.55,1009.09,70.07,0,normal
2026-07-08T20:14:00+00:00,24.36,1008.95,70.26,0,normal
2026-07-08T20:15:00+00:00,24.28,1008.97,70.62,0,normal
2026-07-08T20:16:00+00:00,24.17,1008.87,70.6,0,normal
2026-07-08T20:17:00+00:00,24.09,1008.86,70.75,0,normal
2026-07-08T20:18:00+00:00,24.09,1008.86,70.99,0,normal
2026-07-08T20:19:00+00:00,24.12,1008.84,71.15,0,normal
2026-07-08T20:20:00+00:00,23.97,1008.89,71.18,0,normal
2026-07-08T20:21:00+00:00,23.85,1008.86,71.41,0,normal
2026-07-08T20:22:00+00:00,23.77,1008.87,71.61,0,normal
2026-07-08T20:23:00+00:00,23.76,1008.81,71.61,0,normal
2026-07-08T20:24:00+00:00,23.63,1008.78,71.41,0,normal
2026-07-08T20:25:00+00:00,23.61,1008.7,71.46,0,normal
2026-07-08T20:26:00+00:00,23.69,1008.76,71.25,0,normal
2026-07-08T20:27:00+00:00,23.62,1008.79,71.44,0,normal
2026-07-08T20:28:00+00:00,23.56,1008.75,71.5,0,normal
2026-07-08T20:29:00+00:00,23.4,1008.77,71.77,0,normal
2026-07-08T20:30:00+00:00,23.36,1008.68,72.09,0,normal
2026-07-08T20:31:00+00:00,23.37,1008.71,71.85,0,normal
2026-07-08T20:32:00+00:00,23.26,1008.72,72.1,0,normal
2026-07-08T20:33:00+00:00,23.17,1008.7,71.82,0,normal
2026-07-08T20:34:00+00:00,23.11,1008.67,71.97,0,normal
2026-07-08T20:35:00+00:00,22.94,1008.72,71.99,0,normal
2026-07-08T20:36:00+00:00,23.05,1008.74,72.22,0,normal
2026-07-08T20:37:00+00:00,23.22,1008.68,72.29,0,normal
2026-07-08T20:38:00+00:00,23.13,1008.66,72.49,0,normal
2026-07-08T20:39:00+00:00,23.21,1008.63,72.29,0,normal
2026-07-08T20:40:00+00:00,23.21,1008.57,72.23,0,normal
2026-07-08T20:41:00+00:00,23.25,1008.58,72.46,0,normal
2026-07-08T20:42:00+00:00,23.21,1008.61,72.52,0,normal
2026-07-08T20:43:00+00:00,23.17,1008.54,72.17,0,normal
2026-07-08T20:44:00+00:00,23.03,1008.54,72.07,0,normal
2026-07-08T20:45:00+00:00,22.89,1008.5,72.21,0,normal
2026-07-08T20:46:00+00:00,22.92,1008.48,72.29,0,normal
2026-07-08T20:47:00+00:00,22.87,1008.5,72.35,0,normal
2026-07-08T20:48:00+00:00,22.86,1008.54,72.59,0,normal
2026-07-08T20:49:00+00:00,22.84,1008.5,72.61,0,normal
2026-07-08T20:50:00+00:00,22.67,1008.54,72.56,0,normal
2026-07-08T20:51:00+00:00,22.74,1008.52,72.93,0,normal
2026-07-08T20:52:00+00:00,22.78,1008.54,72.89,0,normal
2026-07-08T20:53:00+00:00,22.66,1008.52,72.6,0,normal
2026-07-08T20:54:00+00:00,22.62,1008.44,72.53,0,normal
2026-07-08T20:55:00+00:00,22.67,1008.45,72.61,0,normal
2026-07-08T20:56:00+00:00,22.69,1008.4,73.21,0,normal
2026-07-08T20:57:00+00:00,22.7,1008.35,73.48,0,normal
2026-07-08T20:58:00+00:00,22.79,1008.29,73.27,0,normal
2026-07-08T20:59:00+00:00,22.68,1008.24,73.35,0,normal
2026-07-08T21:00:00+00:00,22.53,1008.2,73.41,0,normal
2026-07-08T21:01:00+00:00,22.55,1008.22,73.58,0,normal
2026-07-08T21:02:00+00:00,22.69,1008.26,73.72,0,normal
2026-07-08T21:03:00+00:00,22.59,1008.21,73.52,0,normal
2026-07-08T21:04:00+00:00,22.59,1008.2,73.8,0,normal
2026-07-08T21:05:00+00:00,22.6,1008.24,74.11,0,normal
2026-07-08T21:06:00+00:00,22.5,1008.19,74.19,0,normal
2026-07-08T21:07:00+00:00,22.43,1008.16,74.33,0,normal
2026-07-08T21:08:00+00:00,22.41,1008.14,74.23,0,normal
2026-07-08T21:09:00+00:00,22.44,1008.14,74.16,0,normal
2026-07-08T21:10:00+00:00,22.32,1008.18,74.61,0,normal
2026-07-08T21:11:00+00:00,22.33,1008.14,74.9,0,normal
2026-07-08T21:12:00+00:00,22.36,1008.11,75.16,0,normal
2026-07-08T21:13:00+00:00,22.28,1008.05,75.29,0,normal
2026-07-08T21:14:00+00:00,22.27,1008.07,75.59,0,normal
2026-07-08T21:15:00+00:00,22.14,1008.05,76.02,0,normal
2026-07-08T21:16:00+00:00,22.08,1007.99,75.6,0,normal
2026-07-08T21:17:00+00:00,22.08,1008.0,75.77,0,normal
2026-07-08T21:18:00+00:00,21.99,1007.98,75.87,0,normal
2026-07-08T21:19:00+00:00,21.99,1007.9,75.93,0,normal
2026-07-08T21:20:00+00:00,21.92,1007.79,76.12,0,normal
2026-07-08T21:21:00+00:00,21.93,1007.81,76.06,0,normal
2026-07-08T21:22:00+00:00,21.98,1007.85,76.47,0,normal
2026-07-08T21:23:00+00:00,22.03,1007.85,76.23,0,normal
2026-07-08T21:24:00+00:00,22.01,1007.76,76.12,0,normal
2026-07-08T21:25:00+00:00,22.15,1007.69,75.72,0,normal
2026-07-08T21:26:00+00:00,22.2,1007.64,75.96,0,normal
2026-07-08T21:27:00+00:00,22.08,1007.61,76.28,0,normal
2026-07-08T21:28:00+00:00,21.95,1007.59,76.41,0,normal
2026-07-08T21:29:00+00:00,21.88,1007.59,76.47,0,normal
2026-07-08T21:30:00+00:00,21.91,1007.67,77.08,0,normal
2026-07-08T21:31:00+00:00,21.93,1007.65,77.21,0,normal
2026-07-08T21:32:00+00:00,21.89,1007.56,77.24,0,normal
2026-07-08T21:33:00+00:00,21.96,1007.47,77.08,0,normal
2026-07-08T21:34:00+00:00,21.89,1007.48,77.61,0,normal
2026-07-08T21:35:00+00:00,21.81,1007.47,77.64,0,normal
2026-07-08T21:36:00+00:00,21.77,1007.46,77.59,0,normal
2026-07-08T21:37:00+00:00,21.97,1007.48,77.54,0,normal
2026-07-08T21:38:00+00:00,22.03,1007.48,77.6,0,normal
2026-07-08T21:39:00+00:00,21.99,1007.46,77.4,0,normal
2026-07-08T21:40:00+00:00,21.82,1007.46,77.43,0,normal
2026-07-08T21:41:00+00:00,21.87,1007.4,77.27,0,normal
2026-07-08T21:42:00+00:00,21.9,1007.37,77.52,0,normal
2026-07-08T21:43:00+00:00,21.87,1007.45,77.74,0,normal
2026-07-08T21:44:00+00:00,21.87,1007.47,77.75,0,normal
2026-07-08T21:45:00+00:00,21.71,1007.47,78.2,0,normal
2026-07-08T21:46:00+00:00,21.5,1007.48,77.95,0,normal
2026-07-08T21:47:00+00:00,21.48,1007.46,78.16,0,normal
2026-07-08T21:48:00+00:00,21.48,1007.5,78.45,0,normal
2026-07-08T21:49:00+00:00,21.45,1007.53,78.44,0,normal
2026-07-08T21:50:00+00:00,21.39,1007.45,78.75,0,normal
2026-07-08T21:51:00+00:00,21.35,1007.3,78.9,0,normal
2026-07-08T21:52:00+00:00,21.3,1007.27,78.89,0,normal
2026-07-08T21:53:00+00:00,21.26,1007.39,79.26,0,normal
2026-07-08T21:54:00+00:00,21.3,1007.38,79.52,0,normal
2026-07-08T21:55:00+00:00,21.31,1007.39,79.65,0,normal
2026-07-08T21:56:00+00:00,21.3,1007.41,79.58,0,normal
2026-07-08T21:57:00+00:00,21.28,1007.34,79.43,0,normal
2026-07-08T21:58:00+00:00,21.06,1007.33,100.0,1,humidity_spike
2026-07-08T21:59:00+00:00,20.96,1007.33,100.0,1,humidity_spike
2026-07-08T22:00:00+00:00,20.9,1007.29,100.0,1,humidity_spike
2026-07-08T22:01:00+00:00,20.9,1007.27,100.0,1,humidity_spike
2026-07-08T22:02:00+00:00,20.91,1007.32,100.0,1,humidity_spike
2026-07-08T22:03:00+00:00,20.86,1007.27,100.0,1,humidity_spike
2026-07-08T22:04:00+00:00,20.81,1007.29,78.81,0,normal
2026-07-08T22:05:00+00:00,20.73,1007.27,78.91,0,normal
2026-07-08T22:06:00+00:00,20.73,1007.26,78.8,0,normal
2026-07-08T22:07:00+00:00,20.65,1007.28,78.87,0,normal
2026-07-08T22:08:00+00:00,20.7,1007.31,79.14,0,normal
2026-07-08T22:09:00+00:00,20.59,1007.27,79.44,0,normal
2026-07-08T22:10:00+00:00,20.63,1007.25,79.2,0,normal
2026-07-08T22:11:00+00:00,20.58,1007.22,79.01,0,normal
2026-07-08T22:12:00+00:00,20.64,1007.18,78.72,0,normal
2026-07-08T22:13:00+00:00,20.59,1007.14,78.83,0,normal
2026-07-08T22:14:00+00:00,20.7,1007.14,78.68,0,normal
2026-07-08T22:15:00+00:00,20.57,1007.09,78.84,0,normal
2026-07-08T22:16:00+00:00,20.64,1007.15,79.34,0,normal
2026-07-08T22:17:00+00:00,20.59,1007.17,79.53,0,normal
2026-07-08T22:18:00+00:00,20.5,1007.04,79.67,0,normal
2026-07-08T22:19:00+00:00,20.37,1006.97,79.64,0,normal
2026-07-08T22:20:00+00:00,20.39,1007.01,79.75,0,normal
2026-07-08T22:21:00+00:00,20.34,1006.88,79.95,0,normal
2026-07-08T22:22:00+00:00,20.34,1006.83,80.28,0,normal
2026-07-08T22:23:00+00:00,20.25,1006.77,80.32,0,normal
2026-07-08T22:24:00+00:00,20.2,1006.78,80.51,0,normal
2026-07-08T22:25:00+00:00,20.29,1006.79,80.57,0,normal
2026-07-08T22:26:00+00:00,20.26,1006.79,80.62,0,normal
2026-07-08T22:27:00+00:00,20.26,1006.79,80.73,0,normal
2026-07-08T22:28:00+00:00,20.28,1006.73,81.09,0,normal
2026-07-08T22:29:00+00:00,20.18,1006.73,81.06,0,normal
2026-07-08T22:30:00+00:00,20.27,1006.75,81.13,0,normal
2026-07-08T22:31:00+00:00,20.38,1006.72,81.39,0,normal
2026-07-08T22:32:00+00:00,20.31,1006.72,81.27,0,normal
2026-07-08T22:33:00+00:00,20.3,1006.69,81.52,0,normal
2026-07-08T22:34:00+00:00,20.23,1006.82,81.31,0,normal
2026-07-08T22:35:00+00:00,20.24,1006.81,81.5,0,normal
2026-07-08T22:36:00+00:00,20.19,1006.79,81.46,0,normal
2026-07-08T22:37:00+00:00,20.32,1006.73,81.51,0,normal
2026-07-08T22:38:00+00:00,20.25,1006.66,81.31,0,normal
2026-07-08T22:39:00+00:00,20.29,1006.6,81.25,0,normal
2026-07-08T22:40:00+00:00,20.19,1006.6,81.35,0,normal
2026-07-08T22:41:00+00:00,20.18,1006.54,81.54,0,normal
2026-07-08T22:42:00+00:00,20.11,1006.52,81.61,0,normal
2026-07-08T22:43:00+00:00,19.96,1006.6,81.82,0,normal
2026-07-08T22:44:00+00:00,19.97,1006.59,82.31,0,normal
2026-07-08T22:45:00+00:00,20.05,1006.58,82.24,0,normal
2026-07-08T22:46:00+00:00,19.99,1006.47,82.24,0,normal
2026-07-08T22:47:00+00:00,20.03,1006.48,82.44,0,normal
2026-07-08T22:48:00+00:00,19.98,1006.48,82.67,0,normal
2026-07-08T22:49:00+00:00,19.79,1006.48,83.15,0,normal
2026-07-08T22:50:00+00:00,19.76,1006.33,83.03,0,normal
2026-07-08T22:51:00+00:00,19.61,1006.28,82.83,0,normal
2026-07-08T22:52:00+00:00,19.68,1006.3,82.97,0,normal
2026-07-08T22:53:00+00:00,19.78,1006.26,83.04,0,normal
2026-07-08T22:54:00+00:00,19.95,1006.27,83.22,0,normal
2026-07-08T22:55:00+00:00,19.87,1006.24,83.07,0,normal
2026-07-08T22:56:00+00:00,19.99,1006.14,83.32,0,normal
2026-07-08T22:57:00+00:00,20.01,1006.05,83.6,0,normal
2026-07-08T22:58:00+00:00,19.97,1005.98,83.72,0,normal
2026-07-08T22:59:00+00:00,19.88,1005.97,83.66,0,normal
2026-07-08T23:00:00+00:00,19.79,1005.9,83.87,0,normal
2026-07-08T23:01:00+00:00,19.8,1005.91,83.84,0,normal
2026-07-08T23:02:00+00:00,19.78,1005.87,83.74,0,normal
2026-07-08T23:03:00+00:00,19.9,1005.92,83.68,0,normal
2026-07-08T23:04:00+00:00,19.76,1005.83,83.61,0,normal
2026-07-08T23:05:00+00:00,19.75,1005.83,83.71,0,normal
2026-07-08T23:06:00+00:00,19.75,1005.78,84.08,0,normal
2026-07-08T23:07:00+00:00,19.72,1005.8,83.99,0,normal
2026-07-08T23:08:00+00:00,19.72,1005.9,83.85,0,normal
2026-07-08T23:09:00+00:00,19.61,1005.85,83.85,0,normal
2026-07-08T23:10:00+00:00,19.55,1005.79,83.92,0,normal
2026-07-08T23:11:00+00:00,19.66,1005.79,83.97,0,normal
2026-07-08T23:12:00+00:00,19.67,1005.82,84.31,0,normal
2026-07-08T23:13:00+00:00,19.67,1005.81,84.17,0,normal
2026-07-08T23:14:00+00:00,19.7,1005.77,84.06,0,normal
2026-07-08T23:15:00+00:00,19.69,1005.84,84.28,0,normal
2026-07-08T23:16:00+00:00,19.66,1005.78,84.66,0,normal
2026-07-08T23:17:00+00:00,19.63,1005.77,84.82,0,normal
2026-07-08T23:18:00+00:00,19.57,1005.72,84.73,0,normal
2026-07-08T23:19:00+00:00,19.5,1005.66,84.54,0,normal
2026-07-08T23:20:00+00:00,19.56,1005.7,84.44,0,normal
2026-07-08T23:21:00+00:00,19.6,1005.71,84.45,0,normal
2026-07-08T23:22:00+00:00,19.48,1005.73,84.9,0,normal
2026-07-08T23:23:00+00:00,19.46,1005.77,84.92,0,normal
2026-07-08T23:24:00+00:00,19.51,1005.76,84.49,0,normal
2026-07-08T23:25:00+00:00,19.43,1005.76,84.79,0,normal
2026-07-08T23:26:00+00:00,19.39,1005.75,84.75,0,normal
2026-07-08T23:27:00+00:00,19.5,1005.82,84.69,0,normal
2026-07-08T23:28:00+00:00,19.35,1005.72,84.89,0,normal
2026-07-08T23:29:00+00:00,19.34,1005.67,85.02,0,normal
2026-07-08T23:30:00+00:00,19.22,1005.7,85.01,0,normal
2026-07-08T23:31:00+00:00,19.12,1005.68,85.01,0,normal
2026-07-08T23:32:00+00:00,19.13,1005.73,85.31,0,normal
2026-07-08T23:33:00+00:00,19.13,1005.71,85.26,0,normal
2026-07-08T23:34:00+00:00,18.98,1005.7,85.16,0,normal
2026-07-08T23:35:00+00:00,19.07,1005.68,85.39,0,normal
2026-07-08T23:36:00+00:00,19.02,1005.64,85.58,0,normal
2026-07-08T23:37:00+00:00,19.03,1005.65,85.62,0,normal
2026-07-08T23:38:00+00:00,19.08,1005.68,85.25,0,normal
2026-07-08T23:39:00+00:00,19.04,1005.72,85.13,0,normal
2026-07-08T23:40:00+00:00,18.89,1005.7,85.32,0,normal
2026-07-08T23:41:00+00:00,18.85,1005.75,85.78,0,normal
2026-07-08T23:42:00+00:00,18.69,1005.72,85.39,0,normal
2026-07-08T23:43:00+00:00,18.74,1005.68,85.38,0,normal
2026-07-08T23:44:00+00:00,18.83,1005.6,85.15,0,normal
2026-07-08T23:45:00+00:00,18.64,1005.66,85.46,0,normal
2026-07-08T23:46:00+00:00,18.62,1005.58,85.72,0,normal
2026-07-08T23:47:00+00:00,18.84,1005.56,85.56,0,normal
2026-07-08T23:48:00+00:00,18.93,1005.5,85.58,0,normal
2026-07-08T23:49:00+00:00,18.7,1005.48,85.42,0,normal
2026-07-08T23:50:00+00:00,18.8,1005.43,85.68,0,normal
2026-07-08T23:51:00+00:00,18.78,1005.44,85.87,0,normal
2026-07-08T23:52:00+00:00,18.76,1005.4,85.8,0,normal
2026-07-08T23:53:00+00:00,18.79,1005.31,86.22,0,normal
2026-07-08T23:54:00+00:00,18.79,1005.3,86.35,0,normal
2026-07-08T23:55:00+00:00,18.73,1005.29,86.19,0,normal
2026-07-08T23:56:00+00:00,18.75,1005.29,86.31,0,normal
2026-07-08T23:57:00+00:00,18.85,1005.26,86.36,0,normal
2026-07-08T23:58:00+00:00,18.7,1005.29,86.43,0,normal
2026-07-08T23:59:00+00:00,18.69,1005.29,86.39,0,normal
2026-07-09T00:00:00+00:00,18.88,1005.3,86.52,0,normal
2026-07-09T00:01:00+00:00,18.77,1005.34,86.57,0,normal
2026-07-09T00:02:00+00:00,18.78,1005.39,86.63,0,normal
2026-07-09T00:03:00+00:00,18.71,1005.27,86.62,0,normal
2026-07-09T00:04:00+00:00,18.64,1005.22,86.99,0,normal
2026-07-09T00:05:00+00:00,18.71,1005.13,87.08,0,normal
2026-07-09T00:06:00+00:00,18.62,1005.16,86.97,0,normal
2026-07-09T00:07:00+00:00,18.57,1005.22,87.2,0,normal
2026-07-09T00:08:00+00:00,18.68,1005.22,86.97,0,normal
2026-07-09T00:09:00+00:00,18.73,1005.27,87.16,0,normal
2026-07-09T00:10:00+00:00,18.65,1005.22,87.33,0,normal
2026-07-09T00:11:00+00:00,18.56,1005.21,87.96,0,normal
2026-07-09T00:12:00+00:00,18.72,1005.26,87.86,0,normal
2026-07-09T00:13:00+00:00,18.64,1005.3,88.19,0,normal
2026-07-09T00:14:00+00:00,18.58,1005.27,88.22,0,normal
2026-07-09T00:15:00+00:00,18.45,1005.21,88.01,0,normal
2026-07-09T00:16:00+00:00,18.49,1005.23,88.27,0,normal
2026-07-09T00:17:00+00:00,18.33,1005.16,88.38,0,normal
2026-07-09T00:18:00+00:00,18.26,1005.13,88.6,0,normal
2026-07-09T00:19:00+00:00,18.21,1005.11,88.55,0,normal
2026-07-09T00:20:00+00:00,18.2,1005.16,88.32,0,normal
2026-07-09T00:21:00+00:00,18.18,1005.22,88.77,0,normal
2026-07-09T00:22:00+00:00,18.07,1005.24,88.74,0,normal
2026-07-09T00:23:00+00:00,18.07,1005.21,88.9,0,normal
2026-07-09T00:24:00+00:00,18.13,1005.34,88.64,0,normal
2026-07-09T00:25:00+00:00,17.99,1005.44,88.64,0,normal
2026-07-09T00:26:00+00:00,17.96,1005.44,88.38,0,normal
2026-07-09T00:27:00+00:00,18.0,1005.43,88.63,0,normal
2026-07-09T00:28:00+00:00,18.07,1005.47,88.69,0,normal
2026-07-09T00:29:00+00:00,18.2,1005.5,88.6,0,normal
2026-07-09T00:30:00+00:00,18.13,1005.45,88.75,0,normal
2026-07-09T00:31:00+00:00,18.02,1005.45,88.6,0,normal
2026-07-09T00:32:00+00:00,17.92,1005.39,88.63,0,normal
2026-07-09T00:33:00+00:00,17.99,1005.35,88.24,0,normal
2026-07-09T00:34:00+00:00,18.24,1005.41,88.48,0,normal
2026-07-09T00:35:00+00:00,18.36,1005.41,88.5,0,normal
2026-07-09T00:36:00+00:00,18.45,1005.47,88.66,0,normal
2026-07-09T00:37:00+00:00,18.5,1005.4,88.64,0,normal
2026-07-09T00:38:00+00:00,18.61,1005.43,88.39,0,normal
2026-07-09T00:39:00+00:00,18.54,1005.51,88.53,0,normal
2026-07-09T00:40:00+00:00,18.53,1005.51,88.56,0,normal
2026-07-09T00:41:00+00:00,18.46,1005.46,88.81,0,normal
2026-07-09T00:42:00+00:00,18.45,1005.48,88.96,0,normal
2026-07-09T00:43:00+00:00,18.54,1005.5,89.15,0,normal
2026-07-09T00:44:00+00:00,18.52,1005.44,89.13,0,normal
2026-07-09T00:45:00+00:00,18.54,1005.47,89.44,0,normal
2026-07-09T00:46:00+00:00,18.47,1005.47,89.42,0,normal
2026-07-09T00:47:00+00:00,18.58,1005.49,89.52,0,normal
2026-07-09T00:48:00+00:00,18.54,1005.47,89.23,0,normal
2026-07-09T00:49:00+00:00,18.41,1005.47,89.27,0,normal
2026-07-09T00:50:00+00:00,18.4,1005.51,89.31,0,normal
2026-07-09T00:51:00+00:00,18.34,1005.49,89.38,0,normal
2026-07-09T00:52:00+00:00,18.29,1005.54,89.4,0,normal
2026-07-09T00:53:00+00:00,18.29,1005.48,89.64,0,normal
2026-07-09T00:54:00+00:00,18.38,1005.41,89.73,0,normal
2026-07-09T00:55:00+00:00,18.35,1005.42,89.82,0,normal
2026-07-09T00:56:00+00:00,18.15,1005.46,90.05,0,normal
2026-07-09T00:57:00+00:00,18.23,1005.4,90.04,0,normal
2026-07-09T00:58:00+00:00,18.17,1005.31,89.91,0,normal
2026-07-09T00:59:00+00:00,18.06,1005.32,89.58,0,normal
2026-07-09T01:00:00+00:00,17.97,1005.3,89.76,0,normal
2026-07-09T01:01:00+00:00,18.19,1005.32,89.56,0,normal
2026-07-09T01:02:00+00:00,18.11,1005.36,89.32,0,normal
2026-07-09T01:03:00+00:00,18.19,1005.37,89.33,0,normal
2026-07-09T01:04:00+00:00,18.03,1005.42,89.21,0,normal
2026-07-09T01:05:00+00:00,18.03,1005.41,88.94,0,normal
2026-07-09T01:06:00+00:00,18.0,1005.35,88.87,0,normal
2026-07-09T01:07:00+00:00,18.03,1005.38,88.93,0,normal
2026-07-09T01:08:00+00:00,17.94,1005.35,88.86,0,normal
2026-07-09T01:09:00+00:00,17.76,1005.36,88.59,0,normal
2026-07-09T01:10:00+00:00,17.77,1005.29,88.43,0,normal
2026-07-09T01:11:00+00:00,17.82,1005.3,88.14,0,normal
2026-07-09T01:12:00+00:00,17.77,1005.32,88.12,0,normal
2026-07-09T01:13:00+00:00,17.75,1005.33,88.23,0,normal
2026-07-09T01:14:00+00:00,17.67,1005.34,88.28,0,normal
2026-07-09T01:15:00+00:00,17.81,1005.34,88.4,0,normal
2026-07-09T01:16:00+00:00,17.82,1005.33,88.36,0,normal
2026-07-09T01:17:00+00:00,17.86,1005.36,88.87,0,normal
2026-07-09T01:18:00+00:00,17.91,1005.4,89.08,0,normal
2026-07-09T01:19:00+00:00,17.85,1005.34,88.95,0,normal
2026-07-09T01:20:00+00:00,17.89,1005.42,89.16,0,normal
2026-07-09T01:21:00+00:00,17.87,1005.51,89.13,0,normal
2026-07-09T01:22:00+00:00,17.77,1005.52,89.45,0,normal
2026-07-09T01:23:00+00:00,17.7,1005.43,89.51,0,normal
2026-07-09T01:24:00+00:00,17.76,1005.29,89.75,0,normal
2026-07-09T01:25:00+00:00,17.65,1005.33,89.38,0,normal
2026-07-09T01:26:00+00:00,17.53,1005.37,89.68,0,normal
2026-07-09T01:27:00+00:00,17.54,1005.5,89.51,0,normal
2026-07-09T01:28:00+00:00,17.47,1005.49,89.49,0,normal
2026-07-09T01:29:00+00:00,17.5,1005.45,89.65,0,normal
2026-07-09T01:30:00+00:00,17.55,1005.54,89.59,0,normal
2026-07-09T01:31:00+00:00,17.59,1005.57,89.64,0,normal
2026-07-09T01:32:00+00:00,17.57,1005.46,89.69,0,normal
2026-07-09T01:33:00+00:00,17.63,1005.46,89.58,0,normal
2026-07-09T01:34:00+00:00,17.5,1005.49,89.63,0,normal
2026-07-09T01:35:00+00:00,17.62,1005.42,89.58,0,normal
2026-07-09T01:36:00+00:00,17.51,1005.48,89.87,0,normal
2026-07-09T01:37:00+00:00,17.67,1005.52,90.07,0,normal
2026-07-09T01:38:00+00:00,17.71,1005.55,90.1,0,normal
2026-07-09T01:39:00+00:00,17.76,1005.66,90.16,0,normal
2026-07-09T01:40:00+00:00,17.75,1005.67,90.15,0,normal
2026-07-09T01:41:00+00:00,17.77,1005.66,90.4,0,normal
2026-07-09T01:42:00+00:00,17.85,1005.76,90.4,0,normal
2026-07-09T01:43:00+00:00,17.86,1005.77,90.45,0,normal
2026-07-09T01:44:00+00:00,17.94,1005.68,90.55,0,normal
2026-07-09T01:45:00+00:00,18.09,1005.75,90.8,0,normal
2026-07-09T01:46:00+00:00,18.13,1005.72,90.64,0,normal
2026-07-09T01:47:00+00:00,18.05,1005.66,90.82,0,normal
2026-07-09T01:48:00+00:00,18.15,1005.68,90.97,0,normal
2026-07-09T01:49:00+00:00,18.15,1005.71,90.53,0,normal
2026-07-09T01:50:00+00:00,18.15,1005.69,90.52,0,normal
2026-07-09T01:51:00+00:00,18.14,1005.66,90.31,0,normal
2026-07-09T01:52:00+00:00,18.06,1005.59,90.09,0,normal
2026-07-09T01:53:00+00:00,17.96,1005.52,90.22,0,normal
2026-07-09T01:54:00+00:00,17.87,1005.44,90.16,0,normal
2026-07-09T01:55:00+00:00,17.77,1005.53,90.21,0,normal
2026-07-09T01:56:00+00:00,17.65,1005.57,90.24,0,normal
2026-07-09T01:57:00+00:00,12.49,1005.66,90.07,1,temperature_drop
2026-07-09T01:58:00+00:00,12.48,1005.67,89.94,1,temperature_drop
2026-07-09T01:59:00+00:00,12.59,1005.58,90.04,1,temperature_drop
2026-07-09T02:00:00+00:00,17.45,1005.62,90.36,0,normal
2026-07-09T02:01:00+00:00,17.41,1005.59,90.59,0,normal
2026-07-09T02:02:00+00:00,17.45,1005.6,90.75,0,normal
2026-07-09T02:03:00+00:00,17.49,1005.68,90.74,0,normal
2026-07-09T02:04:00+00:00,17.53,1005.75,90.24,0,normal
2026-07-09T02:05:00+00:00,17.63,1005.73,90.36,0,normal
2026-07-09T02:06:00+00:00,17.76,1005.72,90.28,0,normal
2026-07-09T02:07:00+00:00,17.75,1005.65,90.73,0,normal
2026-07-09T02:08:00+00:00,17.75,1005.75,90.65,0,normal
2026-07-09T02:09:00+00:00,17.75,1005.8,90.43,0,normal
2026-07-09T02:10:00+00:00,17.73,1005.85,90.39,0,normal
2026-07-09T02:11:00+00:00,17.69,1005.91,90.68,0,normal
2026-07-09T02:12:00+00:00,17.82,1005.88,90.55,0,normal
2026-07-09T02:13:00+00:00,17.77,1005.92,90.31,0,normal
2026-07-09T02:14:00+00:00,17.68,1005.89,90.13,0,normal
2026-07-09T02:15:00+00:00,17.75,1005.93,90.05,0,normal
2026-07-09T02:16:00+00:00,17.73,1005.81,89.98,0,normal
2026-07-09T02:17:00+00:00,17.83,1005.79,89.79,0,normal
2026-07-09T02:18:00+00:00,17.94,1005.75,90.13,0,normal
2026-07-09T02:19:00+00:00,18.16,1005.76,90.39,0,normal
2026-07-09T02:20:00+00:00,18.0,1005.69,90.24,0,normal
2026-07-09T02:21:00+00:00,18.05,1005.7,90.21,0,normal
2026-07-09T02:22:00+00:00,17.93,1005.72,90.09,0,normal
2026-07-09T02:23:00+00:00,17.85,1005.68,90.14,0,normal
2026-07-09T02:24:00+00:00,17.78,1005.7,89.8,0,normal
2026-07-09T02:25:00+00:00,17.82,1005.73,89.78,0,normal
2026-07-09T02:26:00+00:00,17.83,1005.8,89.52,0,normal
2026-07-09T02:27:00+00:00,17.83,1005.75,89.58,0,normal
2026-07-09T02:28:00+00:00,17.81,1005.77,89.79,0,normal
2026-07-09T02:29:00+00:00,17.87,1005.84,89.73,0,normal
2026-07-09T02:30:00+00:00,17.92,1005.88,89.69,0,normal
2026-07-09T02:31:00+00:00,17.92,1005.89,90.0,0,normal
2026-07-09T02:32:00+00:00,17.98,1005.89,89.93,0,normal
2026-07-09T02:33:00+00:00,18.05,1005.97,90.01,0,normal
2026-07-09T02:34:00+00:00,18.09,1006.05,89.98,0,normal
2026-07-09T02:35:00+00:00,18.08,1006.08,89.91,0,normal
2026-07-09T02:36:00+00:00,18.2,1006.07,89.94,0,normal
2026-07-09T02:37:00+00:00,18.34,1005.98,89.99,0,normal
2026-07-09T02:38:00+00:00,18.26,1006.0,89.76,0,normal
2026-07-09T02:39:00+00:00,18.2,1006.01,89.82,0,normal
2026-07-09T02:40:00+00:00,18.26,1005.91,89.81,0,normal
2026-07-09T02:41:00+00:00,18.22,1005.93,89.83,0,normal
2026-07-09T02:42:00+00:00,18.14,1005.87,89.89,0,normal
2026-07-09T02:43:00+00:00,18.04,1005.91,89.71,0,normal
2026-07-09T02:44:00+00:00,18.09,1005.93,89.73,0,normal
2026-07-09T02:45:00+00:00,18.06,1005.93,89.7,0,normal
2026-07-09T02:46:00+00:00,18.14,1005.88,89.58,0,normal
2026-07-09T02:47:00+00:00,18.21,1005.94,89.87,0,normal
2026-07-09T02:48:00+00:00,18.19,1005.9,89.65,0,normal
2026-07-09T02:49:00+00:00,18.15,1005.96,89.62,0,normal
2026-07-09T02:50:00+00:00,18.11,1006.0,89.64,0,normal
2026-07-09T02:51:00+00:00,18.07,1005.98,89.84,0,normal
2026-07-09T02:52:00+00:00,18.14,1005.95,89.76,0,normal
2026-07-09T02:53:00+00:00,18.19,1005.92,89.83,0,normal
2026-07-09T02:54:00+00:00,18.15,1005.88,90.19,0,normal
2026-07-09T02:55:00+00:00,18.11,1005.94,89.94,0,normal
2026-07-09T02:56:00+00:00,18.23,1006.06,89.63,0,normal
2026-07-09T02:57:00+00:00,18.2,1006.15,89.54,0,normal
2026-07-09T02:58:00+00:00,18.22,1006.09,89.39,0,normal
2026-07-09T02:59:00+00:00,18.23,1006.08,89.33,0,normal
2026-07-09T03:00:00+00:00,18.1,1006.14,89.08,0,normal
2026-07-09T03:01:00+00:00,18.22,1006.12,89.27,0,normal
2026-07-09T03:02:00+00:00,18.26,1006.1,89.17,0,normal
2026-07-09T03:03:00+00:00,18.21,1006.1,88.93,0,normal
2026-07-09T03:04:00+00:00,18.25,1006.09,88.94,0,normal
2026-07-09T03:05:00+00:00,18.32,1006.15,88.84,0,normal
2026-07-09T03:06:00+00:00,18.39,1006.21,88.73,0,normal
2026-07-09T03:07:00+00:00,18.33,1006.28,88.92,0,normal
2026-07-09T03:08:00+00:00,18.2,1006.25,89.08,0,normal
2026-07-09T03:09:00+00:00,18.1,1006.31,89.49,0,normal
2026-07-09T03:10:00+00:00,18.13,1006.28,89.51,0,normal
2026-07-09T03:11:00+00:00,18.21,1006.31,89.6,0,normal
2026-07-09T03:12:00+00:00,18.14,1006.29,89.76,0,normal
2026-07-09T03:13:00+00:00,18.08,1006.19,89.68,0,normal
2026-07-09T03:14:00+00:00,18.11,1006.27,89.98,0,normal
2026-07-09T03:15:00+00:00,18.12,1006.32,89.97,0,normal
2026-07-09T03:16:00+00:00,18.15,1006.34,90.0,0,normal
2026-07-09T03:17:00+00:00,18.09,1006.46,89.48,0,normal
2026-07-09T03:18:00+00:00,18.14,1006.49,89.53,0,normal
2026-07-09T03:19:00+00:00,18.05,1006.42,89.63,0,normal
2026-07-09T03:20:00+00:00,18.16,1006.45,89.76,0,normal
2026-07-09T03:21:00+00:00,18.13,1006.49,89.96,0,normal
2026-07-09T03:22:00+00:00,18.11,1006.57,89.58,0,normal
2026-07-09T03:23:00+00:00,18.06,1006.61,89.93,0,normal
2026-07-09T03:24:00+00:00,18.07,1006.57,90.25,0,normal
2026-07-09T03:25:00+00:00,18.07,1006.62,90.11,0,normal
2026-07-09T03:26:00+00:00,18.1,1006.61,90.5,0,normal
2026-07-09T03:27:00+00:00,18.2,1006.71,90.25,0,normal
2026-07-09T03:28:00+00:00,18.06,1006.71,90.68,0,normal
2026-07-09T03:29:00+00:00,18.05,1006.77,90.37,0,normal
2026-07-09T03:30:00+00:00,17.99,1006.78,90.7,0,normal
2026-07-09T03:31:00+00:00,18.1,1006.69,90.73,0,normal
2026-07-09T03:32:00+00:00,18.02,1006.67,90.72,0,normal
2026-07-09T03:33:00+00:00,18.15,1006.75,90.68,0,normal
2026-07-09T03:34:00+00:00,18.19,1006.83,90.25,0,normal
2026-07-09T03:35:00+00:00,18.34,1006.81,90.21,0,normal
2026-07-09T03:36:00+00:00,18.31,1006.76,90.21,0,normal
2026-07-09T03:37:00+00:00,18.33,1006.77,90.09,0,normal
2026-07-09T03:38:00+00:00,18.46,1006.89,90.25,0,normal
2026-07-09T03:39:00+00:00,18.48,1006.82,90.27,0,normal
2026-07-09T03:40:00+00:00,18.53,1006.87,89.94,0,normal
2026-07-09T03:41:00+00:00,18.6,1006.96,89.65,0,normal
2026-07-09T03:42:00+00:00,18.65,1006.93,89.55,0,normal
2026-07-09T03:43:00+00:00,18.57,1006.92,89.41,0,normal
2026-07-09T03:44:00+00:00,18.6,1006.98,89.58,0,normal
2026-07-09T03:45:00+00:00,18.54,1007.01,89.28,0,normal
2026-07-09T03:46:00+00:00,18.53,1007.02,89.03,0,normal
2026-07-09T03:47:00+00:00,18.58,1007.02,89.0,0,normal
2026-07-09T03:48:00+00:00,18.68,1007.01,89.11,0,normal
2026-07-09T03:49:00+00:00,18.79,1007.09,89.01,0,normal
2026-07-09T03:50:00+00:00,18.7,1007.06,88.63,0,normal
2026-07-09T03:51:00+00:00,18.76,1007.1,88.6,0,normal
2026-07-09T03:52:00+00:00,18.64,1007.09,88.83,0,normal
2026-07-09T03:53:00+00:00,18.69,1007.14,89.43,0,normal
2026-07-09T03:54:00+00:00,18.72,1007.04,89.12,0,normal
2026-07-09T03:55:00+00:00,18.74,1007.05,89.0,0,normal
2026-07-09T03:56:00+00:00,18.73,1007.03,89.0,0,normal
2026-07-09T03:57:00+00:00,18.84,1007.13,89.26,0,normal
2026-07-09T03:58:00+00:00,18.76,1007.14,89.1,0,normal
2026-07-09T03:59:00+00:00,18.8,1007.14,88.96,0,normal
2026-07-09T04:00:00+00:00,18.92,1007.16,88.9,0,normal
2026-07-09T04:01:00+00:00,18.95,1007.2,88.95,0,normal
2026-07-09T04:02:00+00:00,19.06,1007.15,88.92,0,normal
2026-07-09T04:03:00+00:00,19.04,1007.15,88.98,0,normal
2026-07-09T04:04:00+00:00,19.14,1007.13,89.22,0,normal
2026-07-09T04:05:00+00:00,19.01,1007.17,88.93,0,normal
2026-07-09T04:06:00+00:00,18.95,1007.19,88.75,0,normal
2026-07-09T04:07:00+00:00,18.72,1007.23,88.81,0,normal
2026-07-09T04:08:00+00:00,18.72,1007.23,88.63,0,normal
2026-07-09T04:09:00+00:00,18.59,1007.15,88.7,0,normal
2026-07-09T04:10:00+00:00,18.7,1007.2,88.68,0,normal
2026-07-09T04:11:00+00:00,18.77,1007.25,88.42,0,normal
2026-07-09T04:12:00+00:00,18.8,1007.25,88.27,0,normal
2026-07-09T04:13:00+00:00,18.9,1007.34,87.71,0,normal
2026-07-09T04:14:00+00:00,18.89,1007.33,87.88,0,normal
2026-07-09T04:15:00+00:00,18.78,1007.19,87.97,0,normal
2026-07-09T04:16:00+00:00,18.87,1007.12,87.87,0,normal
2026-07-09T04:17:00+00:00,19.0,1007.09,87.81,0,normal
2026-07-09T04:18:00+00:00,19.05,1007.04,87.62,0,normal
2026-07-09T04:19:00+00:00,18.92,1007.06,87.39,0,normal
2026-07-09T04:20:00+00:00,18.95,1007.12,87.6,0,normal
2026-07-09T04:21:00+00:00,19.14,1007.15,87.46,0,normal
2026-07-09T04:22:00+00:00,19.12,1007.13,87.48,0,normal
2026-07-09T04:23:00+00:00,19.08,1007.18,87.21,0,normal
2026-07-09T04:24:00+00:00,19.05,1007.22,87.12,0,normal
2026-07-09T04:25:00+00:00,18.91,1007.24,86.89,0,normal
2026-07-09T04:26:00+00:00,19.02,1007.31,86.38,0,normal
2026-07-09T04:27:00+00:00,19.1,1007.35,86.05,0,normal
2026-07-09T04:28:00+00:00,19.18,1007.3,86.26,0,normal
2026-07-09T04:29:00+00:00,19.13,1007.25,86.65,0,normal
2026-07-09T04:30:00+00:00,19.02,1007.23,86.47,0,normal
2026-07-09T04:31:00+00:00,19.0,1007.29,86.43,0,normal
2026-07-09T04:32:00+00:00,19.1,1007.33,86.04,0,normal
2026-07-09T04:33:00+00:00,19.16,1007.36,85.88,0,normal
2026-07-09T04:34:00+00:00,19.34,1007.41,86.04,0,normal
2026-07-09T04:35:00+00:00,19.42,1007.4,86.12,0,normal
2026-07-09T04:36:00+00:00,19.45,1007.39,85.83,0,normal
2026-07-09T04:37:00+00:00,19.45,1007.44,85.79,0,normal
2026-07-09T04:38:00+00:00,19.44,1007.46,85.69,0,normal
2026-07-09T04:39:00+00:00,19.57,1007.49,85.56,0,normal
2026-07-09T04:40:00+00:00,19.42,1007.5,85.41,0,normal
2026-07-09T04:41:00+00:00,19.38,1007.56,85.39,0,normal
2026-07-09T04:42:00+00:00,19.26,1007.6,85.04,0,normal
2026-07-09T04:43:00+00:00,19.33,1007.59,85.04,0,normal
2026-07-09T04:44:00+00:00,19.35,1007.6,85.06,0,normal
2026-07-09T04:45:00+00:00,19.37,1007.7,85.08,0,normal
2026-07-09T04:46:00+00:00,19.4,1007.67,85.12,0,normal
2026-07-09T04:47:00+00:00,19.34,1007.74,84.79,0,normal
2026-07-09T04:48:00+00:00,19.29,1007.67,84.85,0,normal
2026-07-09T04:49:00+00:00,19.28,1007.71,84.62,0,normal
2026-07-09T04:50:00+00:00,19.34,1007.75,84.64,0,normal
2026-07-09T04:51:00+00:00,19.37,1007.76,84.43,0,normal
2026-07-09T04:52:00+00:00,19.31,1007.8,84.34,0,normal
2026-07-09T04:53:00+00:00,19.37,1007.88,84.23,0,normal
2026-07-09T04:54:00+00:00,19.35,1007.87,84.22,0,normal
2026-07-09T04:55:00+00:00,19.42,1007.87,84.62,0,normal
2026-07-09T04:56:00+00:00,19.48,1007.91,84.57,0,normal
2026-07-09T04:57:00+00:00,19.58,1007.9,84.39,0,normal
2026-07-09T04:58:00+00:00,19.68,1007.9,84.4,0,normal
2026-07-09T04:59:00+00:00,19.77,1007.91,84.33,0,normal
2026-07-09T05:00:00+00:00,19.74,1007.97,84.22,0,normal
2026-07-09T05:01:00+00:00,19.75,1007.98,84.23,0,normal
2026-07-09T05:02:00+00:00,19.84,1007.98,84.46,0,normal
2026-07-09T05:03:00+00:00,19.84,1008.0,84.37,0,normal
2026-07-09T05:04:00+00:00,20.02,1007.98,84.25,0,normal
2026-07-09T05:05:00+00:00,20.03,1007.97,84.26,0,normal
2026-07-09T05:06:00+00:00,20.14,1007.98,84.23,0,normal
2026-07-09T05:07:00+00:00,20.12,1007.95,84.19,0,normal
2026-07-09T05:08:00+00:00,20.12,1008.02,83.93,0,normal
2026-07-09T05:09:00+00:00,20.24,1008.01,83.91,0,normal
2026-07-09T05:10:00+00:00,20.16,1008.04,83.65,0,normal
2026-07-09T05:11:00+00:00,20.19,1008.05,83.54,0,normal
2026-07-09T05:12:00+00:00,20.03,1008.16,83.28,0,normal
2026-07-09T05:13:00+00:00,20.07,1008.12,83.45,0,normal
2026-07-09T05:14:00+00:00,20.05,1008.08,83.52,0,normal
2026-07-09T05:15:00+00:00,19.97,1008.06,83.6,0,normal
2026-07-09T05:16:00+00:00,20.11,1008.01,83.41,0,normal
2026-07-09T05:17:00+00:00,20.15,1007.91,83.62,0,normal
2026-07-09T05:18:00+00:00,20.09,1007.9,83.59,0,normal
2026-07-09T05:19:00+00:00,20.11,1007.86,83.86,0,normal
2026-07-09T05:20:00+00:00,19.92,1007.82,83.64,0,normal
2026-07-09T05:21:00+00:00,19.88,1007.89,83.22,0,normal
2026-07-09T05:22:00+00:00,20.04,1007.89,82.87,0,normal
2026-07-09T05:23:00+00:00,19.9,1007.89,82.68,0,normal
2026-07-09T05:24:00+00:00,19.95,1007.88,82.81,0,normal
2026-07-09T05:25:00+00:00,19.97,1007.87,82.95,0,normal
2026-07-09T05:26:00+00:00,20.02,1007.92,83.1,0,normal
2026-07-09T05:27:00+00:00,20.03,1007.93,83.18,0,normal
2026-07-09T05:28:00+00:00,23.66,1007.94,83.05,1,temperature_spike
2026-07-09T05:29:00+00:00,24.01,1008.0,82.81,1,temperature_spike
2026-07-09T05:30:00+00:00,24.14,1008.07,82.31,1,temperature_spike
2026-07-09T05:31:00+00:00,20.01,1008.04,82.45,0,normal
2026-07-09T05:32:00+00:00,20.06,1008.13,82.57,0,normal
2026-07-09T05:33:00+00:00,20.27,1008.05,82.52,0,normal
2026-07-09T05:34:00+00:00,20.16,1008.03,82.89,0,normal
2026-07-09T05:35:00+00:00,20.24,1008.09,82.88,0,normal
2026-07-09T05:36:00+00:00,20.31,1008.07,82.63,0,normal
2026-07-09T05:37:00+00:00,20.29,1007.93,82.51,0,normal
2026-07-09T05:38:00+00:00,20.35,1007.91,82.38,0,normal
2026-07-09T05:39:00+00:00,20.42,1007.97,82.04,0,normal
2026-07-09T05:40:00+00:00,20.39,1008.02,82.08,0,normal
2026-07-09T05:41:00+00:00,20.53,1008.09,82.47,0,normal
2026-07-09T05:42:00+00:00,20.53,1008.18,82.17,0,normal
2026-07-09T05:43:00+00:00,20.75,1008.2,82.17,0,normal
2026-07-09T05:44:00+00:00,20.85,1008.13,81.85,0,normal
2026-07-09T05:45:00+00:00,20.88,1008.15,82.16,0,normal
2026-07-09T05:46:00+00:00,20.82,1008.23,81.99,0,normal
2026-07-09T05:47:00+00:00,20.81,1008.22,81.82,0,normal
2026-07-09T05:48:00+00:00,20.87,1008.2,81.43,0,normal
2026-07-09T05:49:00+00:00,20.87,1008.22,81.05,0,normal
2026-07-09T05:50:00+00:00,20.94,1008.28,81.27,0,normal
2026-07-09T05:51:00+00:00,20.99,1008.18,81.3,0,normal
2026-07-09T05:52:00+00:00,21.08,1008.15,81.19,0,normal
2026-07-09T05:53:00+00:00,21.14,1008.24,81.04,0,normal
2026-07-09T05:54:00+00:00,21.22,1008.25,80.98,0,normal
2026-07-09T05:55:00+00:00,21.34,1008.21,80.93,0,normal
2026-07-09T05:56:00+00:00,21.35,1008.13,81.08,0,normal
2026-07-09T05:57:00+00:00,21.42,1008.14,80.91,0,normal
2026-07-09T05:58:00+00:00,21.43,1008.17,80.82,0,normal
2026-07-09T05:59:00+00:00,21.38,1008.15,80.71,0,normal
2026-07-09T06:00:00+00:00,21.32,1008.17,80.44,0,normal
2026-07-09T06:01:00+00:00,21.25,1008.33,80.73,0,normal
2026-07-09T06:02:00+00:00,21.29,1008.37,80.82,0,normal
2026-07-09T06:03:00+00:00,21.3,1008.37,80.64,0,normal
2026-07-09T06:04:00+00:00,21.42,1008.43,80.83,0,normal
2026-07-09T06:05:00+00:00,21.46,1008.52,80.68,0,normal
2026-07-09T06:06:00+00:00,21.64,1008.48,80.29,0,normal
2026-07-09T06:07:00+00:00,21.81,1008.5,80.28,0,normal
2026-07-09T06:08:00+00:00,21.78,1008.44,80.01,0,normal
2026-07-09T06:09:00+00:00,21.79,1008.42,79.51,0,normal
2026-07-09T06:10:00+00:00,21.93,1008.39,79.66,0,normal
2026-07-09T06:11:00+00:00,21.87,1008.39,79.76,0,normal
2026-07-09T06:12:00+00:00,21.94,1008.36,79.74,0,normal
2026-07-09T06:13:00+00:00,22.0,1008.35,79.4,0,normal
2026-07-09T06:14:00+00:00,21.95,1008.32,79.3,0,normal
2026-07-09T06:15:00+00:00,22.08,1008.36,79.04,0,normal
2026-07-09T06:16:00+00:00,22.23,1008.34,79.08,0,normal
2026-07-09T06:17:00+00:00,22.14,1008.31,79.18,0,normal
2026-07-09T06:18:00+00:00,22.07,1008.31,79.16,0,normal
2026-07-09T06:19:00+00:00,21.99,1008.21,79.23,0,normal
2026-07-09T06:20:00+00:00,22.23,1008.23,79.24,0,normal
2026-07-09T06:21:00+00:00,22.16,1008.3,79.03,0,normal
2026-07-09T06:22:00+00:00,22.26,1008.33,79.04,0,normal
2026-07-09T06:23:00+00:00,22.3,1008.35,78.96,0,normal
2026-07-09T06:24:00+00:00,22.38,1008.3,78.79,0,normal
2026-07-09T06:25:00+00:00,22.5,1008.3,78.6,0,normal
2026-07-09T06:26:00+00:00,22.57,1008.34,78.22,0,normal
2026-07-09T06:27:00+00:00,22.62,1008.33,78.25,0,normal
2026-07-09T06:28:00+00:00,22.61,1008.35,77.77,0,normal
2026-07-09T06:29:00+00:00,22.53,1008.37,78.21,0,normal
2026-07-09T06:30:00+00:00,22.56,1008.33,78.11,0,normal
2026-07-09T06:31:00+00:00,22.49,1008.38,78.0,0,normal
2026-07-09T06:32:00+00:00,22.57,1008.36,78.11,0,normal
2026-07-09T06:33:00+00:00,22.44,1008.35,78.09,0,normal
2026-07-09T06:34:00+00:00,22.43,1008.35,78.03,0,normal
2026-07-09T06:35:00+00:00,22.52,1008.37,77.97,0,normal
2026-07-09T06:36:00+00:00,22.6,1008.29,77.68,0,normal
2026-07-09T06:37:00+00:00,22.5,1008.31,77.64,0,normal
2026-07-09T06:38:00+00:00,22.62,1008.32,77.38,0,normal
2026-07-09T06:39:00+00:00,22.64,1008.21,77.18,0,normal
2026-07-09T06:40:00+00:00,22.46,1008.22,77.01,0,normal
2026-07-09T06:41:00+00:00,22.46,1008.17,76.76,0,normal
2026-07-09T06:42:00+00:00,22.54,1008.09,76.76,0,normal
2026-07-09T06:43:00+00:00,22.49,1008.0,76.89,0,normal
2026-07-09T06:44:00+00:00,22.62,1007.98,76.66,0,normal
2026-07-09T06:45:00+00:00,22.61,1007.94,76.42,0,normal
2026-07-09T06:46:00+00:00,22.67,1008.05,76.24,0,normal
2026-07-09T06:47:00+00:00,22.77,1008.07,75.8,0,normal
2026-07-09T06:48:00+00:00,22.78,1008.06,76.01,0,normal
2026-07-09T06:49:00+00:00,22.92,1008.08,76.15,0,normal
2026-07-09T06:50:00+00:00,22.91,1008.13,76.06,0,normal
2026-07-09T06:51:00+00:00,23.01,1008.18,76.08,0,normal
2026-07-09T06:52:00+00:00,22.96,1008.15,76.11,0,normal
2026-07-09T06:53:00+00:00,23.04,1008.15,75.92,0,normal
2026-07-09T06:54:00+00:00,23.07,1008.13,75.75,0,normal
2026-07-09T06:55:00+00:00,23.24,1008.1,75.73,0,normal
2026-07-09T06:56:00+00:00,23.25,1008.03,75.36,0,normal
2026-07-09T06:57:00+00:00,23.25,1007.93,75.61,0,normal
2026-07-09T06:58:00+00:00,23.23,1007.91,75.73,0,normal
2026-07-09T06:59:00+00:00,23.22,1007.95,75.48,0,normal
2026-07-09T07:00:00+00:00,23.24,1008.0,75.18,0,normal
2026-07-09T07:01:00+00:00,23.29,1007.87,75.31,0,normal
2026-07-09T07:02:00+00:00,23.26,1007.87,75.16,0,normal
2026-07-09T07:03:00+00:00,23.19,1007.82,75.13,0,normal
2026-07-09T07:04:00+00:00,23.26,1007.78,75.11,0,normal
2026-07-09T07:05:00+00:00,23.32,1007.77,74.71,0,normal
2026-07-09T07:06:00+00:00,23.33,1007.79,74.58,0,normal
2026-07-09T07:07:00+00:00,23.3,1007.82,74.71,0,normal
2026-07-09T07:08:00+00:00,23.26,1007.81,75.13,0,normal
2026-07-09T07:09:00+00:00,23.3,1007.75,74.88,0,normal
2026-07-09T07:10:00+00:00,23.26,1007.77,74.79,0,normal
2026-07-09T07:11:00+00:00,23.24,1007.87,74.65,0,normal
2026-07-09T07:12:00+00:00,23.23,1007.81,74.33,0,normal
2026-07-09T07:13:00+00:00,23.16,1007.8,74.01,0,normal
2026-07-09T07:14:00+00:00,23.26,1007.77,74.05,0,normal
2026-07-09T07:15:00+00:00,23.33,1007.8,74.1,0,normal
2026-07-09T07:16:00+00:00,23.52,1007.76,74.12,0,normal
2026-07-09T07:17:00+00:00,23.58,1007.82,74.0,0,normal
2026-07-09T07:18:00+00:00,23.69,1007.75,73.65,0,normal
2026-07-09T07:19:00+00:00,23.67,1007.75,73.53,0,normal
2026-07-09T07:20:00+00:00,23.63,1007.7,73.26,0,normal
2026-07-09T07:21:00+00:00,23.52,1007.69,73.12,0,normal
2026-07-09T07:22:00+00:00,23.58,1007.7,73.36,0,normal
2026-07-09T07:23:00+00:00,23.68,1007.74,73.29,0,normal
2026-07-09T07:24:00+00:00,23.75,1007.72,73.17,0,normal
2026-07-09T07:25:00+00:00,23.93,1007.72,72.76,0,normal
2026-07-09T07:26:00+00:00,24.0,1007.76,72.67,0,normal
2026-07-09T07:27:00+00:00,23.86,1007.82,72.59,0,normal
2026-07-09T07:28:00+00:00,23.86,1007.88,72.05,0,normal
2026-07-09T07:29:00+00:00,23.9,1007.84,72.25,0,normal
2026-07-09T07:30:00+00:00,23.94,1007.79,72.35,0,normal
2026-07-09T07:31:00+00:00,23.77,1007.8,71.97,0,normal
2026-07-09T07:32:00+00:00,23.77,1007.78,72.03,0,normal
2026-07-09T07:33:00+00:00,23.98,1007.69,72.0,0,normal
2026-07-09T07:34:00+00:00,24.19,1007.65,71.74,0,normal
2026-07-09T07:35:00+00:00,24.23,1007.69,71.75,0,normal
2026-07-09T07:36:00+00:00,24.22,1007.65,71.89,0,normal
2026-07-09T07:37:00+00:00,24.18,1007.55,71.46,0,normal
2026-07-09T07:38:00+00:00,24.16,1007.62,71.1,0,normal
2026-07-09T07:39:00+00:00,24.31,1007.68,71.03,0,normal
2026-07-09T07:40:00+00:00,24.12,1007.62,70.79,0,normal
2026-07-09T07:41:00+00:00,24.29,1007.58,70.53,0,normal
2026-07-09T07:42:00+00:00,24.34,1007.51,70.43,0,normal
2026-07-09T07:43:00+00:00,24.3,1007.64,70.15,0,normal
2026-07-09T07:44:00+00:00,24.48,1007.58,70.11,0,normal
2026-07-09T07:45:00+00:00,24.54,1007.58,70.04,0,normal
2026-07-09T07:46:00+00:00,24.63,1007.59,69.91,0,normal
2026-07-09T07:47:00+00:00,24.6,1007.58,69.78,0,normal
2026-07-09T07:48:00+00:00,24.6,1007.57,69.41,0,normal
2026-07-09T07:49:00+00:00,24.54,1007.61,68.88,0,normal
2026-07-09T07:50:00+00:00,24.66,1007.57,69.16,0,normal
2026-07-09T07:51:00+00:00,24.78,1007.54,69.04,0,normal
2026-07-09T07:52:00+00:00,24.93,1007.6,69.16,0,normal
2026-07-09T07:53:00+00:00,25.03,1007.53,69.12,0,normal
2026-07-09T07:54:00+00:00,24.98,1007.47,69.06,0,normal
2026-07-09T07:55:00+00:00,24.96,1007.45,68.87,0,normal
2026-07-09T07:56:00+00:00,24.88,1007.53,68.81,0,normal
2026-07-09T07:57:00+00:00,24.78,1007.53,69.03,0,normal
2026-07-09T07:58:00+00:00,24.89,1007.49,68.82,0,normal
2026-07-09T07:59:00+00:00,24.84,1007.44,68.59,0,normal
2026-07-09T08:00:00+00:00,24.75,1007.41,68.57,0,normal
2026-07-09T08:01:00+00:00,24.75,1007.42,68.79,0,normal
2026-07-09T08:02:00+00:00,24.93,1007.4,68.85,0,normal
2026-07-09T08:03:00+00:00,24.95,1007.37,68.51,0,normal
2026-07-09T08:04:00+00:00,24.99,1007.42,68.14,0,normal
2026-07-09T08:05:00+00:00,24.99,1007.39,68.09,0,normal
2026-07-09T08:06:00+00:00,25.05,1007.4,68.37,0,normal
2026-07-09T08:07:00+00:00,25.01,1007.35,68.3,0,normal
2026-07-09T08:08:00+00:00,25.16,1007.26,68.25,0,normal
2026-07-09T08:09:00+00:00,25.17,1007.3,68.25,0,normal
2026-07-09T08:10:00+00:00,25.2,1007.32,67.99,0,normal
2026-07-09T08:11:00+00:00,25.3,1007.37,67.89,0,normal
2026-07-09T08:12:00+00:00,25.29,1007.35,67.92,0,normal
2026-07-09T08:13:00+00:00,25.32,1007.28,67.98,0,normal
2026-07-09T08:14:00+00:00,25.27,1007.29,67.47,0,normal
2026-07-09T08:15:00+00:00,25.31,1007.27,66.96,0,normal
2026-07-09T08:16:00+00:00,25.37,1007.21,66.89,0,normal
2026-07-09T08:17:00+00:00,25.36,1007.12,66.58,0,normal
2026-07-09T08:18:00+00:00,25.32,1007.17,66.66,0,normal
2026-07-09T08:19:00+00:00,25.53,1007.13,66.45,0,normal
2026-07-09T08:20:00+00:00,25.57,1007.1,66.24,0,normal
2026-07-09T08:21:00+00:00,25.6,1007.13,65.74,0,normal
2026-07-09T08:22:00+00:00,25.59,1007.05,65.64,0,normal
2026-07-09T08:23:00+00:00,25.65,1007.1,65.49,0,normal
2026-07-09T08:24:00+00:00,25.69,1007.01,65.25,0,normal
2026-07-09T08:25:00+00:00,25.73,1006.93,65.44,0,normal
2026-07-09T08:26:00+00:00,25.8,1006.89,65.07,0,normal
2026-07-09T08:27:00+00:00,25.77,1006.84,64.77,0,normal
2026-07-09T08:28:00+00:00,25.69,1006.83,64.86,0,normal
2026-07-09T08:29:00+00:00,25.67,1006.85,64.74,0,normal
2026-07-09T08:30:00+00:00,25.76,1006.81,64.74,0,normal
2026-07-09T08:31:00+00:00,25.8,1006.88,64.79,1,sensor_drift
2026-07-09T08:32:00+00:00,25.86,1006.8,64.61,1,sensor_drift
2026-07-09T08:33:00+00:00,25.83,1006.75,64.55,1,sensor_drift
2026-07-09T08:34:00+00:00,25.88,1006.77,64.73,1,sensor_drift
2026-07-09T08:35:00+00:00,25.96,1006.71,64.69,1,sensor_drift
2026-07-09T08:36:00+00:00,26.04,1006.77,64.57,1,sensor_drift
2026-07-09T08:37:00+00:00,26.06,1006.82,64.52,1,sensor_drift
2026-07-09T08:38:00+00:00,25.96,1006.72,64.8,1,sensor_drift
2026-07-09T08:39:00+00:00,25.86,1006.71,64.87,1,sensor_drift
2026-07-09T08:40:00+00:00,25.77,1006.65,64.5,1,sensor_drift
2026-07-09T08:41:00+00:00,25.96,1006.75,64.25,1,sensor_drift
2026-07-09T08:42:00+00:00,26.05,1006.76,64.1,1,sensor_drift
2026-07-09T08:43:00+00:00,25.96,1006.87,63.64,1,sensor_drift
2026-07-09T08:44:00+00:00,26.03,1006.82,63.77,1,sensor_drift
2026-07-09T08:45:00+00:00,26.14,1006.76,63.52,1,sensor_drift
2026-07-09T08:46:00+00:00,26.06,1006.76,63.58,1,sensor_drift
2026-07-09T08:47:00+00:00,26.07,1006.74,63.87,1,sensor_drift
2026-07-09T08:48:00+00:00,26.19,1006.79,63.32,1,sensor_drift
2026-07-09T08:49:00+00:00,26.28,1006.79,62.98,1,sensor_drift
2026-07-09T08:50:00+00:00,26.24,1006.76,62.64,1,sensor_drift
2026-07-09T08:51:00+00:00,26.22,1006.73,62.69,0,normal
2026-07-09T08:52:00+00:00,26.21,1006.69,62.83,0,normal
2026-07-09T08:53:00+00:00,26.12,1006.69,62.82,0,normal
2026-07-09T08:54:00+00:00,26.21,1006.65,62.52,0,normal
2026-07-09T08:55:00+00:00,26.38,1006.59,62.22,0,normal
2026-07-09T08:56:00+00:00,26.43,1006.55,62.37,0,normal
2026-07-09T08:57:00+00:00,26.45,1006.6,62.38,0,normal
2026-07-09T08:58:00+00:00,26.47,1006.64,62.16,0,normal
2026-07-09T08:59:00+00:00,26.49,1006.65,62.13,0,normal
2026-07-09T09:00:00+00:00,26.48,1006.56,62.04,0,normal
2026-07-09T09:01:00+00:00,26.47,1006.55,61.87,0,normal
2026-07-09T09:02:00+00:00,26.47,1006.52,61.78,0,normal
2026-07-09T09:03:00+00:00,26.58,1006.53,62.11,0,normal
2026-07-09T09:04:00+00:00,26.64,1006.48,61.98,0,normal
2026-07-09T09:05:00+00:00,26.73,1006.52,62.15,0,normal
2026-07-09T09:06:00+00:00,26.69,1006.57,62.02,0,normal
2026-07-09T09:07:00+00:00,26.67,1006.54,62.15,0,normal
2026-07-09T09:08:00+00:00,26.76,1006.46,61.79,0,normal
2026-07-09T09:09:00+00:00,26.71,1006.41,61.69,0,normal
2026-07-09T09:10:00+00:00,26.67,1006.37,61.86,0,normal
2026-07-09T09:11:00+00:00,26.85,1006.44,61.37,0,normal
2026-07-09T09:12:00+00:00,27.04,1006.43,61.28,0,normal
2026-07-09T09:13:00+00:00,27.16,1006.44,60.8,0,normal
2026-07-09T09:14:00+00:00,27.15,1006.41,60.45,0,normal
2026-07-09T09:15:00+00:00,27.27,1006.46,60.37,0,normal
2026-07-09T09:16:00+00:00,27.33,1006.44,60.31,0,normal
2026-07-09T09:17:00+00:00,27.45,1006.33,60.33,0,normal
2026-07-09T09:18:00+00:00,27.48,1006.28,60.15,0,normal
2026-07-09T09:19:00+00:00,27.65,1006.2,60.03,0,normal
2026-07-09T09:20:00+00:00,27.81,1006.12,59.86,0,normal
2026-07-09T09:21:00+00:00,27.82,1006.14,59.77,0,normal
2026-07-09T09:22:00+00:00,27.77,1006.15,59.67,0,normal
2026-07-09T09:23:00+00:00,27.84,1006.18,59.3,0,normal
2026-07-09T09:24:00+00:00,27.94,1006.16,59.4,0,normal
2026-07-09T09:25:00+00:00,28.0,1006.24,59.33,0,normal
2026-07-09T09:26:00+00:00,27.98,1006.19,59.05,0,normal
2026-07-09T09:27:00+00:00,28.06,1006.12,59.14,0,normal
2026-07-09T09:28:00+00:00,28.06,1006.02,59.37,0,normal
2026-07-09T09:29:00+00:00,27.8,1006.01,59.32,0,normal
2026-07-09T09:30:00+00:00,27.65,1006.02,59.09,0,normal
2026-07-09T09:31:00+00:00,27.67,1006.07,59.03,0,normal
2026-07-09T09:32:00+00:00,27.68,1006.05,59.3,0,normal
2026-07-09T09:33:00+00:00,27.75,1005.99,59.09,0,normal
2026-07-09T09:34:00+00:00,27.7,1005.96,59.31,0,normal
2026-07-09T09:35:00+00:00,27.73,1005.88,59.28,0,normal
2026-07-09T09:36:00+00:00,27.74,1005.9,59.11,0,normal
2026-07-09T09:37:00+00:00,27.9,1005.84,58.76,0,normal
2026-07-09T09:38:00+00:00,28.01,1005.73,58.62,0,normal
2026-07-09T09:39:00+00:00,28.11,1005.62,58.53,0,normal
2026-07-09T09:40:00+00:00,28.02,1005.53,58.21,0,normal
2026-07-09T09:41:00+00:00,28.05,1005.5,58.34,0,normal
2026-07-09T09:42:00+00:00,28.09,1005.48,57.98,0,normal
2026-07-09T09:43:00+00:00,28.14,1005.59,57.75,0,normal
2026-07-09T09:44:00+00:00,28.13,1005.54,57.9,0,normal
2026-07-09T09:45:00+00:00,28.24,1005.51,57.68,0,normal
2026-07-09T09:46:00+00:00,28.2,1005.5,57.8,0,normal
2026-07-09T09:47:00+00:00,28.24,1005.57,57.55,0,normal
2026-07-09T09:48:00+00:00,28.09,1005.7,57.5,0,normal
2026-07-09T09:49:00+00:00,28.2,1005.65,57.13,0,normal
2026-07-09T09:50:00+00:00,28.26,1005.54,57.0,0,normal
2026-07-09T09:51:00+00:00,28.38,1005.56,56.97,0,normal
2026-07-09T09:52:00+00:00,28.55,1005.57,56.51,0,normal
2026-07-09T09:53:00+00:00,28.57,1005.66,56.38,0,normal
2026-07-09T09:54:00+00:00,28.75,1005.7,56.23,0,normal
2026-07-09T09:55:00+00:00,28.69,1005.7,56.43,0,normal
2026-07-09T09:56:00+00:00,28.59,1005.69,55.94,0,normal
2026-07-09T09:57:00+00:00,28.59,1005.59,56.0,0,normal
2026-07-09T09:58:00+00:00,28.57,1005.64,55.83,0,normal
2026-07-09T09:59:00+00:00,28.56,1005.54,55.85,0,normal
2026-07-09T10:00:00+00:00,28.64,1005.58,55.91,0,normal
2026-07-09T10:01:00+00:00,28.71,1005.6,55.98,0,normal
2026-07-09T10:02:00+00:00,28.81,1005.51,55.81,0,normal
2026-07-09T10:03:00+00:00,28.72,1005.51,56.06,0,normal
2026-07-09T10:04:00+00:00,28.83,1005.47,56.06,0,normal
2026-07-09T10:05:00+00:00,28.89,1005.47,55.7,0,normal
2026-07-09T10:06:00+00:00,29.02,1005.4,55.54,0,normal
2026-07-09T10:07:00+00:00,29.13,1005.37,55.48,0,normal
2026-07-09T10:08:00+00:00,29.16,1005.37,55.42,0,normal
2026-07-09T10:09:00+00:00,29.2,1005.36,55.15,0,normal
2026-07-09T10:10:00+00:00,29.1,1005.4,55.28,0,normal
2026-07-09T10:11:00+00:00,29.15,1005.41,55.01,0,normal
2026-07-09T10:12:00+00:00,28.99,1005.38,54.55,0,normal
2026-07-09T10:13:00+00:00,29.04,1005.43,54.37,0,normal
2026-07-09T10:14:00+00:00,29.03,1005.37,54.32,0,normal
2026-07-09T10:15:00+00:00,29.07,1005.3,54.45,0,normal
2026-07-09T10:16:00+00:00,29.32,1005.35,54.36,0,normal
2026-07-09T10:17:00+00:00,29.34,1005.31,54.18,0,normal
2026-07-09T10:18:00+00:00,29.44,1005.35,53.88,0,normal
2026-07-09T10:19:00+00:00,29.49,1005.39,53.76,0,normal
2026-07-09T10:20:00+00:00,29.5,1005.41,53.85,0,normal
2026-07-09T10:21:00+00:00,29.56,1005.4,53.87,0,normal
2026-07-09T10:22:00+00:00,29.56,1005.33,53.49,0,normal
2026-07-09T10:23:00+00:00,29.63,1005.31,53.53,0,normal
2026-07-09T10:24:00+00:00,29.58,1005.3,53.48,0,normal
2026-07-09T10:25:00+00:00,29.71,1005.33,53.27,0,normal
2026-07-09T10:26:00+00:00,29.77,1005.27,52.7,0,normal
2026-07-09T10:27:00+00:00,29.93,1005.24,52.87,0,normal
2026-07-09T10:28:00+00:00,29.89,1005.18,52.72,0,normal
2026-07-09T10:29:00+00:00,29.92,1005.18,52.78,0,normal
2026-07-09T10:30:00+00:00,29.9,1005.17,52.56,0,normal
2026-07-09T10:31:00+00:00,30.03,1005.09,52.36,0,normal
2026-07-09T10:32:00+00:00,30.01,1005.19,52.47,0,normal
2026-07-09T10:33:00+00:00,29.96,1005.22,52.53,0,normal
2026-07-09T10:34:00+00:00,30.0,1005.24,52.49,0,normal
2026-07-09T10:35:00+00:00,30.03,1005.14,52.72,0,normal
2026-07-09T10:36:00+00:00,30.01,1005.06,52.55,0,normal
2026-07-09T10:37:00+00:00,30.0,1005.01,52.64,0,normal
2026-07-09T10:38:00+00:00,30.1,1004.9,52.46,0,normal
2026-07-09T10:39:00+00:00,30.08,1004.89,52.73,0,normal
2026-07-09T10:40:00+00:00,30.04,1004.96,52.61,0,normal
2026-07-09T10:41:00+00:00,30.19,1004.93,52.44,0,normal
2026-07-09T10:42:00+00:00,30.21,1004.99,52.39,0,normal
2026-07-09T10:43:00+00:00,30.24,1005.01,52.13,0,normal
2026-07-09T10:44:00+00:00,30.29,1004.96,52.35,0,normal
2026-07-09T10:45:00+00:00,30.34,1004.98,51.85,0,normal
2026-07-09T10:46:00+00:00,30.41,1004.96,51.49,0,normal
2026-07-09T10:47:00+00:00,30.43,1004.87,51.56,0,normal
2026-07-09T10:48:00+00:00,30.56,1004.77,51.49,0,normal
2026-07-09T10:49:00+00:00,30.56,1004.67,51.61,0,normal
2026-07-09T10:50:00+00:00,30.62,1004.77,51.63,0,normal
2026-07-09T10:51:00+00:00,30.56,1004.79,51.81,0,normal
2026-07-09T10:52:00+00:00,30.54,1004.82,51.25,0,normal
2026-07-09T10:53:00+00:00,30.67,1004.85,50.67,0,normal
2026-07-09T10:54:00+00:00,30.71,1004.74,50.5,0,normal
2026-07-09T10:55:00+00:00,30.77,1004.73,50.72,0,normal
2026-07-09T10:56:00+00:00,30.79,1004.72,50.88,0,normal
2026-07-09T10:57:00+00:00,30.77,1004.71,50.84,0,normal
2026-07-09T10:58:00+00:00,30.78,1004.76,50.63,0,normal
2026-07-09T10:59:00+00:00,30.72,1004.7,50.14,0,normal
2026-07-09T11:00:00+00:00,30.86,1004.65,50.05,0,normal
2026-07-09T11:01:00+00:00,30.99,1004.64,50.12,0,normal
2026-07-09T11:02:00+00:00,30.88,1004.7,50.04,0,normal
2026-07-09T11:03:00+00:00,,1004.64,50.33,1,missing_data
2026-07-09T11:04:00+00:00,,1004.59,50.18,1,missing_data
2026-07-09T11:05:00+00:00,,1004.59,50.21,1,missing_data
2026-07-09T11:06:00+00:00,,1004.62,50.08,1,missing_data
2026-07-09T11:07:00+00:00,,1004.59,50.29,1,missing_data
2026-07-09T11:08:00+00:00,,1004.51,49.87,1,missing_data
2026-07-09T11:09:00+00:00,31.03,1004.57,49.58,0,normal
2026-07-09T11:10:00+00:00,30.97,1004.58,49.53,0,normal
2026-07-09T11:11:00+00:00,30.94,1004.51,49.54,0,normal
2026-07-09T11:12:00+00:00,31.01,1004.53,49.48,0,normal
2026-07-09T11:13:00+00:00,30.95,1004.54,49.47,0,normal
2026-07-09T11:14:00+00:00,30.86,1004.52,49.48,0,normal
2026-07-09T11:15:00+00:00,30.89,1004.42,49.29,0,normal
2026-07-09T11:16:00+00:00,30.86,1004.45,49.75,0,normal
2026-07-09T11:17:00+00:00,30.9,1004.39,49.63,0,normal
2026-07-09T11:18:00+00:00,30.93,1004.42,49.79,0,normal
2026-07-09T11:19:00+00:00,31.07,1004.45,49.69,0,normal
2026-07-09T11:20:00+00:00,31.21,1004.43,49.61,0,normal
2026-07-09T11:21:00+00:00,31.21,1004.32,49.77,0,normal
2026-07-09T11:22:00+00:00,31.28,1004.2,49.86,0,normal
2026-07-09T11:23:00+00:00,31.27,1004.26,49.76,0,normal
2026-07-09T11:24:00+00:00,31.18,1004.27,49.47,0,normal
2026-07-09T11:25:00+00:00,31.11,1004.31,49.44,0,normal
2026-07-09T11:26:00+00:00,31.26,1004.3,49.15,0,normal
2026-07-09T11:27:00+00:00,31.33,1004.26,48.99,0,normal
2026-07-09T11:28:00+00:00,31.39,1004.25,48.8,0,normal
2026-07-09T11:29:00+00:00,31.3,1004.3,48.65,0,normal
2026-07-09T11:30:00+00:00,31.37,1004.33,48.78,0,normal
2026-07-09T11:31:00+00:00,31.37,1004.31,48.47,0,normal
2026-07-09T11:32:00+00:00,31.35,1004.33,48.23,0,normal
2026-07-09T11:33:00+00:00,31.4,1004.4,48.07,0,normal
2026-07-09T11:34:00+00:00,31.32,1004.37,47.72,0,normal
2026-07-09T11:35:00+00:00,31.45,1004.37,47.53,0,normal
2026-07-09T11:36:00+00:00,31.43,1004.31,47.69,0,normal
2026-07-09T11:37:00+00:00,31.6,1004.23,47.84,0,normal
2026-07-09T11:38:00+00:00,31.6,1004.3,47.4,0,normal
2026-07-09T11:39:00+00:00,31.64,1004.28,47.49,0,normal
2026-07-09T11:40:00+00:00,31.66,1004.28,47.41,0,normal
2026-07-09T11:41:00+00:00,31.8,1004.27,47.53,0,normal
2026-07-09T11:42:00+00:00,31.87,1004.31,47.26,0,normal
2026-07-09T11:43:00+00:00,31.93,1004.33,46.97,0,normal
2026-07-09T11:44:00+00:00,31.92,1004.44,46.85,0,normal
2026-07-09T11:45:00+00:00,31.9,1004.45,46.7,0,normal
2026-07-09T11:46:00+00:00,31.92,1004.42,46.74,0,normal
2026-07-09T11:47:00+00:00,31.93,1004.5,46.71,0,normal
2026-07-09T11:48:00+00:00,31.92,1004.54,46.39,0,normal
2026-07-09T11:49:00+00:00,32.07,1004.48,46.6,0,normal
2026-07-09T11:50:00+00:00,32.2,1004.44,46.47,0,normal
2026-07-09T11:51:00+00:00,32.19,1004.46,46.23,0,normal
2026-07-09T11:52:00+00:00,32.18,1004.43,45.96,0,normal
2026-07-09T11:53:00+00:00,32.1,1004.43,45.96,0,normal
2026-07-09T11:54:00+00:00,32.05,1004.42,45.81,0,normal
2026-07-09T11:55:00+00:00,32.17,1004.4,46.01,0,normal
2026-07-09T11:56:00+00:00,32.04,1004.41,46.09,0,normal
2026-07-09T11:57:00+00:00,32.05,1004.37,46.02,0,normal
2026-07-09T11:58:00+00:00,32.12,1004.3,46.12,0,normal
2026-07-09T11:59:00+00:00,32.16,1004.29,46.03,0,normal
2026-07-09T12:00:00+00:00,32.18,1004.36,46.05,0,normal
2026-07-09T12:01:00+00:00,32.12,1004.33,45.77,0,normal
2026-07-09T12:02:00+00:00,31.98,1004.27,45.76,0,normal
2026-07-09T12:03:00+00:00,32.11,1004.31,45.48,0,normal
2026-07-09T12:04:00+00:00,32.06,1004.26,44.94,0,normal
2026-07-09T12:05:00+00:00,32.07,1004.3,44.88,0,normal
2026-07-09T12:06:00+00:00,31.99,1004.25,44.81,0,normal
2026-07-09T12:07:00+00:00,32.08,1004.24,44.93,0,normal
2026-07-09T12:08:00+00:00,32.1,1004.25,44.72,0,normal
2026-07-09T12:09:00+00:00,32.07,1004.18,44.83,0,normal
2026-07-09T12:10:00+00:00,32.07,1004.0,44.91,0,normal
2026-07-09T12:11:00+00:00,32.18,1003.97,44.99,0,normal
2026-07-09T12:12:00+00:00,32.18,1003.87,45.35,0,normal
2026-07-09T12:13:00+00:00,32.19,1003.9,45.17,0,normal
2026-07-09T12:14:00+00:00,32.19,1003.92,44.92,0,normal
2026-07-09T12:15:00+00:00,32.35,1003.98,44.99,0,normal
2026-07-09T12:16:00+00:00,32.36,1003.95,45.15,0,normal
2026-07-09T12:17:00+00:00,32.43,1003.94,44.89,0,normal
2026-07-09T12:18:00+00:00,32.32,1003.96,44.79,0,normal
2026-07-09T12:19:00+00:00,32.43,1004.02,44.76,0,normal
2026-07-09T12:20:00+00:00,32.44,1003.97,44.94,0,normal
2026-07-09T12:21:00+00:00,32.46,1004.01,45.12,0,normal
2026-07-09T12:22:00+00:00,32.43,1003.98,45.55,0,normal
2026-07-09T12:23:00+00:00,32.5,1003.97,45.71,0,normal
2026-07-09T12:24:00+00:00,32.49,1004.0,45.5,0,normal
2026-07-09T12:25:00+00:00,32.51,1004.0,45.26,0,normal
2026-07-09T12:26:00+00:00,32.55,1003.97,45.29,0,normal
2026-07-09T12:27:00+00:00,32.54,1003.9,45.33,0,normal
2026-07-09T12:28:00+00:00,32.61,1004.03,45.25,0,normal
2026-07-09T12:29:00+00:00,32.64,1004.06,45.36,0,normal
2026-07-09T12:30:00+00:00,32.73,1004.08,45.26,0,normal
2026-07-09T12:31:00+00:00,32.81,1004.09,44.91,0,normal
2026-07-09T12:32:00+00:00,32.7,1004.08,44.86,0,normal
2026-07-09T12:33:00+00:00,32.91,1004.08,44.79,0,normal
2026-07-09T12:34:00+00:00,32.88,1004.12,44.77,0,normal
2026-07-09T12:35:00+00:00,32.84,1004.07,44.61,0,normal
2026-07-09T12:36:00+00:00,32.78,1004.07,44.56,0,normal
2026-07-09T12:37:00+00:00,32.76,1004.15,44.72,0,normal
2026-07-09T12:38:00+00:00,32.75,1004.1,44.63,0,normal
2026-07-09T12:39:00+00:00,32.76,1004.11,44.47,0,normal
2026-07-09T12:40:00+00:00,32.69,1004.11,44.33,0,normal
2026-07-09T12:41:00+00:00,32.69,1004.13,44.24,0,normal
2026-07-09T12:42:00+00:00,32.72,1004.11,44.25,0,normal
2026-07-09T12:43:00+00:00,32.69,1004.06,44.0,0,normal
2026-07-09T12:44:00+00:00,32.66,1004.01,43.6,0,normal
2026-07-09T12:45:00+00:00,32.72,1004.08,43.67,0,normal
2026-07-09T12:46:00+00:00,32.71,1004.01,43.66,0,normal
2026-07-09T12:47:00+00:00,32.6,1004.02,43.45,0,normal
2026-07-09T12:48:00+00:00,32.45,1004.1,43.16,0,normal
2026-07-09T12:49:00+00:00,32.46,1004.11,43.04,0,normal
2026-07-09T12:50:00+00:00,32.54,1004.08,43.09,0,normal
2026-07-09T12:51:00+00:00,32.6,1004.02,43.1,0,normal
2026-07-09T12:52:00+00:00,32.55,1003.97,43.13,0,normal
2026-07-09T12:53:00+00:00,32.55,1004.01,43.17,0,normal
2026-07-09T12:54:00+00:00,32.48,1004.06,43.19,0,normal
2026-07-09T12:55:00+00:00,32.47,1004.07,43.3,0,normal
2026-07-09T12:56:00+00:00,32.49,1004.18,43.55,0,normal
2026-07-09T12:57:00+00:00,32.54,1004.18,43.45,0,normal
2026-07-09T12:58:00+00:00,32.53,1004.19,43.52,0,normal
2026-07-09T12:59:00+00:00,32.47,1004.23,43.64,0,normal
2026-07-09T13:00:00+00:00,32.56,1004.23,43.67,0,normal
2026-07-09T13:01:00+00:00,32.7,1004.23,43.6,0,normal
2026-07-09T13:02:00+00:00,32.91,1004.25,43.32,0,normal
2026-07-09T13:03:00+00:00,33.0,1004.28,43.13,0,normal
2026-07-09T13:04:00+00:00,32.94,1004.3,43.06,0,normal
2026-07-09T13:05:00+00:00,32.86,1004.3,42.97,0,normal
2026-07-09T13:06:00+00:00,32.89,1004.32,42.57,0,normal
2026-07-09T13:07:00+00:00,32.83,1004.3,42.8,0,normal
2026-07-09T13:08:00+00:00,33.05,1004.31,42.76,0,normal
2026-07-09T13:09:00+00:00,32.87,1004.36,42.8,0,normal
2026-07-09T13:10:00+00:00,32.93,1004.3,43.15,0,normal
2026-07-09T13:11:00+00:00,33.08,1004.32,43.28,0,normal
2026-07-09T13:12:00+00:00,33.1,1004.37,42.94,0,normal
2026-07-09T13:13:00+00:00,32.94,1004.31,42.72,0,normal
2026-07-09T13:14:00+00:00,32.92,1004.33,42.61,0,normal
2026-07-09T13:15:00+00:00,32.95,1004.28,42.31,0,normal
2026-07-09T13:16:00+00:00,32.98,1004.26,42.27,0,normal
2026-07-09T13:17:00+00:00,33.06,1004.35,42.23,0,normal
2026-07-09T13:18:00+00:00,33.23,1004.38,42.34,0,normal
2026-07-09T13:19:00+00:00,33.33,1004.42,42.13,0,normal
2026-07-09T13:20:00+00:00,33.43,1004.41,42.16,0,normal
2026-07-09T13:21:00+00:00,33.45,1004.47,42.2,0,normal
2026-07-09T13:22:00+00:00,33.35,1004.58,42.33,0,normal
2026-07-09T13:23:00+00:00,33.32,1004.52,42.48,0,normal
2026-07-09T13:24:00+00:00,33.25,1004.56,42.63,0,normal
2026-07-09T13:25:00+00:00,33.22,1004.52,42.47,0,normal
2026-07-09T13:26:00+00:00,33.16,1004.53,42.49,0,normal
2026-07-09T13:27:00+00:00,33.25,1004.49,42.6,0,normal
2026-07-09T13:28:00+00:00,33.19,1004.54,42.23,0,normal
2026-07-09T13:29:00+00:00,33.34,1004.51,42.3,0,normal
2026-07-09T13:30:00+00:00,33.41,1004.45,42.41,0,normal
2026-07-09T13:31:00+00:00,33.38,1004.45,42.22,0,normal
2026-07-09T13:32:00+00:00,33.53,1004.4,42.25,0,normal
2026-07-09T13:33:00+00:00,33.48,1004.46,42.66,0,normal
2026-07-09T13:34:00+00:00,33.45,1004.48,42.51,0,normal
2026-07-09T13:35:00+00:00,33.54,1004.47,42.62,0,normal
2026-07-09T13:36:00+00:00,33.52,1004.59,42.1,0,normal
2026-07-09T13:37:00+00:00,33.56,1004.6,42.04,0,normal
2026-07-09T13:38:00+00:00,33.6,1004.6,42.03,0,normal
2026-07-09T13:39:00+00:00,33.64,1004.69,41.42,0,normal
2026-07-09T13:40:00+00:00,33.79,1004.82,41.05,0,normal
2026-07-09T13:41:00+00:00,33.79,1004.89,41.23,0,normal
2026-07-09T13:42:00+00:00,33.93,1004.9,40.81,0,normal
2026-07-09T13:43:00+00:00,34.02,1004.92,41.11,0,normal
2026-07-09T13:44:00+00:00,33.89,1004.85,41.1,0,normal
2026-07-09T13:45:00+00:00,33.99,1004.93,40.94,0,normal
2026-07-09T13:46:00+00:00,33.95,1005.06,40.83,0,normal
2026-07-09T13:47:00+00:00,34.0,1005.02,40.92,0,normal
2026-07-09T13:48:00+00:00,33.92,1004.97,40.84,0,normal
2026-07-09T13:49:00+00:00,33.87,1004.95,40.95,0,normal
2026-07-09T13:50:00+00:00,34.02,1004.91,40.74,0,normal
2026-07-09T13:51:00+00:00,34.01,1004.86,40.41,0,normal
2026-07-09T13:52:00+00:00,34.09,1004.87,40.47,0,normal
2026-07-09T13:53:00+00:00,33.92,1004.84,40.2,0,normal
2026-07-09T13:54:00+00:00,33.92,1004.84,40.25,0,normal
2026-07-09T13:55:00+00:00,33.86,1004.8,40.23,0,normal
2026-07-09T13:56:00+00:00,33.89,1004.78,40.07,0,normal
2026-07-09T13:57:00+00:00,33.82,1004.75,40.01,0,normal
2026-07-09T13:58:00+00:00,33.73,1004.74,40.29,0,normal
2026-07-09T13:59:00+00:00,33.72,1004.68,39.86,0,normal
2026-07-09T14:00:00+00:00,33.87,1004.75,39.95,0,normal
2026-07-09T14:01:00+00:00,33.97,1004.79,39.97,0,normal
2026-07-09T14:02:00+00:00,33.86,1004.89,39.91,0,normal
2026-07-09T14:03:00+00:00,33.83,1004.9,39.96,0,normal
2026-07-09T14:04:00+00:00,33.88,1004.93,39.88,0,normal
2026-07-09T14:05:00+00:00,33.89,1004.96,39.78,0,normal
2026-07-09T14:06:00+00:00,34.0,1004.96,40.14,0,normal
2026-07-09T14:07:00+00:00,33.89,1005.0,39.98,0,normal
2026-07-09T14:08:00+00:00,33.84,1005.04,39.96,0,normal
2026-07-09T14:09:00+00:00,34.05,1005.07,39.85,0,normal
2026-07-09T14:10:00+00:00,34.08,1005.06,40.05,0,normal
2026-07-09T14:11:00+00:00,34.05,1005.08,40.12,0,normal
2026-07-09T14:12:00+00:00,34.05,1005.13,39.78,0,normal
2026-07-09T14:13:00+00:00,34.05,1005.1,39.54,0,normal
2026-07-09T14:14:00+00:00,33.98,1005.07,39.54,0,normal
2026-07-09T14:15:00+00:00,34.01,1005.1,39.51,0,normal
2026-07-09T14:16:00+00:00,34.13,1005.08,39.17,0,normal
2026-07-09T14:17:00+00:00,34.09,1005.09,38.58,0,normal
2026-07-09T14:18:00+00:00,34.18,1005.09,38.44,0,normal
2026-07-09T14:19:00+00:00,34.09,1005.13,38.72,0,normal
2026-07-09T14:20:00+00:00,34.03,1005.07,38.84,0,normal
2026-07-09T14:21:00+00:00,34.05,1005.11,38.8,0,normal
2026-07-09T14:22:00+00:00,34.04,1005.11,39.08,0,normal
2026-07-09T14:23:00+00:00,34.14,1005.2,39.41,0,normal
2026-07-09T14:24:00+00:00,34.28,1005.26,39.34,0,normal
2026-07-09T14:25:00+00:00,34.38,1005.19,39.87,0,normal
2026-07-09T14:26:00+00:00,34.28,1005.24,40.19,0,normal
2026-07-09T14:27:00+00:00,34.3,1005.14,40.01,0,normal
2026-07-09T14:28:00+00:00,34.32,1005.18,40.0,0,normal
2026-07-09T14:29:00+00:00,34.3,1005.12,40.38,0,normal
2026-07-09T14:30:00+00:00,34.26,1005.17,40.66,0,normal
2026-07-09T14:31:00+00:00,34.15,1005.19,40.71,0,normal
2026-07-09T14:32:00+00:00,34.12,1005.24,40.56,0,normal
2026-07-09T14:33:00+00:00,34.11,1005.23,41.02,0,normal
2026-07-09T14:34:00+00:00,34.05,1005.28,41.35,0,normal
2026-07-09T14:35:00+00:00,33.98,1005.29,41.11,0,normal
2026-07-09T14:36:00+00:00,33.81,1005.26,40.96,0,normal
2026-07-09T14:37:00+00:00,33.78,1005.26,40.94,0,normal
2026-07-09T14:38:00+00:00,33.69,1005.29,41.16,0,normal
2026-07-09T14:39:00+00:00,33.81,1005.28,41.3,0,normal
2026-07-09T14:40:00+00:00,33.77,1005.28,41.34,0,normal
2026-07-09T14:41:00+00:00,33.75,1005.23,41.46,0,normal
2026-07-09T14:42:00+00:00,33.69,1005.22,41.62,0,normal
2026-07-09T14:43:00+00:00,33.75,1005.24,41.27,0,normal
2026-07-09T14:44:00+00:00,33.66,1005.28,41.36,0,normal
2026-07-09T14:45:00+00:00,33.7,1005.27,41.22,0,normal
2026-07-09T14:46:00+00:00,33.73,1005.23,41.2,0,normal
2026-07-09T14:47:00+00:00,33.63,1005.19,41.2,0,normal
2026-07-09T14:48:00+00:00,33.69,1005.23,40.94,0,normal
2026-07-09T14:49:00+00:00,33.55,1005.25,40.54,0,normal
2026-07-09T14:50:00+00:00,33.65,1005.22,40.99,0,normal
2026-07-09T14:51:00+00:00,33.59,1005.27,40.82,0,normal
2026-07-09T14:52:00+00:00,33.59,1005.3,40.98,0,normal
2026-07-09T14:53:00+00:00,33.69,1005.36,41.16,0,normal
2026-07-09T14:54:00+00:00,33.65,1005.41,41.07,0,normal
2026-07-09T14:55:00+00:00,33.74,1005.43,41.17,0,normal
2026-07-09T14:56:00+00:00,33.78,1005.49,40.98,0,normal
2026-07-09T14:57:00+00:00,33.66,1005.55,41.23,0,normal
2026-07-09T14:58:00+00:00,33.66,1005.6,40.87,0,normal
2026-07-09T14:59:00+00:00,33.62,1005.62,40.51,0,normal
2026-07-09T15:00:00+00:00,33.52,1005.64,40.4,0,normal
2026-07-09T15:01:00+00:00,33.51,1005.63,40.15,0,normal
2026-07-09T15:02:00+00:00,33.51,1005.64,40.06,0,normal
2026-07-09T15:03:00+00:00,33.49,1005.64,40.26,0,normal
2026-07-09T15:04:00+00:00,33.5,1005.56,40.04,0,normal
2026-07-09T15:05:00+00:00,33.6,1005.54,40.05,0,normal
2026-07-09T15:06:00+00:00,33.76,1005.59,39.66,0,normal
2026-07-09T15:07:00+00:00,33.89,1005.62,39.79,0,normal
2026-07-09T15:08:00+00:00,33.91,1005.68,39.82,0,normal
2026-07-09T15:09:00+00:00,33.79,1005.71,39.59,0,normal
2026-07-09T15:10:00+00:00,33.94,1005.71,39.64,0,normal
2026-07-09T15:11:00+00:00,33.88,1005.74,39.79,0,normal
2026-07-09T15:12:00+00:00,33.83,1005.78,39.85,0,normal
2026-07-09T15:13:00+00:00,33.82,1005.75,40.37,0,normal
2026-07-09T15:14:00+00:00,33.91,1005.81,86.62,1,humidity_spike
2026-07-09T15:15:00+00:00,33.88,1005.69,90.34,1,humidity_spike
2026-07-09T15:16:00+00:00,33.97,1005.72,88.97,1,humidity_spike
2026-07-09T15:17:00+00:00,33.94,1005.77,88.88,1,humidity_spike
2026-07-09T15:18:00+00:00,34.01,1005.89,75.86,1,humidity_spike
2026-07-09T15:19:00+00:00,34.08,1005.84,78.88,1,humidity_spike
2026-07-09T15:20:00+00:00,34.23,1005.81,39.64,0,normal
2026-07-09T15:21:00+00:00,34.22,1005.81,39.36,0,normal
2026-07-09T15:22:00+00:00,34.27,1005.84,39.51,0,normal
2026-07-09T15:23:00+00:00,34.23,1005.93,39.49,0,normal
2026-07-09T15:24:00+00:00,34.12,1006.03,39.13,0,normal
2026-07-09T15:25:00+00:00,34.09,1006.03,39.2,0,normal
2026-07-09T15:26:00+00:00,33.95,1005.99,39.49,0,normal
2026-07-09T15:27:00+00:00,34.05,1005.98,39.39,0,normal
2026-07-09T15:28:00+00:00,33.9,1006.04,39.67,0,normal
2026-07-09T15:29:00+00:00,33.66,1005.94,39.78,0,normal
2026-07-09T15:30:00+00:00,33.69,1005.93,39.84,0,normal
2026-07-09T15:31:00+00:00,33.67,1005.95,39.73,0,normal
2026-07-09T15:32:00+00:00,33.67,1005.94,39.65,0,normal
2026-07-09T15:33:00+00:00,33.53,1005.95,39.9,0,normal
2026-07-09T15:34:00+00:00,33.51,1005.96,40.22,0,normal
2026-07-09T15:35:00+00:00,33.6,1006.07,40.72,0,normal
2026-07-09T15:36:00+00:00,33.61,1006.03,40.65,0,normal
2026-07-09T15:37:00+00:00,33.66,1006.12,40.48,0,normal
2026-07-09T15:38:00+00:00,33.68,1006.1,40.5,0,normal
2026-07-09T15:39:00+00:00,33.67,1006.13,40.95,0,normal
2026-07-09T15:40:00+00:00,33.71,1006.13,40.86,0,normal
2026-07-09T15:41:00+00:00,33.69,1006.1,40.92,0,normal
2026-07-09T15:42:00+00:00,33.49,1006.11,40.92,0,normal
2026-07-09T15:43:00+00:00,33.41,1006.12,41.18,0,normal
2026-07-09T15:44:00+00:00,33.51,1006.11,41.3,0,normal
2026-07-09T15:45:00+00:00,33.4,1006.12,41.36,0,normal
2026-07-09T15:46:00+00:00,33.53,1006.2,41.42,0,normal
2026-07-09T15:47:00+00:00,33.46,1006.29,41.37,0,normal
2026-07-09T15:48:00+00:00,33.5,1006.3,41.78,0,normal
2026-07-09T15:49:00+00:00,33.46,1006.36,41.76,0,normal
2026-07-09T15:50:00+00:00,33.51,1006.46,41.36,0,normal
2026-07-09T15:51:00+00:00,33.51,1006.42,41.47,0,normal
2026-07-09T15:52:00+00:00,33.56,1006.41,41.39,0,normal
2026-07-09T15:53:00+00:00,33.58,1006.36,41.48,0,normal
2026-07-09T15:54:00+00:00,33.51,1006.42,41.24,0,normal
2026-07-09T15:55:00+00:00,33.47,1006.39,41.21,0,normal
2026-07-09T15:56:00+00:00,33.58,1006.45,41.16,0,normal
2026-07-09T15:57:00+00:00,33.54,1006.51,40.97,0,normal
2026-07-09T15:58:00+00:00,33.54,1006.49,40.99,0,normal
2026-07-09T15:59:00+00:00,33.6,1006.48,41.24,0,normal
2026-07-09T16:00:00+00:00,33.77,1006.52,41.26,0,normal
2026-07-09T16:01:00+00:00,33.84,1006.48,41.61,0,normal
2026-07-09T16:02:00+00:00,33.76,1006.61,41.5,0,normal
2026-07-09T16:03:00+00:00,33.8,1006.54,41.49,0,normal
2026-07-09T16:04:00+00:00,33.69,1006.48,41.77,0,normal
2026-07-09T16:05:00+00:00,33.58,1006.47,41.63,0,normal
2026-07-09T16:06:00+00:00,33.66,1006.54,41.92,0,normal
2026-07-09T16:07:00+00:00,33.59,1006.62,41.78,0,normal
2026-07-09T16:08:00+00:00,33.51,1006.6,41.68,0,normal
2026-07-09T16:09:00+00:00,33.5,1006.58,41.77,0,normal
2026-07-09T16:10:00+00:00,33.28,1006.61,41.59,0,normal
2026-07-09T16:11:00+00:00,33.23,1006.59,41.82,0,normal
2026-07-09T16:12:00+00:00,33.28,1006.6,41.72,0,normal
2026-07-09T16:13:00+00:00,33.34,1006.71,41.76,0,normal
2026-07-09T16:14:00+00:00,33.21,1006.69,41.92,0,normal
2026-07-09T16:15:00+00:00,33.18,1006.67,41.78,0,normal
2026-07-09T16:16:00+00:00,33.19,1006.61,41.82,0,normal
2026-07-09T16:17:00+00:00,33.2,1006.61,41.66,0,normal
2026-07-09T16:18:00+00:00,33.28,1006.56,41.75,0,normal
2026-07-09T16:19:00+00:00,33.34,1006.6,42.05,0,normal
2026-07-09T16:20:00+00:00,33.24,1006.58,42.01,0,normal
2026-07-09T16:21:00+00:00,33.5,1006.63,42.19,0,normal
2026-07-09T16:22:00+00:00,33.54,1006.66,42.44,0,normal
2026-07-09T16:23:00+00:00,33.37,1006.7,42.56,0,normal
2026-07-09T16:24:00+00:00,33.44,1006.66,42.37,0,normal
2026-07-09T16:25:00+00:00,33.35,1006.71,42.52,0,normal
2026-07-09T16:26:00+00:00,33.26,1006.83,42.61,0,normal
2026-07-09T16:27:00+00:00,33.26,1006.84,42.83,0,normal
2026-07-09T16:28:00+00:00,33.29,1006.95,42.61,0,normal
2026-07-09T16:29:00+00:00,33.15,1006.93,42.75,0,normal
2026-07-09T16:30:00+00:00,33.12,1007.0,42.71,0,normal
2026-07-09T16:31:00+00:00,33.2,1006.97,42.98,0,normal
2026-07-09T16:32:00+00:00,33.3,1006.96,43.1,0,normal
2026-07-09T16:33:00+00:00,33.31,1007.0,43.38,0,normal
2026-07-09T16:34:00+00:00,33.37,1007.04,43.52,0,normal
2026-07-09T16:35:00+00:00,33.25,1007.05,43.31,0,normal
2026-07-09T16:36:00+00:00,33.24,1007.12,43.33,0,normal
2026-07-09T16:37:00+00:00,33.02,1007.07,43.46,0,normal
2026-07-09T16:38:00+00:00,32.98,1007.13,43.24,0,normal
2026-07-09T16:39:00+00:00,33.01,1007.16,43.42,0,normal
2026-07-09T16:40:00+00:00,32.95,1007.21,43.75,0,normal
2026-07-09T16:41:00+00:00,32.76,1007.22,43.39,0,normal
2026-07-09T16:42:00+00:00,32.7,1007.19,43.41,0,normal
2026-07-09T16:43:00+00:00,32.74,1007.24,43.49,0,normal
2026-07-09T16:44:00+00:00,32.8,1007.19,43.74,0,normal
2026-07-09T16:45:00+00:00,32.54,1007.28,44.02,0,normal
2026-07-09T16:46:00+00:00,32.61,1007.4,43.67,0,normal
2026-07-09T16:47:00+00:00,32.69,1007.41,43.75,0,normal
2026-07-09T16:48:00+00:00,32.6,1007.43,43.85,0,normal
2026-07-09T16:49:00+00:00,32.55,1007.43,43.61,0,normal
2026-07-09T16:50:00+00:00,32.53,1007.48,43.84,0,normal
2026-07-09T16:51:00+00:00,32.6,1007.52,44.07,0,normal
2026-07-09T16:52:00+00:00,32.56,1007.54,44.31,0,normal
2026-07-09T16:53:00+00:00,32.45,1007.47,44.03,0,normal
2026-07-09T16:54:00+00:00,32.32,1007.42,43.96,0,normal
2026-07-09T16:55:00+00:00,32.46,1007.4,43.69,0,normal
2026-07-09T16:56:00+00:00,32.49,1007.4,43.59,0,normal
2026-07-09T16:57:00+00:00,32.45,1007.46,43.36,0,normal
2026-07-09T16:58:00+00:00,32.32,1007.49,43.32,0,normal
2026-07-09T16:59:00+00:00,32.46,1007.48,43.37,0,normal
2026-07-09T17:00:00+00:00,32.53,1007.4,43.52,0,normal
2026-07-09T17:01:00+00:00,32.5,1007.46,43.47,0,normal
2026-07-09T17:02:00+00:00,32.52,1007.45,43.63,0,normal
2026-07-09T17:03:00+00:00,32.5,1007.47,44.06,0,normal
2026-07-09T17:04:00+00:00,32.48,1007.5,44.57,0,normal
2026-07-09T17:05:00+00:00,32.51,1007.38,44.47,0,normal
2026-07-09T17:06:00+00:00,32.41,1007.44,44.49,0,normal
2026-07-09T17:07:00+00:00,32.5,1007.48,44.66,0,normal
2026-07-09T17:08:00+00:00,32.4,1007.51,44.97,0,normal
2026-07-09T17:09:00+00:00,32.28,1007.51,45.07,0,normal
2026-07-09T17:10:00+00:00,32.3,1007.58,45.24,0,normal
2026-07-09T17:11:00+00:00,32.33,1007.63,45.41,0,normal
2026-07-09T17:12:00+00:00,32.34,1007.61,45.62,0,normal
2026-07-09T17:13:00+00:00,32.28,1007.61,45.39,0,normal
2026-07-09T17:14:00+00:00,32.34,1007.68,45.23,0,normal
2026-07-09T17:15:00+00:00,32.33,1007.66,45.47,0,normal
2026-07-09T17:16:00+00:00,32.44,1007.64,44.88,0,normal
2026-07-09T17:17:00+00:00,32.52,1007.64,44.94,0,normal
2026-07-09T17:18:00+00:00,32.59,1007.63,44.87,0,normal
2026-07-09T17:19:00+00:00,32.54,1007.66,45.11,0,normal
2026-07-09T17:20:00+00:00,32.65,1007.68,45.13,0,normal
2026-07-09T17:21:00+00:00,32.7,1007.64,45.47,0,normal
2026-07-09T17:22:00+00:00,32.69,1007.63,45.32,0,normal
2026-07-09T17:23:00+00:00,45.92,1045.54,98.62,1,multivariate_inconsistency
2026-07-09T17:24:00+00:00,47.02,1045.22,95.02,1,multivariate_inconsistency
2026-07-09T17:25:00+00:00,46.98,1044.12,98.07,1,multivariate_inconsistency
2026-07-09T17:26:00+00:00,45.86,1044.56,96.53,1,multivariate_inconsistency
2026-07-09T17:27:00+00:00,45.22,1043.35,96.02,1,multivariate_inconsistency
2026-07-09T17:28:00+00:00,46.12,1045.19,94.97,1,multivariate_inconsistency
2026-07-09T17:29:00+00:00,45.6,1044.68,95.39,1,multivariate_inconsistency
2026-07-09T17:30:00+00:00,46.12,1046.95,98.29,1,multivariate_inconsistency
2026-07-09T17:31:00+00:00,46.77,1042.88,95.01,1,multivariate_inconsistency
2026-07-09T17:32:00+00:00,46.65,1045.66,95.87,1,multivariate_inconsistency
2026-07-09T17:33:00+00:00,32.69,1007.59,45.8,0,normal
2026-07-09T17:34:00+00:00,32.69,1007.63,45.85,0,normal
2026-07-09T17:35:00+00:00,32.72,1007.66,45.8,0,normal
2026-07-09T17:36:00+00:00,32.67,1007.66,45.72,0,normal
2026-07-09T17:37:00+00:00,32.62,1007.6,45.9,0,normal
2026-07-09T17:38:00+00:00,32.7,1007.62,46.16,0,normal
2026-07-09T17:39:00+00:00,32.66,1007.58,46.62,0,normal
2026-07-09T17:40:00+00:00,32.43,1007.59,46.51,0,normal
2026-07-09T17:41:00+00:00,32.52,1007.62,47.08,0,normal
2026-07-09T17:42:00+00:00,32.49,1007.59,46.76,0,normal
2026-07-09T17:43:00+00:00,32.54,1007.57,46.72,0,normal
2026-07-09T17:44:00+00:00,32.59,1007.64,46.65,0,normal
2026-07-09T17:45:00+00:00,32.51,1007.56,46.3,0,normal
2026-07-09T17:46:00+00:00,32.53,1007.62,46.45,0,normal
2026-07-09T17:47:00+00:00,32.5,1007.6,46.82,0,normal
2026-07-09T17:48:00+00:00,32.31,1007.59,46.92,0,normal
2026-07-09T17:49:00+00:00,32.28,1007.61,46.87,0,normal
2026-07-09T17:50:00+00:00,32.29,1007.56,46.91,0,normal
2026-07-09T17:51:00+00:00,32.28,1007.57,46.98,0,normal
2026-07-09T17:52:00+00:00,32.26,1007.5,46.71,0,normal
2026-07-09T17:53:00+00:00,32.24,1007.49,46.69,0,normal
2026-07-09T17:54:00+00:00,32.25,1007.46,46.3,0,normal
2026-07-09T17:55:00+00:00,32.34,1007.55,46.65,0,normal
2026-07-09T17:56:00+00:00,32.2,1007.56,46.49,0,normal
2026-07-09T17:57:00+00:00,32.16,1007.56,46.39,0,normal
2026-07-09T17:58:00+00:00,32.16,1007.57,46.85,0,normal
2026-07-09T17:59:00+00:00,32.13,1007.46,46.59,0,normal
2026-07-09T18:00:00+00:00,32.26,1007.47,46.76,0,normal
2026-07-09T18:01:00+00:00,32.21,1007.56,46.49,0,normal
2026-07-09T18:02:00+00:00,32.27,1007.65,46.62,0,normal
2026-07-09T18:03:00+00:00,32.26,1007.64,46.41,0,normal
2026-07-09T18:04:00+00:00,32.25,1007.67,46.6,0,normal
2026-07-09T18:05:00+00:00,32.24,1007.66,47.03,0,normal
2026-07-09T18:06:00+00:00,32.19,1007.7,47.1,0,normal
2026-07-09T18:07:00+00:00,32.22,1007.72,47.2,0,normal
2026-07-09T18:08:00+00:00,32.27,1007.64,47.26,0,normal
2026-07-09T18:09:00+00:00,32.16,1007.68,47.44,0,normal
2026-07-09T18:10:00+00:00,32.11,1007.66,47.54,0,normal
2026-07-09T18:11:00+00:00,32.08,1007.66,47.88,0,normal
2026-07-09T18:12:00+00:00,32.08,1007.68,47.5,0,normal
2026-07-09T18:13:00+00:00,32.01,1007.73,47.57,0,normal
2026-07-09T18:14:00+00:00,31.99,1007.73,47.73,0,normal
2026-07-09T18:15:00+00:00,32.05,1007.78,47.59,0,normal
2026-07-09T18:16:00+00:00,31.86,1007.81,47.95,0,normal
2026-07-09T18:17:00+00:00,31.68,1007.81,48.54,0,normal
2026-07-09T18:18:00+00:00,31.63,1007.95,48.46,0,normal
2026-07-09T18:19:00+00:00,31.54,1007.91,48.3,0,normal
2026-07-09T18:20:00+00:00,31.37,1007.9,48.44,0,normal
2026-07-09T18:21:00+00:00,31.29,1007.88,48.83,0,normal
2026-07-09T18:22:00+00:00,31.34,1007.88,49.01,0,normal
2026-07-09T18:23:00+00:00,31.18,1007.89,49.08,0,normal
2026-07-09T18:24:00+00:00,31.13,1007.9,49.14,0,normal
2026-07-09T18:25:00+00:00,31.01,1007.99,49.41,0,normal
2026-07-09T18:26:00+00:00,30.96,1007.9,48.99,0,normal
2026-07-09T18:27:00+00:00,31.11,1007.89,49.25,0,normal
2026-07-09T18:28:00+00:00,31.01,1007.88,49.29,0,normal
2026-07-09T18:29:00+00:00,31.01,1007.89,49.2,0,normal
2026-07-09T18:30:00+00:00,30.92,1007.89,48.95,0,normal
2026-07-09T18:31:00+00:00,30.84,1007.89,49.15,0,normal
2026-07-09T18:32:00+00:00,30.94,1007.87,49.27,0,normal
2026-07-09T18:33:00+00:00,30.78,1007.89,49.19,0,normal
2026-07-09T18:34:00+00:00,30.74,1007.92,49.42,0,normal
2026-07-09T18:35:00+00:00,30.61,1007.96,49.52,0,normal
2026-07-09T18:36:00+00:00,30.7,1008.03,49.95,0,normal
2026-07-09T18:37:00+00:00,30.58,1008.05,49.73,0,normal
2026-07-09T18:38:00+00:00,30.67,1008.12,50.03,0,normal
2026-07-09T18:39:00+00:00,30.63,1008.14,50.02,0,normal
2026-07-09T18:40:00+00:00,30.62,1008.12,49.72,0,normal
2026-07-09T18:41:00+00:00,30.54,1008.23,49.82,0,normal
2026-07-09T18:42:00+00:00,30.54,1008.21,49.86,0,normal
2026-07-09T18:43:00+00:00,30.53,1008.18,49.52,0,normal
2026-07-09T18:44:00+00:00,30.58,1008.25,49.43,0,normal
2026-07-09T18:45:00+00:00,30.53,1008.31,49.43,0,normal
2026-07-09T18:46:00+00:00,30.55,1008.5,49.71,0,normal
2026-07-09T18:47:00+00:00,30.53,1008.52,50.01,0,normal
2026-07-09T18:48:00+00:00,30.46,1008.4,50.27,0,normal
2026-07-09T18:49:00+00:00,30.5,1008.36,50.72,0,normal
2026-07-09T18:50:00+00:00,30.6,1008.38,50.77,0,normal
2026-07-09T18:51:00+00:00,30.41,1008.35,50.52,0,normal
2026-07-09T18:52:00+00:00,30.2,1008.36,50.88,0,normal
2026-07-09T18:53:00+00:00,30.04,1008.32,50.99,0,normal
2026-07-09T18:54:00+00:00,30.01,1008.23,51.36,0,normal
2026-07-09T18:55:00+00:00,29.9,1008.12,51.18,0,normal
2026-07-09T18:56:00+00:00,29.94,1008.09,51.14,0,normal
2026-07-09T18:57:00+00:00,29.99,1008.1,50.8,0,normal
2026-07-09T18:58:00+00:00,30.02,1008.15,50.91,0,normal
2026-07-09T18:59:00+00:00,30.0,1008.23,50.9,0,normal
2026-07-09T19:00:00+00:00,29.98,1008.23,51.05,0,normal
2026-07-09T19:01:00+00:00,29.95,1008.21,51.5,0,normal
2026-07-09T19:02:00+00:00,30.0,1008.19,51.45,0,normal
2026-07-09T19:03:00+00:00,29.93,1008.22,51.26,0,normal
2026-07-09T19:04:00+00:00,30.12,1008.2,51.12,0,normal
2026-07-09T19:05:00+00:00,30.11,1008.14,51.19,0,normal
2026-07-09T19:06:00+00:00,29.97,1008.12,50.92,0,normal
2026-07-09T19:07:00+00:00,29.91,1008.06,50.99,0,normal
2026-07-09T19:08:00+00:00,29.83,1008.05,51.33,0,normal
2026-07-09T19:09:00+00:00,29.85,1008.1,51.39,0,normal
2026-07-09T19:10:00+00:00,29.86,1008.11,51.78,0,normal
2026-07-09T19:11:00+00:00,29.79,1008.13,51.75,0,normal
2026-07-09T19:12:00+00:00,29.73,1008.1,51.99,0,normal
2026-07-09T19:13:00+00:00,29.63,1008.03,52.01,0,normal
2026-07-09T19:14:00+00:00,29.63,1007.97,52.2,0,normal
2026-07-09T19:15:00+00:00,29.59,1008.0,52.36,0,normal
2026-07-09T19:16:00+00:00,29.72,1007.99,52.25,0,normal
2026-07-09T19:17:00+00:00,29.69,1007.98,52.21,0,normal
2026-07-09T19:18:00+00:00,29.79,1007.95,52.24,0,normal
2026-07-09T19:19:00+00:00,29.78,1007.9,52.59,0,normal
2026-07-09T19:20:00+00:00,29.82,1007.9,52.85,0,normal
2026-07-09T19:21:00+00:00,29.75,1007.81,52.92,0,normal
2026-07-09T19:22:00+00:00,29.69,1007.71,52.84,0,normal
2026-07-09T19:23:00+00:00,29.57,1007.65,53.25,0,normal
2026-07-09T19:24:00+00:00,29.59,1007.7,53.48,0,normal
2026-07-09T19:25:00+00:00,29.66,1007.71,53.9,0,normal
2026-07-09T19:26:00+00:00,29.53,1007.7,53.8,0,normal
2026-07-09T19:27:00+00:00,29.61,1007.72,54.15,0,normal
2026-07-09T19:28:00+00:00,29.47,1007.69,53.89,0,normal
2026-07-09T19:29:00+00:00,29.48,1007.67,54.16,0,normal
2026-07-09T19:30:00+00:00,29.46,1007.56,53.94,0,normal
2026-07-09T19:31:00+00:00,29.44,1007.59,53.62,0,normal
2026-07-09T19:32:00+00:00,29.41,1007.54,53.54,0,normal
2026-07-09T19:33:00+00:00,29.34,1007.55,53.55,0,normal
2026-07-09T19:34:00+00:00,29.16,1007.56,53.63,0,normal
2026-07-09T19:35:00+00:00,29.07,1007.54,53.72,0,normal
2026-07-09T19:36:00+00:00,29.06,1007.54,53.91,0,normal
2026-07-09T19:37:00+00:00,29.05,1007.58,54.38,0,normal
2026-07-09T19:38:00+00:00,29.04,1007.55,54.22,0,normal
2026-07-09T19:39:00+00:00,29.07,1007.5,54.84,0,normal
2026-07-09T19:40:00+00:00,29.28,1007.5,54.62,0,normal
2026-07-09T19:41:00+00:00,29.31,1007.6,54.49,0,normal
2026-07-09T19:42:00+00:00,29.43,1007.51,54.35,0,normal
2026-07-09T19:43:00+00:00,29.41,1007.56,54.49,0,normal
2026-07-09T19:44:00+00:00,29.41,1007.61,54.89,0,normal
2026-07-09T19:45:00+00:00,29.32,1007.57,55.24,0,normal
2026-07-09T19:46:00+00:00,29.32,1007.59,55.23,0,normal
2026-07-09T19:47:00+00:00,29.33,1007.53,55.41,0,normal
2026-07-09T19:48:00+00:00,29.3,1007.54,55.69,0,normal
2026-07-09T19:49:00+00:00,29.18,1007.57,55.81,0,normal
2026-07-09T19:50:00+00:00,29.08,1007.49,56.3,0,normal
2026-07-09T19:51:00+00:00,29.05,1007.47,56.17,0,normal
2026-07-09T19:52:00+00:00,29.1,1007.52,56.43,0,normal
2026-07-09T19:53:00+00:00,29.06,1007.56,56.37,0,normal
2026-07-09T19:54:00+00:00,29.04,1007.55,56.52,0,normal
2026-07-09T19:55:00+00:00,28.86,1007.63,56.95,0,normal
2026-07-09T19:56:00+00:00,28.74,1007.65,56.73,0,normal
2026-07-09T19:57:00+00:00,28.73,1007.53,56.78,0,normal
2026-07-09T19:58:00+00:00,28.66,1007.58,57.21,0,normal
2026-07-09T19:59:00+00:00,28.78,1007.62,57.31,0,normal
2026-07-09T20:00:00+00:00,28.78,1007.63,57.16,0,normal
2026-07-09T20:01:00+00:00,28.84,1007.65,57.4,0,normal
2026-07-09T20:02:00+00:00,28.62,1007.65,57.69,0,normal
2026-07-09T20:03:00+00:00,28.6,1007.61,57.5,0,normal
2026-07-09T20:04:00+00:00,28.46,1007.6,57.54,0,normal
2026-07-09T20:05:00+00:00,28.42,1007.67,57.39,0,normal
2026-07-09T20:06:00+00:00,28.37,1007.73,57.43,0,normal
2026-07-09T20:07:00+00:00,28.36,1007.7,57.68,0,normal
2026-07-09T20:08:00+00:00,28.17,1007.67,57.79,0,normal
2026-07-09T20:09:00+00:00,28.08,1007.66,58.05,0,normal
2026-07-09T20:10:00+00:00,28.11,1007.73,58.06,0,normal
2026-07-09T20:11:00+00:00,28.14,1007.73,58.1,0,normal
2026-07-09T20:12:00+00:00,28.21,1007.72,57.96,0,normal
2026-07-09T20:13:00+00:00,28.25,1007.66,58.01,0,normal
2026-07-09T20:14:00+00:00,28.21,1007.68,58.33,0,normal
2026-07-09T20:15:00+00:00,28.18,1007.64,58.03,0,normal
2026-07-09T20:16:00+00:00,28.1,1007.57,58.21,0,normal
2026-07-09T20:17:00+00:00,28.07,1007.5,58.35,0,normal
2026-07-09T20:18:00+00:00,28.05,1007.36,58.69,0,normal
2026-07-09T20:19:00+00:00,28.11,1007.33,58.86,0,normal
2026-07-09T20:20:00+00:00,28.06,1007.24,59.39,0,normal
2026-07-09T20:21:00+00:00,28.09,1007.28,59.4,0,normal
2026-07-09T20:22:00+00:00,28.16,1007.2,59.43,0,normal
2026-07-09T20:23:00+00:00,28.19,1007.16,59.7,0,normal
2026-07-09T20:24:00+00:00,28.18,1007.17,59.62,0,normal
2026-07-09T20:25:00+00:00,28.18,1007.26,59.74,1,frozen_sensor
2026-07-09T20:26:00+00:00,28.18,1007.28,59.74,1,frozen_sensor
2026-07-09T20:27:00+00:00,28.14,1007.26,59.74,1,frozen_sensor
2026-07-09T20:28:00+00:00,28.16,1007.2,59.74,1,frozen_sensor
2026-07-09T20:29:00+00:00,28.06,1007.29,59.74,1,frozen_sensor
2026-07-09T20:30:00+00:00,28.18,1007.27,59.74,1,frozen_sensor
2026-07-09T20:31:00+00:00,28.26,1007.21,59.74,1,frozen_sensor
2026-07-09T20:32:00+00:00,28.26,1007.21,59.74,1,frozen_sensor
2026-07-09T20:33:00+00:00,28.2,1007.24,59.74,1,frozen_sensor
2026-07-09T20:34:00+00:00,28.23,1007.25,59.74,1,frozen_sensor
2026-07-09T20:35:00+00:00,28.27,1007.21,59.74,1,frozen_sensor
2026-07-09T20:36:00+00:00,28.2,1007.13,59.74,1,frozen_sensor
2026-07-09T20:37:00+00:00,28.09,1007.13,59.74,1,frozen_sensor
2026-07-09T20:38:00+00:00,28.05,1007.17,59.74,1,frozen_sensor
2026-07-09T20:39:00+00:00,28.03,1007.21,59.74,1,frozen_sensor
2026-07-09T20:40:00+00:00,27.86,1007.13,59.74,1,frozen_sensor
2026-07-09T20:41:00+00:00,27.88,1007.11,59.74,1,frozen_sensor
2026-07-09T20:42:00+00:00,27.98,1007.05,59.74,1,frozen_sensor
2026-07-09T20:43:00+00:00,27.8,1007.13,59.74,1,frozen_sensor
2026-07-09T20:44:00+00:00,27.74,1007.11,59.74,1,frozen_sensor
2026-07-09T20:45:00+00:00,27.82,1007.06,59.74,1,frozen_sensor
2026-07-09T20:46:00+00:00,27.66,1007.01,61.69,0,normal
2026-07-09T20:47:00+00:00,27.56,1006.98,61.54,0,normal
2026-07-09T20:48:00+00:00,27.65,1006.96,61.7,0,normal
2026-07-09T20:49:00+00:00,27.68,1007.05,61.97,0,normal
2026-07-09T20:50:00+00:00,27.62,1006.98,62.11,0,normal
2026-07-09T20:51:00+00:00,27.66,1006.97,62.2,0,normal
2026-07-09T20:52:00+00:00,27.63,1006.86,62.3,0,normal
2026-07-09T20:53:00+00:00,27.64,1006.85,62.59,0,normal
2026-07-09T20:54:00+00:00,27.69,1006.82,62.74,0,normal
2026-07-09T20:55:00+00:00,27.64,1006.7,62.77,0,normal
2026-07-09T20:56:00+00:00,27.5,1006.71,62.96,0,normal
2026-07-09T20:57:00+00:00,27.44,1006.66,63.07,0,normal
2026-07-09T20:58:00+00:00,27.59,1006.54,63.17,0,normal
2026-07-09T20:59:00+00:00,27.5,1006.52,63.2,0,normal
2026-07-09T21:00:00+00:00,27.42,1006.56,63.21,0,normal
2026-07-09T21:01:00+00:00,27.2,1006.62,63.5,0,normal
2026-07-09T21:02:00+00:00,27.11,1006.62,63.79,0,normal
2026-07-09T21:03:00+00:00,27.16,1006.68,63.91,0,normal
2026-07-09T21:04:00+00:00,27.19,1006.74,63.88,0,normal
2026-07-09T21:05:00+00:00,27.18,1006.62,63.61,0,normal
2026-07-09T21:06:00+00:00,27.18,1006.65,63.59,0,normal
2026-07-09T21:07:00+00:00,27.09,1006.62,63.7,0,normal
2026-07-09T21:08:00+00:00,26.86,1006.63,63.78,0,normal
2026-07-09T21:09:00+00:00,26.85,1006.62,63.57,0,normal
2026-07-09T21:10:00+00:00,26.73,1006.68,63.52,0,normal
2026-07-09T21:11:00+00:00,26.77,1006.61,63.61,0,normal
2026-07-09T21:12:00+00:00,26.71,1006.59,63.63,0,normal
2026-07-09T21:13:00+00:00,26.79,1006.67,63.77,0,normal
2026-07-09T21:14:00+00:00,26.73,1006.59,63.58,0,normal
2026-07-09T21:15:00+00:00,26.81,1006.51,63.6,0,normal
2026-07-09T21:16:00+00:00,26.79,1006.37,63.45,0,normal
2026-07-09T21:17:00+00:00,26.64,1006.33,63.62,0,normal
2026-07-09T21:18:00+00:00,26.69,1006.3,63.65,0,normal
2026-07-09T21:19:00+00:00,26.65,1006.26,63.85,0,normal
2026-07-09T21:20:00+00:00,26.65,1006.12,64.09,0,normal
2026-07-09T21:21:00+00:00,26.63,1006.14,64.43,0,normal
2026-07-09T21:22:00+00:00,26.45,1006.08,64.51,0,normal
2026-07-09T21:23:00+00:00,26.23,1006.08,64.77,0,normal
2026-07-09T21:24:00+00:00,26.25,1006.09,64.8,0,normal
2026-07-09T21:25:00+00:00,26.19,1006.07,64.93,0,normal
2026-07-09T21:26:00+00:00,26.05,1006.15,64.87,0,normal
2026-07-09T21:27:00+00:00,26.08,1006.16,64.73,0,normal
2026-07-09T21:28:00+00:00,26.17,1006.21,64.52,0,normal
2026-07-09T21:29:00+00:00,26.14,1006.22,64.22,0,normal
2026-07-09T21:30:00+00:00,25.95,1006.17,64.09,0,normal
2026-07-09T21:31:00+00:00,25.85,1006.1,64.22,0,normal
2026-07-09T21:32:00+00:00,25.77,1006.16,64.4,0,normal
2026-07-09T21:33:00+00:00,25.82,1006.07,64.41,0,normal
2026-07-09T21:34:00+00:00,25.82,1006.09,64.43,0,normal
2026-07-09T21:35:00+00:00,25.77,1006.07,64.51,0,normal
2026-07-09T21:36:00+00:00,25.93,1006.09,64.67,0,normal
2026-07-09T21:37:00+00:00,25.81,1006.02,64.77,0,normal
2026-07-09T21:38:00+00:00,25.88,1006.01,64.88,0,normal
2026-07-09T21:39:00+00:00,25.8,1005.93,65.11,0,normal
2026-07-09T21:40:00+00:00,25.76,1005.95,65.27,0,normal
2026-07-09T21:41:00+00:00,25.67,1005.96,65.14,0,normal
2026-07-09T21:42:00+00:00,25.67,1005.96,65.59,0,normal
2026-07-09T21:43:00+00:00,25.59,1005.89,65.63,0,normal
2026-07-09T21:44:00+00:00,25.62,1005.76,65.93,0,normal
2026-07-09T21:45:00+00:00,25.59,1005.71,65.97,0,normal
2026-07-09T21:46:00+00:00,25.51,1005.66,65.7,0,normal
2026-07-09T21:47:00+00:00,25.56,1005.64,65.75,0,normal
2026-07-09T21:48:00+00:00,25.61,1005.66,65.57,0,normal
2026-07-09T21:49:00+00:00,25.64,1005.74,65.82,0,normal
2026-07-09T21:50:00+00:00,25.55,1005.67,65.78,0,normal
2026-07-09T21:51:00+00:00,25.54,1005.75,65.78,0,normal
2026-07-09T21:52:00+00:00,25.47,1005.81,65.84,0,normal
2026-07-09T21:53:00+00:00,25.58,1005.8,66.22,0,normal
2026-07-09T21:54:00+00:00,25.59,1005.84,66.32,0,normal
2026-07-09T21:55:00+00:00,25.55,1005.86,66.62,0,normal
2026-07-09T21:56:00+00:00,25.57,1005.76,66.79,0,normal
2026-07-09T21:57:00+00:00,25.49,1005.74,67.0,0,normal
2026-07-09T21:58:00+00:00,25.6,1005.73,67.51,0,normal
2026-07-09T21:59:00+00:00,25.48,1005.79,67.69,0,normal
2026-07-09T22:00:00+00:00,25.47,1005.85,67.65,0,normal
2026-07-09T22:01:00+00:00,25.54,1005.84,67.61,0,normal
2026-07-09T22:02:00+00:00,25.4,1005.91,67.94,0,normal
2026-07-09T22:03:00+00:00,25.33,1005.93,68.05,0,normal
2026-07-09T22:04:00+00:00,25.28,1005.96,68.01,0,normal
2026-07-09T22:05:00+00:00,25.08,1005.96,68.11,0,normal
2026-07-09T22:06:00+00:00,25.02,1005.9,67.89,0,normal
2026-07-09T22:07:00+00:00,24.97,1005.84,68.18,0,normal
2026-07-09T22:08:00+00:00,25.0,1005.81,68.38,0,normal
2026-07-09T22:09:00+00:00,24.98,1005.79,68.46,0,normal
2026-07-09T22:10:00+00:00,25.11,1005.81,68.48,0,normal
2026-07-09T22:11:00+00:00,25.15,1005.84,68.63,0,normal
2026-07-09T22:12:00+00:00,25.1,1005.81,68.5,0,normal
2026-07-09T22:13:00+00:00,25.09,1005.77,68.51,0,normal
2026-07-09T22:14:00+00:00,25.12,1005.84,68.68,0,normal
2026-07-09T22:15:00+00:00,25.08,1005.83,69.01,0,normal
2026-07-09T22:16:00+00:00,25.08,1005.82,69.14,0,normal
2026-07-09T22:17:00+00:00,24.94,1005.83,69.05,0,normal
2026-07-09T22:18:00+00:00,24.95,1005.77,69.25,0,normal
2026-07-09T22:19:00+00:00,24.91,1005.7,69.28,0,normal
2026-07-09T22:20:00+00:00,25.06,1005.58,69.39,0,normal
2026-07-09T22:21:00+00:00,24.95,1005.64,69.64,0,normal
2026-07-09T22:22:00+00:00,24.94,1005.68,69.76,0,normal
2026-07-09T22:23:00+00:00,24.91,1005.64,69.76,0,normal
2026-07-09T22:24:00+00:00,24.84,1005.63,69.46,0,normal
2026-07-09T22:25:00+00:00,24.9,1005.72,69.47,0,normal
2026-07-09T22:26:00+00:00,24.96,1005.7,69.44,0,normal
2026-07-09T22:27:00+00:00,24.9,1005.69,69.4,0,normal
2026-07-09T22:28:00+00:00,24.91,1005.65,69.3,0,normal
2026-07-09T22:29:00+00:00,24.88,1005.6,69.35,0,normal
2026-07-09T22:30:00+00:00,24.84,1005.52,69.76,0,normal
2026-07-09T22:31:00+00:00,24.87,1005.48,69.86,0,normal
2026-07-09T22:32:00+00:00,24.88,1005.49,70.33,0,normal
2026-07-09T22:33:00+00:00,24.83,1005.54,70.15,0,normal
2026-07-09T22:34:00+00:00,24.7,1005.61,70.15,0,normal
2026-07-09T22:35:00+00:00,24.57,1005.6,70.5,0,normal
2026-07-09T22:36:00+00:00,24.49,1005.58,70.21,0,normal
2026-07-09T22:37:00+00:00,24.43,1005.62,70.16,0,normal
2026-07-09T22:38:00+00:00,24.3,1005.56,70.14,0,normal
2026-07-09T22:39:00+00:00,24.35,1005.57,70.37,0,normal
2026-07-09T22:40:00+00:00,24.33,1005.52,70.32,0,normal
2026-07-09T22:41:00+00:00,24.35,1005.59,70.24,0,normal
2026-07-09T22:42:00+00:00,24.25,1005.52,70.52,0,normal
2026-07-09T22:43:00+00:00,24.22,1005.53,70.53,0,normal
2026-07-09T22:44:00+00:00,24.26,1005.5,70.33,0,normal
2026-07-09T22:45:00+00:00,24.31,1005.49,70.39,0,normal
2026-07-09T22:46:00+00:00,24.31,1005.4,70.6,0,normal
2026-07-09T22:47:00+00:00,24.24,1005.39,70.94,0,normal
2026-07-09T22:48:00+00:00,24.27,1005.37,71.03,0,normal
2026-07-09T22:49:00+00:00,24.04,1005.32,71.16,0,normal
2026-07-09T22:50:00+00:00,23.96,1005.25,71.36,0,normal
2026-07-09T22:51:00+00:00,24.05,1005.21,71.62,0,normal
2026-07-09T22:52:00+00:00,24.09,1005.16,71.56,0,normal
2026-07-09T22:53:00+00:00,24.22,1005.1,71.53,0,normal
2026-07-09T22:54:00+00:00,24.35,1005.08,71.89,0,normal
2026-07-09T22:55:00+00:00,24.23,1005.09,72.19,0,normal
2026-07-09T22:56:00+00:00,24.16,1005.1,72.41,0,normal
2026-07-09T22:57:00+00:00,24.06,1005.21,72.67,0,normal
2026-07-09T22:58:00+00:00,24.01,1005.2,73.11,0,normal
2026-07-09T22:59:00+00:00,23.96,1005.17,73.37,0,normal
2026-07-09T23:00:00+00:00,23.83,1005.16,73.41,0,normal
2026-07-09T23:01:00+00:00,23.75,1005.08,73.44,0,normal
2026-07-09T23:02:00+00:00,23.8,1005.05,73.23,0,normal
2026-07-09T23:03:00+00:00,23.88,1005.08,73.2,0,normal
2026-07-09T23:04:00+00:00,23.93,1005.09,73.6,0,normal
2026-07-09T23:05:00+00:00,23.96,1005.02,73.49,0,normal
2026-07-09T23:06:00+00:00,23.89,1005.04,73.47,0,normal
2026-07-09T23:07:00+00:00,23.77,1005.07,73.71,0,normal
2026-07-09T23:08:00+00:00,23.74,1005.08,73.55,0,normal
2026-07-09T23:09:00+00:00,23.68,1005.05,73.7,0,normal
2026-07-09T23:10:00+00:00,23.69,1005.04,73.66,0,normal
2026-07-09T23:11:00+00:00,23.51,1005.12,73.29,0,normal
2026-07-09T23:12:00+00:00,23.53,1005.12,73.3,0,normal
2026-07-09T23:13:00+00:00,23.52,1005.08,73.5,0,normal
2026-07-09T23:14:00+00:00,23.4,1005.09,73.42,0,normal
2026-07-09T23:15:00+00:00,23.36,1005.07,73.46,0,normal
2026-07-09T23:16:00+00:00,23.39,1005.07,73.71,0,normal
2026-07-09T23:17:00+00:00,23.47,1005.08,73.91,0,normal
2026-07-09T23:18:00+00:00,23.61,1005.0,74.18,0,normal
2026-07-09T23:19:00+00:00,23.72,1005.03,74.6,0,normal
2026-07-09T23:20:00+00:00,23.83,1005.01,74.57,0,normal
2026-07-09T23:21:00+00:00,23.84,1004.98,75.14,0,normal
2026-07-09T23:22:00+00:00,23.86,1004.98,74.86,0,normal
2026-07-09T23:23:00+00:00,23.84,1004.92,75.03,0,normal
2026-07-09T23:24:00+00:00,23.61,1004.99,74.96,0,normal
2026-07-09T23:25:00+00:00,23.44,1004.99,74.98,0,normal
2026-07-09T23:26:00+00:00,23.42,1005.06,75.08,0,normal
2026-07-09T23:27:00+00:00,23.46,1005.04,75.19,0,normal
2026-07-09T23:28:00+00:00,23.33,1005.05,75.05,0,normal
2026-07-09T23:29:00+00:00,23.42,1005.05,75.21,0,normal
2026-07-09T23:30:00+00:00,23.42,1005.14,74.92,0,normal
2026-07-09T23:31:00+00:00,23.39,1005.08,74.55,0,normal
2026-07-09T23:32:00+00:00,23.28,1005.13,74.61,0,normal
2026-07-09T23:33:00+00:00,23.24,1005.16,74.69,0,normal
2026-07-09T23:34:00+00:00,23.28,1005.17,74.86,0,normal
2026-07-09T23:35:00+00:00,23.22,1005.21,74.67,0,normal
2026-07-09T23:36:00+00:00,23.19,1005.25,74.71,0,normal
2026-07-09T23:37:00+00:00,23.14,1005.35,75.06,0,normal
2026-07-09T23:38:00+00:00,23.14,1005.28,74.7,0,normal
2026-07-09T23:39:00+00:00,9.83,1005.32,74.85,1,temperature_drop
2026-07-09T23:40:00+00:00,7.26,1005.28,74.95,1,temperature_drop
2026-07-09T23:41:00+00:00,10.42,1005.29,75.01,1,temperature_drop
2026-07-09T23:42:00+00:00,13.61,1005.3,75.04,1,temperature_drop
2026-07-09T23:43:00+00:00,23.18,1005.17,75.0,0,normal
2026-07-09T23:44:00+00:00,23.21,1005.22,75.16,0,normal
2026-07-09T23:45:00+00:00,23.13,1005.2,75.28,0,normal
2026-07-09T23:46:00+00:00,23.23,1005.23,75.53,0,normal
2026-07-09T23:47:00+00:00,23.21,1005.17,75.3,0,normal
2026-07-09T23:48:00+00:00,23.16,1005.19,75.27,0,normal
2026-07-09T23:49:00+00:00,23.18,1005.13,75.21,0,normal
2026-07-09T23:50:00+00:00,23.26,1005.16,75.23,0,normal
2026-07-09T23:51:00+00:00,23.16,1005.2,75.48,0,normal
2026-07-09T23:52:00+00:00,23.18,1005.17,75.33,0,normal
2026-07-09T23:53:00+00:00,23.15,1005.23,75.22,0,normal
2026-07-09T23:54:00+00:00,23.13,1005.3,75.25,0,normal
2026-07-09T23:55:00+00:00,23.09,1005.21,75.46,0,normal
2026-07-09T23:56:00+00:00,23.0,1005.12,75.35,0,normal
2026-07-09T23:57:00+00:00,22.99,1005.03,75.16,0,normal
2026-07-09T23:58:00+00:00,23.01,1005.02,75.07,0,normal
2026-07-09T23:59:00+00:00,22.96,1005.1,75.43,0,normal
2026-07-10T00:00:00+00:00,22.93,1005.13,75.55,0,normal
2026-07-10T00:01:00+00:00,22.76,1005.03,75.45,0,normal
2026-07-10T00:02:00+00:00,22.62,1005.03,75.43,0,normal
2026-07-10T00:03:00+00:00,22.65,1005.05,75.67,0,normal
2026-07-10T00:04:00+00:00,22.56,1005.07,75.56,0,normal
2026-07-10T00:05:00+00:00,22.61,1005.12,75.8,0,normal
2026-07-10T00:06:00+00:00,22.58,1005.14,75.58,0,normal
2026-07-10T00:07:00+00:00,22.43,1005.15,75.94,0,normal
2026-07-10T00:08:00+00:00,22.33,1005.14,76.11,0,normal
2026-07-10T00:09:00+00:00,22.28,1005.12,76.31,0,normal
2026-07-10T00:10:00+00:00,22.29,1005.11,76.18,0,normal
2026-07-10T00:11:00+00:00,22.29,1005.08,76.19,0,normal
2026-07-10T00:12:00+00:00,22.25,1005.07,76.09,0,normal
2026-07-10T00:13:00+00:00,22.25,1005.05,75.99,0,normal
2026-07-10T00:14:00+00:00,22.1,1005.09,76.23,0,normal
2026-07-10T00:15:00+00:00,22.04,1005.12,76.11,0,normal
2026-07-10T00:16:00+00:00,22.03,1005.08,76.15,0,normal
2026-07-10T00:17:00+00:00,22.09,1005.06,76.17,0,normal
2026-07-10T00:18:00+00:00,22.16,1005.05,76.14,0,normal
2026-07-10T00:19:00+00:00,22.18,1005.1,76.45,0,normal
2026-07-10T00:20:00+00:00,22.07,1005.03,76.73,0,normal
2026-07-10T00:21:00+00:00,22.06,1004.92,76.66,0,normal
2026-07-10T00:22:00+00:00,22.03,1004.9,76.88,0,normal
2026-07-10T00:23:00+00:00,21.96,1004.95,77.01,0,normal
2026-07-10T00:24:00+00:00,21.87,1004.94,77.17,0,normal
2026-07-10T00:25:00+00:00,21.88,1004.96,77.11,0,normal
2026-07-10T00:26:00+00:00,21.94,1004.94,77.68,0,normal
2026-07-10T00:27:00+00:00,21.84,1005.08,77.52,0,normal
2026-07-10T00:28:00+00:00,21.96,1005.11,77.38,0,normal
2026-07-10T00:29:00+00:00,22.01,1005.08,77.49,0,normal
2026-07-10T00:30:00+00:00,22.03,1005.06,77.45,0,normal
2026-07-10T00:31:00+00:00,22.06,1005.01,77.33,0,normal
2026-07-10T00:32:00+00:00,22.13,1005.04,77.13,0,normal
2026-07-10T00:33:00+00:00,22.05,1004.93,77.39,0,normal
2026-07-10T00:34:00+00:00,22.1,1004.88,77.58,0,normal
2026-07-10T00:35:00+00:00,22.26,1004.81,77.51,0,normal
2026-07-10T00:36:00+00:00,22.12,1004.87,77.55,0,normal
2026-07-10T00:37:00+00:00,22.08,1004.89,77.49,0,normal
2026-07-10T00:38:00+00:00,22.05,1004.91,77.44,0,normal
2026-07-10T00:39:00+00:00,22.01,1004.91,77.52,0,normal
2026-07-10T00:40:00+00:00,22.05,1004.95,77.29,0,normal
2026-07-10T00:41:00+00:00,22.16,1004.95,77.3,0,normal
2026-07-10T00:42:00+00:00,22.08,1005.06,77.85,0,normal
2026-07-10T00:43:00+00:00,22.22,1005.07,77.97,0,normal
2026-07-10T00:44:00+00:00,22.33,1005.06,78.13,0,normal
2026-07-10T00:45:00+00:00,22.33,1005.15,78.46,0,normal
2026-07-10T00:46:00+00:00,22.29,1005.23,78.48,0,normal
2026-07-10T00:47:00+00:00,22.23,1005.21,78.54,0,normal
2026-07-10T00:48:00+00:00,22.15,1005.18,78.28,0,normal
2026-07-10T00:49:00+00:00,22.07,1005.19,78.53,0,normal
2026-07-10T00:50:00+00:00,22.14,1005.2,78.25,0,normal
2026-07-10T00:51:00+00:00,22.05,1005.19,78.49,0,normal
2026-07-10T00:52:00+00:00,22.0,1005.13,78.81,0,normal
2026-07-10T00:53:00+00:00,21.93,1005.07,78.88,0,normal
2026-07-10T00:54:00+00:00,21.93,1005.05,78.9,0,normal
2026-07-10T00:55:00+00:00,21.85,1005.03,78.91,0,normal
2026-07-10T00:56:00+00:00,21.68,1005.09,78.65,0,normal
2026-07-10T00:57:00+00:00,21.62,1005.14,78.8,0,normal
2026-07-10T00:58:00+00:00,21.63,1005.06,78.7,0,normal
2026-07-10T00:59:00+00:00,21.62,1005.06,78.96,0,normal
2026-07-10T01:00:00+00:00,21.79,1005.1,78.88,0,normal
2026-07-10T01:01:00+00:00,21.89,1005.08,78.38,0,normal
2026-07-10T01:02:00+00:00,21.78,1004.97,78.36,0,normal
2026-07-10T01:03:00+00:00,21.77,1004.9,78.24,0,normal
2026-07-10T01:04:00+00:00,21.66,1004.91,78.13,0,normal
2026-07-10T01:05:00+00:00,21.74,1004.94,78.52,0,normal
2026-07-10T01:06:00+00:00,21.71,1005.06,78.57,0,normal
2026-07-10T01:07:00+00:00,21.67,1005.19,78.26,0,normal
2026-07-10T01:08:00+00:00,21.63,1005.11,77.95,0,normal
2026-07-10T01:09:00+00:00,21.47,1005.15,77.77,0,normal
2026-07-10T01:10:00+00:00,21.46,1005.21,77.96,0,normal
2026-07-10T01:11:00+00:00,21.5,1005.27,78.36,0,normal
2026-07-10T01:12:00+00:00,21.42,1005.3,78.37,0,normal
2026-07-10T01:13:00+00:00,21.42,1005.23,78.33,0,normal
2026-07-10T01:14:00+00:00,21.4,1005.3,78.17,0,normal
2026-07-10T01:15:00+00:00,21.22,1005.31,77.99,0,normal
2026-07-10T01:16:00+00:00,21.24,1005.34,78.06,0,normal
2026-07-10T01:17:00+00:00,21.22,1005.34,78.31,0,normal
2026-07-10T01:18:00+00:00,21.15,1005.38,78.19,0,normal
2026-07-10T01:19:00+00:00,21.23,1005.3,78.38,0,normal
2026-07-10T01:20:00+00:00,21.24,1005.31,78.64,0,normal
2026-07-10T01:21:00+00:00,21.2,1005.32,78.76,0,normal
2026-07-10T01:22:00+00:00,21.2,1005.36,78.88,0,normal
2026-07-10T01:23:00+00:00,21.17,1005.43,79.04,0,normal
2026-07-10T01:24:00+00:00,21.13,1005.39,79.04,0,normal
2026-07-10T01:25:00+00:00,21.19,1005.28,78.92,0,normal
2026-07-10T01:26:00+00:00,21.17,1005.22,78.76,0,normal
2026-07-10T01:27:00+00:00,21.2,1005.21,78.74,0,normal
2026-07-10T01:28:00+00:00,21.11,1005.21,78.5,0,normal
2026-07-10T01:29:00+00:00,21.26,1005.32,78.47,0,normal
2026-07-10T01:30:00+00:00,21.19,1005.37,78.67,0,normal
2026-07-10T01:31:00+00:00,21.36,1005.49,78.33,0,normal
2026-07-10T01:32:00+00:00,21.46,1005.48,78.52,0,normal
2026-07-10T01:33:00+00:00,21.53,1005.52,78.79,0,normal
2026-07-10T01:34:00+00:00,21.49,1005.48,79.09,0,normal
2026-07-10T01:35:00+00:00,21.43,1005.58,78.98,0,normal
2026-07-10T01:36:00+00:00,21.41,1005.57,78.73,0,normal
2026-07-10T01:37:00+00:00,21.29,1005.62,78.45,0,normal
2026-07-10T01:38:00+00:00,21.51,1005.62,78.32,0,normal
2026-07-10T01:39:00+00:00,21.55,1005.5,78.34,0,normal
2026-07-10T01:40:00+00:00,21.53,1005.44,78.3,0,normal
2026-07-10T01:41:00+00:00,21.66,1005.46,78.47,0,normal
2026-07-10T01:42:00+00:00,21.59,1005.41,78.5,0,normal
2026-07-10T01:43:00+00:00,21.4,1005.37,78.33,0,normal
2026-07-10T01:44:00+00:00,21.24,1005.42,78.39,0,normal
2026-07-10T01:45:00+00:00,21.21,1005.47,78.15,0,normal
2026-07-10T01:46:00+00:00,21.12,1005.54,78.7,0,normal
2026-07-10T01:47:00+00:00,21.2,1005.57,78.66,0,normal
2026-07-10T01:48:00+00:00,21.17,1005.6,79.0,0,normal
2026-07-10T01:49:00+00:00,21.23,1005.66,78.88,0,normal
2026-07-10T01:50:00+00:00,21.3,1005.63,78.97,0,normal
2026-07-10T01:51:00+00:00,21.36,1005.61,78.82,0,normal
2026-07-10T01:52:00+00:00,21.4,1005.62,78.91,0,normal
2026-07-10T01:53:00+00:00,21.46,1005.7,79.11,0,normal
2026-07-10T01:54:00+00:00,21.51,1005.68,79.09,0,normal
2026-07-10T01:55:00+00:00,21.55,1005.67,79.23,0,normal
2026-07-10T01:56:00+00:00,21.48,1005.78,79.32,0,normal
2026-07-10T01:57:00+00:00,21.5,1005.76,79.74,0,normal
2026-07-10T01:58:00+00:00,21.4,1005.74,79.93,0,normal
2026-07-10T01:59:00+00:00,21.43,1005.72,79.83,0,normal
2026-07-10T02:00:00+00:00,21.41,1005.74,80.16,0,normal
2026-07-10T02:01:00+00:00,21.47,1005.8,80.07,0,normal
2026-07-10T02:02:00+00:00,21.52,1005.73,80.11,0,normal
2026-07-10T02:03:00+00:00,21.53,1005.84,80.43,0,normal
2026-07-10T02:04:00+00:00,21.51,1005.81,80.25,0,normal
2026-07-10T02:05:00+00:00,21.49,1005.88,80.33,0,normal
2026-07-10T02:06:00+00:00,21.54,1005.93,80.12,0,normal
2026-07-10T02:07:00+00:00,21.48,1005.97,79.97,0,normal
2026-07-10T02:08:00+00:00,21.36,1005.92,80.19,0,normal
2026-07-10T02:09:00+00:00,21.34,1005.94,79.98,0,normal
2026-07-10T02:10:00+00:00,21.39,1005.94,80.08,0,normal
2026-07-10T02:11:00+00:00,21.36,1005.97,79.97,0,normal
2026-07-10T02:12:00+00:00,21.36,1005.97,79.99,0,normal
2026-07-10T02:13:00+00:00,21.4,1005.95,79.97,0,normal
2026-07-10T02:14:00+00:00,21.42,1005.99,79.96,0,normal
2026-07-10T02:15:00+00:00,21.36,1006.01,80.1,0,normal
2026-07-10T02:16:00+00:00,21.26,1009.49,79.97,1,pressure_spike
2026-07-10T02:17:00+00:00,21.33,999.5,79.51,1,pressure_spike
2026-07-10T02:18:00+00:00,21.2,1010.61,79.57,1,pressure_spike
2026-07-10T02:19:00+00:00,21.25,1012.72,79.56,1,pressure_spike
2026-07-10T02:20:00+00:00,21.33,1006.02,79.49,0,normal
2026-07-10T02:21:00+00:00,21.41,1006.09,79.54,0,normal
2026-07-10T02:22:00+00:00,21.53,1006.09,79.54,0,normal
2026-07-10T02:23:00+00:00,21.53,1006.1,79.5,0,normal
2026-07-10T02:24:00+00:00,21.48,1006.06,79.55,0,normal
2026-07-10T02:25:00+00:00,21.58,1006.12,79.65,0,normal
2026-07-10T02:26:00+00:00,21.68,1006.13,79.47,0,normal
2026-07-10T02:27:00+00:00,21.65,1006.14,79.4,0,normal
2026-07-10T02:28:00+00:00,21.7,1006.21,79.08,0,normal
2026-07-10T02:29:00+00:00,21.69,1006.07,79.11,0,normal
2026-07-10T02:30:00+00:00,21.68,1006.18,79.45,0,normal
2026-07-10T02:31:00+00:00,21.75,1006.15,79.27,0,normal
2026-07-10T02:32:00+00:00,21.66,1006.24,79.12,0,normal
2026-07-10T02:33:00+00:00,21.62,1006.21,78.91,0,normal
2026-07-10T02:34:00+00:00,21.65,1006.24,78.52,0,normal
2026-07-10T02:35:00+00:00,21.55,1006.27,78.57,0,normal
2026-07-10T02:36:00+00:00,21.52,1006.31,78.35,0,normal
2026-07-10T02:37:00+00:00,21.48,1006.35,78.3,0,normal
2026-07-10T02:38:00+00:00,21.52,1006.31,78.21,0,normal
2026-07-10T02:39:00+00:00,21.38,1006.22,78.2,0,normal
2026-07-10T02:40:00+00:00,21.43,1006.24,78.51,0,normal
2026-07-10T02:41:00+00:00,21.41,1006.15,78.65,0,normal
2026-07-10T02:42:00+00:00,21.34,1006.19,78.25,0,normal
2026-07-10T02:43:00+00:00,21.34,1006.25,78.44,0,normal
2026-07-10T02:44:00+00:00,21.33,1006.27,78.41,0,normal
2026-07-10T02:45:00+00:00,21.33,1006.32,78.32,0,normal
2026-07-10T02:46:00+00:00,21.3,1006.27,78.52,0,normal
2026-07-10T02:47:00+00:00,21.29,1006.23,78.75,0,normal
2026-07-10T02:48:00+00:00,21.31,1006.22,78.96,0,normal
2026-07-10T02:49:00+00:00,21.3,1006.17,79.18,0,normal
2026-07-10T02:50:00+00:00,21.25,1006.35,79.1,0,normal
2026-07-10T02:51:00+00:00,21.11,1006.46,79.11,0,normal
2026-07-10T02:52:00+00:00,21.15,1006.49,78.85,0,normal
2026-07-10T02:53:00+00:00,21.01,1006.61,78.56,0,normal
2026-07-10T02:54:00+00:00,21.17,1006.65,78.64,0,normal
2026-07-10T02:55:00+00:00,21.16,1006.77,78.53,0,normal
2026-07-10T02:56:00+00:00,21.13,1006.81,78.44,0,normal
2026-07-10T02:57:00+00:00,21.08,1006.82,78.62,0,normal
2026-07-10T02:58:00+00:00,21.26,1006.93,78.29,0,normal
2026-07-10T02:59:00+00:00,21.37,1006.88,78.15,0,normal
2026-07-10T03:00:00+00:00,21.34,1006.85,77.99,0,normal
2026-07-10T03:01:00+00:00,21.18,1006.93,78.23,0,normal
2026-07-10T03:02:00+00:00,21.21,1006.89,78.53,0,normal
2026-07-10T03:03:00+00:00,21.23,1006.86,78.23,0,normal
2026-07-10T03:04:00+00:00,21.3,1006.86,78.33,0,normal
2026-07-10T03:05:00+00:00,21.33,1006.9,78.41,0,normal
2026-07-10T03:06:00+00:00,21.33,1006.94,78.63,0,normal
2026-07-10T03:07:00+00:00,21.48,1006.89,78.88,0,normal
2026-07-10T03:08:00+00:00,21.37,1006.95,78.77,0,normal
2026-07-10T03:09:00+00:00,21.46,1007.03,78.82,0,normal
2026-07-10T03:10:00+00:00,21.48,1007.04,78.75,0,normal
2026-07-10T03:11:00+00:00,21.59,1007.04,78.33,0,normal
2026-07-10T03:12:00+00:00,21.67,1007.09,78.38,0,normal
2026-07-10T03:13:00+00:00,21.62,1007.04,78.26,0,normal
2026-07-10T03:14:00+00:00,21.66,1006.96,78.38,0,normal
2026-07-10T03:15:00+00:00,21.68,1007.05,78.56,0,normal
2026-07-10T03:16:00+00:00,21.63,1006.97,78.41,0,normal
2026-07-10T03:17:00+00:00,21.76,1007.01,78.56,0,normal
2026-07-10T03:18:00+00:00,21.72,1007.05,78.28,0,normal
2026-07-10T03:19:00+00:00,21.81,1007.01,77.91,0,normal
2026-07-10T03:20:00+00:00,22.0,1007.03,77.98,0,normal
2026-07-10T03:21:00+00:00,21.85,1007.08,78.2,0,normal
2026-07-10T03:22:00+00:00,21.84,1007.15,78.47,0,normal
2026-07-10T03:23:00+00:00,21.89,1007.05,78.25,0,normal
2026-07-10T03:24:00+00:00,22.04,1007.08,78.29,0,normal
2026-07-10T03:25:00+00:00,21.97,1007.07,78.55,0,normal
2026-07-10T03:26:00+00:00,22.09,1007.13,78.67,0,normal
2026-07-10T03:27:00+00:00,22.14,1007.15,78.43,0,normal
2026-07-10T03:28:00+00:00,22.03,1007.23,78.43,0,normal
2026-07-10T03:29:00+00:00,22.07,1007.26,78.49,0,normal
2026-07-10T03:30:00+00:00,22.1,1007.31,78.34,0,normal
2026-07-10T03:31:00+00:00,22.19,1007.29,78.39,0,normal
2026-07-10T03:32:00+00:00,22.1,1007.3,78.26,0,normal
2026-07-10T03:33:00+00:00,22.1,1007.35,78.29,0,normal
2026-07-10T03:34:00+00:00,22.26,1007.4,78.25,0,normal
2026-07-10T03:35:00+00:00,22.25,1007.44,78.39,0,normal
2026-07-10T03:36:00+00:00,22.15,1007.48,78.15,0,normal
2026-07-10T03:37:00+00:00,22.19,1007.55,78.21,0,normal
2026-07-10T03:38:00+00:00,22.01,1007.47,78.32,0,normal
2026-07-10T03:39:00+00:00,21.82,1007.51,78.52,0,normal
2026-07-10T03:40:00+00:00,21.93,1007.51,78.58,0,normal
2026-07-10T03:41:00+00:00,21.96,1007.45,78.71,0,normal
2026-07-10T03:42:00+00:00,22.09,1007.51,78.58,0,normal
2026-07-10T03:43:00+00:00,22.16,1007.59,78.78,0,normal
2026-07-10T03:44:00+00:00,22.25,1007.52,78.82,0,normal
2026-07-10T03:45:00+00:00,22.3,1007.59,78.88,0,normal
2026-07-10T03:46:00+00:00,22.42,1007.51,78.95,0,normal
2026-07-10T03:47:00+00:00,22.46,1007.58,79.2,0,normal
2026-07-10T03:48:00+00:00,22.38,1007.67,79.29,0,normal
2026-07-10T03:49:00+00:00,22.36,1007.64,79.26,0,normal
2026-07-10T03:50:00+00:00,22.39,1007.67,79.06,0,normal
2026-07-10T03:51:00+00:00,22.44,1007.66,79.23,0,normal
2026-07-10T03:52:00+00:00,22.57,1007.64,79.16,0,normal
2026-07-10T03:53:00+00:00,22.64,1007.67,78.81,0,normal
2026-07-10T03:54:00+00:00,22.7,1007.66,78.79,0,normal
2026-07-10T03:55:00+00:00,22.61,1007.72,78.64,0,normal
2026-07-10T03:56:00+00:00,22.67,1007.72,78.49,0,normal
2026-07-10T03:57:00+00:00,22.69,1007.69,78.79,0,normal
2026-07-10T03:58:00+00:00,22.7,1007.68,78.64,0,normal
2026-07-10T03:59:00+00:00,22.69,1007.75,78.4,0,normal
2026-07-10T04:00:00+00:00,22.65,1007.77,78.65,0,normal
2026-07-10T04:01:00+00:00,22.72,1007.87,78.59,0,normal
2026-07-10T04:02:00+00:00,22.83,1007.94,78.65,0,normal
2026-07-10T04:03:00+00:00,22.88,1007.93,78.94,0,normal
2026-07-10T04:04:00+00:00,22.84,1007.97,78.99,0,normal
2026-07-10T04:05:00+00:00,22.72,1007.98,78.93,0,normal
2026-07-10T04:06:00+00:00,22.71,1007.99,79.13,0,normal
2026-07-10T04:07:00+00:00,22.64,1007.94,78.9,0,normal
2026-07-10T04:08:00+00:00,22.7,1008.0,78.92,0,normal
2026-07-10T04:09:00+00:00,22.77,1008.02,78.72,0,normal
2026-07-10T04:10:00+00:00,22.69,1007.97,78.57,0,normal
2026-07-10T04:11:00+00:00,22.75,1008.0,78.49,0,normal
2026-07-10T04:12:00+00:00,22.66,1008.15,78.23,0,normal
2026-07-10T04:13:00+00:00,22.67,1008.21,78.16,0,normal
2026-07-10T04:14:00+00:00,22.61,1008.26,77.81,0,normal
2026-07-10T04:15:00+00:00,22.76,1008.28,77.7,0,normal
2026-07-10T04:16:00+00:00,22.65,1008.23,77.63,0,normal
2026-07-10T04:17:00+00:00,22.8,1008.25,77.64,0,normal
2026-07-10T04:18:00+00:00,22.84,1008.38,77.48,0,normal
2026-07-10T04:19:00+00:00,22.96,1008.36,77.28,0,normal
2026-07-10T04:20:00+00:00,22.95,1008.36,77.35,0,normal
2026-07-10T04:21:00+00:00,22.76,1008.37,77.17,0,normal
2026-07-10T04:22:00+00:00,22.71,1008.32,77.04,0,normal
2026-07-10T04:23:00+00:00,22.67,1008.3,76.67,0,normal
2026-07-10T04:24:00+00:00,22.69,1008.28,76.31,0,normal
2026-07-10T04:25:00+00:00,22.66,1008.25,76.3,0,normal
2026-07-10T04:26:00+00:00,22.63,1008.19,76.11,0,normal
2026-07-10T04:27:00+00:00,22.51,1008.27,76.35,0,normal
2026-07-10T04:28:00+00:00,22.65,1008.26,76.59,0,normal
2026-07-10T04:29:00+00:00,22.7,1008.23,76.42,0,normal
2026-07-10T04:30:00+00:00,22.7,1008.26,76.46,0,normal
2026-07-10T04:31:00+00:00,22.72,1008.26,76.68,0,normal
2026-07-10T04:32:00+00:00,22.72,1008.27,76.59,0,normal
2026-07-10T04:33:00+00:00,22.73,1008.22,76.33,0,normal
2026-07-10T04:34:00+00:00,22.95,1008.16,76.34,0,normal
2026-07-10T04:35:00+00:00,22.98,1008.24,76.37,0,normal
2026-07-10T04:36:00+00:00,23.14,1008.28,76.59,0,normal
2026-07-10T04:37:00+00:00,23.22,1008.38,76.53,0,normal
2026-07-10T04:38:00+00:00,23.25,1008.38,76.49,0,normal
2026-07-10T04:39:00+00:00,23.27,1008.29,76.4,0,normal
2026-07-10T04:40:00+00:00,23.34,1008.25,76.14,0,normal
2026-07-10T04:41:00+00:00,23.42,1008.34,75.96,0,normal
2026-07-10T04:42:00+00:00,23.43,1008.36,76.14,0,normal
2026-07-10T04:43:00+00:00,23.38,1008.37,76.35,0,normal
2026-07-10T04:44:00+00:00,23.29,1008.36,76.3,0,normal
2026-07-10T04:45:00+00:00,23.42,1008.33,76.08,0,normal
2026-07-10T04:46:00+00:00,23.46,1008.39,76.06,0,normal
2026-07-10T04:47:00+00:00,23.44,1008.42,75.69,0,normal
2026-07-10T04:48:00+00:00,23.45,1008.52,75.37,0,normal
2026-07-10T04:49:00+00:00,23.38,1008.52,75.26,0,normal
2026-07-10T04:50:00+00:00,23.53,1008.49,74.99,0,normal
2026-07-10T04:51:00+00:00,23.59,1008.48,75.12,0,normal
2026-07-10T04:52:00+00:00,23.57,1008.53,74.77,0,normal
2026-07-10T04:53:00+00:00,23.6,1008.56,74.69,0,normal
2026-07-10T04:54:00+00:00,23.49,1008.59,74.81,0,normal
2026-07-10T04:55:00+00:00,23.45,1008.59,74.94,0,normal
2026-07-10T04:56:00+00:00,23.59,1008.65,74.94,0,normal
2026-07-10T04:57:00+00:00,23.57,1008.67,74.63,0,normal
2026-07-10T04:58:00+00:00,23.56,1008.74,74.6,0,normal
2026-07-10T04:59:00+00:00,23.51,1008.72,74.56,0,normal
2026-07-10T05:00:00+00:00,23.42,1008.69,74.83,0,normal
2026-07-10T05:01:00+00:00,23.35,1008.67,74.84,0,normal
2026-07-10T05:02:00+00:00,23.33,1008.7,74.95,0,normal
2026-07-10T05:03:00+00:00,23.22,1008.75,74.77,0,normal
2026-07-10T05:04:00+00:00,23.23,1008.87,74.42,0,normal
2026-07-10T05:05:00+00:00,23.3,1008.93,74.24,0,normal
2026-07-10T05:06:00+00:00,23.27,1008.93,74.06,0,normal
2026-07-10T05:07:00+00:00,23.3,1008.98,73.95,0,normal
2026-07-10T05:08:00+00:00,23.4,1009.06,74.0,0,normal
2026-07-10T05:09:00+00:00,23.46,1009.03,73.44,0,normal
2026-07-10T05:10:00+00:00,23.53,1009.08,73.47,0,normal
2026-07-10T05:11:00+00:00,23.62,1009.06,73.55,0,normal
2026-07-10T05:12:00+00:00,23.75,1009.1,73.79,0,normal
2026-07-10T05:13:00+00:00,23.86,1009.04,73.89,0,normal
2026-07-10T05:14:00+00:00,23.82,1008.99,73.78,0,normal
2026-07-10T05:15:00+00:00,23.97,1008.98,73.38,0,normal
2026-07-10T05:16:00+00:00,23.85,1009.02,73.19,0,normal
2026-07-10T05:17:00+00:00,23.69,1008.96,73.2,0,normal
2026-07-10T05:18:00+00:00,23.77,1008.95,73.3,0,normal
2026-07-10T05:19:00+00:00,23.86,1008.93,73.23,0,normal
2026-07-10T05:20:00+00:00,23.82,1008.97,73.07,0,normal
2026-07-10T05:21:00+00:00,23.74,1008.99,73.25,0,normal
2026-07-10T05:22:00+00:00,23.8,1009.05,73.39,0,normal
2026-07-10T05:23:00+00:00,23.82,1009.04,73.15,0,normal
2026-07-10T05:24:00+00:00,23.71,1009.11,73.03,0,normal
2026-07-10T05:25:00+00:00,23.6,1009.18,73.0,0,normal
2026-07-10T05:26:00+00:00,23.71,1009.18,72.79,0,normal
2026-07-10T05:27:00+00:00,23.77,1009.21,72.69,0,normal
2026-07-10T05:28:00+00:00,23.9,1009.27,72.76,0,normal
2026-07-10T05:29:00+00:00,23.83,1009.21,72.95,0,normal
2026-07-10T05:30:00+00:00,23.68,1009.21,72.91,0,normal
2026-07-10T05:31:00+00:00,23.67,1009.22,72.93,0,normal
2026-07-10T05:32:00+00:00,23.66,1009.27,72.97,0,normal
2026-07-10T05:33:00+00:00,23.68,1009.23,72.88,0,normal
2026-07-10T05:34:00+00:00,23.89,1009.21,73.11,0,normal
2026-07-10T05:35:00+00:00,23.78,1009.17,72.91,0,normal
2026-07-10T05:36:00+00:00,23.89,1009.19,73.08,0,normal
2026-07-10T05:37:00+00:00,23.89,1009.2,72.92,0,normal
2026-07-10T05:38:00+00:00,24.08,1009.15,72.72,0,normal
2026-07-10T05:39:00+00:00,24.03,1009.2,72.41,0,normal
2026-07-10T05:40:00+00:00,24.2,1009.21,72.41,0,normal
2026-07-10T05:41:00+00:00,24.26,1009.22,72.36,0,normal
2026-07-10T05:42:00+00:00,24.28,1009.26,72.11,0,normal
2026-07-10T05:43:00+00:00,24.22,1009.31,72.04,0,normal
2026-07-10T05:44:00+00:00,24.08,1009.3,72.27,0,normal
2026-07-10T05:45:00+00:00,24.1,1009.28,71.88,0,normal
2026-07-10T05:46:00+00:00,24.08,1009.23,71.89,0,normal
2026-07-10T05:47:00+00:00,24.12,1009.23,71.66,0,normal
2026-07-10T05:48:00+00:00,24.28,1009.21,71.45,0,normal
2026-07-10T05:49:00+00:00,24.28,1009.22,71.48,0,normal
2026-07-10T05:50:00+00:00,24.38,1009.28,71.9,0,normal
2026-07-10T05:51:00+00:00,24.27,1009.3,71.7,0,normal
2026-07-10T05:52:00+00:00,24.46,1009.32,71.2,0,normal
2026-07-10T05:53:00+00:00,24.52,1009.34,71.29,0,normal
2026-07-10T05:54:00+00:00,24.48,1009.37,71.16,0,normal
2026-07-10T05:55:00+00:00,24.45,1009.4,71.11,0,normal
2026-07-10T05:56:00+00:00,24.56,1009.41,71.16,0,normal
2026-07-10T05:57:00+00:00,24.49,1009.48,70.92,0,normal
2026-07-10T05:58:00+00:00,24.59,1009.5,70.87,0,normal
2026-07-10T05:59:00+00:00,24.67,1009.4,70.68,0,normal
2026-07-10T06:00:00+00:00,24.75,1009.5,70.61,0,normal
2026-07-10T06:01:00+00:00,24.57,1009.49,70.52,0,normal
2026-07-10T06:02:00+00:00,24.69,1009.5,70.2,0,normal
2026-07-10T06:03:00+00:00,24.79,1009.53,70.0,0,normal
2026-07-10T06:04:00+00:00,24.87,1009.51,69.88,0,normal
2026-07-10T06:05:00+00:00,24.84,1009.5,70.01,0,normal
2026-07-10T06:06:00+00:00,24.72,1009.56,69.98,0,normal
2026-07-10T06:07:00+00:00,24.72,1009.56,69.74,0,normal
2026-07-10T06:08:00+00:00,24.61,1009.52,69.3,0,normal
2026-07-10T06:09:00+00:00,24.54,1009.44,69.5,0,normal
2026-07-10T06:10:00+00:00,24.48,1009.45,69.67,0,normal
2026-07-10T06:11:00+00:00,24.59,1009.44,69.55,0,normal
2026-07-10T06:12:00+00:00,24.65,1009.56,69.57,0,normal
2026-07-10T06:13:00+00:00,24.74,1009.67,69.55,0,normal
2026-07-10T06:14:00+00:00,24.87,1009.7,69.57,0,normal
2026-07-10T06:15:00+00:00,24.82,1009.64,69.39,0,normal
2026-07-10T06:16:00+00:00,24.93,1009.68,69.58,0,normal
2026-07-10T06:17:00+00:00,24.96,1009.7,69.6,0,normal
2026-07-10T06:18:00+00:00,24.98,1009.68,69.21,0,normal
2026-07-10T06:19:00+00:00,25.0,1009.68,69.36,0,normal
2026-07-10T06:20:00+00:00,25.13,1009.68,69.68,0,normal
2026-07-10T06:21:00+00:00,25.17,1009.73,69.55,0,normal
2026-07-10T06:22:00+00:00,25.1,1009.71,69.74,0,normal
2026-07-10T06:23:00+00:00,25.11,1009.68,69.61,0,normal
2026-07-10T06:24:00+00:00,25.11,,69.87,1,missing_data
2026-07-10T06:25:00+00:00,25.15,,69.93,1,missing_data
2026-07-10T06:26:00+00:00,25.19,,69.7,1,missing_data
2026-07-10T06:27:00+00:00,25.25,,69.2,1,missing_data
2026-07-10T06:28:00+00:00,25.25,1009.69,69.26,0,normal
2026-07-10T06:29:00+00:00,25.22,1009.67,69.04,0,normal
2026-07-10T06:30:00+00:00,25.32,1009.71,69.02,0,normal
2026-07-10T06:31:00+00:00,25.44,1009.77,68.53,0,normal
2026-07-10T06:32:00+00:00,25.51,1009.75,68.18,0,normal
2026-07-10T06:33:00+00:00,25.51,1009.78,68.38,0,normal
2026-07-10T06:34:00+00:00,25.43,1009.81,68.67,0,normal
2026-07-10T06:35:00+00:00,25.61,1009.63,68.98,0,normal
2026-07-10T06:36:00+00:00,25.71,1009.51,68.69,0,normal
2026-07-10T06:37:00+00:00,25.83,1009.54,68.44,0,normal
2026-07-10T06:38:00+00:00,25.85,1009.57,68.2,0,normal
2026-07-10T06:39:00+00:00,25.86,1009.62,67.94,0,normal
2026-07-10T06:40:00+00:00,25.76,1009.59,67.66,0,normal
2026-07-10T06:41:00+00:00,25.74,1009.51,67.6,0,normal
2026-07-10T06:42:00+00:00,25.83,1009.48,67.37,0,normal
2026-07-10T06:43:00+00:00,25.84,1009.44,67.48,0,normal
2026-07-10T06:44:00+00:00,25.79,1009.42,67.22,0,normal
2026-07-10T06:45:00+00:00,25.9,1009.43,67.52,0,normal
2026-07-10T06:46:00+00:00,25.95,1009.49,67.34,0,normal
2026-07-10T06:47:00+00:00,25.9,1009.5,67.1,0,normal
2026-07-10T06:48:00+00:00,25.77,1009.56,67.0,0,normal
2026-07-10T06:49:00+00:00,25.75,1009.58,66.91,0,normal
2026-07-10T06:50:00+00:00,25.9,1009.61,66.77,0,normal
2026-07-10T06:51:00+00:00,25.98,1009.61,66.71,0,normal
2026-07-10T06:52:00+00:00,26.11,1009.55,66.43,0,normal
2026-07-10T06:53:00+00:00,26.1,1009.54,66.57,0,normal
2026-07-10T06:54:00+00:00,26.01,1009.55,66.36,0,normal
2026-07-10T06:55:00+00:00,26.18,1009.6,66.31,0,normal
2026-07-10T06:56:00+00:00,26.28,1009.53,66.61,0,normal
2026-07-10T06:57:00+00:00,26.23,1009.6,66.6,0,normal
2026-07-10T06:58:00+00:00,26.28,1009.66,66.68,0,normal
2026-07-10T06:59:00+00:00,26.31,1009.64,66.57,0,normal
2026-07-10T07:00:00+00:00,26.33,1009.66,66.64,0,normal
2026-07-10T07:01:00+00:00,26.39,1009.66,66.37,0,normal
2026-07-10T07:02:00+00:00,26.44,1009.58,66.08,0,normal
2026-07-10T07:03:00+00:00,26.51,1009.62,65.95,0,normal
2026-07-10T07:04:00+00:00,26.54,1009.64,65.97,0,normal
2026-07-10T07:05:00+00:00,26.55,1009.59,65.92,0,normal
2026-07-10T07:06:00+00:00,26.73,1009.55,65.77,0,normal
2026-07-10T07:07:00+00:00,26.71,1009.67,65.45,0,normal
2026-07-10T07:08:00+00:00,26.71,1009.65,65.08,0,normal
2026-07-10T07:09:00+00:00,26.62,1009.67,65.13,0,normal
2026-07-10T07:10:00+00:00,26.6,1009.74,64.57,0,normal
2026-07-10T07:11:00+00:00,26.53,1009.69,64.48,0,normal
2026-07-10T07:12:00+00:00,26.52,1009.68,64.5,0,normal
2026-07-10T07:13:00+00:00,26.67,1009.71,64.42,0,normal
2026-07-10T07:14:00+00:00,26.69,1009.76,64.7,0,normal
2026-07-10T07:15:00+00:00,26.77,1009.73,64.64,0,normal
2026-07-10T07:16:00+00:00,26.84,1009.69,64.71,0,normal
2026-07-10T07:17:00+00:00,26.89,1009.74,64.39,0,normal
2026-07-10T07:18:00+00:00,26.77,1009.71,64.29,0,normal
2026-07-10T07:19:00+00:00,26.65,1009.67,64.44,0,normal
2026-07-10T07:20:00+00:00,26.73,1009.67,64.11,0,normal
2026-07-10T07:21:00+00:00,26.87,1009.65,64.02,0,normal
2026-07-10T07:22:00+00:00,26.93,1009.65,64.21,0,normal
2026-07-10T07:23:00+00:00,27.0,1009.66,64.06,0,normal
2026-07-10T07:24:00+00:00,27.06,1009.64,63.98,0,normal
2026-07-10T07:25:00+00:00,27.06,1009.61,63.68,0,normal
2026-07-10T07:26:00+00:00,27.06,1009.59,63.93,0,normal
2026-07-10T07:27:00+00:00,27.17,1009.58,63.72,0,normal
2026-07-10T07:28:00+00:00,27.24,1009.67,63.76,0,normal
2026-07-10T07:29:00+00:00,27.13,1009.71,63.83,0,normal
2026-07-10T07:30:00+00:00,27.33,1009.68,63.72,0,normal
2026-07-10T07:31:00+00:00,27.39,1009.63,63.42,0,normal
2026-07-10T07:32:00+00:00,27.44,1009.55,63.02,0,normal
2026-07-10T07:33:00+00:00,27.52,1009.57,63.16,0,normal
2026-07-10T07:34:00+00:00,27.57,1009.56,63.3,0,normal
2026-07-10T07:35:00+00:00,27.55,1009.54,63.15,0,normal
2026-07-10T07:36:00+00:00,27.6,1009.53,62.72,0,normal
2026-07-10T07:37:00+00:00,27.6,1009.53,62.63,0,normal
2026-07-10T07:38:00+00:00,27.58,1009.55,62.19,0,normal
2026-07-10T07:39:00+00:00,27.63,1009.63,61.97,0,normal
2026-07-10T07:40:00+00:00,27.66,1009.61,61.83,0,normal
2026-07-10T07:41:00+00:00,27.59,1009.7,61.81,0,normal
2026-07-10T07:42:00+00:00,27.56,1009.64,61.73,0,normal
2026-07-10T07:43:00+00:00,27.42,1009.68,61.53,0,normal
2026-07-10T07:44:00+00:00,27.48,1009.69,61.63,0,normal
2026-07-10T07:45:00+00:00,27.56,1009.71,61.74,0,normal
2026-07-10T07:46:00+00:00,27.56,1009.8,61.7,0,normal
2026-07-10T07:47:00+00:00,27.59,1009.74,61.54,0,normal
2026-07-10T07:48:00+00:00,27.66,1009.72,61.8,0,normal
2026-07-10T07:49:00+00:00,27.66,1009.74,61.44,0,normal
2026-07-10T07:50:00+00:00,27.87,1009.66,61.74,0,normal
2026-07-10T07:51:00+00:00,27.88,1009.53,61.88,0,normal
2026-07-10T07:52:00+00:00,27.91,1009.5,61.86,0,normal
2026-07-10T07:53:00+00:00,27.99,1009.51,61.94,0,normal
2026-07-10T07:54:00+00:00,28.03,1009.53,61.67,0,normal
2026-07-10T07:55:00+00:00,28.11,1009.49,61.3,0,normal
2026-07-10T07:56:00+00:00,28.12,1009.47,61.34,0,normal
2026-07-10T07:57:00+00:00,28.02,1009.51,61.07,0,normal
2026-07-10T07:58:00+00:00,27.85,1009.44,60.88,0,normal
2026-07-10T07:59:00+00:00,27.92,1009.42,60.5,0,normal
2026-07-10T08:00:00+00:00,27.9,1009.35,60.44,0,normal
2026-07-10T08:01:00+00:00,27.93,1009.38,59.97,0,normal
2026-07-10T08:02:00+00:00,27.92,1009.47,59.99,0,normal
2026-07-10T08:03:00+00:00,27.94,1009.41,60.11,0,normal
2026-07-10T08:04:00+00:00,28.1,1009.34,59.78,0,normal
2026-07-10T08:05:00+00:00,28.16,1009.35,59.77,0,normal
2026-07-10T08:06:00+00:00,28.34,1009.3,59.67,0,normal
2026-07-10T08:07:00+00:00,28.42,1009.33,59.43,0,normal
2026-07-10T08:08:00+00:00,28.4,1009.3,59.67,0,normal
2026-07-10T08:09:00+00:00,28.34,1009.27,59.7,0,normal
2026-07-10T08:10:00+00:00,28.29,1009.28,59.2,0,normal
2026-07-10T08:11:00+00:00,28.33,1009.27,59.13,0,normal
2026-07-10T08:12:00+00:00,28.3,1009.28,59.01,0,normal
2026-07-10T08:13:00+00:00,28.44,1009.3,58.62,0,normal
2026-07-10T08:14:00+00:00,28.4,1009.26,58.56,0,normal
2026-07-10T08:15:00+00:00,28.42,1009.25,59.03,0,normal
2026-07-10T08:16:00+00:00,28.42,1009.31,58.88,0,normal
2026-07-10T08:17:00+00:00,28.28,1009.3,58.98,0,normal
2026-07-10T08:18:00+00:00,28.38,1009.31,58.86,0,normal
2026-07-10T08:19:00+00:00,28.38,1009.34,58.65,0,normal
2026-07-10T08:20:00+00:00,28.37,1009.34,58.46,0,normal
2026-07-10T08:21:00+00:00,28.52,1009.35,58.19,0,normal
2026-07-10T08:22:00+00:00,28.47,1009.31,58.55,0,normal
2026-07-10T08:23:00+00:00,28.49,1009.33,58.16,0,normal
2026-07-10T08:24:00+00:00,28.45,1009.3,58.38,0,normal
2026-07-10T08:25:00+00:00,28.39,1009.26,58.43,0,normal
2026-07-10T08:26:00+00:00,28.57,1009.26,58.42,0,normal
2026-07-10T08:27:00+00:00,28.55,1009.18,58.05,0,normal
2026-07-10T08:28:00+00:00,28.52,1009.18,57.67,0,normal
2026-07-10T08:29:00+00:00,28.59,1009.16,57.44,0,normal
2026-07-10T08:30:00+00:00,28.71,1009.1,57.62,0,normal
2026-07-10T08:31:00+00:00,28.82,1009.04,57.74,0,normal
2026-07-10T08:32:00+00:00,28.77,1009.1,57.67,0,normal
2026-07-10T08:33:00+00:00,28.69,1009.02,57.45,0,normal
2026-07-10T08:34:00+00:00,28.81,1009.01,57.28,0,normal
2026-07-10T08:35:00+00:00,28.86,1008.9,57.32,0,normal
2026-07-10T08:36:00+00:00,29.01,1008.94,57.1,0,normal
2026-07-10T08:37:00+00:00,28.98,1008.88,56.75,0,normal
2026-07-10T08:38:00+00:00,29.2,1008.88,56.82,0,normal
2026-07-10T08:39:00+00:00,29.3,1008.88,56.51,0,normal
2026-07-10T08:40:00+00:00,29.37,1008.82,56.52,0,normal
2026-07-10T08:41:00+00:00,29.31,1008.8,56.31,0,normal
2026-07-10T08:42:00+00:00,29.46,1008.68,56.67,0,normal
2026-07-10T08:43:00+00:00,29.42,1008.68,56.61,0,normal
2026-07-10T08:44:00+00:00,29.47,1008.72,56.6,0,normal
2026-07-10T08:45:00+00:00,29.66,1008.76,56.44,0,normal
2026-07-10T08:46:00+00:00,29.64,1008.73,56.56,0,normal
2026-07-10T08:47:00+00:00,29.8,1008.78,55.78,0,normal
2026-07-10T08:48:00+00:00,29.64,1008.78,55.63,0,normal
2026-07-10T08:49:00+00:00,29.66,1008.84,55.76,0,normal
2026-07-10T08:50:00+00:00,29.7,1008.76,55.39,0,normal
2026-07-10T08:51:00+00:00,29.73,1008.77,55.04,0,normal
2026-07-10T08:52:00+00:00,29.81,1008.68,54.41,0,normal
2026-07-10T08:53:00+00:00,29.76,1008.75,54.64,0,normal
2026-07-10T08:54:00+00:00,29.66,1008.67,54.71,0,normal
2026-07-10T08:55:00+00:00,29.66,1008.74,54.76,0,normal
2026-07-10T08:56:00+00:00,29.77,1008.69,54.75,0,normal
2026-07-10T08:57:00+00:00,29.96,1008.69,54.64,0,normal
2026-07-10T08:58:00+00:00,29.95,1008.61,54.31,0,normal
2026-07-10T08:59:00+00:00,29.9,1008.53,53.91,0,normal
2026-07-10T09:00:00+00:00,29.73,1008.49,53.97,0,normal
2026-07-10T09:01:00+00:00,29.75,1008.48,54.04,0,normal
2026-07-10T09:02:00+00:00,29.92,1008.6,53.97,0,normal
2026-07-10T09:03:00+00:00,29.93,1008.57,53.99,0,normal
2026-07-10T09:04:00+00:00,29.95,1008.56,53.88,0,normal
2026-07-10T09:05:00+00:00,29.91,1008.45,53.64,0,normal
2026-07-10T09:06:00+00:00,30.07,1008.52,53.74,0,normal
2026-07-10T09:07:00+00:00,30.06,1008.48,53.96,0,normal
2026-07-10T09:08:00+00:00,30.0,1008.48,54.18,0,normal
2026-07-10T09:09:00+00:00,30.05,1008.47,54.28,0,normal
2026-07-10T09:10:00+00:00,30.09,1008.48,54.44,0,normal
2026-07-10T09:11:00+00:00,29.92,1008.49,54.13,0,normal
2026-07-10T09:12:00+00:00,29.95,1008.5,53.85,0,normal
2026-07-10T09:13:00+00:00,30.02,1008.51,53.75,0,normal
2026-07-10T09:14:00+00:00,30.07,1008.5,53.6,0,normal
2026-07-10T09:15:00+00:00,30.12,1008.45,53.72,0,normal
2026-07-10T09:16:00+00:00,30.15,1008.43,53.65,0,normal
2026-07-10T09:17:00+00:00,30.19,1008.49,53.69,0,normal
2026-07-10T09:18:00+00:00,30.24,1008.53,53.58,0,normal
2026-07-10T09:19:00+00:00,30.18,1008.56,53.05,0,normal
2026-07-10T09:20:00+00:00,29.95,1008.59,53.01,0,normal
2026-07-10T09:21:00+00:00,30.03,1008.64,52.88,0,normal
2026-07-10T09:22:00+00:00,30.06,1008.67,52.6,0,normal
2026-07-10T09:23:00+00:00,30.1,1008.66,52.55,0,normal
2026-07-10T09:24:00+00:00,30.12,1008.62,52.2,0,normal
2026-07-10T09:25:00+00:00,30.12,1008.69,52.04,0,normal
2026-07-10T09:26:00+00:00,30.19,1008.6,52.45,0,normal
2026-07-10T09:27:00+00:00,30.17,1008.52,52.31,0,normal
2026-07-10T09:28:00+00:00,30.16,1008.53,51.87,0,normal
2026-07-10T09:29:00+00:00,30.31,1008.56,51.74,0,normal
2026-07-10T09:30:00+00:00,30.23,1008.5,51.64,0,normal
2026-07-10T09:31:00+00:00,30.19,1008.43,51.74,0,normal
2026-07-10T09:32:00+00:00,30.26,1008.43,51.73,0,normal
2026-07-10T09:33:00+00:00,30.31,1008.41,51.7,0,normal
2026-07-10T09:34:00+00:00,30.43,1008.43,51.87,0,normal
2026-07-10T09:35:00+00:00,30.49,1008.35,51.95,0,normal
2026-07-10T09:36:00+00:00,30.52,1008.3,51.94,0,normal
2026-07-10T09:37:00+00:00,30.61,1008.23,51.93,0,normal
2026-07-10T09:38:00+00:00,30.8,1008.24,51.72,0,normal
2026-07-10T09:39:00+00:00,30.71,1008.33,51.47,0,normal
2026-07-10T09:40:00+00:00,30.65,1008.33,51.53,0,normal
2026-07-10T09:41:00+00:00,30.8,1008.28,51.36,0,normal
2026-07-10T09:42:00+00:00,30.84,1008.32,51.33,0,normal
2026-07-10T09:43:00+00:00,30.91,1008.35,50.91,0,normal
2026-07-10T09:44:00+00:00,30.99,1008.35,50.77,0,normal
2026-07-10T09:45:00+00:00,31.01,1008.34,50.53,0,normal
2026-07-10T09:46:00+00:00,31.27,1008.4,50.63,0,normal
2026-07-10T09:47:00+00:00,31.25,1008.33,50.46,0,normal
2026-07-10T09:48:00+00:00,31.29,1008.24,50.43,0,normal
2026-07-10T09:49:00+00:00,31.41,1008.12,50.12,0,normal
2026-07-10T09:50:00+00:00,31.54,1008.13,49.83,0,normal
2026-07-10T09:51:00+00:00,31.62,1008.09,49.67,0,normal
2026-07-10T09:52:00+00:00,31.54,1008.09,49.77,0,normal
2026-07-10T09:53:00+00:00,31.53,1008.11,49.65,0,normal
2026-07-10T09:54:00+00:00,31.64,1008.08,49.85,0,normal
2026-07-10T09:55:00+00:00,31.72,1008.09,49.78,0,normal
2026-07-10T09:56:00+00:00,31.7,1008.05,49.7,0,normal
2026-07-10T09:57:00+00:00,31.63,1008.02,49.39,0,normal
2026-07-10T09:58:00+00:00,31.7,1008.04,49.53,0,normal
2026-07-10T09:59:00+00:00,31.7,1007.99,49.11,0,normal
2026-07-10T10:00:00+00:00,31.74,1008.06,48.98,0,normal
2026-07-10T10:01:00+00:00,31.77,1008.05,48.92,0,normal
2026-07-10T10:02:00+00:00,31.88,1008.13,48.91,0,normal
2026-07-10T10:03:00+00:00,31.94,1008.11,48.78,0,normal
2026-07-10T10:04:00+00:00,31.95,1008.08,48.69,0,normal
2026-07-10T10:05:00+00:00,32.02,1008.07,48.52,0,normal
2026-07-10T10:06:00+00:00,32.05,1008.01,48.58,0,normal
2026-07-10T10:07:00+00:00,32.03,1007.94,48.56,0,normal
2026-07-10T10:08:00+00:00,32.09,1007.89,48.56,0,normal
2026-07-10T10:09:00+00:00,32.16,1007.98,48.4,0,normal
2026-07-10T10:10:00+00:00,32.17,1007.94,48.38,0,normal
2026-07-10T10:11:00+00:00,32.19,1007.98,48.17,0,normal
2026-07-10T10:12:00+00:00,32.25,1007.96,47.69,0,normal
2026-07-10T10:13:00+00:00,32.31,1007.86,47.56,0,normal
2026-07-10T10:14:00+00:00,32.32,1007.86,47.48,0,normal
2026-07-10T10:15:00+00:00,32.33,1007.87,47.36,0,normal
2026-07-10T10:16:00+00:00,32.56,1007.84,47.03,0,normal
2026-07-10T10:17:00+00:00,32.45,1007.87,46.63,0,normal
2026-07-10T10:18:00+00:00,32.37,1007.79,46.66,0,normal
2026-07-10T10:19:00+00:00,32.49,1007.74,46.68,0,normal
2026-07-10T10:20:00+00:00,32.29,1007.7,46.72,0,normal
2026-07-10T10:21:00+00:00,32.29,1007.75,46.2,0,normal
2026-07-10T10:22:00+00:00,32.26,1007.77,46.23,0,normal
2026-07-10T10:23:00+00:00,32.33,1007.77,45.94,0,normal
2026-07-10T10:24:00+00:00,32.29,1007.88,45.63,0,normal
2026-07-10T10:25:00+00:00,32.21,1007.91,45.38,0,normal
2026-07-10T10:26:00+00:00,32.39,1008.03,45.3,0,normal
2026-07-10T10:27:00+00:00,32.44,1007.92,45.48,0,normal
2026-07-10T10:28:00+00:00,32.28,1007.84,45.45,0,normal
2026-07-10T10:29:00+00:00,32.36,1007.75,45.3,0,normal
2026-07-10T10:30:00+00:00,32.26,1007.73,45.09,0,normal
2026-07-10T10:31:00+00:00,32.25,1007.75,45.11,0,normal
2026-07-10T10:32:00+00:00,32.33,1007.74,45.21,0,normal
2026-07-10T10:33:00+00:00,32.37,1007.7,45.28,0,normal
2026-07-10T10:34:00+00:00,32.37,1007.68,45.43,0,normal
2026-07-10T10:35:00+00:00,32.49,1007.66,45.53,0,normal
2026-07-10T10:36:00+00:00,32.42,1007.64,45.3,0,normal
2026-07-10T10:37:00+00:00,32.46,1007.67,45.34,0,normal
2026-07-10T10:38:00+00:00,32.53,1007.67,45.23,0,normal
2026-07-10T10:39:00+00:00,32.66,1007.59,45.03,0,normal
2026-07-10T10:40:00+00:00,32.72,1007.66,44.89,0,normal
2026-07-10T10:41:00+00:00,32.73,1007.59,44.71,0,normal
2026-07-10T10:42:00+00:00,32.81,1007.66,44.59,0,normal
2026-07-10T10:43:00+00:00,32.77,1007.66,44.21,0,normal
2026-07-10T10:44:00+00:00,32.9,1007.59,44.23,0,normal
2026-07-10T10:45:00+00:00,32.95,1007.62,44.23,0,normal
2026-07-10T10:46:00+00:00,32.97,1007.63,44.35,0,normal
2026-07-10T10:47:00+00:00,46.52,1046.75,96.02,1,multivariate_inconsistency
2026-07-10T10:48:00+00:00,47.34,1044.9,98.8,1,multivariate_inconsistency
2026-07-10T10:49:00+00:00,46.9,1043.6,96.3,1,multivariate_inconsistency
2026-07-10T10:50:00+00:00,47.14,1044.0,98.06,1,multivariate_inconsistency
2026-07-10T10:51:00+00:00,45.24,1043.83,97.81,1,multivariate_inconsistency
2026-07-10T10:52:00+00:00,46.27,1045.04,94.67,1,multivariate_inconsistency
2026-07-10T10:53:00+00:00,45.58,1045.2,96.48,1,multivariate_inconsistency
2026-07-10T10:54:00+00:00,45.46,1046.78,97.68,1,multivariate_inconsistency
2026-07-10T10:55:00+00:00,47.09,1042.57,94.73,1,multivariate_inconsistency
2026-07-10T10:56:00+00:00,45.03,1043.44,94.89,1,multivariate_inconsistency
2026-07-10T10:57:00+00:00,33.33,1007.38,42.82,0,normal
2026-07-10T10:58:00+00:00,33.36,1007.38,42.92,0,normal
2026-07-10T10:59:00+00:00,33.41,1007.32,42.3,0,normal
2026-07-10T11:00:00+00:00,33.44,1007.36,42.25,0,normal
2026-07-10T11:01:00+00:00,33.51,1007.31,42.17,0,normal
2026-07-10T11:02:00+00:00,33.45,1007.35,41.98,0,normal
2026-07-10T11:03:00+00:00,33.63,1007.33,42.14,0,normal
2026-07-10T11:04:00+00:00,33.6,1007.39,42.39,0,normal
2026-07-10T11:05:00+00:00,33.58,1007.41,42.61,0,normal
2026-07-10T11:06:00+00:00,33.62,1007.36,42.58,0,normal
2026-07-10T11:07:00+00:00,33.58,1007.37,42.38,0,normal
2026-07-10T11:08:00+00:00,33.62,1007.28,42.12,0,normal
2026-07-10T11:09:00+00:00,33.57,1007.27,41.78,0,normal
2026-07-10T11:10:00+00:00,33.52,1007.32,41.95,0,normal
2026-07-10T11:11:00+00:00,33.34,1007.29,42.18,0,normal
2026-07-10T11:12:00+00:00,33.4,1007.31,42.25,0,normal
2026-07-10T11:13:00+00:00,33.36,1007.32,42.29,0,normal
2026-07-10T11:14:00+00:00,33.4,1007.3,42.23,0,normal
2026-07-10T11:15:00+00:00,33.34,1007.34,41.88,0,normal
2026-07-10T11:16:00+00:00,33.31,1007.37,41.9,0,normal
2026-07-10T11:17:00+00:00,33.31,1007.28,41.85,0,normal
2026-07-10T11:18:00+00:00,33.3,1007.31,41.7,0,normal
2026-07-10T11:19:00+00:00,33.2,1007.24,41.57,0,normal
2026-07-10T11:20:00+00:00,33.26,1007.18,41.38,0,normal
2026-07-10T11:21:00+00:00,33.37,1007.25,41.4,0,normal
2026-07-10T11:22:00+00:00,33.39,1007.22,41.47,0,normal
2026-07-10T11:23:00+00:00,33.4,1007.27,41.63,0,normal
2026-07-10T11:24:00+00:00,33.48,1007.25,41.49,0,normal
2026-07-10T11:25:00+00:00,33.39,1007.25,41.42,0,normal
2026-07-10T11:26:00+00:00,33.32,1007.37,41.48,0,normal
2026-07-10T11:27:00+00:00,33.3,1007.47,41.33,0,normal
2026-07-10T11:28:00+00:00,33.42,1007.46,41.18,0,normal
2026-07-10T11:29:00+00:00,33.44,1007.53,41.31,0,normal
2026-07-10T11:30:00+00:00,33.47,1007.41,41.31,0,normal
2026-07-10T11:31:00+00:00,33.42,1007.43,41.11,0,normal
2026-07-10T11:32:00+00:00,33.42,1007.39,41.26,0,normal
2026-07-10T11:33:00+00:00,33.33,1007.42,41.26,0,normal
2026-07-10T11:34:00+00:00,33.38,1007.4,41.29,0,normal
2026-07-10T11:35:00+00:00,33.4,1007.37,41.24,0,normal
2026-07-10T11:36:00+00:00,33.59,1007.29,41.26,0,normal
2026-07-10T11:37:00+00:00,33.62,1007.28,40.88,0,normal
2026-07-10T11:38:00+00:00,33.52,1007.29,40.57,0,normal
2026-07-10T11:39:00+00:00,33.66,1007.24,40.63,0,normal
2026-07-10T11:40:00+00:00,33.65,1007.21,40.4,0,normal
2026-07-10T11:41:00+00:00,33.73,1007.25,40.29,0,normal
2026-07-10T11:42:00+00:00,33.82,1007.26,39.98,0,normal
2026-07-10T11:43:00+00:00,33.89,1007.24,39.43,0,normal
2026-07-10T11:44:00+00:00,33.9,1007.16,39.18,0,normal
2026-07-10T11:45:00+00:00,33.92,1007.16,39.01,0,normal
2026-07-10T11:46:00+00:00,34.0,1007.16,38.94,0,normal
2026-07-10T11:47:00+00:00,34.03,1007.23,38.52,0,normal
2026-07-10T11:48:00+00:00,34.17,1007.2,38.39,0,normal
2026-07-10T11:49:00+00:00,34.16,1007.16,38.22,0,normal
2026-07-10T11:50:00+00:00,34.26,1007.18,37.87,0,normal
2026-07-10T11:51:00+00:00,34.34,1007.21,37.63,0,normal
2026-07-10T11:52:00+00:00,34.37,1007.24,37.37,0,normal
2026-07-10T11:53:00+00:00,34.42,1007.21,37.55,0,normal
2026-07-10T11:54:00+00:00,34.36,1007.27,37.57,0,normal
2026-07-10T11:55:00+00:00,34.33,1007.23,37.8,0,normal
2026-07-10T11:56:00+00:00,34.3,1007.29,37.89,0,normal
2026-07-10T11:57:00+00:00,34.22,1007.29,37.93,0,normal
2026-07-10T11:58:00+00:00,34.14,1007.29,38.07,0,normal
2026-07-10T11:59:00+00:00,34.26,1007.35,38.57,0,normal
2026-07-10T12:00:00+00:00,34.3,1007.37,38.45,0,normal
2026-07-10T12:01:00+00:00,34.48,1007.33,38.81,0,normal
2026-07-10T12:02:00+00:00,34.64,1007.29,39.0,0,normal
2026-07-10T12:03:00+00:00,34.69,1007.27,38.94,0,normal
2026-07-10T12:04:00+00:00,34.72,1007.29,39.2,0,normal
2026-07-10T12:05:00+00:00,34.78,1007.25,39.3,0,normal
2026-07-10T12:06:00+00:00,34.65,1007.24,39.19,0,normal
2026-07-10T12:07:00+00:00,34.72,1007.33,39.18,0,normal
2026-07-10T12:08:00+00:00,34.71,1007.29,39.29,0,normal
2026-07-10T12:09:00+00:00,34.71,1007.27,39.41,0,normal
2026-07-10T12:10:00+00:00,34.82,1007.23,39.04,0,normal
2026-07-10T12:11:00+00:00,34.82,1007.18,38.73,0,normal
2026-07-10T12:12:00+00:00,34.75,1007.24,38.82,0,normal
2026-07-10T12:13:00+00:00,34.97,1007.21,39.04,0,normal
2026-07-10T12:14:00+00:00,35.01,1007.19,38.94,0,normal
2026-07-10T12:15:00+00:00,34.98,1007.21,39.08,0,normal
2026-07-10T12:16:00+00:00,34.95,1007.26,39.26,0,normal
2026-07-10T12:17:00+00:00,35.08,1007.21,39.17,0,normal
2026-07-10T12:18:00+00:00,35.14,1007.16,38.83,0,normal
2026-07-10T12:19:00+00:00,35.14,1007.15,38.74,0,normal
2026-07-10T12:20:00+00:00,35.11,1007.27,38.58,0,normal
2026-07-10T12:21:00+00:00,35.16,1007.31,38.19,0,normal
2026-07-10T12:22:00+00:00,35.28,1007.34,38.18,0,normal
2026-07-10T12:23:00+00:00,35.36,1007.34,38.32,0,normal
2026-07-10T12:24:00+00:00,35.21,1007.39,38.31,0,normal
2026-07-10T12:25:00+00:00,35.23,1007.35,38.21,0,normal
2026-07-10T12:26:00+00:00,35.21,1007.29,38.24,0,normal
2026-07-10T12:27:00+00:00,35.34,1007.23,38.28,0,normal
2026-07-10T12:28:00+00:00,35.3,1007.21,38.24,0,normal
2026-07-10T12:29:00+00:00,35.31,1007.23,37.96,0,normal
2026-07-10T12:30:00+00:00,35.4,1007.25,38.04,0,normal
2026-07-10T12:31:00+00:00,35.5,1007.16,38.11,0,normal
2026-07-10T12:32:00+00:00,35.47,1007.23,37.9,0,normal
2026-07-10T12:33:00+00:00,35.54,1007.19,37.93,0,normal
2026-07-10T12:34:00+00:00,35.56,1007.2,37.68,0,normal
2026-07-10T12:35:00+00:00,35.52,1007.26,37.93,0,normal
2026-07-10T12:36:00+00:00,35.67,1007.29,37.93,0,normal
2026-07-10T12:37:00+00:00,35.69,1007.4,37.98,0,normal
2026-07-10T12:38:00+00:00,35.69,1007.39,37.89,0,normal
2026-07-10T12:39:00+00:00,35.71,1007.36,37.71,0,normal
2026-07-10T12:40:00+00:00,35.69,1007.35,37.77,0,normal
2026-07-10T12:41:00+00:00,35.73,1007.37,37.82,0,normal
2026-07-10T12:42:00+00:00,35.73,1007.19,37.58,0,normal
2026-07-10T12:43:00+00:00,35.77,1007.17,37.71,0,normal
2026-07-10T12:44:00+00:00,35.83,1007.17,37.53,0,normal
2026-07-10T12:45:00+00:00,35.82,1007.19,37.61,0,normal
2026-07-10T12:46:00+00:00,35.61,1007.17,37.35,0,normal
2026-07-10T12:47:00+00:00,35.41,1007.17,37.0,0,normal
2026-07-10T12:48:00+00:00,35.38,1007.17,37.07,0,normal
2026-07-10T12:49:00+00:00,35.37,1007.1,37.1,0,normal
2026-07-10T12:50:00+00:00,35.58,1007.18,37.2,0,normal
2026-07-10T12:51:00+00:00,35.56,1007.18,37.05,0,normal
2026-07-10T12:52:00+00:00,35.58,1007.15,37.05,0,normal
2026-07-10T12:53:00+00:00,35.53,1007.08,36.88,0,normal
2026-07-10T12:54:00+00:00,35.63,1007.12,36.14,0,normal
2026-07-10T12:55:00+00:00,35.58,1007.19,36.08,0,normal
2026-07-10T12:56:00+00:00,35.62,1007.2,36.12,0,normal
2026-07-10T12:57:00+00:00,35.62,1007.19,36.24,0,normal
2026-07-10T12:58:00+00:00,35.75,1007.23,36.25,0,normal
2026-07-10T12:59:00+00:00,35.67,1007.3,36.14,0,normal
2026-07-10T13:00:00+00:00,35.72,1007.36,36.34,0,normal
2026-07-10T13:01:00+00:00,35.8,1007.43,36.07,0,normal
2026-07-10T13:02:00+00:00,35.72,1007.38,35.78,0,normal
2026-07-10T13:03:00+00:00,35.84,1007.35,35.57,0,normal
2026-07-10T13:04:00+00:00,35.83,1007.33,36.04,0,normal
2026-07-10T13:05:00+00:00,35.8,1007.37,35.88,0,normal
2026-07-10T13:06:00+00:00,35.66,1007.36,35.73,0,normal
2026-07-10T13:07:00+00:00,35.61,1007.3,35.77,0,normal
2026-07-10T13:08:00+00:00,35.59,1007.25,35.79,0,normal
2026-07-10T13:09:00+00:00,35.65,1007.34,35.31,0,normal
2026-07-10T13:10:00+00:00,35.6,1007.29,35.21,0,normal
2026-07-10T13:11:00+00:00,35.72,1007.28,35.14,0,normal
2026-07-10T13:12:00+00:00,35.65,1007.39,34.71,0,normal
2026-07-10T13:13:00+00:00,35.61,1007.38,34.42,0,normal
2026-07-10T13:14:00+00:00,35.71,1007.31,34.39,0,normal
2026-07-10T13:15:00+00:00,35.71,1007.3,34.11,0,normal
2026-07-10T13:16:00+00:00,35.7,1007.29,34.35,0,normal
2026-07-10T13:17:00+00:00,35.74,1007.42,34.44,0,normal
2026-07-10T13:18:00+00:00,35.79,1007.43,34.84,0,normal
2026-07-10T13:19:00+00:00,35.79,1007.45,34.99,0,normal
2026-07-10T13:20:00+00:00,35.74,1007.45,35.12,0,normal
2026-07-10T13:21:00+00:00,35.8,1007.51,35.13,0,normal
2026-07-10T13:22:00+00:00,35.83,1007.58,34.93,0,normal
2026-07-10T13:23:00+00:00,35.83,1007.45,35.11,0,normal
2026-07-10T13:24:00+00:00,35.76,1007.45,35.11,0,normal
2026-07-10T13:25:00+00:00,35.82,1007.59,34.81,0,normal
2026-07-10T13:26:00+00:00,35.75,1007.63,34.7,0,normal
2026-07-10T13:27:00+00:00,35.82,1007.64,34.92,0,normal
2026-07-10T13:28:00+00:00,35.8,1007.69,34.75,0,normal
2026-07-10T13:29:00+00:00,35.96,1007.62,34.64,0,normal
2026-07-10T13:30:00+00:00,35.84,1007.69,34.79,0,normal
2026-07-10T13:31:00+00:00,35.75,1007.76,34.68,0,normal
2026-07-10T13:32:00+00:00,35.78,1007.81,34.67,0,normal
2026-07-10T13:33:00+00:00,35.86,1007.82,34.77,0,normal
2026-07-10T13:34:00+00:00,35.84,1007.74,34.77,0,normal
2026-07-10T13:35:00+00:00,35.77,1007.83,34.53,0,normal
2026-07-10T13:36:00+00:00,35.88,1007.84,34.65,0,normal
2026-07-10T13:37:00+00:00,35.77,1007.84,34.55,0,normal
2026-07-10T13:38:00+00:00,35.94,1007.83,34.82,0,normal
2026-07-10T13:39:00+00:00,36.03,1007.91,34.72,0,normal
2026-07-10T13:40:00+00:00,36.17,1008.02,34.82,0,normal
2026-07-10T13:41:00+00:00,36.12,1007.99,34.94,0,normal
2026-07-10T13:42:00+00:00,36.11,1008.02,34.69,0,normal
2026-07-10T13:43:00+00:00,36.11,1008.09,34.88,0,normal
2026-07-10T13:44:00+00:00,36.06,1008.09,34.6,0,normal
2026-07-10T13:45:00+00:00,36.0,1008.09,34.76,0,normal
2026-07-10T13:46:00+00:00,35.94,1008.05,34.93,0,normal
2026-07-10T13:47:00+00:00,35.91,1008.02,35.11,0,normal
2026-07-10T13:48:00+00:00,35.95,1008.03,35.04,0,normal
2026-07-10T13:49:00+00:00,35.98,1008.07,35.09,0,normal
2026-07-10T13:50:00+00:00,35.98,1008.06,34.99,0,normal
2026-07-10T13:51:00+00:00,35.97,1008.03,34.78,0,normal
2026-07-10T13:52:00+00:00,35.96,1008.1,34.39,0,normal
2026-07-10T13:53:00+00:00,35.93,1008.13,34.64,0,normal
2026-07-10T13:54:00+00:00,36.07,1008.14,35.06,0,normal
2026-07-10T13:55:00+00:00,36.1,1008.2,34.85,0,normal
2026-07-10T13:56:00+00:00,36.13,1008.26,34.73,0,normal
2026-07-10T13:57:00+00:00,35.91,1008.28,34.71,0,normal
2026-07-10T13:58:00+00:00,36.02,1008.26,34.59,0,normal
2026-07-10T13:59:00+00:00,35.92,1008.25,35.15,0,normal
2026-07-10T14:00:00+00:00,35.8,1008.2,35.14,0,normal
2026-07-10T14:01:00+00:00,35.96,1008.25,35.45,0,normal
2026-07-10T14:02:00+00:00,35.93,1008.2,35.34,0,normal
2026-07-10T14:03:00+00:00,35.92,1008.22,35.29,0,normal
2026-07-10T14:04:00+00:00,35.97,1008.21,35.09,0,normal
2026-07-10T14:05:00+00:00,35.87,1008.24,35.12,0,normal
2026-07-10T14:06:00+00:00,35.96,1008.34,34.88,0,normal
2026-07-10T14:07:00+00:00,39.88,1008.35,34.58,1,temperature_spike
2026-07-10T14:08:00+00:00,39.65,1008.34,34.45,1,temperature_spike
2026-07-10T14:09:00+00:00,39.93,1008.34,34.51,1,temperature_spike
2026-07-10T14:10:00+00:00,40.73,1008.37,34.72,1,temperature_spike
2026-07-10T14:11:00+00:00,39.99,1008.44,34.63,1,temperature_spike
2026-07-10T14:12:00+00:00,39.63,1008.44,34.88,1,temperature_spike
2026-07-10T14:13:00+00:00,36.1,1008.47,35.08,0,normal
2026-07-10T14:14:00+00:00,36.08,1008.54,35.08,0,normal
2026-07-10T14:15:00+00:00,36.08,1008.56,35.21,0,normal
2026-07-10T14:16:00+00:00,36.12,1008.52,35.25,0,normal
2026-07-10T14:17:00+00:00,36.15,1008.61,35.04,0,normal
2026-07-10T14:18:00+00:00,36.19,1008.61,35.09,0,normal
2026-07-10T14:19:00+00:00,36.09,1008.62,35.15,0,normal
2026-07-10T14:20:00+00:00,36.0,1008.71,34.85,0,normal
2026-07-10T14:21:00+00:00,36.04,1008.6,34.81,0,normal
2026-07-10T14:22:00+00:00,36.08,1008.65,34.81,0,normal
2026-07-10T14:23:00+00:00,36.05,1008.7,35.02,0,normal
2026-07-10T14:24:00+00:00,36.15,1008.65,34.99,0,normal
2026-07-10T14:25:00+00:00,35.97,1008.6,34.86,0,normal
2026-07-10T14:26:00+00:00,36.03,1008.6,34.82,0,normal
2026-07-10T14:27:00+00:00,36.05,1008.59,34.44,0,normal
2026-07-10T14:28:00+00:00,35.99,1008.61,34.57,0,normal
2026-07-10T14:29:00+00:00,35.96,1008.66,34.79,0,normal
2026-07-10T14:30:00+00:00,36.05,1008.69,34.58,0,normal
2026-07-10T14:31:00+00:00,35.94,1008.65,34.4,0,normal
2026-07-10T14:32:00+00:00,35.95,1008.77,34.49,0,normal
2026-07-10T14:33:00+00:00,35.94,1008.84,34.36,0,normal
2026-07-10T14:34:00+00:00,36.02,1008.91,34.42,0,normal
2026-07-10T14:35:00+00:00,36.18,1008.98,34.47,0,normal
2026-07-10T14:36:00+00:00,36.16,1008.97,34.49,0,normal
2026-07-10T14:37:00+00:00,36.14,1008.97,34.49,0,normal
2026-07-10T14:38:00+00:00,36.03,1008.96,34.21,0,normal
2026-07-10T14:39:00+00:00,36.05,1008.98,34.24,0,normal
2026-07-10T14:40:00+00:00,36.11,1008.95,34.16,0,normal
2026-07-10T14:41:00+00:00,35.98,1009.03,34.34,0,normal
2026-07-10T14:42:00+00:00,36.08,1009.12,34.31,0,normal
2026-07-10T14:43:00+00:00,36.02,1009.05,34.14,0,normal
2026-07-10T14:44:00+00:00,35.98,1008.96,33.99,0,normal
2026-07-10T14:45:00+00:00,35.97,1009.03,33.92,0,normal
2026-07-10T14:46:00+00:00,35.97,1009.14,33.63,0,normal
2026-07-10T14:47:00+00:00,36.05,1009.18,33.98,0,normal
2026-07-10T14:48:00+00:00,36.12,1009.16,34.06,0,normal
2026-07-10T14:49:00+00:00,35.99,1009.15,34.13,0,normal
2026-07-10T14:50:00+00:00,36.0,1009.21,34.52,0,normal
2026-07-10T14:51:00+00:00,35.96,1009.28,34.63,0,normal
2026-07-10T14:52:00+00:00,35.84,1009.29,34.7,0,normal
2026-07-10T14:53:00+00:00,35.78,1009.25,34.52,0,normal
2026-07-10T14:54:00+00:00,35.73,1009.23,34.83,0,normal
2026-07-10T14:55:00+00:00,35.54,1009.25,34.97,0,normal
2026-07-10T14:56:00+00:00,35.47,1009.26,34.94,0,normal
2026-07-10T14:57:00+00:00,35.48,1009.31,35.09,0,normal
2026-07-10T14:58:00+00:00,35.45,1009.26,35.15,0,normal
2026-07-10T14:59:00+00:00,35.41,1009.25,35.22,0,normal
2026-07-10T15:00:00+00:00,35.39,1009.29,35.75,0,normal
2026-07-10T15:01:00+00:00,35.47,1009.38,35.85,0,normal
2026-07-10T15:02:00+00:00,35.49,1009.43,35.95,0,normal
2026-07-10T15:03:00+00:00,35.57,1009.45,35.68,0,normal
2026-07-10T15:04:00+00:00,35.46,1009.49,35.46,0,normal
2026-07-10T15:05:00+00:00,35.52,1009.57,35.43,0,normal
2026-07-10T15:06:00+00:00,35.63,1009.6,35.46,0,normal
2026-07-10T15:07:00+00:00,35.64,1009.57,35.29,0,normal
2026-07-10T15:08:00+00:00,35.51,1009.55,35.75,0,normal
2026-07-10T15:09:00+00:00,35.4,1009.51,35.6,0,normal
2026-07-10T15:10:00+00:00,35.35,1009.55,35.5,0,normal
2026-07-10T15:11:00+00:00,35.35,1009.52,35.43,0,normal
2026-07-10T15:12:00+00:00,35.36,1009.54,35.85,0,normal
2026-07-10T15:13:00+00:00,35.37,1009.55,35.37,0,normal
2026-07-10T15:14:00+00:00,35.41,1009.48,35.51,0,normal
2026-07-10T15:15:00+00:00,35.43,1009.54,35.42,0,normal
2026-07-10T15:16:00+00:00,35.44,1009.6,35.27,0,normal
2026-07-10T15:17:00+00:00,35.5,1009.65,35.29,0,normal
2026-07-10T15:18:00+00:00,35.63,1009.7,35.0,0,normal
2026-07-10T15:19:00+00:00,35.7,1009.69,35.22,0,normal
2026-07-10T15:20:00+00:00,35.72,1009.58,35.39,0,normal
2026-07-10T15:21:00+00:00,35.7,1009.59,35.35,0,normal
2026-07-10T15:22:00+00:00,35.75,1009.57,35.62,0,normal
2026-07-10T15:23:00+00:00,35.62,1009.62,35.82,0,normal
2026-07-10T15:24:00+00:00,35.68,1009.65,35.8,0,normal
2026-07-10T15:25:00+00:00,35.62,1009.62,35.7,0,normal
2026-07-10T15:26:00+00:00,35.54,1009.6,36.1,0,normal
2026-07-10T15:27:00+00:00,35.4,1009.69,35.87,0,normal
2026-07-10T15:28:00+00:00,35.32,1009.67,35.68,0,normal
2026-07-10T15:29:00+00:00,35.41,1009.73,35.68,0,normal
2026-07-10T15:30:00+00:00,35.63,1009.76,35.74,0,normal
2026-07-10T15:31:00+00:00,35.56,1009.75,35.68,0,normal
2026-07-10T15:32:00+00:00,35.63,1009.81,35.98,0,normal
2026-07-10T15:33:00+00:00,35.56,1009.87,36.08,0,normal
2026-07-10T15:34:00+00:00,35.59,1009.85,35.91,0,normal
2026-07-10T15:35:00+00:00,35.62,1009.93,35.83,0,normal
2026-07-10T15:36:00+00:00,35.66,1010.01,35.8,0,normal
2026-07-10T15:37:00+00:00,35.53,1009.97,35.72,0,normal
2026-07-10T15:38:00+00:00,35.49,1009.99,35.78,0,normal
2026-07-10T15:39:00+00:00,35.46,1010.05,35.68,0,normal
2026-07-10T15:40:00+00:00,35.55,1010.13,35.92,0,normal
2026-07-10T15:41:00+00:00,35.49,1010.14,36.12,0,normal
2026-07-10T15:42:00+00:00,35.47,1010.13,36.02,0,normal
2026-07-10T15:43:00+00:00,35.4,1010.09,36.65,0,normal
2026-07-10T15:44:00+00:00,35.24,1010.07,36.79,0,normal
2026-07-10T15:45:00+00:00,35.19,1010.08,36.89,0,normal
2026-07-10T15:46:00+00:00,35.28,1010.1,37.09,0,normal
2026-07-10T15:47:00+00:00,35.14,1010.1,37.2,0,normal
2026-07-10T15:48:00+00:00,35.3,1010.08,36.97,0,normal
2026-07-10T15:49:00+00:00,35.33,1010.11,36.85,0,normal
2026-07-10T15:50:00+00:00,35.22,1010.12,36.98,0,normal
2026-07-10T15:51:00+00:00,35.2,1010.21,36.97,0,normal
2026-07-10T15:52:00+00:00,35.24,1010.25,36.92,0,normal
2026-07-10T15:53:00+00:00,35.31,1010.22,36.84,0,normal
2026-07-10T15:54:00+00:00,35.27,1010.27,37.0,0,normal
2026-07-10T15:55:00+00:00,35.19,1010.25,37.04,0,normal
2026-07-10T15:56:00+00:00,35.07,1010.33,37.03,0,normal
2026-07-10T15:57:00+00:00,34.98,1010.3,37.13,0,normal
2026-07-10T15:58:00+00:00,35.01,1010.29,37.13,0,normal
2026-07-10T15:59:00+00:00,34.92,1010.3,37.46,0,normal
2026-07-10T16:00:00+00:00,35.1,1010.33,37.57,0,normal
2026-07-10T16:01:00+00:00,35.13,1010.27,37.35,0,normal
2026-07-10T16:02:00+00:00,34.94,1010.33,37.77,0,normal
2026-07-10T16:03:00+00:00,35.03,1010.36,37.76,0,normal
2026-07-10T16:04:00+00:00,35.0,1010.45,37.82,0,normal
2026-07-10T16:05:00+00:00,35.0,1010.42,37.95,0,normal
2026-07-10T16:06:00+00:00,34.99,1010.47,38.16,0,normal
2026-07-10T16:07:00+00:00,34.86,1010.49,38.07,0,normal
2026-07-10T16:08:00+00:00,34.82,1010.46,37.93,0,normal
2026-07-10T16:09:00+00:00,34.74,1010.53,38.03,0,normal
2026-07-10T16:10:00+00:00,34.77,1010.47,38.43,0,normal
2026-07-10T16:11:00+00:00,34.75,1010.59,38.58,0,normal
2026-07-10T16:12:00+00:00,34.73,1010.72,38.68,0,normal
2026-07-10T16:13:00+00:00,34.72,1010.72,38.88,0,normal
2026-07-10T16:14:00+00:00,34.69,1010.73,38.74,0,normal
2026-07-10T16:15:00+00:00,34.63,1010.72,39.09,0,normal
2026-07-10T16:16:00+00:00,34.72,1010.75,38.96,0,normal
2026-07-10T16:17:00+00:00,34.68,1010.76,39.3,0,normal
2026-07-10T16:18:00+00:00,34.71,1010.82,39.31,0,normal
2026-07-10T16:19:00+00:00,34.64,1010.85,39.07,0,normal
2026-07-10T16:20:00+00:00,34.74,1010.83,38.94,0,normal
2026-07-10T16:21:00+00:00,34.81,1010.82,38.9,0,normal
2026-07-10T16:22:00+00:00,34.59,1010.83,39.02,0,normal
2026-07-10T16:23:00+00:00,34.55,1010.89,39.02,0,normal
2026-07-10T16:24:00+00:00,34.64,1010.87,38.97,0,normal
2026-07-10T16:25:00+00:00,34.52,1010.9,38.89,0,normal
2026-07-10T16:26:00+00:00,34.61,1010.89,38.82,0,normal
2026-07-10T16:27:00+00:00,34.55,1010.92,39.24,0,normal
2026-07-10T16:28:00+00:00,34.28,1010.94,39.48,0,normal
2026-07-10T16:29:00+00:00,34.25,1010.99,39.71,0,normal
2026-07-10T16:30:00+00:00,34.24,1010.98,39.88,0,normal
2026-07-10T16:31:00+00:00,34.3,1011.01,39.98,0,normal
2026-07-10T16:32:00+00:00,34.39,1011.03,40.02,0,normal
2026-07-10T16:33:00+00:00,34.43,1011.03,40.24,0,normal
2026-07-10T16:34:00+00:00,34.35,1011.05,40.36,0,normal
2026-07-10T16:35:00+00:00,34.28,1011.12,40.36,0,normal
2026-07-10T16:36:00+00:00,34.39,1011.17,40.3,0,normal
2026-07-10T16:37:00+00:00,34.41,1005.89,40.68,1,pressure_spike
2026-07-10T16:38:00+00:00,34.4,1007.04,40.42,1,pressure_spike
2026-07-10T16:39:00+00:00,34.33,1018.14,40.4,1,pressure_spike
2026-07-10T16:40:00+00:00,34.31,1017.4,40.08,1,pressure_spike
2026-07-10T16:41:00+00:00,34.24,1004.96,39.87,1,pressure_spike
2026-07-10T16:42:00+00:00,34.31,1011.28,39.92,0,normal
2026-07-10T16:43:00+00:00,34.3,1011.27,40.2,0,normal
2026-07-10T16:44:00+00:00,34.46,1011.22,40.49,0,normal
2026-07-10T16:45:00+00:00,34.41,1011.23,40.54,0,normal
2026-07-10T16:46:00+00:00,34.52,1011.27,40.61,0,normal
2026-07-10T16:47:00+00:00,34.58,1011.35,40.71,0,normal
2026-07-10T16:48:00+00:00,34.64,1011.34,40.35,0,normal
2026-07-10T16:49:00+00:00,34.76,1011.31,40.26,0,normal
2026-07-10T16:50:00+00:00,34.71,1011.31,40.13,0,normal
2026-07-10T16:51:00+00:00,34.72,1011.36,40.28,0,normal
2026-07-10T16:52:00+00:00,34.73,1011.36,40.22,0,normal
2026-07-10T16:53:00+00:00,34.79,1011.36,40.14,0,normal
2026-07-10T16:54:00+00:00,34.83,1011.38,40.08,0,normal
2026-07-10T16:55:00+00:00,34.75,1011.46,40.24,0,normal
2026-07-10T16:56:00+00:00,34.74,1011.42,40.33,0,normal
2026-07-10T16:57:00+00:00,34.68,1011.4,40.25,0,normal
2026-07-10T16:58:00+00:00,34.71,1011.49,40.08,0,normal
2026-07-10T16:59:00+00:00,34.59,1011.54,40.06,0,normal
2026-07-10T17:00:00+00:00,34.61,1011.54,40.24,0,normal
2026-07-10T17:01:00+00:00,34.46,1011.59,39.87,0,normal
2026-07-10T17:02:00+00:00,34.51,1011.61,40.04,0,normal
2026-07-10T17:03:00+00:00,34.5,1011.54,40.39,0,normal
2026-07-10T17:04:00+00:00,34.49,1011.6,40.29,0,normal
2026-07-10T17:05:00+00:00,34.48,1011.55,40.38,0,normal
2026-07-10T17:06:00+00:00,34.37,1011.83,40.57,0,normal
2026-07-10T17:07:00+00:00,34.45,1011.83,40.71,0,normal
2026-07-10T17:08:00+00:00,34.49,1011.78,40.63,0,normal
2026-07-10T17:09:00+00:00,34.53,1011.79,40.55,0,normal
2026-07-10T17:10:00+00:00,34.44,1011.74,40.23,0,normal
2026-07-10T17:11:00+00:00,34.27,1011.76,40.46,0,normal
2026-07-10T17:12:00+00:00,34.44,1011.77,40.28,0,normal
2026-07-10T17:13:00+00:00,34.4,1011.82,40.59,0,normal
2026-07-10T17:14:00+00:00,34.44,1011.87,40.69,0,normal
2026-07-10T17:15:00+00:00,34.46,1011.82,40.37,0,normal
2026-07-10T17:16:00+00:00,34.58,1011.84,40.58,0,normal
2026-07-10T17:17:00+00:00,34.31,1011.93,40.91,0,normal
2026-07-10T17:18:00+00:00,34.14,1011.92,41.04,0,normal
2026-07-10T17:19:00+00:00,34.01,1011.96,41.33,0,normal
2026-07-10T17:20:00+00:00,34.01,1011.89,41.2,0,normal
2026-07-10T17:21:00+00:00,33.97,1011.9,41.23,0,normal
2026-07-10T17:22:00+00:00,33.93,1011.82,41.47,0,normal
2026-07-10T17:23:00+00:00,33.95,1011.87,41.63,0,normal
2026-07-10T17:24:00+00:00,33.9,1011.86,41.5,0,normal
2026-07-10T17:25:00+00:00,34.0,1011.88,41.25,0,normal
2026-07-10T17:26:00+00:00,33.97,1011.79,41.39,0,normal
2026-07-10T17:27:00+00:00,33.95,1011.79,41.3,0,normal
2026-07-10T17:28:00+00:00,33.96,1011.81,41.01,0,normal
2026-07-10T17:29:00+00:00,34.02,1011.78,40.87,0,normal
2026-07-10T17:30:00+00:00,34.09,1011.86,40.91,0,normal
2026-07-10T17:31:00+00:00,33.95,1011.84,40.96,0,normal
2026-07-10T17:32:00+00:00,34.01,1011.93,41.12,0,normal
2026-07-10T17:33:00+00:00,34.02,1011.94,41.08,0,normal
2026-07-10T17:34:00+00:00,33.86,1011.97,41.39,0,normal
2026-07-10T17:35:00+00:00,33.78,1012.05,41.44,0,normal
2026-07-10T17:36:00+00:00,33.75,1012.06,41.81,0,normal
2026-07-10T17:37:00+00:00,33.76,1012.07,41.94,0,normal
2026-07-10T17:38:00+00:00,33.63,1011.97,41.94,0,normal
2026-07-10T17:39:00+00:00,33.58,1012.02,42.02,0,normal
2026-07-10T17:40:00+00:00,33.52,1011.89,42.24,0,normal
2026-07-10T17:41:00+00:00,33.51,1011.96,42.35,0,normal
2026-07-10T17:42:00+00:00,33.57,1011.95,42.44,0,normal
2026-07-10T17:43:00+00:00,33.56,1012.01,42.63,0,normal
2026-07-10T17:44:00+00:00,33.56,1012.04,42.69,0,normal
2026-07-10T17:45:00+00:00,33.6,1011.98,42.66,0,normal
2026-07-10T17:46:00+00:00,33.69,1011.97,42.75,0,normal
2026-07-10T17:47:00+00:00,33.76,1011.99,42.69,0,normal
2026-07-10T17:48:00+00:00,33.81,1012.0,42.76,0,normal
2026-07-10T17:49:00+00:00,33.6,1012.01,43.0,0,normal
2026-07-10T17:50:00+00:00,33.52,1011.97,43.01,0,normal
2026-07-10T17:51:00+00:00,33.43,1011.98,43.01,0,normal
2026-07-10T17:52:00+00:00,33.53,1012.03,42.78,0,normal
2026-07-10T17:53:00+00:00,33.49,1012.05,43.14,0,normal
2026-07-10T17:54:00+00:00,33.44,1012.06,43.63,0,normal
2026-07-10T17:55:00+00:00,33.31,1012.12,43.74,0,normal
2026-07-10T17:56:00+00:00,33.23,1012.11,44.1,0,normal
2026-07-10T17:57:00+00:00,33.24,1012.16,44.35,0,normal
2026-07-10T17:58:00+00:00,33.23,1012.13,44.11,0,normal
2026-07-10T17:59:00+00:00,33.32,1012.16,44.21,0,normal
2026-07-10T18:00:00+00:00,33.42,1012.12,43.79,0,normal
2026-07-10T18:01:00+00:00,33.23,1012.12,43.92,0,normal
2026-07-10T18:02:00+00:00,33.3,1012.18,43.52,0,normal
2026-07-10T18:03:00+00:00,33.48,1012.18,43.9,0,normal
2026-07-10T18:04:00+00:00,33.46,1012.2,43.97,0,normal
2026-07-10T18:05:00+00:00,33.32,1012.15,44.05,0,normal
2026-07-10T18:06:00+00:00,33.16,1012.26,44.19,0,normal
2026-07-10T18:07:00+00:00,33.28,1012.25,44.19,0,normal
2026-07-10T18:08:00+00:00,33.28,1012.26,44.5,0,normal
2026-07-10T18:09:00+00:00,33.34,1012.33,44.89,0,normal
2026-07-10T18:10:00+00:00,33.35,1012.31,45.21,0,normal
2026-07-10T18:11:00+00:00,33.35,1012.3,45.19,0,normal
2026-07-10T18:12:00+00:00,33.28,1012.37,45.3,0,normal
2026-07-10T18:13:00+00:00,33.22,1012.37,45.32,0,normal
2026-07-10T18:14:00+00:00,33.07,1012.43,45.2,0,normal
2026-07-10T18:15:00+00:00,33.03,1012.42,45.46,0,normal
2026-07-10T18:16:00+00:00,32.95,1012.38,45.75,0,normal
2026-07-10T18:17:00+00:00,32.84,1012.4,46.08,0,normal
2026-07-10T18:18:00+00:00,32.74,1012.4,46.07,0,normal
2026-07-10T18:19:00+00:00,32.71,1012.41,46.33,0,normal
2026-07-10T18:20:00+00:00,32.62,1012.49,46.71,0,normal
2026-07-10T18:21:00+00:00,32.6,1012.45,46.76,0,normal
2026-07-10T18:22:00+00:00,32.56,1012.55,46.79,0,normal
2026-07-10T18:23:00+00:00,32.63,1012.56,46.85,0,normal
2026-07-10T18:24:00+00:00,32.56,1012.55,47.09,0,normal
2026-07-10T18:25:00+00:00,32.46,1012.61,47.43,0,normal
2026-07-10T18:26:00+00:00,32.38,1012.67,47.68,0,normal
2026-07-10T18:27:00+00:00,32.42,1012.64,47.68,0,normal
2026-07-10T18:28:00+00:00,32.37,1012.74,47.71,0,normal
2026-07-10T18:29:00+00:00,32.32,1012.68,47.56,0,normal
2026-07-10T18:30:00+00:00,32.23,1012.7,47.32,0,normal
2026-07-10T18:31:00+00:00,32.15,1012.61,47.67,0,normal
2026-07-10T18:32:00+00:00,32.13,1012.62,47.5,0,normal
2026-07-10T18:33:00+00:00,32.19,1012.7,47.58,0,normal
2026-07-10T18:34:00+00:00,32.12,1012.73,47.8,0,normal
2026-07-10T18:35:00+00:00,32.16,1012.76,48.05,0,normal
2026-07-10T18:36:00+00:00,32.07,1012.8,48.01,0,normal
2026-07-10T18:37:00+00:00,31.83,1012.77,47.96,0,normal
2026-07-10T18:38:00+00:00,31.83,1012.81,48.07,0,normal
2026-07-10T18:39:00+00:00,31.97,1012.78,47.73,0,normal
2026-07-10T18:40:00+00:00,31.96,1012.74,47.6,0,normal
2026-07-10T18:41:00+00:00,31.9,1012.7,47.56,0,normal
2026-07-10T18:42:00+00:00,31.99,1012.71,47.62,0,normal
2026-07-10T18:43:00+00:00,32.08,1012.69,47.48,0,normal
2026-07-10T18:44:00+00:00,31.93,1012.69,47.27,0,normal
2026-07-10T18:45:00+00:00,31.8,1012.67,47.63,0,normal
2026-07-10T18:46:00+00:00,31.87,1012.7,47.75,0,normal
2026-07-10T18:47:00+00:00,31.79,1012.72,48.22,0,normal
2026-07-10T18:48:00+00:00,31.77,1012.7,48.29,0,normal
2026-07-10T18:49:00+00:00,31.71,1012.72,48.24,0,normal
2026-07-10T18:50:00+00:00,31.71,1012.75,48.42,0,normal
2026-07-10T18:51:00+00:00,31.59,1012.74,48.41,0,normal
2026-07-10T18:52:00+00:00,31.55,1012.7,48.77,0,normal
2026-07-10T18:53:00+00:00,31.54,1012.62,48.6,0,normal
2026-07-10T18:54:00+00:00,31.6,1012.61,48.63,0,normal
2026-07-10T18:55:00+00:00,31.66,1012.61,48.51,0,normal
2026-07-10T18:56:00+00:00,31.53,1012.64,49.04,0,normal
2026-07-10T18:57:00+00:00,31.56,1012.63,49.09,0,normal
2026-07-10T18:58:00+00:00,31.52,1012.53,49.2,0,normal
2026-07-10T18:59:00+00:00,31.53,1012.62,49.52,0,normal
2026-07-10T19:00:00+00:00,31.65,1012.71,49.89,0,normal
2026-07-10T19:01:00+00:00,31.6,1012.73,49.64,0,normal
2026-07-10T19:02:00+00:00,31.57,1012.75,49.68,0,normal
2026-07-10T19:03:00+00:00,31.4,1012.83,49.86,0,normal
2026-07-10T19:04:00+00:00,31.49,1012.85,50.22,0,normal
2026-07-10T19:05:00+00:00,31.54,1012.81,50.2,0,normal
2026-07-10T19:06:00+00:00,31.46,1012.75,50.64,0,normal
2026-07-10T19:07:00+00:00,31.41,1012.77,50.45,0,normal
2026-07-10T19:08:00+00:00,31.43,1012.75,50.78,0,normal
2026-07-10T19:09:00+00:00,31.33,1012.81,51.04,0,normal
2026-07-10T19:10:00+00:00,31.25,1012.87,51.34,0,normal
2026-07-10T19:11:00+00:00,31.24,1012.81,51.55,0,normal
2026-07-10T19:12:00+00:00,31.2,1012.8,51.61,0,normal
2026-07-10T19:13:00+00:00,31.16,1012.75,51.36,0,normal
2026-07-10T19:14:00+00:00,30.98,1012.76,50.94,0,normal
2026-07-10T19:15:00+00:00,31.0,1012.78,50.98,0,normal
2026-07-10T19:16:00+00:00,31.04,1012.76,51.16,0,normal
2026-07-10T19:17:00+00:00,30.84,1012.64,51.2,0,normal
2026-07-10T19:18:00+00:00,30.85,1012.69,51.26,0,normal
2026-07-10T19:19:00+00:00,30.83,1012.72,51.33,0,normal
2026-07-10T19:20:00+00:00,30.84,1012.66,51.1,0,normal
2026-07-10T19:21:00+00:00,30.76,1012.7,51.07,0,normal
2026-07-10T19:22:00+00:00,30.78,1012.64,51.08,0,normal
2026-07-10T19:23:00+00:00,30.76,1012.6,51.11,0,normal
2026-07-10T19:24:00+00:00,30.51,1012.65,51.21,0,normal
2026-07-10T19:25:00+00:00,30.41,1012.73,51.18,0,normal
2026-07-10T19:26:00+00:00,30.34,1012.68,51.54,0,normal
2026-07-10T19:27:00+00:00,30.43,1012.74,51.93,0,normal
2026-07-10T19:28:00+00:00,30.36,1012.81,52.0,0,normal
2026-07-10T19:29:00+00:00,30.21,1012.78,52.17,0,normal
2026-07-10T19:30:00+00:00,30.13,1012.78,52.38,0,normal
2026-07-10T19:31:00+00:00,30.15,1012.8,52.45,0,normal
2026-07-10T19:32:00+00:00,30.07,1012.71,52.53,0,normal
2026-07-10T19:33:00+00:00,30.01,1012.7,52.22,0,normal
2026-07-10T19:34:00+00:00,29.87,1012.72,52.02,0,normal
2026-07-10T19:35:00+00:00,29.84,1012.66,51.98,0,normal
2026-07-10T19:36:00+00:00,29.84,1012.66,52.23,0,normal
2026-07-10T19:37:00+00:00,29.73,1012.61,52.6,0,normal
2026-07-10T19:38:00+00:00,29.71,1012.62,52.62,0,normal
2026-07-10T19:39:00+00:00,29.73,1012.49,52.98,0,normal
2026-07-10T19:40:00+00:00,29.68,1012.43,52.88,0,normal
2026-07-10T19:41:00+00:00,29.65,1012.43,53.04,0,normal
2026-07-10T19:42:00+00:00,29.54,1012.47,53.05,0,normal
2026-07-10T19:43:00+00:00,29.49,1012.46,53.31,0,normal
2026-07-10T19:44:00+00:00,29.48,1012.44,53.37,0,normal
2026-07-10T19:45:00+00:00,29.57,1012.49,53.56,0,normal
2026-07-10T19:46:00+00:00,29.57,1012.6,53.77,0,normal
2026-07-10T19:47:00+00:00,29.56,1012.59,53.95,0,normal
2026-07-10T19:48:00+00:00,29.3,1012.63,53.8,0,normal
2026-07-10T19:49:00+00:00,29.24,1012.55,53.78,0,normal
2026-07-10T19:50:00+00:00,29.21,1012.59,54.16,0,normal
2026-07-10T19:51:00+00:00,29.36,1012.59,54.23,0,normal
2026-07-10T19:52:00+00:00,29.41,1012.54,54.15,0,normal
2026-07-10T19:53:00+00:00,29.36,1012.53,53.86,0,normal
2026-07-10T19:54:00+00:00,29.43,1012.53,54.16,0,normal
2026-07-10T19:55:00+00:00,29.28,1012.49,54.15,0,normal
2026-07-10T19:56:00+00:00,29.25,1012.49,54.46,0,normal
2026-07-10T19:57:00+00:00,29.24,1012.44,55.02,0,normal
2026-07-10T19:58:00+00:00,29.2,1012.39,54.75,0,normal
2026-07-10T19:59:00+00:00,29.19,1012.43,54.64,0,normal
2026-07-10T20:00:00+00:00,29.22,1012.43,54.42,0,normal
2026-07-10T20:01:00+00:00,29.25,1012.41,54.34,0,normal
2026-07-10T20:02:00+00:00,29.3,1012.45,54.27,0,normal
2026-07-10T20:03:00+00:00,29.3,1012.46,54.43,0,normal
2026-07-10T20:04:00+00:00,29.23,1012.44,54.78,0,normal
2026-07-10T20:05:00+00:00,29.23,1012.34,54.5,0,normal
2026-07-10T20:06:00+00:00,29.05,1012.27,54.52,0,normal
2026-07-10T20:07:00+00:00,29.0,1012.27,54.69,0,normal
2026-07-10T20:08:00+00:00,28.97,1012.33,54.52,0,normal
2026-07-10T20:09:00+00:00,28.98,1012.34,54.45,0,normal
2026-07-10T20:10:00+00:00,28.99,1012.36,54.64,0,normal
2026-07-10T20:11:00+00:00,28.77,1012.4,54.87,0,normal
2026-07-10T20:12:00+00:00,28.79,1012.22,54.95,0,normal
2026-07-10T20:13:00+00:00,28.66,1012.29,54.91,0,normal
2026-07-10T20:14:00+00:00,28.76,1012.33,55.14,0,normal
2026-07-10T20:15:00+00:00,28.83,1012.28,55.17,0,normal
2026-07-10T20:16:00+00:00,28.88,1012.23,71.29,1,humidity_spike
2026-07-10T20:17:00+00:00,28.78,1012.32,75.23,1,humidity_spike
2026-07-10T20:18:00+00:00,28.67,1012.33,76.23,1,humidity_spike
2026-07-10T20:19:00+00:00,28.57,1012.25,73.21,1,humidity_spike
2026-07-10T20:20:00+00:00,28.51,1012.3,77.44,1,humidity_spike
2026-07-10T20:21:00+00:00,28.54,1012.22,56.29,0,normal
2026-07-10T20:22:00+00:00,28.43,1012.24,56.25,0,normal
2026-07-10T20:23:00+00:00,28.42,1012.23,56.54,0,normal
2026-07-10T20:24:00+00:00,28.31,1012.24,56.48,0,normal
2026-07-10T20:25:00+00:00,28.22,1012.23,56.89,0,normal
2026-07-10T20:26:00+00:00,28.14,1012.14,56.85,0,normal
2026-07-10T20:27:00+00:00,28.1,1012.23,57.09,0,normal
2026-07-10T20:28:00+00:00,28.03,1012.21,57.55,0,normal
2026-07-10T20:29:00+00:00,28.0,1012.2,57.61,0,normal
2026-07-10T20:30:00+00:00,28.05,1012.16,57.92,0,normal
2026-07-10T20:31:00+00:00,28.12,1012.19,58.0,0,normal
2026-07-10T20:32:00+00:00,28.0,1012.17,57.99,0,normal
2026-07-10T20:33:00+00:00,27.92,1012.15,58.22,0,normal
2026-07-10T20:34:00+00:00,27.86,1012.08,58.15,0,normal
2026-07-10T20:35:00+00:00,27.99,1012.1,58.09,0,normal
2026-07-10T20:36:00+00:00,28.08,1012.09,58.69,0,normal
2026-07-10T20:37:00+00:00,28.07,1012.11,58.98,0,normal
2026-07-10T20:38:00+00:00,28.17,1012.08,59.36,0,normal
2026-07-10T20:39:00+00:00,28.09,1012.06,59.46,0,normal
2026-07-10T20:40:00+00:00,28.13,1012.04,59.88,0,normal
2026-07-10T20:41:00+00:00,28.21,1012.04,59.77,0,normal
2026-07-10T20:42:00+00:00,28.25,1011.93,60.0,0,normal
2026-07-10T20:43:00+00:00,28.15,1011.99,59.81,0,normal
2026-07-10T20:44:00+00:00,28.06,1012.01,60.03,0,normal
2026-07-10T20:45:00+00:00,27.97,1011.99,60.31,0,normal
2026-07-10T20:46:00+00:00,28.02,1011.97,60.27,0,normal
2026-07-10T20:47:00+00:00,27.87,1011.98,60.52,0,normal
2026-07-10T20:48:00+00:00,27.86,1011.93,60.96,0,normal
2026-07-10T20:49:00+00:00,27.66,1011.97,61.06,0,normal
2026-07-10T20:50:00+00:00,27.67,1011.92,61.1,0,normal
2026-07-10T20:51:00+00:00,27.67,1011.91,60.8,0,normal
2026-07-10T20:52:00+00:00,27.78,1011.94,60.9,0,normal
2026-07-10T20:53:00+00:00,27.76,1012.02,60.84,0,normal
2026-07-10T20:54:00+00:00,27.65,1012.05,61.02,0,normal
2026-07-10T20:55:00+00:00,27.54,1012.1,61.17,0,normal
2026-07-10T20:56:00+00:00,27.44,1012.11,61.33,0,normal
2026-07-10T20:57:00+00:00,27.41,1012.11,61.54,0,normal
2026-07-10T20:58:00+00:00,27.46,1012.1,61.57,0,normal
2026-07-10T20:59:00+00:00,27.45,1012.14,61.77,0,normal
2026-07-10T21:00:00+00:00,27.4,1012.12,62.19,0,normal
2026-07-10T21:01:00+00:00,27.43,1012.11,62.48,0,normal
2026-07-10T21:02:00+00:00,27.36,1012.11,62.9,0,normal
2026-07-10T21:03:00+00:00,27.38,1012.17,62.92,0,normal
2026-07-10T21:04:00+00:00,27.31,1012.21,62.6,0,normal
2026-07-10T21:05:00+00:00,27.3,1012.23,62.77,0,normal
2026-07-10T21:06:00+00:00,27.1,1012.14,62.81,0,normal
2026-07-10T21:07:00+00:00,27.12,1012.14,62.87,0,normal
2026-07-10T21:08:00+00:00,27.15,1012.14,62.9,0,normal
2026-07-10T21:09:00+00:00,27.17,1012.08,63.1,0,normal
2026-07-10T21:10:00+00:00,27.07,1012.08,63.25,0,normal
2026-07-10T21:11:00+00:00,27.02,1012.09,63.62,0,normal
2026-07-10T21:12:00+00:00,26.91,1012.12,63.88,0,normal
2026-07-10T21:13:00+00:00,26.87,1012.13,63.87,0,normal
2026-07-10T21:14:00+00:00,26.95,1011.97,64.2,0,normal
2026-07-10T21:15:00+00:00,26.84,1011.95,64.06,0,normal
2026-07-10T21:16:00+00:00,26.93,1011.92,64.0,0,normal
2026-07-10T21:17:00+00:00,26.99,1011.94,63.98,0,normal
2026-07-10T21:18:00+00:00,26.88,1011.87,64.29,0,normal
2026-07-10T21:19:00+00:00,26.89,1011.86,64.44,0,normal
2026-07-10T21:20:00+00:00,26.7,1011.83,64.42,0,normal
2026-07-10T21:21:00+00:00,26.75,1011.74,64.68,0,normal
2026-07-10T21:22:00+00:00,26.87,1011.64,64.72,0,normal
2026-07-10T21:23:00+00:00,26.87,1011.68,64.33,0,normal
2026-07-10T21:24:00+00:00,26.86,1011.66,64.35,0,normal
2026-07-10T21:25:00+00:00,26.99,1011.64,64.51,0,normal
2026-07-10T21:26:00+00:00,26.94,1011.64,64.69,0,normal
2026-07-10T21:27:00+00:00,26.96,1011.59,64.78,0,normal
2026-07-10T21:28:00+00:00,26.93,1011.5,64.65,0,normal
2026-07-10T21:29:00+00:00,26.95,1011.47,65.25,0,normal
2026-07-10T21:30:00+00:00,26.98,1011.49,65.61,0,normal
2026-07-10T21:31:00+00:00,26.99,1011.5,65.36,0,normal
2026-07-10T21:32:00+00:00,26.99,1011.56,65.3,0,normal
2026-07-10T21:33:00+00:00,26.79,1011.5,65.71,0,normal
2026-07-10T21:34:00+00:00,26.74,1011.57,65.76,0,normal
2026-07-10T21:35:00+00:00,26.66,1011.66,65.74,0,normal
2026-07-10T21:36:00+00:00,26.59,1011.67,65.73,0,normal
2026-07-10T21:37:00+00:00,26.61,1011.68,65.89,0,normal
2026-07-10T21:38:00+00:00,26.52,1011.58,65.78,0,normal
2026-07-10T21:39:00+00:00,26.42,1011.58,65.68,0,normal
2026-07-10T21:40:00+00:00,26.26,1011.51,65.84,0,normal
2026-07-10T21:41:00+00:00,26.28,1011.47,65.83,0,normal
2026-07-10T21:42:00+00:00,26.3,1011.47,66.15,0,normal
2026-07-10T21:43:00+00:00,26.25,1011.42,66.43,0,normal
2026-07-10T21:44:00+00:00,26.19,1011.37,66.67,0,normal
2026-07-10T21:45:00+00:00,26.27,1011.38,66.52,0,normal
2026-07-10T21:46:00+00:00,26.35,1011.39,66.63,0,normal
2026-07-10T21:47:00+00:00,26.27,1011.44,66.47,0,normal
2026-07-10T21:48:00+00:00,26.13,1011.52,66.37,0,normal
2026-07-10T21:49:00+00:00,26.17,1011.58,66.5,0,normal
2026-07-10T21:50:00+00:00,26.06,1011.59,66.86,0,normal
2026-07-10T21:51:00+00:00,26.05,1011.53,66.99,0,normal
2026-07-10T21:52:00+00:00,25.9,1011.47,67.0,0,normal
2026-07-10T21:53:00+00:00,25.87,1011.39,67.13,0,normal
2026-07-10T21:54:00+00:00,25.88,1011.37,66.76,0,normal
2026-07-10T21:55:00+00:00,25.86,1011.45,66.95,0,normal
2026-07-10T21:56:00+00:00,25.82,1011.42,67.15,0,normal
2026-07-10T21:57:00+00:00,25.8,1011.44,67.01,0,normal
2026-07-10T21:58:00+00:00,25.78,1011.4,67.18,0,normal
2026-07-10T21:59:00+00:00,25.59,1011.36,67.38,0,normal
2026-07-10T22:00:00+00:00,25.62,1011.35,67.03,0,normal
2026-07-10T22:01:00+00:00,25.64,1011.42,66.97,0,normal
2026-07-10T22:02:00+00:00,25.57,1011.44,67.25,0,normal
2026-07-10T22:03:00+00:00,25.63,1011.47,67.05,0,normal
2026-07-10T22:04:00+00:00,25.56,1011.48,67.15,0,normal
2026-07-10T22:05:00+00:00,25.55,1011.46,67.18,0,normal
2026-07-10T22:06:00+00:00,25.5,1011.38,67.16,0,normal
2026-07-10T22:07:00+00:00,25.46,1011.36,67.4,0,normal
2026-07-10T22:08:00+00:00,25.41,1011.43,67.77,0,normal
2026-07-10T22:09:00+00:00,25.33,1011.42,68.12,0,normal
2026-07-10T22:10:00+00:00,25.25,1011.36,68.47,0,normal
2026-07-10T22:11:00+00:00,25.28,1011.39,68.61,0,normal
2026-07-10T22:12:00+00:00,25.23,1011.31,68.72,0,normal
2026-07-10T22:13:00+00:00,25.3,1011.35,69.01,0,normal
2026-07-10T22:14:00+00:00,25.33,1011.45,68.76,0,normal
2026-07-10T22:15:00+00:00,25.32,1011.37,69.16,0,normal
2026-07-10T22:16:00+00:00,25.24,1011.4,69.13,0,normal
2026-07-10T22:17:00+00:00,25.24,1011.38,69.2,0,normal
2026-07-10T22:18:00+00:00,25.23,1011.4,69.26,0,normal
2026-07-10T22:19:00+00:00,25.26,1011.43,69.25,0,normal
2026-07-10T22:20:00+00:00,25.37,1011.44,69.24,0,normal
2026-07-10T22:21:00+00:00,25.38,1011.47,69.45,0,normal
2026-07-10T22:22:00+00:00,25.34,1011.27,69.33,0,normal
2026-07-10T22:23:00+00:00,25.35,1011.2,69.52,0,normal
2026-07-10T22:24:00+00:00,25.37,1011.18,69.25,0,normal
2026-07-10T22:25:00+00:00,25.26,1011.2,69.61,0,normal
2026-07-10T22:26:00+00:00,25.05,1011.18,69.4,0,normal
2026-07-10T22:27:00+00:00,25.02,1011.16,69.98,0,normal
2026-07-10T22:28:00+00:00,24.93,1011.2,70.26,0,normal
2026-07-10T22:29:00+00:00,24.88,1011.19,70.33,0,normal
2026-07-10T22:30:00+00:00,24.79,1011.13,70.31,0,normal
2026-07-10T22:31:00+00:00,24.67,1011.09,70.35,0,normal
2026-07-10T22:32:00+00:00,24.65,1011.1,70.39,0,normal
2026-07-10T22:33:00+00:00,24.57,1011.11,70.62,0,normal
2026-07-10T22:34:00+00:00,24.5,1011.04,70.61,0,normal
2026-07-10T22:35:00+00:00,24.47,1011.09,70.82,0,normal
2026-07-10T22:36:00+00:00,24.44,1011.17,70.88,0,normal
2026-07-10T22:37:00+00:00,24.54,1011.21,71.19,0,normal
2026-07-10T22:38:00+00:00,24.53,1011.19,71.25,0,normal
2026-07-10T22:39:00+00:00,24.57,1011.13,71.26,0,normal
2026-07-10T22:40:00+00:00,24.67,1011.15,71.51,0,normal
2026-07-10T22:41:00+00:00,24.54,1011.11,71.63,0,normal
2026-07-10T22:42:00+00:00,24.5,1011.03,71.84,0,normal
2026-07-10T22:43:00+00:00,24.55,1011.0,72.05,0,normal
2026-07-10T22:44:00+00:00,24.68,1011.06,72.04,0,normal
2026-07-10T22:45:00+00:00,24.55,1011.06,72.56,0,normal
2026-07-10T22:46:00+00:00,24.62,1011.04,72.89,0,normal
2026-07-10T22:47:00+00:00,24.67,1010.93,73.12,0,normal
2026-07-10T22:48:00+00:00,24.63,1010.88,73.14,0,normal
2026-07-10T22:49:00+00:00,24.61,1010.83,73.12,0,normal
2026-07-10T22:50:00+00:00,24.54,1010.86,73.07,0,normal
2026-07-10T22:51:00+00:00,24.36,1010.83,72.9,0,normal
2026-07-10T22:52:00+00:00,24.22,1010.89,73.09,0,normal
2026-07-10T22:53:00+00:00,24.11,1010.81,73.1,0,normal
2026-07-10T22:54:00+00:00,23.98,1010.8,73.14,0,normal
2026-07-10T22:55:00+00:00,23.98,1010.81,73.02,0,normal
2026-07-10T22:56:00+00:00,23.96,1010.86,72.64,0,normal
2026-07-10T22:57:00+00:00,23.96,1010.8,72.98,0,normal
2026-07-10T22:58:00+00:00,24.0,1010.83,72.86,0,normal
2026-07-10T22:59:00+00:00,24.0,1010.84,72.45,0,normal
2026-07-10T23:00:00+00:00,23.98,1010.86,72.25,0,normal
2026-07-10T23:01:00+00:00,24.0,1010.86,72.63,0,normal
2026-07-10T23:02:00+00:00,23.93,1010.85,72.78,0,normal
2026-07-10T23:03:00+00:00,23.68,1010.83,72.88,0,normal
2026-07-10T23:04:00+00:00,23.47,1010.85,72.97,0,normal
2026-07-10T23:05:00+00:00,23.47,1010.88,72.97,0,normal
2026-07-10T23:06:00+00:00,23.46,1010.91,73.06,0,normal
2026-07-10T23:07:00+00:00,23.3,1010.9,73.16,0,normal
2026-07-10T23:08:00+00:00,23.37,1010.87,73.04,0,normal
2026-07-10T23:09:00+00:00,23.28,1010.93,73.19,0,normal
2026-07-10T23:10:00+00:00,23.39,1010.99,73.12,0,normal
2026-07-10T23:11:00+00:00,23.31,1010.96,73.34,0,normal
2026-07-10T23:12:00+00:00,23.19,1010.97,73.51,0,normal
2026-07-10T23:13:00+00:00,23.1,1010.9,73.68,0,normal
2026-07-10T23:14:00+00:00,23.26,1010.87,73.82,0,normal
2026-07-10T23:15:00+00:00,23.2,1010.87,73.77,0,normal
2026-07-10T23:16:00+00:00,23.17,1010.97,73.87,0,normal
2026-07-10T23:17:00+00:00,23.04,1010.99,74.17,0,normal
2026-07-10T23:18:00+00:00,23.09,1010.96,74.05,0,normal
2026-07-10T23:19:00+00:00,23.01,1010.93,74.06,0,normal
2026-07-10T23:20:00+00:00,22.96,1010.98,74.32,0,normal
2026-07-10T23:21:00+00:00,23.06,1010.92,74.2,0,normal
2026-07-10T23:22:00+00:00,23.06,1010.92,74.3,0,normal
2026-07-10T23:23:00+00:00,23.08,1010.98,74.33,0,normal
2026-07-10T23:24:00+00:00,23.13,1010.99,74.43,0,normal
2026-07-10T23:25:00+00:00,23.18,1010.93,74.31,0,normal
2026-07-10T23:26:00+00:00,23.19,1010.83,74.5,0,normal
2026-07-10T23:27:00+00:00,23.08,1010.9,74.5,0,normal
2026-07-10T23:28:00+00:00,23.18,1010.87,74.54,0,normal
2026-07-10T23:29:00+00:00,23.23,1010.87,74.61,0,normal
2026-07-10T23:30:00+00:00,23.17,1010.84,75.17,0,normal
2026-07-10T23:31:00+00:00,23.01,1010.76,75.47,0,normal
2026-07-10T23:32:00+00:00,23.08,1010.71,75.17,0,normal
2026-07-10T23:33:00+00:00,23.16,1010.65,75.14,0,normal
2026-07-10T23:34:00+00:00,23.14,1010.59,75.39,0,normal
2026-07-10T23:35:00+00:00,23.12,1010.55,75.3,0,normal
2026-07-10T23:36:00+00:00,23.19,1010.53,75.49,0,normal
2026-07-10T23:37:00+00:00,23.16,1010.45,75.71,0,normal
2026-07-10T23:38:00+00:00,23.21,1010.55,75.39,0,normal
2026-07-10T23:39:00+00:00,22.93,1010.58,75.34,0,normal
2026-07-10T23:40:00+00:00,22.79,1010.59,75.34,0,normal
2026-07-10T23:41:00+00:00,22.67,1010.58,75.54,0,normal
2026-07-10T23:42:00+00:00,22.68,1010.59,75.71,0,normal
2026-07-10T23:43:00+00:00,22.53,1010.59,75.83,0,normal
2026-07-10T23:44:00+00:00,22.49,1010.55,75.75,0,normal
2026-07-10T23:45:00+00:00,22.46,1010.59,76.13,0,normal
2026-07-10T23:46:00+00:00,22.56,1010.51,76.01,0,normal
2026-07-10T23:47:00+00:00,22.61,1010.58,75.89,0,normal
2026-07-10T23:48:00+00:00,22.61,1010.53,76.02,0,normal
2026-07-10T23:49:00+00:00,22.54,1010.54,75.86,0,normal
2026-07-10T23:50:00+00:00,22.4,1010.7,75.96,0,normal
2026-07-10T23:51:00+00:00,22.56,1010.77,75.72,0,normal
2026-07-10T23:52:00+00:00,22.57,1010.69,75.76,0,normal
2026-07-10T23:53:00+00:00,22.41,1010.61,75.7,0,normal
2026-07-10T23:54:00+00:00,22.35,1010.61,75.6,0,normal
2026-07-10T23:55:00+00:00,22.36,1010.67,75.77,0,normal
2026-07-10T23:56:00+00:00,22.34,1010.68,75.59,0,normal
2026-07-10T23:57:00+00:00,22.41,1010.62,76.03,0,normal
2026-07-10T23:58:00+00:00,22.46,1010.64,76.25,0,normal
2026-07-10T23:59:00+00:00,22.44,1010.6,76.16,0,normal
2026-07-11T00:00:00+00:00,22.56,1010.61,76.04,0,normal
2026-07-11T00:01:00+00:00,22.58,1010.63,76.09,0,normal
2026-07-11T00:02:00+00:00,22.48,1010.66,76.39,0,normal
2026-07-11T00:03:00+00:00,22.48,1010.66,76.33,0,normal
2026-07-11T00:04:00+00:00,22.5,1010.63,76.19,0,normal
2026-07-11T00:05:00+00:00,22.56,1010.58,75.92,0,normal
2026-07-11T00:06:00+00:00,22.64,1010.5,75.98,0,normal
2026-07-11T00:07:00+00:00,22.52,1010.47,76.56,0,normal
2026-07-11T00:08:00+00:00,22.48,1010.49,76.82,0,normal
2026-07-11T00:09:00+00:00,22.4,1010.55,76.99,0,normal
2026-07-11T00:10:00+00:00,22.44,1010.52,77.17,0,normal
2026-07-11T00:11:00+00:00,22.41,1010.59,77.15,0,normal
2026-07-11T00:12:00+00:00,22.54,1010.61,77.21,0,normal
2026-07-11T00:13:00+00:00,22.49,1010.61,77.17,0,normal
2026-07-11T00:14:00+00:00,22.51,1010.61,77.65,0,normal
2026-07-11T00:15:00+00:00,22.44,1010.61,77.64,0,normal
2026-07-11T00:16:00+00:00,22.56,1010.54,77.73,0,normal
2026-07-11T00:17:00+00:00,22.55,1010.49,78.33,0,normal
2026-07-11T00:18:00+00:00,22.43,1010.5,78.71,0,normal
2026-07-11T00:19:00+00:00,22.37,1010.52,78.67,0,normal
2026-07-11T00:20:00+00:00,22.33,1010.58,78.62,0,normal
2026-07-11T00:21:00+00:00,22.09,1010.59,78.67,0,normal
2026-07-11T00:22:00+00:00,22.09,1010.59,78.54,0,normal
2026-07-11T00:23:00+00:00,22.05,1010.68,78.58,0,normal
2026-07-11T00:24:00+00:00,22.08,1010.63,78.57,0,normal
2026-07-11T00:25:00+00:00,21.98,1010.7,78.31,0,normal
2026-07-11T00:26:00+00:00,21.99,1010.72,78.43,0,normal
2026-07-11T00:27:00+00:00,21.79,1010.62,78.51,0,normal
2026-07-11T00:28:00+00:00,21.7,1010.6,78.49,0,normal
2026-07-11T00:29:00+00:00,21.61,1010.54,78.55,0,normal
2026-07-11T00:30:00+00:00,21.46,1010.53,78.48,1,frozen_sensor
2026-07-11T00:31:00+00:00,21.46,1010.53,78.36,1,frozen_sensor
2026-07-11T00:32:00+00:00,21.5,1010.53,78.55,1,frozen_sensor
2026-07-11T00:33:00+00:00,21.48,1010.53,78.75,1,frozen_sensor
2026-07-11T00:34:00+00:00,21.54,1010.53,78.84,1,frozen_sensor
2026-07-11T00:35:00+00:00,21.5,1010.53,78.77,1,frozen_sensor
2026-07-11T00:36:00+00:00,21.49,1010.53,79.04,1,frozen_sensor
2026-07-11T00:37:00+00:00,21.57,1010.53,79.1,1,frozen_sensor
2026-07-11T00:38:00+00:00,21.53,1010.53,79.0,1,frozen_sensor
2026-07-11T00:39:00+00:00,21.5,1010.53,79.37,1,frozen_sensor
2026-07-11T00:40:00+00:00,21.48,1010.53,79.61,1,frozen_sensor
2026-07-11T00:41:00+00:00,21.32,1010.53,79.36,1,frozen_sensor
2026-07-11T00:42:00+00:00,21.37,1010.53,79.47,1,frozen_sensor
2026-07-11T00:43:00+00:00,21.54,1010.53,79.32,1,frozen_sensor
2026-07-11T00:44:00+00:00,21.54,1010.53,79.41,1,frozen_sensor
2026-07-11T00:45:00+00:00,21.53,1010.53,79.27,1,frozen_sensor
2026-07-11T00:46:00+00:00,21.54,1010.53,79.59,1,frozen_sensor
2026-07-11T00:47:00+00:00,21.59,1010.53,79.59,1,frozen_sensor
2026-07-11T00:48:00+00:00,21.62,1010.53,79.42,1,frozen_sensor
2026-07-11T00:49:00+00:00,21.57,1010.53,79.69,1,frozen_sensor
2026-07-11T00:50:00+00:00,21.57,1010.85,79.61,0,normal
2026-07-11T00:51:00+00:00,21.62,1010.8,79.99,0,normal
2026-07-11T00:52:00+00:00,21.71,1010.84,79.68,0,normal
2026-07-11T00:53:00+00:00,21.74,1010.81,79.83,0,normal
2026-07-11T00:54:00+00:00,21.6,1010.83,79.81,0,normal
2026-07-11T00:55:00+00:00,21.52,1010.87,79.85,0,normal
2026-07-11T00:56:00+00:00,21.49,1010.91,80.28,0,normal
2026-07-11T00:57:00+00:00,21.49,1010.83,80.01,0,normal
2026-07-11T00:58:00+00:00,21.48,1010.89,80.08,0,normal
2026-07-11T00:59:00+00:00,21.51,1010.89,80.32,0,normal
2026-07-11T01:00:00+00:00,21.54,1010.85,80.45,0,normal
2026-07-11T01:01:00+00:00,21.4,1010.88,80.43,0,normal
2026-07-11T01:02:00+00:00,21.4,1010.91,80.52,0,normal
2026-07-11T01:03:00+00:00,21.5,1010.92,80.59,0,normal
2026-07-11T01:04:00+00:00,21.59,1011.02,80.62,0,normal
2026-07-11T01:05:00+00:00,21.52,1011.01,80.74,0,normal
2026-07-11T01:06:00+00:00,21.48,1010.92,80.99,0,normal
2026-07-11T01:07:00+00:00,21.53,1010.99,81.28,0,normal
2026-07-11T01:08:00+00:00,21.52,1011.01,81.48,0,normal
2026-07-11T01:09:00+00:00,21.4,1011.0,81.47,0,normal
2026-07-11T01:10:00+00:00,21.46,1010.98,81.32,0,normal
2026-07-11T01:11:00+00:00,21.4,1011.02,81.31,0,normal
2026-07-11T01:12:00+00:00,21.27,1010.96,81.35,0,normal
2026-07-11T01:13:00+00:00,21.27,1010.98,81.26,0,normal
2026-07-11T01:14:00+00:00,21.32,1011.01,81.34,0,normal
2026-07-11T01:15:00+00:00,21.33,1011.1,81.15,0,normal
2026-07-11T01:16:00+00:00,21.28,1011.09,81.42,0,normal
2026-07-11T01:17:00+00:00,21.24,1011.06,81.41,0,normal
2026-07-11T01:18:00+00:00,21.23,1011.13,81.35,0,normal
2026-07-11T01:19:00+00:00,21.17,1011.09,81.3,0,normal
2026-07-11T01:20:00+00:00,21.36,1011.12,81.44,0,normal
2026-07-11T01:21:00+00:00,21.34,1011.14,81.61,0,normal
2026-07-11T01:22:00+00:00,21.36,1011.17,81.62,0,normal
2026-07-11T01:23:00+00:00,21.31,1011.2,81.65,0,normal
2026-07-11T01:24:00+00:00,21.46,1011.26,81.52,0,normal
2026-07-11T01:25:00+00:00,21.34,1011.24,81.32,0,normal
2026-07-11T01:26:00+00:00,21.28,1011.2,81.28,0,normal
2026-07-11T01:27:00+00:00,21.24,1011.22,81.27,0,normal
2026-07-11T01:28:00+00:00,21.15,1011.29,81.39,0,normal
2026-07-11T01:29:00+00:00,21.09,1011.25,81.12,0,normal
2026-07-11T01:30:00+00:00,20.96,1011.31,81.35,0,normal
2026-07-11T01:31:00+00:00,20.91,1011.39,81.51,0,normal
2026-07-11T01:32:00+00:00,20.92,1011.44,81.66,0,normal
2026-07-11T01:33:00+00:00,20.93,1011.43,81.66,0,normal
2026-07-11T01:34:00+00:00,20.8,1011.39,82.04,0,normal
2026-07-11T01:35:00+00:00,20.73,1011.31,82.22,0,normal
2026-07-11T01:36:00+00:00,20.76,1011.33,82.18,0,normal
2026-07-11T01:37:00+00:00,20.83,1011.42,82.08,0,normal
2026-07-11T01:38:00+00:00,20.88,1011.48,81.96,0,normal
2026-07-11T01:39:00+00:00,21.0,1011.54,81.73,0,normal
2026-07-11T01:40:00+00:00,21.12,1011.49,81.61,0,normal
2026-07-11T01:41:00+00:00,21.15,1011.55,81.66,0,normal
2026-07-11T01:42:00+00:00,21.08,1011.54,81.61,0,normal
2026-07-11T01:43:00+00:00,21.14,1011.52,81.52,0,normal
2026-07-11T01:44:00+00:00,21.0,1011.5,81.53,0,normal
2026-07-11T01:45:00+00:00,20.9,1011.42,81.76,0,normal
2026-07-11T01:46:00+00:00,20.81,1011.37,82.1,0,normal
2026-07-11T01:47:00+00:00,20.88,1011.44,82.22,0,normal
2026-07-11T01:48:00+00:00,20.97,1011.5,82.15,0,normal
2026-07-11T01:49:00+00:00,20.88,1011.45,82.14,0,normal
2026-07-11T01:50:00+00:00,20.78,1011.42,82.12,0,normal
2026-07-11T01:51:00+00:00,20.89,1011.36,82.14,0,normal
2026-07-11T01:52:00+00:00,20.78,1011.36,82.34,0,normal
2026-07-11T01:53:00+00:00,20.71,1011.37,82.37,0,normal
2026-07-11T01:54:00+00:00,20.77,1011.36,82.62,0,normal
2026-07-11T01:55:00+00:00,20.73,1011.41,82.58,0,normal
2026-07-11T01:56:00+00:00,20.79,1011.54,82.51,0,normal
2026-07-11T01:57:00+00:00,20.78,1011.53,82.39,0,normal
2026-07-11T01:58:00+00:00,20.72,1011.55,82.24,0,normal
2026-07-11T01:59:00+00:00,20.66,1011.41,82.53,0,normal
2026-07-11T02:00:00+00:00,20.79,1011.47,82.36,0,normal
2026-07-11T02:01:00+00:00,20.69,1011.41,82.49,0,normal
2026-07-11T02:02:00+00:00,20.79,1011.45,82.67,0,normal
2026-07-11T02:03:00+00:00,20.82,1011.44,82.86,0,normal
2026-07-11T02:04:00+00:00,20.89,1011.42,83.01,0,normal
2026-07-11T02:05:00+00:00,20.86,1011.43,83.06,0,normal
2026-07-11T02:06:00+00:00,20.88,1011.51,82.87,0,normal
2026-07-11T02:07:00+00:00,20.92,1011.48,82.82,0,normal
2026-07-11T02:08:00+00:00,20.9,1011.56,82.81,0,normal
2026-07-11T02:09:00+00:00,20.86,1011.66,82.71,0,normal
2026-07-11T02:10:00+00:00,20.81,1011.58,82.66,0,normal
2026-07-11T02:11:00+00:00,20.73,1011.6,82.71,0,normal
2026-07-11T02:12:00+00:00,20.64,1011.59,82.38,0,normal
2026-07-11T02:13:00+00:00,20.6,1011.57,82.82,0,normal
2026-07-11T02:14:00+00:00,20.72,1011.67,82.55,0,normal
2026-07-11T02:15:00+00:00,20.7,1011.63,82.93,0,normal
2026-07-11T02:16:00+00:00,20.77,1011.61,82.99,0,normal
2026-07-11T02:17:00+00:00,20.64,1011.64,82.93,0,normal
2026-07-11T02:18:00+00:00,20.7,1011.72,82.92,0,normal
2026-07-11T02:19:00+00:00,20.68,1011.58,83.22,0,normal
2026-07-11T02:20:00+00:00,20.63,1011.62,83.65,0,normal
2026-07-11T02:21:00+00:00,20.53,1011.66,83.7,0,normal
2026-07-11T02:22:00+00:00,20.62,1011.69,83.88,0,normal
2026-07-11T02:23:00+00:00,20.59,1011.75,83.9,0,normal
2026-07-11T02:24:00+00:00,20.58,1011.8,83.66,0,normal
2026-07-11T02:25:00+00:00,20.56,1011.77,83.53,0,normal
2026-07-11T02:26:00+00:00,20.66,1011.82,83.54,0,normal
2026-07-11T02:27:00+00:00,20.53,1011.87,83.49,0,normal
2026-07-11T02:28:00+00:00,20.58,1011.97,83.36,0,normal
2026-07-11T02:29:00+00:00,20.55,1012.04,83.21,0,normal
2026-07-11T02:30:00+00:00,20.56,1011.96,83.12,0,normal
2026-07-11T02:31:00+00:00,20.67,1012.01,83.28,0,normal
2026-07-11T02:32:00+00:00,20.75,1012.1,83.18,0,normal
2026-07-11T02:33:00+00:00,20.81,1012.23,83.15,0,normal
2026-07-11T02:34:00+00:00,20.7,1012.22,83.21,0,normal
2026-07-11T02:35:00+00:00,20.56,1012.2,83.12,0,normal
2026-07-11T02:36:00+00:00,20.58,1012.31,83.23,0,normal
2026-07-11T02:37:00+00:00,20.49,1012.52,83.2,0,normal
2026-07-11T02:38:00+00:00,20.36,1012.48,82.97,0,normal
2026-07-11T02:39:00+00:00,20.27,1012.51,82.42,0,normal
2026-07-11T02:40:00+00:00,20.36,1012.56,82.34,0,normal
2026-07-11T02:41:00+00:00,20.45,1012.52,82.18,0,normal
2026-07-11T02:42:00+00:00,20.5,1012.52,82.08,0,normal
2026-07-11T02:43:00+00:00,20.5,1012.59,82.36,0,normal
2026-07-11T02:44:00+00:00,20.54,1012.59,82.48,0,normal
2026-07-11T02:45:00+00:00,20.48,1012.65,82.68,0,normal
2026-07-11T02:46:00+00:00,20.64,1012.62,82.49,0,normal
2026-07-11T02:47:00+00:00,20.69,1012.62,82.69,0,normal
2026-07-11T02:48:00+00:00,20.79,1012.72,82.7,0,normal
2026-07-11T02:49:00+00:00,20.85,1012.7,82.73,0,normal
2026-07-11T02:50:00+00:00,20.84,1012.7,83.09,0,normal
2026-07-11T02:51:00+00:00,20.72,1012.71,83.07,0,normal
2026-07-11T02:52:00+00:00,20.77,1012.67,82.99,0,normal
2026-07-11T02:53:00+00:00,20.72,1012.57,83.2,0,normal
2026-07-11T02:54:00+00:00,20.6,1012.51,83.35,0,normal
2026-07-11T02:55:00+00:00,20.57,1012.52,83.25,0,normal
2026-07-11T02:56:00+00:00,20.66,1012.52,83.34,0,normal
2026-07-11T02:57:00+00:00,20.57,1012.56,83.47,0,normal
2026-07-11T02:58:00+00:00,20.69,1012.51,83.36,0,normal
2026-07-11T02:59:00+00:00,20.82,1012.58,83.28,0,normal
2026-07-11T03:00:00+00:00,20.81,1012.62,83.16,0,normal
2026-07-11T03:01:00+00:00,20.85,1012.67,82.9,0,normal
2026-07-11T03:02:00+00:00,20.8,1012.67,82.83,0,normal
2026-07-11T03:03:00+00:00,20.82,1012.71,82.66,0,normal
2026-07-11T03:04:00+00:00,20.92,1012.73,82.94,0,normal
2026-07-11T03:05:00+00:00,21.02,1012.7,82.82,0,normal
2026-07-11T03:06:00+00:00,20.97,1012.74,82.94,0,normal
2026-07-11T03:07:00+00:00,20.97,1012.74,83.24,0,normal
2026-07-11T03:08:00+00:00,20.93,1012.8,83.19,0,normal
2026-07-11T03:09:00+00:00,20.91,1012.86,83.45,0,normal
2026-07-11T03:10:00+00:00,20.93,1012.86,83.69,0,normal
2026-07-11T03:11:00+00:00,20.96,1012.89,83.82,0,normal
2026-07-11T03:12:00+00:00,20.97,1013.04,83.75,0,normal
2026-07-11T03:13:00+00:00,21.05,1013.08,83.76,0,normal
2026-07-11T03:14:00+00:00,21.01,1013.07,83.78,0,normal
2026-07-11T03:15:00+00:00,20.92,1013.06,83.71,0,normal
2026-07-11T03:16:00+00:00,21.02,1013.08,83.64,0,normal
2026-07-11T03:17:00+00:00,9.6,1013.19,83.79,1,temperature_drop
2026-07-11T03:18:00+00:00,7.95,1013.22,83.52,1,temperature_drop
2026-07-11T03:19:00+00:00,7.72,1013.26,83.31,1,temperature_drop
2026-07-11T03:20:00+00:00,20.77,1013.29,83.2,0,normal
2026-07-11T03:21:00+00:00,20.79,1013.25,83.14,0,normal
2026-07-11T03:22:00+00:00,20.9,1013.28,83.17,0,normal
2026-07-11T03:23:00+00:00,20.93,1013.27,83.44,0,normal
2026-07-11T03:24:00+00:00,20.95,1013.29,83.5,0,normal
2026-07-11T03:25:00+00:00,21.02,1013.25,83.44,0,normal
2026-07-11T03:26:00+00:00,21.19,1013.35,83.34,0,normal
2026-07-11T03:27:00+00:00,21.23,1013.35,83.34,0,normal
2026-07-11T03:28:00+00:00,21.17,1013.34,83.15,0,normal
2026-07-11T03:29:00+00:00,21.29,1013.33,83.32,0,normal
2026-07-11T03:30:00+00:00,21.23,1013.33,83.32,0,normal
2026-07-11T03:31:00+00:00,21.11,1013.38,83.22,0,normal
2026-07-11T03:32:00+00:00,21.06,1013.36,83.55,0,normal
2026-07-11T03:33:00+00:00,21.04,1013.38,83.63,0,normal
2026-07-11T03:34:00+00:00,20.97,1013.46,83.53,0,normal
2026-07-11T03:35:00+00:00,20.85,1013.45,83.22,0,normal
2026-07-11T03:36:00+00:00,20.86,1013.43,82.97,0,normal
2026-07-11T03:37:00+00:00,20.89,1013.45,83.15,0,normal
2026-07-11T03:38:00+00:00,20.98,1013.47,83.17,0,normal
2026-07-11T03:39:00+00:00,20.87,1013.53,83.18,0,normal
2026-07-11T03:40:00+00:00,20.95,1013.53,83.04,0,normal
2026-07-11T03:41:00+00:00,20.93,1013.63,83.02,0,normal
2026-07-11T03:42:00+00:00,20.81,1013.68,82.85,0,normal
2026-07-11T03:43:00+00:00,20.9,1013.72,83.03,0,normal
2026-07-11T03:44:00+00:00,20.99,1013.78,83.18,0,normal
2026-07-11T03:45:00+00:00,21.05,1013.76,82.87,0,normal
2026-07-11T03:46:00+00:00,20.98,1013.81,82.35,0,normal
2026-07-11T03:47:00+00:00,20.98,1013.81,82.55,0,normal
2026-07-11T03:48:00+00:00,20.98,1013.8,82.75,0,normal
2026-07-11T03:49:00+00:00,20.97,1013.8,82.58,0,normal
2026-07-11T03:50:00+00:00,21.0,1013.8,82.45,0,normal
2026-07-11T03:51:00+00:00,21.12,1013.82,82.3,0,normal
2026-07-11T03:52:00+00:00,21.03,1013.85,82.13,0,normal
2026-07-11T03:53:00+00:00,21.0,1013.82,82.13,0,normal
2026-07-11T03:54:00+00:00,20.9,1013.86,81.97,0,normal
2026-07-11T03:55:00+00:00,20.97,1013.9,81.95,0,normal
2026-07-11T03:56:00+00:00,21.04,1014.0,82.16,0,normal
2026-07-11T03:57:00+00:00,20.94,1013.98,82.0,0,normal
2026-07-11T03:58:00+00:00,21.0,1013.97,81.84,0,normal
2026-07-11T03:59:00+00:00,20.95,1014.0,81.93,0,normal
2026-07-11T04:00:00+00:00,20.86,1013.99,81.5,0,normal
2026-07-11T04:01:00+00:00,20.69,1014.03,81.53,0,normal
2026-07-11T04:02:00+00:00,20.72,1014.13,81.16,0,normal
2026-07-11T04:03:00+00:00,20.58,1014.08,80.72,0,normal
2026-07-11T04:04:00+00:00,20.56,1014.13,80.78,0,normal
2026-07-11T04:05:00+00:00,20.67,1014.16,80.7,0,normal
2026-07-11T04:06:00+00:00,20.66,1014.19,80.4,0,normal
2026-07-11T04:07:00+00:00,20.43,1014.23,80.46,0,normal
2026-07-11T04:08:00+00:00,20.6,1014.27,80.53,0,normal
2026-07-11T04:09:00+00:00,20.61,1014.24,80.47,0,normal
2026-07-11T04:10:00+00:00,20.71,1014.28,80.66,0,normal
2026-07-11T04:11:00+00:00,20.75,1014.24,80.89,0,normal
2026-07-11T04:12:00+00:00,20.86,1014.27,80.98,0,normal
2026-07-11T04:13:00+00:00,20.92,1014.26,80.9,0,normal
2026-07-11T04:14:00+00:00,20.87,1014.26,81.08,0,normal
2026-07-11T04:15:00+00:00,20.96,1014.31,81.24,0,normal
2026-07-11T04:16:00+00:00,20.95,1014.26,81.16,0,normal
2026-07-11T04:17:00+00:00,20.96,1014.31,81.21,0,normal
2026-07-11T04:18:00+00:00,21.06,1014.23,81.0,0,normal
2026-07-11T04:19:00+00:00,21.07,1014.28,81.38,0,normal
2026-07-11T04:20:00+00:00,21.01,1014.26,81.23,0,normal
2026-07-11T04:21:00+00:00,20.97,1014.24,81.19,0,normal
2026-07-11T04:22:00+00:00,21.07,1014.27,80.96,0,normal
2026-07-11T04:23:00+00:00,21.07,1014.24,81.11,0,normal
2026-07-11T04:24:00+00:00,21.21,1014.18,81.09,0,normal
2026-07-11T04:25:00+00:00,21.16,1014.22,81.02,0,normal
2026-07-11T04:26:00+00:00,21.07,1014.31,80.93,0,normal
2026-07-11T04:27:00+00:00,21.05,1014.34,80.7,0,normal
2026-07-11T04:28:00+00:00,21.06,1014.27,80.18,0,normal
2026-07-11T04:29:00+00:00,21.0,1014.27,79.81,0,normal
2026-07-11T04:30:00+00:00,20.99,1014.27,79.79,0,normal
2026-07-11T04:31:00+00:00,21.07,1014.39,79.87,0,normal
2026-07-11T04:32:00+00:00,21.01,1014.45,80.13,0,normal
2026-07-11T04:33:00+00:00,20.95,1014.42,79.82,0,normal
2026-07-11T04:34:00+00:00,20.94,1014.46,80.1,0,normal
2026-07-11T04:35:00+00:00,21.04,1014.5,80.07,0,normal
2026-07-11T04:36:00+00:00,21.1,1014.55,80.3,0,normal
2026-07-11T04:37:00+00:00,21.13,1014.58,80.17,0,normal
2026-07-11T04:38:00+00:00,21.16,1014.59,79.89,0,normal
2026-07-11T04:39:00+00:00,21.26,1014.68,79.85,0,normal
2026-07-11T04:40:00+00:00,21.31,1014.74,79.78,0,normal
2026-07-11T04:41:00+00:00,21.34,1014.75,79.64,0,normal
2026-07-11T04:42:00+00:00,21.4,1014.79,79.8,0,normal
2026-07-11T04:43:00+00:00,21.42,1014.74,79.98,0,normal
2026-07-11T04:44:00+00:00,21.37,1014.72,79.82,0,normal
2026-07-11T04:45:00+00:00,21.25,1014.73,79.9,0,normal
2026-07-11T04:46:00+00:00,21.25,1014.82,80.11,0,normal
2026-07-11T04:47:00+00:00,21.34,1014.73,80.33,0,normal
2026-07-11T04:48:00+00:00,21.35,1014.84,80.13,0,normal
2026-07-11T04:49:00+00:00,21.36,1014.86,79.87,0,normal
2026-07-11T04:50:00+00:00,21.26,1014.75,80.4,0,normal
2026-07-11T04:51:00+00:00,21.15,1014.69,80.43,0,normal
2026-07-11T04:52:00+00:00,21.07,1014.64,79.76,0,normal
2026-07-11T04:53:00+00:00,21.14,1014.61,79.82,0,normal
2026-07-11T04:54:00+00:00,21.17,1014.65,79.66,0,normal
2026-07-11T04:55:00+00:00,21.19,1014.63,79.44,0,normal
2026-07-11T04:56:00+00:00,21.14,1014.74,79.3,0,normal
2026-07-11T04:57:00+00:00,21.0,1014.78,79.09,0,normal
2026-07-11T04:58:00+00:00,21.04,1014.79,79.35,0,normal
2026-07-11T04:59:00+00:00,21.06,1014.86,79.43,0,normal
2026-07-11T05:00:00+00:00,21.0,1014.89,79.21,0,normal
2026-07-11T05:01:00+00:00,20.95,1014.85,79.32,0,normal
2026-07-11T05:02:00+00:00,21.22,1014.84,79.29,0,normal
2026-07-11T05:03:00+00:00,21.29,1014.84,79.51,0,normal
2026-07-11T05:04:00+00:00,21.5,1014.83,79.77,0,normal
2026-07-11T05:05:00+00:00,21.49,1014.81,79.65,0,normal
2026-07-11T05:06:00+00:00,21.59,1014.84,79.7,0,normal
2026-07-11T05:07:00+00:00,21.64,1014.93,79.7,0,normal
2026-07-11T05:08:00+00:00,21.79,1014.91,79.56,0,normal
2026-07-11T05:09:00+00:00,21.8,1014.9,79.26,0,normal
2026-07-11T05:10:00+00:00,21.86,1014.96,79.2,0,normal
2026-07-11T05:11:00+00:00,21.96,1014.93,79.03,0,normal
2026-07-11T05:12:00+00:00,21.88,1014.96,79.05,0,normal
2026-07-11T05:13:00+00:00,22.0,1014.93,79.03,0,normal
2026-07-11T05:14:00+00:00,22.13,1014.91,78.7,0,normal
2026-07-11T05:15:00+00:00,22.02,1014.97,78.48,0,normal
2026-07-11T05:16:00+00:00,22.07,1014.99,78.77,0,normal
2026-07-11T05:17:00+00:00,22.15,1014.97,78.63,0,normal
2026-07-11T05:18:00+00:00,22.22,1014.95,78.78,0,normal
2026-07-11T05:19:00+00:00,22.21,1015.02,78.65,0,normal
2026-07-11T05:20:00+00:00,22.18,1015.01,78.91,0,normal
2026-07-11T05:21:00+00:00,22.17,1015.19,78.84,0,normal
2026-07-11T05:22:00+00:00,22.11,1015.13,78.98,0,normal
2026-07-11T05:23:00+00:00,22.11,1015.2,79.33,0,normal
2026-07-11T05:24:00+00:00,22.18,1015.24,79.44,0,normal
2026-07-11T05:25:00+00:00,22.26,1015.19,79.57,0,normal
2026-07-11T05:26:00+00:00,22.27,1015.29,79.52,0,normal
2026-07-11T05:27:00+00:00,22.38,1015.3,79.06,0,normal
2026-07-11T05:28:00+00:00,22.43,1015.36,78.81,0,normal
2026-07-11T05:29:00+00:00,22.42,1015.27,78.66,0,normal
2026-07-11T05:30:00+00:00,22.33,1015.32,78.6,0,normal
2026-07-11T05:31:00+00:00,22.35,1015.48,78.53,1,sensor_drift
2026-07-11T05:32:00+00:00,22.38,1015.59,78.3,1,sensor_drift
2026-07-11T05:33:00+00:00,22.47,1015.64,78.27,1,sensor_drift
2026-07-11T05:34:00+00:00,22.58,1015.68,77.89,1,sensor_drift
2026-07-11T05:35:00+00:00,22.5,1015.87,77.67,1,sensor_drift
2026-07-11T05:36:00+00:00,22.42,1015.98,77.03,1,sensor_drift
2026-07-11T05:37:00+00:00,22.35,1016.15,76.78,1,sensor_drift
2026-07-11T05:38:00+00:00,22.35,1016.25,76.78,1,sensor_drift
2026-07-11T05:39:00+00:00,22.33,1016.36,77.02,1,sensor_drift
2026-07-11T05:40:00+00:00,22.27,1016.43,76.92,1,sensor_drift
2026-07-11T05:41:00+00:00,22.35,1016.51,76.83,1,sensor_drift
2026-07-11T05:42:00+00:00,22.26,1016.55,76.8,1,sensor_drift
2026-07-11T05:43:00+00:00,22.24,1016.62,76.71,1,sensor_drift
2026-07-11T05:44:00+00:00,22.46,1016.69,76.92,1,sensor_drift
2026-07-11T05:45:00+00:00,22.59,1016.82,76.67,1,sensor_drift
2026-07-11T05:46:00+00:00,22.62,1016.89,76.99,1,sensor_drift
2026-07-11T05:47:00+00:00,22.67,1016.97,77.26,1,sensor_drift
2026-07-11T05:48:00+00:00,22.66,1017.09,77.29,1,sensor_drift
2026-07-11T05:49:00+00:00,22.7,1017.17,77.34,1,sensor_drift
2026-07-11T05:50:00+00:00,22.67,1017.32,77.16,1,sensor_drift
2026-07-11T05:51:00+00:00,22.79,1017.46,77.15,1,sensor_drift
2026-07-11T05:52:00+00:00,22.8,1017.6,77.14,1,sensor_drift
2026-07-11T05:53:00+00:00,22.55,1017.64,77.05,1,sensor_drift
2026-07-11T05:54:00+00:00,22.6,1017.76,77.24,1,sensor_drift
2026-07-11T05:55:00+00:00,22.68,1017.73,77.15,1,sensor_drift
2026-07-11T05:56:00+00:00,22.8,1017.83,77.05,1,sensor_drift
2026-07-11T05:57:00+00:00,22.78,1017.96,76.85,1,sensor_drift
2026-07-11T05:58:00+00:00,22.85,1018.07,76.73,1,sensor_drift
2026-07-11T05:59:00+00:00,22.9,1018.16,76.86,1,sensor_drift
2026-07-11T06:00:00+00:00,22.97,1018.3,76.57,1,sensor_drift
2026-07-11T06:01:00+00:00,22.92,1015.9,76.6,0,normal
2026-07-11T06:02:00+00:00,22.98,1015.87,76.63,0,normal
2026-07-11T06:03:00+00:00,22.95,1015.9,76.55,0,normal
2026-07-11T06:04:00+00:00,22.95,1015.88,76.44,0,normal
2026-07-11T06:05:00+00:00,22.98,1015.83,76.43,0,normal
2026-07-11T06:06:00+00:00,23.09,1015.88,76.36,0,normal
2026-07-11T06:07:00+00:00,23.07,1015.89,76.2,0,normal
2026-07-11T06:08:00+00:00,23.1,1015.94,76.04,0,normal
2026-07-11T06:09:00+00:00,22.97,1015.98,76.0,0,normal
2026-07-11T06:10:00+00:00,23.01,1015.92,75.7,0,normal
2026-07-11T06:11:00+00:00,22.97,1015.9,75.48,0,normal
2026-07-11T06:12:00+00:00,22.91,1016.01,75.67,0,normal
2026-07-11T06:13:00+00:00,22.96,1016.0,75.92,0,normal
2026-07-11T06:14:00+00:00,23.12,1015.97,75.83,0,normal
2026-07-11T06:15:00+00:00,23.13,1015.95,75.65,0,normal
2026-07-11T06:16:00+00:00,23.15,1015.97,75.56,0,normal
2026-07-11T06:17:00+00:00,23.29,1015.93,75.62,0,normal
2026-07-11T06:18:00+00:00,23.22,1015.94,75.69,0,normal
2026-07-11T06:19:00+00:00,23.29,1015.93,75.6,0,normal
2026-07-11T06:20:00+00:00,23.44,1015.91,75.57,0,normal
2026-07-11T06:21:00+00:00,23.53,1015.89,75.76,0,normal
2026-07-11T06:22:00+00:00,23.71,1015.95,75.82,0,normal
2026-07-11T06:23:00+00:00,23.58,1015.89,75.63,0,normal
2026-07-11T06:24:00+00:00,23.54,1015.93,74.9,0,normal
2026-07-11T06:25:00+00:00,23.6,1015.92,74.66,0,normal
2026-07-11T06:26:00+00:00,23.77,1015.91,74.21,0,normal
2026-07-11T06:27:00+00:00,23.81,1015.94,74.07,0,normal
2026-07-11T06:28:00+00:00,24.0,1015.95,74.17,0,normal
2026-07-11T06:29:00+00:00,24.02,1016.02,74.0,0,normal
2026-07-11T06:30:00+00:00,23.94,1016.06,73.95,0,normal
2026-07-11T06:31:00+00:00,24.0,1016.03,73.94,0,normal
2026-07-11T06:32:00+00:00,23.87,1016.0,73.69,0,normal
2026-07-11T06:33:00+00:00,23.92,1015.98,73.31,0,normal
2026-07-11T06:34:00+00:00,23.88,1016.01,73.25,0,normal
2026-07-11T06:35:00+00:00,23.83,1016.06,73.47,0,normal
2026-07-11T06:36:00+00:00,23.92,1015.94,73.42,0,normal
2026-07-11T06:37:00+00:00,23.92,1015.84,73.05,0,normal
2026-07-11T06:38:00+00:00,23.99,1015.86,72.98,0,normal
2026-07-11T06:39:00+00:00,23.95,1015.93,72.64,0,normal
2026-07-11T06:40:00+00:00,23.89,1015.92,72.26,0,normal
2026-07-11T06:41:00+00:00,23.84,1015.98,72.02,0,normal
2026-07-11T06:42:00+00:00,23.92,1016.01,71.94,0,normal
2026-07-11T06:43:00+00:00,23.83,1016.02,71.46,0,normal
2026-07-11T06:44:00+00:00,23.81,1016.03,71.6,0,normal
2026-07-11T06:45:00+00:00,23.82,1016.0,71.41,0,normal
2026-07-11T06:46:00+00:00,23.81,1016.03,71.44,0,normal
2026-07-11T06:47:00+00:00,23.84,1016.07,71.39,0,normal
2026-07-11T06:48:00+00:00,23.76,1016.01,71.47,0,normal
2026-07-11T06:49:00+00:00,23.69,1015.99,71.39,0,normal
2026-07-11T06:50:00+00:00,23.64,1015.91,71.1,0,normal
2026-07-11T06:51:00+00:00,23.54,1015.95,71.13,0,normal
2026-07-11T06:52:00+00:00,23.53,1015.88,71.31,0,normal
2026-07-11T06:53:00+00:00,23.61,1015.86,71.48,0,normal
2026-07-11T06:54:00+00:00,23.67,1015.89,71.2,0,normal
2026-07-11T06:55:00+00:00,23.6,1015.82,71.54,0,normal
2026-07-11T06:56:00+00:00,23.58,1015.83,71.55,0,normal
2026-07-11T06:57:00+00:00,23.63,1015.83,71.42,0,normal
2026-07-11T06:58:00+00:00,23.72,1015.79,71.24,0,normal
2026-07-11T06:59:00+00:00,23.59,1015.71,70.89,0,normal
2026-07-11T07:00:00+00:00,23.71,1015.71,70.96,0,normal
2026-07-11T07:01:00+00:00,23.8,1015.74,70.69,0,normal
2026-07-11T07:02:00+00:00,23.85,1015.77,71.06,0,normal
2026-07-11T07:03:00+00:00,23.87,1015.82,70.94,0,normal
2026-07-11T07:04:00+00:00,23.86,1015.87,71.22,0,normal
2026-07-11T07:05:00+00:00,23.93,1015.84,71.21,0,normal
2026-07-11T07:06:00+00:00,24.0,1015.96,71.24,0,normal
2026-07-11T07:07:00+00:00,23.97,1016.03,71.28,0,normal
2026-07-11T07:08:00+00:00,24.1,1016.05,71.35,0,normal
2026-07-11T07:09:00+00:00,24.17,1016.03,71.24,0,normal
2026-07-11T07:10:00+00:00,24.21,1016.05,71.13,0,normal
2026-07-11T07:11:00+00:00,24.22,1016.04,70.99,0,normal
2026-07-11T07:12:00+00:00,24.12,1016.09,70.93,0,normal
2026-07-11T07:13:00+00:00,24.12,1016.11,70.7,0,normal
2026-07-11T07:14:00+00:00,24.13,1016.12,70.87,0,normal
2026-07-11T07:15:00+00:00,24.2,1016.08,70.66,0,normal
2026-07-11T07:16:00+00:00,24.31,1016.09,70.72,0,normal
2026-07-11T07:17:00+00:00,24.39,1016.13,70.99,0,normal
2026-07-11T07:18:00+00:00,24.32,1016.24,71.02,0,normal
2026-07-11T07:19:00+00:00,24.58,1016.17,70.94,0,normal
2026-07-11T07:20:00+00:00,24.62,1016.21,70.87,0,normal
2026-07-11T07:21:00+00:00,24.68,1016.23,70.69,0,normal
2026-07-11T07:22:00+00:00,24.67,1016.24,70.43,0,normal
2026-07-11T07:23:00+00:00,24.7,1016.16,70.29,0,normal
2026-07-11T07:24:00+00:00,24.66,1016.14,69.93,0,normal
2026-07-11T07:25:00+00:00,24.69,1016.18,69.68,0,normal
2026-07-11T07:26:00+00:00,24.65,1016.2,69.74,0,normal
2026-07-11T07:27:00+00:00,24.73,1016.17,69.48,0,normal
2026-07-11T07:28:00+00:00,24.74,1016.15,69.01,0,normal
2026-07-11T07:29:00+00:00,24.7,1016.2,68.95,0,normal
2026-07-11T07:30:00+00:00,24.84,1016.24,68.78,0,normal
2026-07-11T07:31:00+00:00,24.85,1016.27,68.83,0,normal
2026-07-11T07:32:00+00:00,24.96,1016.25,68.76,0,normal
2026-07-11T07:33:00+00:00,24.98,1016.23,68.51,0,normal
2026-07-11T07:34:00+00:00,25.0,1016.2,68.32,0,normal
2026-07-11T07:35:00+00:00,25.1,1016.12,68.29,0,normal
2026-07-11T07:36:00+00:00,25.05,1016.06,68.04,0,normal
2026-07-11T07:37:00+00:00,25.13,1015.94,67.99,0,normal
2026-07-11T07:38:00+00:00,25.16,1015.89,67.93,0,normal
2026-07-11T07:39:00+00:00,25.09,1015.88,67.59,0,normal
2026-07-11T07:40:00+00:00,25.29,1015.92,67.56,0,normal
2026-07-11T07:41:00+00:00,25.24,1015.91,67.43,0,normal
2026-07-11T07:42:00+00:00,25.29,1015.92,67.39,0,normal
2026-07-11T07:43:00+00:00,25.35,1015.91,67.38,0,normal
2026-07-11T07:44:00+00:00,25.33,1015.85,67.66,0,normal
2026-07-11T07:45:00+00:00,25.39,1015.94,67.5,0,normal
2026-07-11T07:46:00+00:00,25.61,1015.94,67.63,0,normal
2026-07-11T07:47:00+00:00,25.63,1015.94,67.49,0,normal
2026-07-11T07:48:00+00:00,25.61,1015.98,67.38,0,normal
2026-07-11T07:49:00+00:00,25.7,1016.01,67.56,0,normal
2026-07-11T07:50:00+00:00,25.75,1015.93,67.37,0,normal
2026-07-11T07:51:00+00:00,25.77,1015.92,67.52,0,normal
2026-07-11T07:52:00+00:00,25.88,1015.9,67.87,0,normal
2026-07-11T07:53:00+00:00,25.86,1015.88,67.5,0,normal
2026-07-11T07:54:00+00:00,25.75,1015.82,67.57,0,normal
2026-07-11T07:55:00+00:00,25.84,1015.77,67.44,0,normal
2026-07-11T07:56:00+00:00,25.92,1015.66,67.66,0,normal
2026-07-11T07:57:00+00:00,26.02,1015.71,67.74,0,normal
2026-07-11T07:58:00+00:00,25.87,1015.69,67.82,0,normal
2026-07-11T07:59:00+00:00,25.89,1015.73,67.94,0,normal
2026-07-11T08:00:00+00:00,25.97,1015.72,67.87,0,normal
2026-07-11T08:01:00+00:00,25.86,1015.74,67.83,0,normal
2026-07-11T08:02:00+00:00,25.9,1015.79,67.7,0,normal
2026-07-11T08:03:00+00:00,25.94,1015.88,67.32,0,normal
2026-07-11T08:04:00+00:00,26.07,1015.93,67.32,0,normal
2026-07-11T08:05:00+00:00,26.06,1015.94,66.98,0,normal
2026-07-11T08:06:00+00:00,26.04,1015.93,66.64,0,normal
2026-07-11T08:07:00+00:00,26.05,1015.86,66.62,0,normal
2026-07-11T08:08:00+00:00,26.2,1015.95,66.26,0,normal
2026-07-11T08:09:00+00:00,26.15,1015.93,66.28,0,normal
2026-07-11T08:10:00+00:00,26.17,1015.97,66.27,0,normal
2026-07-11T08:11:00+00:00,26.06,1015.96,65.89,0,normal
2026-07-11T08:12:00+00:00,26.06,1015.93,65.93,0,normal
2026-07-11T08:13:00+00:00,26.1,1015.89,66.23,0,normal
2026-07-11T08:14:00+00:00,26.07,1015.89,66.22,0,normal
2026-07-11T08:15:00+00:00,26.12,1015.84,65.89,0,normal
2026-07-11T08:16:00+00:00,26.21,1015.88,65.75,0,normal
2026-07-11T08:17:00+00:00,26.15,1015.87,65.92,0,normal
2026-07-11T08:18:00+00:00,15.65,1015.84,65.79,1,temperature_drop
2026-07-11T08:19:00+00:00,14.66,1015.85,65.93,1,temperature_drop
2026-07-11T08:20:00+00:00,12.45,1015.84,65.97,1,temperature_drop
2026-07-11T08:21:00+00:00,12.0,1015.74,65.89,1,temperature_drop
2026-07-11T08:22:00+00:00,10.55,1015.79,65.66,1,temperature_drop
2026-07-11T08:23:00+00:00,26.37,1015.84,65.59,0,normal
2026-07-11T08:24:00+00:00,26.56,1015.81,65.85,0,normal
2026-07-11T08:25:00+00:00,26.43,1015.76,65.42,0,normal
2026-07-11T08:26:00+00:00,26.53,1015.69,65.47,0,normal
2026-07-11T08:27:00+00:00,26.62,1015.69,65.29,0,normal
2026-07-11T08:28:00+00:00,26.57,1015.71,65.03,0,normal
2026-07-11T08:29:00+00:00,26.67,1015.78,64.82,0,normal
2026-07-11T08:30:00+00:00,26.81,1015.77,64.8,0,normal
2026-07-11T08:31:00+00:00,26.73,1015.72,64.52,0,normal
2026-07-11T08:32:00+00:00,26.87,1015.69,64.51,0,normal
2026-07-11T08:33:00+00:00,26.89,1015.66,64.07,0,normal
2026-07-11T08:34:00+00:00,26.77,1015.64,63.9,0,normal
2026-07-11T08:35:00+00:00,26.73,1015.63,64.17,0,normal
2026-07-11T08:36:00+00:00,26.89,1015.62,64.04,0,normal
2026-07-11T08:37:00+00:00,26.97,1015.62,64.03,0,normal
2026-07-11T08:38:00+00:00,27.02,1015.61,63.75,0,normal
2026-07-11T08:39:00+00:00,27.07,1015.49,63.67,0,normal
2026-07-11T08:40:00+00:00,26.93,1015.49,63.33,0,normal
2026-07-11T08:41:00+00:00,27.06,1015.49,63.21,0,normal
2026-07-11T08:42:00+00:00,27.12,1015.44,63.31,0,normal
2026-07-11T08:43:00+00:00,27.2,1015.4,62.96,0,normal
2026-07-11T08:44:00+00:00,27.19,1015.39,62.62,0,normal
2026-07-11T08:45:00+00:00,27.17,1015.35,62.46,0,normal
2026-07-11T08:46:00+00:00,27.18,1015.37,62.35,0,normal
2026-07-11T08:47:00+00:00,27.23,1015.37,62.2,0,normal
2026-07-11T08:48:00+00:00,27.31,1015.23,62.02,0,normal
2026-07-11T08:49:00+00:00,27.28,1015.23,61.79,0,normal
2026-07-11T08:50:00+00:00,27.35,1015.26,61.41,0,normal
2026-07-11T08:51:00+00:00,27.39,1015.2,61.43,0,normal
2026-07-11T08:52:00+00:00,27.37,1015.15,61.0,0,normal
2026-07-11T08:53:00+00:00,27.38,1015.09,60.63,0,normal
2026-07-11T08:54:00+00:00,27.42,1015.14,60.65,0,normal
2026-07-11T08:55:00+00:00,27.33,1015.14,60.73,0,normal
2026-07-11T08:56:00+00:00,27.35,1015.15,60.57,0,normal
2026-07-11T08:57:00+00:00,27.34,1015.11,60.62,0,normal
2026-07-11T08:58:00+00:00,27.43,1015.09,60.7,0,normal
2026-07-11T08:59:00+00:00,27.34,1015.08,60.35,0,normal
2026-07-11T09:00:00+00:00,27.28,1015.01,60.15,0,normal
2026-07-11T09:01:00+00:00,27.37,1015.0,59.97,0,normal
2026-07-11T09:02:00+00:00,27.39,1014.9,60.03,0,normal
2026-07-11T09:03:00+00:00,27.24,1014.87,59.95,0,normal
2026-07-11T09:04:00+00:00,27.32,1014.89,59.87,0,normal
2026-07-11T09:05:00+00:00,27.48,1015.0,59.81,0,normal
2026-07-11T09:06:00+00:00,27.5,1014.99,59.62,0,normal
2026-07-11T09:07:00+00:00,27.57,1015.05,59.06,0,normal
2026-07-11T09:08:00+00:00,27.59,1015.12,59.1,0,normal
2026-07-11T09:09:00+00:00,27.65,1015.03,59.19,0,normal
2026-07-11T09:10:00+00:00,27.76,1015.04,59.01,0,normal
2026-07-11T09:11:00+00:00,27.82,1014.98,58.73,0,normal
2026-07-11T09:12:00+00:00,27.91,1015.03,58.54,0,normal
2026-07-11T09:13:00+00:00,27.84,1014.98,58.55,0,normal
2026-07-11T09:14:00+00:00,27.77,1015.04,58.41,0,normal
2026-07-11T09:15:00+00:00,27.83,1015.0,58.5,0,normal
2026-07-11T09:16:00+00:00,27.92,1014.91,58.32,0,normal
2026-07-11T09:17:00+00:00,27.93,1014.88,58.45,0,normal
2026-07-11T09:18:00+00:00,27.91,1014.91,58.5,0,normal
2026-07-11T09:19:00+00:00,27.93,1014.95,58.13,0,normal
2026-07-11T09:20:00+00:00,27.95,1014.9,58.07,0,normal
2026-07-11T09:21:00+00:00,27.95,1014.9,58.03,0,normal
2026-07-11T09:22:00+00:00,27.99,1014.9,58.1,0,normal
2026-07-11T09:23:00+00:00,27.92,1014.92,57.74,0,normal
2026-07-11T09:24:00+00:00,27.73,1015.01,57.51,0,normal
2026-07-11T09:25:00+00:00,27.74,1014.91,57.39,0,normal
2026-07-11T09:26:00+00:00,27.8,1014.91,57.12,0,normal
2026-07-11T09:27:00+00:00,27.81,1014.92,57.14,0,normal
2026-07-11T09:28:00+00:00,27.87,1014.95,57.1,0,normal
2026-07-11T09:29:00+00:00,28.03,1014.92,57.21,0,normal
2026-07-11T09:30:00+00:00,28.12,1014.83,57.26,0,normal
2026-07-11T09:31:00+00:00,28.11,1014.77,57.13,0,normal
2026-07-11T09:32:00+00:00,28.15,1014.69,57.09,0,normal
2026-07-11T09:33:00+00:00,28.17,1014.74,56.92,0,normal
2026-07-11T09:34:00+00:00,28.3,1014.76,56.87,0,normal
2026-07-11T09:35:00+00:00,28.44,1014.85,56.79,0,normal
2026-07-11T09:36:00+00:00,28.4,1014.86,56.46,0,normal
2026-07-11T09:37:00+00:00,28.33,1014.91,56.55,0,normal
2026-07-11T09:38:00+00:00,28.29,1015.05,56.23,0,normal
2026-07-11T09:39:00+00:00,28.38,1014.99,56.56,0,normal
2026-07-11T09:40:00+00:00,28.37,1014.96,56.16,0,normal
2026-07-11T09:41:00+00:00,28.57,1014.91,56.22,0,normal
2026-07-11T09:42:00+00:00,28.59,1014.86,55.74,0,normal
2026-07-11T09:43:00+00:00,28.6,1014.83,55.79,0,normal
2026-07-11T09:44:00+00:00,28.8,1014.85,55.93,0,normal
2026-07-11T09:45:00+00:00,28.79,1014.77,55.84,0,normal
2026-07-11T09:46:00+00:00,28.76,1014.76,55.71,0,normal
2026-07-11T09:47:00+00:00,28.64,1014.81,55.65,0,normal
2026-07-11T09:48:00+00:00,28.65,1014.74,55.52,0,normal
2026-07-11T09:49:00+00:00,28.61,1014.66,55.52,0,normal
2026-07-11T09:50:00+00:00,28.61,1014.69,55.42,0,normal
2026-07-11T09:51:00+00:00,28.65,1014.68,55.46,0,normal
2026-07-11T09:52:00+00:00,28.62,1014.72,55.18,0,normal
2026-07-11T09:53:00+00:00,28.66,1014.64,55.13,0,normal
2026-07-11T09:54:00+00:00,28.77,1014.66,55.31,0,normal
2026-07-11T09:55:00+00:00,28.77,1014.7,55.13,0,normal
2026-07-11T09:56:00+00:00,28.77,1014.69,55.26,0,normal
2026-07-11T09:57:00+00:00,28.76,1014.71,55.26,0,normal
2026-07-11T09:58:00+00:00,28.82,1014.65,55.13,0,normal
2026-07-11T09:59:00+00:00,28.85,1014.65,54.92,0,normal
2026-07-11T10:00:00+00:00,28.78,1014.53,55.02,0,normal
2026-07-11T10:01:00+00:00,28.9,1014.42,54.99,0,normal
2026-07-11T10:02:00+00:00,28.9,1014.48,54.89,0,normal
2026-07-11T10:03:00+00:00,28.98,1014.45,54.7,0,normal
2026-07-11T10:04:00+00:00,29.07,1014.5,54.4,0,normal
2026-07-11T10:05:00+00:00,29.19,1014.44,53.89,0,normal
2026-07-11T10:06:00+00:00,29.22,1014.46,53.57,0,normal
2026-07-11T10:07:00+00:00,29.08,1014.43,53.45,0,normal
2026-07-11T10:08:00+00:00,29.23,1014.42,53.59,0,normal
2026-07-11T10:09:00+00:00,29.27,1014.49,53.4,0,normal
2026-07-11T10:10:00+00:00,29.29,1014.4,53.56,0,normal
2026-07-11T10:11:00+00:00,29.4,1014.44,53.52,0,normal
2026-07-11T10:12:00+00:00,29.3,1014.43,53.36,0,normal
2026-07-11T10:13:00+00:00,29.4,1014.4,53.26,0,normal
2026-07-11T10:14:00+00:00,29.6,1014.43,53.46,0,normal
2026-07-11T10:15:00+00:00,29.57,1014.36,53.64,0,normal
2026-07-11T10:16:00+00:00,29.71,1014.29,53.5,0,normal
2026-07-11T10:17:00+00:00,29.65,1014.31,53.68,0,normal
2026-07-11T10:18:00+00:00,29.63,1014.29,53.24,0,normal
2026-07-11T10:19:00+00:00,29.57,1014.36,53.31,0,normal
2026-07-11T10:20:00+00:00,29.67,1014.33,53.21,0,normal
2026-07-11T10:21:00+00:00,29.69,1014.34,53.45,0,normal
2026-07-11T10:22:00+00:00,29.65,1014.32,53.24,0,normal
2026-07-11T10:23:00+00:00,29.52,1014.36,53.54,0,normal
2026-07-11T10:24:00+00:00,29.61,1014.36,53.85,0,normal
2026-07-11T10:25:00+00:00,29.67,1014.39,53.79,0,normal
2026-07-11T10:26:00+00:00,29.72,1014.37,53.88,0,normal
2026-07-11T10:27:00+00:00,29.65,1014.38,53.61,0,normal
2026-07-11T10:28:00+00:00,29.72,1014.48,53.67,0,normal
2026-07-11T10:29:00+00:00,29.84,1014.51,53.12,0,normal
2026-07-11T10:30:00+00:00,29.85,1014.51,52.63,0,normal
2026-07-11T10:31:00+00:00,29.84,1014.48,52.34,0,normal
2026-07-11T10:32:00+00:00,29.79,1014.53,51.59,0,normal
2026-07-11T10:33:00+00:00,29.83,1014.56,51.59,0,normal
2026-07-11T10:34:00+00:00,29.97,1014.52,51.41,0,normal
2026-07-11T10:35:00+00:00,29.99,1014.48,51.3,0,normal
2026-07-11T10:36:00+00:00,29.99,1014.41,51.13,0,normal
2026-07-11T10:37:00+00:00,29.92,1014.42,50.94,0,normal
2026-07-11T10:38:00+00:00,29.85,1014.34,51.0,0,normal
2026-07-11T10:39:00+00:00,29.93,1014.36,51.05,0,normal
2026-07-11T10:40:00+00:00,30.0,1014.34,51.15,0,normal
2026-07-11T10:41:00+00:00,30.06,1014.29,50.93,0,normal
2026-07-11T10:42:00+00:00,30.19,1014.28,51.14,0,normal
2026-07-11T10:43:00+00:00,30.11,1014.25,50.85,0,normal
2026-07-11T10:44:00+00:00,30.19,1014.2,50.74,0,normal
2026-07-11T10:45:00+00:00,30.36,1014.22,50.88,0,normal
2026-07-11T10:46:00+00:00,30.28,1014.12,51.06,0,normal
2026-07-11T10:47:00+00:00,30.11,1014.09,50.88,0,normal
2026-07-11T10:48:00+00:00,30.06,1014.06,50.65,0,normal
2026-07-11T10:49:00+00:00,29.99,1014.06,50.86,0,normal
2026-07-11T10:50:00+00:00,29.89,1014.07,50.95,0,normal
2026-07-11T10:51:00+00:00,29.96,1014.05,50.8,0,normal
2026-07-11T10:52:00+00:00,30.06,1014.06,50.4,0,normal
2026-07-11T10:53:00+00:00,30.08,1014.06,50.17,0,normal
2026-07-11T10:54:00+00:00,30.09,1014.07,50.01,0,normal
2026-07-11T10:55:00+00:00,30.14,1014.02,49.77,0,normal
2026-07-11T10:56:00+00:00,30.22,1014.07,49.54,0,normal
2026-07-11T10:57:00+00:00,30.33,1014.06,49.12,0,normal
2026-07-11T10:58:00+00:00,30.24,1014.08,48.84,0,normal
2026-07-11T10:59:00+00:00,30.22,1014.07,48.98,0,normal
2026-07-11T11:00:00+00:00,30.26,1014.14,48.86,0,normal
2026-07-11T11:01:00+00:00,30.3,1014.15,49.05,0,normal
2026-07-11T11:02:00+00:00,30.42,1014.11,49.21,0,normal
2026-07-11T11:03:00+00:00,30.65,1014.09,49.33,1,sensor_drift
2026-07-11T11:04:00+00:00,31.03,1014.11,49.36,1,sensor_drift
2026-07-11T11:05:00+00:00,31.33,1014.13,49.8,1,sensor_drift
2026-07-11T11:06:00+00:00,31.7,1014.13,49.51,1,sensor_drift
2026-07-11T11:07:00+00:00,31.93,1014.1,49.69,1,sensor_drift
2026-07-11T11:08:00+00:00,32.16,1014.12,49.69,1,sensor_drift
2026-07-11T11:09:00+00:00,32.5,1014.1,49.55,1,sensor_drift
2026-07-11T11:10:00+00:00,32.73,1014.11,49.52,1,sensor_drift
2026-07-11T11:11:00+00:00,32.95,1014.11,50.18,1,sensor_drift
2026-07-11T11:12:00+00:00,33.25,1014.18,49.61,1,sensor_drift
2026-07-11T11:13:00+00:00,33.54,1014.21,49.58,1,sensor_drift
2026-07-11T11:14:00+00:00,33.8,1014.19,49.75,1,sensor_drift
2026-07-11T11:15:00+00:00,34.28,1014.22,49.61,1,sensor_drift
2026-07-11T11:16:00+00:00,34.57,1014.19,49.39,1,sensor_drift
2026-07-11T11:17:00+00:00,34.87,1014.16,49.12,1,sensor_drift
2026-07-11T11:18:00+00:00,35.24,1014.16,48.97,1,sensor_drift
2026-07-11T11:19:00+00:00,35.55,1014.09,48.85,1,sensor_drift
2026-07-11T11:20:00+00:00,35.91,1014.1,48.73,1,sensor_drift
2026-07-11T11:21:00+00:00,36.23,1014.08,48.53,1,sensor_drift
2026-07-11T11:22:00+00:00,36.52,1014.09,48.58,1,sensor_drift
2026-07-11T11:23:00+00:00,36.68,1014.08,48.58,1,sensor_drift
2026-07-11T11:24:00+00:00,36.83,1014.03,48.67,1,sensor_drift
2026-07-11T11:25:00+00:00,37.26,1013.93,48.85,1,sensor_drift
2026-07-11T11:26:00+00:00,37.41,1014.0,48.77,1,sensor_drift
2026-07-11T11:27:00+00:00,37.67,1014.0,48.55,1,sensor_drift
2026-07-11T11:28:00+00:00,38.02,1013.99,47.77,1,sensor_drift
2026-07-11T11:29:00+00:00,30.71,1013.99,48.0,0,normal
2026-07-11T11:30:00+00:00,30.77,1014.03,47.82,0,normal
2026-07-11T11:31:00+00:00,30.86,1014.05,47.51,0,normal
2026-07-11T11:32:00+00:00,30.98,1014.05,47.47,0,normal
2026-07-11T11:33:00+00:00,30.98,1013.99,47.62,0,normal
2026-07-11T11:34:00+00:00,31.03,1014.01,47.65,0,normal
2026-07-11T11:35:00+00:00,31.07,1013.98,47.87,0,normal
2026-07-11T11:36:00+00:00,31.14,1013.98,47.83,0,normal
2026-07-11T11:37:00+00:00,31.01,1013.87,47.75,0,normal
2026-07-11T11:38:00+00:00,31.14,1013.83,47.61,0,normal
2026-07-11T11:39:00+00:00,31.08,1013.76,47.43,0,normal
2026-07-11T11:40:00+00:00,31.13,1013.73,47.33,0,normal
2026-07-11T11:41:00+00:00,31.1,1013.75,47.41,0,normal
2026-07-11T11:42:00+00:00,30.98,1013.71,47.4,0,normal
2026-07-11T11:43:00+00:00,31.04,1013.72,47.56,0,normal
2026-07-11T11:44:00+00:00,30.96,1013.74,47.96,0,normal
2026-07-11T11:45:00+00:00,31.0,1013.75,48.03,0,normal
2026-07-11T11:46:00+00:00,30.99,1013.7,48.0,0,normal
2026-07-11T11:47:00+00:00,30.89,1013.72,48.07,0,normal
2026-07-11T11:48:00+00:00,30.8,1013.73,47.98,0,normal
2026-07-11T11:49:00+00:00,30.96,1013.8,48.1,0,normal
2026-07-11T11:50:00+00:00,31.1,1013.78,48.1,0,normal
2026-07-11T11:51:00+00:00,31.11,1013.73,48.06,0,normal
2026-07-11T11:52:00+00:00,31.13,1013.72,48.0,0,normal
2026-07-11T11:53:00+00:00,31.17,1013.77,47.82,0,normal
2026-07-11T11:54:00+00:00,31.1,1013.8,47.95,0,normal
2026-07-11T11:55:00+00:00,31.16,1013.74,47.86,0,normal
2026-07-11T11:56:00+00:00,31.21,1013.69,47.66,0,normal
2026-07-11T11:57:00+00:00,31.23,1013.76,47.65,0,normal
2026-07-11T11:58:00+00:00,31.22,1013.75,47.47,0,normal
2026-07-11T11:59:00+00:00,31.21,1013.78,47.05,0,normal
2026-07-11T12:00:00+00:00,31.35,1013.89,47.05,0,normal
2026-07-11T12:01:00+00:00,31.31,1013.95,47.08,0,normal
2026-07-11T12:02:00+00:00,31.3,1013.89,46.97,0,normal
2026-07-11T12:03:00+00:00,31.34,1013.93,47.0,0,normal
2026-07-11T12:04:00+00:00,31.41,1013.91,47.15,0,normal
2026-07-11T12:05:00+00:00,31.42,1013.99,46.98,0,normal
2026-07-11T12:06:00+00:00,31.47,1014.09,47.15,0,normal
2026-07-11T12:07:00+00:00,31.56,1014.09,47.12,0,normal
2026-07-11T12:08:00+00:00,31.56,1014.05,46.77,0,normal
2026-07-11T12:09:00+00:00,31.63,1013.96,46.87,0,normal
2026-07-11T12:10:00+00:00,31.63,1013.91,47.12,0,normal
2026-07-11T12:11:00+00:00,31.53,1013.87,46.95,0,normal
2026-07-11T12:12:00+00:00,31.56,1013.83,47.2,0,normal
2026-07-11T12:13:00+00:00,31.48,1014.04,46.93,0,normal
2026-07-11T12:14:00+00:00,31.74,1014.08,46.86,0,normal
2026-07-11T12:15:00+00:00,31.77,1014.05,46.89,0,normal
2026-07-11T12:16:00+00:00,31.73,1014.08,46.88,0,normal
2026-07-11T12:17:00+00:00,31.67,1014.08,46.9,0,normal
2026-07-11T12:18:00+00:00,31.63,1014.05,46.95,0,normal
2026-07-11T12:19:00+00:00,31.74,1014.03,47.08,0,normal
2026-07-11T12:20:00+00:00,31.85,1014.09,47.1,0,normal
2026-07-11T12:21:00+00:00,31.79,1014.12,46.99,0,normal
2026-07-11T12:22:00+00:00,31.85,1014.08,46.81,0,normal
2026-07-11T12:23:00+00:00,31.81,1014.0,46.63,0,normal
2026-07-11T12:24:00+00:00,31.74,1014.02,46.37,0,normal
2026-07-11T12:25:00+00:00,31.71,1014.02,46.69,0,normal
2026-07-11T12:26:00+00:00,31.68,1013.94,46.37,0,normal
2026-07-11T12:27:00+00:00,31.63,1013.91,46.79,0,normal
2026-07-11T12:28:00+00:00,31.74,1013.89,47.1,0,normal
2026-07-11T12:29:00+00:00,31.71,1013.87,46.92,0,normal
2026-07-11T12:30:00+00:00,31.82,1013.87,47.15,0,normal
2026-07-11T12:31:00+00:00,31.87,1013.92,46.7,0,normal
2026-07-11T12:32:00+00:00,31.75,1013.83,46.55,0,normal
2026-07-11T12:33:00+00:00,31.65,1013.9,46.45,0,normal
2026-07-11T12:34:00+00:00,31.73,1013.88,46.55,0,normal
2026-07-11T12:35:00+00:00,31.6,1013.88,46.59,0,normal
2026-07-11T12:36:00+00:00,31.68,1013.87,46.18,0,normal
2026-07-11T12:37:00+00:00,31.79,1013.85,46.07,0,normal
2026-07-11T12:38:00+00:00,31.99,1013.86,45.92,0,normal
2026-07-11T12:39:00+00:00,31.96,1013.9,45.72,0,normal
2026-07-11T12:40:00+00:00,32.02,1013.96,45.67,0,normal
2026-07-11T12:41:00+00:00,32.11,1013.96,45.51,0,normal
2026-07-11T12:42:00+00:00,31.99,1013.97,45.54,0,normal
2026-07-11T12:43:00+00:00,32.09,1014.02,45.93,0,normal
2026-07-11T12:44:00+00:00,32.05,1014.04,45.75,0,normal
2026-07-11T12:45:00+00:00,32.14,1013.99,45.89,0,normal
2026-07-11T12:46:00+00:00,32.09,1014.03,46.09,0,normal
2026-07-11T12:47:00+00:00,31.98,1013.96,46.08,0,normal
2026-07-11T12:48:00+00:00,32.01,1013.95,45.92,0,normal
2026-07-11T12:49:00+00:00,31.96,1013.97,45.68,0,normal
2026-07-11T12:50:00+00:00,32.01,1013.95,45.55,0,normal
2026-07-11T12:51:00+00:00,32.13,1014.0,45.32,0,normal
2026-07-11T12:52:00+00:00,32.07,1014.05,45.0,0,normal
2026-07-11T12:53:00+00:00,32.2,1014.05,44.88,0,normal
2026-07-11T12:54:00+00:00,32.21,1014.13,44.44,0,normal
2026-07-11T12:55:00+00:00,32.31,1014.18,44.39,0,normal
2026-07-11T12:56:00+00:00,32.31,1014.19,44.56,0,normal
2026-07-11T12:57:00+00:00,32.25,1014.18,44.54,0,normal
2026-07-11T12:58:00+00:00,32.32,1014.32,44.4,0,normal
2026-07-11T12:59:00+00:00,32.33,1014.27,44.32,0,normal
2026-07-11T13:00:00+00:00,32.25,1014.19,44.57,0,normal
2026-07-11T13:01:00+00:00,32.29,1014.19,44.39,0,normal
2026-07-11T13:02:00+00:00,32.29,1014.13,44.4,0,normal
2026-07-11T13:03:00+00:00,32.33,1014.11,44.26,0,normal
2026-07-11T13:04:00+00:00,32.29,1014.15,44.31,0,normal
2026-07-11T13:05:00+00:00,32.17,1014.19,44.43,0,normal
2026-07-11T13:06:00+00:00,32.2,1014.28,44.44,0,normal
2026-07-11T13:07:00+00:00,32.25,1014.3,44.62,0,normal
2026-07-11T13:08:00+00:00,32.25,1014.26,44.8,0,normal
2026-07-11T13:09:00+00:00,32.33,1014.33,44.87,0,normal
2026-07-11T13:10:00+00:00,32.21,1014.33,44.85,0,normal
2026-07-11T13:11:00+00:00,32.32,1014.38,44.95,0,normal
2026-07-11T13:12:00+00:00,32.17,1014.34,44.85,0,normal
2026-07-11T13:13:00+00:00,32.16,1014.34,45.12,0,normal
2026-07-11T13:14:00+00:00,32.24,1014.3,44.92,0,normal
2026-07-11T13:15:00+00:00,32.18,1014.29,45.05,0,normal
2026-07-11T13:16:00+00:00,32.27,1014.28,45.01,0,normal
2026-07-11T13:17:00+00:00,32.42,1014.21,45.1,0,normal
2026-07-11T13:18:00+00:00,32.47,1014.2,45.06,0,normal
2026-07-11T13:19:00+00:00,32.51,1014.19,44.9,0,normal
2026-07-11T13:20:00+00:00,32.45,1014.3,44.78,0,normal
2026-07-11T13:21:00+00:00,32.47,1014.34,44.71,0,normal
2026-07-11T13:22:00+00:00,32.48,1014.37,44.52,0,normal
2026-07-11T13:23:00+00:00,32.36,1014.34,44.85,0,normal
2026-07-11T13:24:00+00:00,32.32,1014.35,44.55,0,normal
2026-07-11T13:25:00+00:00,32.44,1014.34,44.44,0,normal
2026-07-11T13:26:00+00:00,32.44,1014.47,44.52,0,normal
2026-07-11T13:27:00+00:00,32.43,1014.33,44.78,0,normal
2026-07-11T13:28:00+00:00,32.38,1014.29,44.59,0,normal
2026-07-11T13:29:00+00:00,32.51,1014.3,44.27,0,normal
2026-07-11T13:30:00+00:00,32.5,1014.27,44.34,0,normal
2026-07-11T13:31:00+00:00,32.47,1014.2,44.31,0,normal
2026-07-11T13:32:00+00:00,32.47,1014.16,43.91,0,normal
2026-07-11T13:33:00+00:00,32.5,1014.17,43.88,0,normal
2026-07-11T13:34:00+00:00,32.56,1014.09,43.9,0,normal
2026-07-11T13:35:00+00:00,32.62,1014.1,43.63,0,normal
2026-07-11T13:36:00+00:00,32.56,1014.11,43.34,0,normal
2026-07-11T13:37:00+00:00,32.6,1014.13,43.25,0,normal
2026-07-11T13:38:00+00:00,32.67,1014.13,43.59,0,normal
2026-07-11T13:39:00+00:00,32.65,1014.11,43.43,0,normal
2026-07-11T13:40:00+00:00,32.65,1014.08,43.49,0,normal
2026-07-11T13:41:00+00:00,32.62,1014.09,43.52,0,normal
2026-07-11T13:42:00+00:00,32.7,1014.1,43.58,0,normal
2026-07-11T13:43:00+00:00,32.73,1014.07,43.71,0,normal
2026-07-11T13:44:00+00:00,32.79,1014.15,43.51,0,normal
2026-07-11T13:45:00+00:00,32.69,1014.17,43.51,0,normal
2026-07-11T13:46:00+00:00,32.69,1014.18,43.58,0,normal
2026-07-11T13:47:00+00:00,32.48,1014.25,43.9,0,normal
2026-07-11T13:48:00+00:00,32.44,1014.28,44.24,0,normal
2026-07-11T13:49:00+00:00,32.45,1014.33,44.6,0,normal
2026-07-11T13:50:00+00:00,32.62,1014.3,44.5,0,normal
2026-07-11T13:51:00+00:00,32.69,1014.35,44.62,0,normal
2026-07-11T13:52:00+00:00,32.48,1014.28,44.95,0,normal
2026-07-11T13:53:00+00:00,32.55,1014.32,44.65,0,normal
2026-07-11T13:54:00+00:00,32.52,1014.38,44.35,0,normal
2026-07-11T13:55:00+00:00,32.46,1014.42,44.45,0,normal
2026-07-11T13:56:00+00:00,32.43,1014.5,44.62,0,normal
2026-07-11T13:57:00+00:00,32.29,1014.6,44.83,0,normal
2026-07-11T13:58:00+00:00,32.32,1014.61,44.95,0,normal
2026-07-11T13:59:00+00:00,32.38,1014.61,45.23,0,normal
2026-07-11T14:00:00+00:00,32.22,1014.6,45.26,0,normal
2026-07-11T14:01:00+00:00,32.24,1014.65,44.92,0,normal
2026-07-11T14:02:00+00:00,32.23,1014.73,44.58,0,normal
2026-07-11T14:03:00+00:00,32.23,1014.72,44.63,0,normal
2026-07-11T14:04:00+00:00,32.28,1014.74,44.55,0,normal
2026-07-11T14:05:00+00:00,32.3,1014.75,44.52,0,normal
2026-07-11T14:06:00+00:00,32.43,1014.7,44.57,0,normal
2026-07-11T14:07:00+00:00,32.36,1014.82,44.56,0,normal
2026-07-11T14:08:00+00:00,32.27,1014.82,44.25,0,normal
2026-07-11T14:09:00+00:00,32.24,1014.87,44.52,0,normal
2026-07-11T14:10:00+00:00,32.34,1014.88,44.61,0,normal
2026-07-11T14:11:00+00:00,32.41,1015.0,44.47,0,normal
2026-07-11T14:12:00+00:00,32.54,1014.96,44.69,0,normal
2026-07-11T14:13:00+00:00,32.49,1014.94,44.61,0,normal
2026-07-11T14:14:00+00:00,32.43,1014.97,44.83,0,normal
2026-07-11T14:15:00+00:00,32.27,1014.98,44.58,0,normal
2026-07-11T14:16:00+00:00,32.36,1015.06,44.53,0,normal
2026-07-11T14:17:00+00:00,32.31,1014.99,44.9,0,normal
2026-07-11T14:18:00+00:00,32.43,1014.91,45.0,0,normal
2026-07-11T14:19:00+00:00,32.34,1014.9,44.71,0,normal
2026-07-11T14:20:00+00:00,32.19,1014.92,45.07,0,normal
2026-07-11T14:21:00+00:00,32.14,1014.98,45.24,0,normal
2026-07-11T14:22:00+00:00,32.21,1015.1,45.38,0,normal
2026-07-11T14:23:00+00:00,32.37,1015.06,45.47,0,normal
2026-07-11T14:24:00+00:00,32.5,1015.04,44.72,0,normal
2026-07-11T14:25:00+00:00,32.4,1015.02,44.81,0,normal
2026-07-11T14:26:00+00:00,32.36,1015.04,44.66,0,normal
2026-07-11T14:27:00+00:00,32.36,1015.06,44.52,0,normal
2026-07-11T14:28:00+00:00,32.43,1015.15,44.28,0,normal
2026-07-11T14:29:00+00:00,32.45,1015.09,43.94,0,normal
2026-07-11T14:30:00+00:00,32.53,1015.21,43.89,0,normal
2026-07-11T14:31:00+00:00,32.68,1015.2,43.87,0,normal
2026-07-11T14:32:00+00:00,32.8,1015.17,44.08,0,normal
2026-07-11T14:33:00+00:00,32.75,1015.15,44.0,0,normal
2026-07-11T14:34:00+00:00,32.57,1015.23,44.07,0,normal
2026-07-11T14:35:00+00:00,32.55,1015.22,44.15,0,normal
2026-07-11T14:36:00+00:00,32.61,1015.22,44.36,0,normal
2026-07-11T14:37:00+00:00,32.63,1015.24,44.55,0,normal
2026-07-11T14:38:00+00:00,32.58,1015.2,44.54,0,normal
2026-07-11T14:39:00+00:00,32.57,1015.21,44.78,0,normal
2026-07-11T14:40:00+00:00,32.6,1015.23,44.76,0,normal
2026-07-11T14:41:00+00:00,32.6,1015.28,44.77,0,normal
2026-07-11T14:42:00+00:00,32.58,1015.23,44.62,0,normal
2026-07-11T14:43:00+00:00,32.59,1015.27,44.32,0,normal
2026-07-11T14:44:00+00:00,32.54,1015.25,44.61,0,normal
2026-07-11T14:45:00+00:00,32.55,1015.29,44.6,0,normal
2026-07-11T14:46:00+00:00,32.49,1015.3,44.7,0,normal
2026-07-11T14:47:00+00:00,32.46,1015.35,44.73,0,normal
2026-07-11T14:48:00+00:00,32.48,1015.39,44.63,0,normal
2026-07-11T14:49:00+00:00,32.45,1015.46,45.0,0,normal
2026-07-11T14:50:00+00:00,32.52,1015.34,44.84,0,normal
2026-07-11T14:51:00+00:00,32.52,1015.31,44.61,0,normal
2026-07-11T14:52:00+00:00,32.47,1015.36,44.74,1,frozen_sensor
2026-07-11T14:53:00+00:00,32.47,1015.36,44.74,1,frozen_sensor
2026-07-11T14:54:00+00:00,32.47,1015.36,44.74,1,frozen_sensor
2026-07-11T14:55:00+00:00,32.47,1015.36,44.74,1,frozen_sensor
2026-07-11T14:56:00+00:00,32.47,1015.36,44.74,1,frozen_sensor
2026-07-11T14:57:00+00:00,32.47,1015.36,44.74,1,frozen_sensor
2026-07-11T14:58:00+00:00,32.47,1015.36,44.74,1,frozen_sensor
2026-07-11T14:59:00+00:00,32.47,1015.36,44.74,1,frozen_sensor
2026-07-11T15:00:00+00:00,32.47,1015.36,44.74,1,frozen_sensor
2026-07-11T15:01:00+00:00,32.47,1015.36,44.74,1,frozen_sensor
2026-07-11T15:02:00+00:00,32.47,1015.36,44.74,1,frozen_sensor
2026-07-11T15:03:00+00:00,32.47,1015.36,44.74,1,frozen_sensor
2026-07-11T15:04:00+00:00,32.47,1015.36,44.74,1,frozen_sensor
2026-07-11T15:05:00+00:00,32.47,1015.36,44.74,1,frozen_sensor
2026-07-11T15:06:00+00:00,32.47,1015.36,44.74,1,frozen_sensor
2026-07-11T15:07:00+00:00,32.47,1015.36,44.74,1,frozen_sensor
2026-07-11T15:08:00+00:00,32.47,1015.36,44.74,1,frozen_sensor
2026-07-11T15:09:00+00:00,32.47,1015.36,44.74,1,frozen_sensor
2026-07-11T15:10:00+00:00,32.17,1016.06,45.03,0,normal
2026-07-11T15:11:00+00:00,32.05,1016.02,44.98,0,normal
2026-07-11T15:12:00+00:00,32.21,1016.02,44.93,0,normal
2026-07-11T15:13:00+00:00,32.28,1016.08,45.09,0,normal
2026-07-11T15:14:00+00:00,32.28,1016.04,44.96,0,normal
2026-07-11T15:15:00+00:00,32.15,1016.04,44.9,0,normal
2026-07-11T15:16:00+00:00,32.1,1016.08,44.8,0,normal
2026-07-11T15:17:00+00:00,32.07,1016.07,44.84,0,normal
2026-07-11T15:18:00+00:00,32.1,1016.02,44.97,0,normal
2026-07-11T15:19:00+00:00,32.12,1016.06,45.03,0,normal
2026-07-11T15:20:00+00:00,32.14,1016.06,45.15,0,normal
2026-07-11T15:21:00+00:00,32.23,1016.05,45.09,0,normal
2026-07-11T15:22:00+00:00,32.27,1016.05,44.98,0,normal
2026-07-11T15:23:00+00:00,32.29,1016.05,45.27,0,normal
2026-07-11T15:24:00+00:00,32.24,1016.03,45.3,0,normal
2026-07-11T15:25:00+00:00,32.26,1016.07,45.43,0,normal
2026-07-11T15:26:00+00:00,32.2,1016.16,45.13,0,normal
2026-07-11T15:27:00+00:00,32.12,1016.18,45.03,0,normal
2026-07-11T15:28:00+00:00,32.09,1016.15,45.04,0,normal
2026-07-11T15:29:00+00:00,32.12,1016.15,44.91,0,normal
2026-07-11T15:30:00+00:00,32.07,1016.23,45.19,0,normal
2026-07-11T15:31:00+00:00,32.02,1016.28,45.24,0,normal
2026-07-11T15:32:00+00:00,32.12,1016.31,45.24,0,normal
2026-07-11T15:33:00+00:00,32.24,1016.28,45.36,0,normal
2026-07-11T15:34:00+00:00,32.33,1016.33,45.25,0,normal
2026-07-11T15:35:00+00:00,32.24,1016.28,45.6,0,normal
2026-07-11T15:36:00+00:00,32.12,1016.34,45.35,0,normal
2026-07-11T15:37:00+00:00,32.31,1016.3,45.41,0,normal
2026-07-11T15:38:00+00:00,32.38,1016.29,45.57,0,normal
2026-07-11T15:39:00+00:00,32.33,1016.33,45.84,0,normal
2026-07-11T15:40:00+00:00,32.27,1016.43,45.94,0,normal
2026-07-11T15:41:00+00:00,32.4,1016.41,45.84,0,normal
2026-07-11T15:42:00+00:00,32.35,1016.37,46.07,0,normal
2026-07-11T15:43:00+00:00,32.31,1016.34,45.93,0,normal
2026-07-11T15:44:00+00:00,32.21,1016.42,46.06,0,normal
2026-07-11T15:45:00+00:00,32.17,1016.42,46.05,0,normal
2026-07-11T15:46:00+00:00,32.29,1016.44,46.26,0,normal
2026-07-11T15:47:00+00:00,32.23,1016.55,46.04,0,normal
2026-07-11T15:48:00+00:00,32.27,1016.53,46.53,0,normal
2026-07-11T15:49:00+00:00,32.29,1016.47,46.36,0,normal
2026-07-11T15:50:00+00:00,32.31,1016.53,46.51,0,normal
2026-07-11T15:51:00+00:00,32.29,1016.54,46.75,0,normal
2026-07-11T15:52:00+00:00,32.19,1016.57,46.65,0,normal
2026-07-11T15:53:00+00:00,32.1,1016.57,46.52,0,normal
2026-07-11T15:54:00+00:00,32.12,1016.52,46.64,0,normal
2026-07-11T15:55:00+00:00,32.04,1016.55,46.64,0,normal
2026-07-11T15:56:00+00:00,31.97,1016.64,46.6,0,normal
2026-07-11T15:57:00+00:00,32.0,1016.7,46.58,0,normal
2026-07-11T15:58:00+00:00,31.88,1016.68,46.87,0,normal
2026-07-11T15:59:00+00:00,31.9,1016.71,46.79,0,normal
2026-07-11T16:00:00+00:00,32.01,1016.69,46.85,0,normal
2026-07-11T16:01:00+00:00,32.02,1016.66,46.73,0,normal
2026-07-11T16:02:00+00:00,31.96,1016.73,46.69,0,normal
2026-07-11T16:03:00+00:00,31.81,1016.68,46.58,0,normal
2026-07-11T16:04:00+00:00,31.67,1016.74,46.8,0,normal
2026-07-11T16:05:00+00:00,31.66,1016.76,47.0,0,normal
2026-07-11T16:06:00+00:00,31.7,1016.74,46.87,0,normal
2026-07-11T16:07:00+00:00,31.74,1016.78,47.04,0,normal
2026-07-11T16:08:00+00:00,31.64,1016.77,47.18,0,normal
2026-07-11T16:09:00+00:00,31.57,1016.72,47.08,0,normal
2026-07-11T16:10:00+00:00,31.54,1016.84,46.96,0,normal
2026-07-11T16:11:00+00:00,31.52,1016.97,46.8,0,normal
2026-07-11T16:12:00+00:00,31.56,1016.96,46.95,0,normal
2026-07-11T16:13:00+00:00,31.73,1017.02,47.04,0,normal
2026-07-11T16:14:00+00:00,31.63,1017.03,46.99,0,normal
2026-07-11T16:15:00+00:00,31.49,1016.95,46.89,0,normal
2026-07-11T16:16:00+00:00,31.47,1017.03,46.81,0,normal
2026-07-11T16:17:00+00:00,31.47,1016.97,46.73,0,normal
2026-07-11T16:18:00+00:00,31.26,1017.1,46.86,0,normal
2026-07-11T16:19:00+00:00,31.26,1017.15,47.45,0,normal
2026-07-11T16:20:00+00:00,31.22,1017.12,47.91,0,normal
2026-07-11T16:21:00+00:00,31.11,1017.21,47.93,0,normal
2026-07-11T16:22:00+00:00,31.14,1017.15,48.49,0,normal
2026-07-11T16:23:00+00:00,31.11,1017.14,48.62,0,normal
2026-07-11T16:24:00+00:00,31.05,1017.19,48.37,0,normal
2026-07-11T16:25:00+00:00,31.06,1017.18,48.24,0,normal
2026-07-11T16:26:00+00:00,30.98,1017.24,48.21,0,normal
2026-07-11T16:27:00+00:00,30.96,1017.29,48.48,0,normal
2026-07-11T16:28:00+00:00,30.89,1017.32,48.33,0,normal
2026-07-11T16:29:00+00:00,30.87,1017.39,47.9,0,normal
2026-07-11T16:30:00+00:00,30.8,1017.39,48.04,0,normal
2026-07-11T16:31:00+00:00,30.9,1017.32,48.39,0,normal
2026-07-11T16:32:00+00:00,30.94,1017.33,48.14,0,normal
2026-07-11T16:33:00+00:00,30.89,1017.4,48.21,0,normal
2026-07-11T16:34:00+00:00,30.87,1017.37,48.42,0,normal
2026-07-11T16:35:00+00:00,30.85,1017.38,48.46,0,normal
2026-07-11T16:36:00+00:00,30.8,1017.36,48.21,0,normal
2026-07-11T16:37:00+00:00,30.75,1017.29,48.38,0,normal
2026-07-11T16:38:00+00:00,30.69,1017.3,48.44,0,normal
2026-07-11T16:39:00+00:00,30.63,1017.27,48.55,0,normal
2026-07-11T16:40:00+00:00,30.78,1017.34,48.87,0,normal
2026-07-11T16:41:00+00:00,30.67,1017.36,48.89,0,normal
2026-07-11T16:42:00+00:00,30.78,1017.43,48.91,0,normal
2026-07-11T16:43:00+00:00,30.59,1017.39,49.09,0,normal
2026-07-11T16:44:00+00:00,30.57,1017.41,49.27,0,normal
2026-07-11T16:45:00+00:00,30.66,1017.4,49.43,0,normal
2026-07-11T16:46:00+00:00,30.78,1017.5,49.37,0,normal
2026-07-11T16:47:00+00:00,30.79,1017.56,49.42,0,normal
2026-07-11T16:48:00+00:00,30.76,1017.49,49.29,0,normal
2026-07-11T16:49:00+00:00,30.69,1017.45,49.38,0,normal
2026-07-11T16:50:00+00:00,30.75,1017.46,48.99,0,normal
2026-07-11T16:51:00+00:00,30.72,1017.5,49.11,0,normal
2026-07-11T16:52:00+00:00,30.65,1017.46,49.37,0,normal
2026-07-11T16:53:00+00:00,30.66,1017.46,49.14,0,normal
2026-07-11T16:54:00+00:00,30.67,1017.44,49.3,0,normal
2026-07-11T16:55:00+00:00,30.66,1017.58,49.36,0,normal
2026-07-11T16:56:00+00:00,30.81,1017.6,49.31,0,normal
2026-07-11T16:57:00+00:00,30.7,1017.58,49.48,0,normal
2026-07-11T16:58:00+00:00,30.68,1017.52,49.77,0,normal
2026-07-11T16:59:00+00:00,30.78,1017.45,50.04,0,normal
2026-07-11T17:00:00+00:00,30.89,1017.4,50.01,0,normal
2026-07-11T17:01:00+00:00,30.79,1017.48,49.99,0,normal
2026-07-11T17:02:00+00:00,30.72,1017.54,50.37,0,normal
2026-07-11T17:03:00+00:00,30.69,1017.54,50.37,0,normal
2026-07-11T17:04:00+00:00,30.71,1017.51,50.43,0,normal
2026-07-11T17:05:00+00:00,30.61,1017.48,50.1,0,normal
2026-07-11T17:06:00+00:00,30.54,1017.57,49.78,0,normal
2026-07-11T17:07:00+00:00,30.56,1017.57,49.67,0,normal
2026-07-11T17:08:00+00:00,30.56,1017.67,50.07,0,normal
2026-07-11T17:09:00+00:00,30.56,1017.69,50.24,0,normal
2026-07-11T17:10:00+00:00,30.72,1017.7,50.56,0,normal
2026-07-11T17:11:00+00:00,30.64,1017.69,50.99,0,normal
2026-07-11T17:12:00+00:00,30.6,1017.73,51.15,0,normal
2026-07-11T17:13:00+00:00,30.5,1017.73,51.08,0,normal
2026-07-11T17:14:00+00:00,30.49,1017.78,51.02,0,normal
2026-07-11T17:15:00+00:00,30.63,1017.8,51.11,0,normal
2026-07-11T17:16:00+00:00,30.69,1017.78,51.07,0,normal
2026-07-11T17:17:00+00:00,30.67,1017.74,51.1,0,normal
2026-07-11T17:18:00+00:00,30.79,1017.86,51.35,0,normal
2026-07-11T17:19:00+00:00,30.84,1017.9,51.33,0,normal
2026-07-11T17:20:00+00:00,30.91,1017.88,51.6,0,normal
2026-07-11T17:21:00+00:00,30.81,1017.88,51.77,0,normal
2026-07-11T17:22:00+00:00,30.92,1017.97,51.89,0,normal
2026-07-11T17:23:00+00:00,30.86,1018.03,52.22,0,normal
2026-07-11T17:24:00+00:00,30.66,,52.05,1,missing_data
2026-07-11T17:25:00+00:00,30.59,,51.75,1,missing_data
2026-07-11T17:26:00+00:00,30.43,,51.94,1,missing_data
2026-07-11T17:27:00+00:00,30.32,,52.09,1,missing_data
2026-07-11T17:28:00+00:00,30.31,,52.34,1,missing_data
2026-07-11T17:29:00+00:00,30.18,,52.55,1,missing_data
2026-07-11T17:30:00+00:00,30.08,1018.06,52.25,0,normal
2026-07-11T17:31:00+00:00,29.94,1018.14,52.36,0,normal
2026-07-11T17:32:00+00:00,29.87,1018.13,52.77,0,normal
2026-07-11T17:33:00+00:00,29.79,1018.17,52.99,0,normal
2026-07-11T17:34:00+00:00,29.89,1018.14,52.76,0,normal
2026-07-11T17:35:00+00:00,29.77,1018.2,53.22,0,normal
2026-07-11T17:36:00+00:00,29.81,1018.18,53.5,0,normal
2026-07-11T17:37:00+00:00,29.75,1018.15,53.46,0,normal
2026-07-11T17:38:00+00:00,29.67,1018.13,53.75,0,normal
2026-07-11T17:39:00+00:00,29.61,1018.07,53.89,0,normal
2026-07-11T17:40:00+00:00,29.52,1018.05,54.06,0,normal
2026-07-11T17:41:00+00:00,29.44,1018.05,54.08,0,normal
2026-07-11T17:42:00+00:00,29.4,1018.05,53.64,0,normal
2026-07-11T17:43:00+00:00,29.38,1018.16,53.82,0,normal
2026-07-11T17:44:00+00:00,29.33,1018.2,53.99,0,normal
2026-07-11T17:45:00+00:00,29.25,1018.28,54.06,0,normal
2026-07-11T17:46:00+00:00,29.22,1018.37,53.69,0,normal
2026-07-11T17:47:00+00:00,29.11,1018.41,53.89,0,normal
2026-07-11T17:48:00+00:00,29.24,1018.31,54.12,0,normal
2026-07-11T17:49:00+00:00,29.13,1018.34,54.16,0,normal
2026-07-11T17:50:00+00:00,29.18,1018.34,54.41,0,normal
2026-07-11T17:51:00+00:00,29.1,1018.35,54.5,0,normal
2026-07-11T17:52:00+00:00,29.23,1018.4,54.58,0,normal
2026-07-11T17:53:00+00:00,29.26,1018.47,54.7,0,normal
2026-07-11T17:54:00+00:00,29.16,1018.5,54.74,0,normal
2026-07-11T17:55:00+00:00,29.11,1018.47,54.91,0,normal
2026-07-11T17:56:00+00:00,29.13,1018.43,54.73,0,normal
2026-07-11T17:57:00+00:00,29.26,1018.48,54.8,0,normal
2026-07-11T17:58:00+00:00,29.29,1018.46,54.82,0,normal
2026-07-11T17:59:00+00:00,29.26,1018.52,54.6,0,normal
2026-07-11T18:00:00+00:00,29.15,1018.46,54.85,0,normal
2026-07-11T18:01:00+00:00,29.11,1018.43,54.87,0,normal
2026-07-11T18:02:00+00:00,29.03,1018.36,55.19,0,normal
2026-07-11T18:03:00+00:00,29.0,1018.44,54.96,0,normal
2026-07-11T18:04:00+00:00,29.02,1018.38,55.53,0,normal
2026-07-11T18:05:00+00:00,28.85,1018.48,55.58,0,normal
2026-07-11T18:06:00+00:00,28.82,1018.52,55.44,0,normal
2026-07-11T18:07:00+00:00,28.86,1018.57,55.51,0,normal
2026-07-11T18:08:00+00:00,28.86,1018.67,55.7,0,normal
2026-07-11T18:09:00+00:00,28.78,1018.71,55.66,0,normal
2026-07-11T18:10:00+00:00,28.7,1018.73,55.52,0,normal
2026-07-11T18:11:00+00:00,28.68,1018.76,55.98,0,normal
2026-07-11T18:12:00+00:00,28.71,1018.68,55.78,0,normal
2026-07-11T18:13:00+00:00,28.83,1018.65,55.55,0,normal
2026-07-11T18:14:00+00:00,28.72,1018.69,55.67,0,normal
2026-07-11T18:15:00+00:00,28.75,1018.69,55.54,0,normal
2026-07-11T18:16:00+00:00,28.58,1018.65,55.66,0,normal
2026-07-11T18:17:00+00:00,28.46,1018.7,55.56,0,normal
2026-07-11T18:18:00+00:00,28.31,1018.7,55.82,0,normal
2026-07-11T18:19:00+00:00,28.42,1018.61,56.21,0,normal
2026-07-11T18:20:00+00:00,28.42,1018.59,56.43,0,normal
2026-07-11T18:21:00+00:00,28.51,1018.51,56.42,0,normal
2026-07-11T18:22:00+00:00,28.44,1018.55,56.8,0,normal
2026-07-11T18:23:00+00:00,28.42,1018.54,56.96,0,normal
2026-07-11T18:24:00+00:00,28.38,1018.44,57.13,0,normal
2026-07-11T18:25:00+00:00,28.43,1018.51,56.96,0,normal
2026-07-11T18:26:00+00:00,28.46,1018.59,57.55,0,normal
2026-07-11T18:27:00+00:00,28.46,1018.65,57.4,0,normal
2026-07-11T18:28:00+00:00,28.34,1018.7,57.06,0,normal
2026-07-11T18:29:00+00:00,28.33,1018.77,57.28,0,normal
2026-07-11T18:30:00+00:00,28.36,1018.76,57.28,0,normal
2026-07-11T18:31:00+00:00,28.5,1018.82,57.54,0,normal
2026-07-11T18:32:00+00:00,28.46,1018.78,57.83,0,normal
2026-07-11T18:33:00+00:00,28.4,1018.78,58.02,0,normal
2026-07-11T18:34:00+00:00,28.37,1018.86,57.81,0,normal
2026-07-11T18:35:00+00:00,28.34,1018.95,58.07,0,normal
2026-07-11T18:36:00+00:00,28.29,1018.98,58.13,0,normal
2026-07-11T18:37:00+00:00,28.37,1019.01,58.03,0,normal
2026-07-11T18:38:00+00:00,28.34,1019.01,58.2,0,normal
2026-07-11T18:39:00+00:00,28.33,1019.02,58.36,0,normal
2026-07-11T18:40:00+00:00,28.23,1018.99,58.38,0,normal
2026-07-11T18:41:00+00:00,28.19,1018.96,58.68,0,normal
2026-07-11T18:42:00+00:00,28.08,1018.86,59.14,0,normal
2026-07-11T18:43:00+00:00,27.98,1018.9,59.31,0,normal
2026-07-11T18:44:00+00:00,27.88,1018.89,59.3,0,normal
2026-07-11T18:45:00+00:00,27.88,1018.84,59.31,0,normal
2026-07-11T18:46:00+00:00,27.85,1018.88,59.29,0,normal
2026-07-11T18:47:00+00:00,27.74,1018.85,59.42,0,normal
2026-07-11T18:48:00+00:00,27.57,1018.9,59.48,0,normal
2026-07-11T18:49:00+00:00,27.58,1018.9,59.41,0,normal
2026-07-11T18:50:00+00:00,27.48,1018.85,59.18,0,normal
2026-07-11T18:51:00+00:00,27.49,1018.83,58.96,0,normal
2026-07-11T18:52:00+00:00,27.42,1018.86,59.32,0,normal
2026-07-11T18:53:00+00:00,27.29,1018.95,59.21,0,normal
2026-07-11T18:54:00+00:00,27.14,1019.03,59.11,0,normal
2026-07-11T18:55:00+00:00,27.26,1018.98,59.16,0,normal
2026-07-11T18:56:00+00:00,27.14,1019.02,59.5,0,normal
2026-07-11T18:57:00+00:00,27.07,1019.0,59.73,0,normal
2026-07-11T18:58:00+00:00,27.03,1019.05,59.8,0,normal
2026-07-11T18:59:00+00:00,26.98,1018.95,59.63,0,normal
2026-07-11T19:00:00+00:00,27.02,1018.95,59.9,0,normal
2026-07-11T19:01:00+00:00,26.96,1018.85,59.9,0,normal
2026-07-11T19:02:00+00:00,27.11,1018.79,60.0,0,normal
2026-07-11T19:03:00+00:00,26.9,1018.76,60.02,0,normal
2026-07-11T19:04:00+00:00,26.92,1018.73,59.83,0,normal
2026-07-11T19:05:00+00:00,26.85,1018.72,59.75,0,normal
2026-07-11T19:06:00+00:00,26.77,1018.76,59.76,0,normal
2026-07-11T19:07:00+00:00,26.8,1018.74,59.65,0,normal
2026-07-11T19:08:00+00:00,26.76,1018.75,60.14,0,normal
2026-07-11T19:09:00+00:00,26.69,1018.74,60.45,0,normal
2026-07-11T19:10:00+00:00,26.78,1018.7,60.53,0,normal
2026-07-11T19:11:00+00:00,26.85,1018.72,60.86,0,normal
2026-07-11T19:12:00+00:00,26.93,1018.74,60.99,0,normal
2026-07-11T19:13:00+00:00,26.85,1018.72,61.06,0,normal
2026-07-11T19:14:00+00:00,26.92,1018.72,61.2,0,normal
2026-07-11T19:15:00+00:00,26.81,1018.77,61.16,0,normal
2026-07-11T19:16:00+00:00,26.76,1018.83,61.44,0,normal
2026-07-11T19:17:00+00:00,26.67,1018.76,61.51,0,normal
2026-07-11T19:18:00+00:00,26.6,1018.68,61.46,0,normal
2026-07-11T19:19:00+00:00,26.36,1018.71,61.74,0,normal
2026-07-11T19:20:00+00:00,26.47,1018.72,61.75,0,normal
2026-07-11T19:21:00+00:00,26.53,1018.68,61.59,0,normal
2026-07-11T19:22:00+00:00,26.5,1018.69,61.55,0,normal
2026-07-11T19:23:00+00:00,26.39,1018.66,61.76,0,normal
2026-07-11T19:24:00+00:00,26.37,1018.78,61.85,0,normal
2026-07-11T19:25:00+00:00,26.41,1018.7,62.09,0,normal
2026-07-11T19:26:00+00:00,26.35,1018.69,62.55,0,normal
2026-07-11T19:27:00+00:00,26.3,1018.61,62.41,0,normal
2026-07-11T19:28:00+00:00,26.29,1018.61,62.54,0,normal
2026-07-11T19:29:00+00:00,26.17,1018.7,62.94,0,normal
2026-07-11T19:30:00+00:00,45.22,1045.28,96.8,1,multivariate_inconsistency
2026-07-11T19:31:00+00:00,46.85,1046.61,98.41,1,multivariate_inconsistency
2026-07-11T19:32:00+00:00,45.82,1043.28,98.78,1,multivariate_inconsistency
2026-07-11T19:33:00+00:00,46.09,1044.8,97.82,1,multivariate_inconsistency
2026-07-11T19:34:00+00:00,46.55,1043.46,98.36,1,multivariate_inconsistency
2026-07-11T19:35:00+00:00,46.97,1042.77,94.75,1,multivariate_inconsistency
2026-07-11T19:36:00+00:00,45.9,1042.78,95.77,1,multivariate_inconsistency
2026-07-11T19:37:00+00:00,46.35,1043.89,95.18,1,multivariate_inconsistency
2026-07-11T19:38:00+00:00,46.03,1046.51,94.8,1,multivariate_inconsistency
2026-07-11T19:39:00+00:00,46.86,1045.26,96.65,1,multivariate_inconsistency
2026-07-11T19:40:00+00:00,46.8,1044.82,94.59,1,multivariate_inconsistency
2026-07-11T19:41:00+00:00,25.82,1018.32,63.94,0,normal
2026-07-11T19:42:00+00:00,25.76,1018.25,63.74,0,normal
2026-07-11T19:43:00+00:00,25.85,1018.34,63.89,0,normal
2026-07-11T19:44:00+00:00,25.68,1018.3,63.84,0,normal
2026-07-11T19:45:00+00:00,25.62,1018.26,64.07,0,normal
2026-07-11T19:46:00+00:00,25.63,1018.34,64.11,0,normal
2026-07-11T19:47:00+00:00,25.63,1018.37,64.44,0,normal
2026-07-11T19:48:00+00:00,25.51,1018.39,64.58,0,normal
2026-07-11T19:49:00+00:00,25.52,1018.39,65.03,0,normal
2026-07-11T19:50:00+00:00,25.43,1018.34,64.96,0,normal
2026-07-11T19:51:00+00:00,25.39,1018.35,64.97,0,normal
2026-07-11T19:52:00+00:00,25.46,1018.34,65.05,0,normal
2026-07-11T19:53:00+00:00,25.34,1018.43,65.15,0,normal
2026-07-11T19:54:00+00:00,25.45,1018.39,65.42,0,normal
2026-07-11T19:55:00+00:00,25.39,1018.47,65.74,0,normal
2026-07-11T19:56:00+00:00,25.43,1018.43,66.21,0,normal
2026-07-11T19:57:00+00:00,25.57,1018.4,66.31,0,normal
2026-07-11T19:58:00+00:00,25.62,1018.29,66.61,0,normal
2026-07-11T19:59:00+00:00,25.66,1018.26,66.23,0,normal
2026-07-11T20:00:00+00:00,25.65,1018.2,66.0,0,normal
2026-07-11T20:01:00+00:00,25.64,1018.26,66.05,0,normal
2026-07-11T20:02:00+00:00,25.69,1018.29,65.88,0,normal
2026-07-11T20:03:00+00:00,25.6,1018.34,65.88,0,normal
2026-07-11T20:04:00+00:00,25.62,1018.31,66.15,0,normal
2026-07-11T20:05:00+00:00,25.61,1018.29,66.4,0,normal
2026-07-11T20:06:00+00:00,25.39,1018.22,66.41,0,normal
2026-07-11T20:07:00+00:00,25.44,1018.15,66.52,0,normal
2026-07-11T20:08:00+00:00,25.42,1018.16,66.61,0,normal
2026-07-11T20:09:00+00:00,25.33,1018.14,66.91,0,normal
2026-07-11T20:10:00+00:00,25.24,1018.03,67.11,0,normal
2026-07-11T20:11:00+00:00,25.32,1017.98,67.48,0,normal
2026-07-11T20:12:00+00:00,25.32,1017.92,67.42,0,normal
2026-07-11T20:13:00+00:00,25.21,1017.94,67.47,0,normal
2026-07-11T20:14:00+00:00,25.26,1017.99,67.26,0,normal
2026-07-11T20:15:00+00:00,25.1,1018.02,67.26,0,normal
2026-07-11T20:16:00+00:00,25.05,1018.05,67.55,0,normal
2026-07-11T20:17:00+00:00,24.91,1017.93,67.63,0,normal
2026-07-11T20:18:00+00:00,24.81,1017.94,67.72,0,normal
2026-07-11T20:19:00+00:00,24.7,1018.04,67.83,0,normal
2026-07-11T20:20:00+00:00,24.63,1018.05,68.04,0,normal
2026-07-11T20:21:00+00:00,24.56,1018.16,67.84,0,normal
2026-07-11T20:22:00+00:00,24.42,1018.07,67.96,0,normal
2026-07-11T20:23:00+00:00,24.44,1018.04,68.17,0,normal
2026-07-11T20:24:00+00:00,24.46,1018.02,68.36,0,normal
2026-07-11T20:25:00+00:00,24.42,1017.99,68.37,0,normal
2026-07-11T20:26:00+00:00,24.42,1018.05,68.24,0,normal
2026-07-11T20:27:00+00:00,24.35,1018.05,68.71,0,normal
2026-07-11T20:28:00+00:00,24.37,1018.0,68.63,0,normal
2026-07-11T20:29:00+00:00,24.42,1017.97,68.5,0,normal
2026-07-11T20:30:00+00:00,24.48,1017.98,68.38,0,normal
2026-07-11T20:31:00+00:00,24.34,1017.87,68.4,0,normal
2026-07-11T20:32:00+00:00,24.33,1017.91,68.62,0,normal
2026-07-11T20:33:00+00:00,24.2,1017.89,69.04,0,normal
2026-07-11T20:34:00+00:00,24.13,1017.93,69.29,0,normal
2026-07-11T20:35:00+00:00,24.17,1017.94,69.55,0,normal
2026-07-11T20:36:00+00:00,24.03,1018.01,69.29,0,normal
2026-07-11T20:37:00+00:00,24.03,1017.99,69.29,0,normal
2026-07-11T20:38:00+00:00,23.93,1018.01,69.58,0,normal
2026-07-11T20:39:00+00:00,23.91,1017.98,69.95,0,normal
2026-07-11T20:40:00+00:00,23.85,1017.96,70.01,0,normal
2026-07-11T20:41:00+00:00,24.03,1017.91,70.28,0,normal
2026-07-11T20:42:00+00:00,23.87,1017.85,70.32,0,normal
2026-07-11T20:43:00+00:00,23.84,1017.83,70.4,0,normal
2026-07-11T20:44:00+00:00,23.76,1017.88,70.3,0,normal
2026-07-11T20:45:00+00:00,23.8,1017.9,70.22,0,normal
2026-07-11T20:46:00+00:00,23.74,1017.89,70.68,0,normal
2026-07-11T20:47:00+00:00,23.69,1018.06,70.94,0,normal
2026-07-11T20:48:00+00:00,23.7,1018.08,70.69,0,normal
2026-07-11T20:49:00+00:00,23.77,1017.99,70.98,0,normal
2026-07-11T20:50:00+00:00,23.69,1017.93,71.43,0,normal
2026-07-11T20:51:00+00:00,23.66,1017.83,71.71,0,normal
2026-07-11T20:52:00+00:00,23.53,1017.89,71.79,0,normal
2026-07-11T20:53:00+00:00,23.41,1017.91,71.97,0,normal
2026-07-11T20:54:00+00:00,23.22,1017.89,72.1,0,normal
2026-07-11T20:55:00+00:00,23.23,1017.86,72.33,0,normal
2026-07-11T20:56:00+00:00,23.27,1017.85,72.35,0,normal
2026-07-11T20:57:00+00:00,23.26,1017.8,72.21,0,normal
2026-07-11T20:58:00+00:00,23.16,1017.78,72.12,0,normal
2026-07-11T20:59:00+00:00,23.13,1017.83,72.17,0,normal
2026-07-11T21:00:00+00:00,23.13,1017.8,72.53,0,normal
2026-07-11T21:01:00+00:00,23.25,1017.75,72.76,0,normal
2026-07-11T21:02:00+00:00,23.39,1017.68,73.03,0,normal
2026-07-11T21:03:00+00:00,23.22,1017.67,73.07,0,normal
2026-07-11T21:04:00+00:00,23.06,1017.71,73.17,0,normal
2026-07-11T21:05:00+00:00,22.97,1017.71,73.42,0,normal
2026-07-11T21:06:00+00:00,22.81,1017.53,73.47,0,normal
2026-07-11T21:07:00+00:00,22.74,1017.59,73.46,0,normal
2026-07-11T21:08:00+00:00,22.76,1017.57,73.22,0,normal
2026-07-11T21:09:00+00:00,22.75,1017.49,73.04,0,normal
2026-07-11T21:10:00+00:00,22.66,1017.42,73.1,0,normal
2026-07-11T21:11:00+00:00,22.62,1017.43,72.88,0,normal
2026-07-11T21:12:00+00:00,22.59,1017.4,73.04,0,normal
2026-07-11T21:13:00+00:00,22.6,1017.4,72.96,0,normal
2026-07-11T21:14:00+00:00,22.59,1017.37,73.35,0,normal
2026-07-11T21:15:00+00:00,22.59,1017.36,73.2,0,normal
2026-07-11T21:16:00+00:00,22.53,1017.37,73.31,0,normal
2026-07-11T21:17:00+00:00,22.52,1017.28,73.27,0,normal
2026-07-11T21:18:00+00:00,22.48,1017.33,73.02,0,normal
2026-07-11T21:19:00+00:00,22.39,1017.23,73.24,0,normal
2026-07-11T21:20:00+00:00,22.47,1017.24,73.49,0,normal
2026-07-11T21:21:00+00:00,22.38,1017.26,73.47,0,normal
2026-07-11T21:22:00+00:00,22.37,1017.28,73.55,0,normal
2026-07-11T21:23:00+00:00,22.42,1017.26,73.75,0,normal
2026-07-11T21:24:00+00:00,22.56,1017.28,73.73,0,normal
2026-07-11T21:25:00+00:00,22.5,1017.32,74.08,0,normal
2026-07-11T21:26:00+00:00,22.47,1017.23,74.02,0,normal
2026-07-11T21:27:00+00:00,22.46,1017.25,74.36,0,normal
2026-07-11T21:28:00+00:00,22.27,1017.28,74.77,0,normal
2026-07-11T21:29:00+00:00,22.07,1017.27,75.03,0,normal
2026-07-11T21:30:00+00:00,21.94,1017.23,75.24,0,normal
2026-07-11T21:31:00+00:00,21.9,1017.21,75.38,0,normal
2026-07-11T21:32:00+00:00,21.8,1017.14,75.57,0,normal
2026-07-11T21:33:00+00:00,21.88,1017.16,75.93,0,normal
2026-07-11T21:34:00+00:00,21.91,1017.24,76.02,0,normal
2026-07-11T21:35:00+00:00,21.92,1017.25,75.97,0,normal
2026-07-11T21:36:00+00:00,21.85,1017.19,75.94,0,normal
2026-07-11T21:37:00+00:00,22.01,1017.27,75.96,0,normal
2026-07-11T21:38:00+00:00,21.95,1017.14,75.86,0,normal
2026-07-11T21:39:00+00:00,21.87,1017.11,75.85,0,normal
2026-07-11T21:40:00+00:00,21.88,1017.14,75.81,0,normal
2026-07-11T21:41:00+00:00,21.98,1017.14,76.1,0,normal
2026-07-11T21:42:00+00:00,21.92,1017.16,76.3,0,normal
2026-07-11T21:43:00+00:00,22.02,1017.17,76.57,0,normal
2026-07-11T21:44:00+00:00,21.95,1017.22,76.4,0,normal
2026-07-11T21:45:00+00:00,21.87,1017.21,76.28,0,normal
2026-07-11T21:46:00+00:00,21.78,1017.15,76.47,0,normal
2026-07-11T21:47:00+00:00,21.75,1017.18,76.96,0,normal
2026-07-11T21:48:00+00:00,21.75,1017.13,77.12,0,normal
2026-07-11T21:49:00+00:00,21.65,1017.11,77.7,0,normal
2026-07-11T21:50:00+00:00,21.62,1017.11,77.73,0,normal
2026-07-11T21:51:00+00:00,21.57,1017.12,77.54,0,normal
2026-07-11T21:52:00+00:00,21.54,1017.03,77.93,0,normal
2026-07-11T21:53:00+00:00,21.6,1016.98,77.63,0,normal
2026-07-11T21:54:00+00:00,21.62,1016.96,78.16,0,normal
2026-07-11T21:55:00+00:00,21.71,1016.98,78.12,0,normal
2026-07-11T21:56:00+00:00,21.65,1016.98,78.26,0,normal
2026-07-11T21:57:00+00:00,21.57,1016.9,78.71,0,normal
2026-07-11T21:58:00+00:00,21.55,1016.91,78.59,0,normal
2026-07-11T21:59:00+00:00,21.63,1016.95,78.67,0,normal
2026-07-11T22:00:00+00:00,21.61,1016.95,78.75,0,normal
2026-07-11T22:01:00+00:00,21.63,1016.95,78.77,0,normal
2026-07-11T22:02:00+00:00,21.5,1016.93,78.99,0,normal
2026-07-11T22:03:00+00:00,21.52,1016.98,79.33,0,normal
2026-07-11T22:04:00+00:00,21.54,1016.97,79.45,0,normal
2026-07-11T22:05:00+00:00,21.46,1016.99,79.76,0,normal
2026-07-11T22:06:00+00:00,21.51,1017.0,79.74,0,normal
2026-07-11T22:07:00+00:00,21.45,1016.97,79.64,0,normal
2026-07-11T22:08:00+00:00,21.44,1016.81,79.58,0,normal
2026-07-11T22:09:00+00:00,21.41,1016.92,79.64,0,normal
2026-07-11T22:10:00+00:00,21.37,1016.86,80.04,0,normal
2026-07-11T22:11:00+00:00,21.27,1016.94,79.94,0,normal
2026-07-11T22:12:00+00:00,21.32,1016.92,79.88,0,normal
2026-07-11T22:13:00+00:00,21.36,1016.96,79.9,0,normal
2026-07-11T22:14:00+00:00,21.32,1016.92,80.01,0,normal
2026-07-11T22:15:00+00:00,21.19,1016.76,79.7,0,normal
2026-07-11T22:16:00+00:00,21.14,1016.69,79.75,0,normal
2026-07-11T22:17:00+00:00,21.07,1016.64,79.71,0,normal
2026-07-11T22:18:00+00:00,21.12,1016.64,80.11,0,normal
2026-07-11T22:19:00+00:00,21.09,1016.54,79.98,0,normal
2026-07-11T22:20:00+00:00,21.07,1016.54,79.95,0,normal
2026-07-11T22:21:00+00:00,20.97,1016.51,80.01,0,normal
2026-07-11T22:22:00+00:00,20.93,1016.44,80.15,0,normal
2026-07-11T22:23:00+00:00,20.92,1016.44,80.11,0,normal
2026-07-11T22:24:00+00:00,20.94,1016.5,80.11,0,normal
2026-07-11T22:25:00+00:00,20.86,1016.51,79.98,0,normal
2026-07-11T22:26:00+00:00,20.73,1016.47,80.15,0,normal
2026-07-11T22:27:00+00:00,20.63,1016.47,79.86,0,normal
2026-07-11T22:28:00+00:00,20.66,1016.53,79.81,0,normal
2026-07-11T22:29:00+00:00,20.67,1016.51,79.96,0,normal
2026-07-11T22:30:00+00:00,20.62,1016.48,79.92,0,normal
2026-07-11T22:31:00+00:00,20.51,1016.53,79.73,0,normal
2026-07-11T22:32:00+00:00,20.48,1016.51,79.87,0,normal
2026-07-11T22:33:00+00:00,20.51,1016.48,80.15,0,normal
2026-07-11T22:34:00+00:00,20.65,1016.46,79.88,0,normal
2026-07-11T22:35:00+00:00,20.6,1016.44,80.11,0,normal
2026-07-11T22:36:00+00:00,20.41,1016.45,80.18,0,normal
2026-07-11T22:37:00+00:00,20.45,1016.41,80.5,0,normal
2026-07-11T22:38:00+00:00,20.3,1016.4,80.44,0,normal
2026-07-11T22:39:00+00:00,20.24,1016.53,80.4,0,normal
2026-07-11T22:40:00+00:00,20.2,1016.45,80.49,0,normal
2026-07-11T22:41:00+00:00,20.16,1016.4,80.95,0,normal
2026-07-11T22:42:00+00:00,20.24,1016.35,81.25,0,normal
2026-07-11T22:43:00+00:00,20.18,1016.28,81.23,0,normal
2026-07-11T22:44:00+00:00,20.06,1016.32,81.18,0,normal
2026-07-11T22:45:00+00:00,20.14,1016.32,81.23,0,normal
2026-07-11T22:46:00+00:00,20.08,1016.4,81.36,0,normal
2026-07-11T22:47:00+00:00,20.02,1016.43,81.61,0,normal
2026-07-11T22:48:00+00:00,19.92,1016.41,81.37,0,normal
2026-07-11T22:49:00+00:00,19.9,1016.41,81.6,0,normal
2026-07-11T22:50:00+00:00,19.81,1016.36,81.78,0,normal
2026-07-11T22:51:00+00:00,19.89,1016.35,81.8,0,normal
2026-07-11T22:52:00+00:00,19.95,1016.35,81.96,0,normal
2026-07-11T22:53:00+00:00,20.0,1016.33,81.9,0,normal
2026-07-11T22:54:00+00:00,19.96,1016.37,82.41,0,normal
2026-07-11T22:55:00+00:00,19.84,1016.44,82.45,0,normal
2026-07-11T22:56:00+00:00,19.82,1016.5,82.48,0,normal
2026-07-11T22:57:00+00:00,19.78,1016.45,82.6,0,normal
2026-07-11T22:58:00+00:00,19.78,1016.4,83.01,0,normal
2026-07-11T22:59:00+00:00,19.7,1016.4,83.11,0,normal
2026-07-11T23:00:00+00:00,19.78,1016.34,83.32,0,normal
2026-07-11T23:01:00+00:00,19.95,1016.26,83.23,0,normal
2026-07-11T23:02:00+00:00,20.08,1016.24,83.35,0,normal
2026-07-11T23:03:00+00:00,20.02,1016.31,83.12,0,normal
2026-07-11T23:04:00+00:00,20.08,1016.22,82.92,0,normal
2026-07-11T23:05:00+00:00,19.95,1016.2,82.9,0,normal
2026-07-11T23:06:00+00:00,19.85,1016.14,82.85,0,normal
2026-07-11T23:07:00+00:00,19.74,1016.15,82.86,0,normal
2026-07-11T23:08:00+00:00,19.49,1016.14,83.15,0,normal
2026-07-11T23:09:00+00:00,19.45,1016.07,83.42,0,normal
2026-07-11T23:10:00+00:00,19.32,1016.05,83.54,0,normal
2026-07-11T23:11:00+00:00,19.4,1016.07,83.7,0,normal
2026-07-11T23:12:00+00:00,19.45,1016.01,84.13,0,normal
2026-07-11T23:13:00+00:00,19.19,1016.07,84.05,0,normal
2026-07-11T23:14:00+00:00,19.21,1016.14,84.27,0,normal
2026-07-11T23:15:00+00:00,19.23,1016.17,84.07,0,normal
2026-07-11T23:16:00+00:00,19.11,1016.17,84.13,0,normal
2026-07-11T23:17:00+00:00,19.07,1016.22,84.47,0,normal
2026-07-11T23:18:00+00:00,18.99,1016.23,84.26,0,normal
2026-07-11T23:19:00+00:00,18.86,1016.17,84.35,0,normal
2026-07-11T23:20:00+00:00,18.8,1016.18,84.46,0,normal
2026-07-11T23:21:00+00:00,18.89,1016.19,84.36,0,normal
2026-07-11T23:22:00+00:00,18.96,1016.14,84.56,0,normal
2026-07-11T23:23:00+00:00,18.91,1016.19,84.81,0,normal
2026-07-11T23:24:00+00:00,18.85,1016.15,85.56,0,normal
2026-07-11T23:25:00+00:00,18.74,1016.11,85.49,0,normal
2026-07-11T23:26:00+00:00,18.65,1016.04,85.55,0,normal
2026-07-11T23:27:00+00:00,18.69,1015.95,85.52,0,normal
2026-07-11T23:28:00+00:00,18.62,1015.89,85.8,0,normal
2026-07-11T23:29:00+00:00,18.56,1015.82,86.04,0,normal
2026-07-11T23:30:00+00:00,18.67,1015.83,85.91,0,normal
2026-07-11T23:31:00+00:00,18.64,1015.8,85.97,0,normal
2026-07-11T23:32:00+00:00,18.7,1015.8,86.04,0,normal
2026-07-11T23:33:00+00:00,18.65,1015.84,86.18,0,normal
2026-07-11T23:34:00+00:00,18.5,1015.75,86.18,0,normal
2026-07-11T23:35:00+00:00,18.57,1015.81,86.4,0,normal
2026-07-11T23:36:00+00:00,18.56,1015.89,86.32,0,normal
2026-07-11T23:37:00+00:00,18.53,1015.82,86.32,0,normal
2026-07-11T23:38:00+00:00,18.45,1015.89,86.66,0,normal
2026-07-11T23:39:00+00:00,18.46,1015.91,86.59,0,normal
2026-07-11T23:40:00+00:00,18.25,1015.87,86.81,0,normal
2026-07-11T23:41:00+00:00,18.29,1015.85,87.01,0,normal
2026-07-11T23:42:00+00:00,18.26,1015.79,87.21,0,normal
2026-07-11T23:43:00+00:00,18.22,1015.84,86.86,0,normal
2026-07-11T23:44:00+00:00,18.18,1015.87,87.02,0,normal
2026-07-11T23:45:00+00:00,18.16,1015.88,87.11,0,normal
2026-07-11T23:46:00+00:00,18.05,1015.86,87.21,0,normal
2026-07-11T23:47:00+00:00,18.1,1015.86,87.16,0,normal
2026-07-11T23:48:00+00:00,18.0,1015.89,87.35,0,normal
2026-07-11T23:49:00+00:00,18.09,1015.84,87.43,0,normal
2026-07-11T23:50:00+00:00,18.04,1015.84,88.06,0,normal
2026-07-11T23:51:00+00:00,32.42,1015.8,88.04,1,temperature_spike
2026-07-11T23:52:00+00:00,27.4,1015.72,88.13,1,temperature_spike
2026-07-11T23:53:00+00:00,32.67,1015.83,88.09,1,temperature_spike
2026-07-11T23:54:00+00:00,28.74,1015.72,87.91,1,temperature_spike
2026-07-11T23:55:00+00:00,17.84,1015.81,88.03,0,normal
2026-07-11T23:56:00+00:00,17.86,1015.78,87.89,0,normal
2026-07-11T23:57:00+00:00,17.92,1015.84,87.98,0,normal
2026-07-11T23:58:00+00:00,17.98,1015.82,88.47,0,normal
2026-07-11T23:59:00+00:00,18.0,1015.92,88.3,0,normal
2026-07-12T00:00:00+00:00,18.0,1015.97,88.37,0,normal
2026-07-12T00:01:00+00:00,18.04,1015.91,88.33,0,normal
2026-07-12T00:02:00+00:00,17.97,1015.9,88.34,0,normal
2026-07-12T00:03:00+00:00,17.92,1015.93,88.17,0,normal
2026-07-12T00:04:00+00:00,17.75,1015.89,88.66,0,normal
2026-07-12T00:05:00+00:00,17.8,1015.85,88.79,0,normal
2026-07-12T00:06:00+00:00,17.8,1015.87,89.0,0,normal
2026-07-12T00:07:00+00:00,17.82,1015.87,89.32,0,normal
2026-07-12T00:08:00+00:00,17.86,1015.88,89.34,0,normal
2026-07-12T00:09:00+00:00,17.82,1015.81,89.49,0,normal
2026-07-12T00:10:00+00:00,17.92,1015.83,89.61,0,normal
2026-07-12T00:11:00+00:00,17.84,1015.8,89.36,0,normal
2026-07-12T00:12:00+00:00,17.82,1015.85,89.25,0,normal
2026-07-12T00:13:00+00:00,17.81,1015.88,89.52,0,normal
2026-07-12T00:14:00+00:00,17.68,1015.86,89.39,0,normal
2026-07-12T00:15:00+00:00,17.61,1015.84,89.03,0,normal
2026-07-12T00:16:00+00:00,17.59,1015.84,88.87,0,normal
2026-07-12T00:17:00+00:00,17.55,1015.84,88.95,0,normal
2026-07-12T00:18:00+00:00,17.43,1015.87,89.15,0,normal
2026-07-12T00:19:00+00:00,17.38,1015.95,89.29,0,normal
2026-07-12T00:20:00+00:00,17.42,1015.98,89.13,0,normal
2026-07-12T00:21:00+00:00,17.4,1016.01,89.03,0,normal
2026-07-12T00:22:00+00:00,17.39,1016.03,89.16,0,normal
2026-07-12T00:23:00+00:00,17.4,1016.02,89.18,0,normal
2026-07-12T00:24:00+00:00,17.48,1016.12,89.3,0,normal
2026-07-12T00:25:00+00:00,17.58,1016.08,89.22,0,normal
2026-07-12T00:26:00+00:00,17.52,1016.03,89.23,0,normal
2026-07-12T00:27:00+00:00,17.59,1016.07,89.19,0,normal
2026-07-12T00:28:00+00:00,17.56,1016.06,89.31,0,normal
2026-07-12T00:29:00+00:00,17.61,1016.03,89.34,0,normal
2026-07-12T00:30:00+00:00,17.71,1016.01,89.29,0,normal
2026-07-12T00:31:00+00:00,17.69,1016.0,89.05,0,normal
2026-07-12T00:32:00+00:00,17.65,1016.02,89.54,0,normal
2026-07-12T00:33:00+00:00,17.59,1016.05,89.64,0,normal
2026-07-12T00:34:00+00:00,17.68,1016.01,89.92,0,normal
2026-07-12T00:35:00+00:00,17.78,1016.08,90.26,0,normal
2026-07-12T00:36:00+00:00,17.78,1016.1,90.21,0,normal
2026-07-12T00:37:00+00:00,17.58,1016.1,90.22,0,normal
2026-07-12T00:38:00+00:00,17.65,1016.13,90.05,0,normal
2026-07-12T00:39:00+00:00,17.82,1016.14,89.85,0,normal
2026-07-12T00:40:00+00:00,17.7,1016.02,90.06,0,normal
2026-07-12T00:41:00+00:00,17.64,1015.98,89.99,0,normal
2026-07-12T00:42:00+00:00,17.6,1016.0,89.72,0,normal
2026-07-12T00:43:00+00:00,17.5,1016.02,89.68,0,normal
2026-07-12T00:44:00+00:00,17.54,1015.99,90.08,0,normal
2026-07-12T00:45:00+00:00,17.54,1016.05,90.25,0,normal
2026-07-12T00:46:00+00:00,17.58,1016.01,90.54,0,normal
2026-07-12T00:47:00+00:00,17.58,1015.96,90.16,0,normal
2026-07-12T00:48:00+00:00,17.57,1016.03,90.04,0,normal
2026-07-12T00:49:00+00:00,17.48,1016.02,90.34,0,normal
2026-07-12T00:50:00+00:00,17.32,1015.98,90.2,0,normal
2026-07-12T00:51:00+00:00,17.36,1015.97,90.2,0,normal
2026-07-12T00:52:00+00:00,17.34,1016.01,90.49,0,normal
2026-07-12T00:53:00+00:00,17.41,1016.04,90.83,0,normal
2026-07-12T00:54:00+00:00,17.32,1016.06,91.34,0,normal
2026-07-12T00:55:00+00:00,17.17,1016.03,91.16,0,normal
2026-07-12T00:56:00+00:00,17.19,1016.1,91.3,0,normal
2026-07-12T00:57:00+00:00,17.17,1016.13,91.26,0,normal
2026-07-12T00:58:00+00:00,17.18,1016.15,91.64,0,normal
2026-07-12T00:59:00+00:00,17.22,1016.16,92.06,0,normal
2026-07-12T01:00:00+00:00,17.05,1016.15,91.91,0,normal
2026-07-12T01:01:00+00:00,17.04,1016.17,92.11,0,normal
2026-07-12T01:02:00+00:00,17.0,1016.2,91.92,0,normal
2026-07-12T01:03:00+00:00,16.9,1016.2,91.88,0,normal
2026-07-12T01:04:00+00:00,17.02,1016.3,91.77,0,normal
2026-07-12T01:05:00+00:00,16.88,1016.22,91.62,0,normal
2026-07-12T01:06:00+00:00,16.9,1016.2,91.39,0,normal
2026-07-12T01:07:00+00:00,17.05,1016.23,91.78,0,normal
2026-07-12T01:08:00+00:00,16.91,1016.29,91.77,0,normal
2026-07-12T01:09:00+00:00,16.88,1016.28,91.66,0,normal
2026-07-12T01:10:00+00:00,16.87,1016.32,91.29,0,normal
2026-07-12T01:11:00+00:00,17.0,1016.33,91.32,0,normal
2026-07-12T01:12:00+00:00,17.07,1016.34,91.28,0,normal
2026-07-12T01:13:00+00:00,17.0,1016.41,91.03,0,normal
2026-07-12T01:14:00+00:00,16.99,1016.33,91.2,0,normal
2026-07-12T01:15:00+00:00,16.98,1016.26,91.08,0,normal
2026-07-12T01:16:00+00:00,16.98,1016.27,90.77,0,normal
2026-07-12T01:17:00+00:00,16.92,1016.27,91.09,0,normal
2026-07-12T01:18:00+00:00,16.99,1016.25,91.36,0,normal
2026-07-12T01:19:00+00:00,16.96,1016.09,91.71,0,normal
2026-07-12T01:20:00+00:00,16.99,1016.11,91.75,0,normal
2026-07-12T01:21:00+00:00,17.01,1016.12,91.73,0,normal
2026-07-12T01:22:00+00:00,16.95,1016.13,91.6,0,normal
2026-07-12T01:23:00+00:00,16.85,1016.15,91.85,0,normal
2026-07-12T01:24:00+00:00,16.79,1016.12,91.55,0,normal
2026-07-12T01:25:00+00:00,16.69,1016.07,91.8,0,normal
2026-07-12T01:26:00+00:00,16.56,1016.1,91.79,0,normal
2026-07-12T01:27:00+00:00,16.62,1016.17,91.83,0,normal
2026-07-12T01:28:00+00:00,16.72,1016.26,92.15,0,normal
2026-07-12T01:29:00+00:00,16.67,1016.16,92.15,0,normal
2026-07-12T01:30:00+00:00,16.69,1016.07,92.2,0,normal
2026-07-12T01:31:00+00:00,16.49,1016.17,92.32,0,normal
2026-07-12T01:32:00+00:00,16.44,1016.18,92.4,0,normal
2026-07-12T01:33:00+00:00,16.5,1016.2,92.61,0,normal
2026-07-12T01:34:00+00:00,16.41,1016.2,92.98,0,normal
2026-07-12T01:35:00+00:00,16.4,1016.22,92.78,0,normal
2026-07-12T01:36:00+00:00,16.59,1016.25,92.53,0,normal
2026-07-12T01:37:00+00:00,16.69,1016.2,92.69,0,normal
2026-07-12T01:38:00+00:00,16.77,1016.31,92.75,0,normal
2026-07-12T01:39:00+00:00,16.78,1016.22,92.67,0,normal
2026-07-12T01:40:00+00:00,16.72,1016.22,92.58,0,normal
2026-07-12T01:41:00+00:00,16.78,1016.21,92.7,0,normal
2026-07-12T01:42:00+00:00,16.77,1016.19,92.57,0,normal
2026-07-12T01:43:00+00:00,16.79,1016.28,92.45,0,normal
2026-07-12T01:44:00+00:00,16.79,1016.31,92.48,0,normal
2026-07-12T01:45:00+00:00,16.64,1016.35,92.21,0,normal
2026-07-12T01:46:00+00:00,16.53,1016.29,92.22,0,normal
2026-07-12T01:47:00+00:00,16.46,1016.23,92.34,0,normal
2026-07-12T01:48:00+00:00,16.47,1016.29,92.23,0,normal
2026-07-12T01:49:00+00:00,16.47,1016.34,92.02,0,normal
2026-07-12T01:50:00+00:00,16.43,1016.4,92.08,0,normal
2026-07-12T01:51:00+00:00,16.43,1016.41,92.38,0,normal
2026-07-12T01:52:00+00:00,16.44,1016.43,92.41,0,normal
2026-07-12T01:53:00+00:00,16.33,1016.46,92.29,0,normal
2026-07-12T01:54:00+00:00,16.24,1016.38,92.03,0,normal
2026-07-12T01:55:00+00:00,16.08,1016.35,92.0,0,normal
2026-07-12T01:56:00+00:00,16.2,1016.37,92.11,0,normal
2026-07-12T01:57:00+00:00,16.32,1016.24,92.25,0,normal
2026-07-12T01:58:00+00:00,16.36,1016.3,91.94,0,normal
2026-07-12T01:59:00+00:00,16.33,1016.28,91.75,0,normal
2026-07-12T02:00:00+00:00,16.53,1016.27,92.01,0,normal
2026-07-12T02:01:00+00:00,16.59,1016.22,91.97,0,normal
2026-07-12T02:02:00+00:00,16.6,1016.27,92.1,0,normal
2026-07-12T02:03:00+00:00,16.74,1016.34,92.29,0,normal
2026-07-12T02:04:00+00:00,16.82,1016.43,92.22,0,normal
2026-07-12T02:05:00+00:00,16.68,1016.42,92.0,0,normal
2026-07-12T02:06:00+00:00,16.6,1016.45,91.96,0,normal
2026-07-12T02:07:00+00:00,16.65,1016.48,92.1,0,normal
2026-07-12T02:08:00+00:00,16.55,1016.46,91.78,0,normal
2026-07-12T02:09:00+00:00,16.6,1016.57,91.89,0,normal
2026-07-12T02:10:00+00:00,16.62,1016.56,91.92,0,normal
2026-07-12T02:11:00+00:00,16.72,1016.58,92.12,0,normal
2026-07-12T02:12:00+00:00,16.82,1016.65,92.19,0,normal
2026-07-12T02:13:00+00:00,16.82,1016.65,92.35,0,normal
2026-07-12T02:14:00+00:00,16.78,1016.68,92.61,0,normal
2026-07-12T02:15:00+00:00,16.63,1016.6,92.64,0,normal
2026-07-12T02:16:00+00:00,16.69,1016.63,92.43,0,normal
2026-07-12T02:17:00+00:00,16.75,1016.75,92.31,0,normal
2026-07-12T02:18:00+00:00,16.69,1016.76,92.34,0,normal
2026-07-12T02:19:00+00:00,16.78,1016.79,92.33,0,normal
2026-07-12T02:20:00+00:00,16.73,1016.72,92.66,0,normal
2026-07-12T02:21:00+00:00,16.77,1016.73,92.72,0,normal
2026-07-12T02:22:00+00:00,16.75,1016.66,92.46,0,normal
2026-07-12T02:23:00+00:00,16.73,1016.67,92.51,0,normal
2026-07-12T02:24:00+00:00,16.86,1016.68,92.4,0,normal
2026-07-12T02:25:00+00:00,16.85,1016.63,92.48,0,normal
2026-07-12T02:26:00+00:00,16.78,1016.67,92.49,0,normal
2026-07-12T02:27:00+00:00,16.76,1016.72,92.68,0,normal
2026-07-12T02:28:00+00:00,16.92,1016.78,92.67,0,normal
2026-07-12T02:29:00+00:00,16.85,1016.82,93.0,0,normal
2026-07-12T02:30:00+00:00,16.91,1016.8,93.11,0,normal
2026-07-12T02:31:00+00:00,16.91,1016.87,93.18,0,normal
2026-07-12T02:32:00+00:00,16.91,1016.83,93.35,0,normal
2026-07-12T02:33:00+00:00,16.79,1016.86,93.24,0,normal
2026-07-12T02:34:00+00:00,16.73,1016.9,93.25,0,normal
2026-07-12T02:35:00+00:00,16.53,1016.91,93.17,0,normal
2026-07-12T02:36:00+00:00,16.64,1016.87,93.57,0,normal
2026-07-12T02:37:00+00:00,16.7,1016.88,93.47,0,normal
2026-07-12T02:38:00+00:00,16.65,1016.92,93.31,0,normal
2026-07-12T02:39:00+00:00,16.64,1016.88,93.45,0,normal
2026-07-12T02:40:00+00:00,16.65,1016.88,93.4,0,normal
2026-07-12T02:41:00+00:00,16.59,1016.92,93.14,0,normal
2026-07-12T02:42:00+00:00,16.67,1016.95,93.06,0,normal
2026-07-12T02:43:00+00:00,16.71,1017.0,92.86,0,normal
2026-07-12T02:44:00+00:00,16.81,1016.89,93.1,0,normal
2026-07-12T02:45:00+00:00,16.79,1016.97,93.4,0,normal
2026-07-12T02:46:00+00:00,16.75,1016.97,93.46,0,normal
2026-07-12T02:47:00+00:00,16.65,1016.98,93.37,0,normal
2026-07-12T02:48:00+00:00,16.56,1016.98,93.51,0,normal
2026-07-12T02:49:00+00:00,16.62,1017.0,93.51,0,normal
2026-07-12T02:50:00+00:00,16.59,1016.94,93.29,0,normal
2026-07-12T02:51:00+00:00,16.67,1017.03,93.12,0,normal
2026-07-12T02:52:00+00:00,16.76,1016.99,93.02,0,normal
2026-07-12T02:53:00+00:00,16.75,1017.01,92.89,0,normal
2026-07-12T02:54:00+00:00,16.75,1017.08,92.62,0,normal
2026-07-12T02:55:00+00:00,16.76,1017.15,92.56,0,normal
2026-07-12T02:56:00+00:00,16.71,1017.13,92.99,0,normal
2026-07-12T02:57:00+00:00,16.83,1017.14,93.23,0,normal
2026-07-12T02:58:00+00:00,16.78,1017.16,93.02,0,normal
2026-07-12T02:59:00+00:00,16.63,1017.16,92.94,0,normal
2026-07-12T03:00:00+00:00,16.66,1017.22,92.92,0,normal
2026-07-12T03:01:00+00:00,16.59,1017.21,93.25,0,normal
2026-07-12T03:02:00+00:00,16.64,1017.3,93.59,0,normal
2026-07-12T03:03:00+00:00,16.59,1017.37,93.39,0,normal
2026-07-12T03:04:00+00:00,16.68,1017.43,92.95,0,normal
2026-07-12T03:05:00+00:00,16.71,1017.4,92.88,0,normal
2026-07-12T03:06:00+00:00,16.66,1017.47,92.75,0,normal
2026-07-12T03:07:00+00:00,16.56,1017.44,92.72,0,normal
2026-07-12T03:08:00+00:00,16.6,1017.52,92.84,0,normal
2026-07-12T03:09:00+00:00,16.66,1017.57,93.0,0,normal
2026-07-12T03:10:00+00:00,16.74,1017.71,93.16,0,normal
2026-07-12T03:11:00+00:00,16.77,1017.7,93.21,0,normal
2026-07-12T03:12:00+00:00,16.86,1017.65,93.45,0,normal
2026-07-12T03:13:00+00:00,16.82,1017.65,93.52,0,normal
2026-07-12T03:14:00+00:00,16.77,1017.69,93.26,0,normal
2026-07-12T03:15:00+00:00,16.84,1017.71,93.23,0,normal
2026-07-12T03:16:00+00:00,16.86,1017.72,93.3,0,normal
2026-07-12T03:17:00+00:00,16.84,1017.72,92.92,0,normal
2026-07-12T03:18:00+00:00,16.95,1017.67,93.24,0,normal
2026-07-12T03:19:00+00:00,16.92,1017.75,93.42,0,normal
2026-07-12T03:20:00+00:00,16.99,1017.77,93.14,0,normal
2026-07-12T03:21:00+00:00,16.97,1017.76,93.1,0,normal
2026-07-12T03:22:00+00:00,16.86,1017.76,92.49,0,normal
2026-07-12T03:23:00+00:00,16.84,1022.21,92.35,1,pressure_spike
2026-07-12T03:24:00+00:00,16.92,1022.68,92.42,1,pressure_spike
2026-07-12T03:25:00+00:00,17.06,1024.67,92.48,1,pressure_spike
2026-07-12T03:26:00+00:00,16.98,1023.27,92.52,1,pressure_spike
2026-07-12T03:27:00+00:00,16.83,1021.69,92.34,1,pressure_spike
2026-07-12T03:28:00+00:00,16.76,1023.56,92.44,1,pressure_spike
2026-07-12T03:29:00+00:00,16.72,1022.66,92.32,1,pressure_spike
2026-07-12T03:30:00+00:00,16.73,1011.9,92.27,1,pressure_spike
2026-07-12T03:31:00+00:00,16.75,1018.05,92.38,0,normal
2026-07-12T03:32:00+00:00,16.86,1017.95,92.33,0,normal
2026-07-12T03:33:00+00:00,17.06,1018.02,92.04,0,normal
2026-07-12T03:34:00+00:00,17.06,1017.98,91.97,0,normal
2026-07-12T03:35:00+00:00,17.22,1018.04,91.68,0,normal
2026-07-12T03:36:00+00:00,17.14,1018.06,91.66,0,normal
2026-07-12T03:37:00+00:00,17.16,1018.03,91.62,0,normal
2026-07-12T03:38:00+00:00,17.08,1018.03,91.79,0,normal
2026-07-12T03:39:00+00:00,17.1,1018.01,92.03,0,normal
2026-07-12T03:40:00+00:00,17.18,1018.02,91.99,0,normal
2026-07-12T03:41:00+00:00,17.31,1018.12,91.69,0,normal
2026-07-12T03:42:00+00:00,17.39,1018.22,91.84,0,normal
2026-07-12T03:43:00+00:00,17.34,1018.21,92.19,0,normal
2026-07-12T03:44:00+00:00,17.39,1018.25,92.65,0,normal
2026-07-12T03:45:00+00:00,17.29,1018.26,92.66,0,normal
2026-07-12T03:46:00+00:00,17.26,1018.17,92.82,0,normal
2026-07-12T03:47:00+00:00,17.19,1018.15,92.7,0,normal
2026-07-12T03:48:00+00:00,17.16,1018.16,92.86,0,normal
2026-07-12T03:49:00+00:00,17.25,1018.16,92.69,0,normal
2026-07-12T03:50:00+00:00,17.23,1018.14,92.64,0,normal
2026-07-12T03:51:00+00:00,17.15,1018.26,92.62,0,normal
2026-07-12T03:52:00+00:00,17.11,1018.31,92.33,0,normal
2026-07-12T03:53:00+00:00,17.05,1018.35,92.32,0,normal
2026-07-12T03:54:00+00:00,17.14,1018.22,92.45,0,normal
2026-07-12T03:55:00+00:00,17.1,1018.18,92.07,0,normal
2026-07-12T03:56:00+00:00,17.05,1018.28,92.24,0,normal
2026-07-12T03:57:00+00:00,17.19,1018.29,92.23,0,normal
2026-07-12T03:58:00+00:00,17.06,1018.23,92.16,0,normal
2026-07-12T03:59:00+00:00,16.96,1018.21,92.13,0,normal
2026-07-12T04:00:00+00:00,17.07,1018.23,91.83,0,normal
2026-07-12T04:01:00+00:00,16.93,1018.26,91.68,0,normal
2026-07-12T04:02:00+00:00,16.96,1018.28,91.65,0,normal
2026-07-12T04:03:00+00:00,17.07,1018.35,91.71,0,normal
2026-07-12T04:04:00+00:00,17.01,1018.34,91.84,0,normal
2026-07-12T04:05:00+00:00,17.12,1018.3,92.11,0,normal
2026-07-12T04:06:00+00:00,17.07,1018.36,92.63,0,normal
2026-07-12T04:07:00+00:00,16.95,1018.4,92.49,0,normal
2026-07-12T04:08:00+00:00,17.01,1018.39,91.92,0,normal
2026-07-12T04:09:00+00:00,16.96,1018.43,92.15,0,normal
2026-07-12T04:10:00+00:00,17.01,1018.52,92.0,0,normal
2026-07-12T04:11:00+00:00,16.98,1018.55,91.87,0,normal
2026-07-12T04:12:00+00:00,17.09,1018.5,91.99,0,normal
2026-07-12T04:13:00+00:00,17.2,1018.54,92.12,0,normal
2026-07-12T04:14:00+00:00,17.16,1018.51,92.13,0,normal
2026-07-12T04:15:00+00:00,17.11,1018.55,92.12,0,normal
2026-07-12T04:16:00+00:00,17.12,1018.58,92.18,0,normal
2026-07-12T04:17:00+00:00,17.13,1018.57,92.27,0,normal
2026-07-12T04:18:00+00:00,17.17,1018.61,92.31,0,normal
2026-07-12T04:19:00+00:00,17.2,1018.61,92.1,0,normal
2026-07-12T04:20:00+00:00,17.2,1018.65,92.13,0,normal
2026-07-12T04:21:00+00:00,17.23,1018.69,91.83,0,normal
2026-07-12T04:22:00+00:00,17.21,1018.74,91.59,0,normal
2026-07-12T04:23:00+00:00,17.23,1018.75,91.51,0,normal
2026-07-12T04:24:00+00:00,17.3,1018.78,91.21,0,normal
2026-07-12T04:25:00+00:00,17.36,1018.76,90.9,0,normal
2026-07-12T04:26:00+00:00,17.43,1018.72,90.79,0,normal
2026-07-12T04:27:00+00:00,17.46,1018.73,90.64,0,normal
2026-07-12T04:28:00+00:00,17.38,1018.71,90.4,0,normal
2026-07-12T04:29:00+00:00,17.39,1018.7,90.11,0,normal
2026-07-12T04:30:00+00:00,17.37,1018.69,90.16,0,normal
2026-07-12T04:31:00+00:00,17.42,1018.78,90.29,0,normal
2026-07-12T04:32:00+00:00,17.34,1018.69,89.97,0,normal
2026-07-12T04:33:00+00:00,17.32,1018.63,89.84,0,normal
2026-07-12T04:34:00+00:00,17.34,1018.63,89.9,0,normal
2026-07-12T04:35:00+00:00,17.31,1018.62,90.24,0,normal
2026-07-12T04:36:00+00:00,17.33,1018.65,90.38,0,normal
2026-07-12T04:37:00+00:00,17.42,1018.66,90.56,0,normal
2026-07-12T04:38:00+00:00,17.4,1018.74,90.27,0,normal
2026-07-12T04:39:00+00:00,17.39,1018.77,90.3,0,normal
2026-07-12T04:40:00+00:00,17.35,1018.71,90.36,0,normal
2026-07-12T04:41:00+00:00,17.35,1018.72,90.65,0,normal
2026-07-12T04:42:00+00:00,17.35,1018.72,90.23,0,normal
2026-07-12T04:43:00+00:00,17.29,1018.79,90.04,0,normal
2026-07-12T04:44:00+00:00,17.37,1018.75,89.83,0,normal
2026-07-12T04:45:00+00:00,17.32,1018.8,89.76,0,normal
2026-07-12T04:46:00+00:00,17.26,1018.86,89.83,0,normal
2026-07-12T04:47:00+00:00,17.32,1018.9,89.63,0,normal
2026-07-12T04:48:00+00:00,17.45,1018.91,89.65,0,normal
2026-07-12T04:49:00+00:00,17.51,1018.89,90.0,0,normal
2026-07-12T04:50:00+00:00,17.53,1018.91,89.87,0,normal
2026-07-12T04:51:00+00:00,17.65,1018.99,89.85,0,normal
2026-07-12T04:52:00+00:00,17.55,1019.0,89.79,0,normal
2026-07-12T04:53:00+00:00,17.53,1018.97,89.43,0,normal
2026-07-12T04:54:00+00:00,17.68,1019.03,89.41,0,normal
2026-07-12T04:55:00+00:00,17.64,1019.07,89.41,0,normal
2026-07-12T04:56:00+00:00,17.63,1019.1,89.48,0,normal
2026-07-12T04:57:00+00:00,17.71,1019.07,89.52,0,normal
2026-07-12T04:58:00+00:00,17.83,1019.11,89.91,0,normal
2026-07-12T04:59:00+00:00,17.83,1019.04,89.67,0,normal
2026-07-12T05:00:00+00:00,17.79,1019.08,89.77,0,normal
2026-07-12T05:01:00+00:00,17.82,1019.12,90.08,0,normal
2026-07-12T05:02:00+00:00,17.77,1019.13,89.9,0,normal
2026-07-12T05:03:00+00:00,17.7,1019.05,90.07,0,normal
2026-07-12T05:04:00+00:00,17.67,1019.06,90.06,0,normal
2026-07-12T05:05:00+00:00,17.6,1019.04,89.96,0,normal
2026-07-12T05:06:00+00:00,17.6,1019.0,89.99,0,normal
2026-07-12T05:07:00+00:00,17.6,1019.03,89.9,0,normal
2026-07-12T05:08:00+00:00,17.71,1019.07,89.62,0,normal
2026-07-12T05:09:00+00:00,17.83,1019.07,89.37,0,normal
2026-07-12T05:10:00+00:00,17.78,1018.98,89.17,0,normal
2026-07-12T05:11:00+00:00,17.84,1018.94,89.44,0,normal
2026-07-12T05:12:00+00:00,17.69,1018.93,89.05,0,normal
2026-07-12T05:13:00+00:00,17.8,1018.99,88.93,0,normal
2026-07-12T05:14:00+00:00,17.72,1018.96,88.9,0,normal
2026-07-12T05:15:00+00:00,17.7,1018.96,88.82,0,normal
2026-07-12T05:16:00+00:00,17.71,1018.91,88.48,0,normal
2026-07-12T05:17:00+00:00,17.64,1018.91,88.44,0,normal
2026-07-12T05:18:00+00:00,17.69,1019.0,88.1,0,normal
2026-07-12T05:19:00+00:00,17.76,1018.99,88.45,0,normal
2026-07-12T05:20:00+00:00,17.79,1018.99,88.44,0,normal
2026-07-12T05:21:00+00:00,17.84,1019.01,88.49,0,normal
2026-07-12T05:22:00+00:00,18.0,1019.08,88.38,0,normal
2026-07-12T05:23:00+00:00,18.18,1019.13,88.09,0,normal
2026-07-12T05:24:00+00:00,18.2,1019.15,87.92,0,normal
2026-07-12T05:25:00+00:00,18.25,1019.08,88.18,0,normal
2026-07-12T05:26:00+00:00,18.32,1019.02,88.23,0,normal
2026-07-12T05:27:00+00:00,18.38,1019.12,88.49,0,normal
2026-07-12T05:28:00+00:00,18.55,1019.14,88.51,0,normal
2026-07-12T05:29:00+00:00,18.52,1019.21,87.97,0,normal
2026-07-12T05:30:00+00:00,18.43,1019.21,87.88,0,normal
2026-07-12T05:31:00+00:00,18.46,1019.3,87.68,0,normal
2026-07-12T05:32:00+00:00,18.37,1019.3,87.49,0,normal
2026-07-12T05:33:00+00:00,18.44,1019.4,87.71,0,normal
2026-07-12T05:34:00+00:00,18.55,1019.39,87.6,0,normal
2026-07-12T05:35:00+00:00,18.6,1019.36,87.39,0,normal
2026-07-12T05:36:00+00:00,18.65,1019.31,87.54,0,normal
2026-07-12T05:37:00+00:00,18.63,1019.36,87.5,0,normal
2026-07-12T05:38:00+00:00,18.74,1019.27,87.67,0,normal
2026-07-12T05:39:00+00:00,18.85,1019.31,87.68,0,normal
2026-07-12T05:40:00+00:00,18.91,1019.29,87.59,0,normal
2026-07-12T05:41:00+00:00,18.99,1019.22,87.59,0,normal
2026-07-12T05:42:00+00:00,19.0,1019.28,87.24,0,normal
2026-07-12T05:43:00+00:00,18.94,1019.23,86.87,0,normal
2026-07-12T05:44:00+00:00,19.01,1019.23,86.66,0,normal
2026-07-12T05:45:00+00:00,19.11,1019.24,86.79,0,normal
2026-07-12T05:46:00+00:00,19.02,1019.25,100.0,1,humidity_spike
2026-07-12T05:47:00+00:00,19.01,1019.31,100.0,1,humidity_spike
2026-07-12T05:48:00+00:00,19.0,1019.25,100.0,1,humidity_spike
2026-07-12T05:49:00+00:00,19.06,1019.27,100.0,1,humidity_spike
2026-07-12T05:50:00+00:00,19.11,1019.29,100.0,1,humidity_spike
2026-07-12T05:51:00+00:00,19.12,1019.31,85.76,0,normal
2026-07-12T05:52:00+00:00,19.17,1019.31,85.76,0,normal
2026-07-12T05:53:00+00:00,19.21,1019.35,85.44,0,normal
2026-07-12T05:54:00+00:00,19.19,1019.48,85.69,0,normal
2026-07-12T05:55:00+00:00,19.26,1019.51,85.43,0,normal
2026-07-12T05:56:00+00:00,19.26,1019.5,85.37,0,normal
2026-07-12T05:57:00+00:00,19.15,1019.56,84.79,0,normal
2026-07-12T05:58:00+00:00,19.23,1019.62,85.23,0,normal
2026-07-12T05:59:00+00:00,19.22,1019.6,85.21,0,normal
2026-07-12T06:00:00+00:00,19.28,1019.61,84.92,0,normal
2026-07-12T06:01:00+00:00,19.33,1019.62,84.68,0,normal
2026-07-12T06:02:00+00:00,19.21,1019.75,84.82,0,normal
2026-07-12T06:03:00+00:00,19.27,1019.75,84.92,0,normal
2026-07-12T06:04:00+00:00,19.2,1019.76,84.91,0,normal
2026-07-12T06:05:00+00:00,19.14,1019.76,84.78,0,normal
2026-07-12T06:06:00+00:00,19.1,1019.73,84.38,0,normal
2026-07-12T06:07:00+00:00,19.22,1019.81,84.16,0,normal
2026-07-12T06:08:00+00:00,19.33,1019.81,84.13,0,normal
2026-07-12T06:09:00+00:00,19.24,1019.79,84.21,0,normal
2026-07-12T06:10:00+00:00,19.19,1019.75,84.07,0,normal
2026-07-12T06:11:00+00:00,18.94,1019.77,84.16,0,normal
2026-07-12T06:12:00+00:00,19.01,1019.82,84.03,0,normal
2026-07-12T06:13:00+00:00,19.2,1019.78,83.94,0,normal
2026-07-12T06:14:00+00:00,19.2,1019.79,83.85,0,normal
2026-07-12T06:15:00+00:00,19.23,1019.76,83.72,0,normal
2026-07-12T06:16:00+00:00,19.08,1019.8,83.48,0,normal
2026-07-12T06:17:00+00:00,19.08,1019.75,83.56,0,normal
2026-07-12T06:18:00+00:00,19.08,1019.63,83.58,0,normal
2026-07-12T06:19:00+00:00,19.06,1019.64,83.7,0,normal
2026-07-12T06:20:00+00:00,19.03,1019.64,83.49,0,normal
2026-07-12T06:21:00+00:00,19.16,1019.65,83.44,0,normal
2026-07-12T06:22:00+00:00,19.1,1019.7,83.57,0,normal
2026-07-12T06:23:00+00:00,19.09,1019.71,83.63,0,normal
2026-07-12T06:24:00+00:00,19.32,1019.74,83.56,0,normal
2026-07-12T06:25:00+00:00,19.34,1019.74,83.65,0,normal
2026-07-12T06:26:00+00:00,19.31,1019.79,83.26,0,normal
2026-07-12T06:27:00+00:00,19.41,1019.83,83.36,0,normal
2026-07-12T06:28:00+00:00,19.47,1019.85,83.21,0,normal
2026-07-12T06:29:00+00:00,19.41,1019.86,83.16,0,normal
2026-07-12T06:30:00+00:00,19.53,1019.85,83.12,0,normal
2026-07-12T06:31:00+00:00,19.59,1019.88,83.24,0,normal
2026-07-12T06:32:00+00:00,19.55,1019.91,83.13,0,normal
2026-07-12T06:33:00+00:00,19.64,1019.98,82.62,0,normal
2026-07-12T06:34:00+00:00,19.77,1019.96,82.4,0,normal
2026-07-12T06:35:00+00:00,19.77,1019.9,82.45,0,normal
2026-07-12T06:36:00+00:00,19.71,1019.95,82.53,0,normal
2026-07-12T06:37:00+00:00,19.77,1019.84,82.2,0,normal
2026-07-12T06:38:00+00:00,19.8,1019.84,82.33,0,normal
2026-07-12T06:39:00+00:00,19.6,1019.8,82.43,0,normal
2026-07-12T06:40:00+00:00,19.62,1019.77,82.04,0,normal
2026-07-12T06:41:00+00:00,19.75,1019.75,82.2,0,normal
2026-07-12T06:42:00+00:00,19.9,1019.81,82.12,0,normal
2026-07-12T06:43:00+00:00,19.9,1019.78,82.44,0,normal
2026-07-12T06:44:00+00:00,19.92,1019.83,82.45,0,normal
2026-07-12T06:45:00+00:00,19.92,1019.82,82.59,0,normal
2026-07-12T06:46:00+00:00,19.96,1019.79,82.32,0,normal
2026-07-12T06:47:00+00:00,20.02,1019.76,82.34,0,normal
2026-07-12T06:48:00+00:00,20.26,1019.79,82.59,0,normal
2026-07-12T06:49:00+00:00,20.23,1019.82,82.72,0,normal
2026-07-12T06:50:00+00:00,20.37,1019.88,82.59,0,normal
2026-07-12T06:51:00+00:00,20.46,1019.82,82.79,0,normal
2026-07-12T06:52:00+00:00,20.4,1019.87,82.85,0,normal
2026-07-12T06:53:00+00:00,20.51,1019.97,82.91,0,normal
2026-07-12T06:54:00+00:00,20.42,1019.99,82.37,0,normal
2026-07-12T06:55:00+00:00,20.44,1019.95,82.36,0,normal
2026-07-12T06:56:00+00:00,20.4,1019.9,82.32,0,normal
2026-07-12T06:57:00+00:00,20.52,1019.89,82.65,0,normal
2026-07-12T06:58:00+00:00,20.52,1019.91,82.55,0,normal
2026-07-12T06:59:00+00:00,20.52,1019.96,82.21,0,normal
2026-07-12T07:00:00+00:00,20.38,1019.94,82.01,0,normal
2026-07-12T07:01:00+00:00,20.5,1019.86,81.97,0,normal
2026-07-12T07:02:00+00:00,20.56,1019.87,82.03,0,normal
2026-07-12T07:03:00+00:00,20.59,1019.86,81.96,0,normal
2026-07-12T07:04:00+00:00,20.61,1019.78,81.73,0,normal
2026-07-12T07:05:00+00:00,20.62,1019.75,81.52,0,normal
2026-07-12T07:06:00+00:00,20.66,1019.73,81.54,0,normal
2026-07-12T07:07:00+00:00,20.76,1019.6,81.11,0,normal
2026-07-12T07:08:00+00:00,20.59,1019.59,80.91,0,normal
2026-07-12T07:09:00+00:00,20.64,1019.63,80.78,0,normal
2026-07-12T07:10:00+00:00,20.63,1019.63,80.55,0,normal
2026-07-12T07:11:00+00:00,20.55,1019.67,80.52,0,normal
2026-07-12T07:12:00+00:00,20.71,1019.61,80.08,0,normal
2026-07-12T07:13:00+00:00,20.67,1019.63,80.15,0,normal
2026-07-12T07:14:00+00:00,20.73,1019.63,80.21,0,normal
2026-07-12T07:15:00+00:00,20.73,1019.68,80.49,0,normal
2026-07-12T07:16:00+00:00,20.68,1019.66,80.08,0,normal
2026-07-12T07:17:00+00:00,20.65,1019.67,79.62,0,normal
2026-07-12T07:18:00+00:00,20.63,1019.72,79.56,0,normal
2026-07-12T07:19:00+00:00,20.74,1019.64,79.47,0,normal
2026-07-12T07:20:00+00:00,20.94,1019.6,79.27,0,normal
2026-07-12T07:21:00+00:00,21.02,1019.55,79.32,0,normal
2026-07-12T07:22:00+00:00,20.91,1019.43,79.27,0,normal
2026-07-12T07:23:00+00:00,20.87,1019.4,79.34,0,normal
2026-07-12T07:24:00+00:00,20.97,1019.34,79.33,0,normal
2026-07-12T07:25:00+00:00,20.98,1019.37,79.21,0,normal
2026-07-12T07:26:00+00:00,20.9,1019.34,78.61,0,normal
2026-07-12T07:27:00+00:00,20.96,1019.36,78.37,0,normal
2026-07-12T07:28:00+00:00,21.0,1019.32,78.54,0,normal
2026-07-12T07:29:00+00:00,20.94,1019.31,78.18,0,normal
2026-07-12T07:30:00+00:00,21.01,1019.37,77.68,0,normal
2026-07-12T07:31:00+00:00,21.11,1019.45,77.64,0,normal
2026-07-12T07:32:00+00:00,21.1,1019.44,77.47,0,normal
2026-07-12T07:33:00+00:00,21.3,1019.48,77.58,0,normal
2026-07-12T07:34:00+00:00,21.51,1019.54,77.49,0,normal
2026-07-12T07:35:00+00:00,21.54,1019.65,77.27,0,normal
2026-07-12T07:36:00+00:00,21.55,1019.59,76.84,0,normal
2026-07-12T07:37:00+00:00,21.51,1019.53,76.66,0,normal
2026-07-12T07:38:00+00:00,21.59,1019.52,76.82,0,normal
2026-07-12T07:39:00+00:00,21.63,1019.52,76.7,0,normal
2026-07-12T07:40:00+00:00,21.82,1019.49,76.83,0,normal
2026-07-12T07:41:00+00:00,21.74,1019.47,77.16,0,normal
2026-07-12T07:42:00+00:00,21.82,1019.39,76.87,0,normal
2026-07-12T07:43:00+00:00,21.98,1019.39,76.73,0,normal
2026-07-12T07:44:00+00:00,21.93,1019.36,76.94,0,normal
2026-07-12T07:45:00+00:00,21.9,1019.33,76.96,0,normal
2026-07-12T07:46:00+00:00,21.84,1019.28,76.87,0,normal
2026-07-12T07:47:00+00:00,21.87,1019.23,76.86,0,normal
2026-07-12T07:48:00+00:00,21.92,1019.13,76.92,0,normal
2026-07-12T07:49:00+00:00,21.9,1019.18,77.22,0,normal
2026-07-12T07:50:00+00:00,21.92,1019.15,77.37,0,normal
2026-07-12T07:51:00+00:00,21.89,1019.24,77.14,0,normal
2026-07-12T07:52:00+00:00,21.87,1019.36,77.07,0,normal
2026-07-12T07:53:00+00:00,22.04,1019.34,76.92,0,normal
2026-07-12T07:54:00+00:00,21.83,1019.38,76.86,0,normal
2026-07-12T07:55:00+00:00,21.86,1019.4,76.74,0,normal
2026-07-12T07:56:00+00:00,21.83,1019.4,76.56,0,normal
2026-07-12T07:57:00+00:00,21.93,1019.38,76.34,0,normal
2026-07-12T07:58:00+00:00,21.93,1019.32,76.11,0,normal
2026-07-12T07:59:00+00:00,22.01,1019.27,75.76,0,normal
2026-07-12T08:00:00+00:00,22.11,1019.25,75.81,0,normal
2026-07-12T08:01:00+00:00,22.13,1019.21,75.35,0,normal
2026-07-12T08:02:00+00:00,22.07,1019.16,75.32,0,normal
2026-07-12T08:03:00+00:00,22.11,1019.1,74.67,0,normal
2026-07-12T08:04:00+00:00,22.18,1019.14,74.79,0,normal
2026-07-12T08:05:00+00:00,22.14,1019.18,74.83,0,normal
2026-07-12T08:06:00+00:00,22.23,1019.14,74.72,0,normal
2026-07-12T08:07:00+00:00,22.42,1019.22,74.62,0,normal
2026-07-12T08:08:00+00:00,22.46,1019.1,74.78,0,normal
2026-07-12T08:09:00+00:00,22.55,1019.11,74.56,0,normal
2026-07-12T08:10:00+00:00,22.58,1019.17,74.54,0,normal
2026-07-12T08:11:00+00:00,22.82,1019.2,74.27,0,normal
2026-07-12T08:12:00+00:00,22.81,1019.15,74.35,0,normal
2026-07-12T08:13:00+00:00,22.92,1019.22,74.19,0,normal
2026-07-12T08:14:00+00:00,22.97,1019.27,74.41,0,normal
2026-07-12T08:15:00+00:00,22.89,1019.28,74.07,0,normal
2026-07-12T08:16:00+00:00,22.86,1019.19,73.85,0,normal
2026-07-12T08:17:00+00:00,22.76,1019.11,73.58,0,normal
2026-07-12T08:18:00+00:00,22.82,1019.1,73.17,0,normal
2026-07-12T08:19:00+00:00,23.06,1019.06,72.84,0,normal
2026-07-12T08:20:00+00:00,23.13,1019.05,72.63,0,normal
2026-07-12T08:21:00+00:00,23.17,1019.0,72.53,0,normal
2026-07-12T08:22:00+00:00,23.3,1018.99,72.6,0,normal
2026-07-12T08:23:00+00:00,23.27,1018.99,72.4,0,normal
2026-07-12T08:24:00+00:00,23.22,1018.95,72.21,0,normal
2026-07-12T08:25:00+00:00,23.32,1018.97,71.71,0,normal
2026-07-12T08:26:00+00:00,23.47,1018.99,71.91,0,normal
2026-07-12T08:27:00+00:00,23.46,1018.9,71.61,0,normal
2026-07-12T08:28:00+00:00,23.61,1018.81,71.3,0,normal
2026-07-12T08:29:00+00:00,23.57,1018.73,71.39,0,normal
2026-07-12T08:30:00+00:00,23.63,1018.74,71.24,0,normal
2026-07-12T08:31:00+00:00,23.66,1018.83,70.93,0,normal
2026-07-12T08:32:00+00:00,23.75,1018.86,70.9,0,normal
2026-07-12T08:33:00+00:00,23.77,1018.86,70.69,0,normal
2026-07-12T08:34:00+00:00,23.64,1018.89,70.43,0,normal
2026-07-12T08:35:00+00:00,23.56,1018.85,70.48,0,normal
2026-07-12T08:36:00+00:00,23.54,1018.8,70.67,0,normal
2026-07-12T08:37:00+00:00,23.53,1018.75,70.72,0,normal
2026-07-12T08:38:00+00:00,23.55,1018.74,70.78,0,normal
2026-07-12T08:39:00+00:00,23.56,1018.77,70.46,0,normal
2026-07-12T08:40:00+00:00,23.68,1018.71,70.11,0,normal
2026-07-12T08:41:00+00:00,23.64,1018.68,69.95,0,normal
2026-07-12T08:42:00+00:00,23.58,1018.72,69.76,0,normal
2026-07-12T08:43:00+00:00,23.42,1018.68,70.17,0,normal
2026-07-12T08:44:00+00:00,23.37,1018.63,70.06,0,normal
2026-07-12T08:45:00+00:00,23.53,1018.6,69.82,0,normal
2026-07-12T08:46:00+00:00,23.59,1018.6,69.9,0,normal
2026-07-12T08:47:00+00:00,23.54,1018.56,70.09,0,normal
2026-07-12T08:48:00+00:00,23.61,1018.59,70.04,0,normal
2026-07-12T08:49:00+00:00,23.72,1018.59,69.89,0,normal
2026-07-12T08:50:00+00:00,23.81,1018.54,70.15,0,normal
2026-07-12T08:51:00+00:00,23.92,1018.51,70.05,0,normal
2026-07-12T08:52:00+00:00,23.95,1018.49,70.25,0,normal
2026-07-12T08:53:00+00:00,23.93,1018.4,70.13,0,normal
2026-07-12T08:54:00+00:00,24.01,1018.45,70.07,0,normal
2026-07-12T08:55:00+00:00,23.98,1022.76,69.87,1,pressure_spike
2026-07-12T08:56:00+00:00,24.05,1024.77,69.73,1,pressure_spike
2026-07-12T08:57:00+00:00,24.0,1022.15,69.52,1,pressure_spike
2026-07-12T08:58:00+00:00,23.94,1022.76,69.55,1,pressure_spike
2026-07-12T08:59:00+00:00,24.11,1024.22,69.43,1,pressure_spike
2026-07-12T09:00:00+00:00,24.1,1024.77,69.46,1,pressure_spike
2026-07-12T09:01:00+00:00,24.1,1018.28,68.98,0,normal
2026-07-12T09:02:00+00:00,24.08,1018.18,68.85,0,normal
2026-07-12T09:03:00+00:00,24.07,1018.05,68.83,0,normal
2026-07-12T09:04:00+00:00,24.15,1018.04,68.47,0,normal
2026-07-12T09:05:00+00:00,24.28,1018.14,68.51,0,normal
2026-07-12T09:06:00+00:00,24.28,1018.12,68.55,0,normal
2026-07-12T09:07:00+00:00,24.31,1018.13,68.58,0,normal
2026-07-12T09:08:00+00:00,24.27,1018.09,68.46,0,normal
2026-07-12T09:09:00+00:00,24.34,1018.01,68.36,0,normal
2026-07-12T09:10:00+00:00,24.36,1017.98,68.58,0,normal
2026-07-12T09:11:00+00:00,24.49,1018.0,68.86,0,normal
2026-07-12T09:12:00+00:00,24.58,1018.01,68.67,0,normal
2026-07-12T09:13:00+00:00,24.57,1018.02,68.51,0,normal
2026-07-12T09:14:00+00:00,24.47,1018.0,68.63,0,normal
2026-07-12T09:15:00+00:00,24.29,1018.07,68.65,0,normal
2026-07-12T09:16:00+00:00,24.31,1018.07,68.74,0,normal
2026-07-12T09:17:00+00:00,24.35,1018.11,68.8,0,normal
2026-07-12T09:18:00+00:00,24.4,1018.04,68.66,0,normal
2026-07-12T09:19:00+00:00,24.27,1018.06,68.46,0,normal
2026-07-12T09:20:00+00:00,24.27,1018.08,68.1,0,normal
2026-07-12T09:21:00+00:00,24.32,1018.05,67.96,0,normal
2026-07-12T09:22:00+00:00,24.39,1018.13,67.95,0,normal
2026-07-12T09:23:00+00:00,24.54,1018.18,68.01,0,normal
2026-07-12T09:24:00+00:00,24.43,1018.15,67.68,0,normal
2026-07-12T09:25:00+00:00,24.7,1018.08,67.29,0,normal
2026-07-12T09:26:00+00:00,24.51,1018.01,67.24,0,normal
2026-07-12T09:27:00+00:00,24.64,1017.94,67.39,0,normal
2026-07-12T09:28:00+00:00,24.67,1017.91,67.33,0,normal
2026-07-12T09:29:00+00:00,24.82,1017.9,67.02,0,normal
2026-07-12T09:30:00+00:00,24.89,1017.91,66.9,0,normal
2026-07-12T09:31:00+00:00,25.0,1017.78,66.89,0,normal
2026-07-12T09:32:00+00:00,25.09,1017.7,66.5,0,normal
2026-07-12T09:33:00+00:00,25.19,1017.76,66.71,0,normal
2026-07-12T09:34:00+00:00,25.15,1017.76,66.69,0,normal
2026-07-12T09:35:00+00:00,25.04,1017.76,66.63,0,normal
2026-07-12T09:36:00+00:00,25.12,1017.72,66.79,0,normal
2026-07-12T09:37:00+00:00,25.16,1017.8,66.84,0,normal
2026-07-12T09:38:00+00:00,25.2,1017.73,66.46,0,normal
2026-07-12T09:39:00+00:00,25.36,1017.76,66.31,0,normal
2026-07-12T09:40:00+00:00,25.34,1017.76,65.95,0,normal
2026-07-12T09:41:00+00:00,25.32,1017.78,66.02,0,normal
2026-07-12T09:42:00+00:00,25.32,1017.84,66.15,0,normal
2026-07-12T09:43:00+00:00,25.28,1017.76,66.17,0,normal
2026-07-12T09:44:00+00:00,25.27,1017.71,66.11,0,normal
2026-07-12T09:45:00+00:00,25.36,1017.74,66.02,0,normal
2026-07-12T09:46:00+00:00,25.2,1017.77,65.75,0,normal
2026-07-12T09:47:00+00:00,25.26,1017.75,66.11,0,normal
2026-07-12T09:48:00+00:00,25.46,1017.7,65.72,0,normal
2026-07-12T09:49:00+00:00,25.38,1017.7,65.52,0,normal
2026-07-12T09:50:00+00:00,25.33,1017.66,65.51,0,normal
2026-07-12T09:51:00+00:00,25.35,1017.62,65.34,0,normal
2026-07-12T09:52:00+00:00,25.38,1017.61,65.3,0,normal
2026-07-12T09:53:00+00:00,25.28,1017.61,65.13,0,normal
2026-07-12T09:54:00+00:00,25.24,1017.57,65.27,0,normal
2026-07-12T09:55:00+00:00,25.35,1017.56,64.99,0,normal
2026-07-12T09:56:00+00:00,25.28,1017.5,64.9,0,normal
2026-07-12T09:57:00+00:00,25.33,1017.46,64.98,0,normal
2026-07-12T09:58:00+00:00,25.4,1017.31,64.9,0,normal
2026-07-12T09:59:00+00:00,25.5,1017.32,64.91,0,normal
2026-07-12T10:00:00+00:00,25.52,1017.31,64.79,0,normal
2026-07-12T10:01:00+00:00,25.57,1017.27,64.91,0,normal
2026-07-12T10:02:00+00:00,25.73,1017.24,64.56,0,normal
2026-07-12T10:03:00+00:00,25.65,1017.26,64.57,0,normal
2026-07-12T10:04:00+00:00,25.72,1017.28,64.35,0,normal
2026-07-12T10:05:00+00:00,25.59,1017.25,64.58,0,normal
2026-07-12T10:06:00+00:00,25.65,1017.26,64.65,0,normal
2026-07-12T10:07:00+00:00,25.63,1017.26,64.63,0,normal
2026-07-12T10:08:00+00:00,25.6,1017.27,64.76,0,normal
2026-07-12T10:09:00+00:00,25.61,1017.18,64.66,0,normal
2026-07-12T10:10:00+00:00,25.6,1017.18,64.35,0,normal
2026-07-12T10:11:00+00:00,25.65,1017.23,64.22,0,normal
2026-07-12T10:12:00+00:00,25.57,1017.24,64.1,0,normal
2026-07-12T10:13:00+00:00,25.64,1017.28,63.88,0,normal
2026-07-12T10:14:00+00:00,25.66,1017.21,63.8,0,normal
2026-07-12T10:15:00+00:00,25.73,1017.19,63.84,0,normal
2026-07-12T10:16:00+00:00,25.69,1017.18,63.84,0,normal
2026-07-12T10:17:00+00:00,25.7,1017.1,63.38,0,normal
2026-07-12T10:18:00+00:00,25.76,1017.18,63.15,0,normal
2026-07-12T10:19:00+00:00,25.85,1017.05,63.13,0,normal
2026-07-12T10:20:00+00:00,25.81,1017.02,63.04,0,normal
2026-07-12T10:21:00+00:00,25.73,1017.17,62.82,0,normal
2026-07-12T10:22:00+00:00,25.83,1017.23,62.79,0,normal
2026-07-12T10:23:00+00:00,25.78,1017.22,62.32,0,normal
2026-07-12T10:24:00+00:00,25.81,1017.29,61.97,0,normal
2026-07-12T10:25:00+00:00,25.8,1017.36,61.87,0,normal
2026-07-12T10:26:00+00:00,25.79,1017.35,61.71,0,normal
2026-07-12T10:27:00+00:00,25.63,1017.25,62.07,0,normal
2026-07-12T10:28:00+00:00,25.72,1017.31,61.78,0,normal
2026-07-12T10:29:00+00:00,25.78,1017.27,61.6,0,normal
2026-07-12T10:30:00+00:00,25.86,1017.19,61.78,0,normal
2026-07-12T10:31:00+00:00,25.96,1017.16,61.73,0,normal
2026-07-12T10:32:00+00:00,25.99,1017.05,61.46,0,normal
2026-07-12T10:33:00+00:00,26.03,1017.02,61.52,0,normal
2026-07-12T10:34:00+00:00,26.13,1016.98,61.25,0,normal
2026-07-12T10:35:00+00:00,26.24,1016.98,61.06,0,normal
2026-07-12T10:36:00+00:00,26.2,1016.93,61.08,0,normal
2026-07-12T10:37:00+00:00,26.39,1016.91,60.85,0,normal
2026-07-12T10:38:00+00:00,26.6,1016.88,60.63,0,normal
2026-07-12T10:39:00+00:00,26.6,1016.84,60.84,0,normal
2026-07-12T10:40:00+00:00,26.5,1016.86,60.77,0,normal
2026-07-12T10:41:00+00:00,26.5,1016.83,60.66,0,normal
2026-07-12T10:42:00+00:00,26.54,1016.8,60.58,0,normal
2026-07-12T10:43:00+00:00,26.52,1016.9,60.72,0,normal
2026-07-12T10:44:00+00:00,26.6,1016.86,60.81,0,normal
2026-07-12T10:45:00+00:00,26.67,1016.86,60.63,0,normal
2026-07-12T10:46:00+00:00,26.73,1016.93,60.57,0,normal
2026-07-12T10:47:00+00:00,26.74,1016.92,60.5,0,normal
2026-07-12T10:48:00+00:00,26.74,1016.86,60.58,0,normal
2026-07-12T10:49:00+00:00,26.87,1016.96,60.59,0,normal
2026-07-12T10:50:00+00:00,26.91,1016.98,60.32,0,normal
2026-07-12T10:51:00+00:00,26.99,1017.01,60.44,0,normal
2026-07-12T10:52:00+00:00,27.16,1016.96,60.26,0,normal
2026-07-12T10:53:00+00:00,27.16,1016.88,60.28,0,normal
2026-07-12T10:54:00+00:00,27.24,1016.89,60.22,0,normal
2026-07-12T10:55:00+00:00,27.34,1016.9,60.02,0,normal
2026-07-12T10:56:00+00:00,27.12,1016.86,59.94,0,normal
2026-07-12T10:57:00+00:00,27.15,1016.83,59.75,0,normal
2026-07-12T10:58:00+00:00,27.11,1016.76,59.77,0,normal
2026-07-12T10:59:00+00:00,27.23,1016.68,59.67,0,normal
2026-07-12T11:00:00+00:00,27.31,1016.66,59.74,0,normal
2026-07-12T11:01:00+00:00,27.42,1016.67,59.55,0,normal
2026-07-12T11:02:00+00:00,27.55,1016.64,59.42,0,normal
2026-07-12T11:03:00+00:00,27.6,1016.61,59.3,0,normal
2026-07-12T11:04:00+00:00,27.58,1016.59,59.27,0,normal
2026-07-12T11:05:00+00:00,27.44,1016.58,58.84,0,normal
2026-07-12T11:06:00+00:00,27.43,1016.58,58.71,0,normal
2026-07-12T11:07:00+00:00,27.51,1016.59,58.23,0,normal
2026-07-12T11:08:00+00:00,27.62,1016.59,58.08,0,normal
2026-07-12T11:09:00+00:00,27.6,1016.48,58.09,0,normal
2026-07-12T11:10:00+00:00,27.67,1016.43,57.88,0,normal
2026-07-12T11:11:00+00:00,27.7,1016.49,58.07,0,normal
2026-07-12T11:12:00+00:00,27.78,1016.58,58.22,0,normal
2026-07-12T11:13:00+00:00,27.89,1016.57,58.1,0,normal
2026-07-12T11:14:00+00:00,27.98,1016.51,58.13,0,normal
2026-07-12T11:15:00+00:00,27.94,1016.52,58.13,0,normal
2026-07-12T11:16:00+00:00,27.96,1016.5,58.18,0,normal
2026-07-12T11:17:00+00:00,28.02,1016.42,58.11,0,normal
2026-07-12T11:18:00+00:00,27.99,1016.42,57.97,0,normal
2026-07-12T11:19:00+00:00,28.1,1016.41,58.11,0,normal
2026-07-12T11:20:00+00:00,28.03,1016.39,57.92,0,normal
2026-07-12T11:21:00+00:00,28.07,1016.32,57.51,0,normal
2026-07-12T11:22:00+00:00,28.03,1016.35,57.31,0,normal
2026-07-12T11:23:00+00:00,28.06,1016.31,56.92,0,normal
2026-07-12T11:24:00+00:00,28.14,1016.34,56.89,0,normal
2026-07-12T11:25:00+00:00,28.15,1016.32,56.66,0,normal
2026-07-12T11:26:00+00:00,28.26,1016.31,56.72,0,normal
2026-07-12T11:27:00+00:00,28.22,1016.33,56.93,0,normal
2026-07-12T11:28:00+00:00,28.24,1016.34,57.07,0,normal
2026-07-12T11:29:00+00:00,28.3,1016.38,57.09,0,normal
2026-07-12T11:30:00+00:00,28.33,1016.39,57.21,0,normal
2026-07-12T11:31:00+00:00,28.3,1016.4,57.62,0,normal
2026-07-12T11:32:00+00:00,28.34,1016.33,57.48,0,normal
2026-07-12T11:33:00+00:00,28.39,1016.29,57.2,0,normal
2026-07-12T11:34:00+00:00,28.28,1016.27,57.46,0,normal
2026-07-12T11:35:00+00:00,28.25,1016.31,57.32,0,normal
2026-07-12T11:36:00+00:00,28.23,1016.33,56.94,0,normal
2026-07-12T11:37:00+00:00,28.38,1016.34,57.09,0,normal
2026-07-12T11:38:00+00:00,28.36,1016.36,57.2,0,normal
2026-07-12T11:39:00+00:00,28.37,1016.3,56.93,0,normal
2026-07-12T11:40:00+00:00,28.34,1016.31,56.83,0,normal
2026-07-12T11:41:00+00:00,28.31,1016.33,56.67,0,normal
2026-07-12T11:42:00+00:00,28.28,1016.37,56.71,0,normal
2026-07-12T11:43:00+00:00,28.2,1016.29,56.42,0,normal
2026-07-12T11:44:00+00:00,28.22,1016.34,56.66,0,normal
2026-07-12T11:45:00+00:00,28.3,1016.42,56.63,0,normal
2026-07-12T11:46:00+00:00,28.41,1016.38,56.24,0,normal
2026-07-12T11:47:00+00:00,28.4,1016.36,56.7,0,normal
2026-07-12T11:48:00+00:00,28.41,1016.29,56.82,0,normal
2026-07-12T11:49:00+00:00,28.37,1016.29,56.9,0,normal
2026-07-12T11:50:00+00:00,28.31,1016.35,57.03,0,normal
2026-07-12T11:51:00+00:00,28.36,1016.43,56.85,0,normal
2026-07-12T11:52:00+00:00,28.45,1016.42,56.62,0,normal
2026-07-12T11:53:00+00:00,28.42,1016.51,56.74,0,normal
2026-07-12T11:54:00+00:00,28.51,1016.45,56.78,0,normal
2026-07-12T11:55:00+00:00,28.49,1016.52,56.92,0,normal
2026-07-12T11:56:00+00:00,28.58,1016.54,56.79,0,normal
2026-07-12T11:57:00+00:00,28.64,1016.59,56.77,0,normal
2026-07-12T11:58:00+00:00,28.58,1016.63,56.52,0,normal
2026-07-12T11:59:00+00:00,28.6,1016.57,55.9,0,normal
2026-07-12T12:00:00+00:00,45.57,1043.83,98.54,1,multivariate_inconsistency
2026-07-12T12:01:00+00:00,47.18,1043.07,94.85,1,multivariate_inconsistency
2026-07-12T12:02:00+00:00,46.17,1043.32,94.53,1,multivariate_inconsistency
2026-07-12T12:03:00+00:00,47.19,1044.93,95.7,1,multivariate_inconsistency
2026-07-12T12:04:00+00:00,46.28,1043.34,96.52,1,multivariate_inconsistency
2026-07-12T12:05:00+00:00,45.06,1044.67,95.63,1,multivariate_inconsistency
2026-07-12T12:06:00+00:00,46.13,1042.68,96.15,1,multivariate_inconsistency
2026-07-12T12:07:00+00:00,47.41,1045.06,98.94,1,multivariate_inconsistency
2026-07-12T12:08:00+00:00,45.18,1043.33,96.05,1,multivariate_inconsistency
2026-07-12T12:09:00+00:00,46.41,1045.86,98.69,1,multivariate_inconsistency
2026-07-12T12:10:00+00:00,45.05,1046.09,95.38,1,multivariate_inconsistency
2026-07-12T12:11:00+00:00,28.72,1016.4,54.64,0,normal
2026-07-12T12:12:00+00:00,28.78,1016.43,54.61,0,normal
2026-07-12T12:13:00+00:00,28.97,1016.43,54.92,0,normal
2026-07-12T12:14:00+00:00,29.18,1016.33,55.09,0,normal
2026-07-12T12:15:00+00:00,29.22,1016.32,54.89,0,normal
2026-07-12T12:16:00+00:00,29.14,1016.26,55.27,0,normal
2026-07-12T12:17:00+00:00,29.18,1016.18,54.98,0,normal
2026-07-12T12:18:00+00:00,29.02,1016.23,54.92,0,normal
2026-07-12T12:19:00+00:00,29.07,1016.22,55.03,0,normal
2026-07-12T12:20:00+00:00,29.05,1016.22,55.01,0,normal
2026-07-12T12:21:00+00:00,28.96,1016.18,54.87,0,normal
2026-07-12T12:22:00+00:00,29.0,1016.24,54.82,0,normal
2026-07-12T12:23:00+00:00,29.01,1016.24,54.71,0,normal
2026-07-12T12:24:00+00:00,29.02,1016.31,54.6,0,normal
2026-07-12T12:25:00+00:00,29.05,1016.26,54.78,0,normal
2026-07-12T12:26:00+00:00,28.99,1016.25,54.9,0,normal
2026-07-12T12:27:00+00:00,28.94,1016.28,54.4,0,normal
2026-07-12T12:28:00+00:00,28.87,1016.26,54.82,0,normal
2026-07-12T12:29:00+00:00,28.91,1016.26,54.96,0,normal
2026-07-12T12:30:00+00:00,28.84,1016.09,55.21,0,normal
2026-07-12T12:31:00+00:00,28.92,1016.07,55.11,0,normal
2026-07-12T12:32:00+00:00,29.03,1016.06,55.03,0,normal
2026-07-12T12:33:00+00:00,29.21,1016.0,55.03,0,normal
2026-07-12T12:34:00+00:00,29.12,1016.08,54.98,0,normal
2026-07-12T12:35:00+00:00,29.08,1016.0,54.8,0,normal
2026-07-12T12:36:00+00:00,29.11,1016.06,54.48,0,normal
2026-07-12T12:37:00+00:00,29.06,1016.03,54.24,0,normal
2026-07-12T12:38:00+00:00,29.04,1015.99,54.25,0,normal
2026-07-12T12:39:00+00:00,29.02,1015.99,54.23,0,normal
2026-07-12T12:40:00+00:00,28.93,1016.02,54.19,0,normal
2026-07-12T12:41:00+00:00,28.98,1016.02,54.06,0,normal
2026-07-12T12:42:00+00:00,29.01,1016.03,53.75,0,normal
2026-07-12T12:43:00+00:00,29.16,1015.99,53.7,0,normal
2026-07-12T12:44:00+00:00,29.27,1015.98,53.69,0,normal
2026-07-12T12:45:00+00:00,29.11,1015.88,53.62,0,normal
2026-07-12T12:46:00+00:00,29.15,1015.95,53.72,0,normal
2026-07-12T12:47:00+00:00,29.04,1016.02,53.42,0,normal
2026-07-12T12:48:00+00:00,29.14,1016.0,53.91,0,normal
2026-07-12T12:49:00+00:00,29.11,1016.0,53.86,0,normal
2026-07-12T12:50:00+00:00,29.12,1015.95,54.22,0,normal
2026-07-12T12:51:00+00:00,29.09,1015.93,54.1,0,normal
2026-07-12T12:52:00+00:00,29.13,1015.9,54.2,0,normal
2026-07-12T12:53:00+00:00,29.17,1015.91,54.21,0,normal
2026-07-12T12:54:00+00:00,29.12,1015.89,54.1,0,normal
2026-07-12T12:55:00+00:00,29.22,1015.89,53.94,0,normal
2026-07-12T12:56:00+00:00,29.08,1015.87,53.52,0,normal
2026-07-12T12:57:00+00:00,28.99,1015.9,54.11,0,normal
2026-07-12T12:58:00+00:00,29.04,1015.93,53.85,0,normal
2026-07-12T12:59:00+00:00,28.99,1016.04,53.6,0,normal
2026-07-12T13:00:00+00:00,28.87,1016.06,53.43,0,normal
2026-07-12T13:01:00+00:00,28.96,1016.14,53.43,0,normal
2026-07-12T13:02:00+00:00,29.01,1016.17,53.9,0,normal
2026-07-12T13:03:00+00:00,29.23,1016.16,53.99,0,normal
2026-07-12T13:04:00+00:00,29.4,1016.19,53.87,0,normal
2026-07-12T13:05:00+00:00,29.37,1016.19,53.54,0,normal
2026-07-12T13:06:00+00:00,29.46,1016.26,53.37,0,normal
2026-07-12T13:07:00+00:00,29.44,1016.2,53.39,0,normal
2026-07-12T13:08:00+00:00,29.46,1016.13,53.89,0,normal
2026-07-12T13:09:00+00:00,29.33,1016.06,53.97,0,normal
2026-07-12T13:10:00+00:00,29.41,1016.03,53.7,0,normal
2026-07-12T13:11:00+00:00,29.46,1016.06,53.46,0,normal
2026-07-12T13:12:00+00:00,29.56,1016.1,53.63,0,normal
2026-07-12T13:13:00+00:00,29.57,1016.14,53.49,0,normal
2026-07-12T13:14:00+00:00,29.62,1016.16,53.56,0,normal
2026-07-12T13:15:00+00:00,29.67,1016.07,53.34,0,normal
2026-07-12T13:16:00+00:00,29.69,1016.1,53.41,0,normal
2026-07-12T13:17:00+00:00,29.74,1016.08,53.5,0,normal
2026-07-12T13:18:00+00:00,29.68,1016.15,53.67,0,normal
2026-07-12T13:19:00+00:00,29.69,1016.12,53.42,0,normal
2026-07-12T13:20:00+00:00,29.61,1016.08,53.29,0,normal
2026-07-12T13:21:00+00:00,29.57,1016.01,53.1,0,normal
2026-07-12T13:22:00+00:00,29.6,1016.01,52.84,0,normal
2026-07-12T13:23:00+00:00,29.42,1016.08,52.76,0,normal
2026-07-12T13:24:00+00:00,29.47,1016.1,52.79,0,normal
2026-07-12T13:25:00+00:00,29.51,1016.11,52.87,0,normal
2026-07-12T13:26:00+00:00,29.6,1016.19,52.63,0,normal
2026-07-12T13:27:00+00:00,29.64,1016.12,52.46,0,normal
2026-07-12T13:28:00+00:00,29.64,1016.17,52.38,0,normal
2026-07-12T13:29:00+00:00,29.7,1016.16,52.21,0,normal
2026-07-12T13:30:00+00:00,29.65,1016.2,52.09,0,normal
2026-07-12T13:31:00+00:00,29.47,1016.24,51.86,0,normal
2026-07-12T13:32:00+00:00,29.51,1016.19,51.83,0,normal
2026-07-12T13:33:00+00:00,29.3,1016.2,51.63,0,normal
2026-07-12T13:34:00+00:00,29.23,1016.25,51.58,0,normal
2026-07-12T13:35:00+00:00,29.25,1016.22,51.74,0,normal
2026-07-12T13:36:00+00:00,29.25,1016.3,51.96,0,normal
2026-07-12T13:37:00+00:00,29.4,1016.35,51.8,0,normal
2026-07-12T13:38:00+00:00,29.43,1016.35,51.93,0,normal
2026-07-12T13:39:00+00:00,29.45,1016.34,52.22,0,normal
2026-07-12T13:40:00+00:00,29.45,1016.31,52.09,0,normal
2026-07-12T13:41:00+00:00,29.56,1016.33,52.13,0,normal
2026-07-12T13:42:00+00:00,29.6,1016.23,51.86,0,normal
2026-07-12T13:43:00+00:00,29.6,1016.25,51.63,0,normal
2026-07-12T13:44:00+00:00,29.54,1016.25,51.87,0,normal
2026-07-12T13:45:00+00:00,29.39,1016.13,52.17,0,normal
2026-07-12T13:46:00+00:00,29.3,1016.13,51.82,0,normal
2026-07-12T13:47:00+00:00,29.31,1016.14,52.1,0,normal
2026-07-12T13:48:00+00:00,29.4,1016.09,51.66,0,normal
2026-07-12T13:49:00+00:00,29.47,1016.09,51.49,0,normal
2026-07-12T13:50:00+00:00,29.59,1016.02,51.39,0,normal
2026-07-12T13:51:00+00:00,29.66,1015.99,51.63,0,normal
2026-07-12T13:52:00+00:00,29.6,1016.02,51.46,0,normal
2026-07-12T13:53:00+00:00,29.4,1016.02,51.59,0,normal
2026-07-12T13:54:00+00:00,29.35,1016.02,51.46,0,normal
2026-07-12T13:55:00+00:00,29.42,1016.03,51.44,0,normal
2026-07-12T13:56:00+00:00,29.45,1016.03,51.75,0,normal
2026-07-12T13:57:00+00:00,29.4,1016.1,51.97,0,normal
2026-07-12T13:58:00+00:00,29.42,1016.13,52.02,0,normal
2026-07-12T13:59:00+00:00,29.42,1016.06,51.92,0,normal
2026-07-12T14:00:00+00:00,29.58,1016.12,51.88,0,normal
2026-07-12T14:01:00+00:00,29.67,1016.14,51.84,0,normal
2026-07-12T14:02:00+00:00,29.65,1016.19,51.69,0,normal
2026-07-12T14:03:00+00:00,29.64,1016.26,51.61,0,normal
2026-07-12T14:04:00+00:00,29.71,1016.31,51.56,0,normal
2026-07-12T14:05:00+00:00,29.7,1016.27,51.31,0,normal
2026-07-12T14:06:00+00:00,29.76,1016.32,51.09,0,normal
2026-07-12T14:07:00+00:00,29.81,1016.35,51.27,0,normal
2026-07-12T14:08:00+00:00,29.99,1016.4,51.11,0,normal
2026-07-12T14:09:00+00:00,30.05,1016.36,51.54,0,normal
2026-07-12T14:10:00+00:00,29.95,1016.41,51.51,0,normal
2026-07-12T14:11:00+00:00,29.92,1016.4,51.75,0,normal
2026-07-12T14:12:00+00:00,29.98,1016.41,52.06,0,normal
2026-07-12T14:13:00+00:00,29.97,1016.47,51.73,0,normal
2026-07-12T14:14:00+00:00,29.87,1016.52,51.75,0,normal
2026-07-12T14:15:00+00:00,30.05,1016.5,51.84,0,normal
2026-07-12T14:16:00+00:00,30.03,1016.56,51.95,0,normal
2026-07-12T14:17:00+00:00,30.03,1016.54,51.83,0,normal
2026-07-12T14:18:00+00:00,29.94,1016.58,51.22,0,normal
2026-07-12T14:19:00+00:00,29.9,1016.64,51.38,0,normal
2026-07-12T14:20:00+00:00,29.77,1016.68,51.13,0,normal
2026-07-12T14:21:00+00:00,29.76,1016.73,50.92,0,normal
2026-07-12T14:22:00+00:00,29.88,1016.75,51.02,0,normal
2026-07-12T14:23:00+00:00,29.98,1016.8,51.17,0,normal
2026-07-12T14:24:00+00:00,29.93,1016.76,51.1,0,normal
2026-07-12T14:25:00+00:00,29.97,1016.7,51.21,0,normal
2026-07-12T14:26:00+00:00,30.0,1016.71,51.21,0,normal
2026-07-12T14:27:00+00:00,30.01,1016.74,51.34,0,normal
2026-07-12T14:28:00+00:00,30.24,1016.76,51.2,0,normal
2026-07-12T14:29:00+00:00,30.08,1016.71,51.03,0,normal
2026-07-12T14:30:00+00:00,30.13,1016.7,51.11,0,normal
2026-07-12T14:31:00+00:00,30.06,1016.74,51.28,0,normal
2026-07-12T14:32:00+00:00,30.03,1016.78,51.17,0,normal
2026-07-12T14:33:00+00:00,29.93,1016.82,51.25,0,normal
2026-07-12T14:34:00+00:00,29.98,1016.88,51.18,0,normal
2026-07-12T14:35:00+00:00,29.97,1016.88,51.24,0,normal
2026-07-12T14:36:00+00:00,29.96,1016.9,51.09,0,normal
2026-07-12T14:37:00+00:00,29.88,1016.86,51.17,0,normal
2026-07-12T14:38:00+00:00,29.88,1016.85,51.29,0,normal
2026-07-12T14:39:00+00:00,30.0,1016.84,51.06,0,normal
2026-07-12T14:40:00+00:00,30.08,1016.86,51.03,0,normal
2026-07-12T14:41:00+00:00,30.15,1016.86,51.11,0,normal
2026-07-12T14:42:00+00:00,30.16,1017.04,51.08,0,normal
2026-07-12T14:43:00+00:00,30.22,1017.04,51.17,0,normal
2026-07-12T14:44:00+00:00,30.2,1017.08,51.15,0,normal
2026-07-12T14:45:00+00:00,30.22,1017.05,50.99,0,normal
2026-07-12T14:46:00+00:00,30.06,1017.08,50.86,0,normal
2026-07-12T14:47:00+00:00,30.23,1017.07,51.13,0,normal
2026-07-12T14:48:00+00:00,30.31,1017.07,50.98,0,normal
2026-07-12T14:49:00+00:00,26.09,1017.13,51.45,1,temperature_drop
2026-07-12T14:50:00+00:00,26.62,1017.11,51.36,1,temperature_drop
2026-07-12T14:51:00+00:00,26.83,1017.04,51.39,1,temperature_drop
2026-07-12T14:52:00+00:00,26.79,1017.02,51.42,1,temperature_drop
2026-07-12T14:53:00+00:00,30.16,1017.02,51.68,0,normal
2026-07-12T14:54:00+00:00,30.18,1017.03,51.62,0,normal
2026-07-12T14:55:00+00:00,30.01,1017.04,51.56,0,normal
2026-07-12T14:56:00+00:00,30.01,1017.05,51.83,0,normal
2026-07-12T14:57:00+00:00,29.98,1017.02,51.47,0,normal
2026-07-12T14:58:00+00:00,29.94,1016.99,51.2,0,normal
2026-07-12T14:59:00+00:00,29.92,1017.07,51.4,0,normal
2026-07-12T15:00:00+00:00,29.81,1017.09,51.48,0,normal
2026-07-12T15:01:00+00:00,29.86,1017.19,51.24,0,normal
2026-07-12T15:02:00+00:00,29.79,1017.17,51.32,0,normal
2026-07-12T15:03:00+00:00,29.58,1017.17,50.97,0,normal
2026-07-12T15:04:00+00:00,29.59,1017.29,51.17,0,normal
2026-07-12T15:05:00+00:00,29.51,1017.28,51.01,0,normal
2026-07-12T15:06:00+00:00,29.63,1017.19,50.94,0,normal
2026-07-12T15:07:00+00:00,29.58,1017.15,51.3,0,normal
2026-07-12T15:08:00+00:00,29.47,1017.11,51.63,0,normal
2026-07-12T15:09:00+00:00,29.48,1017.12,51.5,0,normal
2026-07-12T15:10:00+00:00,29.5,1017.12,51.36,0,normal
2026-07-12T15:11:00+00:00,29.4,1017.15,51.25,0,normal
2026-07-12T15:12:00+00:00,29.38,1017.2,51.17,0,normal
2026-07-12T15:13:00+00:00,29.4,1017.31,51.27,0,normal
2026-07-12T15:14:00+00:00,29.37,1017.27,51.26,0,normal
2026-07-12T15:15:00+00:00,29.46,1017.26,51.28,0,normal
2026-07-12T15:16:00+00:00,29.42,1017.26,51.04,0,normal
2026-07-12T15:17:00+00:00,29.46,1017.29,51.36,0,normal
2026-07-12T15:18:00+00:00,29.48,1017.27,51.66,0,normal
2026-07-12T15:19:00+00:00,29.51,1017.3,51.65,0,normal
2026-07-12T15:20:00+00:00,29.53,1017.27,51.63,0,normal
2026-07-12T15:21:00+00:00,29.52,1017.31,51.85,0,normal
2026-07-12T15:22:00+00:00,29.6,1017.35,51.49,0,normal
2026-07-12T15:23:00+00:00,29.57,1017.28,51.71,0,normal
2026-07-12T15:24:00+00:00,29.56,1017.29,51.57,0,normal
2026-07-12T15:25:00+00:00,29.66,1017.32,51.56,0,normal
2026-07-12T15:26:00+00:00,29.67,1017.35,51.54,0,normal
2026-07-12T15:27:00+00:00,29.76,1017.43,51.56,0,normal
2026-07-12T15:28:00+00:00,29.69,1017.47,51.46,0,normal
2026-07-12T15:29:00+00:00,29.8,1017.56,51.62,0,normal
2026-07-12T15:30:00+00:00,29.69,1017.55,51.59,0,normal
2026-07-12T15:31:00+00:00,29.62,1017.55,51.65,0,normal
2026-07-12T15:32:00+00:00,29.65,1017.63,51.66,0,normal
2026-07-12T15:33:00+00:00,29.62,1017.57,51.74,0,normal
2026-07-12T15:34:00+00:00,29.58,1017.58,51.64,0,normal
2026-07-12T15:35:00+00:00,29.53,1017.63,51.65,0,normal
2026-07-12T15:36:00+00:00,29.65,1017.58,51.92,0,normal
2026-07-12T15:37:00+00:00,29.61,1017.6,52.02,0,normal
2026-07-12T15:38:00+00:00,29.68,1017.67,52.24,0,normal
2026-07-12T15:39:00+00:00,29.65,1017.77,52.35,0,normal
2026-07-12T15:40:00+00:00,29.41,1017.78,52.27,0,normal
2026-07-12T15:41:00+00:00,29.38,1017.82,52.34,0,normal
2026-07-12T15:42:00+00:00,29.33,1017.91,52.08,0,normal
2026-07-12T15:43:00+00:00,29.23,1017.86,52.19,0,normal
2026-07-12T15:44:00+00:00,29.27,1017.82,52.08,0,normal
2026-07-12T15:45:00+00:00,29.28,1017.78,52.26,0,normal
2026-07-12T15:46:00+00:00,29.41,1017.79,52.34,0,normal
2026-07-12T15:47:00+00:00,29.42,1017.87,52.74,0,normal
2026-07-12T15:48:00+00:00,29.39,1017.88,52.9,0,normal
2026-07-12T15:49:00+00:00,29.42,1017.85,52.53,0,normal
2026-07-12T15:50:00+00:00,29.37,1017.87,52.45,0,normal
2026-07-12T15:51:00+00:00,29.28,1017.86,52.83,0,normal
2026-07-12T15:52:00+00:00,29.19,1017.86,52.72,0,normal
2026-07-12T15:53:00+00:00,29.36,1017.8,52.57,0,normal
2026-07-12T15:54:00+00:00,29.36,1017.82,52.81,0,normal
2026-07-12T15:55:00+00:00,29.44,1017.8,52.87,0,normal
2026-07-12T15:56:00+00:00,29.42,1017.8,53.08,0,normal
2026-07-12T15:57:00+00:00,29.43,1017.9,53.16,0,normal
2026-07-12T15:58:00+00:00,29.5,1017.78,53.17,0,normal
2026-07-12T15:59:00+00:00,29.52,1017.83,53.48,0,normal
2026-07-12T16:00:00+00:00,29.56,1017.79,53.56,0,normal
2026-07-12T16:01:00+00:00,29.61,1017.78,53.46,0,normal
2026-07-12T16:02:00+00:00,29.65,1017.8,53.67,0,normal
2026-07-12T16:03:00+00:00,29.64,1017.72,53.66,0,normal
2026-07-12T16:04:00+00:00,29.59,1017.78,53.72,0,normal
2026-07-12T16:05:00+00:00,29.49,1017.81,53.81,0,normal
2026-07-12T16:06:00+00:00,29.51,1017.89,53.58,0,normal
2026-07-12T16:07:00+00:00,29.48,1017.8,53.81,0,normal
2026-07-12T16:08:00+00:00,29.48,1017.82,53.78,0,normal
2026-07-12T16:09:00+00:00,29.5,1017.9,53.71,0,normal
2026-07-12T16:10:00+00:00,29.52,1017.95,53.27,0,normal
2026-07-12T16:11:00+00:00,29.44,1017.99,53.54,0,normal
2026-07-12T16:12:00+00:00,29.53,1017.95,53.75,0,normal
2026-07-12T16:13:00+00:00,29.6,1018.0,53.35,0,normal
2026-07-12T16:14:00+00:00,29.53,1018.02,53.32,0,normal
2026-07-12T16:15:00+00:00,29.33,1018.03,53.17,0,normal
2026-07-12T16:16:00+00:00,29.37,1018.08,53.31,0,normal
2026-07-12T16:17:00+00:00,29.32,1018.1,53.33,0,normal
2026-07-12T16:18:00+00:00,29.38,1018.09,53.21,0,normal
2026-07-12T16:19:00+00:00,29.44,1018.15,53.35,0,normal
2026-07-12T16:20:00+00:00,29.55,1018.27,53.64,0,normal
2026-07-12T16:21:00+00:00,29.46,1018.33,53.69,0,normal
2026-07-12T16:22:00+00:00,29.39,1018.3,53.77,0,normal
2026-07-12T16:23:00+00:00,29.43,1018.38,53.93,0,normal
2026-07-12T16:24:00+00:00,29.45,1018.38,53.99,0,normal
2026-07-12T16:25:00+00:00,29.31,1018.42,54.1,0,normal
2026-07-12T16:26:00+00:00,29.44,1018.42,54.35,0,normal
2026-07-12T16:27:00+00:00,29.38,1018.52,54.65,0,normal
2026-07-12T16:28:00+00:00,29.44,1018.52,54.6,0,normal
2026-07-12T16:29:00+00:00,29.38,1018.48,54.7,0,normal
2026-07-12T16:30:00+00:00,29.34,1018.51,54.73,0,normal
2026-07-12T16:31:00+00:00,29.23,1018.56,54.75,0,normal
2026-07-12T16:32:00+00:00,29.27,1018.51,54.59,0,normal
2026-07-12T16:33:00+00:00,29.22,1018.53,54.58,0,normal
2026-07-12T16:34:00+00:00,29.31,1018.59,54.45,0,normal
2026-07-12T16:35:00+00:00,29.51,1018.59,54.73,0,normal
2026-07-12T16:36:00+00:00,29.45,1018.62,54.94,0,normal
2026-07-12T16:37:00+00:00,29.3,1018.71,54.79,0,normal
2026-07-12T16:38:00+00:00,29.24,1018.68,54.69,0,normal
2026-07-12T16:39:00+00:00,29.17,1018.62,54.86,0,normal
2026-07-12T16:40:00+00:00,29.16,1018.62,55.08,0,normal
2026-07-12T16:41:00+00:00,29.27,1018.55,55.42,0,normal
2026-07-12T16:42:00+00:00,29.24,1018.49,55.49,0,normal
2026-07-12T16:43:00+00:00,29.2,1018.55,55.52,0,normal
2026-07-12T16:44:00+00:00,29.2,1018.53,55.31,0,normal
2026-07-12T16:45:00+00:00,29.23,1018.52,55.4,0,normal
2026-07-12T16:46:00+00:00,29.31,1018.52,55.54,0,normal
2026-07-12T16:47:00+00:00,29.27,1018.52,55.24,0,normal
2026-07-12T16:48:00+00:00,29.23,1018.52,55.08,0,normal
2026-07-12T16:49:00+00:00,29.03,1018.45,55.47,0,normal
2026-07-12T16:50:00+00:00,29.01,1018.4,55.37,0,normal
2026-07-12T16:51:00+00:00,28.98,1018.44,55.34,0,normal
2026-07-12T16:52:00+00:00,29.12,1018.56,55.45,0,normal
2026-07-12T16:53:00+00:00,29.05,1018.6,55.21,0,normal
2026-07-12T16:54:00+00:00,29.1,1018.62,55.01,0,normal
2026-07-12T16:55:00+00:00,29.02,1018.66,54.73,0,normal
2026-07-12T16:56:00+00:00,28.92,1018.64,54.99,0,normal
2026-07-12T16:57:00+00:00,29.03,1018.67,54.42,0,normal
2026-07-12T16:58:00+00:00,28.9,1018.86,54.55,0,normal
2026-07-12T16:59:00+00:00,28.66,1018.98,54.37,0,normal
2026-07-12T17:00:00+00:00,28.69,1018.92,54.91,0,normal
2026-07-12T17:01:00+00:00,28.56,1018.88,55.2,0,normal
2026-07-12T17:02:00+00:00,28.5,1018.91,55.43,0,normal
2026-07-12T17:03:00+00:00,28.5,1018.85,55.33,0,normal
2026-07-12T17:04:00+00:00,28.45,1018.89,55.56,0,normal
2026-07-12T17:05:00+00:00,28.46,1018.92,55.3,0,normal
2026-07-12T17:06:00+00:00,28.47,1018.92,55.47,0,normal
2026-07-12T17:07:00+00:00,28.51,1018.87,55.52,0,normal
2026-07-12T17:08:00+00:00,28.6,1018.89,55.57,0,normal
2026-07-12T17:09:00+00:00,28.48,1018.92,55.36,0,normal
2026-07-12T17:10:00+00:00,28.45,1018.89,55.52,0,normal
2026-07-12T17:11:00+00:00,28.38,1018.88,55.42,0,normal
2026-07-12T17:12:00+00:00,28.34,1018.89,55.44,0,normal
2026-07-12T17:13:00+00:00,28.3,1018.91,55.73,0,normal
2026-07-12T17:14:00+00:00,28.35,1018.84,55.96,0,normal
2026-07-12T17:15:00+00:00,28.44,1018.89,55.55,0,normal
2026-07-12T17:16:00+00:00,28.44,1018.96,55.55,0,normal
2026-07-12T17:17:00+00:00,28.64,1018.85,55.68,0,normal
2026-07-12T17:18:00+00:00,28.67,1018.87,55.8,0,normal
2026-07-12T17:19:00+00:00,28.54,1018.85,56.01,0,normal
2026-07-12T17:20:00+00:00,28.34,1018.9,56.07,0,normal
2026-07-12T17:21:00+00:00,28.36,1018.95,56.9,0,normal
2026-07-12T17:22:00+00:00,28.45,1018.89,57.38,0,normal
2026-07-12T17:23:00+00:00,28.2,1018.87,57.44,0,normal
2026-07-12T17:24:00+00:00,28.15,1018.89,57.44,0,normal
2026-07-12T17:25:00+00:00,28.24,1018.88,57.45,0,normal
2026-07-12T17:26:00+00:00,,,,1,missing_data
2026-07-12T17:27:00+00:00,,,,1,missing_data
2026-07-12T17:28:00+00:00,,,,1,missing_data
2026-07-12T17:29:00+00:00,,,,1,missing_data
2026-07-12T17:30:00+00:00,,,,1,missing_data
2026-07-12T17:31:00+00:00,,,,1,missing_data
2026-07-12T17:32:00+00:00,,,,1,missing_data
2026-07-12T17:33:00+00:00,27.99,1019.08,57.0,0,normal
2026-07-12T17:34:00+00:00,28.0,1019.14,57.22,0,normal
2026-07-12T17:35:00+00:00,28.06,1019.15,57.08,0,normal
2026-07-12T17:36:00+00:00,28.13,1019.27,57.1,0,normal
2026-07-12T17:37:00+00:00,28.1,1019.27,56.9,0,normal
2026-07-12T17:38:00+00:00,28.0,1019.27,56.98,0,normal
2026-07-12T17:39:00+00:00,27.98,1019.26,57.06,0,normal
2026-07-12T17:40:00+00:00,27.89,1019.28,57.23,0,normal
2026-07-12T17:41:00+00:00,27.79,1019.29,57.21,0,normal
2026-07-12T17:42:00+00:00,27.82,1019.27,57.39,0,normal
2026-07-12T17:43:00+00:00,27.82,1019.26,57.55,0,normal
2026-07-12T17:44:00+00:00,27.86,1019.26,57.67,0,normal
2026-07-12T17:45:00+00:00,27.8,1019.16,57.77,0,normal
2026-07-12T17:46:00+00:00,27.68,1019.12,57.68,0,normal
2026-07-12T17:47:00+00:00,27.6,1019.09,57.88,0,normal
2026-07-12T17:48:00+00:00,27.61,1019.09,58.21,0,normal
2026-07-12T17:49:00+00:00,27.83,1019.12,58.47,0,normal
2026-07-12T17:50:00+00:00,27.82,1019.15,58.22,0,normal
2026-07-12T17:51:00+00:00,27.57,1019.04,58.18,0,normal
2026-07-12T17:52:00+00:00,27.66,1019.06,58.2,0,normal
2026-07-12T17:53:00+00:00,27.68,1019.08,58.02,0,normal
2026-07-12T17:54:00+00:00,27.69,1019.12,58.55,0,normal
2026-07-12T17:55:00+00:00,27.65,1019.2,58.55,0,normal
2026-07-12T17:56:00+00:00,27.81,1019.16,58.77,0,normal
2026-07-12T17:57:00+00:00,27.79,1019.24,59.12,0,normal
2026-07-12T17:58:00+00:00,27.67,1019.21,59.62,0,normal
2026-07-12T17:59:00+00:00,27.64,1019.25,59.45,0,normal
2026-07-12T18:00:00+00:00,27.59,1019.2,59.7,0,normal
2026-07-12T18:01:00+00:00,27.61,1019.26,59.53,0,normal
2026-07-12T18:02:00+00:00,27.62,1019.25,59.11,0,normal
2026-07-12T18:03:00+00:00,27.62,1019.31,59.51,0,normal
2026-07-12T18:04:00+00:00,27.58,1019.34,59.69,0,normal
2026-07-12T18:05:00+00:00,27.48,1019.28,59.75,0,normal
2026-07-12T18:06:00+00:00,27.43,1019.27,59.74,0,normal
2026-07-12T18:07:00+00:00,27.41,1019.21,60.11,0,normal
2026-07-12T18:08:00+00:00,27.24,1019.2,60.13,0,normal
2026-07-12T18:09:00+00:00,27.2,1019.15,59.89,0,normal
2026-07-12T18:10:00+00:00,27.19,1019.13,60.05,0,normal
2026-07-12T18:11:00+00:00,27.04,1019.22,60.1,0,normal
2026-07-12T18:12:00+00:00,26.77,1019.22,60.08,0,normal
2026-07-12T18:13:00+00:00,26.67,1019.27,60.35,0,normal
2026-07-12T18:14:00+00:00,26.7,1019.27,60.52,0,normal
2026-07-12T18:15:00+00:00,26.57,1019.26,60.84,0,normal
2026-07-12T18:16:00+00:00,26.65,1019.2,60.93,0,normal
2026-07-12T18:17:00+00:00,26.55,1019.2,60.83,0,normal
2026-07-12T18:18:00+00:00,26.48,1019.21,60.75,0,normal
2026-07-12T18:19:00+00:00,26.41,1019.22,60.53,0,normal
2026-07-12T18:20:00+00:00,26.39,1019.14,60.34,0,normal
2026-07-12T18:21:00+00:00,26.49,1019.11,60.3,0,normal
2026-07-12T18:22:00+00:00,26.55,1019.19,60.46,0,normal
2026-07-12T18:23:00+00:00,26.62,1019.15,60.57,0,normal
2026-07-12T18:24:00+00:00,26.61,1019.16,60.86,0,normal
2026-07-12T18:25:00+00:00,26.48,1019.11,60.86,0,normal
2026-07-12T18:26:00+00:00,26.39,1019.12,61.0,0,normal
2026-07-12T18:27:00+00:00,26.39,1019.09,61.36,0,normal
2026-07-12T18:28:00+00:00,26.4,1019.08,61.45,0,normal
2026-07-12T18:29:00+00:00,26.45,1019.09,61.35,0,normal
2026-07-12T18:30:00+00:00,26.57,1019.1,61.21,0,normal
2026-07-12T18:31:00+00:00,26.41,1019.13,61.57,0,normal
2026-07-12T18:32:00+00:00,26.43,1019.16,61.78,0,normal
2026-07-12T18:33:00+00:00,26.41,1019.06,61.72,0,normal
2026-07-12T18:34:00+00:00,26.46,1019.09,61.77,0,normal
2026-07-12T18:35:00+00:00,26.39,1019.09,61.79,0,normal
2026-07-12T18:36:00+00:00,26.37,1019.09,61.72,0,normal
2026-07-12T18:37:00+00:00,26.41,1019.08,61.92,0,normal
2026-07-12T18:38:00+00:00,26.4,1019.15,62.12,0,normal
2026-07-12T18:39:00+00:00,26.41,1019.16,62.62,0,normal
2026-07-12T18:40:00+00:00,26.38,1019.15,62.71,0,normal
2026-07-12T18:41:00+00:00,26.2,1019.15,62.98,0,normal
2026-07-12T18:42:00+00:00,26.22,1019.21,63.19,0,normal
2026-07-12T18:43:00+00:00,26.24,1019.24,63.32,0,normal
2026-07-12T18:44:00+00:00,26.2,1019.22,62.89,0,normal
2026-07-12T18:45:00+00:00,26.3,1019.19,62.75,0,normal
2026-07-12T18:46:00+00:00,26.25,1019.27,62.85,0,normal
2026-07-12T18:47:00+00:00,26.24,1019.35,63.11,0,normal
2026-07-12T18:48:00+00:00,26.19,1019.24,63.31,0,normal
2026-07-12T18:49:00+00:00,26.11,1019.26,63.37,0,normal
2026-07-12T18:50:00+00:00,26.12,1019.28,63.1,0,normal
2026-07-12T18:51:00+00:00,26.1,1019.26,63.25,0,normal
2026-07-12T18:52:00+00:00,26.12,1019.25,63.2,0,normal
2026-07-12T18:53:00+00:00,26.0,1019.15,63.32,0,normal
2026-07-12T18:54:00+00:00,26.02,1019.12,63.58,0,normal
2026-07-12T18:55:00+00:00,25.98,1019.1,63.38,0,normal
2026-07-12T18:56:00+00:00,25.92,1019.13,63.75,0,normal
2026-07-12T18:57:00+00:00,25.88,1019.16,64.12,0,normal
2026-07-12T18:58:00+00:00,25.78,1019.16,64.23,0,normal
2026-07-12T18:59:00+00:00,25.85,1019.1,64.36,0,normal
2026-07-12T19:00:00+00:00,25.8,1019.1,64.67,0,normal
2026-07-12T19:01:00+00:00,25.9,1019.15,64.53,0,normal
2026-07-12T19:02:00+00:00,25.83,1019.18,64.72,0,normal
2026-07-12T19:03:00+00:00,25.78,1019.11,64.0,0,normal
2026-07-12T19:04:00+00:00,25.63,1019.08,64.04,0,normal
2026-07-12T19:05:00+00:00,25.64,1019.09,64.6,0,normal
2026-07-12T19:06:00+00:00,25.56,1018.98,64.49,0,normal
2026-07-12T19:07:00+00:00,25.67,1018.96,64.79,0,normal
2026-07-12T19:08:00+00:00,25.6,1018.93,64.53,0,normal
2026-07-12T19:09:00+00:00,25.55,1018.91,64.8,0,normal
2026-07-12T19:10:00+00:00,25.57,1019.0,64.86,0,normal
2026-07-12T19:11:00+00:00,25.56,1018.99,64.81,0,normal
2026-07-12T19:12:00+00:00,25.57,1018.96,65.24,0,normal
2026-07-12T19:13:00+00:00,25.47,1018.92,65.07,0,normal
2026-07-12T19:14:00+00:00,25.48,1018.84,65.16,0,normal
2026-07-12T19:15:00+00:00,25.36,1018.78,65.1,0,normal
2026-07-12T19:16:00+00:00,25.39,1018.77,65.18,0,normal
2026-07-12T19:17:00+00:00,25.41,1018.73,64.89,0,normal
2026-07-12T19:18:00+00:00,25.29,1018.71,65.0,0,normal
2026-07-12T19:19:00+00:00,25.32,1018.7,65.32,0,normal
2026-07-12T19:20:00+00:00,25.32,1018.62,64.92,0,normal
2026-07-12T19:21:00+00:00,25.21,1018.62,65.13,0,normal
2026-07-12T19:22:00+00:00,25.18,1018.63,65.52,0,normal
2026-07-12T19:23:00+00:00,25.15,1018.64,65.95,0,normal
2026-07-12T19:24:00+00:00,24.99,1018.72,65.54,0,normal
2026-07-12T19:25:00+00:00,24.9,1018.68,65.33,0,normal
2026-07-12T19:26:00+00:00,24.87,1018.67,65.61,0,normal
2026-07-12T19:27:00+00:00,24.92,1018.67,65.96,0,normal
2026-07-12T19:28:00+00:00,24.95,1018.65,66.1,0,normal
2026-07-12T19:29:00+00:00,24.88,1018.57,66.29,0,normal
2026-07-12T19:30:00+00:00,24.74,1018.56,65.94,0,normal
2026-07-12T19:31:00+00:00,24.73,1018.52,66.18,0,normal
2026-07-12T19:32:00+00:00,24.7,1018.51,66.31,0,normal
2026-07-12T19:33:00+00:00,24.64,1018.47,66.32,0,normal
2026-07-12T19:34:00+00:00,24.61,1018.44,66.53,0,normal
2026-07-12T19:35:00+00:00,24.46,1018.37,67.02,0,normal
2026-07-12T19:36:00+00:00,24.42,1018.32,67.12,0,normal
2026-07-12T19:37:00+00:00,24.47,1018.35,67.06,0,normal
2026-07-12T19:38:00+00:00,24.42,1018.33,67.23,0,normal
2026-07-12T19:39:00+00:00,24.42,1018.29,67.23,0,normal
2026-07-12T19:40:00+00:00,24.39,1018.36,67.3,0,normal
2026-07-12T19:41:00+00:00,24.64,1018.35,67.06,0,normal
2026-07-12T19:42:00+00:00,24.64,1018.4,67.28,0,normal
2026-07-12T19:43:00+00:00,24.63,1018.37,67.34,0,normal
2026-07-12T19:44:00+00:00,24.42,1018.41,67.38,0,normal
2026-07-12T19:45:00+00:00,24.49,1018.38,67.49,0,normal
2026-07-12T19:46:00+00:00,24.57,1018.44,67.78,0,normal
2026-07-12T19:47:00+00:00,24.39,1018.36,68.03,0,normal
2026-07-12T19:48:00+00:00,24.32,1018.36,68.17,0,normal
2026-07-12T19:49:00+00:00,24.32,1018.3,68.47,0,normal
2026-07-12T19:50:00+00:00,24.26,1018.32,68.52,0,normal
2026-07-12T19:51:00+00:00,24.39,1018.39,69.04,0,normal
2026-07-12T19:52:00+00:00,24.5,1018.37,69.0,0,normal
2026-07-12T19:53:00+00:00,24.37,1018.37,69.08,0,normal
2026-07-12T19:54:00+00:00,24.34,1018.32,69.23,0,normal
2026-07-12T19:55:00+00:00,24.28,1018.28,69.34,0,normal
2026-07-12T19:56:00+00:00,24.25,1018.2,69.25,0,normal
2026-07-12T19:57:00+00:00,24.27,1018.19,68.95,0,normal
2026-07-12T19:58:00+00:00,24.29,1018.18,68.83,0,normal
2026-07-12T19:59:00+00:00,24.21,1018.18,68.5,0,normal
2026-07-12T20:00:00+00:00,24.21,1018.23,68.82,0,normal
2026-07-12T20:01:00+00:00,24.27,1018.18,69.15,0,normal
2026-07-12T20:02:00+00:00,24.26,1018.13,69.35,0,normal
2026-07-12T20:03:00+00:00,24.26,1018.2,69.69,0,normal
2026-07-12T20:04:00+00:00,24.17,1018.2,69.85,0,normal
2026-07-12T20:05:00+00:00,24.15,1018.17,70.29,0,normal
2026-07-12T20:06:00+00:00,24.07,1018.24,70.08,0,normal
2026-07-12T20:07:00+00:00,24.0,1018.27,69.95,0,normal
2026-07-12T20:08:00+00:00,23.91,1018.28,69.71,0,normal
2026-07-12T20:09:00+00:00,23.98,1018.33,70.13,0,normal
2026-07-12T20:10:00+00:00,23.97,1018.29,70.15,0,normal
2026-07-12T20:11:00+00:00,23.96,1018.27,70.18,0,normal
2026-07-12T20:12:00+00:00,24.05,1018.24,70.57,0,normal
2026-07-12T20:13:00+00:00,24.02,1018.22,70.76,0,normal
2026-07-12T20:14:00+00:00,24.02,1018.19,70.96,0,normal
2026-07-12T20:15:00+00:00,24.03,1018.25,71.06,0,normal
2026-07-12T20:16:00+00:00,23.93,1018.19,71.61,0,normal
2026-07-12T20:17:00+00:00,23.74,1018.11,71.67,0,normal
2026-07-12T20:18:00+00:00,23.66,1018.13,71.87,0,normal
2026-07-12T20:19:00+00:00,23.58,1018.19,71.71,0,normal
2026-07-12T20:20:00+00:00,23.5,1018.24,71.51,0,normal
2026-07-12T20:21:00+00:00,23.5,1018.29,71.07,0,normal
2026-07-12T20:22:00+00:00,23.45,1018.31,71.12,0,normal
2026-07-12T20:23:00+00:00,23.43,1018.29,71.3,0,normal
2026-07-12T20:24:00+00:00,23.34,1018.29,71.45,0,normal
2026-07-12T20:25:00+00:00,23.22,1018.24,71.27,0,normal
2026-07-12T20:26:00+00:00,23.22,1018.23,71.43,0,normal
2026-07-12T20:27:00+00:00,23.25,1018.2,71.69,0,normal
2026-07-12T20:28:00+00:00,23.22,1018.21,71.54,0,normal
2026-07-12T20:29:00+00:00,23.08,1018.18,71.79,0,normal
2026-07-12T20:30:00+00:00,23.04,1018.18,71.96,0,normal
2026-07-12T20:31:00+00:00,22.86,1018.26,71.81,0,normal
2026-07-12T20:32:00+00:00,22.78,1018.28,71.93,0,normal
2026-07-12T20:33:00+00:00,22.71,1018.21,71.87,0,normal
2026-07-12T20:34:00+00:00,22.64,1018.22,71.89,0,normal
2026-07-12T20:35:00+00:00,22.56,1018.14,71.99,0,normal
2026-07-12T20:36:00+00:00,22.5,1018.09,72.18,0,normal
2026-07-12T20:37:00+00:00,22.46,1018.01,72.16,0,normal
2026-07-12T20:38:00+00:00,22.58,1018.09,72.3,0,normal
2026-07-12T20:39:00+00:00,22.63,1018.01,72.3,0,normal
2026-07-12T20:40:00+00:00,22.66,1017.85,72.59,0,normal
2026-07-12T20:41:00+00:00,22.6,1017.77,72.78,0,normal
2026-07-12T20:42:00+00:00,22.71,1017.74,72.95,0,normal
2026-07-12T20:43:00+00:00,22.73,1017.73,72.86,0,normal
2026-07-12T20:44:00+00:00,22.72,1017.71,72.44,0,normal
2026-07-12T20:45:00+00:00,22.77,1017.61,72.61,0,normal
2026-07-12T20:46:00+00:00,22.87,1017.58,72.54,0,normal
2026-07-12T20:47:00+00:00,22.88,1017.64,72.46,0,normal
2026-07-12T20:48:00+00:00,22.66,1017.67,72.79,0,normal
2026-07-12T20:49:00+00:00,22.67,1017.56,73.06,0,normal
2026-07-12T20:50:00+00:00,22.73,1017.65,73.14,0,normal
2026-07-12T20:51:00+00:00,22.71,1017.51,73.47,0,normal
2026-07-12T20:52:00+00:00,22.76,1017.52,73.83,0,normal
2026-07-12T20:53:00+00:00,22.66,1017.48,73.9,0,normal
2026-07-12T20:54:00+00:00,22.72,1017.52,74.08,0,normal
2026-07-12T20:55:00+00:00,22.7,1017.53,74.12,0,normal
2026-07-12T20:56:00+00:00,22.78,1017.48,74.32,0,normal
2026-07-12T20:57:00+00:00,22.69,1017.5,74.4,0,normal
2026-07-12T20:58:00+00:00,22.82,1017.47,74.69,0,normal
2026-07-12T20:59:00+00:00,22.72,1017.43,74.78,0,normal
2026-07-12T21:00:00+00:00,22.71,1017.37,74.76,0,normal
2026-07-12T21:01:00+00:00,22.67,1017.37,74.85,0,normal
2026-07-12T21:02:00+00:00,22.62,1017.29,75.05,0,normal
2026-07-12T21:03:00+00:00,22.64,1017.32,75.18,0,normal
2026-07-12T21:04:00+00:00,22.55,1017.28,75.3,0,normal
2026-07-12T21:05:00+00:00,22.51,1017.22,75.06,0,normal
2026-07-12T21:06:00+00:00,22.43,1017.19,75.23,0,normal
2026-07-12T21:07:00+00:00,22.36,1017.16,75.36,0,normal
2026-07-12T21:08:00+00:00,22.45,1017.13,75.15,0,normal
2026-07-12T21:09:00+00:00,22.35,1017.21,75.55,0,normal
2026-07-12T21:10:00+00:00,22.39,1017.22,75.8,0,normal
2026-07-12T21:11:00+00:00,22.33,1017.24,76.07,0,normal
2026-07-12T21:12:00+00:00,22.36,1017.19,76.09,0,normal
2026-07-12T21:13:00+00:00,22.26,1017.21,76.24,0,normal
2026-07-12T21:14:00+00:00,22.26,1017.22,76.04,0,normal
2026-07-12T21:15:00+00:00,22.29,1017.17,76.05,0,normal
2026-07-12T21:16:00+00:00,22.18,1017.15,76.14,0,normal
2026-07-12T21:17:00+00:00,22.03,1017.03,76.2,0,normal
2026-07-12T21:18:00+00:00,22.06,1017.05,76.51,0,normal
2026-07-12T21:19:00+00:00,22.01,1017.01,76.58,0,normal
2026-07-12T21:20:00+00:00,22.04,1017.07,76.58,0,normal
2026-07-12T21:21:00+00:00,21.98,1017.05,76.63,0,normal
2026-07-12T21:22:00+00:00,21.9,1017.02,76.57,0,normal
2026-07-12T21:23:00+00:00,21.92,1017.07,76.62,0,normal
2026-07-12T21:24:00+00:00,22.02,1017.03,76.59,0,normal
2026-07-12T21:25:00+00:00,22.03,1016.96,76.83,0,normal
2026-07-12T21:26:00+00:00,22.01,1016.92,76.84,0,normal
2026-07-12T21:27:00+00:00,21.9,1016.95,76.9,0,normal
2026-07-12T21:28:00+00:00,21.88,1016.92,76.97,0,normal
2026-07-12T21:29:00+00:00,21.87,1016.92,77.12,0,normal
2026-07-12T21:30:00+00:00,21.81,1016.84,77.11,0,normal
2026-07-12T21:31:00+00:00,21.75,1016.82,76.87,0,normal
2026-07-12T21:32:00+00:00,21.76,1016.82,76.89,0,normal
2026-07-12T21:33:00+00:00,21.65,1016.76,76.76,0,normal
2026-07-12T21:34:00+00:00,21.58,1016.73,77.09,0,normal
2026-07-12T21:35:00+00:00,21.59,1016.77,77.25,0,normal
2026-07-12T21:36:00+00:00,21.48,1016.84,77.31,0,normal
2026-07-12T21:37:00+00:00,21.33,1016.82,77.13,0,normal
2026-07-12T21:38:00+00:00,21.29,1016.77,77.38,0,normal
2026-07-12T21:39:00+00:00,21.35,1016.73,77.43,0,normal
2026-07-12T21:40:00+00:00,21.38,1016.66,77.58,0,normal
2026-07-12T21:41:00+00:00,21.39,1016.6,77.66,0,normal
2026-07-12T21:42:00+00:00,21.36,1016.65,77.55,0,normal
2026-07-12T21:43:00+00:00,21.32,1016.69,77.89,0,normal
2026-07-12T21:44:00+00:00,21.26,1016.66,78.11,0,normal
2026-07-12T21:45:00+00:00,21.27,1016.7,78.47,0,normal
2026-07-12T21:46:00+00:00,21.13,1016.59,78.47,0,normal
2026-07-12T21:47:00+00:00,20.95,1016.64,92.6,1,humidity_spike
2026-07-12T21:48:00+00:00,20.86,1016.53,99.01,1,humidity_spike
2026-07-12T21:49:00+00:00,21.0,1016.58,98.74,1,humidity_spike
2026-07-12T21:50:00+00:00,20.95,1016.66,95.11,1,humidity_spike
2026-07-12T21:51:00+00:00,20.88,1016.68,79.15,0,normal
2026-07-12T21:52:00+00:00,20.88,1016.7,79.46,0,normal
2026-07-12T21:53:00+00:00,20.89,1016.59,79.36,0,normal
2026-07-12T21:54:00+00:00,20.82,1016.55,79.76,0,normal
2026-07-12T21:55:00+00:00,20.96,1016.54,79.95,0,normal
2026-07-12T21:56:00+00:00,20.81,1016.49,79.92,0,normal
2026-07-12T21:57:00+00:00,20.73,1016.49,79.92,0,normal
2026-07-12T21:58:00+00:00,20.56,1016.51,80.24,0,normal
2026-07-12T21:59:00+00:00,20.57,1016.47,80.14,0,normal
2026-07-12T22:00:00+00:00,20.49,1016.49,80.08,0,normal
2026-07-12T22:01:00+00:00,20.64,1016.51,80.24,0,normal
2026-07-12T22:02:00+00:00,20.83,1016.54,80.24,0,normal
2026-07-12T22:03:00+00:00,20.72,1016.48,80.31,0,normal
2026-07-12T22:04:00+00:00,20.63,1016.39,80.45,0,normal
2026-07-12T22:05:00+00:00,20.67,1016.45,80.56,0,normal
2026-07-12T22:06:00+00:00,20.69,1016.32,80.82,0,normal
2026-07-12T22:07:00+00:00,20.58,1016.31,80.89,0,normal
2026-07-12T22:08:00+00:00,20.54,1016.21,80.82,0,normal
2026-07-12T22:09:00+00:00,20.43,1016.15,81.14,0,normal
2026-07-12T22:10:00+00:00,20.38,1016.1,81.35,0,normal
2026-07-12T22:11:00+00:00,20.39,1016.18,81.62,0,normal
2026-07-12T22:12:00+00:00,20.21,1016.19,81.82,0,normal
2026-07-12T22:13:00+00:00,20.33,1016.16,82.09,0,normal
2026-07-12T22:14:00+00:00,20.28,1016.14,81.92,0,normal
2026-07-12T22:15:00+00:00,20.15,1016.16,81.98,0,normal
2026-07-12T22:16:00+00:00,20.03,1016.17,81.49,0,normal
2026-07-12T22:17:00+00:00,19.96,1016.06,81.82,0,normal
2026-07-12T22:18:00+00:00,19.91,1016.04,81.95,0,normal
2026-07-12T22:19:00+00:00,19.97,1016.05,82.18,0,normal
2026-07-12T22:20:00+00:00,19.94,1016.07,82.11,0,normal
2026-07-12T22:21:00+00:00,19.9,1015.96,82.52,0,normal
2026-07-12T22:22:00+00:00,19.81,1016.01,82.68,0,normal
2026-07-12T22:23:00+00:00,19.82,1016.0,82.52,0,normal
2026-07-12T22:24:00+00:00,19.94,1015.96,82.78,0,normal
2026-07-12T22:25:00+00:00,19.88,1015.86,83.23,0,normal
2026-07-12T22:26:00+00:00,19.82,1015.86,82.66,0,normal
2026-07-12T22:27:00+00:00,19.8,1015.87,82.75,0,normal
2026-07-12T22:28:00+00:00,19.78,1015.84,82.99,0,normal
2026-07-12T22:29:00+00:00,19.67,1015.8,83.33,0,normal
2026-07-12T22:30:00+00:00,19.54,1015.78,83.15,0,normal
2026-07-12T22:31:00+00:00,19.56,1015.76,83.02,0,normal
2026-07-12T22:32:00+00:00,19.56,1015.74,82.97,0,normal
2026-07-12T22:33:00+00:00,19.52,1015.69,82.58,0,normal
2026-07-12T22:34:00+00:00,19.59,1015.73,82.33,0,normal
2026-07-12T22:35:00+00:00,19.68,1015.73,82.22,0,normal
2026-07-12T22:36:00+00:00,19.65,1015.67,82.52,0,normal
2026-07-12T22:37:00+00:00,19.56,1015.75,82.86,0,normal
2026-07-12T22:38:00+00:00,19.45,1015.81,83.11,0,normal
2026-07-12T22:39:00+00:00,19.43,1015.82,83.38,0,normal
2026-07-12T22:40:00+00:00,19.36,1015.83,83.37,0,normal
2026-07-12T22:41:00+00:00,19.42,1015.79,83.25,0,normal
2026-07-12T22:42:00+00:00,19.46,1015.74,83.37,0,normal
2026-07-12T22:43:00+00:00,19.48,1015.79,83.37,0,normal
2026-07-12T22:44:00+00:00,19.4,1015.84,83.47,0,normal
2026-07-12T22:45:00+00:00,19.35,1015.82,83.49,0,normal
2026-07-12T22:46:00+00:00,19.32,1015.92,83.38,0,normal
2026-07-12T22:47:00+00:00,19.19,1015.94,83.41,0,normal
2026-07-12T22:48:00+00:00,19.21,1015.93,83.16,0,normal
2026-07-12T22:49:00+00:00,19.3,1015.86,83.66,0,normal
2026-07-12T22:50:00+00:00,19.22,1015.9,84.11,0,normal
2026-07-12T22:51:00+00:00,19.17,1015.85,84.13,0,normal
2026-07-12T22:52:00+00:00,19.29,1015.82,84.32,0,normal
2026-07-12T22:53:00+00:00,19.26,1015.8,84.5,0,normal
2026-07-12T22:54:00+00:00,19.2,1015.85,84.53,0,normal
2026-07-12T22:55:00+00:00,19.27,1015.75,84.74,0,normal
2026-07-12T22:56:00+00:00,19.34,1015.72,85.02,0,normal
2026-07-12T22:57:00+00:00,19.26,1015.71,84.77,0,normal
2026-07-12T22:58:00+00:00,19.25,1015.63,84.83,0,normal
2026-07-12T22:59:00+00:00,19.35,1015.69,84.64,0,normal
2026-07-12T23:00:00+00:00,19.42,1015.72,84.79,0,normal
2026-07-12T23:01:00+00:00,19.5,1015.66,84.76,0,normal
2026-07-12T23:02:00+00:00,19.42,1015.66,84.83,0,normal
2026-07-12T23:03:00+00:00,19.34,1015.59,84.91,0,normal
2026-07-12T23:04:00+00:00,19.24,1015.59,85.24,0,normal
2026-07-12T23:05:00+00:00,19.29,1015.7,85.39,0,normal
2026-07-12T23:06:00+00:00,19.4,1015.67,85.4,0,normal
2026-07-12T23:07:00+00:00,19.38,1015.64,85.44,0,normal
2026-07-12T23:08:00+00:00,19.25,1015.55,85.74,0,normal
2026-07-12T23:09:00+00:00,19.29,1015.6,85.72,0,normal
2026-07-12T23:10:00+00:00,19.22,1015.51,85.99,0,normal
2026-07-12T23:11:00+00:00,19.12,1015.47,86.1,0,normal
2026-07-12T23:12:00+00:00,18.97,1015.48,86.36,0,normal
2026-07-12T23:13:00+00:00,18.97,1015.44,86.39,0,normal
2026-07-12T23:14:00+00:00,19.06,1015.41,86.43,0,normal
2026-07-12T23:15:00+00:00,18.98,1015.24,86.69,0,normal
2026-07-12T23:16:00+00:00,18.96,1015.17,87.14,0,normal
2026-07-12T23:17:00+00:00,18.97,1015.14,87.36,0,normal
2026-07-12T23:18:00+00:00,18.98,1015.14,87.24,0,normal
2026-07-12T23:19:00+00:00,19.01,1015.16,87.13,0,normal
2026-07-12T23:20:00+00:00,18.83,1015.19,87.28,0,normal
2026-07-12T23:21:00+00:00,18.88,1015.17,87.49,0,normal
2026-07-12T23:22:00+00:00,18.8,1015.14,87.29,0,normal
2026-07-12T23:23:00+00:00,18.87,1015.11,87.36,0,normal
2026-07-12T23:24:00+00:00,18.88,1015.08,87.55,0,normal
2026-07-12T23:25:00+00:00,18.99,1015.11,87.22,0,normal
2026-07-12T23:26:00+00:00,18.97,1015.09,87.51,0,normal
2026-07-12T23:27:00+00:00,18.89,1015.02,87.7,0,normal
2026-07-12T23:28:00+00:00,18.86,1014.97,87.66,0,normal
2026-07-12T23:29:00+00:00,18.72,1014.96,87.63,0,normal
2026-07-12T23:30:00+00:00,18.74,1014.94,87.66,0,normal
2026-07-12T23:31:00+00:00,18.68,1014.91,87.46,0,normal
2026-07-12T23:32:00+00:00,18.74,1014.89,87.1,0,normal
2026-07-12T23:33:00+00:00,18.59,1014.93,87.16,0,normal
2026-07-12T23:34:00+00:00,18.56,1014.91,87.32,0,normal
2026-07-12T23:35:00+00:00,18.67,1014.92,87.43,0,normal
2026-07-12T23:36:00+00:00,18.6,1014.82,87.58,0,normal
2026-07-12T23:37:00+00:00,18.62,1014.87,87.97,0,normal
2026-07-12T23:38:00+00:00,18.5,1014.82,88.14,0,normal
2026-07-12T23:39:00+00:00,18.48,1014.88,88.13,0,normal
2026-07-12T23:40:00+00:00,18.62,1014.87,88.48,0,normal
2026-07-12T23:41:00+00:00,18.4,1014.87,88.5,0,normal
2026-07-12T23:42:00+00:00,18.22,1014.86,88.27,0,normal
2026-07-12T23:43:00+00:00,18.17,1014.85,88.28,0,normal
2026-07-12T23:44:00+00:00,18.19,1014.85,88.78,0,normal
2026-07-12T23:45:00+00:00,18.2,1014.83,88.88,0,normal
2026-07-12T23:46:00+00:00,18.19,1014.74,89.02,0,normal
2026-07-12T23:47:00+00:00,18.28,1014.8,89.16,0,normal
2026-07-12T23:48:00+00:00,18.25,1014.8,89.52,0,normal
2026-07-12T23:49:00+00:00,18.21,1014.73,89.94,0,normal
2026-07-12T23:50:00+00:00,18.12,1014.64,89.97,0,normal
2026-07-12T23:51:00+00:00,18.14,1014.65,90.11,0,normal
2026-07-12T23:52:00+00:00,18.12,1014.63,89.96,0,normal
2026-07-12T23:53:00+00:00,18.11,1014.65,90.11,0,normal
2026-07-12T23:54:00+00:00,18.03,1014.58,90.26,0,normal
2026-07-12T23:55:00+00:00,17.98,1014.52,89.85,0,normal
2026-07-12T23:56:00+00:00,18.09,1014.53,89.94,0,normal
2026-07-12T23:57:00+00:00,18.11,1014.54,89.92,0,normal
2026-07-12T23:58:00+00:00,18.09,1014.49,89.55,0,normal
2026-07-12T23:59:00+00:00,18.25,1014.49,89.47,0,normal
2026-07-13T00:00:00+00:00,18.16,1014.53,89.51,0,normal
2026-07-13T00:01:00+00:00,18.08,1014.51,89.59,0,normal
2026-07-13T00:02:00+00:00,18.03,1014.55,90.03,0,normal
2026-07-13T00:03:00+00:00,17.98,1014.53,89.85,0,normal
2026-07-13T00:04:00+00:00,17.96,1014.42,90.07,0,normal
2026-07-13T00:05:00+00:00,17.84,1014.38,90.09,0,normal
2026-07-13T00:06:00+00:00,17.94,1014.34,90.04,0,normal
2026-07-13T00:07:00+00:00,17.95,1014.31,90.02,0,normal
2026-07-13T00:08:00+00:00,17.81,1014.29,90.27,0,normal
2026-07-13T00:09:00+00:00,17.87,1014.27,90.06,0,normal
2026-07-13T00:10:00+00:00,17.84,1014.2,90.03,0,normal
2026-07-13T00:11:00+00:00,17.79,1014.19,90.01,0,normal
2026-07-13T00:12:00+00:00,17.83,1014.15,90.21,0,normal
2026-07-13T00:13:00+00:00,17.91,1014.27,90.28,0,normal
2026-07-13T00:14:00+00:00,18.01,1014.32,90.32,0,normal
2026-07-13T00:15:00+00:00,17.89,1014.37,90.37,0,normal
2026-07-13T00:16:00+00:00,18.02,1014.4,90.58,0,normal
2026-07-13T00:17:00+00:00,17.95,1014.41,90.19,0,normal
2026-07-13T00:18:00+00:00,17.97,1014.47,90.49,0,normal
2026-07-13T00:19:00+00:00,17.92,1014.38,90.38,0,normal
2026-07-13T00:20:00+00:00,17.89,1014.4,89.99,0,normal
2026-07-13T00:21:00+00:00,17.87,1014.34,90.31,0,normal
2026-07-13T00:22:00+00:00,17.66,1014.39,90.3,0,normal
2026-07-13T00:23:00+00:00,17.49,1014.47,90.59,0,normal
2026-07-13T00:24:00+00:00,17.59,1014.47,90.46,0,normal
2026-07-13T00:25:00+00:00,17.58,1014.49,90.37,0,normal
2026-07-13T00:26:00+00:00,17.51,1014.51,90.43,0,normal
2026-07-13T00:27:00+00:00,17.58,1014.58,90.62,0,normal
2026-07-13T00:28:00+00:00,17.48,1014.57,90.71,0,normal
2026-07-13T00:29:00+00:00,17.54,1014.6,90.71,0,normal
2026-07-13T00:30:00+00:00,17.49,1014.63,90.8,0,normal
2026-07-13T00:31:00+00:00,17.51,1014.58,91.23,0,normal
2026-07-13T00:32:00+00:00,17.52,1014.57,91.27,0,normal
2026-07-13T00:33:00+00:00,17.51,1014.49,91.32,0,normal
2026-07-13T00:34:00+00:00,17.38,1014.49,90.99,0,normal
2026-07-13T00:35:00+00:00,17.21,1014.51,90.78,0,normal
2026-07-13T00:36:00+00:00,17.25,1014.51,90.83,0,normal
2026-07-13T00:37:00+00:00,17.2,1014.5,90.72,0,normal
2026-07-13T00:38:00+00:00,17.28,1014.46,90.69,0,normal
2026-07-13T00:39:00+00:00,17.34,1014.43,90.36,0,normal
2026-07-13T00:40:00+00:00,17.26,1014.47,90.43,0,normal
2026-07-13T00:41:00+00:00,17.28,1014.48,90.83,0,normal
2026-07-13T00:42:00+00:00,17.11,1014.47,90.86,0,normal
2026-07-13T00:43:00+00:00,17.12,1014.5,91.05,0,normal
2026-07-13T00:44:00+00:00,17.11,1014.41,91.57,0,normal
2026-07-13T00:45:00+00:00,17.12,1014.41,91.82,0,normal
2026-07-13T00:46:00+00:00,17.09,1014.47,91.74,0,normal
2026-07-13T00:47:00+00:00,17.24,1014.49,91.6,0,normal
2026-07-13T00:48:00+00:00,17.42,1014.51,91.47,0,normal
2026-07-13T00:49:00+00:00,17.29,1014.54,91.75,0,normal
2026-07-13T00:50:00+00:00,17.32,1014.54,92.06,0,normal
2026-07-13T00:51:00+00:00,17.36,1014.5,91.91,0,normal
2026-07-13T00:52:00+00:00,17.4,1014.52,92.12,0,normal
2026-07-13T00:53:00+00:00,17.42,1014.55,92.17,0,normal
2026-07-13T00:54:00+00:00,17.48,1014.57,92.09,0,normal
2026-07-13T00:55:00+00:00,17.45,1014.58,92.1,0,normal
2026-07-13T00:56:00+00:00,17.54,1014.58,91.79,0,normal
2026-07-13T00:57:00+00:00,17.43,1014.56,91.94,0,normal
2026-07-13T00:58:00+00:00,17.35,1014.58,91.78,0,normal
2026-07-13T00:59:00+00:00,17.35,1014.59,91.55,0,normal
2026-07-13T01:00:00+00:00,17.37,1014.66,91.53,0,normal
2026-07-13T01:01:00+00:00,17.37,1014.66,91.56,0,normal
2026-07-13T01:02:00+00:00,17.36,1014.64,91.27,0,normal
2026-07-13T01:03:00+00:00,17.38,1014.57,91.38,0,normal
2026-07-13T01:04:00+00:00,17.42,1014.58,91.23,0,normal
2026-07-13T01:05:00+00:00,17.43,1014.56,91.15,0,normal
2026-07-13T01:06:00+00:00,17.58,1014.51,91.29,0,normal
2026-07-13T01:07:00+00:00,17.68,1014.52,91.2,0,normal
2026-07-13T01:08:00+00:00,17.6,1014.45,91.26,0,normal
2026-07-13T01:09:00+00:00,17.58,1014.43,91.59,0,normal
2026-07-13T01:10:00+00:00,17.56,1014.35,91.91,0,normal
2026-07-13T01:11:00+00:00,17.44,1014.38,92.06,0,normal
2026-07-13T01:12:00+00:00,17.42,1014.44,92.09,0,normal
2026-07-13T01:13:00+00:00,17.37,1014.33,91.75,0,normal
2026-07-13T01:14:00+00:00,20.84,1014.38,92.03,1,temperature_spike
2026-07-13T01:15:00+00:00,21.4,1014.37,91.72,1,temperature_spike
2026-07-13T01:16:00+00:00,21.99,1014.36,91.96,1,temperature_spike
2026-07-13T01:17:00+00:00,17.53,1014.31,91.99,0,normal
2026-07-13T01:18:00+00:00,17.54,1014.41,92.03,0,normal
2026-07-13T01:19:00+00:00,17.5,1014.47,92.0,0,normal
2026-07-13T01:20:00+00:00,17.52,1014.49,91.92,0,normal
2026-07-13T01:21:00+00:00,17.44,1014.49,91.85,0,normal
2026-07-13T01:22:00+00:00,17.3,1014.52,91.99,0,normal
2026-07-13T01:23:00+00:00,17.23,1014.48,92.1,0,normal
2026-07-13T01:24:00+00:00,17.35,1014.53,92.35,0,normal
2026-07-13T01:25:00+00:00,17.31,1014.55,92.32,0,normal
2026-07-13T01:26:00+00:00,17.24,1014.56,92.15,0,normal
2026-07-13T01:27:00+00:00,17.16,1014.53,92.09,0,normal
2026-07-13T01:28:00+00:00,17.15,1014.43,91.92,0,normal
2026-07-13T01:29:00+00:00,17.27,1014.43,92.05,0,normal
2026-07-13T01:30:00+00:00,17.29,1014.43,91.89,0,normal
2026-07-13T01:31:00+00:00,17.23,1014.53,91.81,0,normal
2026-07-13T01:32:00+00:00,17.35,1014.51,91.78,0,normal
2026-07-13T01:33:00+00:00,17.34,1014.5,91.62,0,normal
2026-07-13T01:34:00+00:00,17.32,1014.43,91.73,0,normal
2026-07-13T01:35:00+00:00,17.32,1014.47,91.67,0,normal
2026-07-13T01:36:00+00:00,17.36,1014.5,91.73,0,normal
2026-07-13T01:37:00+00:00,17.49,1014.53,91.68,0,normal
2026-07-13T01:38:00+00:00,17.59,1014.55,92.07,0,normal
2026-07-13T01:39:00+00:00,17.41,1014.54,92.03,0,normal
2026-07-13T01:40:00+00:00,17.23,1014.55,91.98,0,normal
2026-07-13T01:41:00+00:00,17.06,1014.51,92.28,0,normal
2026-07-13T01:42:00+00:00,17.13,1014.48,92.15,0,normal
2026-07-13T01:43:00+00:00,17.19,1014.39,92.28,0,normal
2026-07-13T01:44:00+00:00,17.03,1014.48,92.42,0,normal
2026-07-13T01:45:00+00:00,16.87,1014.47,92.49,0,normal
2026-07-13T01:46:00+00:00,16.72,1014.48,92.59,0,normal
2026-07-13T01:47:00+00:00,16.56,1014.52,92.56,0,normal
2026-07-13T01:48:00+00:00,16.65,1014.52,92.35,0,normal
2026-07-13T01:49:00+00:00,16.58,1014.51,92.32,0,normal
2026-07-13T01:50:00+00:00,16.68,1014.5,92.02,0,normal
2026-07-13T01:51:00+00:00,16.65,1014.44,92.11,0,normal
2026-07-13T01:52:00+00:00,16.71,1014.49,92.07,0,normal
2026-07-13T01:53:00+00:00,16.67,1014.47,92.08,0,normal
2026-07-13T01:54:00+00:00,16.64,1014.56,92.03,0,normal
2026-07-13T01:55:00+00:00,16.65,1014.53,91.91,0,normal
2026-07-13T01:56:00+00:00,16.56,1014.49,92.31,0,normal
2026-07-13T01:57:00+00:00,16.62,1014.49,92.19,0,normal
2026-07-13T01:58:00+00:00,16.74,1014.46,91.87,0,normal
2026-07-13T01:59:00+00:00,16.78,1014.42,91.64,0,normal
2026-07-13T02:00:00+00:00,16.7,1014.46,91.67,0,normal
2026-07-13T02:01:00+00:00,16.64,1014.5,91.55,0,normal
2026-07-13T02:02:00+00:00,16.52,1014.45,91.6,0,normal
2026-07-13T02:03:00+00:00,16.48,1014.47,91.87,0,normal
2026-07-13T02:04:00+00:00,16.45,1014.62,91.96,0,normal
2026-07-13T02:05:00+00:00,16.46,1014.56,91.91,0,normal
2026-07-13T02:06:00+00:00,16.46,1014.61,91.83,0,normal
2026-07-13T02:07:00+00:00,16.52,1014.63,92.06,0,normal
2026-07-13T02:08:00+00:00,16.63,1014.65,92.23,0,normal
2026-07-13T02:09:00+00:00,16.73,1014.69,92.3,0,normal
2026-07-13T02:10:00+00:00,16.78,1014.78,92.33,0,normal
2026-07-13T02:11:00+00:00,16.84,1014.75,92.64,0,normal
2026-07-13T02:12:00+00:00,16.88,1014.74,92.62,0,normal
2026-07-13T02:13:00+00:00,16.87,1014.74,92.65,0,normal
2026-07-13T02:14:00+00:00,16.86,1014.67,93.0,0,normal
2026-07-13T02:15:00+00:00,16.88,1014.7,92.96,0,normal
2026-07-13T02:16:00+00:00,16.96,1014.71,92.88,0,normal
2026-07-13T02:17:00+00:00,16.94,1014.78,92.89,0,normal
2026-07-13T02:18:00+00:00,16.94,1014.77,92.81,0,normal
2026-07-13T02:19:00+00:00,17.03,1014.73,92.92,0,normal
2026-07-13T02:20:00+00:00,17.08,1014.75,92.86,0,normal
2026-07-13T02:21:00+00:00,16.96,1014.8,92.52,0,normal
2026-07-13T02:22:00+00:00,16.97,1014.81,92.67,0,normal
2026-07-13T02:23:00+00:00,16.9,1014.77,92.76,0,normal
2026-07-13T02:24:00+00:00,16.89,1014.68,92.74,0,normal
2026-07-13T02:25:00+00:00,17.04,1014.73,92.48,0,normal
2026-07-13T02:26:00+00:00,17.08,1014.79,92.13,0,normal
2026-07-13T02:27:00+00:00,17.05,1014.87,91.84,0,normal
2026-07-13T02:28:00+00:00,17.02,1014.87,91.78,0,normal
2026-07-13T02:29:00+00:00,17.13,1014.94,91.74,0,normal
2026-07-13T02:30:00+00:00,17.05,1015.01,91.93,0,normal
2026-07-13T02:31:00+00:00,17.04,1015.04,92.07,0,normal
2026-07-13T02:32:00+00:00,16.97,1015.01,92.09,0,normal
2026-07-13T02:33:00+00:00,16.82,1015.0,91.94,0,normal
2026-07-13T02:34:00+00:00,16.85,1014.95,92.04,0,normal
2026-07-13T02:35:00+00:00,16.87,1014.95,92.14,0,normal
2026-07-13T02:36:00+00:00,16.93,1014.95,92.15,0,normal
2026-07-13T02:37:00+00:00,16.88,1014.93,92.47,0,normal
2026-07-13T02:38:00+00:00,16.87,1014.94,92.44,0,normal
2026-07-13T02:39:00+00:00,16.91,1014.92,92.33,0,normal
2026-07-13T02:40:00+00:00,16.99,1014.86,92.36,0,normal
2026-07-13T02:41:00+00:00,16.93,1014.78,92.33,0,normal
2026-07-13T02:42:00+00:00,16.85,1014.73,92.84,0,normal
2026-07-13T02:43:00+00:00,16.9,1014.78,92.79,0,normal
2026-07-13T02:44:00+00:00,16.82,1014.8,92.68,0,normal
2026-07-13T02:45:00+00:00,16.68,1014.91,92.63,0,normal
2026-07-13T02:46:00+00:00,16.63,1014.93,92.33,0,normal
2026-07-13T02:47:00+00:00,16.58,1015.03,92.21,0,normal
2026-07-13T02:48:00+00:00,16.61,1015.04,92.16,0,normal
2026-07-13T02:49:00+00:00,16.59,1015.17,92.0,0,normal
2026-07-13T02:50:00+00:00,16.55,1015.2,91.74,0,normal
2026-07-13T02:51:00+00:00,16.66,1015.19,91.78,0,normal
2026-07-13T02:52:00+00:00,16.71,1015.18,91.96,0,normal
2026-07-13T02:53:00+00:00,16.78,1015.22,91.66,0,normal
2026-07-13T02:54:00+00:00,16.77,1015.22,92.01,0,normal
2026-07-13T02:55:00+00:00,16.68,1015.19,92.22,0,normal
2026-07-13T02:56:00+00:00,16.63,1015.17,92.53,0,normal
2026-07-13T02:57:00+00:00,16.69,1015.22,92.64,0,normal
2026-07-13T02:58:00+00:00,16.72,1015.24,92.77,0,normal
2026-07-13T02:59:00+00:00,16.68,1015.33,92.61,0,normal
2026-07-13T03:00:00+00:00,16.79,1015.36,92.45,0,normal
2026-07-13T03:01:00+00:00,16.85,1015.37,92.06,0,normal
2026-07-13T03:02:00+00:00,16.86,1015.31,92.14,0,normal
2026-07-13T03:03:00+00:00,16.87,1015.36,91.97,0,normal
2026-07-13T03:04:00+00:00,16.79,1015.31,92.36,0,normal
2026-07-13T03:05:00+00:00,17.05,1015.42,92.01,0,normal
2026-07-13T03:06:00+00:00,16.95,1015.37,92.14,0,normal
2026-07-13T03:07:00+00:00,17.14,1015.42,92.15,0,normal
2026-07-13T03:08:00+00:00,17.07,1015.41,92.13,0,normal
2026-07-13T03:09:00+00:00,17.15,1015.39,92.17,0,normal
2026-07-13T03:10:00+00:00,17.18,1015.41,92.06,0,normal
2026-07-13T03:11:00+00:00,17.2,1015.41,91.86,0,normal
2026-07-13T03:12:00+00:00,17.28,1015.49,91.87,0,normal
2026-07-13T03:13:00+00:00,17.28,1015.54,91.88,0,normal
2026-07-13T03:14:00+00:00,17.37,1015.54,91.97,0,normal
2026-07-13T03:15:00+00:00,17.51,1015.61,91.9,0,normal
2026-07-13T03:16:00+00:00,17.59,1015.56,91.82,0,normal
2026-07-13T03:17:00+00:00,17.65,1015.64,91.64,0,normal
2026-07-13T03:18:00+00:00,17.63,1015.64,91.6,0,normal
2026-07-13T03:19:00+00:00,17.53,1015.66,91.32,0,normal
2026-07-13T03:20:00+00:00,17.61,1015.73,91.18,0,normal
2026-07-13T03:21:00+00:00,17.5,1015.72,91.06,0,normal
2026-07-13T03:22:00+00:00,17.48,1015.73,90.88,0,normal
2026-07-13T03:23:00+00:00,17.61,1015.69,91.07,0,normal
2026-07-13T03:24:00+00:00,17.53,1015.7,91.15,0,normal
2026-07-13T03:25:00+00:00,17.54,1015.69,91.04,0,normal
2026-07-13T03:26:00+00:00,17.51,1015.65,91.09,0,normal
2026-07-13T03:27:00+00:00,17.65,1015.68,91.2,0,normal
2026-07-13T03:28:00+00:00,17.73,1015.66,90.82,0,normal
2026-07-13T03:29:00+00:00,17.72,1015.71,91.21,0,normal
2026-07-13T03:30:00+00:00,17.64,1015.76,91.24,0,normal
2026-07-13T03:31:00+00:00,17.6,1015.71,91.09,0,normal
2026-07-13T03:32:00+00:00,17.65,1015.78,90.53,0,normal
2026-07-13T03:33:00+00:00,17.68,1015.75,90.43,0,normal
2026-07-13T03:34:00+00:00,17.71,1015.85,90.29,0,normal
2026-07-13T03:35:00+00:00,17.7,1015.77,90.39,0,normal
2026-07-13T03:36:00+00:00,17.64,1015.85,90.47,0,normal
2026-07-13T03:37:00+00:00,17.62,1015.84,90.54,0,normal
2026-07-13T03:38:00+00:00,17.68,1015.78,90.5,0,normal
2026-07-13T03:39:00+00:00,17.68,1015.8,90.75,0,normal
2026-07-13T03:40:00+00:00,17.56,1015.85,90.8,0,normal
